season,mfl_id,name,pos,team,avg_pick,overall_rank,pos_rank,drafts_in
2019,13604,"Barkley, Saquon",RB,NYG,1.55,1,RB1,4464
2019,13130,"McCaffrey, Christian",RB,CAR,2.75,2,RB2,4512
2019,13132,"Kamara, Alvin",RB,NOS,3.59,3,RB3,4242
2019,12625,"Elliott, Ezekiel",RB,DAL,4.98,4,RB4,4520
2019,11232,"Hopkins, DeAndre",WR,HOU,6.05,5,WR1,4555
2019,11675,"Adams, Davante",WR,GBP,8.84,6,WR2,4443
2019,12171,"Johnson, David",RB,ARI,10.69,7,RB5,4593
2019,12652,"Thomas, Michael",WR,NOS,11.02,8,WR3,4558
2019,11192,"Bell, Le'Veon",RB,NYJ,11.39,9,RB6,4678
2019,10271,"Jones, Julio",WR,ATL,12.58,10,WR4,4630
2019,11679,"Beckham, Odell",WR,CLE,12.7,11,WR5,4511
2019,13146,"Conner, James",RB,PIT,12.79,12,RB7,4194
2019,13156,"Smith-Schuster, JuJu",WR,PIT,14.41,13,WR6,4496
2019,12150,"Gurley, Todd",RB,LAR,14.49,14,RB8,4720
2019,11244,"Kelce, Travis",TE,KCC,15.71,15,TE1,4688
2019,13116,"Mahomes, Patrick",QB,KCC,15.92,16,QB1,4217
2019,13128,"Cook, Dalvin",RB,MIN,16.5,17,RB9,4744
2019,13610,"Chubb, Nick",RB,CLE,17.61,18,RB10,4452
2019,13131,"Mixon, Joe",RB,CIN,17.89,19,RB11,4731
2019,11671,"Evans, Mike",WR,TBB,20.45,20,WR7,4803
2019,12801,"Hill, Tyreek",WR,KCC,21.12,21,WR8,4562
2019,14073,"Jacobs, Josh",RB,OAK,23.54,22,RB12,7534
2019,13129,"Fournette, Leonard",RB,JAC,25.37,23,RB13,4742
2019,11247,"Ertz, Zach",TE,PHI,26.46,24,TE2,4541
2019,11886,"Williams, Damien",RB,KCC,27.64,25,RB14,4790
2019,11938,"Thielen, Adam",WR,MIN,27.69,26,WR9,4683
2019,11222,"Allen, Keenan",WR,LAC,27.92,27,WR10,4895
2019,12186,"Diggs, Stefon",WR,MIN,28.8,28,WR11,4782
2019,12175,"Cooper, Amari",WR,DAL,30.22,29,WR12,4901
2019,13299,"Kittle, George",TE,SFO,30.32,30,TE3,4618
2019,12151,"Gordon, Melvin",RB,LAC,30.83,31,RB15,4507
2019,14071,"Montgomery, David",RB,CHI,31.09,32,RB16,7408
2019,13319,"Jones, Aaron",RB,GBP,32.5,33,RB17,4590
2019,13113,"Watson, Deshaun",QB,HOU,35.42,34,QB2,4478
2019,11674,"Cooks, Brandin",WR,LAR,36.45,35,WR13,4952
2019,11660,"Freeman, Devonta",RB,ATL,37.78,36,RB18,4975
2019,13234,"Mack, Marlon",RB,IND,38.86,37,RB19,4575
2019,10729,"Hilton, T.Y.",WR,IND,39.13,38,WR14,4847
2019,12626,"Henry, Derrick",RB,TEN,39.5,39,RB20,4822
2019,9662,"Edelman, Julian",WR,NEP,43.96,40,WR15,4895
2019,11228,"Woods, Robert",WR,LAR,43.97,41,WR16,4829
2019,7836,"Rodgers, Aaron",QB,GBP,44.81,42,QB3,4776
2019,13607,"Michel, Sony",RB,NEP,45.8,43,RB21,4805
2019,14170,"Bush, Devin",LB,PIT,46.16,44,LB1,1298
2019,13364,"Carson, Chris",RB,SEA,46.75,45,RB22,4895
2019,12187,"Lockett, Tyler",WR,SEA,47.7,46,WR17,4917
2019,13277,"Golladay, Kenny",WR,DET,47.92,47,WR18,4824
2019,10276,"Ingram, Mark",RB,BAL,47.99,48,RB23,4943
2019,13163,"Godwin, Chris",WR,TBB,48.57,49,WR19,4914
2019,14168,"White, Devin",LB,TBB,49.32,50,LB2,1145
2019,13629,"Ridley, Calvin",WR,ATL,51.83,51,WR20,4758
2019,13614,"Lindsay, Phillip",RB,DEN,51.93,52,RB24,4776
2019,14079,"Sanders, Miles",RB,PHI,52.33,53,RB25,7503
2019,13590,"Mayfield, Baker",QB,CLE,52.74,54,QB4,4586
2019,13164,"Kupp, Cooper",WR,LAR,53.51,55,WR21,4920
2019,13188,"Howard, O.J.",TE,TBB,55.45,56,TE4,4939
2019,14147,"Bosa, Nick",DE,SFO,56.69,57,DE1,1068
2019,12650,"Boyd, Tyler",WR,CIN,56.89,58,WR22,4945
2019,11747,"White, James",RB,NEP,57.53,59,RB26,4754
2019,13635,"Moore, D.J.",WR,CAR,58.52,60,WR23,4954
2019,13154,"Williams, Mike",WR,LAC,58.92,61,WR24,4922
2019,13189,"Engram, Evan",TE,NYG,60.46,62,TE5,5001
2019,9099,"Ryan, Matt",QB,ATL,60.63,63,QB5,4882
2019,10261,"Green, A.J.",WR,CIN,61.48,64,WR25,5098
2019,11680,"Landry, Jarvis",WR,CLE,62.08,65,WR26,5075
2019,13605,"Guice, Derrius",RB,WAS,63.71,66,RB27,4748
2019,12676,"Henry, Hunter",TE,LAC,64.01,67,TE6,5035
2019,13290,"Cohen, Tarik",RB,CHI,64.75,68,RB28,4748
2019,14167,"Allen, Josh",DE,JAC,66.2,69,DE2,952
2019,11678,"Robinson, Allen",WR,CHI,67.16,70,WR27,5118
2019,10722,"Jeffery, Alshon",WR,PHI,67.67,71,WR28,5098
2019,12610,"Wentz, Carson",QB,PHI,68.4,72,QB6,4893
2019,14158,"Oliver, Ed",DT,BUF,68.65,73,DT1,969
2019,14184,"Abram, Johnathan",S,OAK,68.88,74,S1,1168
2019,12152,"Coleman, Tevin",RB,SFO,69.57,75,RB29,5144
2019,14056,"Murray, Kyler",QB,ARI,70.14,76,QB7,7497
2019,10703,"Wilson, Russell",QB,SEA,70.59,77,QB8,4976
2019,14151,"Ferrell, Clelin",DE,OAK,70.91,78,DE3,985
2019,13153,"Davis, Corey",WR,TEN,71.87,79,WR29,4814
2019,14058,"Haskins, Dwayne",QB,WAS,72.46,80,QB9,3819
2019,14106,"Butler, Hakeem",WR,ARI,73.6,81,WR30,3156
2019,12930,"Anderson, Robby",WR,NYJ,73.72,82,WR31,5122
2019,14101,"Harry, N'Keal",WR,NEP,74.2,83,WR32,5576
2019,14087,"Henderson, Darrell",RB,LAR,74.96,84,RB30,7319
2019,14157,"Williams, Quinnen",DT,NYJ,75.05,85,DT2,815
2019,14104,"Brown, A.J.",WR,TEN,75.07,86,WR33,4058
2019,14148,"Sweat, Montez",LB,WAS,76.95,87,LB3,777
2019,14210,"Pratt, Germaine",LB,CIN,77.11,88,LB4,711
2019,14112,"Campbell, Parris",WR,IND,77.91,89,WR34,4392
2019,14171,"Burns, Brian",DE,CAR,77.98,90,DE4,722
2019,14197,"Savage, Darnell",S,GBP,78.04,91,S2,788
2019,13404,"Ekeler, Austin",RB,LAC,78.06,92,RB31,5161
2019,12630,"Drake, Kenyan",RB,ARI,78.46,93,RB32,5119
2019,14080,"Singletary, Devin",RB,BUF,78.51,94,RB33,7056
2019,9474,"Cook, Jared",TE,NOS,78.88,95,TE7,5037
2019,14141,"Smith Jr., Irv",TE,MIN,79.53,96,TE8,3453
2019,4925,"Brees, Drew",QB,NOS,79.79,97,QB10,5067
2019,14138,"Hockenson, T.J.",TE,DET,80.47,98,TE9,7072
2019,12658,"Shepard, Sterling",WR,NYG,82.37,99,WR35,5046
2019,14140,"Sternberger, Jace",TE,GBP,82.46,100,TE10,2934
2019,12647,"Fuller, Will",WR,HOU,82.63,101,WR36,5136
2019,10273,"Newton, Cam",QB,CAR,83.22,102,QB11,5008
2019,14057,"Lock, Drew",QB,DEN,83.42,103,QB12,2755
2019,14121,"Isabella, Andy",WR,ARI,84.05,104,WR37,3947
2019,14107,"Arcega-Whiteside, JJ",WR,PHI,84.4,105,WR38,4148
2019,12611,"Goff, Jared",QB,LAR,84.7,106,QB13,4941
2019,10775,"Wagner, Bobby",LB,SEA,84.71,107,LB5,405
2019,12634,"Howard, Jordan",RB,PHI,84.83,108,RB34,4877
2019,14208,"Johnson, Diontae",WR,PIT,85.49,109,WR39,3126
2019,14207,"Thornhill, Juan",S,KCC,85.59,110,S3,755
2019,14102,"Metcalf, DK",WR,SEA,85.82,111,WR40,6983
2019,11670,"Watkins, Sammy",WR,KCC,86.07,112,WR41,5221
2019,14114,"Harmon, Kelvin",WR,WAS,87.66,113,WR42,2426
2019,13608,"Penny, Rashaad",RB,SEA,87.9,114,RB35,4936
2019,14137,"Fant, Noah",TE,DEN,88.18,115,TE11,5293
2019,11695,"Ebron, Eric",TE,IND,88.26,116,TE12,4733
2019,14218,"Okereke, Bobby",LB,IND,88.65,117,LB6,503
2019,14149,"Gary, Rashan",LB,GBP,89.02,118,LB7,593
2019,14059,"Jones, Daniel",QB,NYG,89.88,119,QB14,3703
2019,10708,"Miller, Lamar",RB,HOU,90.02,120,RB36,2628
2019,11721,"Mack, Khalil",LB,CHI,90.08,121,LB8,426
2019,14082,"Love, Bryce",RB,WAS,90.59,122,RB37,2810
2019,14162,"Wilkins, Christian",DT,MIA,90.81,123,DT3,564
2019,11257,"McDonald, Vance",TE,PIT,90.84,124,TE13,5063
2019,13633,"Kirk, Christian",WR,ARI,91.02,125,WR43,4982
2019,13634,"Pettis, Dante",WR,SFO,91.11,126,WR44,5111
2019,14155,"Collier, L.J.",DE,SEA,91.45,127,DE5,736
2019,14105,"Brown, Marquise",WR,BAL,91.69,128,WR45,5054
2019,14185,"Adderley, Nasir",S,LAC,91.82,129,S4,510
2019,13630,"Sutton, Courtland",WR,DEN,91.88,130,WR46,4928
2019,0521,"Bears, Chicago",DEF,CHI,92.04,131,DEF1,3755
2019,14200,"Tavai, Jahlani",LB,DET,92.16,132,LB9,634
2019,13158,"Westbrook, Dede",WR,JAC,92.29,133,WR47,5193
2019,13192,"Njoku, David",TE,CLE,92.53,134,TE14,4928
2019,12157,"Johnson, Duke",RB,HOU,92.71,135,RB38,5206
2019,14136,"Samuel, Deebo",WR,SFO,93.31,136,WR48,5265
2019,14103,"Ridley, Riley",WR,CHI,94.08,137,WR49,2463
2019,10738,"Jones, Marvin",WR,DET,94.12,138,WR50,5130
2019,14113,"Hardman, Mecole",WR,KCC,94.58,139,WR51,5403
2019,14075,"Harris, Damien",RB,NEP,94.83,140,RB39,5632
2019,7393,"Fitzgerald, Larry",WR,ARI,94.84,141,WR52,5065
2019,10773,"Kuechly, Luke",LB,FA,95.04,142,LB10,423
2019,12140,"Winston, Jameis",QB,TBB,95.11,143,QB15,4943
2019,9918,"Sanders, Emmanuel",WR,SFO,95.76,144,WR53,5232
2019,14109,"McLaurin, Terry",WR,WAS,96.31,145,WR54,3333
2019,14086,"Hill, Justice",RB,BAL,96.75,146,RB40,6402
2019,11390,"Murray, Latavius",RB,NOS,96.88,147,RB41,5232
2019,14284,"Thompson, Darwin",RB,KCC,97.05,148,RB42,6483
2019,14088,"Anderson, Rodney",RB,CIN,97.48,149,RB43,2314
2019,10960,"Gordon, Josh",WR,SEA,98.2,150,WR55,5314
2019,7401,"Roethlisberger, Ben",QB,PIT,98.41,151,QB16,5075
2019,14209,"Oliver, Josh",TE,JAC,98.86,152,TE15,2400
2019,14169,"Wilson, Mack",LB,CLE,99.49,153,LB11,497
2019,13697,"Edmunds, Tremaine",LB,BUF,100.22,154,LB12,390
2019,13157,"Samuel, Curtis",WR,CAR,100.26,155,WR56,5128
2019,13138,"Hunt, Kareem",RB,CLE,101.08,156,RB44,5098
2019,14072,"Snell, Benny",RB,PIT,101.26,157,RB45,3264
2019,14116,"Hurd, Jalen",WR,SFO,101.5,158,WR57,3309
2019,12788,"Martinez, Blake",LB,GBP,101.56,159,LB13,409
2019,12677,"Hooper, Austin",TE,ATL,102.04,160,TE16,4858
2019,14223,"Mattison, Alexander",RB,MIN,102.09,161,RB46,6547
2019,13727,"Vander Esch, Leighton",LB,DAL,102.25,162,LB14,402
2019,14195,"Warring, Kahale",TE,HOU,102.45,163,TE17,1927
2019,14125,"Boykin, Miles",WR,BAL,102.59,164,WR58,3998
2019,9448,"McCoy, LeSean",RB,KCC,103.67,165,RB47,5114
2019,13593,"Jackson, Lamar",QB,BAL,104.34,166,QB17,5056
2019,12620,"Prescott, Dak",QB,DAL,104.42,167,QB18,4968
2019,5848,"Brady, Tom",QB,NEP,105.52,168,QB19,5054
2019,14074,"Williams, Dexter",RB,GBP,105.63,169,RB48,2940
2019,12985,"Littleton, Cory",LB,LAR,105.97,170,LB15,402
2019,14085,"Pollard, Tony",RB,DAL,107.83,171,RB49,6436
2019,12702,"Jack, Myles",LB,JAC,108.38,172,LB16,460
2019,12250,"Collins, Landon",S,WAS,108.57,173,S5,429
2019,14120,"Jennings, Gary",WR,MIA,109.01,174,WR59,1850
2019,13617,"Freeman, Royce",RB,DEN,109.07,175,RB50,4993
2019,13230,"Adams, Jamal",S,NYJ,109.54,176,S6,390
2019,14062,"Grier, Will",QB,CAR,109.99,177,QB20,1894
2019,12665,"Allison, Geronimo",WR,GBP,110.25,178,WR60,5185
2019,14093,"Armstead, Ryquell",RB,JAC,110.57,179,RB51,3836
2019,14143,"Knox, Dawson",TE,BUF,111.52,180,TE18,2314
2019,14076,"Williams, Trayveon",RB,CIN,112.56,181,RB52,2058
2019,13793,"Valdes-Scantling, Marquez",WR,GBP,112.76,182,WR61,5133
2019,14176,"Winovich, Chase",DE,NEP,113.43,183,DE6,494
2019,7394,"Rivers, Philip",QB,LAC,114.58,184,QB21,5104
2019,12637,"Barber, Peyton",RB,TBB,115.32,185,RB53,5132
2019,10768,"David, Lavonte",LB,TBB,115.54,186,LB17,405
2019,8416,"Walker, Delanie",TE,TEN,116.07,187,TE19,4951
2019,14192,"Williams, James",RB,FA,116.21,188,RB54,1080
2019,13613,"Samuels, Jaylen",RB,PIT,116.41,189,RB55,5054
2019,13378,"Breida, Matt",RB,SFO,116.6,190,RB56,5060
2019,10700,"Cousins, Kirk",QB,MIN,117.05,191,QB22,4895
2019,10868,"Zuerlein, Greg",PK,LAR,117.61,192,PK1,3596
2019,13631,"Washington, James",WR,PIT,118.43,193,WR62,4891
2019,14198,"Ya-Sin, Rock",CB,IND,118.7,194,CB1,460
2019,14159,"Lawrence, Dexter",DT,NYG,118.73,195,DT4,411
2019,10277,"Houston, Justin",DE,IND,120.13,196,DE7,478
2019,10312,"Rudolph, Kyle",TE,MIN,120.6,197,TE20,4699
2019,14063,"Stidham, Jarrett",QB,NEP,120.71,198,QB23,1569
2019,14123,"Renfrow, Hunter",WR,OAK,120.84,199,WR63,2865
2019,14081,"Gaskin, Myles",RB,MIA,120.97,200,RB57,1761
2019,0528,"Rams, Los Angeles",DEF,LAR,121.64,201,DEF2,3864
2019,14077,"Weber, Mike",RB,FA,122.11,202,RB58,1479
2019,11677,"Moncrief, Donte",WR,FA,122.36,203,WR64,5139
2019,14153,"Allen, Zach",DE,ARI,123.02,204,DE8,406
2019,14314,"Anderson, Bruce",RB,IND,123.3,205,RB59,1923
2019,13115,"Trubisky, Mitchell",QB,CHI,123.61,206,QB24,4657
2019,14096,"Ozigbo, Devine",RB,JAC,123.65,207,RB60,1779
2019,0514,"Chargers, Los Angeles",DEF,LAC,124.97,208,DEF3,3861
2019,14126,"Williams, Preston",WR,MIA,125.12,209,WR65,2634
2019,11760,"Garoppolo, Jimmy",QB,SFO,125.59,210,QB25,4438
2019,11783,"Brown, John",WR,BUF,125.61,211,WR66,5042
2019,13251,"Baker, Budda",S,ARI,126.63,212,S7,417
2019,14115,"Hall, Emanuel",WR,WAS,126.72,213,WR67,885
2019,10976,"Tucker, Justin",PK,BAL,126.76,214,PK2,3713
2019,8658,"Peterson, Adrian",RB,WAS,127.44,215,RB61,5058
2019,13646,"Gallup, Michael",WR,DAL,127.53,216,WR68,4874
2019,13589,"Allen, Josh",QB,BUF,128.72,217,QB26,4353
2019,0509,"Jaguars, Jacksonville",DEF,JAC,128.8,218,DEF4,3949
2019,13621,"Ballage, Kalen",RB,MIA,128.81,219,RB62,4797
2019,14124,"Johnson, KeeSean",WR,ARI,128.98,220,WR69,2428
2019,13606,"Jones, Ronald",RB,TBB,129.76,221,RB63,4472
2019,0531,"Ravens, Baltimore",DEF,BAL,130.3,222,DEF5,3909
2019,13592,"Darnold, Sam",QB,NYJ,130.36,223,QB27,3130
2019,8687,"Olsen, Greg",TE,CAR,130.7,224,TE21,4638
2019,13671,"Andrews, Mark",TE,BAL,130.78,225,TE22,4714
2019,9075,"Jackson, DeSean",WR,PHI,131.36,226,WR70,4946
2019,11705,"Burton, Trey",TE,CHI,131.79,227,TE23,4440
2019,9831,"Tate, Golden",WR,NYG,133.23,228,WR71,4680
2019,13639,"Miller, Anthony",WR,CHI,133.31,229,WR72,4301
2019,14097,"Ollison, Qadree",RB,ATL,133.4,230,RB64,1861
2019,11313,"Mathieu, Tyrann",S,KCC,133.99,231,S8,415
2019,13354,"Butker, Harrison",PK,KCC,134.19,232,PK3,3876
2019,13662,"Coutee, Keke",WR,HOU,134.63,233,WR73,4096
2019,11740,"Clinton-Dix, Ha Ha",S,CHI,135.45,234,S9,408
2019,10389,"Lewis, Dion",RB,TEN,135.48,235,RB65,4892
2019,9431,"Stafford, Matthew",QB,DET,135.79,236,QB28,3305
2019,10699,"Foles, Nick",QB,JAC,136.75,237,QB29,2418
2019,12263,"Waller, Darren",TE,OAK,136.88,238,TE24,4660
2019,14127,"Meyers, Jakobi",WR,NEP,137.49,239,WR74,1442
2019,11711,"Ford, Dee",DE,SFO,137.73,240,DE9,398
2019,11644,"Carr, Derek",QB,OAK,137.98,241,QB30,3455
2019,13765,"Young, Kenny",LB,LAR,138.28,242,LB18,403
2019,0524,"Vikings, Minnesota",DEF,MIN,138.69,243,DEF6,3846
2019,12762,"Vigil, Nick",LB,CIN,138.99,244,LB19,402
2019,14122,"Slayton, Darius",WR,NYG,139.14,245,WR75,1366
2019,14239,"Moreau, Foster",TE,OAK,139.79,246,TE25,885
2019,14068,"Finley, Ryan",QB,CIN,140.59,247,QB31,1091
2019,12956,"Lutz, Wil",PK,NOS,141.35,248,PK4,3922
2019,14191,"Barnes, Alex",RB,FA,141.69,249,RB66,1059
2019,10313,"Dalton, Andy",QB,CIN,141.73,250,QB32,1998
2019,13620,"Jackson, Justin",RB,LAC,141.96,251,RB67,4592
2019,9925,"Graham, Jimmy",TE,GBP,141.99,252,TE26,4501
2019,13622,"Hines, Nyheim",RB,IND,142.58,253,RB68,3855
2019,13768,"Smith, Ito",RB,ATL,142.81,254,RB69,4537
2019,8448,"Bethea, Antoine",S,NYG,142.85,255,S10,420
2019,6997,"Witten, Jason",TE,DAL,143.12,256,TE27,3785
2019,13674,"Goedert, Dallas",TE,PHI,143.78,257,TE28,3268
2019,12391,"Williams, Tyrell",WR,OAK,144.17,258,WR76,4226
2019,14084,"Holyfield, Elijah",RB,PHI,144.24,259,RB70,1074
2019,12141,"Mariota, Marcus",QB,TEN,144.28,260,QB33,1874
2019,14146,"Sample, Drew",TE,CIN,144.29,261,TE29,818
2019,8359,"Gostkowski, Stephen",PK,NEP,147.21,262,PK5,3916
2019,12773,"Moore, Chris",WR,BAL,147.4,263,WR77,2851
2019,11657,"Hyde, Carlos",RB,HOU,147.65,264,RB71,3931
2019,12184,"Crowder, Jamison",WR,NYJ,148.22,265,WR78,4272
2019,11248,"Reed, Jordan",TE,WAS,148.83,266,TE30,4207
2019,12176,"Parker, DeVante",WR,MIA,149.05,267,WR79,4042
2019,0504,"Patriots, New England",DEF,NEP,149.58,268,DEF7,3445
2019,14094,"Scarlett, Jordan",RB,CAR,150.11,269,RB72,1384
2019,13134,"Foreman, D'Onta",RB,FA,150.3,270,RB73,1272
2019,0532,"Texans, Houston",DEF,HOU,151.51,271,DEF8,3472
2019,11761,"McKinnon, Jerick",RB,SFO,151.67,272,RB74,2575
2019,12205,"Funchess, Devin",WR,IND,152.32,273,WR80,3458
2019,10723,"Sanu, Mohamed",WR,NEP,152.49,274,WR81,4274
2019,0507,"Browns, Cleveland",DEF,CLE,152.73,275,DEF9,3648
2019,13679,"Herndon, Chris",TE,NYJ,152.75,276,TE31,2945
2019,8153,"Gould, Robbie",PK,SFO,153.61,277,PK6,3454
2019,0511,"Broncos, Denver",DEF,DEN,153.71,278,DEF10,3443
2019,12860,"Fairbairn, Ka'imi",PK,HOU,153.98,279,PK7,3981
2019,0529,"Saints, New Orleans",DEF,NOS,155.8,280,DEF11,3121
2019,9064,"Flacco, Joe",QB,DEN,156.36,281,QB34,1690
2019,0515,"Seahawks, Seattle",DEF,SEA,157.21,282,DEF12,2558
2019,11516,"Doyle, Jack",TE,IND,157.57,283,TE32,3365
2019,12616,"Brissett, Jacoby",QB,IND,158.69,284,QB35,2412
2019,14098,"Crockett, Damarea",RB,GBP,158.98,285,RB75,1257
2019,13645,"Smith, Tre'Quan",WR,NOS,159.9,286,WR82,3180
2019,14083,"Homer, Travis",RB,SEA,159.9,287,RB76,916
2019,14078,"Higdon, Karan",RB,HOU,160.43,288,RB77,847
2019,14095,"Johnson, Ty",RB,DET,160.56,289,RB78,1143
2019,13148,"Ogunbowale, Dare",RB,TBB,161.43,290,RB79,1068
2019,0510,"Steelers, Pittsburgh",DEF,PIT,161.46,291,DEF13,1897
2019,0512,"Chiefs, Kansas City",DEF,KCC,161.94,292,DEF14,2252
2019,6789,"Bryant, Matt",PK,FA,161.98,293,PK8,1249
2019,11186,"Thompson, Chris",RB,WAS,162.41,294,RB80,3747
2019,0516,"Cowboys, Dallas",DEF,DAL,162.5,295,DEF15,2657
2019,13591,"Rosen, Josh",QB,MIA,163.14,296,QB36,1306
2019,11250,"Eifert, Tyler",TE,CIN,163.16,297,TE33,3109
2019,0501,"Bills, Buffalo",DEF,BUF,164.12,298,DEF16,1813
2019,14118,"Humphrey, Lil'Jordan",WR,NOS,164.44,299,WR83,491
2019,0518,"Eagles, Philadelphia",DEF,PHI,165.94,300,DEF17,2382
2019,11454,"Anderson, C.J.",RB,FA,165.99,301,RB81,3544
2019,11227,"Stills, Kenny",WR,HOU,167.24,302,WR84,3259
2019,8673,"Ginn Jr., Ted",WR,NOS,167.58,303,WR85,3317
2019,13139,"Williams, Jamaal",RB,GBP,167.72,304,RB82,3490
2019,13649,"Hamilton, DaeSean",WR,DEN,168.79,305,WR86,2137
2019,13303,"Elliott, Jake",PK,PHI,168.83,306,PK9,3339
2019,11193,"Bernard, Giovani",RB,CIN,168.88,307,RB83,3658
2019,12437,"Myers, Jason",PK,SEA,169.11,308,PK10,2816
2019,13871,"Hilliard, Dontrell",RB,CLE,170.03,309,RB84,1067
2019,8930,"Prater, Matt",PK,DET,170.38,310,PK11,2685
2019,11339,"Tavecchio, Giorgio",PK,FA,170.79,311,PK12,1419
2019,12785,"Robinson, Demarcus",WR,KCC,170.92,312,WR87,1293
2019,0526,"Falcons, Atlanta",DEF,ATL,171.25,313,DEF18,1105
2019,14145,"Wilson, Caleb",TE,WAS,171.78,314,TE34,416
2019,0508,"Titans, Tennessee",DEF,TEN,172.09,315,DEF19,1128
2019,13241,"Rosas, Aldrick",PK,NYG,173.43,316,PK13,1447
2019,14131,"Morgan, Stanley",WR,CIN,173.52,317,WR88,493
2019,11239,"Goodwin, Marquise",WR,SFO,173.71,318,WR89,3208
2019,0502,"Colts, Indianapolis",DEF,IND,174.0,319,DEF20,906
2019,0505,"Jets, New York",DEF,NYJ,174.35,320,DEF21,1127
2019,8742,"Crosby, Mason",PK,GBP,174.47,321,PK14,2065
2019,13980,"Badgley, Mike",PK,LAC,175.01,322,PK15,2238
2019,13672,"Gesicki, Mike",TE,MIA,175.07,323,TE35,1522
2019,2842,"Vinatieri, Adam",PK,IND,175.15,324,PK16,1418
2019,14139,"Mack, Alize",TE,KCC,175.57,325,TE36,389
2019,11672,"Lee, Marqise",WR,JAC,175.77,326,WR90,2150
2019,13176,"Jones, Zay",WR,OAK,176.17,327,WR91,2188
2019,13726,"Edmonds, Chase",RB,ARI,177.33,328,RB85,2408
2019,12912,"Richard, Jalen",RB,OAK,178.13,329,RB86,2682
2019,7391,"Manning, Eli",QB,NYG,178.59,330,QB37,1332
2019,11890,"Wilson, Albert",WR,MIA,178.79,331,WR92,2215
2019,12386,"Brown, Malcolm",RB,LAR,179.05,332,RB87,2406
2019,12261,"Montgomery, Ty",RB,NYJ,179.14,333,RB88,2303
2019,13678,"Thomas, Ian",TE,CAR,179.14,334,TE37,1288
2019,13909,"Maher, Brett",PK,NYJ,179.69,335,PK17,1848
2019,12164,"Davis, Mike",RB,CAR,179.89,336,RB89,2130
2019,13664,"Quinn, Trey",WR,WAS,181.24,337,WR93,1965
2019,13653,"Foster, Robert",WR,BUF,181.48,338,WR94,1342
2019,11936,"Boswell, Chris",PK,PIT,181.62,339,PK18,645
2019,9686,"Succop, Ryan",PK,TEN,181.8,340,PK19,841
2019,11947,"McManus, Brandon",PK,DEN,182.59,341,PK20,533
2019,12505,"Humphries, Adam",WR,TEN,183.3,342,WR95,2494
2019,13850,"Edwards, Gus",RB,BAL,184.32,343,RB90,2288
2019,9319,"Hauschka, Steven",PK,BUF,184.58,344,PK21,495
2019,14280,"Miller, Scott",WR,TBB,186.7,345,WR96,438
2019,0530,"49ers, San Francisco",DEF,SFO,186.75,346,DEF22,412
2019,10506,"Bailey, Dan",PK,MIN,187.11,347,PK22,515
2019,8062,"Fitzpatrick, Ryan",QB,MIA,188.83,348,QB38,1318
2019,12417,"Lambo, Josh",PK,JAC,188.84,349,PK23,585
2019,0523,"Packers, Green Bay",DEF,GBP,189.41,350,DEF23,496
2019,0520,"Redskins, Washington",DEF,WAS,191.0,351,DEF24,466
2019,0527,"Panthers, Carolina",DEF,CAR,191.3,352,DEF25,532
2019,12153,"Yeldon, T.J.",RB,BUF,191.41,353,RB91,1656
2019,12181,"Agholor, Nelson",WR,PHI,192.88,354,WR97,2042
2019,0522,"Lions, Detroit",DEF,DET,193.0,355,DEF26,463
2019,11850,"Enunwa, Quincy",WR,NYJ,195.25,356,WR98,2000
2019,13763,"Dissly, Will",TE,SEA,195.31,357,TE38,1492
2019,12596,"LaCosse, Matt",TE,NEP,195.48,358,TE39,1128
2019,10973,"Beasley, Cole",WR,BUF,196.66,359,WR99,1971
2019,7877,"Gore, Frank",RB,BUF,199.65,360,RB92,1697
2019,13640,"Callaway, Antonio",WR,FA,199.74,361,WR100,1190
2019,9884,"Thomas, Demaryius",WR,NYJ,200.58,362,WR101,1498
2019,10308,"Cobb, Randall",WR,DAL,201.52,363,WR102,1925
2019,12656,"Higgins, Rashard",WR,CLE,201.92,364,WR103,1393
2019,10870,"Morris, Alfred",RB,FA,202.31,365,RB93,402
2019,13668,"Chark, D.J.",WR,JAC,204.37,366,WR104,1290
2019,13155,"Ross, John",WR,CIN,204.9,367,WR105,1486
2019,11951,"Snead, Willie",WR,BAL,206.4,368,WR106,1529
2019,12110,"Brate, Cameron",TE,TBB,206.4,369,TE40,1438
2019,13236,"Everett, Gerald",TE,LAR,207.51,370,TE41,1223
2019,13240,"Hill, Brian",RB,ATL,208.16,371,RB94,594
2019,9427,"Crabtree, Michael",WR,FA,209.76,372,WR107,536
2019,9902,"Gronkowski, Rob",TE,FA*,210.53,373,TE42,1225
2019,10948,"Keenum, Case",QB,WAS,210.76,374,QB39,1075
2019,11640,"Bridgewater, Teddy",QB,NOS,210.98,375,QB40,699
2019,13348,"Moore, David",WR,SEA,211.7,376,WR108,1235
2019,12648,"Doctson, Josh",WR,FA,211.81,377,WR109,1406
2019,7942,"Sproles, Darren",RB,PHI,215.0,378,RB95,401
2019,7422,"Watson, Ben",TE,FA,216.54,379,TE43,1097
2019,11681,"Richardson, Paul",WR,WAS,217.26,380,WR110,1406
2019,12188,"Dorsett, Phillip",WR,NEP,217.52,381,WR111,1094
2019,11182,"Burkhead, Rex",RB,NEP,218.24,382,RB96,1302
2019,13636,"Cain, Deon",WR,PIT,219.65,383,WR112,886
2019,13144,"McGuire, Elijah",RB,FA,219.84,384,RB97,1029
2019,13680,"Hurst, Hayden",TE,BAL,222.48,385,TE44,888
2019,13193,"Smith, Jonnu",TE,TEN,222.69,386,TE45,839
2019,12154,"Ajayi, Jay",RB,FA,223.48,387,RB98,817
2019,12197,"Perriman, Breshad",WR,TBB,224.71,388,WR113,897
2019,10697,"Tannehill, Ryan",QB,TEN,225.32,389,QB41,746
2019,9308,"Amendola, Danny",WR,DET,225.56,390,WR114,1123
2019,13135,"Gallman, Wayne",RB,NYG,227.24,391,RB99,803
2019,13382,"Seals-Jones, Ricky",TE,CLE,227.28,392,TE46,865
2019,12443,"Kumerow, Jake",WR,GBP,227.3,393,WR115,859
2019,11834,"Blue, Alfred",RB,FA,229.29,394,RB100,941
2019,8247,"Davis, Vernon",TE,WAS,230.52,395,TE47,550
2019,11975,"Gabriel, Taylor",WR,CHI,231.97,396,WR116,1168
2019,13168,"Reynolds, Josh",WR,LAR,232.03,397,WR117,988
2019,12317,"Uzomah, C.J.",TE,CIN,234.91,398,TE48,835
2019,13637,"St. Brown, Equanimeous",WR,GBP,235.11,399,WR118,793
2019,10737,"Benjamin, Travis",WR,LAC,235.81,400,WR119,750
2019,13776,"Watson, Justin",WR,TBB,237.01,401,WR120,671
2019,13412,"Cole, Keelan",WR,JAC,237.4,402,WR121,957
2019,13819,"Thomas, Jordan",TE,HOU,237.84,403,TE49,697
2019,10709,"Martin, Doug",RB,FA,238.63,404,RB101,769
2019,12211,"James, Jesse",TE,DET,239.62,405,TE50,609
2019,12378,"Swaim, Geoff",TE,JAC,242.51,406,TE51,662
2019,12257,"Conley, Chris",WR,JAC,243.96,407,WR122,705
2019,13254,"Shaheen, Adam",TE,CHI,248.49,408,TE52,539
2019,11188,"Riddick, Theo",RB,DEN,249.64,409,RB102,726
2019,13595,"Rudolph, Mason",QB,PIT,253.29,410,QB42,500
2019,13722,"Jarwin, Blake",TE,DAL,253.6,411,TE53,515
2019,13968,"Mullens, Nick",QB,SFO,256.43,412,QB43,488
2019,11199,"Ware, Spencer",RB,KCC,258.43,413,RB103,452
2019,12632,"Dixon, Kenneth",RB,NYJ,260.63,414,RB104,480
2019,13136,"Clement, Corey",RB,PHI,261.13,415,RB105,396
2019,12629,"Booker, Devontae",RB,DEN,264.27,416,RB106,404
2019,13789,"Wilkins, Jordan",RB,IND,281.54,417,RB107,456
2020,13130,"McCaffrey, Christian",RB,CAR,1.3,1,RB1,4283
2020,13604,"Barkley, Saquon",RB,NYG,2.56,2,RB2,4339
2020,12625,"Elliott, Ezekiel",RB,DAL,4.05,3,RB3,4363
2020,12652,"Thomas, Michael",WR,NOS,5.83,4,WR1,4258
2020,13132,"Kamara, Alvin",RB,NOS,6.49,5,RB4,4286
2020,13128,"Cook, Dalvin",RB,MIN,7.63,6,RB5,4434
2020,13116,"Mahomes, Patrick",QB,KCC,10.66,7,QB1,4140
2020,13593,"Jackson, Lamar",QB,BAL,11.19,8,QB2,4049
2020,12626,"Henry, Derrick",RB,TEN,11.37,9,RB6,4337
2020,11675,"Adams, Davante",WR,GBP,12.18,10,WR2,4243
2020,14803,"Edwards-Helaire, Clyde",RB,KCC,12.46,11,RB7,6621
2020,13131,"Mixon, Joe",RB,CIN,14.72,12,RB8,4482
2020,14073,"Jacobs, Josh",RB,LVR,15.97,13,RB9,4423
2020,12801,"Hill, Tyreek",WR,KCC,17.07,14,WR3,4475
2020,11244,"Kelce, Travis",TE,KCC,17.38,15,TE1,4417
2020,13610,"Chubb, Nick",RB,CLE,17.49,16,RB10,4292
2020,11232,"Hopkins, DeAndre",WR,ARI,17.62,17,WR4,4492
2020,14079,"Sanders, Miles",RB,PHI,18.59,18,RB11,4225
2020,13319,"Jones, Aaron",RB,GBP,19.75,19,RB12,4250
2020,13404,"Ekeler, Austin",RB,LAC,20.31,20,RB13,4247
2020,10271,"Jones, Julio",WR,ATL,20.43,21,WR5,4443
2020,13299,"Kittle, George",TE,SFO,20.8,22,TE2,4313
2020,12630,"Drake, Kenyan",RB,ARI,23.67,23,RB14,4243
2020,13163,"Godwin, Chris",WR,TBB,23.74,24,WR6,4294
2020,14802,"Taylor, Jonathan",RB,IND,24.34,25,RB15,6540
2020,11671,"Evans, Mike",WR,TBB,29.39,26,WR7,4520
2020,13277,"Golladay, Kenny",WR,DET,31.51,27,WR8,4369
2020,12175,"Cooper, Amari",WR,DAL,34.14,28,WR9,4498
2020,13113,"Watson, Deshaun",QB,HOU,34.58,29,QB3,4205
2020,13156,"Smith-Schuster, JuJu",WR,PIT,35.04,30,WR10,4456
2020,12150,"Gurley, Todd",RB,ATL,35.27,31,RB16,4440
2020,11679,"Beckham, Odell",WR,CLE,35.73,32,WR11,4522
2020,13635,"Moore, D.J.",WR,CAR,35.77,33,WR12,4428
2020,14799,"Akers, Cam",RB,LAR,36.63,34,RB17,6533
2020,13129,"Fournette, Leonard",RB,TBB,37.01,35,RB18,4347
2020,12620,"Prescott, Dak",QB,DAL,37.67,36,QB4,4225
2020,11678,"Robinson, Allen",WR,CHI,38.51,37,WR13,4474
2020,13164,"Kupp, Cooper",WR,LAR,41.55,38,WR14,4461
2020,13671,"Andrews, Mark",TE,BAL,41.95,39,TE3,4312
2020,10703,"Wilson, Russell",QB,SEA,43.26,40,QB5,4431
2020,14877,"Young, Chase",DE,WAS,44.3,41,DE1,1015
2020,14104,"Brown, A.J.",WR,TEN,44.41,42,WR15,4329
2020,11938,"Thielen, Adam",WR,MIN,45.13,43,WR16,4537
2020,14056,"Murray, Kyler",QB,ARI,45.27,44,QB6,4255
2020,13146,"Conner, James",RB,PIT,45.87,45,RB19,4399
2020,14797,"Swift, D'Andre",RB,DET,45.87,46,RB20,6519
2020,11192,"Bell, Le'Veon",RB,KCC,47.06,47,RB21,4522
2020,11247,"Ertz, Zach",TE,PHI,47.12,48,TE4,4548
2020,13364,"Carson, Chris",RB,SEA,47.39,49,RB22,4529
2020,13629,"Ridley, Calvin",WR,ATL,47.55,50,WR17,4464
2020,14800,"Dobbins, J.K.",RB,BAL,48.66,51,RB23,6543
2020,12151,"Gordon, Melvin",RB,DEN,49.15,52,RB24,4573
2020,12171,"Johnson, David",RB,HOU,50.34,53,RB25,4517
2020,14896,"Queen, Patrick",LB,BAL,51.01,54,LB1,1003
2020,14887,"Simmons, Isaiah",LB,ARI,52.06,55,LB2,958
2020,11228,"Woods, Robert",WR,LAR,53.43,56,WR18,4512
2020,11222,"Allen, Keenan",WR,LAC,53.5,57,WR19,4556
2020,14102,"Metcalf, DK",WR,SEA,54.69,58,WR20,4331
2020,13630,"Sutton, Courtland",WR,DEN,55.31,59,WR21,4414
2020,12187,"Lockett, Tyler",WR,SEA,57.0,60,WR22,4495
2020,12447,"Mostert, Raheem",RB,SFO,57.4,61,RB26,4275
2020,14080,"Singletary, Devin",RB,BUF,57.43,62,RB27,4332
2020,14889,"Murray, Kenneth",LB,LAC,57.72,63,LB3,919
2020,13668,"Chark, D.J.",WR,JAC,58.51,64,WR23,4409
2020,12186,"Diggs, Stefon",WR,BUF,60.19,65,WR24,4576
2020,10276,"Ingram, Mark",RB,FA,60.54,66,RB28,4482
2020,14109,"McLaurin, Terry",WR,WAS,61.42,67,WR25,4412
2020,14832,"Lamb, CeeDee",WR,DAL,63.92,68,WR26,6525
2020,12263,"Waller, Darren",TE,LVR,64.65,69,TE5,4366
2020,13138,"Hunt, Kareem",RB,CLE,66.24,70,RB29,4426
2020,14926,"Gay, Willie",LB,KCC,67.14,71,LB4,779
2020,14908,"McKinney, Xavier",S,NYG,67.33,72,S1,783
2020,14833,"Jeudy, Jerry",WR,DEN,68.65,73,WR27,6552
2020,12176,"Parker, DeVante",WR,MIA,69.06,74,WR28,4324
2020,13589,"Allen, Josh",QB,BUF,69.45,75,QB7,4389
2020,14928,"Wilson, Logan",LB,CIN,70.41,76,LB5,746
2020,14927,"Chinn, Jeremy",S,CAR,70.73,77,S2,883
2020,14071,"Montgomery, David",RB,CHI,70.94,78,RB30,4554
2020,14778,"Tagovailoa, Tua",QB,MIA,71.05,79,QB8,4400
2020,9099,"Ryan, Matt",QB,ATL,72.21,80,QB9,4479
2020,14878,"Gross-Matos, Yetur",DE,CAR,72.59,81,DE2,742
2020,14892,"Brooks, Jordyn",LB,SEA,73.11,82,LB6,712
2020,13189,"Engram, Evan",TE,NYG,73.71,83,TE6,4511
2020,10729,"Hilton, T.Y.",WR,IND,73.87,84,WR29,4619
2020,12650,"Boyd, Tyler",WR,CIN,74.61,85,WR30,4469
2020,10261,"Green, A.J.",WR,CIN,75.39,86,WR31,4464
2020,14909,"Winfield, Antoine",S,TBB,75.84,87,S3,911
2020,11680,"Landry, Jarvis",WR,CLE,75.97,88,WR32,4533
2020,14779,"Herbert, Justin",QB,LAC,76.56,89,QB10,3769
2020,14777,"Burrow, Joe",QB,CIN,76.96,90,QB11,6278
2020,14810,"Vaughn, Ke'Shawn",RB,TBB,77.09,91,RB31,4799
2020,14897,"Brown, Derrick",DT,CAR,77.43,92,DT1,675
2020,13646,"Gallup, Michael",WR,DAL,78.02,93,WR33,4465
2020,14888,"Chaisson, K'Lavon",DE,JAC,78.4,94,DE3,745
2020,14105,"Brown, Marquise",WR,BAL,79.08,95,WR34,4410
2020,4925,"Brees, Drew",QB,NOS,79.32,96,QB12,4536
2020,14899,"Kinlaw, Javon",DT,SFO,79.5,97,DT2,655
2020,14834,"Ruggs, Henry",WR,LVR,79.84,98,WR35,6521
2020,14852,"Gibson, Antonio",RB,WAS,79.95,99,RB32,6430
2020,14782,"Love, Jordan",QB,GBP,79.99,100,QB13,3015
2020,12610,"Wentz, Carson",QB,PHI,80.19,101,QB14,4507
2020,14907,"Delpit, Grant",S,CLE,80.6,102,S4,687
2020,7836,"Rodgers, Aaron",QB,GBP,80.86,103,QB15,4560
2020,14836,"Jefferson, Justin",WR,MIN,81.17,104,WR36,6445
2020,14879,"Epenesa, A.J.",DE,BUF,81.88,105,DE4,681
2020,14798,"Moss, Zack",RB,BUF,82.87,106,RB33,6431
2020,14839,"Reagor, Jalen",WR,PHI,84.9,107,WR37,5785
2020,5848,"Brady, Tom",QB,TBB,85.03,108,QB16,4478
2020,14891,"Harrison, Malik",LB,BAL,86.07,109,LB7,691
2020,14835,"Higgins, Tee",WR,CIN,87.38,110,WR38,4222
2020,11674,"Cooks, Brandin",WR,HOU,88.34,111,WR39,4599
2020,9902,"Gronkowski, Rob",TE,TBB,88.58,112,TE7,4638
2020,14902,"Okudah, Jeff",CB,DET,89.22,113,CB1,584
2020,12676,"Henry, Hunter",TE,LAC,90.11,114,TE8,4428
2020,14932,"Lewis, Terrell",LB,LAR,91.06,115,LB8,489
2020,14846,"Mims, Denzel",WR,NYJ,91.11,116,WR40,4277
2020,14893,"Baun, Zack",LB,NOS,91.39,117,LB9,573
2020,14136,"Samuel, Deebo",WR,SFO,92.57,118,WR41,4431
2020,12647,"Fuller, Will",WR,HOU,93.06,119,WR42,4613
2020,9662,"Edelman, Julian",WR,NEP,93.3,120,WR43,4500
2020,11747,"White, James",RB,NEP,93.44,121,RB34,4376
2020,13606,"Jones, Ronald",RB,TBB,96.26,122,RB35,4330
2020,13605,"Guice, Derrius",RB,FA,96.74,123,RB36,1608
2020,12678,"Higbee, Tyler",TE,LAR,96.95,124,TE9,4454
2020,13680,"Hurst, Hayden",TE,ATL,97.49,125,TE10,4587
2020,9431,"Stafford, Matthew",QB,LAR,98.25,126,QB17,4524
2020,14783,"Hurts, Jalen",QB,PHI,98.46,127,QB18,3172
2020,14842,"Pittman, Michael",WR,IND,99.06,128,WR44,5506
2020,12677,"Hooper, Austin",TE,CLE,99.41,129,TE11,4313
2020,14059,"Jones, Daniel",QB,NYG,99.56,130,QB19,4329
2020,14867,"Kmet, Cole",TE,CHI,99.66,131,TE12,3415
2020,9474,"Cook, Jared",TE,NOS,99.74,132,TE13,4347
2020,14840,"Aiyuk, Brandon",WR,SFO,99.96,133,WR45,5399
2020,14805,"Dillon, AJ",RB,GBP,100.33,134,RB37,5613
2020,13290,"Cohen, Tarik",RB,CHI,100.59,135,RB38,4456
2020,13612,"Johnson, Kerryon",RB,DET,100.93,136,RB39,4466
2020,14780,"Eason, Jacob",QB,IND,101.17,137,QB20,2331
2020,12634,"Howard, Jordan",RB,PHI,101.2,138,RB40,4540
2020,14838,"Shenault, Laviska",WR,JAC,101.59,139,WR46,4569
2020,14870,"Trautman, Adam",TE,NOS,101.96,140,TE14,3187
2020,13633,"Kirk, Christian",WR,ARI,102.24,141,WR47,4525
2020,14921,"Dugger, Kyle",S,NEP,102.26,142,S5,541
2020,14804,"McFarland, Anthony",RB,PIT,103.15,143,RB41,4003
2020,14837,"Hamler, KJ",WR,DEN,103.52,144,WR48,3476
2020,14841,"Claypool, Chase",WR,PIT,103.91,145,WR49,3896
2020,13234,"Mack, Marlon",RB,IND,104.17,146,RB42,4552
2020,14208,"Johnson, Diontae",WR,PIT,104.23,147,WR50,4505
2020,14864,"Johnson, Tyler",WR,TBB,106.16,148,WR51,2870
2020,13590,"Mayfield, Baker",QB,CLE,106.63,149,QB21,4275
2020,10738,"Jones, Marvin",WR,DET,106.82,150,WR52,4584
2020,14844,"Edwards, Bryan",WR,LVR,106.84,151,WR53,4688
2020,14936,"Asiasi, Devin",TE,NEP,108.08,152,TE15,3191
2020,14858,"Jefferson, Van",WR,LAR,108.33,153,WR54,3482
2020,14847,"Duvernay, Devin",WR,BAL,108.99,154,WR55,3333
2020,14863,"Gandy-Golden, Antonio",WR,WAS,110.64,155,WR56,3268
2020,14943,"Davis-Gaither, Akeem",LB,CIN,110.69,156,LB10,350
2020,13614,"Lindsay, Phillip",RB,DEN,110.98,157,RB43,4557
2020,12611,"Goff, Jared",QB,DET,111.57,158,QB22,4364
2020,14137,"Fant, Noah",TE,DEN,111.66,159,TE16,4299
2020,14808,"Evans, Darrynton",RB,TEN,112.18,160,RB44,4511
2020,0510,"Steelers, Pittsburgh",DEF,PIT,112.2,161,DEF1,2835
2020,14801,"Benjamin, Eno",RB,ARI,113.49,162,RB45,3215
2020,14122,"Slayton, Darius",WR,NYG,113.82,163,WR57,4413
2020,14806,"Perine, Lamical",RB,NYJ,114.16,164,RB46,3222
2020,14807,"Kelley, Joshua",RB,LAC,114.29,165,RB47,4750
2020,14843,"Bowden, Lynn",RB,MIA,114.37,166,RB48,3685
2020,0530,"49ers, San Francisco",DEF,SFO,115.3,167,DEF2,2919
2020,12658,"Shepard, Sterling",WR,NYG,115.74,168,WR58,4492
2020,14815,"Dallas, DeeJay",RB,SEA,115.98,169,RB49,3184
2020,14941,"Taylor, Davion",LB,PHI,116.66,170,LB11,347
2020,14873,"Okwuegbunam, Albert",TE,DEN,117.05,171,TE17,2269
2020,14939,"Keene, Dalton",TE,NEP,118.46,172,TE18,1795
2020,14138,"Hockenson, T.J.",TE,DET,118.84,173,TE19,4297
2020,14857,"Peoples-Jones, Donovan",WR,CLE,119.44,174,WR59,2400
2020,13607,"Michel, Sony",RB,NEP,119.54,175,RB50,4498
2020,9918,"Sanders, Emmanuel",WR,NOS,120.78,176,WR61,4601
2020,14850,"Cephus, Quintez",WR,DET,120.78,177,WR60,2662
2020,12184,"Crowder, Jamison",WR,NYJ,120.91,178,WR62,4421
2020,13592,"Darnold, Sam",QB,NYJ,120.95,179,QB23,2199
2020,0531,"Ravens, Baltimore",DEF,BAL,122.17,180,DEF3,2959
2020,14057,"Lock, Drew",QB,DEN,122.61,181,QB24,2862
2020,13672,"Gesicki, Mike",TE,MIA,123.18,182,TE20,4237
2020,10273,"Newton, Cam",QB,NEP,123.46,183,QB25,4438
2020,10700,"Cousins, Kirk",QB,MIN,123.7,184,QB26,3415
2020,7401,"Roethlisberger, Ben",QB,PIT,123.75,185,QB27,4429
2020,10976,"Tucker, Justin",PK,BAL,124.31,186,PK1,2630
2020,14113,"Hardman, Mecole",WR,KCC,124.93,187,WR63,4296
2020,10697,"Tannehill, Ryan",QB,TEN,125.03,188,QB28,3957
2020,11760,"Garoppolo, Jimmy",QB,SFO,125.61,189,QB29,3416
2020,14223,"Mattison, Alexander",RB,MIN,125.7,190,RB51,4282
2020,9831,"Tate, Golden",WR,NYG,126.98,191,WR64,4138
2020,13378,"Breida, Matt",RB,MIA,127.2,192,RB52,4418
2020,11886,"Williams, Damien",RB,KCC,128.59,193,RB53,1560
2020,13354,"Butker, Harrison",PK,KCC,130.52,194,PK2,2738
2020,14845,"Davis, Gabriel",WR,BUF,131.24,195,WR65,2021
2020,14972,"Coulter, Isaiah",WR,HOU,131.58,196,WR66,1516
2020,13722,"Jarwin, Blake",TE,DAL,131.58,197,TE21,4276
2020,11640,"Bridgewater, Teddy",QB,CAR,131.89,198,QB30,2667
2020,11783,"Brown, John",WR,BUF,132.45,199,WR67,4272
2020,11390,"Murray, Latavius",RB,NOS,132.71,200,RB54,4524
2020,14869,"Moss, Thaddeus",TE,WAS,132.94,201,TE22,1941
2020,14998,"Patmon, Dezmon",WR,IND,133.0,202,WR68,571
2020,13674,"Goedert, Dallas",TE,PHI,133.52,203,TE23,3822
2020,0501,"Bills, Buffalo",DEF,BUF,134.25,204,DEF4,3002
2020,12152,"Coleman, Tevin",RB,SFO,135.17,205,RB55,4408
2020,13193,"Smith, Jonnu",TE,TEN,137.35,206,TE24,4143
2020,13639,"Miller, Anthony",WR,CHI,137.76,207,WR69,4286
2020,14126,"Williams, Preston",WR,MIA,138.03,208,WR70,4038
2020,13154,"Williams, Mike",WR,LAC,138.16,209,WR71,3543
2020,11644,"Carr, Derek",QB,LVR,138.38,210,QB31,2531
2020,12956,"Lutz, Wil",PK,NOS,138.44,211,PK3,2677
2020,14067,"Minshew, Gardner",QB,JAC,138.74,212,QB32,3173
2020,14101,"Harry, N'Keal",WR,NEP,138.83,213,WR72,4037
2020,14875,"Bryant, Harrison",TE,CLE,138.93,214,TE25,1618
2020,14965,"Rohrwasser, Justin",PK,NEP,140.16,215,PK4,493
2020,7394,"Rivers, Philip",QB,FA,140.92,216,QB33,3448
2020,14851,"Hill, K.J.",WR,LAC,142.9,217,WR73,1821
2020,12157,"Johnson, Duke",RB,HOU,143.49,218,RB56,4296
2020,14781,"Fromm, Jake",QB,BUF,144.25,219,QB34,1495
2020,13814,"Scott, Boston",RB,PHI,145.48,220,RB57,4366
2020,14087,"Henderson, Darrell",RB,LAR,147.52,221,RB58,3588
2020,0504,"Patriots, New England",DEF,NEP,148.08,222,DEF5,2908
2020,14969,"Hightower, John",WR,PHI,148.16,223,WR74,1279
2020,14085,"Pollard, Tony",RB,DAL,148.21,224,RB59,3873
2020,14058,"Haskins, Dwayne",QB,PIT,148.42,225,QB35,1848
2020,0529,"Saints, New Orleans",DEF,NOS,150.31,226,DEF6,2738
2020,12197,"Perriman, Breshad",WR,NYJ,150.33,227,WR75,3872
2020,11516,"Doyle, Jack",TE,IND,150.48,228,TE26,3905
2020,10868,"Zuerlein, Greg",PK,DAL,152.21,229,PK5,2766
2020,0512,"Chiefs, Kansas City",DEF,KCC,152.74,230,DEF7,2855
2020,11670,"Watkins, Sammy",WR,KCC,153.08,231,WR76,4005
2020,14974,"Mooney, Darnell",WR,CHI,153.17,232,WR77,1069
2020,0521,"Bears, Chicago",DEF,CHI,154.1,233,DEF8,2832
2020,13726,"Edmonds, Chase",RB,ARI,154.45,234,RB60,3939
2020,15021,"Calais, Raymond",RB,LAR,154.49,235,RB61,944
2020,13157,"Samuel, Curtis",WR,CAR,154.92,236,WR78,3634
2020,14813,"Robinson, James",RB,JAC,155.01,237,RB62,1990
2020,14141,"Smith Jr., Irv",TE,MIN,155.91,238,TE27,2291
2020,8153,"Gould, Robbie",PK,SFO,156.35,239,PK6,2707
2020,13678,"Thomas, Ian",TE,CAR,157.15,240,TE28,2660
2020,14868,"Hopkins, Brycen",TE,LAR,158.77,241,TE29,1186
2020,12930,"Anderson, Robby",WR,CAR,158.84,242,WR79,3834
2020,11186,"Thompson, Chris",RB,JAC,158.97,243,RB63,3472
2020,14862,"Reed, Joe",WR,LAC,159.15,244,WR80,1463
2020,13679,"Herndon, Chris",TE,NYJ,159.51,245,TE30,3690
2020,14876,"Deguara, Josiah",TE,GBP,159.84,246,TE31,1047
2020,0524,"Vikings, Minnesota",DEF,MIN,160.01,247,DEF9,2585
2020,13620,"Jackson, Justin",RB,LAC,161.04,248,RB64,3916
2020,0528,"Rams, Los Angeles",DEF,LAR,162.36,249,DEF10,2415
2020,14075,"Harris, Damien",RB,NEP,162.52,250,RB65,3352
2020,14973,"Huntley, Jason",RB,PHI,162.84,251,RB66,654
2020,8658,"Peterson, Adrian",RB,DET,162.97,252,RB67,3455
2020,13632,"Lazard, Allen",WR,GBP,163.55,253,WR81,3980
2020,10413,"Taylor, Tyrod",QB,LAC,163.68,254,QB36,2076
2020,13622,"Hines, Nyheim",RB,IND,163.96,255,RB68,3700
2020,0508,"Titans, Tennessee",DEF,TEN,164.47,256,DEF11,2193
2020,14112,"Campbell, Parris",WR,IND,165.8,257,WR82,3237
2020,14063,"Stidham, Jarrett",QB,NEP,165.84,258,QB37,1420
2020,14816,"Warren, Michael",RB,WAS,166.93,259,RB69,1216
2020,0525,"Buccaneers, Tampa Bay",DEF,TBB,167.3,260,DEF12,2084
2020,9075,"Jackson, DeSean",WR,PHI,167.54,261,WR83,3858
2020,14848,"Proche, James",WR,BAL,167.98,262,WR84,1305
2020,11695,"Ebron, Eric",TE,PIT,168.22,263,TE32,3188
2020,8687,"Olsen, Greg",TE,FA,168.93,264,TE33,3352
2020,13188,"Howard, O.J.",TE,TBB,169.17,265,TE34,2612
2020,0502,"Colts, Indianapolis",DEF,IND,169.88,266,DEF13,2230
2020,12860,"Fairbairn, Ka'imi",PK,HOU,171.64,267,PK7,2383
2020,0514,"Chargers, Los Angeles",DEF,LAC,172.76,268,DEF14,1960
2020,14853,"Johnson, Collin",WR,JAC,173.9,269,WR85,1132
2020,10506,"Bailey, Dan",PK,MIN,174.11,270,PK8,2110
2020,13403,"Koo, Younghoe",PK,ATL,174.74,271,PK9,2535
2020,10699,"Foles, Nick",QB,CHI,175.25,272,QB38,1552
2020,14123,"Renfrow, Hunter",WR,LVR,175.36,273,WR86,3322
2020,0511,"Broncos, Denver",DEF,DEN,175.63,274,DEF15,1492
2020,14140,"Sternberger, Jace",TE,GBP,176.02,275,TE35,2327
2020,15024,"Sloman, Sam",PK,TEN,176.34,276,PK10,402
2020,8930,"Prater, Matt",PK,DET,176.39,277,PK11,2291
2020,14992,"Watkins, Quez",WR,PHI,176.77,278,WR87,833
2020,14082,"Love, Bryce",RB,WAS,177.18,279,RB70,2912
2020,0518,"Eagles, Philadelphia",DEF,PHI,179.21,280,DEF16,1870
2020,9686,"Succop, Ryan",PK,TBB,179.95,281,PK12,690
2020,14244,"Gay, Matt",PK,LAR,180.13,282,PK13,1304
2020,0515,"Seahawks, Seattle",DEF,SEA,180.83,283,DEF17,1017
2020,13623,"Williams, Darrel",RB,KCC,181.11,284,RB71,1604
2020,14093,"Armstead, Ryquell",RB,JAC,181.29,285,RB72,2818
2020,12140,"Winston, Jameis",QB,NOS,183.15,286,QB39,1485
2020,8742,"Crosby, Mason",PK,GBP,183.28,287,PK14,928
2020,0516,"Cowboys, Dallas",DEF,DAL,183.76,288,DEF18,869
2020,13347,"Gonzalez, Zane",PK,ARI,184.01,289,PK15,1911
2020,12417,"Lambo, Josh",PK,JAC,184.07,290,PK16,822
2020,13303,"Elliott, Jake",PK,PHI,184.68,291,PK17,1776
2020,13153,"Davis, Corey",WR,TEN,185.25,292,WR88,2679
2020,13631,"Washington, James",WR,PIT,185.85,293,WR89,2250
2020,11936,"Boswell, Chris",PK,PIT,186.32,294,PK18,1085
2020,7393,"Fitzgerald, Larry",WR,ARI,186.43,295,WR90,3397
2020,11947,"McManus, Brandon",PK,DEN,186.59,296,PK19,1212
2020,10722,"Jeffery, Alshon",WR,PHI,187.47,297,WR91,2785
2020,13158,"Westbrook, Dede",WR,JAC,187.82,298,WR92,2451
2020,14821,"Hasty, JaMycal",RB,SFO,187.84,299,RB73,1250
2020,8062,"Fitzpatrick, Ryan",QB,MIA,189.09,300,QB40,1726
2020,13115,"Trubisky, Mitchell",QB,CHI,189.41,301,QB41,1596
2020,14143,"Knox, Dawson",TE,BUF,189.51,302,TE36,1772
2020,13608,"Penny, Rashaad",RB,SEA,190.16,303,RB74,1828
2020,0523,"Packers, Green Bay",DEF,GBP,190.47,304,DEF19,690
2020,12437,"Myers, Jason",PK,SEA,190.69,305,PK20,651
2020,9988,"Brown, Antonio",WR,TBB,191.5,306,WR93,2421
2020,14871,"Parkinson, Colby",TE,SEA,193.3,307,TE37,853
2020,0532,"Texans, Houston",DEF,HOU,193.61,308,DEF20,576
2020,13763,"Dissly, Will",TE,SEA,193.62,309,TE38,2081
2020,10312,"Rudolph, Kyle",TE,MIN,194.34,310,TE39,2242
2020,13613,"Samuels, Jaylen",RB,PIT,195.24,311,RB75,2695
2020,9448,"McCoy, LeSean",RB,TBB,195.35,312,RB76,1246
2020,11657,"Hyde, Carlos",RB,SEA,195.67,313,RB77,2873
2020,13139,"Williams, Jamaal",RB,GBP,197.01,314,RB78,2647
2020,13236,"Everett, Gerald",TE,LAR,198.08,315,TE40,1870
2020,14874,"Bryant, Hunter",TE,DET,198.43,316,TE41,694
2020,0507,"Browns, Cleveland",DEF,CLE,198.75,317,DEF21,510
2020,14866,"Thomas, Jeff",WR,FA,199.09,318,WR94,534
2020,11660,"Freeman, Devonta",RB,FA,201.04,319,RB79,2353
2020,12386,"Brown, Malcolm",RB,LAR,201.17,320,RB80,2094
2020,14613,"Sims, Steven",WR,WAS,201.62,321,WR95,2186
2020,13168,"Reynolds, Josh",WR,LAR,202.2,322,WR96,2406
2020,14849,"Hodgins, Isaiah",WR,BUF,202.26,323,WR97,749
2020,12317,"Uzomah, C.J.",TE,CIN,202.78,324,TE42,1902
2020,13980,"Badgley, Mike",PK,LAC,204.03,325,PK21,475
2020,13192,"Njoku, David",TE,CLE,204.04,326,TE43,1447
2020,0505,"Jets, New York",DEF,NYJ,204.46,327,DEF22,431
2020,10308,"Cobb, Randall",WR,HOU,204.89,328,WR98,2520
2020,0520,"FootballTeam, Washington",DEF,WAS,204.95,329,DEF23,390
2020,13108,"McKissic, J.D.",RB,WAS,205.39,330,RB81,502
2020,0509,"Jaguars, Jacksonville",DEF,JAC,206.6,331,DEF24,354
2020,10973,"Beasley, Cole",WR,BUF,207.03,332,WR99,2359
2020,13155,"Ross, John",WR,CIN,208.0,333,WR100,1812
2020,11761,"McKinnon, Jerick",RB,SFO,208.75,334,RB82,2290
2020,14072,"Snell, Benny",RB,PIT,208.9,335,RB83,2288
2020,14096,"Ozigbo, Devine",RB,JAC,209.83,336,RB84,966
2020,14860,"Jennings, Jauan",WR,SFO,214.36,337,WR101,491
2020,13424,"Hill, Taysom",QB,NOS,215.99,338,QB42,1300
2020,11250,"Eifert, Tyler",TE,JAC,218.35,339,TE44,1755
2020,12857,"Washington, DeAndre",RB,MIA,218.68,340,RB85,1185
2020,14086,"Hill, Justice",RB,BAL,222.08,341,RB86,1016
2020,11193,"Bernard, Giovani",RB,CIN,222.09,342,RB87,2000
2020,14811,"Ahmed, Salvon",RB,MIA,224.15,343,RB88,597
2020,12141,"Mariota, Marcus",QB,LVR,225.21,344,QB43,1088
2020,14790,"Morgan, James",QB,NYJ,227.16,345,QB44,373
2020,11227,"Stills, Kenny",WR,BUF,228.03,346,WR102,1514
2020,13240,"Hill, Brian",RB,ATL,229.04,347,RB89,1527
2020,14116,"Hurd, Jalen",WR,SFO,229.53,348,WR103,1296
2020,13809,"Gage, Russell",WR,ATL,229.59,349,WR104,1594
2020,14125,"Boykin, Miles",WR,BAL,229.62,350,WR105,1543
2020,14827,"Taylor, J.J.",RB,NEP,230.74,351,RB90,488
2020,14107,"Arcega-Whiteside, JJ",WR,PHI,230.95,352,WR106,1343
2020,12257,"Conley, Chris",WR,JAC,231.32,353,WR107,1603
2020,12391,"Williams, Tyrell",WR,LVR,232.67,354,WR108,1483
2020,14787,"Gordon, Anthony",QB,KCC,236.32,355,QB45,409
2020,13617,"Freeman, Royce",RB,DEN,236.77,356,RB91,1208
2020,12205,"Funchess, Devin",WR,GBP,237.78,357,WR109,1120
2020,14121,"Isabella, Andy",WR,ARI,239.12,358,WR110,1209
2020,10313,"Dalton, Andy",QB,DAL,239.15,359,QB46,959
2020,13880,"Arnold, Dan",TE,ARI,239.95,360,TE45,920
2020,13768,"Smith, Ito",RB,ATL,241.21,361,RB92,1396
2020,14794,"McDonald, Cole",QB,ARI,241.79,362,QB47,421
2020,10723,"Sanu, Mohamed",WR,DET,242.07,363,WR111,1428
2020,11182,"Burkhead, Rex",RB,NEP,242.52,364,RB93,1368
2020,14284,"Thompson, Darwin",RB,KCC,242.55,365,RB94,1117
2020,7877,"Gore, Frank",RB,NYJ,243.4,366,RB95,923
2020,13416,"Walker, P.J.",QB,CAR,245.37,367,QB48,734
2020,13793,"Valdes-Scantling, Marquez",WR,GBP,245.83,368,WR112,1399
2020,9925,"Graham, Jimmy",TE,CHI,246.41,369,TE46,1242
2020,11337,"Fells, Darren",TE,HOU,252.08,370,TE47,1063
2020,11225,"Patterson, Cordarrelle",WR,CHI,252.82,371,WR113,607
2020,12912,"Richard, Jalen",RB,LVR,254.45,372,RB96,1146
2020,14280,"Miller, Scott",WR,TBB,254.72,373,WR114,582
2020,13645,"Smith, Tre'Quan",WR,NOS,256.02,374,WR115,1224
2020,14209,"Oliver, Josh",TE,JAC,256.17,375,TE48,719
2020,11647,"Thomas, Logan",TE,WAS,257.86,376,TE49,360
2020,13418,"Bourne, Kendrick",WR,SFO,258.63,377,WR116,1082
2020,13850,"Edwards, Gus",RB,BAL,259.03,378,RB97,1039
2020,14142,"Smith, Kaden",TE,NYG,260.09,379,TE50,890
2020,9308,"Amendola, Danny",WR,DET,260.91,380,WR117,992
2020,13148,"Ogunbowale, Dare",RB,JAC,261.18,381,RB98,960
2020,10708,"Miller, Lamar",RB,WAS,261.49,382,RB99,612
2020,10960,"Gordon, Josh",WR,SEA,261.66,383,WR118,865
2020,12616,"Brissett, Jacoby",QB,IND,262.17,384,QB49,783
2020,14435,"Bonnafon, Reggie",RB,CAR,263.3,385,RB100,923
2020,6997,"Witten, Jason",TE,FA,263.35,386,TE51,591
2020,10389,"Lewis, Dion",RB,NYG,265.07,387,RB101,905
2020,13642,"Tate, Auden",WR,CIN,267.5,388,WR119,875
2020,14114,"Harmon, Kelvin",WR,WAS,268.17,389,WR120,750
2020,13879,"Allen, Kyle",QB,WAS,268.25,390,QB50,727
2020,12110,"Brate, Cameron",TE,TBB,269.32,391,TE52,762
2020,14106,"Butler, Hakeem",WR,PHI,271.02,392,WR121,700
2020,14239,"Moreau, Foster",TE,LVR,271.54,393,TE53,597
2020,14195,"Warring, Kahale",TE,HOU,272.23,394,TE54,669
2020,12637,"Barber, Peyton",RB,WAS,273.53,395,RB102,402
2020,13868,"Boone, Mike",RB,MIN,275.48,396,RB103,764
2020,14305,"Johnson, Olabisi",WR,MIN,276.39,397,WR122,696
2020,13776,"Watson, Justin",WR,TBB,278.96,398,WR123,687
2020,13488,"Pascal, Zach",WR,IND,279.23,399,WR124,775
2020,12785,"Robinson, Demarcus",WR,KCC,279.85,400,WR125,830
2020,13864,"Ward, Greg",WR,PHI,280.04,401,WR126,427
2020,11257,"McDonald, Vance",TE,FA,281.79,402,TE55,638
2020,14076,"Williams, Trayveon",RB,CIN,283.34,403,RB104,661
2020,12153,"Yeldon, T.J.",RB,BUF,283.55,404,RB105,341
2020,14146,"Sample, Drew",TE,CIN,285.42,405,TE56,546
2020,12328,"Boyle, Nick",TE,BAL,285.52,406,TE57,624
2020,12505,"Humphries, Adam",WR,TEN,285.61,407,WR127,646
2020,13316,"Taylor, Trent",WR,SFO,288.37,408,WR128,341
2020,13753,"Akins, Jordan",TE,HOU,288.4,409,TE58,399
2020,11705,"Burton, Trey",TE,IND,289.38,410,TE59,591
2020,13591,"Rosen, Josh",QB,SFO,289.91,411,QB51,527
2020,14017,"Wilson, Jeffery",RB,SFO,290.21,412,RB106,406
2020,11399,"Griffin, Ryan",TE,NYJ,290.47,413,TE60,530
2020,9714,"Hoyer, Brian",QB,NEP,291.61,414,QB52,405
2020,13637,"St. Brown, Equanimeous",WR,GBP,291.77,415,WR129,447
2020,13615,"Scarbrough, Bo",RB,SEA,292.19,416,RB107,386
2020,14083,"Homer, Travis",RB,SEA,292.5,417,RB108,440
2020,11890,"Wilson, Albert",WR,MIA,293.03,418,WR130,582
2020,13391,"Hollister, Jacob",TE,SEA,293.09,419,TE61,368
2020,12181,"Agholor, Nelson",WR,LVR,294.91,420,WR131,409
2020,13194,"Sprinkle, Jeremy",TE,WAS,295.12,421,TE62,437
2020,13634,"Pettis, Dante",WR,NYG,295.52,422,WR132,626
2020,14127,"Meyers, Jakobi",WR,NEP,299.02,423,WR133,583
2020,13662,"Coutee, Keke",WR,HOU,299.97,424,WR134,593
2020,10696,"Griffin III, Robert",QB,BAL,301.93,425,QB53,534
2020,13968,"Mullens, Nick",QB,SFO,302.78,426,QB54,481
2020,12188,"Dorsett, Phillip",WR,SEA,305.78,427,WR135,447
2020,14088,"Anderson, Rodney",RB,FA,306.35,428,RB109,407
2020,13595,"Rudolph, Mason",QB,PIT,313.02,429,QB55,381
2020,10948,"Keenum, Case",QB,CLE,320.09,430,QB56,348
2021,13130,"McCaffrey, Christian",RB,CAR,1.36,1,RB1,4036
2021,13128,"Cook, Dalvin",RB,MIN,2.88,2,RB2,4064
2021,13132,"Kamara, Alvin",RB,NOS,4.18,3,RB3,4004
2021,12626,"Henry, Derrick",RB,TEN,5.3,4,RB4,4100
2021,12625,"Elliott, Ezekiel",RB,DAL,8.86,5,RB5,4164
2021,11675,"Adams, Davante",WR,GBP,9.44,6,WR1,4037
2021,11244,"Kelce, Travis",TE,KCC,10.47,7,TE1,4162
2021,12801,"Hill, Tyreek",WR,KCC,10.7,8,WR2,4094
2021,13604,"Barkley, Saquon",RB,NYG,11.19,9,RB6,4156
2021,13319,"Jones, Aaron",RB,GBP,11.27,10,RB7,4089
2021,13610,"Chubb, Nick",RB,CLE,11.99,11,RB8,4093
2021,14802,"Taylor, Jonathan",RB,IND,12.55,12,RB9,4091
2021,15254,"Harris, Najee",RB,PIT,13.81,13,RB10,6386
2021,13404,"Ekeler, Austin",RB,LAC,14.54,14,RB11,4114
2021,12186,"Diggs, Stefon",WR,BUF,15.13,15,WR3,3948
2021,13116,"Mahomes, Patrick",QB,KCC,16.17,16,QB1,3947
2021,11232,"Hopkins, DeAndre",WR,ARI,19.49,17,WR4,4206
2021,14102,"Metcalf, DK",WR,SEA,19.75,18,WR5,3955
2021,13629,"Ridley, Calvin",WR,ATL,20.26,19,WR6,4080
2021,13131,"Mixon, Joe",RB,CIN,22.37,20,RB12,4264
2021,14852,"Gibson, Antonio",RB,WAS,22.37,21,RB13,4008
2021,12263,"Waller, Darren",TE,LVR,23.53,22,TE2,4028
2021,14803,"Edwards-Helaire, Clyde",RB,KCC,25.33,23,RB14,4261
2021,14836,"Jefferson, Justin",WR,MIN,25.98,24,WR7,3953
2021,13589,"Allen, Josh",QB,BUF,26.68,25,QB2,3892
2021,14104,"Brown, A.J.",WR,TEN,27.93,26,WR8,4070
2021,11222,"Allen, Keenan",WR,LAC,28.12,27,WR9,4125
2021,13299,"Kittle, George",TE,SFO,28.84,28,TE3,4168
2021,15329,"Pitts, Kyle",TE,ATL,33.05,29,TE4,6353
2021,13364,"Carson, Chris",RB,SEA,34.49,30,RB15,4279
2021,14056,"Murray, Kyler",QB,ARI,35.12,31,QB3,4022
2021,14071,"Montgomery, David",RB,CHI,35.35,32,RB16,4122
2021,13593,"Jackson, Lamar",QB,BAL,35.51,33,QB4,4040
2021,14109,"McLaurin, Terry",WR,WAS,35.99,34,WR10,4120
2021,11678,"Robinson, Allen",WR,CHI,36.19,35,WR11,4299
2021,11671,"Evans, Mike",WR,TBB,36.32,36,WR12,4284
2021,14832,"Lamb, CeeDee",WR,DAL,37.11,37,WR13,4062
2021,14079,"Sanders, Miles",RB,PHI,37.75,38,RB17,4097
2021,14073,"Jacobs, Josh",RB,LVR,38.19,39,RB18,4296
2021,14797,"Swift, D'Andre",RB,DET,38.95,40,RB19,4093
2021,15253,"Etienne, Travis",RB,JAC,40.59,41,RB20,4019
2021,13163,"Godwin, Chris",WR,TBB,40.91,42,WR14,4235
2021,11228,"Woods, Robert",WR,LAR,42.8,43,WR15,4294
2021,15281,"Chase, Ja'Marr",WR,CIN,44.14,44,WR16,6341
2021,15350,"Parsons, Micah",LB,DAL,44.71,45,LB1,1096
2021,12175,"Cooper, Amari",WR,DAL,46.2,46,WR17,4350
2021,15256,"Williams, Javonte",RB,DEN,46.26,47,RB21,6390
2021,10703,"Wilson, Russell",QB,SEA,47.09,48,QB5,4206
2021,14800,"Dobbins, J.K.",RB,BAL,47.13,49,RB22,2395
2021,10271,"Jones, Julio",WR,TEN,47.75,50,WR18,4319
2021,14081,"Gaskin, Myles",RB,MIA,48.17,51,RB23,3978
2021,12620,"Prescott, Dak",QB,DAL,48.43,52,QB6,4163
2021,14813,"Robinson, James",RB,JAC,48.81,53,RB24,4078
2021,7836,"Rodgers, Aaron",QB,GBP,49.6,54,QB7,4118
2021,11938,"Thielen, Adam",WR,MIN,50.54,55,WR19,4314
2021,13635,"Moore, D.J.",WR,CAR,51.12,56,WR20,4286
2021,15373,"Davis, Jamin",LB,WAS,51.8,57,LB2,967
2021,13164,"Kupp, Cooper",WR,LAR,53.08,58,WR21,4320
2021,14779,"Herbert, Justin",QB,LAC,53.99,59,QB8,4035
2021,13671,"Andrews, Mark",TE,BAL,54.01,60,TE5,4229
2021,14208,"Johnson, Diontae",WR,PIT,54.74,61,WR22,4171
2021,15351,"Owusu-Koramoah, Jeremiah",LB,CLE,55.14,62,LB3,876
2021,12187,"Lockett, Tyler",WR,SEA,55.23,63,WR23,4301
2021,15355,"Bolton, Nick",LB,KCC,57.18,64,LB4,779
2021,15352,"Collins, Zaven",LB,ARI,58.4,65,LB5,968
2021,13138,"Hunt, Kareem",RB,CLE,58.42,66,RB25,4154
2021,12164,"Davis, Mike",RB,ATL,58.45,67,RB26,4182
2021,15257,"Sermon, Trey",RB,SFO,58.82,68,RB27,6345
2021,15349,"Phillips, Jaelan",DE,MIA,59.01,69,DE1,849
2021,13726,"Edmonds, Chase",RB,ARI,59.37,70,RB28,4023
2021,14138,"Hockenson, T.J.",TE,DET,59.37,71,TE6,4131
2021,15242,"Trask, Kyle",QB,TBB,59.7,72,QB9,1900
2021,15243,"Mond, Kellen",QB,MIN,60.68,73,QB10,1943
2021,15387,"Werner, Pete",LB,NOS,60.9,74,LB6,677
2021,15345,"Paye, Kwity",DE,IND,61.23,75,DE2,892
2021,14840,"Aiyuk, Brandon",WR,SFO,64.78,76,WR24,4116
2021,15282,"Smith, DeVonta",WR,PHI,65.03,77,WR25,6315
2021,15346,"Rousseau, Gregory",DE,BUF,65.23,78,DE3,786
2021,5848,"Brady, Tom",QB,TBB,67.05,79,QB11,4213
2021,15334,"Long, Hunter",TE,MIA,67.54,80,TE7,1967
2021,15407,"Fitzpatrick, Dez",WR,TEN,67.77,81,WR26,1712
2021,14835,"Higgins, Tee",WR,CIN,67.87,82,WR27,4160
2021,12447,"Mostert, Raheem",RB,SFO,68.08,83,RB29,4306
2021,15378,"Oweh, Jayson",LB,BAL,68.36,84,LB7,611
2021,12652,"Thomas, Michael",WR,NOS,68.38,85,WR28,4093
2021,13156,"Smith-Schuster, JuJu",WR,PIT,68.6,86,WR29,4264
2021,15296,"Schwartz, Anthony",WR,CLE,69.39,87,WR30,1868
2021,15381,"Grant, Richie",S,ATL,69.41,88,S1,709
2021,15330,"Jordan, Brevin",TE,HOU,70.12,89,TE8,1875
2021,15258,"Carter, Michael",RB,NYJ,70.72,90,RB30,6107
2021,11679,"Beckham, Odell",WR,LAR,71.34,91,WR31,4314
2021,15365,"Moehrig, Trevon",S,LVR,71.41,92,S2,787
2021,15285,"Wallace, Tylan",WR,BAL,71.42,93,WR32,2026
2021,15404,"Jones, Ernest",LB,LAR,71.44,94,LB8,680
2021,15385,"Ojulari, Azeez",LB,NYG,72.01,95,LB9,616
2021,15332,"Tremble, Tommy",TE,CAR,72.51,96,TE9,1599
2021,15316,"Powell, Cornell",WR,KCC,72.52,97,WR33,1731
2021,15252,"Mills, Davis",QB,HOU,72.72,98,QB12,1825
2021,15286,"Williams, Seth",WR,DEN,73.75,99,WR34,1063
2021,14075,"Harris, Damien",RB,NEP,73.93,100,RB31,4263
2021,14087,"Henderson, Darrell",RB,LAR,74.19,101,RB32,4170
2021,15333,"McKitty, Tre'",TE,LAC,74.94,102,TE10,1224
2021,14841,"Claypool, Chase",WR,PIT,75.31,103,WR35,4150
2021,15366,"Holland, Jevon",S,MIA,75.44,104,S3,723
2021,15246,"Book, Ian",QB,NOS,75.5,105,QB13,877
2021,15237,"Lawrence, Trevor",QB,JAC,75.58,106,QB14,6125
2021,15318,"Terry, Tamorrion",WR,FA,76.49,107,WR36,534
2021,14833,"Jeudy, Jerry",WR,DEN,76.73,108,WR37,4256
2021,15356,"Browning, Baron",LB,DEN,76.88,109,LB10,440
2021,15301,"Atwell, Tutu",WR,LAR,77.06,110,WR38,2366
2021,13277,"Golladay, Kenny",WR,NYG,77.31,111,WR39,4173
2021,15284,"Waddle, Jaylen",WR,MIA,77.39,112,WR40,6118
2021,15414,"Nwangwu, Kene",RB,MIN,77.61,113,RB33,1211
2021,13630,"Sutton, Courtland",WR,DEN,77.7,114,WR41,4288
2021,10697,"Tannehill, Ryan",QB,TEN,78.13,115,QB15,4175
2021,15353,"Surratt, Chazz",LB,MIN,78.3,116,LB11,379
2021,12151,"Gordon, Melvin",RB,DEN,78.52,117,RB34,4299
2021,15321,"Darden, Jaelon",WR,TBB,78.57,118,WR42,1225
2021,15409,"Barnes, Derrick",LB,DET,78.82,119,LB12,433
2021,15362,"Surtain II, Patrick",CB,DEN,79.03,120,CB1,644
2021,15289,"Toney, Kadarius",WR,NYG,79.39,121,WR43,3082
2021,15488,"Doaks, Gerrid",RB,MIA,80.34,122,RB35,1608
2021,11647,"Thomas, Logan",TE,WAS,80.55,123,TE11,4222
2021,15271,"Herbert, Khalil",RB,CHI,80.67,124,RB36,2059
2021,9431,"Stafford, Matthew",QB,LAR,80.7,125,QB16,4275
2021,15239,"Wilson, Zach",QB,NYJ,80.87,126,QB17,4360
2021,13129,"Fournette, Leonard",RB,TBB,81.02,127,RB37,4060
2021,15434,"Smith-Marsette, Ihmir",WR,MIN,81.29,128,WR44,1100
2021,15357,"Barmore, Christian",DT,NEP,81.4,129,DT1,460
2021,15410,"Cox, Jabril",LB,DAL,81.54,130,LB13,383
2021,12650,"Boyd, Tyler",WR,CIN,82.09,131,WR45,4219
2021,15240,"Lance, Trey",QB,SFO,82.11,132,QB18,5666
2021,15291,"Newsome, Dazz",WR,CHI,82.33,133,WR46,818
2021,15297,"Rodgers, Amari",WR,GBP,82.39,134,WR47,2936
2021,15302,"Eskridge, D'Wayne",WR,SEA,82.82,135,WR48,2786
2021,11674,"Cooks, Brandin",WR,HOU,82.99,136,WR49,4218
2021,15292,"Brown, Dyami",WR,WAS,83.14,137,WR50,2844
2021,15262,"Jefferson, Jermar",RB,DET,83.33,138,RB38,2008
2021,15293,"Bateman, Rashod",WR,BAL,83.54,139,WR51,3987
2021,12930,"Anderson, Robby",WR,CAR,84.16,140,WR52,4235
2021,15238,"Fields, Justin",QB,CHI,84.59,141,QB19,5837
2021,15263,"Mitchell, Elijah",RB,SFO,84.74,142,RB39,2491
2021,14783,"Hurts, Jalen",QB,PHI,85.16,143,QB20,4196
2021,15376,"Turner, Payton",DE,NOS,85.3,144,DE4,442
2021,15361,"Horn, Jaycee",CB,CAR,85.39,145,CB2,523
2021,15303,"Fehoko, Simi",WR,DAL,85.4,146,WR53,658
2021,15319,"Palmer, Josh",WR,LAC,86.41,147,WR54,2825
2021,15419,"Granson, Kylen",TE,IND,87.22,148,TE12,1178
2021,15331,"Freiermuth, Pat",TE,PIT,88.37,149,TE13,3516
2021,15268,"Hawkins, Javian",RB,FA,88.39,150,RB40,2365
2021,15335,"Farrell, Luke",TE,JAC,88.41,151,TE14,534
2021,13850,"Edwards, Gus",RB,BAL,88.53,152,RB41,4244
2021,15290,"Collins, Nico",WR,HOU,88.96,153,WR55,3009
2021,15265,"Hill, Kylin",RB,GBP,89.12,154,RB42,1667
2021,14136,"Samuel, Deebo",WR,SFO,89.72,155,WR56,4271
2021,15241,"Jones, Mac",QB,NEP,90.91,156,QB21,4428
2021,15379,"Tryon, Joe",LB,TBB,91.13,157,LB14,367
2021,13606,"Jones, Ronald",RB,TBB,91.19,158,RB43,4271
2021,15348,"Basham, Carlos",DE,BUF,91.85,159,DE5,330
2021,15288,"Moore, Elijah",WR,NYJ,92.08,160,WR57,5444
2021,13427,"Tonyan, Robert",TE,GBP,92.43,161,TE15,4153
2021,15275,"Evans, Chris",RB,CIN,94.02,162,RB44,2043
2021,14137,"Fant, Noah",TE,DEN,94.75,163,TE16,4040
2021,11680,"Landry, Jarvis",WR,CLE,95.04,164,WR58,4263
2021,13674,"Goedert, Dallas",TE,PHI,95.09,165,TE17,3962
2021,13668,"Chark, D.J.",WR,JAC,95.25,166,WR59,4132
2021,15283,"Moore, Rondale",WR,ARI,95.86,167,WR60,4841
2021,15272,"Rountree, Larry",RB,LAC,95.97,168,RB45,2127
2021,15304,"Darby, Frank",WR,ATL,96.55,169,WR61,673
2021,15308,"Marshall, Terrace",WR,CAR,96.92,170,WR62,4819
2021,14777,"Burrow, Joe",QB,CIN,97.7,171,QB22,4140
2021,15425,"Harris, Jacob",TE,LAR,98.28,172,TE18,1152
2021,14838,"Shenault, Laviska",WR,JAC,98.61,173,WR63,4182
2021,15287,"St. Brown, Amon-Ra",WR,DET,99.56,174,WR64,4015
2021,15337,"Gray, Noah",TE,KCC,100.7,175,TE19,885
2021,13153,"Davis, Corey",WR,NYJ,101.27,176,WR65,4279
2021,15255,"Gainwell, Kenneth",RB,PHI,102.0,177,RB46,4221
2021,15270,"Felton, Demetric",RB,CLE,102.02,178,RB47,523
2021,15266,"Williams, Pooka",RB,FA,103.5,179,RB48,428
2021,15250,"Ehlinger, Sam",QB,IND,103.83,180,QB23,448
2021,9988,"Brown, Antonio",WR,FA,104.33,181,WR66,4237
2021,13672,"Gesicki, Mike",TE,MIA,104.48,182,TE20,4037
2021,13146,"Conner, James",RB,ARI,106.01,183,RB49,4292
2021,12678,"Higbee, Tyler",TE,LAR,108.33,184,TE21,4123
2021,15259,"Stevenson, Rhamondre",RB,NEP,108.64,185,RB50,4906
2021,15261,"Hubbard, Chuba",RB,CAR,109.0,186,RB51,4982
2021,15260,"Patterson, Jaret",RB,WAS,110.09,187,RB52,1453
2021,14798,"Moss, Zack",RB,BUF,110.54,188,RB53,4143
2021,0528,"Rams, Los Angeles",DEF,LAR,110.56,189,DEF1,3164
2021,14805,"Dillon, AJ",RB,GBP,111.23,190,RB54,4139
2021,14080,"Singletary, Devin",RB,BUF,112.71,191,RB55,4323
2021,13646,"Gallup, Michael",WR,DAL,114.1,192,WR67,4152
2021,9099,"Ryan, Matt",QB,ATL,114.23,193,QB24,4100
2021,14834,"Ruggs, Henry",WR,FA,114.57,194,WR68,4243
2021,14842,"Pittman, Michael",WR,IND,114.94,195,WR69,4106
2021,10973,"Beasley, Cole",WR,BUF,116.62,196,WR70,4059
2021,12630,"Drake, Kenyan",RB,LVR,119.25,197,RB56,4202
2021,12647,"Fuller, Will",WR,MIA,119.47,198,WR71,4071
2021,13590,"Mayfield, Baker",QB,CLE,119.48,199,QB25,3833
2021,10700,"Cousins, Kirk",QB,MIN,119.63,200,QB26,3830
2021,13157,"Samuel, Curtis",WR,WAS,120.33,201,WR72,3907
2021,13809,"Gage, Russell",WR,ATL,121.34,202,WR73,4012
2021,13139,"Williams, Jamaal",RB,DET,121.87,203,RB57,4132
2021,13193,"Smith, Jonnu",TE,NEP,124.03,204,TE22,3934
2021,15034,"Callaway, Marquez",WR,NOS,124.9,205,WR74,3498
2021,14141,"Smith Jr., Irv",TE,MIN,125.18,206,TE23,2336
2021,14105,"Brown, Marquise",WR,BAL,125.25,207,WR75,4090
2021,10738,"Jones, Marvin",WR,JAC,125.46,208,WR76,4050
2021,13154,"Williams, Mike",WR,LAC,125.52,209,WR77,3935
2021,0510,"Steelers, Pittsburgh",DEF,PIT,126.56,210,DEF2,3216
2021,12171,"Johnson, David",RB,HOU,126.81,211,RB58,3895
2021,13607,"Michel, Sony",RB,LAR,127.83,212,RB59,3908
2021,0520,"FootballTeam, Washington",DEF,WAS,128.15,213,DEF3,3299
2021,13622,"Hines, Nyheim",RB,IND,128.72,214,RB60,4066
2021,14085,"Pollard, Tony",RB,DAL,128.88,215,RB61,3956
2021,0525,"Buccaneers, Tampa Bay",DEF,TBB,128.89,216,DEF4,3320
2021,14974,"Mooney, Darnell",WR,CHI,129.68,217,WR78,3840
2021,12176,"Parker, DeVante",WR,MIA,129.95,218,WR79,3956
2021,13108,"McKissic, J.D.",RB,WAS,130.63,219,RB62,4040
2021,9474,"Cook, Jared",TE,LAC,130.74,220,TE24,3630
2021,14778,"Tagovailoa, Tua",QB,MIA,131.26,221,QB27,3297
2021,15480,"Funk, Jake",RB,LAR,131.29,222,RB63,475
2021,14113,"Hardman, Mecole",WR,KCC,131.35,223,WR80,4003
2021,7401,"Roethlisberger, Ben",QB,PIT,133.3,224,QB28,3218
2021,11644,"Carr, Derek",QB,LVR,133.49,225,QB29,2862
2021,0501,"Bills, Buffalo",DEF,BUF,133.93,226,DEF5,3246
2021,11247,"Ertz, Zach",TE,ARI,135.91,227,TE25,3529
2021,9902,"Gronkowski, Rob",TE,TBB,135.94,228,TE26,3927
2021,13189,"Engram, Evan",TE,NYG,136.31,229,TE27,3481
2021,12610,"Wentz, Carson",QB,IND,137.49,230,QB30,2191
2021,10976,"Tucker, Justin",PK,BAL,138.4,231,PK1,3332
2021,0531,"Ravens, Baltimore",DEF,BAL,139.55,232,DEF6,3307
2021,14059,"Jones, Daniel",QB,NYG,139.69,233,QB31,1839
2021,13113,"Watson, Deshaun",QB,HOU,139.9,234,QB32,2432
2021,12140,"Winston, Jameis",QB,NOS,140.06,235,QB33,3497
2021,8062,"Fitzpatrick, Ryan",QB,WAS,140.84,236,QB34,2581
2021,13354,"Butker, Harrison",PK,KCC,141.29,237,PK2,3414
2021,13592,"Darnold, Sam",QB,CAR,142.14,238,QB35,1706
2021,13919,"Firkser, Anthony",TE,TEN,142.64,239,TE28,3334
2021,12676,"Henry, Hunter",TE,NEP,144.27,240,TE29,3272
2021,12658,"Shepard, Sterling",WR,NYG,145.44,241,WR81,3522
2021,14127,"Meyers, Jakobi",WR,NEP,145.8,242,WR82,3601
2021,14223,"Mattison, Alexander",RB,MIN,146.16,243,RB64,3592
2021,13403,"Koo, Younghoe",PK,ATL,146.75,244,PK3,3326
2021,0530,"49ers, San Francisco",DEF,SFO,146.78,245,DEF7,3332
2021,12611,"Goff, Jared",QB,DET,148.09,246,QB36,1300
2021,11390,"Murray, Latavius",RB,BAL,150.34,247,RB65,3489
2021,0504,"Patriots, New England",DEF,NEP,150.67,248,DEF8,3190
2021,15040,"Williams, Ty'Son",RB,BAL,150.76,249,RB66,1623
2021,13614,"Lindsay, Phillip",RB,MIA,151.51,250,RB67,3354
2021,11747,"White, James",RB,NEP,151.57,251,RB68,3589
2021,0502,"Colts, Indianapolis",DEF,IND,153.76,252,DEF9,3110
2021,15368,"McPherson, Evan",PK,CIN,153.81,253,PK4,462
2021,12181,"Agholor, Nelson",WR,NEP,153.91,254,WR83,3438
2021,10729,"Hilton, T.Y.",WR,IND,154.47,255,WR84,2479
2021,14870,"Trautman, Adam",TE,NOS,154.53,256,TE30,2454
2021,14839,"Reagor, Jalen",WR,PHI,154.87,257,WR85,3077
2021,10273,"Newton, Cam",QB,CAR,156.95,258,QB37,1108
2021,14845,"Davis, Gabriel",WR,BUF,159.0,259,WR86,2702
2021,0511,"Broncos, Denver",DEF,DEN,159.79,260,DEF10,2906
2021,14867,"Kmet, Cole",TE,CHI,161.06,261,TE31,2524
2021,10276,"Ingram, Mark",RB,NOS,161.59,262,RB69,2535
2021,12677,"Hooper, Austin",TE,CLE,161.95,263,TE32,2866
2021,13424,"Hill, Taysom",QB,NOS,162.17,264,QB38,1234
2021,12152,"Coleman, Tevin",RB,NYJ,162.23,265,RB70,3070
2021,14818,"Jones, Xavier",RB,LAR,163.47,266,RB71,857
2021,14983,"Bass, Tyler",PK,BUF,163.87,267,PK5,3316
2021,13236,"Everett, Gerald",TE,SEA,164.11,268,TE33,2618
2021,13722,"Jarwin, Blake",TE,DAL,164.2,269,TE34,2436
2021,0503,"Dolphins, Miami",DEF,MIA,164.21,270,DEF11,2583
2021,12391,"Williams, Tyrell",WR,FA,165.21,271,WR87,2600
2021,0507,"Browns, Cleveland",DEF,CLE,165.42,272,DEF12,2399
2021,11193,"Bernard, Giovani",RB,TBB,165.66,273,RB72,2773
2021,9686,"Succop, Ryan",PK,TBB,165.78,274,PK6,3296
2021,13645,"Smith, Tre'Quan",WR,NOS,167.4,275,WR88,2722
2021,12184,"Crowder, Jamison",WR,NYJ,168.81,276,WR89,2666
2021,10868,"Zuerlein, Greg",PK,DAL,168.86,277,PK7,3220
2021,13718,"Carlson, Daniel",PK,LVR,168.97,278,PK8,2582
2021,11695,"Ebron, Eric",TE,PIT,169.37,279,TE35,2364
2021,14844,"Edwards, Bryan",WR,LVR,169.46,280,WR90,2311
2021,0512,"Chiefs, Kansas City",DEF,KCC,169.66,281,DEF13,1905
2021,11760,"Garoppolo, Jimmy",QB,SFO,169.69,282,QB39,1210
2021,10261,"Green, A.J.",WR,ARI,170.19,283,WR91,3041
2021,9918,"Sanders, Emmanuel",WR,BUF,170.5,284,WR92,2814
2021,11640,"Bridgewater, Teddy",QB,DEN,170.57,285,QB40,1271
2021,10413,"Taylor, Tyrod",QB,HOU,171.13,286,QB41,1052
2021,0523,"Packers, Green Bay",DEF,GBP,171.44,287,DEF14,1491
2021,14828,"Jones, Tony",RB,NOS,172.16,288,RB73,1115
2021,13832,"Sanders, Jason",PK,MIA,172.19,289,PK9,3176
2021,13608,"Penny, Rashaad",RB,SEA,172.92,290,RB74,2636
2021,13633,"Kirk, Christian",WR,ARI,173.53,291,WR93,2531
2021,0521,"Bears, Chicago",DEF,CHI,173.73,292,DEF15,1358
2021,14017,"Wilson, Jeffery",RB,SFO,174.17,293,RB75,1436
2021,0529,"Saints, New Orleans",DEF,NOS,177.36,294,DEF16,1188
2021,13623,"Williams, Darrel",RB,KCC,177.71,295,RB76,2238
2021,10308,"Cobb, Randall",WR,GBP,179.19,296,WR94,1777
2021,14912,"Blankenship, Rodrigo",PK,IND,179.62,297,PK10,2878
2021,12476,"Heinicke, Taylor",QB,WAS,179.66,298,QB42,472
2021,0519,"Cardinals, Arizona",DEF,ARI,179.86,299,DEF17,788
2021,13290,"Cohen, Tarik",RB,CHI,180.33,300,RB77,1589
2021,13234,"Mack, Marlon",RB,IND,180.63,301,RB78,2109
2021,12437,"Myers, Jason",PK,SEA,180.72,302,PK11,2582
2021,14112,"Campbell, Parris",WR,IND,180.85,303,WR95,1700
2021,0515,"Seahawks, Seattle",DEF,SEA,181.28,304,DEF18,793
2021,0518,"Eagles, Philadelphia",DEF,PHI,182.43,305,DEF19,771
2021,8742,"Crosby, Mason",PK,GBP,183.51,306,PK12,1588
2021,13793,"Valdes-Scantling, Marquez",WR,GBP,184.24,307,WR96,2048
2021,12197,"Perriman, Breshad",WR,TBB,184.76,308,WR97,1360
2021,13620,"Jackson, Justin",RB,LAC,184.8,309,RB79,2004
2021,0524,"Vikings, Minnesota",DEF,MIN,184.95,310,DEF20,666
2021,0514,"Chargers, Los Angeles",DEF,LAC,185.2,311,DEF21,857
2021,8153,"Gould, Robbie",PK,SFO,185.36,312,PK13,1766
2021,14057,"Lock, Drew",QB,DEN,185.57,313,QB43,772
2021,0508,"Titans, Tennessee",DEF,TEN,187.86,314,DEF22,565
2021,13814,"Scott, Boston",RB,PHI,187.93,315,RB80,1745
2021,11947,"McManus, Brandon",PK,DEN,188.08,316,PK14,1142
2021,14244,"Gay, Matt",PK,LAR,188.45,317,PK15,1877
2021,12386,"Brown, Malcolm",RB,MIA,189.12,318,RB81,1800
2021,12956,"Lutz, Wil",PK,NOS,189.6,319,PK16,1192
2021,8930,"Prater, Matt",PK,ARI,189.77,320,PK17,1519
2021,11936,"Boswell, Chris",PK,PIT,189.83,321,PK18,779
2021,14122,"Slayton, Darius",WR,NYG,190.95,322,WR98,1486
2021,11945,"Santos, Cairo",PK,CHI,191.55,323,PK19,730
2021,12629,"Booker, Devontae",RB,NYG,191.88,324,RB82,1705
2021,0527,"Panthers, Carolina",DEF,CAR,192.26,325,DEF23,740
2021,9694,"Gano, Graham",PK,NYG,192.4,326,PK20,524
2021,11670,"Watkins, Sammy",WR,BAL,192.96,327,WR99,1873
2021,13632,"Lazard, Allen",WR,GBP,193.41,328,WR100,1711
2021,14097,"Ollison, Qadree",RB,ATL,193.51,329,RB83,862
2021,11886,"Williams, Damien",RB,CHI,193.98,330,RB84,1547
2021,14846,"Mims, Denzel",WR,NYJ,194.09,331,WR101,833
2021,14782,"Love, Jordan",QB,GBP,194.13,332,QB44,673
2021,0517,"Giants, New York",DEF,NYG,194.74,333,DEF24,431
2021,0516,"Cowboys, Dallas",DEF,DAL,195.78,334,DEF25,379
2021,14095,"Johnson, Ty",RB,NYJ,195.89,335,RB85,1131
2021,11657,"Hyde, Carlos",RB,JAC,196.25,336,RB86,948
2021,14808,"Evans, Darrynton",RB,TEN,196.66,337,RB87,1331
2021,13133,"Perine, Samaje",RB,CIN,198.56,338,RB88,1027
2021,14992,"Watkins, Quez",WR,PHI,199.91,339,WR102,478
2021,13680,"Hurst, Hayden",TE,ATL,200.0,340,TE36,930
2021,14143,"Knox, Dawson",TE,BUF,200.32,341,TE37,988
2021,11192,"Bell, Le'Veon",RB,FA,200.69,342,RB89,605
2021,13135,"Gallman, Wayne",RB,MIN,201.56,343,RB90,1268
2021,14806,"Perine, Lamical",RB,NYJ,203.54,344,RB91,739
2021,14811,"Ahmed, Salvon",RB,MIA,203.67,345,RB92,1211
2021,13188,"Howard, O.J.",TE,TBB,205.09,346,TE38,1022
2021,10313,"Dalton, Andy",QB,CHI,205.62,347,QB45,729
2021,11516,"Doyle, Jack",TE,IND,206.12,348,TE39,828
2021,11387,"Hopkins, Dustin",PK,LAC,206.89,349,PK21,407
2021,11783,"Brown, John",WR,TBB,207.06,350,WR103,848
2021,14123,"Renfrow, Hunter",WR,LVR,208.89,351,WR104,1179
2021,13863,"Pringle, Byron",WR,KCC,209.23,352,WR105,584
2021,14837,"Hamler, KJ",WR,DEN,210.48,353,WR106,892
2021,13772,"Schultz, Dalton",TE,DAL,211.52,354,TE40,677
2021,13662,"Coutee, Keke",WR,IND,212.41,355,WR107,430
2021,12785,"Robinson, Demarcus",WR,KCC,213.02,356,WR108,838
2021,11761,"McKinnon, Jerick",RB,KCC,213.64,357,RB93,934
2021,12317,"Uzomah, C.J.",TE,CIN,214.27,358,TE41,736
2021,13679,"Herndon, Chris",TE,MIN,214.35,359,TE42,766
2021,13246,"Alie-Cox, Mo",TE,IND,215.01,360,TE43,653
2021,14857,"Peoples-Jones, Donovan",WR,CLE,216.23,361,WR109,642
2021,14086,"Hill, Justice",RB,BAL,217.28,362,RB94,368
2021,14858,"Jefferson, Van",WR,LAR,217.45,363,WR110,859
2021,14072,"Snell, Benny",RB,PIT,220.17,364,RB95,591
2021,13880,"Arnold, Dan",TE,JAC,220.31,365,TE44,698
2021,9925,"Graham, Jimmy",TE,CHI,220.52,366,TE45,680
2021,13675,"Conklin, Tyler",TE,MIN,221.59,367,TE46,333
2021,14807,"Kelley, Joshua",RB,LAC,224.07,368,RB96,659
2021,12150,"Gurley, Todd",RB,FA*,224.9,369,RB97,510
2021,14341,"Parham, Donald",TE,LAC,225.72,370,TE47,376
2021,9075,"Jackson, DeSean",WR,LVR,225.97,371,WR111,546
2021,14592,"Zaccheaus, Olamide",WR,ATL,230.18,372,WR112,354
2021,13377,"Patrick, Tim",WR,DEN,231.09,373,WR113,474
2021,14850,"Cephus, Quintez",WR,DET,232.17,374,WR114,511
2021,13168,"Reynolds, Josh",WR,DET,233.98,375,WR115,361
2021,13488,"Pascal, Zach",WR,IND,235.76,376,WR116,519
2021,13418,"Bourne, Kendrick",WR,NEP,237.81,377,WR117,376
2021,13753,"Akins, Jordan",TE,HOU,240.72,378,TE48,376
2021,13631,"Washington, James",WR,PIT,242.94,379,WR118,367
2021,13639,"Miller, Anthony",WR,PIT,248.63,380,WR119,349
2021,13412,"Cole, Keelan",WR,NYJ,249.07,381,WR120,327
2022,14802,"Taylor, Jonathan",RB,IND,1.46,1,RB1,3378
2022,13130,"McCaffrey, Christian",RB,SFO,3.71,2,RB2,3519
2022,13164,"Kupp, Cooper",WR,LAR,5.29,3,WR1,3271
2022,13404,"Ekeler, Austin",RB,LAC,5.43,4,RB3,3390
2022,14836,"Jefferson, Justin",WR,MIN,6.3,5,WR2,3364
2022,12626,"Henry, Derrick",RB,TEN,7.03,6,RB4,3501
2022,13128,"Cook, Dalvin",RB,MIN,8.47,7,RB5,3524
2022,15254,"Harris, Najee",RB,PIT,9.2,8,RB6,3524
2022,15281,"Chase, Ja'Marr",WR,CIN,9.7,9,WR3,3284
2022,13131,"Mixon, Joe",RB,CIN,12.38,10,RB7,3587
2022,11675,"Adams, Davante",WR,LVR,13.13,11,WR4,3535
2022,12186,"Diggs, Stefon",WR,BUF,15.85,12,WR5,3565
2022,14797,"Swift, D'Andre",RB,DET,15.88,13,RB8,3532
2022,11244,"Kelce, Travis",TE,KCC,16.92,14,TE1,3604
2022,13132,"Kamara, Alvin",RB,NOS,16.93,15,RB9,3595
2022,13610,"Chubb, Nick",RB,CLE,18.08,16,RB10,3497
2022,13604,"Barkley, Saquon",RB,NYG,18.75,17,RB11,3608
2022,14832,"Lamb, CeeDee",WR,DAL,20.04,18,WR6,3495
2022,13589,"Allen, Josh",QB,BUF,20.16,19,QB1,3306
2022,14136,"Samuel, Deebo",WR,SFO,20.58,20,WR7,3315
2022,13319,"Jones, Aaron",RB,GBP,20.76,21,RB12,3636
2022,12801,"Hill, Tyreek",WR,MIA,22.95,22,WR8,3655
2022,15256,"Williams, Javonte",RB,DEN,23.86,23,RB13,3438
2022,13671,"Andrews, Mark",TE,BAL,24.28,24,TE2,3492
2022,13129,"Fournette, Leonard",RB,TBB,25.04,25,RB14,3429
2022,11671,"Evans, Mike",WR,TBB,28.03,26,WR9,3664
2022,11222,"Allen, Keenan",WR,LAC,28.94,27,WR10,3663
2022,13116,"Mahomes, Patrick",QB,KCC,30.48,28,QB2,3434
2022,15708,"Hall, Breece",RB,NYJ,30.84,29,RB15,5844
2022,13146,"Conner, James",RB,ARI,30.95,30,RB16,3405
2022,12625,"Elliott, Ezekiel",RB,DAL,31.96,31,RB17,3614
2022,14104,"Brown, A.J.",WR,PHI,32.11,32,WR11,3554
2022,14842,"Pittman, Michael",WR,IND,32.24,33,WR12,3427
2022,14779,"Herbert, Justin",QB,LAC,33.41,34,QB3,3348
2022,15329,"Pitts, Kyle",TE,ATL,33.76,35,TE3,3592
2022,14835,"Higgins, Tee",WR,CIN,35.83,36,WR13,3481
2022,14799,"Akers, Cam",RB,LAR,38.6,37,RB18,3384
2022,15253,"Etienne, Travis",RB,JAC,38.7,38,RB19,3508
2022,14071,"Montgomery, David",RB,CHI,39.55,39,RB20,3562
2022,13635,"Moore, D.J.",WR,CAR,40.41,40,WR14,3674
2022,13593,"Jackson, Lamar",QB,BAL,44.11,41,QB4,3493
2022,15805,"Hutchinson, Aidan",DE,DET,44.31,42,DE1,1001
2022,15821,"Dean, Nakobe",LB,PHI,44.8,43,LB1,862
2022,14208,"Johnson, Diontae",WR,PIT,45.02,44,WR15,3534
2022,15822,"Lloyd, Devin",LB,JAC,45.37,45,LB2,937
2022,13154,"Williams, Mike",WR,LAC,46.77,46,WR16,3485
2022,13630,"Sutton, Courtland",WR,DEN,47.9,47,WR17,3657
2022,14109,"McLaurin, Terry",WR,WAS,47.92,48,WR18,3621
2022,14073,"Jacobs, Josh",RB,LVR,47.99,49,RB21,3692
2022,15284,"Waddle, Jaylen",WR,MIA,48.32,50,WR19,3423
2022,14102,"Metcalf, DK",WR,SEA,48.64,51,WR20,3595
2022,13299,"Kittle, George",TE,SFO,48.89,52,TE4,3652
2022,15691,"Corral, Matt",QB,CAR,49.2,53,QB5,1946
2022,15806,"Thibodeaux, Kayvon",LB,NYG,49.42,54,LB3,886
2022,12263,"Waller, Darren",TE,LVR,50.15,55,TE5,3596
2022,14056,"Murray, Kyler",QB,ARI,52.23,56,QB6,3549
2022,15759,"Metchie, John",WR,HOU,53.09,57,WR21,2477
2022,11674,"Cooks, Brandin",WR,HOU,53.34,58,WR22,3604
2022,15846,"Walker, Quay",LB,GBP,54.21,59,LB4,880
2022,15858,"Andersen, Troy",LB,ATL,54.29,60,LB5,689
2022,15287,"St. Brown, Amon-Ra",WR,DET,54.74,61,WR23,3496
2022,15717,"Pierce, Dameon",RB,HOU,55.37,62,RB22,5921
2022,11678,"Robinson, Allen",WR,LAR,55.78,63,WR24,3755
2022,15834,"Hamilton, Kyle",S,BAL,56.03,64,S1,929
2022,15809,"Johnson, Jermaine",DE,NYJ,56.84,65,DE2,793
2022,15794,"McBride, Trey",TE,ARI,57.32,66,TE6,2694
2022,14777,"Burrow, Joe",QB,CIN,57.6,67,QB7,3412
2022,14800,"Dobbins, J.K.",RB,BAL,58.0,68,RB23,3548
2022,15808,"Karlaftis, George",DE,KCC,58.03,69,DE3,822
2022,14783,"Hurts, Jalen",QB,PHI,58.15,70,QB8,3500
2022,13156,"Smith-Schuster, JuJu",WR,KCC,58.41,71,WR25,3761
2022,15263,"Mitchell, Elijah",RB,SFO,58.46,72,RB24,3543
2022,15763,"Ross, Justyn",WR,KCC,58.57,73,WR26,2061
2022,15694,"Willis, Malik",QB,TEN,58.95,74,QB9,2659
2022,15751,"London, Drake",WR,ATL,59.2,75,WR27,5818
2022,11938,"Thielen, Adam",WR,MIN,59.21,76,WR28,3690
2022,13163,"Godwin, Chris",WR,TBB,59.32,77,WR29,3669
2022,15815,"Walker, Travon",DE,JAC,60.49,78,DE4,969
2022,15693,"Howell, Sam",QB,WAS,60.74,79,QB10,1731
2022,14852,"Gibson, Antonio",RB,WAS,60.99,80,RB25,3669
2022,12652,"Thomas, Michael",WR,NOS,61.08,81,WR30,3590
2022,15853,"Mafe, Boye",DE,SEA,61.21,82,DE5,606
2022,14845,"Davis, Gabriel",WR,BUF,61.49,83,WR31,3688
2022,15711,"Walker III, Kenneth",RB,SEA,61.73,84,RB26,5761
2022,15787,"Thornton, Tyquan",WR,NEP,61.96,85,WR32,2318
2022,15823,"Harris, Christian",LB,HOU,62.24,86,LB6,668
2022,14805,"Dillon, AJ",RB,GBP,63.03,87,RB27,3572
2022,15840,"Woods, Jelani",TE,IND,63.23,88,TE7,2408
2022,15697,"Ridder, Desmond",QB,ATL,63.74,89,QB11,2585
2022,14105,"Brown, Marquise",WR,ARI,63.88,90,WR33,3605
2022,15851,"Ebiketie, Arnold",LB,ATL,64.32,91,LB7,523
2022,13772,"Schultz, Dalton",TE,DAL,64.5,92,TE8,3581
2022,14803,"Edwards-Helaire, Clyde",RB,KCC,65.11,93,RB28,3742
2022,15734,"Ingram, Keaontay",RB,ARI,65.19,94,RB29,2200
2022,15777,"Austin III, Calvin",WR,PIT,65.25,95,WR34,1919
2022,14974,"Mooney, Darnell",WR,CHI,65.36,96,WR35,3534
2022,15758,"Bell, David",WR,CLE,66.69,97,WR36,2836
2022,15796,"Ruckert, Jeremy",TE,NYJ,66.69,98,TE9,1359
2022,15692,"Pickett, Kenny",QB,PIT,66.97,99,QB12,3207
2022,15719,"Harris, Kevin",RB,NEP,67.05,100,RB30,1124
2022,15830,"Muma, Chad",LB,JAC,67.13,101,LB8,453
2022,15824,"Tindall, Channing",LB,MIA,67.41,102,LB9,539
2022,15831,"Chenal, Leo",LB,KCC,67.47,103,LB10,484
2022,14833,"Jeudy, Jerry",WR,DEN,67.54,104,WR37,3742
2022,15797,"Dulcich, Greg",TE,DEN,67.66,105,TE10,2343
2022,15829,"Asamoah, Brian",LB,MIN,68.04,106,LB11,343
2022,10703,"Wilson, Russell",QB,DEN,68.55,107,QB13,3669
2022,15807,"Ojabo, David",LB,BAL,68.65,108,LB12,534
2022,5848,"Brady, Tom",QB,TBB,69.04,109,QB14,3536
2022,15733,"Strong Jr., Pierre",RB,NEP,69.32,110,RB31,2302
2022,15761,"Shakir, Khalil",WR,BUF,69.34,111,WR38,2514
2022,15837,"Cine, Lewis",S,MIN,69.78,112,S2,876
2022,15695,"Strong, Carson",QB,FA,70.11,113,QB15,497
2022,15754,"Olave, Chris",WR,NOS,70.57,114,WR39,5693
2022,12175,"Cooper, Amari",WR,CLE,70.85,115,WR40,3653
2022,15715,"Cook, James",RB,BUF,71.27,116,RB32,5726
2022,15812,"Hall, Logan",DE,TBB,71.97,117,DE6,465
2022,15795,"Kolar, Charlie",TE,BAL,72.0,118,TE11,672
2022,15767,"Jones, Velus",WR,CHI,72.55,119,WR41,2252
2022,15713,"Ford, Jerome",RB,CLE,72.61,120,RB33,1864
2022,14080,"Singletary, Devin",RB,BUF,72.77,121,RB34,3651
2022,12620,"Prescott, Dak",QB,DAL,73.55,122,QB16,3602
2022,15710,"Williams, Kyren",RB,LAR,73.98,123,RB35,2079
2022,15835,"Brisker, Jaquan",S,CHI,74.27,124,S3,760
2022,13632,"Lazard, Allen",WR,GBP,74.3,125,WR42,3791
2022,15819,"Wyatt, Devonte",DE,GBP,74.47,126,DE7,462
2022,15802,"Otton, Cade",TE,TBB,74.47,127,TE12,1755
2022,15293,"Bateman, Rashod",WR,BAL,74.63,128,WR43,3606
2022,15752,"Burks, Treylon",WR,TEN,74.98,129,WR44,5403
2022,7836,"Rodgers, Aaron",QB,GBP,75.17,130,QB17,3596
2022,15736,"Brooks, Kennedy",RB,PHI,75.5,131,RB36,792
2022,15718,"Badie, Tyler",RB,DEN,75.54,132,RB37,1747
2022,15817,"Davis, Jordan",DT,PHI,75.6,133,DT1,544
2022,15782,"Gray, Danny",WR,SFO,75.68,134,WR45,1899
2022,13608,"Penny, Rashaad",RB,SEA,75.9,135,RB38,3596
2022,13674,"Goedert, Dallas",TE,PHI,76.12,136,TE13,3539
2022,15836,"Hill, Daxton",S,CIN,77.0,137,S4,462
2022,14138,"Hockenson, T.J.",TE,MIN,77.22,138,TE14,3573
2022,15723,"Chandler, Ty",RB,MIN,77.3,139,RB39,1441
2022,15799,"Ferguson, Jake",TE,DAL,77.95,140,TE15,777
2022,15753,"Wilson, Garrett",WR,NYJ,78.17,141,WR46,4922
2022,15889,"Okonkwo, Chigoziem",TE,TEN,78.19,142,TE16,651
2022,15756,"Williams, Jameson",WR,DET,78.32,143,WR47,4176
2022,13726,"Edmonds, Chase",RB,DEN,78.94,144,RB40,3724
2022,15725,"Conner, Snoop",RB,JAC,79.21,145,RB41,1463
2022,15766,"Moore, Skyy",WR,KCC,79.24,146,WR48,5453
2022,14123,"Renfrow, Hunter",WR,LVR,79.51,147,WR49,3617
2022,15857,"Williams, Sam",DE,DAL,79.82,148,DE8,374
2022,15780,"Ezukanma, Erik",WR,MIA,80.11,149,WR50,648
2022,15728,"Smith, Abram",RB,FA,80.23,150,RB42,907
2022,15832,"Stingley Jr., Derek",CB,HOU,80.28,151,CB1,583
2022,15762,"Pickens, George",WR,PIT,80.29,152,WR51,5533
2022,15720,"Haskins, Hassan",RB,TEN,81.1,153,RB43,2774
2022,15696,"Zappe, Bailey",QB,NEP,81.96,154,QB18,397
2022,14075,"Harris, Damien",RB,NEP,82.05,155,RB44,3689
2022,15789,"Watson, Christian",WR,GBP,82.84,156,WR52,4584
2022,11225,"Patterson, Cordarrelle",RB,ATL,83.24,157,RB45,3680
2022,15841,"Toure, Samori",WR,GBP,83.34,158,WR53,380
2022,14079,"Sanders, Miles",RB,PHI,84.3,159,RB46,3755
2022,15833,"Gardner, Ahmad",CB,NYJ,85.09,160,CB2,450
2022,14085,"Pollard, Tony",RB,DAL,85.99,161,RB47,3659
2022,15709,"Spiller, Isaiah",RB,LAC,86.6,162,RB48,4451
2022,11232,"Hopkins, DeAndre",WR,ARI,87.51,163,WR54,3793
2022,15755,"Dotson, Jahan",WR,WAS,87.75,164,WR55,4780
2022,15721,"White, Rachaad",RB,TBB,87.81,165,RB49,5191
2022,13138,"Hunt, Kareem",RB,CLE,88.02,166,RB50,3781
2022,15768,"Pierce, Alec",WR,IND,88.6,167,WR56,3779
2022,15786,"Nailor, Jalen",WR,MIN,88.81,168,WR57,300
2022,15901,"Philips, Kyle",WR,TEN,89.49,169,WR58,1413
2022,15288,"Moore, Elijah",WR,NYJ,90.32,170,WR59,3559
2022,9431,"Stafford, Matthew",QB,LAR,90.33,171,QB19,3634
2022,15259,"Stevenson, Rhamondre",RB,NEP,90.74,172,RB51,3630
2022,15716,"Robinson, Brian",RB,WAS,90.91,173,RB52,5109
2022,15746,"Davis-Price, Tyrion",RB,SFO,91.34,174,RB53,3612
2022,13633,"Kirk, Christian",WR,JAC,91.45,175,WR60,3639
2022,14840,"Aiyuk, Brandon",WR,SFO,91.53,176,WR61,3664
2022,12187,"Lockett, Tyler",WR,SEA,92.92,177,WR62,3639
2022,15757,"Robinson, Wan'Dale",WR,NYG,92.96,178,WR63,3710
2022,15712,"Allgeier, Tyler",RB,ATL,93.7,179,RB54,4973
2022,15873,"Bellinger, Daniel",TE,NYG,93.85,180,TE17,1741
2022,15240,"Lance, Trey",QB,SFO,94.14,181,QB20,3566
2022,15282,"Smith, DeVonta",WR,PHI,94.69,182,WR64,3630
2022,11644,"Carr, Derek",QB,LVR,95.26,183,QB21,3632
2022,15850,"Pitre, Jalen",S,HOU,95.45,184,S5,475
2022,11247,"Ertz, Zach",TE,ARI,96.18,185,TE18,3540
2022,15788,"Tolbert, Jalen",WR,DAL,96.78,186,WR65,4440
2022,14143,"Knox, Dawson",TE,BUF,96.85,187,TE19,3565
2022,15714,"White, Zamir",RB,LVR,97.18,188,RB55,4674
2022,11228,"Woods, Robert",WR,TEN,99.12,189,WR66,3730
2022,15779,"Doubs, Romeo",WR,GBP,102.93,190,WR67,4683
2022,12151,"Gordon, Melvin",RB,KCC,104.4,191,RB56,3735
2022,10700,"Cousins, Kirk",QB,MIN,104.61,192,QB22,3630
2022,14841,"Claypool, Chase",WR,CHI,106.94,193,WR68,3593
2022,15749,"Pacheco, Isiah",RB,KCC,108.31,194,RB57,4190
2022,15748,"Ebner, Trestan",RB,CHI,110.15,195,RB58,357
2022,0501,"Bills, Buffalo",DEF,BUF,112.07,196,DEF1,2566
2022,15289,"Toney, Kadarius",WR,KCC,115.71,197,WR69,3421
2022,15331,"Freiermuth, Pat",TE,PIT,116.44,198,TE20,3431
2022,12176,"Parker, DeVante",WR,NEP,117.77,199,WR70,3487
2022,14867,"Kmet, Cole",TE,CHI,117.79,200,TE21,3442
2022,13668,"Chark, D.J.",WR,DET,118.85,201,WR71,3365
2022,13672,"Gesicki, Mike",TE,MIA,119.8,202,TE22,3281
2022,14813,"Robinson, James",RB,NYJ,119.82,203,RB59,3483
2022,15798,"Likely, Isaiah",TE,BAL,121.19,204,TE23,1879
2022,15258,"Carter, Michael",RB,NYJ,123.12,205,RB60,3528
2022,14778,"Tagovailoa, Tua",QB,MIA,123.68,206,QB23,3460
2022,13622,"Hines, Nyheim",RB,BUF,124.75,207,RB61,3514
2022,14223,"Mattison, Alexander",RB,MIN,126.37,208,RB62,3474
2022,14087,"Henderson, Darrell",RB,FA,127.06,209,RB63,3487
2022,0528,"Rams, Los Angeles",DEF,LAR,127.37,210,DEF2,2619
2022,13646,"Gallup, Michael",WR,DAL,127.53,211,WR72,3399
2022,10976,"Tucker, Justin",PK,BAL,129.33,212,PK1,2637
2022,15237,"Lawrence, Trevor",QB,JAC,130.24,213,QB24,3172
2022,12650,"Boyd, Tyler",WR,CIN,130.76,214,WR73,3421
2022,9099,"Ryan, Matt",QB,IND,132.31,215,QB25,3026
2022,15238,"Fields, Justin",QB,CHI,132.81,216,QB26,3104
2022,12140,"Winston, Jameis",QB,NOS,135.08,217,QB27,3215
2022,15255,"Gainwell, Kenneth",RB,PHI,135.11,218,RB64,3166
2022,13234,"Mack, Marlon",RB,DEN,135.59,219,RB65,1841
2022,15241,"Jones, Mac",QB,NEP,135.97,220,QB28,2044
2022,0530,"49ers, San Francisco",DEF,SFO,136.2,221,DEF3,2895
2022,10697,"Tannehill, Ryan",QB,TEN,136.66,222,QB29,2527
2022,12110,"Brate, Cameron",TE,TBB,137.02,223,TE24,2741
2022,15882,"York, Cade",PK,CLE,137.6,224,PK2,603
2022,12676,"Henry, Hunter",TE,NEP,137.66,225,TE25,3249
2022,13793,"Valdes-Scantling, Marquez",WR,KCC,137.8,226,WR74,3137
2022,13192,"Njoku, David",TE,CLE,137.91,227,TE26,3145
2022,10738,"Jones, Marvin",WR,JAC,138.18,228,WR75,3036
2022,0525,"Buccaneers, Tampa Bay",DEF,TBB,138.19,229,DEF4,2915
2022,14137,"Fant, Noah",TE,SEA,139.75,230,TE27,2810
2022,13108,"McKissic, J.D.",RB,WAS,140.82,231,RB66,3117
2022,14113,"Hardman, Mecole",WR,KCC,140.99,232,WR76,3068
2022,14127,"Meyers, Jakobi",WR,NEP,141.53,233,WR77,2852
2022,14873,"Okwuegbunam, Albert",TE,DEN,141.58,234,TE28,3012
2022,12141,"Mariota, Marcus",QB,ATL,142.62,235,QB30,1058
2022,13809,"Gage, Russell",WR,TBB,143.33,236,WR78,2572
2022,15368,"McPherson, Evan",PK,CIN,143.6,237,PK3,2800
2022,13113,"Watson, Deshaun",QB,CLE,143.64,238,QB31,1748
2022,15283,"Moore, Rondale",WR,ARI,143.67,239,WR79,2751
2022,0516,"Cowboys, Dallas",DEF,DAL,143.75,240,DEF5,2718
2022,15239,"Wilson, Zach",QB,NYJ,144.98,241,QB32,929
2022,14141,"Smith Jr., Irv",TE,MIN,145.69,242,TE29,2947
2022,10271,"Jones, Julio",WR,TBB,146.47,243,WR80,3019
2022,12611,"Goff, Jared",QB,DET,146.93,244,QB33,1284
2022,15271,"Herbert, Khalil",RB,CHI,148.37,245,RB67,2814
2022,15252,"Mills, Davis",QB,HOU,148.64,246,QB34,1220
2022,13718,"Carlson, Daniel",PK,LVR,148.66,247,PK4,2600
2022,11680,"Landry, Jarvis",WR,NOS,148.69,248,WR81,3014
2022,13153,"Davis, Corey",WR,NYJ,148.77,249,WR82,2653
2022,14059,"Jones, Daniel",QB,NYG,149.15,250,QB35,1312
2022,12610,"Wentz, Carson",QB,WAS,149.77,251,QB36,1208
2022,13590,"Mayfield, Baker",QB,LAR,151.05,252,QB37,1749
2022,0529,"Saints, New Orleans",DEF,NOS,151.46,253,DEF6,2873
2022,11150,"Smith, Geno",QB,SEA,152.8,254,QB38,842
2022,13139,"Williams, Jamaal",RB,DET,152.96,255,RB68,2949
2022,14983,"Bass, Tyler",PK,BUF,153.17,256,PK5,2852
2022,12447,"Mostert, Raheem",RB,MIA,153.19,257,RB69,2856
2022,13115,"Trubisky, Mitchell",QB,PIT,154.18,258,QB39,905
2022,13313,"McKenzie, Isaiah",WR,BUF,155.29,259,WR83,2234
2022,0502,"Colts, Indianapolis",DEF,IND,155.39,260,DEF7,2875
2022,15742,"Warren, Jaylen",RB,PIT,155.4,261,RB70,605
2022,13629,"Ridley, Calvin",WR,JAC,155.42,262,WR84,393
2022,13424,"Hill, Taysom",TE,NOS,155.56,263,TE30,2020
2022,14244,"Gay, Matt",PK,LAR,155.73,264,PK6,2804
2022,0523,"Packers, Green Bay",DEF,GBP,156.83,265,DEF8,2483
2022,0504,"Patriots, New England",DEF,NEP,157.07,266,DEF9,2617
2022,13680,"Hurst, Hayden",TE,CIN,157.11,267,TE31,2051
2022,12678,"Higbee, Tyler",TE,LAR,159.01,268,TE32,2294
2022,15290,"Collins, Nico",WR,HOU,159.12,269,WR85,2349
2022,13623,"Williams, Darrel",RB,ARI,159.65,270,RB71,2440
2022,0510,"Steelers, Pittsburgh",DEF,PIT,159.83,271,DEF10,2077
2022,13354,"Butker, Harrison",PK,KCC,160.03,272,PK7,2898
2022,13236,"Everett, Gerald",TE,LAC,161.26,273,TE33,2126
2022,0514,"Chargers, Los Angeles",DEF,LAC,162.46,274,DEF11,2082
2022,13427,"Tonyan, Robert",TE,GBP,163.06,275,TE34,2143
2022,10276,"Ingram, Mark",RB,NOS,163.47,276,RB72,2469
2022,13606,"Jones, Ronald",RB,KCC,163.97,277,RB73,1231
2022,15319,"Palmer, Josh",WR,LAC,164.15,278,WR86,2143
2022,0531,"Ravens, Baltimore",DEF,BAL,165.88,279,DEF12,2108
2022,0508,"Titans, Tennessee",DEF,TEN,165.9,280,DEF13,1488
2022,9686,"Succop, Ryan",PK,TBB,165.98,281,PK8,2759
2022,13277,"Golladay, Kenny",WR,NYG,166.37,282,WR87,1867
2022,14977,"Osborn, K.J.",WR,MIN,166.79,283,WR88,2078
2022,13418,"Bourne, Kendrick",WR,NEP,166.81,284,WR89,1877
2022,0511,"Broncos, Denver",DEF,DEN,166.92,285,DEF14,2311
2022,12930,"Anderson, Robbie",WR,ARI,166.95,286,WR90,2168
2022,11761,"McKinnon, Jerick",RB,KCC,167.41,287,RB74,2015
2022,0503,"Dolphins, Miami",DEF,MIA,168.5,288,DEF15,1610
2022,11670,"Watkins, Sammy",WR,BAL,168.98,289,WR91,1889
2022,13189,"Engram, Evan",TE,JAC,169.51,290,TE35,1726
2022,0518,"Eagles, Philadelphia",DEF,PHI,170.37,291,DEF16,1369
2022,0524,"Vikings, Minnesota",DEF,MIN,171.33,292,DEF17,1013
2022,15261,"Hubbard, Chuba",RB,CAR,172.73,293,RB75,1901
2022,0512,"Chiefs, Kansas City",DEF,KCC,173.68,294,DEF18,847
2022,13377,"Patrick, Tim",WR,DEN,173.69,295,WR92,452
2022,13403,"Koo, Younghoe",PK,ATL,174.24,296,PK9,1784
2022,8851,"Folk, Nick",PK,NEP,174.35,297,PK10,2079
2022,14912,"Blankenship, Rodrigo",PK,FA,174.46,298,PK11,2344
2022,0506,"Bengals, Cincinnati",DEF,CIN,174.93,299,DEF19,864
2022,0507,"Browns, Cleveland",DEF,CLE,175.98,300,DEF20,1366
2022,11647,"Thomas, Logan",TE,WAS,176.5,301,TE36,1351
2022,11182,"Burkhead, Rex",RB,HOU,177.21,302,RB76,1502
2022,13134,"Foreman, D'Onta",RB,CAR,177.28,303,RB77,1670
2022,14847,"Duvernay, Devin",WR,BAL,177.62,304,WR93,863
2022,13850,"Edwards, Gus",RB,BAL,178.94,305,RB78,1412
2022,11936,"Boswell, Chris",PK,PIT,178.98,306,PK12,927
2022,11387,"Hopkins, Dustin",PK,LAC,179.37,307,PK13,2033
2022,12677,"Hooper, Austin",TE,TEN,179.58,308,TE37,1204
2022,14844,"Edwards, Bryan",WR,FA,181.1,309,WR94,1374
2022,8930,"Prater, Matt",PK,ARI,181.11,310,PK14,1769
2022,11947,"McManus, Brandon",PK,DEN,181.7,311,PK15,1587
2022,12616,"Brissett, Jacoby",QB,CLE,181.79,312,QB40,560
2022,13871,"Hilliard, Dontrell",RB,TEN,181.82,313,RB79,1255
2022,10261,"Green, A.J.",WR,ARI,182.83,314,WR95,1389
2022,14112,"Campbell, Parris",WR,IND,182.83,315,WR96,1242
2022,12164,"Davis, Mike",RB,FA,183.05,316,RB80,1243
2022,14801,"Benjamin, Eno",RB,NOS,183.23,317,RB81,1133
2022,14858,"Jefferson, Van",WR,LAR,183.4,318,WR97,1313
2022,8153,"Gould, Robbie",PK,SFO,183.6,319,PK16,857
2022,12956,"Lutz, Wil",PK,NOS,184.35,320,PK17,719
2022,14017,"Wilson, Jeffery",RB,MIA,184.51,321,RB82,1446
2022,13909,"Maher, Brett",PK,DAL,184.94,322,PK18,471
2022,13832,"Sanders, Jason",PK,MIA,186.03,323,PK19,844
2022,13607,"Michel, Sony",RB,FA,186.17,324,RB83,1302
2022,0520,"Commanders, Washington",DEF,WAS,186.62,325,DEF21,490
2022,13898,"Joseph, Greg",PK,MIN,187.1,326,PK20,989
2022,15330,"Jordan, Brevin",TE,HOU,187.33,327,TE38,764
2022,13303,"Elliott, Jake",PK,PHI,187.75,328,PK21,561
2022,12155,"Abdullah, Ameer",RB,LVR,188.2,329,RB84,527
2022,0521,"Bears, Chicago",DEF,CHI,188.31,330,DEF22,412
2022,14837,"Hamler, KJ",WR,DEN,188.32,331,WR98,1224
2022,12184,"Crowder, Jamison",WR,BUF,189.76,332,WR99,891
2022,11679,"Beckham, Odell",WR,FA*,190.52,333,WR100,959
2022,12630,"Drake, Kenyan",RB,BAL,190.96,334,RB85,1093
2022,14857,"Peoples-Jones, Donovan",WR,CLE,191.1,335,WR101,981
2022,8742,"Crosby, Mason",PK,GBP,191.12,336,PK22,298
2022,11760,"Garoppolo, Jimmy",QB,SFO,191.5,337,QB41,545
2022,14807,"Kelley, Joshua",RB,LAC,192.43,338,RB86,432
2022,0519,"Cardinals, Arizona",DEF,ARI,193.32,339,DEF23,336
2022,15034,"Callaway, Marquez",WR,NOS,194.12,340,WR102,761
2022,14057,"Lock, Drew",QB,SEA,194.46,341,QB42,447
2022,13246,"Alie-Cox, Mo",TE,IND,195.95,342,TE39,693
2022,0527,"Panthers, Carolina",DEF,CAR,195.99,343,DEF24,325
2022,15109,"Westbrook-Ikhine, Nick",WR,TEN,196.39,344,WR103,520
2022,10312,"Rudolph, Kyle",TE,TBB,196.63,345,TE40,349
2022,14331,"Johnson, D'Ernest",RB,CLE,198.84,346,RB87,776
2022,13814,"Scott, Boston",RB,PHI,199.73,347,RB88,770
2022,13133,"Perine, Samaje",RB,CIN,201.21,348,RB89,698
2022,11886,"Williams, Damien",RB,FA,201.45,349,RB90,448
2022,13157,"Samuel, Curtis",WR,WAS,202.37,350,WR104,753
2022,13176,"Jones, Zay",WR,JAC,203.68,351,WR105,600
2022,13378,"Breida, Matt",RB,NYG,204.38,352,RB91,547
2022,14081,"Gaskin, Myles",RB,MIA,204.49,353,RB92,571
2022,14798,"Moss, Zack",RB,IND,204.52,354,RB93,692
2022,13638,"Berrios, Braxton",WR,NYJ,204.72,355,WR106,419
2022,15257,"Sermon, Trey",RB,PHI,206.32,356,RB94,592
2022,10308,"Cobb, Randall",WR,GBP,206.53,357,WR107,542
2022,14838,"Shenault, Laviska",WR,CAR,207.83,358,WR108,574
2022,12658,"Shepard, Sterling",WR,NYG,209.28,359,WR109,627
2022,14870,"Trautman, Adam",TE,NOS,212.07,360,TE41,446
2022,15275,"Evans, Chris",RB,CIN,212.59,361,RB95,565
2022,12647,"Fuller, Will",WR,FA*,216.62,362,WR110,379
2022,12317,"Uzomah, C.J.",TE,NYJ,217.92,363,TE42,384
2022,15308,"Marshall, Terrace",WR,CAR,218.34,364,WR111,380
2022,13675,"Conklin, Tyler",TE,NYJ,220.26,365,TE43,419
2022,13863,"Pringle, Byron",WR,CHI,221.33,366,WR112,388
2022,13193,"Smith, Jonnu",TE,NEP,235.23,367,TE44,328
2023,14836,"Jefferson, Justin",WR,MIN,2.97,1,WR1,3765
2023,15281,"Chase, Ja'Marr",WR,CIN,4.97,2,WR2,3895
2023,13130,"McCaffrey, Christian",RB,SFO,5.05,3,RB1,4093
2023,16161,"Robinson, Bijan",RB,ATL,6.73,4,RB2,7508
2023,13404,"Ekeler, Austin",RB,LAC,8.63,5,RB3,4000
2023,12801,"Hill, Tyreek",WR,MIA,9.61,6,WR3,4092
2023,11244,"Kelce, Travis",TE,KCC,9.96,7,TE1,4097
2023,13116,"Mahomes, Patrick",QB,KCC,13.11,8,QB1,3906
2023,14832,"Lamb, CeeDee",WR,DAL,13.25,9,WR4,4012
2023,13604,"Barkley, Saquon",RB,NYG,13.52,10,RB4,4070
2023,12186,"Diggs, Stefon",WR,BUF,13.78,11,WR5,4184
2023,13164,"Kupp, Cooper",WR,LAR,15.42,12,WR6,3860
2023,13589,"Allen, Josh",QB,BUF,15.47,13,QB2,3933
2023,13610,"Chubb, Nick",RB,CLE,16.52,14,RB5,4098
2023,14104,"Brown, A.J.",WR,PHI,16.99,15,WR7,4178
2023,14783,"Hurts, Jalen",QB,PHI,17.55,16,QB3,3882
2023,15287,"St. Brown, Amon-Ra",WR,DET,17.77,17,WR8,4001
2023,16162,"Gibbs, Jahmyr",RB,DET,18.96,18,RB6,7542
2023,11675,"Adams, Davante",WR,LVR,19.11,19,WR9,4080
2023,15753,"Wilson, Garrett",WR,NYJ,20.18,20,WR10,3869
2023,12626,"Henry, Derrick",RB,TEN,20.3,21,RB7,4147
2023,14085,"Pollard, Tony",RB,DAL,20.72,22,RB8,3985
2023,14073,"Jacobs, Josh",RB,LVR,21.96,23,RB9,4094
2023,15284,"Waddle, Jaylen",WR,MIA,24.57,24,WR11,4040
2023,15754,"Olave, Chris",WR,NOS,28.51,25,WR12,3951
2023,13593,"Jackson, Lamar",QB,BAL,28.88,26,QB4,4198
2023,15282,"Smith, DeVonta",WR,PHI,30.99,27,WR13,4104
2023,14777,"Burrow, Joe",QB,CIN,31.2,28,QB5,3976
2023,14102,"Metcalf, DK",WR,SEA,31.45,29,WR14,4164
2023,15254,"Harris, Najee",RB,PIT,31.69,30,RB10,4276
2023,13671,"Andrews, Mark",TE,BAL,32.16,31,TE2,4302
2023,14835,"Higgins, Tee",WR,CIN,32.9,32,WR15,4200
2023,13131,"Mixon, Joe",RB,CIN,32.95,33,RB11,4358
2023,15259,"Stevenson, Rhamondre",RB,NEP,33.57,34,RB12,3927
2023,13629,"Ridley, Calvin",WR,JAC,34.88,35,WR16,4239
2023,14779,"Herbert, Justin",QB,LAC,35.28,36,QB6,4091
2023,14136,"Samuel, Deebo",WR,SFO,35.84,37,WR17,4287
2023,15253,"Etienne, Travis",RB,JAC,35.94,38,RB13,4127
2023,11222,"Allen, Keenan",WR,LAC,39.87,39,WR18,4418
2023,13319,"Jones, Aaron",RB,GBP,40.15,40,RB14,4395
2023,16223,"Anderson, Will",DE,HOU,40.24,41,DE1,1433
2023,15238,"Fields, Justin",QB,CHI,40.49,42,QB7,3979
2023,15711,"Walker III, Kenneth",RB,SEA,41.72,43,RB15,4016
2023,15708,"Hall, Breece",RB,NYJ,42.84,44,RB16,4107
2023,14802,"Taylor, Jonathan",RB,IND,42.98,45,RB17,4214
2023,16239,"Campbell, Jack",LB,DET,43.09,46,LB1,1496
2023,12175,"Cooper, Amari",WR,CLE,44.46,47,WR19,4422
2023,14138,"Hockenson, T.J.",TE,MIN,47.57,48,TE3,4297
2023,15237,"Lawrence, Trevor",QB,JAC,47.89,49,QB8,4087
2023,15789,"Watson, Christian",WR,GBP,48.57,50,WR20,4198
2023,16231,"Sanders, Drew",LB,DEN,51.45,51,LB2,1161
2023,13299,"Kittle, George",TE,SFO,51.99,52,TE4,4421
2023,14800,"Dobbins, J.K.",RB,BAL,52.12,53,RB18,4271
2023,13635,"Moore, D.J.",WR,CHI,52.34,54,WR21,4471
2023,16186,"Addison, Jordan",WR,MIN,52.95,55,WR22,7513
2023,16226,"Wilson, Tyree",DE,LVR,53.18,56,DE2,1132
2023,16185,"Smith-Njigba, Jaxon",WR,SEA,53.45,57,WR23,7411
2023,15717,"Pierce, Dameon",RB,HOU,53.55,58,RB19,4351
2023,11232,"Hopkins, DeAndre",WR,TEN,53.68,59,WR24,4306
2023,16151,"Hooker, Hendon",QB,DET,54.38,60,QB9,3092
2023,13163,"Godwin, Chris",WR,TBB,55.22,61,WR25,4358
2023,16280,"Henley, Daiyan",LB,LAC,55.75,62,LB3,1102
2023,15751,"London, Drake",WR,ATL,55.94,63,WR26,4285
2023,16149,"Levis, Will",QB,TEN,56.03,64,QB10,3567
2023,16150,"Stroud, C.J.",QB,HOU,56.76,65,QB11,4958
2023,16152,"Richardson, Anthony",QB,IND,57.25,66,QB12,7548
2023,16230,"Van Ness, Lukas",DE,GBP,57.37,67,DE3,1058
2023,16233,"Carter, Jalen",DT,PHI,57.84,68,DT1,1256
2023,16190,"Flowers, Zay",WR,BAL,58.27,69,WR27,7809
2023,16234,"Simpson, Trenton",LB,BAL,58.39,70,LB4,1029
2023,12263,"Waller, Darren",TE,NYG,59.06,71,TE5,4481
2023,14223,"Mattison, Alexander",RB,MIN,59.45,72,RB20,4356
2023,14079,"Sanders, Miles",RB,CAR,59.85,73,RB21,4309
2023,15256,"Williams, Javonte",RB,DEN,60.01,74,RB22,4370
2023,13146,"Conner, James",RB,ARI,61.42,75,RB23,4392
2023,14109,"McLaurin, Terry",WR,WAS,61.63,76,WR28,4433
2023,15721,"White, Rachaad",RB,TBB,61.74,77,RB24,4264
2023,14840,"Aiyuk, Brandon",WR,SFO,63.23,78,WR29,4501
2023,14799,"Akers, Cam",RB,MIN,63.45,79,RB25,4289
2023,16169,"Charbonnet, Zach",RB,SEA,63.98,80,RB26,7525
2023,16284,"Williams, Dorian",LB,BUF,64.13,81,LB5,870
2023,16148,"Young, Bryce",QB,CAR,64.2,82,QB13,5572
2023,13633,"Kirk, Christian",WR,JAC,64.71,83,WR30,4417
2023,13674,"Goedert, Dallas",TE,PHI,64.71,84,TE6,4529
2023,15329,"Pitts, Kyle",TE,ATL,64.76,85,TE7,4386
2023,11671,"Evans, Mike",WR,TBB,64.76,86,WR31,4356
2023,14208,"Johnson, Diontae",WR,PIT,66.29,87,WR32,4637
2023,16228,"Smith, Nolan",DE,PHI,66.38,88,DE4,927
2023,13154,"Williams, Mike",WR,LAC,66.95,89,WR33,4485
2023,16213,"Kincaid, Dalton",TE,BUF,66.97,90,TE8,7442
2023,12187,"Lockett, Tyler",WR,SEA,67.11,91,WR34,4508
2023,16188,"Johnston, Quentin",WR,LAC,67.25,92,WR35,7167
2023,16224,"Murphy, Myles",DE,CIN,67.29,93,DE5,843
2023,16244,"Branch, Brian",S,DET,68.25,94,S1,1164
2023,16191,"Tillman, Cedric",WR,CLE,68.49,95,WR36,4105
2023,16212,"Mayer, Michael",TE,LVR,68.85,96,TE9,4674
2023,15715,"Cook, James",RB,BUF,69.14,97,RB27,4456
2023,16187,"Downs, Josh",WR,IND,69.31,98,WR37,4151
2023,13132,"Kamara, Alvin",RB,NOS,69.92,99,RB28,4555
2023,14842,"Pittman, Michael",WR,IND,69.97,100,WR38,4356
2023,14833,"Jeudy, Jerry",WR,DEN,69.98,101,WR39,4383
2023,14797,"Swift, D'Andre",RB,PHI,70.62,102,RB29,4582
2023,16222,"Kraft, Tucker",TE,GBP,70.81,103,TE10,2919
2023,16254,"Kancey, Calijah",DT,TBB,71.03,104,DT2,618
2023,16168,"Abanikanda, Israel",RB,NYJ,71.2,105,RB30,3667
2023,16283,"Overshown, DeMarvion",LB,DAL,71.44,106,LB6,710
2023,13128,"Cook, Dalvin",RB,BAL,71.48,107,RB31,4509
2023,16216,"Washington, Darnell",TE,PIT,73.02,108,TE11,3300
2023,13113,"Watson, Deshaun",QB,CLE,73.06,109,QB14,4186
2023,15749,"Pacheco, Isiah",RB,KCC,73.47,110,RB32,4431
2023,16221,"Schoonmaker, Luke",TE,DAL,73.71,111,TE12,4193
2023,14071,"Montgomery, David",RB,DET,73.72,112,RB33,4598
2023,16153,"Bennett, Stetson",QB,LAR,73.85,113,QB15,2493
2023,12620,"Prescott, Dak",QB,DAL,74.05,114,QB16,4433
2023,15762,"Pickens, George",WR,PIT,74.24,115,WR40,4429
2023,16241,"Witherspoon, Devon",CB,SEA,74.81,116,CB1,755
2023,16252,"McDonald, Will",DE,NYJ,75.12,117,DE6,741
2023,16193,"Boutte, Kayshon",WR,NEP,75.13,118,WR41,2853
2023,16167,"Achane, De'Von",RB,MIA,75.5,119,RB34,7040
2023,16269,"Strange, Brenton",TE,JAC,75.88,120,TE13,1932
2023,16245,"Battle, Jordan",S,CIN,75.89,121,S2,1230
2023,16171,"Miller, Kendre",RB,NOS,75.99,122,RB35,6004
2023,16271,"Brown, Sydney",S,PHI,76.3,123,S3,781
2023,16256,"Bresee, Bryan",DT,NOS,76.64,124,DT3,570
2023,16179,"McBride, DeWayne",RB,MIN,76.64,125,RB36,3394
2023,16163,"Evans, Zach",RB,LAR,77.37,126,RB37,3632
2023,16206,"Wilson, Michael",WR,ARI,77.92,127,WR42,3904
2023,16205,"Scott, Tyler",WR,CHI,77.97,128,WR43,2435
2023,16257,"Anudike-Uzomah, Felix",DE,KCC,79.08,129,DE7,633
2023,16203,"Jones, Charlie",WR,CIN,80.15,130,WR44,2378
2023,16214,"LaPorta, Sam",TE,DET,80.74,131,TE14,7207
2023,16181,"Brown, Chase",RB,CIN,80.83,132,RB38,4879
2023,16173,"Gray, Eric",RB,NYG,81.16,133,RB39,3227
2023,15755,"Dotson, Jahan",WR,WAS,81.33,134,WR45,4423
2023,16175,"Johnson, Roschon",RB,CHI,81.36,135,RB40,6656
2023,14778,"Tagovailoa, Tua",QB,MIA,81.57,136,QB17,4465
2023,16196,"Perry, A.T.",WR,NOS,82.03,137,WR46,2582
2023,16197,"Mingo, Jonathan",WR,CAR,82.47,138,WR47,6113
2023,10700,"Cousins, Kirk",QB,MIN,82.66,139,QB18,4484
2023,14105,"Brown, Marquise",WR,ARI,82.75,140,WR48,4543
2023,15271,"Herbert, Khalil",RB,CHI,83.06,141,RB41,4455
2023,13189,"Engram, Evan",TE,JAC,83.09,142,TE15,4333
2023,16194,"Rice, Rashee",WR,KCC,83.75,143,WR49,6153
2023,16201,"Hutchinson, Xavier",WR,HOU,83.77,144,WR50,2112
2023,16183,"Hyatt, Jalin",WR,NYG,83.95,145,WR51,5371
2023,16204,"Dell, Tank",WR,HOU,84.74,146,WR52,4675
2023,16164,"Bigsby, Tank",RB,JAC,84.77,147,RB42,7149
2023,16184,"Reed, Jayden",WR,GBP,84.84,148,WR53,5531
2023,16165,"Spears, Tyjae",RB,TEN,85.57,149,RB43,7151
2023,16225,"Ojulari, BJ",DE,ARI,86.59,150,DE8,499
2023,16189,"Mims, Marvin",WR,DEN,86.82,151,WR54,6010
2023,15716,"Robinson, Brian",RB,WAS,87.43,152,RB44,4385
2023,16236,"To'oTo'o, Henry",LB,HOU,87.71,153,LB7,516
2023,16211,"Nacua, Puka",WR,LAR,88.26,154,WR55,3633
2023,11674,"Cooks, Brandin",WR,DAL,88.3,155,WR56,4658
2023,16215,"Musgrave, Luke",TE,GBP,88.95,156,TE16,5987
2023,16275,"Mapu, Marte",LB,NEP,89.5,157,LB8,482
2023,15331,"Freiermuth, Pat",TE,PIT,89.84,158,TE17,4397
2023,13630,"Sutton, Courtland",WR,DEN,89.92,159,WR57,4551
2023,16249,"Kuntz, Zack",TE,NYJ,89.94,160,TE18,1157
2023,16174,"Rodriguez, Chris",RB,WAS,90.0,161,RB45,2443
2023,11150,"Smith, Geno",QB,SEA,90.85,162,QB19,4326
2023,14845,"Davis, Gabriel",WR,BUF,92.13,163,WR58,4644
2023,16251,"Gonzalez, Christian",CB,NEP,92.2,164,CB2,487
2023,16240,"Porter Jr., Joey",CB,PIT,92.65,165,CB3,579
2023,16210,"Shorter, Justin",WR,BUF,92.68,166,WR59,1367
2023,16180,"Hull, Evan",RB,IND,93.31,167,RB46,3967
2023,16156,"Haener, Jake",QB,NOS,93.42,168,QB20,1048
2023,16263,"Martin, Jartavius",S,WAS,93.99,169,S4,790
2023,14805,"Dillon, AJ",RB,GBP,94.36,170,RB47,4593
2023,16166,"Tucker, Sean",RB,TBB,94.43,171,RB48,3493
2023,15821,"Dean, Nakobe",LB,PHI,94.81,172,LB9,489
2023,7836,"Rodgers, Aaron",QB,NYJ,95.34,173,QB21,4505
2023,14852,"Gibson, Antonio",RB,WAS,97.43,174,RB49,4577
2023,16287,"Tucker, Tre",WR,LVR,97.71,175,WR60,1182
2023,16380,"Prince, Deneric",RB,KCC,98.96,176,RB50,1757
2023,13192,"Njoku, David",TE,CLE,99.16,177,TE19,4509
2023,13156,"Smith-Schuster, JuJu",WR,NEP,100.35,178,WR61,4472
2023,16159,"O'Connell, Aidan",QB,LVR,100.45,179,QB22,1388
2023,14059,"Jones, Daniel",QB,NYG,101.05,180,QB23,4415
2023,16176,"Vaughn, Deuce",RB,DAL,101.35,181,RB51,5262
2023,16160,"Tune, Clayton",QB,ARI,101.72,182,QB24,1273
2023,12652,"Thomas, Michael",WR,NOS,101.73,183,WR62,4656
2023,16237,"Pappoe, Owen",LB,ARI,101.82,184,LB10,495
2023,16333,"Higgins, Elijah",TE,ARI,102.69,185,TE20,902
2023,16170,"McIntosh, Kenny",RB,SEA,102.73,186,RB52,1410
2023,16312,"Whyle, Josh",TE,TEN,103.71,187,TE21,603
2023,0530,"49ers, San Francisco",DEF,SFO,105.41,188,DEF1,3322
2023,16195,"Wicks, Dontayvion",WR,GBP,105.56,189,WR63,1005
2023,11679,"Beckham, Odell",WR,BAL,106.32,190,WR64,4645
2023,16158,"Thompson-Robinson, Dorian",QB,CLE,107.0,191,QB25,1078
2023,13139,"Williams, Jamaal",RB,NOS,107.22,192,RB53,4505
2023,16199,"Palmer, Trey",WR,TBB,107.56,193,WR65,1949
2023,13245,"Reddick, Haason",DE,PHI,108.13,194,DE9,431
2023,12611,"Goff, Jared",QB,DET,108.57,195,QB26,4470
2023,15289,"Toney, Kadarius",WR,KCC,109.82,196,WR66,4465
2023,16192,"Washington, Parker",WR,JAC,110.22,197,WR67,816
2023,12447,"Mostert, Raheem",RB,MIA,110.53,198,RB54,4714
2023,16217,"Latu, Cameron",TE,SFO,110.74,199,TE22,763
2023,15752,"Burks, Treylon",WR,TEN,110.76,200,WR68,4053
2023,16359,"Nichols, Lew",RB,PHI,111.35,201,RB55,481
2023,11761,"McKinnon, Jerick",RB,KCC,111.53,202,RB56,4558
2023,15766,"Moore, Skyy",WR,KCC,112.04,203,WR69,4484
2023,13133,"Perine, Samaje",RB,DEN,112.21,204,RB57,4582
2023,15288,"Moore, Elijah",WR,CLE,112.82,205,WR70,4385
2023,0518,"Eagles, Philadelphia",DEF,PHI,114.9,206,DEF2,3440
2023,16172,"Ibrahim, Mohamed",RB,FA,115.23,207,RB58,571
2023,16178,"Mitchell, Keaton",RB,BAL,115.32,208,RB59,876
2023,10976,"Tucker, Justin",PK,BAL,115.66,209,PK1,2965
2023,0516,"Cowboys, Dallas",DEF,DAL,118.16,210,DEF3,3408
2023,13772,"Schultz, Dalton",TE,HOU,119.17,211,TE23,4348
2023,13700,"Landry, Harold",DE,TEN,119.47,212,DE10,426
2023,14127,"Meyers, Jakobi",WR,LVR,119.92,213,WR71,4264
2023,12625,"Elliott, Ezekiel",RB,NEP,120.56,214,RB60,4525
2023,11644,"Carr, Derek",QB,NOS,122.01,215,QB27,4105
2023,16154,"Hall, Jaren",QB,MIN,122.28,216,QB28,513
2023,15290,"Collins, Nico",WR,HOU,122.53,217,WR72,4304
2023,13307,"Milano, Matt",LB,BUF,122.88,218,LB11,408
2023,14861,"Johnson, Juwan",TE,NOS,123.89,219,TE24,4182
2023,14782,"Love, Jordan",QB,GBP,124.19,220,QB29,3845
2023,15698,"Purdy, Brock",QB,SFO,124.59,221,QB30,3846
2023,15742,"Warren, Jaylen",RB,PIT,124.63,222,RB61,4484
2023,15779,"Doubs, Romeo",WR,GBP,124.97,223,WR73,4132
2023,10703,"Wilson, Russell",QB,DEN,125.22,224,QB31,3903
2023,9431,"Stafford, Matthew",QB,LAR,125.31,225,QB32,3322
2023,14224,"Gardner-Johnson, Chauncey",S,DET,125.68,226,S5,425
2023,15293,"Bateman, Rashod",WR,BAL,126.37,227,WR74,4086
2023,15693,"Howell, Sam",QB,WAS,126.9,228,QB33,3306
2023,13632,"Lazard, Allen",WR,NYJ,126.98,229,WR75,4354
2023,13608,"Penny, Rashaad",RB,PHI,128.18,230,RB62,4192
2023,12678,"Higbee, Tyler",TE,LAR,128.61,231,TE25,4312
2023,16286,"Moody, Jake",PK,SFO,129.46,232,PK2,1908
2023,14867,"Kmet, Cole",TE,CHI,129.7,233,TE26,4155
2023,13176,"Jones, Zay",WR,JAC,129.77,234,WR76,4115
2023,0501,"Bills, Buffalo",DEF,BUF,129.89,235,DEF4,3576
2023,0504,"Patriots, New England",DEF,NEP,130.13,236,DEF5,2964
2023,15692,"Pickett, Kenny",QB,PIT,130.29,237,QB34,3419
2023,0731,"Ravens, Baltimore",TMPK,BAL,130.8,238,TMPK1,583
2023,16299,"Davis, Derius",WR,LAC,132.62,239,WR77,424
2023,16342,"Douglas, Demario",WR,NEP,132.77,240,WR78,569
2023,14056,"Murray, Kyler",QB,ARI,133.03,241,QB35,2580
2023,15889,"Okonkwo, Chigoziem",TE,TEN,133.11,242,TE27,3986
2023,15756,"Williams, Jameson",WR,DET,133.21,243,WR79,3585
2023,16207,"Iosivas, Andrei",WR,CIN,133.24,244,WR80,560
2023,11760,"Garoppolo, Jimmy",QB,LVR,134.01,245,QB36,2441
2023,15255,"Gainwell, Kenneth",RB,PHI,134.08,246,RB63,4301
2023,15263,"Mitchell, Elijah",RB,SFO,134.91,247,RB64,4296
2023,14075,"Harris, Damien",RB,BUF,135.68,248,RB65,4074
2023,15712,"Allgeier, Tyler",RB,ATL,136.44,249,RB66,4121
2023,15738,"Davis, Malik",RB,DAL,137.83,250,RB67,1370
2023,15241,"Jones, Mac",QB,NEP,138.1,251,QB37,1416
2023,13668,"Chark, D.J.",WR,CAR,138.22,252,WR81,3955
2023,0505,"Jets, New York",DEF,NYJ,138.38,253,DEF6,3539
2023,11938,"Thielen, Adam",WR,CAR,138.48,254,WR82,4274
2023,15368,"McPherson, Evan",PK,CIN,139.26,255,PK3,2971
2023,13793,"Valdes-Scantling, Marquez",WR,KCC,139.89,256,WR83,4001
2023,13354,"Butker, Harrison",PK,KCC,139.89,257,PK4,3281
2023,13718,"Carlson, Daniel",PK,LVR,139.94,258,PK5,2816
2023,13590,"Mayfield, Baker",QB,TBB,140.16,259,QB38,1609
2023,10697,"Tannehill, Ryan",QB,TEN,140.33,260,QB39,1498
2023,16390,"McLaughlin, Jaleel",RB,DEN,140.4,261,RB68,560
2023,15697,"Ridder, Desmond",QB,ATL,140.77,262,QB40,1391
2023,16339,"Carlson, Anders",PK,GBP,142.14,263,PK6,463
2023,15797,"Dulcich, Greg",TE,DEN,142.76,264,TE28,3416
2023,13303,"Elliott, Jake",PK,PHI,143.42,265,PK7,3257
2023,0510,"Steelers, Pittsburgh",DEF,PIT,143.61,266,DEF7,3209
2023,14143,"Knox, Dawson",TE,BUF,143.99,267,TE29,3115
2023,14983,"Bass, Tyler",PK,BUF,144.92,268,PK8,3178
2023,14080,"Singletary, Devin",RB,HOU,145.03,269,RB69,3868
2023,0531,"Ravens, Baltimore",DEF,BAL,145.7,270,DEF8,3530
2023,16292,"Ryland, Chad",PK,NEP,146.86,271,PK9,779
2023,0529,"Saints, New Orleans",DEF,NOS,147.36,272,DEF9,3417
2023,0512,"Chiefs, Kansas City",DEF,KCC,147.75,273,DEF10,2768
2023,14823,"Dowdle, Rico",RB,DAL,149.39,274,RB70,2032
2023,15283,"Moore, Rondale",WR,ARI,149.62,275,WR84,3397
2023,12650,"Boyd, Tyler",WR,CIN,150.6,276,WR85,3748
2023,0509,"Jaguars, Jacksonville",DEF,JAC,152.22,277,DEF11,2954
2023,0503,"Dolphins, Miami",DEF,MIA,153.02,278,DEF12,2438
2023,13236,"Everett, Gerald",TE,LAC,153.57,279,TE30,3403
2023,14858,"Jefferson, Van",WR,ATL,153.59,280,WR86,3432
2023,15713,"Ford, Jerome",RB,CLE,153.76,281,RB71,2830
2023,13424,"Hill, Taysom",TE,NOS,153.81,282,TE31,2761
2023,16414,"Aubrey, Brandon",PK,DAL,154.46,283,PK10,1480
2023,15240,"Lance, Trey",QB,DAL,156.35,284,QB41,862
2023,13909,"Maher, Brett",PK,LAR,157.56,285,PK11,805
2023,15799,"Ferguson, Jake",TE,DAL,157.72,286,TE32,2437
2023,14141,"Smith Jr., Irv",TE,CIN,158.41,287,TE33,2430
2023,14974,"Mooney, Darnell",WR,CHI,158.45,288,WR87,3138
2023,0713,"Raiders, Las Vegas",TMPK,LVR,158.51,289,TMPK2,405
2023,0706,"Bengals, Cincinnati",TMPK,CIN,158.79,290,TMPK3,512
2023,14977,"Osborn, K.J.",WR,MIN,159.18,291,WR88,3170
2023,13403,"Koo, Younghoe",PK,ATL,159.22,292,PK12,3056
2023,14017,"Wilson, Jeffery",RB,MIA,159.61,293,RB72,2932
2023,0522,"Lions, Detroit",DEF,DET,159.63,294,DEF13,988
2023,0712,"Chiefs, Kansas City",TMPK,KCC,160.07,295,TMPK4,591
2023,13134,"Foreman, D'Onta",RB,CHI,160.18,296,RB73,2913
2023,14076,"Williams, Trayveon",RB,CIN,160.74,297,RB74,982
2023,15979,"Dicker, Cameron",PK,LAC,161.45,298,PK13,2436
2023,0506,"Bengals, Cincinnati",DEF,CIN,161.79,299,DEF14,1597
2023,0507,"Browns, Cleveland",DEF,CLE,161.82,300,DEF15,1408
2023,14849,"Hodgins, Isaiah",WR,NYG,161.89,301,WR89,2587
2023,0701,"Bills, Buffalo",TMPK,BUF,162.04,302,TMPK5,582
2023,15714,"White, Zamir",RB,LVR,162.75,303,RB75,3091
2023,0523,"Packers, Green Bay",DEF,GBP,162.94,304,DEF16,1517
2023,15261,"Hubbard, Chuba",RB,CAR,164.4,305,RB76,3159
2023,11247,"Ertz, Zach",TE,FA,164.98,306,TE34,2278
2023,0511,"Broncos, Denver",DEF,DEN,165.74,307,DEF17,2065
2023,0520,"Commanders, Washington",DEF,WAS,167.24,308,DEF18,2303
2023,15369,"Patterson, Riley",PK,JAC,167.56,309,PK14,1685
2023,12176,"Parker, DeVante",WR,NEP,167.94,310,WR90,2581
2023,15794,"McBride, Trey",TE,ARI,168.22,311,TE35,989
2023,14857,"Peoples-Jones, Donovan",WR,DET,168.23,312,WR91,2753
2023,15723,"Chandler, Ty",RB,MIN,168.41,313,RB77,2246
2023,11936,"Boswell, Chris",PK,PIT,168.41,314,PK15,877
2023,15277,"Jackson, Deon",RB,NYG,168.51,315,RB78,1854
2023,12437,"Myers, Jason",PK,SEA,168.76,316,PK16,2325
2023,15763,"Ross, Justyn",WR,KCC,168.82,317,WR92,1524
2023,0718,"Eagles, Philadelphia",TMPK,PHI,168.83,318,TMPK6,515
2023,0502,"Colts, Indianapolis",DEF,IND,170.72,319,DEF19,666
2023,0515,"Seahawks, Seattle",DEF,SEA,170.84,320,DEF20,1159
2023,0528,"Rams, Los Angeles",DEF,LAR,171.12,321,DEF21,472
2023,14798,"Moss, Zack",RB,IND,171.45,322,RB79,2137
2023,16080,"Shaheed, Rashid",WR,NOS,171.59,323,WR93,1716
2023,13646,"Gallup, Michael",WR,DAL,171.78,324,WR94,2607
2023,0525,"Buccaneers, Tampa Bay",DEF,TBB,172.5,325,DEF22,443
2023,13850,"Edwards, Gus",RB,BAL,172.67,326,RB80,2473
2023,14803,"Edwards-Helaire, Clyde",RB,KCC,172.82,327,RB81,2497
2023,15757,"Robinson, Wan'Dale",WR,NYG,173.6,328,WR95,1534
2023,13675,"Conklin, Tyler",TE,NYJ,173.86,329,TE36,1821
2023,13832,"Sanders, Jason",PK,MIA,174.0,330,PK17,1694
2023,13129,"Fournette, Leonard",RB,FA,174.35,331,RB82,1951
2023,13138,"Hunt, Kareem",RB,CLE,174.57,332,RB83,2431
2023,10868,"Zuerlein, Greg",PK,NYJ,174.68,333,PK18,1170
2023,13157,"Samuel, Curtis",WR,WAS,174.99,334,WR96,2413
2023,9694,"Gano, Graham",PK,NYG,175.36,335,PK19,1438
2023,13672,"Gesicki, Mike",TE,NEP,177.24,336,TE37,1176
2023,15759,"Metchie, John",WR,HOU,177.84,337,WR97,1332
2023,14244,"Gay, Matt",PK,IND,177.9,338,PK20,747
2023,0514,"Chargers, Los Angeles",DEF,LAC,178.29,339,DEF23,736
2023,15768,"Pierce, Alec",WR,IND,178.41,340,WR98,1874
2023,13898,"Joseph, Greg",PK,MIN,178.78,341,PK21,1207
2023,14122,"Slayton, Darius",WR,NYG,179.6,342,WR99,2156
2023,13680,"Hurst, Hayden",TE,CAR,179.62,343,TE38,1458
2023,15798,"Likely, Isaiah",TE,BAL,179.99,344,TE39,1167
2023,11947,"McManus, Brandon",PK,JAC,180.0,345,PK22,1210
2023,14112,"Campbell, Parris",WR,NYG,181.62,346,WR100,1809
2023,14123,"Renfrow, Hunter",WR,LVR,181.69,347,WR101,2154
2023,0517,"Giants, New York",DEF,NYG,181.8,348,DEF24,561
2023,14137,"Fant, Noah",TE,SEA,182.09,349,TE40,1188
2023,15710,"Williams, Kyren",RB,LAR,182.3,350,RB84,1187
2023,12956,"Lutz, Wil",PK,DEN,182.54,351,PK23,622
2023,0714,"Chargers, Los Angeles",TMPK,LAC,183.4,352,TMPK7,464
2023,0726,"Falcons, Atlanta",TMPK,ATL,183.73,353,TMPK8,535
2023,11225,"Patterson, Cordarrelle",RB,ATL,183.84,354,RB85,1947
2023,12676,"Henry, Hunter",TE,NEP,183.99,355,TE41,1520
2023,15840,"Woods, Jelani",TE,IND,184.16,356,TE42,837
2023,13726,"Edmonds, Chase",RB,TBB,186.79,357,RB86,1449
2023,14807,"Kelley, Joshua",RB,LAC,188.19,358,RB87,1700
2023,15319,"Palmer, Josh",WR,LAC,189.75,359,WR102,1380
2023,11228,"Woods, Robert",WR,HOU,190.08,360,WR103,1640
2023,9899,"McCoy, Colt",QB,FA,194.69,361,QB42,573
2023,15802,"Otton, Cade",TE,TBB,195.55,362,TE43,923
2023,13724,"James, Richie",WR,KCC,195.55,363,WR104,916
2023,14841,"Claypool, Chase",WR,MIA,195.71,364,WR105,1106
2023,15242,"Trask, Kyle",QB,TBB,196.2,365,QB43,528
2023,15258,"Carter, Michael",RB,ARI,196.58,366,RB88,1203
2023,15761,"Shakir, Khalil",WR,BUF,197.18,367,WR106,698
2023,13168,"Reynolds, Josh",WR,DET,197.96,368,WR107,802
2023,15734,"Ingram, Keaontay",RB,FA,198.29,369,RB89,1031
2023,15275,"Evans, Chris",RB,CIN,199.16,370,RB90,419
2023,11390,"Murray, Latavius",RB,BUF,201.17,371,RB91,842
2023,10738,"Jones, Marvin",WR,FA,203.83,372,WR108,832
2023,14067,"Minshew, Gardner",QB,IND,204.45,373,QB44,621
2023,15308,"Marshall, Terrace",WR,CAR,205.14,374,WR109,744
2023,13378,"Breida, Matt",RB,NYG,205.99,375,RB92,710
2023,13598,"White, Mike",QB,MIA,208.17,376,QB45,557
2023,13592,"Darnold, Sam",QB,SFO,208.54,377,QB46,510
2023,13289,"Hollins, Mack",WR,ATL,209.86,378,WR110,660
2023,11678,"Robinson, Allen",WR,PIT,210.28,379,WR111,891
2023,15733,"Strong Jr., Pierre",RB,CLE,211.1,380,RB93,690
2023,12677,"Hooper, Austin",TE,LVR,212.34,381,TE44,589
2023,14113,"Hardman, Mecole",WR,KCC,213.24,382,WR112,812
2023,13418,"Bourne, Kendrick",WR,NEP,214.0,383,WR113,412
2023,15787,"Thornton, Tyquan",WR,NEP,214.73,384,WR114,611
2023,11647,"Thomas, Logan",TE,WAS,216.05,385,TE45,662
2023,13377,"Patrick, Tim",WR,DEN,218.67,386,WR115,435
2023,12616,"Brissett, Jacoby",QB,WAS,219.46,387,QB47,489
2023,14108,"Dortch, Greg",WR,ARI,221.18,388,WR116,453
2023,15972,"Mason, Jordan",RB,SFO,224.33,389,RB94,427
2023,15709,"Spiller, Isaiah",RB,LAC,226.39,390,RB95,490
2024,13130,"McCaffrey, Christian",RB,SFO,3.18,1,RB1,3477
2024,14832,"Lamb, CeeDee",WR,DAL,4.19,2,WR1,3561
2024,12801,"Hill, Tyreek",WR,MIA,5.67,3,WR2,3527
2024,16161,"Robinson, Bijan",RB,ATL,6.24,4,RB2,3555
2024,15708,"Hall, Breece",RB,NYJ,6.89,5,RB3,3435
2024,15287,"St. Brown, Amon-Ra",WR,DET,7.29,6,WR3,3482
2024,14836,"Jefferson, Justin",WR,MIN,7.9,7,WR4,3591
2024,15281,"Chase, Ja'Marr",WR,CIN,7.99,8,WR5,3567
2024,16614,"Harrison Jr., Marvin",WR,ARI,11.39,9,WR6,6926
2024,14104,"Brown, A.J.",WR,PHI,12.02,10,WR7,3622
2024,14802,"Taylor, Jonathan",RB,IND,13.09,11,RB4,3506
2024,13604,"Barkley, Saquon",RB,PHI,13.98,12,RB5,3781
2024,16162,"Gibbs, Jahmyr",RB,DET,14.52,13,RB6,3691
2024,15753,"Wilson, Garrett",WR,NYJ,15.11,14,WR8,3532
2024,16211,"Nacua, Puka",WR,LAR,17.34,15,WR9,3432
2024,15253,"Etienne, Travis",RB,JAC,20.79,16,RB7,3623
2024,13589,"Allen, Josh",QB,BUF,21.18,17,QB1,3585
2024,15710,"Williams, Kyren",RB,LAR,21.79,18,RB8,3536
2024,12626,"Henry, Derrick",RB,BAL,24.21,19,RB9,3896
2024,11675,"Adams, Davante",WR,NYJ,24.91,20,WR10,3699
2024,16615,"Nabers, Malik",WR,NYG,24.93,21,WR11,7036
2024,15749,"Pacheco, Isiah",RB,KCC,26.07,22,RB10,3650
2024,13116,"Mahomes, Patrick",QB,KCC,27.64,23,QB2,3664
2024,15754,"Olave, Chris",WR,NOS,27.71,24,WR12,3618
2024,16167,"Achane, De'Von",RB,MIA,27.77,25,RB11,3492
2024,14783,"Hurts, Jalen",QB,PHI,27.9,26,QB3,3647
2024,15751,"London, Drake",WR,ATL,28.18,27,WR13,3788
2024,13164,"Kupp, Cooper",WR,LAR,30.34,28,WR14,3983
2024,11244,"Kelce, Travis",TE,KCC,31.49,29,TE1,3924
2024,14136,"Samuel, Deebo",WR,SFO,32.72,30,WR15,3837
2024,15721,"White, Rachaad",RB,TBB,33.15,31,RB12,3629
2024,16214,"LaPorta, Sam",TE,DET,33.51,32,TE2,3543
2024,15290,"Collins, Nico",WR,HOU,33.52,33,WR16,3661
2024,11671,"Evans, Mike",WR,TBB,33.65,34,WR17,3893
2024,15711,"Walker III, Kenneth",RB,SEA,34.15,35,RB13,3731
2024,13593,"Jackson, Lamar",QB,BAL,35.45,36,QB4,3788
2024,13635,"Moore, D.J.",WR,CHI,35.69,37,WR18,3821
2024,14073,"Jacobs, Josh",RB,GBP,35.81,38,RB14,4007
2024,14102,"Metcalf, DK",WR,SEA,37.7,39,WR19,3872
2024,15284,"Waddle, Jaylen",WR,MIA,38.53,40,WR20,3867
2024,14840,"Aiyuk, Brandon",WR,SFO,38.97,41,WR21,3809
2024,13132,"Kamara, Alvin",RB,NOS,39.65,42,RB15,3801
2024,12186,"Diggs, Stefon",WR,HOU,40.31,43,WR22,3878
2024,14842,"Pittman, Michael",WR,IND,40.49,44,WR23,3841
2024,16584,"McCarthy, J.J.",QB,MIN,40.81,45,QB5,3738
2024,15715,"Cook, James",RB,BUF,41.1,46,RB16,3863
2024,15282,"Smith, DeVonta",WR,PHI,41.36,47,WR24,3908
2024,16696,"Cooper, Edgerrin",LB,GBP,42.98,48,LB1,1157
2024,13131,"Mixon, Joe",RB,HOU,43.09,49,RB17,4050
2024,16665,"Colson, Junior",LB,LAC,46.84,50,LB2,1225
2024,16150,"Stroud, C.J.",QB,HOU,49.08,51,QB6,3510
2024,15794,"McBride, Trey",TE,ARI,49.42,52,TE3,3753
2024,13671,"Andrews, Mark",TE,BAL,49.99,53,TE4,4005
2024,16650,"Turner, Dallas",DE,MIN,50.72,54,DE1,1170
2024,16617,"Coleman, Keon",WR,BUF,50.92,55,WR25,7327
2024,16581,"Daniels, Jayden",QB,WAS,51.61,56,QB7,7160
2024,12175,"Cooper, Amari",WR,BUF,52.03,57,WR26,4030
2024,16651,"Latu, Laiatu",DE,IND,53.08,58,DE2,1208
2024,16597,"Brooks, Jonathon",RB,CAR,53.28,59,RB18,7240
2024,16190,"Flowers, Zay",WR,BAL,53.52,60,WR27,3907
2024,16620,"Worthy, Xavier",WR,KCC,53.63,61,WR28,7082
2024,16716,"Wilson, Payton",LB,PIT,54.04,62,LB3,1092
2024,16580,"Maye, Drake",QB,NEP,54.15,63,QB8,4014
2024,16579,"Williams, Caleb",QB,CHI,54.27,64,QB9,6983
2024,16152,"Richardson, Anthony",QB,IND,54.69,65,QB10,3653
2024,14777,"Burrow, Joe",QB,CIN,55.03,66,QB11,3807
2024,14071,"Montgomery, David",RB,DET,55.21,67,RB19,4011
2024,16616,"Odunze, Rome",WR,CHI,55.3,68,WR29,7024
2024,16641,"Bowers, Brock",TE,LVR,56.8,69,TE5,6827
2024,13146,"Conner, James",RB,ARI,56.96,70,RB20,4012
2024,15762,"Pickens, George",WR,PIT,57.08,71,WR30,3969
2024,14835,"Higgins, Tee",WR,CIN,57.45,72,WR31,4025
2024,15259,"Stevenson, Rhamondre",RB,NEP,58.96,73,RB21,3808
2024,16213,"Kincaid, Dalton",TE,BUF,59.09,74,TE6,3849
2024,16583,"Penix Jr., Michael",QB,ATL,59.48,75,QB12,3763
2024,16653,"Verse, Jared",DE,LAR,59.49,76,DE3,1278
2024,16627,"McConkey, Ladd",WR,LAC,60.31,77,WR32,7268
2024,16704,"Wallace, Trevin",LB,CAR,60.43,78,LB4,897
2024,16655,"Robinson, Chop",DE,MIA,60.67,79,DE4,1018
2024,16618,"Thomas Jr., Brian",WR,JAC,60.74,80,WR33,7182
2024,12620,"Prescott, Dak",QB,DAL,61.05,81,QB13,3797
2024,14056,"Murray, Kyler",QB,ARI,61.15,82,QB14,3768
2024,16194,"Rice, Rashee",WR,KCC,61.55,83,WR34,3868
2024,13189,"Engram, Evan",TE,JAC,61.77,84,TE7,3940
2024,16689,"Murphy, Byron",DT,SEA,61.82,85,DT1,869
2024,13299,"Kittle, George",TE,SFO,62.62,86,TE8,4037
2024,16667,"Gray, Cedric",LB,TEN,63.08,87,LB5,809
2024,14797,"Swift, D'Andre",RB,CHI,63.55,88,RB22,4002
2024,13319,"Jones, Aaron",RB,MIN,63.77,89,RB23,4165
2024,15329,"Pitts, Kyle",TE,ATL,64.19,90,TE9,3999
2024,14109,"McLaurin, Terry",WR,WAS,64.49,91,WR35,4187
2024,16629,"Wilson, Roman",WR,PIT,64.91,92,WR36,4052
2024,16622,"Pearsall, Ricky",WR,SFO,65.38,93,WR37,4731
2024,14782,"Love, Jordan",QB,GBP,65.69,94,QB15,3746
2024,16679,"Nubin, Tyler",S,NYG,65.72,95,S1,1059
2024,16636,"Corley, Malachi",WR,NYJ,66.47,96,WR38,3756
2024,15714,"White, Zamir",RB,LVR,66.72,97,RB24,3998
2024,16643,"Sanders, Ja'Tavion",TE,CAR,66.91,98,TE10,3477
2024,16637,"Baker, Javon",WR,NEP,67.01,99,WR39,3592
2024,16619,"Franklin, Troy",WR,DEN,67.21,100,WR40,3752
2024,16204,"Dell, Tank",WR,HOU,67.51,101,WR41,3888
2024,16586,"Rattler, Spencer",QB,NOS,68.27,102,QB16,2392
2024,15254,"Harris, Najee",RB,PIT,68.28,103,RB25,4161
2024,16700,"Bishop, Cole",S,BUF,68.58,104,S2,852
2024,16642,"Stover, Cade",TE,HOU,68.58,105,TE11,2803
2024,11222,"Allen, Keenan",WR,CHI,68.64,106,WR42,3946
2024,12447,"Mostert, Raheem",RB,MIA,69.44,107,RB26,3907
2024,16594,"Benson, Trey",RB,ARI,70.6,108,RB27,6747
2024,13163,"Godwin, Chris",WR,TBB,70.67,109,WR43,4083
2024,16694,"Fiske, Braden",DT,LAR,70.82,110,DT2,764
2024,16660,"Robinson, Darius",DT,ARI,70.97,111,DT3,596
2024,16621,"Walker, Devontez",WR,BAL,70.98,112,WR44,2952
2024,16645,"All, Erick",TE,CIN,72.66,113,TE12,2455
2024,13633,"Kirk, Christian",WR,JAC,72.78,114,WR45,4059
2024,14085,"Pollard, Tony",RB,TEN,72.94,115,RB28,3929
2024,16644,"Sinnott, Ben",TE,WAS,73.22,116,TE13,4688
2024,15256,"Williams, Javonte",RB,DEN,73.35,117,RB29,4142
2024,16675,"DeJean, Cooper",CB,PHI,73.44,118,CB1,803
2024,16623,"Rice, Brenden",WR,LAC,73.54,119,WR46,2755
2024,16593,"Corum, Blake",RB,LAR,73.98,120,RB30,6879
2024,16649,"Johnson, Theo",TE,NYG,74.59,121,TE14,3266
2024,16648,"Wiley, Jared",TE,KCC,74.98,122,TE15,2388
2024,16589,"Travis, Jordan",QB,NYJ,75.04,123,QB17,1621
2024,16632,"Burton, Jermaine",WR,CIN,75.5,124,WR47,4268
2024,16582,"Nix, Bo",QB,DEN,75.6,125,QB18,5639
2024,13629,"Ridley, Calvin",WR,TEN,76.55,126,WR48,4044
2024,16692,"Newton, Jer'Zhan",DT,WAS,76.72,127,DT4,384
2024,16664,"Trotter Jr., Jeremiah",LB,PHI,76.93,128,LB6,637
2024,16688,"Guerendo, Isaac",RB,SFO,77.0,129,RB31,3247
2024,16677,"Bullard, Javon",S,GBP,77.33,130,S3,1099
2024,16684,"Washington, Malik",WR,MIA,78.05,131,WR49,2918
2024,15789,"Watson, Christian",WR,GBP,78.75,132,WR50,4021
2024,16746,"Ali, Rasheen",RB,BAL,79.2,133,RB32,2654
2024,16690,"Mitchell, Quinyon",CB,PHI,79.29,134,CB2,539
2024,16640,"Cowing, Jacob",WR,SFO,79.67,135,WR51,2189
2024,16722,"Knight, Tyrice",LB,SEA,80.03,136,LB7,464
2024,16184,"Reed, Jayden",WR,GBP,80.4,137,WR52,4009
2024,16610,"Wright, Jaylen",RB,MIA,80.47,138,RB33,6275
2024,16707,"Liufau, Marist",LB,DAL,80.59,139,LB8,555
2024,15799,"Ferguson, Jake",TE,DAL,80.86,140,TE16,3985
2024,14208,"Johnson, Diontae",WR,BAL,81.32,141,WR53,4160
2024,16626,"Mitchell, Adonai",WR,IND,81.71,142,WR54,5691
2024,16639,"Legette, Xavier",WR,CAR,82.36,143,WR55,5859
2024,16706,"Reiman, Tip",TE,ARI,83.12,144,TE17,939
2024,16628,"McMillan, Jalen",WR,TBB,83.63,145,WR56,4374
2024,16671,"Arnold, Terrion",CB,DET,83.86,146,CB3,499
2024,16604,"Lloyd, MarShawn",RB,GBP,84.32,147,RB34,5978
2024,15716,"Robinson, Brian",RB,WAS,84.71,148,RB35,4120
2024,16635,"McCaffrey, Luke",WR,WAS,84.72,149,WR57,4591
2024,16631,"Polk, Ja'Lynn",WR,NEP,84.87,150,WR58,5704
2024,14080,"Singletary, Devin",RB,NYG,85.71,151,RB36,3951
2024,16601,"Shipley, Will",RB,PHI,85.73,152,RB37,3640
2024,16699,"Kneeland, Marshawn",DE,DAL,86.2,153,DE5,378
2024,14778,"Tagovailoa, Tua",QB,MIA,86.76,154,QB19,3909
2024,16613,"Laube, Dylan",RB,LVR,87.76,155,RB38,3195
2024,13192,"Njoku, David",TE,CLE,87.79,156,TE18,3925
2024,16599,"Gore Jr., Frank",RB,BUF,87.94,157,RB39,1522
2024,16625,"Wilson, Johnny",WR,PHI,88.36,158,WR59,1314
2024,13404,"Ekeler, Austin",RB,WAS,88.79,159,RB40,4120
2024,16757,"Vidal, Kimani",RB,LAC,89.24,160,RB41,5120
2024,15698,"Purdy, Brock",QB,SFO,90.46,161,QB20,3828
2024,16646,"Bell, Jaheim",TE,NEP,91.26,162,TE19,880
2024,16185,"Smith-Njigba, Jaxon",WR,SEA,91.39,163,WR60,4005
2024,16686,"Smith, Ainias",WR,PHI,91.49,164,WR61,806
2024,16595,"Estime, Audric",RB,DEN,92.11,165,RB42,5001
2024,15742,"Warren, Jaylen",RB,PIT,92.69,166,RB43,4060
2024,16778,"Flournoy, Ryan",WR,DAL,92.71,167,WR62,894
2024,16603,"Davis, Ray",RB,BUF,92.83,168,RB44,6312
2024,16609,"Johnson, Dillon",RB,FA,93.01,169,RB45,466
2024,16624,"Thrash, Jamari",WR,CLE,93.09,170,WR63,984
2024,16165,"Spears, Tyjae",RB,TEN,93.33,171,RB46,3941
2024,13850,"Edwards, Gus",RB,LAC,93.61,172,RB47,4112
2024,16598,"Irving, Bucky",RB,TBB,94.16,173,RB48,6159
2024,16747,"Tracy, Tyrone",RB,NYG,94.45,174,RB49,5094
2024,13610,"Chubb, Nick",RB,CLE,94.68,175,RB50,4081
2024,15237,"Lawrence, Trevor",QB,JAC,95.87,176,QB21,3827
2024,16751,"Means, Bub",WR,NOS,96.39,177,WR64,809
2024,14798,"Moss, Zack",RB,CIN,96.46,178,RB51,4078
2024,16752,"Davis, Isaiah",RB,NYJ,96.88,179,RB52,1011
2024,15713,"Ford, Jerome",RB,CLE,96.92,180,RB53,4170
2024,16683,"Rees-Zammit, Louis",RB,FA,96.96,181,RB54,722
2024,12611,"Goff, Jared",QB,DET,97.86,182,QB22,4055
2024,16186,"Addison, Jordan",WR,MIN,98.27,183,WR65,3940
2024,16181,"Brown, Chase",RB,CIN,98.75,184,RB55,4131
2024,16803,"Watson, Blake",RB,DEN,99.54,185,RB56,908
2024,13630,"Sutton, Courtland",WR,DEN,100.46,186,WR66,4203
2024,16585,"Milton, Joe",QB,NEP,100.77,187,QB23,811
2024,16596,"Allen, Braelon",RB,NYJ,100.86,188,RB57,5322
2024,11232,"Hopkins, DeAndre",WR,KCC,101.55,189,WR67,4202
2024,15756,"Williams, Jameson",WR,DET,102.64,190,WR68,4046
2024,16678,"Vaki, Sione",RB,DET,103.68,191,RB58,1065
2024,15355,"Bolton, Nick",LB,KCC,104.91,192,LB9,377
2024,14138,"Hockenson, T.J.",TE,MIN,106.32,193,TE20,3902
2024,16723,"Barner, AJ",TE,SEA,106.78,194,TE21,518
2024,16809,"Coker, Jalen",WR,CAR,107.78,195,WR69,451
2024,13674,"Goedert, Dallas",TE,PHI,108.83,196,TE22,4035
2024,0531,"Ravens, Baltimore",DEF,BAL,109.11,197,DEF1,2907
2024,16605,"McClellan, Jase",RB,ATL,110.19,198,RB59,508
2024,14105,"Brown, Marquise",WR,KCC,110.49,199,WR70,4005
2024,14127,"Meyers, Jakobi",WR,LVR,110.57,200,WR71,3889
2024,12625,"Elliott, Ezekiel",RB,LAC,113.31,201,RB60,4154
2024,15761,"Shakir, Khalil",WR,BUF,113.87,202,WR72,4211
2024,14867,"Kmet, Cole",TE,CHI,114.22,203,TE23,3906
2024,13772,"Schultz, Dalton",TE,HOU,114.95,204,TE24,4009
2024,14779,"Herbert, Justin",QB,LAC,115.21,205,QB24,3813
2024,16773,"Jordan, Jawhar",RB,HOU,115.21,206,RB61,452
2024,7836,"Rodgers, Aaron",QB,NYJ,116.23,207,QB25,4011
2024,14823,"Dowdle, Rico",RB,DAL,117.42,208,RB62,4262
2024,15261,"Hubbard, Chuba",RB,CAR,117.48,209,RB63,4085
2024,15319,"Palmer, Joshua",WR,LAC,118.12,210,WR73,4057
2024,16633,"Whittington, Jordan",WR,LAR,118.12,211,WR74,1273
2024,15779,"Doubs, Romeo",WR,GBP,120.23,212,WR75,3949
2024,10976,"Tucker, Justin",PK,BAL,121.64,213,PK1,2678
2024,0530,"49ers, San Francisco",DEF,SFO,122.22,214,DEF2,3199
2024,9431,"Stafford, Matthew",QB,LAR,123.63,215,QB26,3830
2024,10700,"Cousins, Kirk",QB,ATL,125.21,216,QB27,3851
2024,16414,"Aubrey, Brandon",PK,DAL,125.22,217,PK2,2770
2024,0505,"Jets, New York",DEF,NYJ,125.27,218,DEF3,3244
2024,0507,"Browns, Cleveland",DEF,CLE,125.72,219,DEF4,3072
2024,15331,"Freiermuth, Pat",TE,PIT,125.78,220,TE25,3906
2024,14800,"Dobbins, J.K.",RB,LAC,126.33,221,RB64,4111
2024,11938,"Thielen, Adam",WR,CAR,128.15,222,WR76,3802
2024,13590,"Mayfield, Baker",QB,TBB,128.54,223,QB28,3046
2024,0516,"Cowboys, Dallas",DEF,DAL,129.34,224,DEF5,3288
2024,16681,"Reichard, Will",PK,MIN,130.08,225,PK3,706
2024,13592,"Darnold, Sam",QB,MIN,131.27,226,QB29,1600
2024,16169,"Charbonnet, Zach",RB,SEA,132.56,227,RB65,3595
2024,12187,"Lockett, Tyler",WR,SEA,133.24,228,WR77,3770
2024,11674,"Cooks, Brandin",WR,DAL,133.36,229,WR78,3817
2024,13113,"Watson, Deshaun",QB,CLE,134.33,230,QB30,3090
2024,16612,"Steele, Carson",RB,KCC,134.77,231,RB66,970
2024,0731,"Ravens, Baltimore",TMPK,BAL,135.09,232,TMPK1,498
2024,16080,"Shaheed, Rashid",WR,NOS,135.3,233,WR79,3581
2024,16148,"Young, Bryce",QB,CAR,135.54,234,QB31,1421
2024,15712,"Allgeier, Tyler",RB,ATL,135.6,235,RB67,3891
2024,13354,"Butker, Harrison",PK,KCC,135.98,236,PK4,2968
2024,11150,"Smith, Geno",QB,SEA,136.25,237,QB32,2936
2024,16390,"McLaughlin, Jaleel",RB,DEN,136.59,238,RB68,3777
2024,11644,"Carr, Derek",QB,NOS,139.03,239,QB33,1412
2024,13157,"Samuel, Curtis",WR,BUF,139.26,240,WR80,3355
2024,14059,"Jones, Daniel",QB,MIN,139.32,241,QB34,1622
2024,16149,"Levis, Will",QB,TEN,140.26,242,QB35,2076
2024,0512,"Chiefs, Kansas City",DEF,KCC,141.29,243,DEF6,3263
2024,0501,"Bills, Buffalo",DEF,BUF,141.55,244,DEF7,3041
2024,0716,"Cowboys, Dallas",TMPK,DAL,142.16,245,TMPK2,490
2024,15723,"Chandler, Ty",RB,MIN,142.45,246,RB69,3631
2024,16195,"Wicks, Dontayvion",WR,GBP,142.46,247,WR81,3181
2024,16775,"Karty, Joshua",PK,LAR,142.89,248,PK5,534
2024,14833,"Jeudy, Jerry",WR,CLE,143.33,249,WR82,3472
2024,16215,"Musgrave, Luke",TE,GBP,143.52,250,TE26,3377
2024,16188,"Johnston, Quentin",WR,LAC,144.2,251,WR83,3207
2024,16680,"Little, Cam",PK,JAC,144.4,252,PK6,522
2024,0510,"Steelers, Pittsburgh",DEF,PIT,146.39,253,DEF8,3282
2024,14852,"Gibson, Antonio",RB,NEP,147.33,254,RB70,3563
2024,13154,"Williams, Mike",WR,PIT,147.75,255,WR84,3146
2024,10703,"Wilson, Russell",QB,PIT,147.98,256,QB36,1301
2024,15972,"Mason, Jordan",RB,SFO,148.2,257,RB71,2663
2024,13303,"Elliott, Jake",PK,PHI,148.21,258,PK7,2912
2024,13675,"Conklin, Tyler",TE,NYJ,150.04,259,TE27,3216
2024,14067,"Minshew, Gardner",QB,LVR,150.95,260,QB37,1129
2024,0532,"Texans, Houston",DEF,HOU,151.07,261,DEF9,2836
2024,0712,"Chiefs, Kansas City",TMPK,KCC,152.49,262,TMPK3,511
2024,14861,"Johnson, Juwan",TE,NOS,152.82,263,TE28,2601
2024,16342,"Douglas, Demario",WR,NEP,153.25,264,WR85,3059
2024,15798,"Likely, Isaiah",TE,BAL,153.28,265,TE29,2941
2024,16187,"Downs, Josh",WR,IND,153.39,266,WR86,2784
2024,0518,"Eagles, Philadelphia",DEF,PHI,153.77,267,DEF10,2352
2024,15979,"Dicker, Cameron",PK,LAC,154.25,268,PK8,2261
2024,12860,"Fairbairn, Ka'imi",PK,HOU,154.4,269,PK9,3010
2024,0503,"Dolphins, Miami",DEF,MIA,155.15,270,DEF11,2483
2024,13133,"Perine, Samaje",RB,KCC,155.59,271,RB72,2340
2024,16286,"Moody, Jake",PK,SFO,156.2,272,PK10,2819
2024,0522,"Lions, Detroit",DEF,DET,156.89,273,DEF12,1276
2024,15889,"Okonkwo, Chigoziem",TE,TEN,157.0,274,TE30,2443
2024,12676,"Henry, Hunter",TE,NEP,158.59,275,TE31,2661
2024,0502,"Colts, Indianapolis",DEF,IND,158.65,276,DEF13,1732
2024,0521,"Bears, Chicago",DEF,CHI,158.69,277,DEF14,1996
2024,14974,"Mooney, Darnell",WR,ATL,159.07,278,WR87,2638
2024,15238,"Fields, Justin",QB,PIT,159.96,279,QB38,1554
2024,15786,"Nailor, Jalen",WR,MIN,160.13,280,WR88,431
2024,0529,"Saints, New Orleans",DEF,NOS,160.35,281,DEF15,2511
2024,14871,"Parkinson, Colby",TE,LAR,160.47,282,TE32,1024
2024,15755,"Dotson, Jahan",WR,PHI,160.64,283,WR89,1792
2024,16189,"Mims, Marvin",WR,DEN,161.03,284,WR90,2520
2024,12616,"Brissett, Jacoby",QB,NEP,161.07,285,QB39,814
2024,0525,"Buccaneers, Tampa Bay",DEF,TBB,161.52,286,DEF16,862
2024,15271,"Herbert, Khalil",RB,CIN,161.76,287,RB73,3079
2024,14845,"Davis, Gabriel",WR,JAC,162.58,288,WR91,2689
2024,14137,"Fant, Noah",TE,SEA,162.98,289,TE33,2014
2024,0514,"Chargers, Los Angeles",DEF,LAC,163.02,290,DEF17,1013
2024,14983,"Bass, Tyler",PK,BUF,163.02,291,PK11,2199
2024,0523,"Packers, Green Bay",DEF,GBP,163.65,292,DEF18,753
2024,13403,"Koo, Younghoe",PK,ATL,163.75,293,PK12,2672
2024,14799,"Akers, Cam",RB,MIN,163.86,294,RB74,1827
2024,11247,"Ertz, Zach",TE,WAS,164.48,295,TE34,1800
2024,13718,"Carlson, Daniel",PK,LVR,164.54,296,PK13,1455
2024,14086,"Hill, Justice",RB,BAL,164.67,297,RB75,2604
2024,13832,"Sanders, Jason",PK,MIA,165.02,298,PK14,2370
2024,15802,"Otton, Cade",TE,TBB,165.23,299,TE35,1769
2024,16206,"Wilson, Michael",WR,ARI,165.43,300,WR92,2546
2024,16846,"Bates, Jake",PK,DET,165.47,301,PK15,1091
2024,15368,"McPherson, Evan",PK,CIN,165.64,302,PK16,2405
2024,16171,"Miller, Kendre",RB,NOS,166.08,303,RB76,1504
2024,0506,"Bengals, Cincinnati",DEF,CIN,166.7,304,DEF19,2152
2024,13193,"Smith, Jonnu",TE,MIA,166.87,305,TE36,1399
2024,16380,"Prince, Deneric",RB,FA,167.13,306,RB77,550
2024,15292,"Brown, Dyami",WR,WAS,167.19,307,WR93,486
2024,11945,"Santos, Cairo",PK,CHI,167.66,308,PK17,1109
2024,13763,"Dissly, Will",TE,LAC,167.84,309,TE37,604
2024,15757,"Robinson, Wan'Dale",WR,NYG,167.94,310,WR94,2459
2024,10868,"Zuerlein, Greg",PK,NYJ,168.38,311,PK18,1442
2024,13672,"Gesicki, Mike",TE,CIN,168.43,312,TE38,1232
2024,0524,"Vikings, Minnesota",DEF,MIN,168.68,313,DEF20,541
2024,0509,"Jaguars, Jacksonville",DEF,JAC,169.01,314,DEF21,810
2024,16175,"Johnson, Roschon",RB,CHI,169.38,315,RB78,2215
2024,0718,"Eagles, Philadelphia",TMPK,PHI,169.42,316,TMPK4,503
2024,12785,"Robinson, Demarcus",WR,LAR,169.54,317,WR95,2014
2024,12437,"Myers, Jason",PK,SEA,169.86,318,PK19,1202
2024,14805,"Dillon, AJ",RB,GBP,169.98,319,RB79,1477
2024,0511,"Broncos, Denver",DEF,DEN,170.33,320,DEF22,417
2024,0513,"Raiders, Las Vegas",DEF,LVR,171.03,321,DEF23,713
2024,0504,"Patriots, New England",DEF,NEP,171.14,322,DEF24,650
2024,15263,"Mitchell, Elijah",RB,SFO,171.44,323,RB80,1587
2024,15293,"Bateman, Rashod",WR,BAL,171.46,324,WR96,1793
2024,15257,"Sermon, Trey",RB,IND,172.07,325,RB81,1049
2024,16207,"Iosivas, Andrei",WR,CIN,172.84,326,WR97,1385
2024,16178,"Mitchell, Keaton",RB,BAL,173.43,327,RB82,1359
2024,14244,"Gay, Matt",PK,IND,173.83,328,PK20,1195
2024,11936,"Boswell, Chris",PK,PIT,173.97,329,PK21,532
2024,13424,"Hill, Taysom",QB,NOS,174.21,330,QB40,1243
2024,14717,"McLaughlin, Chase",PK,TBB,174.21,331,PK22,421
2024,16222,"Kraft, Tucker",TE,GBP,174.99,332,TE39,774
2024,0515,"Seahawks, Seattle",DEF,SEA,176.45,333,DEF25,1188
2024,12956,"Lutz, Wil",PK,DEN,176.66,334,PK23,563
2024,14223,"Mattison, Alexander",RB,LVR,177.15,335,RB83,2074
2024,0732,"Texans, Houston",TMPK,HOU,177.24,336,TMPK5,502
2024,13128,"Cook, Dalvin",RB,FA,178.08,337,RB84,626
2024,15255,"Gainwell, Kenneth",RB,PHI,178.65,338,RB85,1856
2024,0730,"49ers, San Francisco",TMPK,SFO,179.08,339,TMPK6,474
2024,16164,"Bigsby, Tank",RB,JAC,179.27,340,RB86,1661
2024,15788,"Tolbert, Jalen",WR,DAL,179.99,341,WR98,993
2024,0526,"Falcons, Atlanta",DEF,ATL,180.79,342,DEF26,471
2024,15840,"Woods, Jelani",TE,IND,180.9,343,TE40,458
2024,12650,"Boyd, Tyler",WR,TEN,182.34,344,WR99,1735
2024,16173,"Gray, Eric",RB,NYG,183.1,345,RB87,530
2024,11679,"Beckham, Odell",WR,FA,183.64,346,WR100,1040
2024,11387,"Hopkins, Dustin",PK,CLE,183.71,347,PK24,505
2024,13139,"Williams, Jamaal",RB,NOS,183.8,348,RB88,1268
2024,15717,"Pierce, Dameon",RB,HOU,184.23,349,RB89,1491
2024,15873,"Bellinger, Daniel",TE,NYG,184.68,350,TE41,639
2024,14108,"Dortch, Greg",WR,ARI,184.69,351,WR101,1010
2024,16444,"Grupe, Blake",PK,NOS,185.02,352,PK25,453
2024,14803,"Edwards-Helaire, Clyde",RB,FA,186.83,353,RB90,1219
2024,16159,"O'Connell, Aidan",QB,LVR,187.1,354,QB41,524
2024,0726,"Falcons, Atlanta",TMPK,ATL,187.29,355,TMPK7,447
2024,0706,"Bengals, Cincinnati",TMPK,CIN,189.4,356,TMPK8,418
2024,16212,"Mayer, Michael",TE,LVR,189.55,357,TE42,622
2024,14143,"Knox, Dawson",TE,BUF,189.95,358,TE43,810
2024,0703,"Dolphins, Miami",TMPK,MIA,190.97,359,TMPK9,404
2024,15797,"Dulcich, Greg",TE,NYG,191.14,360,TE44,748
2024,12678,"Higbee, Tyler",TE,LAR,193.1,361,TE45,584
2024,16196,"Perry, A.T.",WR,DEN,194.05,362,WR102,565
2024,14079,"Sanders, Miles",RB,CAR,195.4,363,RB91,909
2024,16385,"Demercado, Emari",RB,ARI,195.84,364,RB92,518
2024,13418,"Bourne, Kendrick",WR,NEP,196.08,365,WR103,778
2024,15419,"Granson, Kylen",TE,IND,196.52,366,TE46,431
2024,16287,"Tucker, Tre",WR,LVR,197.48,367,WR104,514
2024,15288,"Moore, Elijah",WR,CLE,197.67,368,WR105,802
2024,15777,"Austin III, Calvin",WR,PIT,197.82,369,WR106,576
2024,13134,"Foreman, D'Onta",RB,CLE,198.12,370,RB93,787
2024,15693,"Howell, Sam",QB,SEA,198.67,371,QB42,387
2024,9064,"Flacco, Joe",QB,IND,199.55,372,QB43,428
2024,13668,"Chark, D.J.",WR,LAC,199.77,373,WR107,715
2024,14122,"Slayton, Darius",WR,NYG,200.34,374,WR108,732
2024,15752,"Burks, Treylon",WR,TEN,200.51,375,WR109,574
2024,11225,"Patterson, Cordarrelle",RB,PIT,205.0,376,RB94,409
2024,16183,"Hyatt, Jalin",WR,NYG,207.47,377,WR110,588
2024,16197,"Mingo, Jonathan",WR,DAL,209.13,378,WR111,462
2024,13680,"Hurst, Hayden",TE,LAC,210.83,379,TE47,390
2025,15281,"Chase, Ja'Marr",WR,CIN,2.6,1,WR1,1063
2025,16161,"Robinson, Bijan",RB,ATL,4.44,2,RB1,1115
2025,17042,"Jeanty, Ashton",RB,LVR,5.36,3,RB2,3380
2025,16162,"Gibbs, Jahmyr",RB,DET,5.81,4,RB3,1086
2025,13589,"Allen, Josh",QB,BUF,6.98,5,QB1,1057
2025,13604,"Barkley, Saquon",RB,PHI,7.14,6,RB4,1113
2025,14832,"Lamb, CeeDee",WR,DAL,7.88,7,WR2,1126
2025,14836,"Jefferson, Justin",WR,MIN,8.72,8,WR3,1119
2025,13593,"Jackson, Lamar",QB,BAL,10.78,9,QB2,1080
2025,15287,"St. Brown, Amon-Ra",WR,DET,12.24,10,WR4,1083
2025,17044,"Hampton, Omarion",RB,LAC,13.93,11,RB5,3380
2025,13130,"McCaffrey, Christian",RB,SFO,13.97,12,RB6,1201
2025,16615,"Nabers, Malik",WR,NYG,14.83,13,WR5,1026
2025,12626,"Henry, Derrick",RB,BAL,15.18,14,RB7,1160
2025,16211,"Nacua, Puka",WR,LAR,15.99,15,WR6,1007
2025,16581,"Daniels, Jayden",QB,WAS,16.23,16,QB3,941
2025,15290,"Collins, Nico",WR,HOU,16.44,17,WR7,1007
2025,14777,"Burrow, Joe",QB,CIN,16.96,18,QB4,1079
2025,17043,"Henderson, TreVeyon",RB,NEP,18.47,19,RB8,3384
2025,14783,"Hurts, Jalen",QB,PHI,20.19,20,QB5,1178
2025,16618,"Thomas Jr., Brian",WR,JAC,20.8,21,WR8,880
2025,14802,"Taylor, Jonathan",RB,IND,21.02,22,RB9,1161
2025,16167,"Achane, De'Von",RB,MIA,21.37,23,RB10,973
2025,14073,"Jacobs, Josh",RB,GBP,22.1,24,RB11,1208
2025,15751,"London, Drake",WR,ATL,22.27,25,WR9,1189
2025,16641,"Bowers, Brock",TE,LVR,22.82,26,TE1,887
2025,17071,"McMillan, Tetairoa",WR,CAR,23.35,27,WR10,3370
2025,15710,"Williams, Kyren",RB,LAR,24.72,28,RB12,1061
2025,14104,"Brown, A.J.",WR,PHI,24.92,29,WR11,1205
2025,16598,"Irving, Bucky",RB,TBB,25.33,30,RB13,906
2025,17068,"Harvey, RJ",RB,DEN,25.36,31,RB14,3387
2025,16181,"Brown, Chase",RB,CIN,27.51,32,RB15,950
2025,17074,"Hunter, Travis",WR,JAC,27.88,33,WR12,3399
2025,15794,"McBride, Trey",TE,ARI,28.93,34,TE2,1036
2025,16627,"McConkey, Ladd",WR,LAC,29.03,35,WR13,953
2025,15715,"Cook, James",RB,BUF,31.05,36,RB16,1187
2025,13116,"Mahomes, Patrick",QB,KCC,33.25,37,QB6,1229
2025,16185,"Smith-Njigba, Jaxon",WR,SEA,33.83,38,WR14,1002
2025,14835,"Higgins, Tee",WR,CIN,35.12,39,WR15,1153
2025,15708,"Hall, Breece",RB,NYJ,35.29,40,RB17,1201
2025,17048,"Johnson, Kaleb",RB,PIT,35.32,41,RB18,3377
2025,17112,"Carter, Abdul",DE,NYG,35.46,42,DE1,908
2025,17081,"Egbuka, Emeka",WR,TBB,35.82,43,WR16,3388
2025,17102,"Warren, Tyler",TE,IND,37.41,44,TE3,3381
2025,13132,"Kamara, Alvin",RB,NOS,37.7,45,RB19,1208
2025,12801,"Hill, Tyreek",WR,MIA,37.7,46,WR17,1230
2025,16614,"Harrison Jr., Marvin",WR,ARI,38.43,47,WR18,1244
2025,15711,"Walker III, Kenneth",RB,SEA,39.13,48,RB20,1259
2025,11671,"Evans, Mike",WR,TBB,39.86,49,WR19,1241
2025,17147,"Schwesinger, Carson",LB,CLE,39.99,50,LB1,890
2025,15753,"Wilson, Garrett",WR,NYJ,40.02,51,WR20,1133
2025,17075,"Golden, Matthew",WR,GBP,40.67,52,WR21,3406
2025,13299,"Kittle, George",TE,SFO,40.7,53,TE4,1170
2025,17123,"Campbell, Jihaad",LB,PHI,40.72,54,LB2,850
2025,14109,"McLaurin, Terry",WR,WAS,43.11,55,WR22,1224
2025,17104,"Loveland, Colston",TE,CHI,43.69,56,TE5,3318
2025,17051,"Judkins, Quinshon",RB,CLE,44.14,57,RB21,3268
2025,13590,"Mayfield, Baker",QB,TBB,44.85,58,QB7,1110
2025,17030,"Ward, Cam",QB,TEN,44.9,59,QB8,3088
2025,17078,"Bech, Jack",WR,LVR,46.1,60,WR23,2471
2025,13146,"Conner, James",RB,ARI,46.2,61,RB22,1258
2025,11675,"Adams, Davante",WR,LAR,46.37,62,WR24,1287
2025,17122,"Walker, Jalon",DE,ATL,46.53,63,DE2,755
2025,17072,"Harris, Tre",WR,LAC,46.61,64,WR25,2648
2025,16582,"Nix, Bo",QB,DEN,47.76,65,QB9,1064
2025,17125,"Knight, Demetrius",LB,CIN,48.39,66,LB3,771
2025,15261,"Hubbard, Chuba",RB,CAR,49.09,67,RB23,1070
2025,17113,"Williams, Mykel",DE,SFO,49.62,68,DE3,764
2025,17033,"Milroe, Jalen",QB,SEA,49.76,69,QB10,2273
2025,17107,"Ferguson, Terrance",TE,LAR,49.78,70,TE6,2345
2025,14102,"Metcalf, DK",WR,PIT,50.06,71,WR26,1281
2025,17032,"Dart, Jaxson",QB,NYG,50.46,72,QB11,2700
2025,17159,"Martin, Nick",LB,SFO,50.71,73,LB4,701
2025,17045,"Skattebo, Cam",RB,NYG,51.39,74,RB24,3364
2025,17080,"Noel, Jaylin",WR,HOU,51.55,75,WR27,2412
2025,17070,"Burden, Luther",WR,CHI,51.73,76,WR28,2917
2025,13635,"Moore, D.J.",WR,CHI,52.07,77,WR29,1248
2025,16214,"LaPorta, Sam",TE,DET,52.37,78,TE7,1111
2025,17144,"Emmanwori, Nick",S,SEA,52.75,79,S1,785
2025,17108,"Arroyo, Elijah",TE,SEA,52.96,80,TE8,2433
2025,17134,"Williams, Kyle",WR,NEP,53.42,81,WR30,2603
2025,17083,"Higgins, Jayden",WR,HOU,53.46,82,WR31,3075
2025,17039,"Shough, Tyler",QB,NOS,54.01,83,QB12,2209
2025,17086,"Royals, Jalen",WR,KCC,54.46,84,WR32,2266
2025,17103,"Fannin, Harold",TE,CLE,54.62,85,TE9,2275
2025,13630,"Sutton, Courtland",WR,DEN,55.2,86,WR33,1138
2025,14056,"Murray, Kyler",QB,ARI,55.56,87,QB13,1184
2025,17132,"Starks, Malaki",S,BAL,56.0,88,S2,819
2025,17106,"Taylor, Mason",TE,NYJ,56.16,89,TE10,2775
2025,15282,"Smith, DeVonta",WR,PHI,56.86,90,WR34,1265
2025,16620,"Worthy, Xavier",WR,KCC,57.08,91,WR35,1162
2025,17046,"Neal, Devin",RB,NOS,57.43,92,RB25,2178
2025,17121,"Graham, Mason",DT,CLE,57.82,93,DT1,638
2025,17052,"Tuten, Bhayshul",RB,JAC,58.29,94,RB26,3048
2025,17115,"Pearce, James",DE,ATL,58.77,95,DE4,652
2025,17064,"Hunter, Jarquez",RB,LAR,59.39,96,RB27,2305
2025,17031,"Sanders, Shedeur",QB,CLE,59.59,97,QB14,2245
2025,16190,"Flowers, Zay",WR,BAL,59.62,98,WR36,1266
2025,14797,"Swift, D'Andre",RB,CHI,60.03,99,RB28,1307
2025,17055,"James, Jordan",RB,SFO,60.26,100,RB29,2084
2025,13319,"Jones, Aaron",RB,MIN,61.38,101,RB30,1279
2025,17082,"Bryant, Pat",WR,DEN,61.54,102,WR37,2386
2025,17069,"Blue, Jaydon",RB,DAL,62.31,103,RB31,3143
2025,12611,"Goff, Jared",QB,DET,62.43,104,QB15,1218
2025,15756,"Williams, Jameson",WR,DET,62.45,105,WR38,1116
2025,17073,"Ayomanor, Elic",WR,TEN,62.48,106,WR39,2308
2025,15762,"Pickens, George",WR,DAL,62.65,107,WR40,1281
2025,17036,"Howard, Will",QB,PIT,63.28,108,QB16,1452
2025,17056,"Etienne, Trevor",RB,CAR,63.63,109,RB32,2190
2025,17047,"Sampson, Dylan",RB,CLE,63.93,110,RB33,2899
2025,17126,"Stutsman, Danny",LB,NOS,64.3,111,LB5,547
2025,17096,"Williams, Savion",WR,GBP,64.61,112,WR41,1712
2025,14071,"Montgomery, David",RB,DET,64.64,113,RB34,1286
2025,17120,"Green, Mike",DE,BAL,64.93,114,DE5,587
2025,12620,"Prescott, Dak",QB,DAL,64.99,115,QB17,1337
2025,17060,"Giddens, DJ",RB,IND,65.15,116,RB35,2384
2025,15749,"Pacheco, Isiah",RB,KCC,65.95,117,RB36,1273
2025,17137,"Harmon, Derrick",DT,PIT,66.86,118,DT2,526
2025,14085,"Pollard, Tony",RB,TEN,67.67,119,RB37,1290
2025,15698,"Purdy, Brock",QB,SFO,67.95,120,QB18,1243
2025,17157,"TeSlaa, Isaac",WR,DET,68.11,121,WR42,2454
2025,17097,"Felton, Tai",WR,MIN,68.24,122,WR43,1344
2025,11244,"Kelce, Travis",TE,KCC,68.51,123,TE11,1292
2025,17099,"Gadsden, Oronde",TE,LAC,68.85,124,TE12,1650
2025,13629,"Ridley, Calvin",WR,TEN,69.28,125,WR44,1218
2025,17049,"Smith, Brashard",RB,KCC,69.52,126,RB38,2117
2025,17098,"Horton, Tory",WR,SEA,69.96,127,WR45,2269
2025,16194,"Rice, Rashee",WR,KCC,71.05,128,WR46,1149
2025,14833,"Jeudy, Jerry",WR,CLE,71.14,129,WR47,1095
2025,17114,"Stewart, Shemar",DE,CIN,71.16,130,DE6,534
2025,15754,"Olave, Chris",WR,NOS,71.77,131,WR48,1290
2025,14138,"Hockenson, T.J.",TE,MIN,72.21,132,TE13,1164
2025,16616,"Odunze, Rome",WR,CHI,72.39,133,WR49,1212
2025,17256,"Croskey-Merritt, Jacory",RB,WAS,72.93,134,RB39,2778
2025,17053,"Marks, Woody",RB,HOU,72.94,135,RB40,2528
2025,17119,"Scourton, Nic",DE,CAR,73.23,136,DE7,342
2025,17105,"Helm, Gunnar",TE,TEN,73.32,137,TE14,1271
2025,17178,"Simon, Cody",LB,ARI,73.62,138,LB6,431
2025,13671,"Andrews, Mark",TE,BAL,73.88,139,TE15,1267
2025,17212,"Paul, Chris",LB,SEA,73.92,140,LB7,396
2025,17058,"Brooks, Tahj",RB,CIN,74.11,141,RB41,2191
2025,17135,"Ezeiruaku, Donovan",DE,DAL,74.22,142,DE8,388
2025,15284,"Waddle, Jaylen",WR,MIA,74.36,143,WR50,1325
2025,17037,"Gabriel, Dillon",QB,CLE,75.32,144,QB19,1286
2025,17054,"Martinez, Damien",RB,GBP,75.75,145,RB42,1071
2025,17153,"Mukuba, Andrew",S,PHI,76.38,146,S3,384
2025,17136,"Nolen, Walter",DT,ARI,76.43,147,DT3,295
2025,16747,"Tracy, Tyrone",RB,NYG,77.68,148,RB43,1148
2025,14779,"Herbert, Justin",QB,LAC,78.33,149,QB20,1240
2025,17184,"Lane, Jaylin",WR,WAS,78.38,150,WR51,1183
2025,17087,"Thornton, Dont'e",WR,LVR,78.72,151,WR52,2048
2025,17141,"Hairston, Maxwell",CB,BUF,78.88,152,CB1,216
2025,16579,"Williams, Caleb",QB,CHI,79.09,153,QB21,1228
2025,16150,"Stroud, C.J.",QB,HOU,79.47,154,QB22,1209
2025,17077,"Restrepo, Xavier",WR,TEN,80.58,155,WR53,808
2025,13192,"Njoku, David",TE,CLE,80.64,156,TE16,1265
2025,17066,"Monangai, Kyle",RB,CHI,81.27,157,RB44,2029
2025,17128,"Barron, Jahdae",CB,DEN,81.4,158,CB2,324
2025,15742,"Warren, Jaylen",RB,PIT,81.55,159,RB45,1265
2025,17171,"Dike, Chimere",WR,TEN,81.61,160,WR54,834
2025,17059,"Gordon, Ollie",RB,MIA,81.72,161,RB46,2677
2025,16580,"Maye, Drake",QB,NEP,81.74,162,QB23,1186
2025,17034,"Ewers, Quinn",QB,MIA,81.92,163,QB24,831
2025,17076,"Bond, Isaiah",WR,CLE,82.15,164,WR55,809
2025,16622,"Pearsall, Ricky",WR,SFO,83.11,165,WR56,1225
2025,15253,"Etienne, Travis",RB,JAC,83.9,166,RB47,1299
2025,17131,"Watts, Xavier",S,ATL,84.64,167,S4,306
2025,17138,"Grant, Kenneth",DT,MIA,86.15,168,DT4,257
2025,14136,"Samuel, Deebo",WR,WAS,86.56,169,WR57,1324
2025,17127,"Johnson, Will",CB,ARI,87.4,170,CB3,247
2025,13189,"Engram, Evan",TE,DEN,87.99,171,TE17,1253
2025,12186,"Diggs, Stefon",WR,NEP,88.06,172,WR58,1337
2025,17173,"Kiser, Jack",LB,JAC,88.47,173,LB8,208
2025,17185,"Buchanan, Teddye",LB,BAL,88.8,174,LB9,178
2025,14127,"Meyers, Jakobi",WR,JAC,88.86,175,WR59,1217
2025,17234,"Horn, Jimmy",WR,CAR,90.39,176,WR60,466
2025,15238,"Fields, Justin",QB,NYJ,90.44,177,QB25,1236
2025,14800,"Dobbins, J.K.",RB,DEN,90.62,178,RB48,1262
2025,17149,"Tuimoloau, JT",DE,IND,91.17,179,DE9,174
2025,14782,"Love, Jordan",QB,GBP,91.72,180,QB26,1210
2025,17063,"Mafah, Phil",RB,DAL,92.59,181,RB49,661
2025,17205,"Lambert-Smith, KeAndre",WR,LAC,93.35,182,WR61,567
2025,16186,"Addison, Jordan",WR,MIN,93.4,183,WR62,1239
2025,13164,"Kupp, Cooper",WR,SEA,94.82,184,WR63,1347
2025,17061,"Allen, LeQuint",RB,JAC,95.05,185,RB50,544
2025,17057,"Edwards, Donovan",RB,MIA,95.73,186,RB51,176
2025,17192,"Watkins, Jordan",WR,SFO,96.17,187,WR64,401
2025,14860,"Jennings, Jauan",WR,SFO,98.21,188,WR65,1201
2025,16169,"Charbonnet, Zach",RB,SEA,98.72,189,RB52,1233
2025,16584,"McCarthy, J.J.",QB,MIN,99.09,190,QB27,1168
2025,15256,"Williams, Javonte",RB,DAL,99.12,191,RB53,1318
2025,15237,"Lawrence, Trevor",QB,JAC,99.15,192,QB28,1209
2025,14842,"Pittman, Michael",WR,IND,99.29,193,WR66,1286
2025,16222,"Kraft, Tucker",TE,GBP,99.72,194,TE18,1186
2025,13131,"Mixon, Joe",RB,HOU,100.02,195,RB54,1241
2025,0511,"Broncos, Denver",DEF,DEN,100.47,196,DEF1,916
2025,15972,"Mason, Jordan",RB,MIN,101.26,197,RB55,1230
2025,0518,"Eagles, Philadelphia",DEF,PHI,101.71,198,DEF2,831
2025,17035,"Leonard, Riley",QB,IND,101.99,199,QB29,288
2025,17175,"Smith, Arian",WR,NYJ,104.0,200,WR67,340
2025,17109,"Evans, Mitchell",TE,CAR,104.69,201,TE19,219
2025,17050,"Mullings, Kalel",RB,TEN,104.96,202,RB56,396
2025,13163,"Godwin, Chris",WR,TBB,105.99,203,WR68,1211
2025,15761,"Shakir, Khalil",WR,BUF,107.01,204,WR69,1197
2025,13404,"Ekeler, Austin",RB,WAS,107.11,205,RB57,1342
2025,16583,"Penix Jr., Michael",QB,ATL,108.68,206,QB30,1118
2025,15259,"Stevenson, Rhamondre",RB,NEP,108.85,207,RB58,1255
2025,17079,"Johnson, Tez",WR,TBB,108.94,208,WR70,325
2025,16617,"Coleman, Keon",WR,BUF,111.56,209,WR71,1254
2025,16148,"Young, Bryce",QB,CAR,111.77,210,QB31,957
2025,0531,"Ravens, Baltimore",DEF,BAL,112.11,211,DEF3,948
2025,14778,"Tagovailoa, Tua",QB,MIA,112.19,212,QB32,1028
2025,15329,"Pitts, Kyle",TE,ATL,112.51,213,TE20,1238
2025,16213,"Kincaid, Dalton",TE,BUF,114.77,214,TE21,1196
2025,15716,"Robinson, Brian",RB,SFO,115.03,215,RB59,1182
2025,17269,"Chism, Efton",WR,NEP,115.11,216,WR72,337
2025,17062,"Sanders, Raheim",RB,CLE,115.36,217,RB60,188
2025,16184,"Reed, Jayden",WR,GBP,116.48,218,WR73,1134
2025,16414,"Aubrey, Brandon",PK,DAL,116.88,219,PK1,823
2025,9431,"Stafford, Matthew",QB,LAR,117.49,220,QB33,994
2025,17222,"Loop, Tyler",PK,BAL,118.59,221,PK2,1061
2025,13610,"Chubb, Nick",RB,HOU,119.0,222,RB61,1291
2025,16187,"Downs, Josh",WR,IND,119.37,223,WR74,1083
2025,16164,"Bigsby, Tank",RB,PHI,120.47,224,RB62,1191
2025,0510,"Steelers, Pittsburgh",DEF,PIT,121.1,225,DEF4,971
2025,0532,"Texans, Houston",DEF,HOU,121.14,226,DEF5,981
2025,11150,"Smith, Geno",QB,LVR,121.71,227,QB34,768
2025,13674,"Goedert, Dallas",TE,PHI,122.57,228,TE22,1153
2025,13592,"Darnold, Sam",QB,SEA,122.79,229,QB35,749
2025,15799,"Ferguson, Jake",TE,DAL,124.87,230,TE23,1155
2025,15293,"Bateman, Rashod",WR,BAL,124.92,231,WR75,1167
2025,15254,"Harris, Najee",RB,LAC,126.62,232,RB63,1185
2025,0524,"Vikings, Minnesota",DEF,MIN,127.02,233,DEF6,992
2025,15713,"Ford, Jerome",RB,CLE,127.46,234,RB64,1203
2025,15979,"Dicker, Cameron",PK,LAC,127.73,235,PK3,804
2025,16596,"Allen, Braelon",RB,NYJ,127.87,236,RB65,1150
2025,16594,"Benson, Trey",RB,ARI,128.04,237,RB66,1081
2025,7836,"Rodgers, Aaron",QB,PIT,128.34,238,QB36,882
2025,14840,"Aiyuk, Brandon",WR,SFO,128.94,239,WR76,1016
2025,15721,"White, Rachaad",RB,TBB,129.07,240,RB67,1163
2025,12263,"Waller, Darren",TE,MIA,129.98,241,TE24,752
2025,16846,"Bates, Jake",PK,DET,130.59,242,PK4,885
2025,14974,"Mooney, Darnell",WR,ATL,131.5,243,WR77,1125
2025,12676,"Henry, Hunter",TE,NEP,132.66,244,TE25,1119
2025,16603,"Davis, Ray",RB,BUF,133.05,245,RB68,1121
2025,16080,"Shaheed, Rashid",WR,SEA,133.5,246,WR78,1096
2025,0501,"Bills, Buffalo",DEF,BUF,133.7,247,DEF7,949
2025,16189,"Mims, Marvin",WR,DEN,133.78,248,WR79,1123
2025,0523,"Packers, Green Bay",DEF,GBP,137.78,249,DEF8,803
2025,16165,"Spears, Tyjae",RB,TEN,139.47,250,RB69,851
2025,0522,"Lions, Detroit",DEF,DET,139.58,251,DEF9,937
2025,11222,"Allen, Keenan",WR,LAC,140.0,252,WR80,1171
2025,11247,"Ertz, Zach",TE,WAS,140.89,253,TE26,1025
2025,16152,"Richardson, Anthony",QB,IND,141.38,254,QB37,492
2025,13633,"Kirk, Christian",WR,HOU,142.03,255,WR81,1070
2025,14059,"Jones, Daniel",QB,IND,142.99,256,QB38,595
2025,15757,"Robinson, Wan'Dale",WR,NYG,145.17,257,WR82,964
2025,14717,"McLaughlin, Chase",PK,TBB,145.44,258,PK5,816
2025,16269,"Strange, Brenton",TE,JAC,145.8,259,TE27,855
2025,0512,"Chiefs, Kansas City",DEF,KCC,146.1,260,DEF10,822
2025,15798,"Likely, Isaiah",TE,BAL,146.97,261,TE28,829
2025,11938,"Thielen, Adam",WR,FA,147.24,262,WR83,998
2025,13354,"Butker, Harrison",PK,KCC,147.78,263,PK6,819
2025,13303,"Elliott, Jake",PK,PHI,148.02,264,PK7,792
2025,10703,"Wilson, Russell",QB,NYG,148.74,265,QB39,556
2025,13193,"Smith, Jonnu",TE,PIT,148.96,266,TE29,708
2025,15331,"Freiermuth, Pat",TE,PIT,149.77,267,TE30,782
2025,16174,"Rodriguez, Chris",RB,WAS,150.06,268,RB70,405
2025,0530,"49ers, San Francisco",DEF,SFO,150.55,269,DEF11,733
2025,15712,"Allgeier, Tyler",RB,ATL,151.46,270,RB71,963
2025,11936,"Boswell, Chris",PK,PIT,151.89,271,PK8,742
2025,12956,"Lutz, Wil",PK,DEN,152.01,272,PK9,876
2025,14823,"Dowdle, Rico",RB,CAR,153.3,273,RB72,941
2025,0504,"Patriots, New England",DEF,NEP,153.68,274,DEF12,581
2025,0515,"Seahawks, Seattle",DEF,SEA,153.89,275,DEF13,590
2025,13138,"Hunt, Kareem",RB,KCC,154.48,276,RB73,966
2025,0514,"Chargers, Los Angeles",DEF,LAC,154.7,277,DEF14,564
2025,16688,"Guerendo, Isaac",RB,SFO,154.87,278,RB74,572
2025,16191,"Tillman, Cedric",WR,CLE,155.06,279,WR84,756
2025,0528,"Rams, Los Angeles",DEF,LAR,155.13,280,DEF15,507
2025,16680,"Little, Cam",PK,JAC,155.86,281,PK10,502
2025,16585,"Milton, Joe",QB,DAL,156.13,282,QB40,254
2025,12860,"Fairbairn, Ka'imi",PK,HOU,156.15,283,PK11,767
2025,16601,"Shipley, Will",RB,PHI,158.02,284,RB75,773
2025,16342,"Douglas, Demario",WR,NEP,158.61,285,WR85,783
2025,9064,"Flacco, Joe",QB,CIN,159.45,286,QB41,525
2025,15368,"McPherson, Evan",PK,CIN,159.73,287,PK12,694
2025,14983,"Bass, Tyler",PK,BUF,160.02,288,PK13,638
2025,14867,"Kmet, Cole",TE,CHI,160.86,289,TE31,628
2025,0506,"Bengals, Cincinnati",DEF,CIN,162.23,290,DEF16,325
2025,0516,"Cowboys, Dallas",DEF,DAL,162.54,291,DEF17,310
2025,0525,"Buccaneers, Tampa Bay",DEF,TBB,162.57,292,DEF18,416
2025,16188,"Johnston, Quentin",WR,LAC,162.96,293,WR86,646
2025,0521,"Bears, Chicago",DEF,CHI,163.43,294,DEF19,383
2025,14244,"Gay, Matt",PK,FA,163.54,295,PK14,504
2025,15889,"Okonkwo, Chigoziem",TE,TEN,163.67,296,TE32,610
2025,16639,"Legette, Xavier",WR,CAR,163.75,297,WR87,725
2025,16610,"Wright, Jaylen",RB,MIA,164.23,298,RB76,587
2025,0519,"Cardinals, Arizona",DEF,ARI,165.79,299,DEF20,487
2025,0507,"Browns, Cleveland",DEF,CLE,166.67,300,DEF21,241
2025,15802,"Otton, Cade",TE,TBB,166.77,301,TE33,478
2025,15319,"Palmer, Joshua",WR,BUF,166.99,302,WR88,656
2025,12175,"Cooper, Amari",WR,FA,167.27,303,WR89,599
2025,13403,"Koo, Younghoe",PK,FA,167.72,304,PK15,452
2025,0520,"Commanders, Washington",DEF,WAS,168.36,305,DEF22,333
2025,0505,"Jets, New York",DEF,NYJ,168.6,306,DEF23,373
2025,0517,"Giants, New York",DEF,NYG,169.07,307,DEF24,261
2025,13672,"Gesicki, Mike",TE,CIN,171.34,308,TE34,459
2025,15779,"Doubs, Romeo",WR,GBP,171.67,309,WR90,642
2025,14086,"Hill, Justice",RB,BAL,171.98,310,RB77,647
2025,14105,"Brown, Marquise",WR,KCC,172.19,311,WR91,587
2025,16593,"Corum, Blake",RB,LAR,172.23,312,RB78,567
2025,11947,"McManus, Brandon",PK,GBP,172.63,313,PK16,286
2025,16286,"Moody, Jake",PK,WAS,173.65,314,PK17,286
2025,16681,"Reichard, Will",PK,MIN,173.83,315,PK18,290
2025,13772,"Schultz, Dalton",TE,HOU,175.99,316,TE35,440
2025,16175,"Johnson, Roschon",RB,CHI,176.33,317,RB79,474
2025,16775,"Karty, Joshua",PK,ARI,176.65,318,PK19,260
2025,13832,"Sanders, Jason",PK,MIA,177.55,319,PK20,200
2025,16586,"Rattler, Spencer",QB,NOS,177.73,320,QB42,415
2025,16809,"Coker, Jalen",WR,CAR,177.8,321,WR92,426
2025,15768,"Pierce, Alec",WR,IND,179.56,322,WR93,425
2025,16628,"McMillan, Jalen",WR,TBB,179.68,323,WR94,294
2025,12437,"Myers, Jason",PK,SEA,180.06,324,PK21,182
2025,13718,"Carlson, Daniel",PK,LVR,180.31,325,PK22,234
2025,16178,"Mitchell, Keaton",RB,BAL,184.53,326,RB80,434
2025,16287,"Tucker, Tre",WR,LVR,185.26,327,WR95,348
2025,16629,"Wilson, Roman",WR,PIT,186.46,328,WR96,274
2025,16604,"Lloyd, MarShawn",RB,GBP,187.15,329,RB81,276
2025,12187,"Lockett, Tyler",WR,LVR,187.56,330,WR97,484
2025,16619,"Franklin, Troy",WR,DEN,189.62,331,WR98,330
2025,16171,"Miller, Kendre",RB,NOS,189.68,332,RB82,402
2025,16206,"Wilson, Michael",WR,ARI,190.02,333,WR99,386
2025,14861,"Johnson, Juwan",TE,NOS,190.59,334,TE36,309
2025,16644,"Sinnott, Ben",TE,WAS,191.1,335,TE37,172
2025,16649,"Johnson, Theo",TE,NYG,191.76,336,TE38,332
2025,16723,"Barner, AJ",TE,SEA,193.69,337,TE39,200
2025,16626,"Mitchell, Adonai",WR,NYJ,195.08,338,WR100,257
2025,16643,"Sanders, Ja'Tavion",TE,CAR,195.33,339,TE40,261
2025,15717,"Pierce, Dameon",RB,KCC,195.53,340,RB83,231
2025,11232,"Hopkins, DeAndre",WR,BAL,197.25,341,WR101,372
2025,16432,"Wilson, Emanuel",RB,GBP,197.42,342,RB84,269
2025,16204,"Dell, Tank",WR,HOU,197.66,343,WR102,225
2025,12678,"Higbee, Tyler",TE,LAR,198.67,344,TE41,257
2025,12447,"Mostert, Raheem",RB,LVR,198.99,345,RB85,340
2025,15777,"Austin III, Calvin",WR,PIT,201.09,346,WR103,287
2025,16166,"Tucker, Sean",RB,TBB,202.05,347,RB86,302
2025,14079,"Sanders, Miles",RB,DAL,202.43,348,RB87,273
2025,15337,"Gray, Noah",TE,KCC,203.33,349,TE42,235
2025,15789,"Watson, Christian",WR,GBP,206.54,350,WR104,212
2025,15788,"Tolbert, Jalen",WR,DAL,207.03,351,WR105,236
2025,13641,"McCloud, Ray-Ray",WR,NYG,208.54,352,WR106,269
2025,15292,"Brown, Dyami",WR,JAC,211.91,353,WR107,176
2025,14080,"Singletary, Devin",RB,NYG,213.29,354,RB88,234
2025,16207,"Iosivas, Andrei",WR,CIN,213.82,355,WR108,280
2025,10700,"Cousins, Kirk",QB,ATL,215.58,356,QB43,234
2025,14122,"Slayton, Darius",WR,NYG,219.64,357,WR109,224
2025,16193,"Boutte, Kayshon",WR,NEP,221.23,358,WR110,184
2025,16195,"Wicks, Dontayvion",WR,GBP,228.17,359,WR111,179
