season,player_id,player,pos,gp_started,gp_all,apw_started,apw_bestball,par_started,par_bestball,apwe_started,apwe_bestball
2020,11675,"Adams, Davante",WR,10,10,8.043,8.043,191.0,193.6,16.81,17.04
2020,13128,"Cook, Dalvin",RB,11,11,8.846,8.846,191.0,193.5,16.81,17.03
2020,13132,"Kamara, Alvin",RB,12,12,9.645,9.645,181.1,182.1,15.94,16.03
2020,12801,"Hill, Tyreek",WR,12,12,8.638,8.638,180.2,184.3,15.86,16.22
2020,11244,"Kelce, Travis",TE,12,12,10.2,10.2,168.1,169.7,14.8,14.94
2020,13116,"Mahomes, Patrick",QB,12,12,7.727,7.727,166.3,172.5,14.63,15.18
2020,11317,"Poyer, Jordan",CB+S,12,12,9.158,9.158,148.0,148.0,13.02,13.02
2020,13403,"Koo, Younghoe",PK,11,11,8.591,8.591,144.3,144.3,12.7,12.7
2020,13251,"Baker, Budda",CB+S,11,11,7.635,7.635,144.2,144.2,12.69,12.69
2020,12626,"Henry, Derrick",RB,12,12,8.177,8.177,139.1,142.7,12.24,12.56
2020,13737,"Bates, Jessie",CB+S,12,12,8.15,8.15,137.9,137.9,12.14,12.14
2020,14102,"Metcalf, DK",WR,12,12,7.826,7.826,137.8,145.3,12.13,12.79
2020,7836,"Rodgers, Aaron",QB,12,12,7.909,7.909,133.6,155.7,11.75,13.7
2020,14927,"Chinn, Jeremy",CB+S,11,11,6.952,6.952,133.5,133.5,11.75,11.75
2020,13214,"Watt, T.J.",LB,12,12,8.181,8.181,128.5,128.5,11.31,11.31
2020,14168,"White, Devin",LB,12,12,7.88,7.88,127.5,127.5,11.22,11.22
2020,11222,"Allen, Keenan",WR,12,12,7.672,7.672,127.2,128.3,11.2,11.29
2020,14056,"Murray, Kyler",QB,12,12,7.455,7.455,126.1,138.5,11.09,12.19
2020,13696,"Smith, Roquan",LB,12,12,7.692,7.692,125.5,125.5,11.04,11.04
2020,11232,"Hopkins, DeAndre",WR,12,12,7.672,7.672,125.2,128.2,11.02,11.28
2020,13589,"Allen, Josh",QB,12,12,7.364,7.364,124.8,133.2,10.98,11.72
2020,12767,"Simmons, Justin",CB+S,12,12,7.111,7.111,124.3,124.3,10.94,10.94
2020,14813,,RB,11,12,7.916,8.353,124.2,126.2,10.93,11.11
2020,12186,"Diggs, Stefon",WR,12,12,8.189,8.189,121.8,121.8,10.72,10.72
2020,12788,,LB,12,12,8.203,8.203,121.0,121.0,10.65,10.65
2020,10703,"Wilson, Russell",QB,12,12,6.364,6.364,119.7,137.6,10.53,12.1
2020,10272,,DT+DE,12,12,8.51,8.51,116.5,116.5,10.25,10.25
2020,10768,"David, Lavonte",LB,12,12,7.517,7.517,116.0,116.0,10.21,10.21
2020,10775,"Wagner, Bobby",LB,12,12,7.271,7.271,116.0,116.0,10.21,10.21
2020,10976,"Tucker, Justin",PK,12,12,7.091,7.091,114.2,114.2,10.05,10.05
2020,11938,"Thielen, Adam",WR,11,11,6.991,6.991,114.1,124.3,10.04,10.94
2020,12263,"Waller, Darren",TE,12,12,8.351,8.351,113.9,120.7,10.03,10.62
2020,13216,"Cunningham, Zach",LB,12,12,7.181,7.181,114.0,114.0,10.03,10.03
2020,12239,"Kendricks, Eric",LB,11,11,7.385,7.385,113.5,113.5,9.99,9.99
2020,13274,,CB+S,12,12,6.781,6.781,113.4,113.4,9.98,9.98
2020,13319,"Jones, Aaron",RB,10,10,6.997,6.997,113.2,113.2,9.96,9.96
2020,13230,"Adams, Jamal",CB+S,8,8,5.837,5.837,111.4,111.4,9.8,9.8
2020,12956,"Lutz, Wil",PK,12,12,6.455,6.455,111.2,111.2,9.79,9.79
2020,12736,,CB+S,11,11,6.268,6.268,110.8,110.8,9.75,9.75
2020,12768,,LB,11,12,6.071,6.347,109.5,114.5,9.64,10.08
2020,12187,"Lockett, Tyler",WR,12,12,6.403,6.403,109.1,120.4,9.6,10.59
2020,11757,"Donald, Aaron",DT+DE,12,12,6.558,6.558,109.0,109.0,9.59,9.59
2020,14896,"Queen, Patrick",LB,12,12,6.024,6.024,108.5,108.5,9.55,9.55
2020,13198,"Garrett, Myles",DT+DE,10,10,7.711,7.711,108.5,108.5,9.55,9.55
2020,13629,"Ridley, Calvin",WR,11,11,7.097,7.097,108.4,120.0,9.54,10.56
2020,13113,"Watson, Deshaun",QB,10,12,6.0,6.75,107.9,111.2,9.5,9.78
2020,12701,,LB,12,12,6.997,6.997,107.0,107.0,9.42,9.42
2020,13223,"Humphrey, Marlon",CB+S,10,11,6.179,6.938,106.6,119.2,9.38,10.49
2020,12647,,WR,11,11,6.781,6.781,105.8,115.4,9.31,10.16
2020,11985,"Way, Tress",PN,12,12,7.545,7.545,104.0,104.0,9.15,9.15
2020,12718,"Bell, Vonn",CB+S,11,12,5.652,6.652,103.1,121.3,9.07,10.67
2020,13733,,LB,10,10,5.976,5.976,101.0,101.0,8.89,8.89
2020,12301,,LB,11,12,6.036,6.403,99.5,106.0,8.76,9.33
2020,13322,"Clark, Chuck",CB+S,10,12,5.57,6.258,98.7,112.0,8.69,9.86
2020,13347,"Gonzalez, Zane",PK,11,12,5.227,5.394,97.5,101.5,8.58,8.93
2020,12175,"Cooper, Amari",WR,12,12,7.033,7.033,97.3,110.7,8.57,9.74
2020,14836,"Jefferson, Justin",WR,9,12,5.599,6.904,96.7,129.9,8.51,11.43
2020,11678,,WR,12,12,7.133,7.133,96.4,98.3,8.49,8.65
2020,12088,,CB+S,10,12,5.712,6.71,96.4,116.7,8.48,10.27
2020,13743,"Warner, Fred",LB,12,12,6.184,6.184,96.0,96.0,8.45,8.45
2020,10783,"Smith, Harrison",CB+S,11,12,4.88,5.53,94.0,104.4,8.27,9.19
2020,13354,"Butker, Harrison",PK,10,12,5.5,6.333,93.4,106.2,8.22,9.35
2020,13832,"Sanders, Jason",PK,7,12,5.545,7.67,93.3,139.3,8.21,12.26
2020,13782,"Dickson, Michael",PN,9,12,5.909,7.409,91.0,111.0,8.01,9.77
2020,11313,,CB+S,11,12,5.365,6.365,90.9,107.6,8.0,9.47
2020,14912,,PK,10,12,4.955,6.08,88.1,111.7,7.75,9.83
2020,13718,"Carlson, Daniel",PK,9,12,4.773,6.814,84.6,117.0,7.44,10.3
2020,13717,"Reid, Justin",CB+S,9,12,4.628,6.311,83.8,115.2,7.37,10.14
2020,12625,"Elliott, Ezekiel",RB,12,12,6.895,6.895,83.0,89.3,7.3,7.86
2020,12075,,LB,12,12,4.687,4.687,82.5,82.5,7.26,7.26
2020,14852,"Gibson, Antonio",RB,10,12,5.691,6.313,82.1,92.7,7.22,8.16
2020,14073,"Jacobs, Josh",RB,11,11,6.5,6.5,81.7,87.3,7.19,7.69
2020,14256,"Bailey, Jake",PN,11,12,6.182,7.14,81.5,96.5,7.17,8.49
2020,11316,,CB+S,8,12,4.52,6.633,80.6,113.2,7.09,9.96
2020,10292,"Jordan, Cameron",DT+DE,10,12,5.661,6.628,80.5,91.0,7.08,8.01
2020,12842,"Dixon, Riley",PN,8,12,6.318,8.735,80.0,110.0,7.04,9.68
2020,9430,,CB+S,10,12,4.269,5.88,79.8,107.1,7.02,9.42
2020,14148,"Sweat, Montez",DT+DE,11,12,6.145,6.886,79.5,92.0,7.0,8.1
2020,13706,"Baker, Jerome",LB,11,12,4.094,4.421,78.5,85.5,6.91,7.52
2020,10816,"Davis, Demario",LB,10,12,5.251,6.466,78.5,103.5,6.91,9.11
2020,11840,"O'Donnell, Pat",PN,9,12,6.0,7.708,78.0,101.0,6.86,8.89
2020,13252,"Maye, Marcus",CB+S,11,12,3.776,4.776,76.3,102.8,6.71,9.05
2020,13164,"Kupp, Cooper",WR,12,12,6.289,6.289,75.5,84.8,6.65,7.46
2020,12745,"Jones, Deion",LB,8,12,4.905,7.25,74.5,115.0,6.56,10.12
2020,13610,"Chubb, Nick",RB,8,8,4.967,4.967,74.4,80.6,6.55,7.09
2020,10271,,WR,9,9,4.954,4.954,74.0,84.5,6.51,7.43
2020,12688,"Buckner, DeForest",DT+DE,10,11,5.676,6.635,74.0,90.5,6.51,7.96
2020,14104,"Brown, A.J.",WR,9,10,5.002,5.902,73.3,93.7,6.45,8.24
2020,9833,,DT+DE,8,12,4.961,8.285,72.0,118.0,6.34,10.38
2020,14909,"Winfield, Antoine",CB+S,10,12,3.949,5.472,71.6,98.2,6.3,8.64
2020,13747,,CB+S,8,11,4.177,4.392,71.1,79.2,6.26,6.97
2020,14109,"McLaurin, Terry",WR,10,12,5.648,7.106,70.0,102.0,6.16,8.98
2020,14208,"Johnson, Diontae",WR,11,11,5.992,5.992,69.6,94.5,6.13,8.32
2020,13430,"Haack, Matt",PN,10,12,4.5,6.167,69.0,98.0,6.07,8.62
2020,14071,"Montgomery, David",RB,11,11,6.0,6.0,67.8,76.1,5.97,6.7
2020,5848,"Brady, Tom",QB,12,12,5.636,5.636,67.8,97.9,5.96,8.61
2020,13779,,LB,9,9,3.919,3.919,67.5,67.5,5.94,5.94
2020,13130,"McCaffrey, Christian",RB,3,3,2.824,2.824,65.9,65.9,5.8,5.8
2020,13153,,WR,8,10,4.599,5.787,65.8,89.2,5.79,7.85
2020,14184,,CB+S,7,10,3.689,5.419,65.5,94.9,5.76,8.35
2020,12686,"Bosa, Joey",DT+DE,9,10,5.087,6.087,65.0,103.5,5.72,9.11
2020,14600,"Slye, Joey",PK,8,12,4.045,6.67,64.5,106.7,5.68,9.39
2020,12987,,DT+DE,9,12,5.087,7.222,64.5,92.5,5.68,8.14
2020,12620,"Prescott, Dak",QB,5,5,2.818,2.818,63.6,72.7,5.59,6.4
2020,12250,,CB+S,7,7,3.983,3.983,63.3,63.3,5.57,5.57
2020,12164,,RB,9,12,5.254,6.235,63.0,70.9,5.55,6.24
2020,11707,,DT+DE,7,11,4.415,6.578,63.0,95.0,5.54,8.36
2020,11769,"Lawrence, Demarcus",DT+DE,7,12,4.518,6.704,63.0,87.0,5.54,7.66
2020,14803,"Edwards-Helaire, Clyde",RB,11,11,6.031,6.031,62.9,68.8,5.53,6.05
2020,14983,"Bass, Tyler",PK,5,12,3.818,6.485,62.5,123.7,5.5,10.89
2020,10274,,DT+DE,9,12,4.781,6.01,62.0,82.0,5.46,7.22
2020,12702,,LB,7,10,4.046,6.005,61.5,93.5,5.41,8.23
2020,12231,"Thompson, Shaq",LB,10,12,3.881,5.281,61.5,88.5,5.41,7.79
2020,13299,"Kittle, George",TE,6,6,3.817,3.817,60.8,62.6,5.35,5.5
2020,8742,,PK,6,12,3.364,4.947,60.3,95.0,5.31,8.36
2020,12630,,RB,10,11,4.743,5.157,60.1,70.4,5.29,6.2
2020,13364,,RB,7,8,4.355,5.011,60.0,74.2,5.28,6.53
2020,11228,,WR,10,12,5.408,7.172,59.8,100.5,5.26,8.84
2020,12241,,LB,8,12,3.718,6.016,59.0,93.5,5.19,8.23
2020,13635,"Moore, D.J.",WR,11,12,5.565,6.37,58.0,77.7,5.11,6.84
2020,10823,,DT+DE,8,11,4.541,6.316,57.5,80.0,5.06,7.04
2020,10266,"Heyward, Cameron",DT+DE,10,12,4.803,6.22,57.0,73.5,5.02,6.47
2020,13304,,LB,7,10,3.109,5.019,57.0,89.5,5.02,7.88
2020,14835,"Higgins, Tee",WR,9,12,4.862,5.919,56.7,71.5,4.99,6.29
2020,12930,"Chosen, Robbie",WR,10,12,5.626,6.873,56.6,81.7,4.98,7.19
2020,11721,"Mack, Khalil",LB,10,12,3.318,4.711,56.5,77.0,4.97,6.78
2020,9310,,PN,7,9,4.182,5.348,56.0,73.0,4.93,6.42
2020,12266,,PN,6,7,4.5,5.375,56.0,67.0,4.93,5.9
2020,9826,"Graham, Brandon",DT+DE,8,12,4.405,7.22,55.5,104.5,4.88,9.2
2020,11674,"Cooks, Brandin",WR,9,12,4.712,5.51,55.1,70.6,4.85,6.21
2020,12280,,DT+DE,10,12,4.7,5.248,55.0,62.5,4.84,5.5
2020,13470,"Moore, Kenny",CB+S,6,12,3.261,5.87,54.9,107.2,4.83,9.43
2020,14832,"Lamb, CeeDee",WR,9,12,4.886,6.179,54.5,74.5,4.8,6.56
2020,13146,"Conner, James",RB,10,10,5.441,5.441,54.4,65.0,4.79,5.72
2020,11965,,CB+S,6,12,3.236,6.339,54.2,118.8,4.77,10.45
2020,13163,"Godwin, Chris",WR,8,8,4.707,4.707,54.1,56.4,4.76,4.96
2020,12741,"Jones, Chris",DT+DE,9,11,4.158,5.473,54.0,69.0,4.75,6.07
2020,13447,"Wilson, Eric",LB,6,12,3.31,7.206,54.0,115.5,4.75,10.16
2020,13156,"Smith-Schuster, JuJu",WR,11,12,5.219,5.902,53.8,75.8,4.74,6.67
2020,14779,"Herbert, Justin",QB,7,11,3.909,6.284,53.3,103.8,4.69,9.13
2020,11947,"McManus, Brandon",PK,7,12,2.909,5.701,53.2,114.4,4.68,10.07
2020,13848,"Johnston, Cam",PN,8,12,3.818,6.652,53.0,97.0,4.66,8.54
2020,13231,"Peppers, Jabrill",CB+S,5,11,2.905,6.531,52.7,117.0,4.64,10.3
2020,14186,"Rapp, Taylor",CB+S,7,9,3.041,3.641,52.5,63.2,4.62,5.56
2020,12184,,WR,4,8,3.007,4.379,52.3,66.7,4.61,5.87
2020,13606,,RB,8,12,4.223,5.79,52.2,73.2,4.59,6.45
2020,14877,"Young, Chase",DT+DE,9,11,4.378,5.848,52.0,71.0,4.58,6.25
2020,11349,,LB,6,12,2.76,6.158,52.0,101.5,4.58,8.93
2020,12150,,RB,11,11,5.659,5.659,51.8,63.4,4.56,5.58
2020,11956,,CB+S,5,12,2.881,6.411,51.5,117.4,4.53,10.33
2020,13131,"Mixon, Joe",RB,6,6,3.034,3.034,51.1,52.2,4.5,4.6
2020,10945,"Hekker, Johnny",PN,8,12,3.636,7.22,51.0,108.0,4.49,9.5
2020,13264,,CB+S,5,9,3.115,4.878,50.7,81.3,4.46,7.15
2020,12287,,LB,7,12,2.8,5.111,50.5,90.0,4.44,7.92
2020,10973,,WR,8,12,4.261,6.459,50.1,86.5,4.41,7.61
2020,13713,"Fitzpatrick, Minkah",CB+S,5,12,2.634,5.351,50.1,103.9,4.41,9.14
2020,14163,"Simmons, Jeffery",DT+DE,7,11,3.879,6.27,50.0,80.0,4.4,7.04
2020,10862,,PK,7,12,2.909,5.826,49.8,102.8,4.38,9.05
2020,11671,"Evans, Mike",WR,10,12,4.803,6.364,49.5,84.9,4.36,7.47
2020,13392,,LB,5,12,2.612,4.93,49.5,86.5,4.36,7.61
2020,13284,"Hendrickson, Trey",DT+DE,7,12,3.828,6.926,49.0,86.0,4.31,7.57
2020,12774,,LB,7,12,2.895,5.758,49.0,94.0,4.31,8.27
2020,13138,"Hunt, Kareem",RB,10,12,4.77,6.101,48.3,69.6,4.25,6.12
2020,14226,,CB+S,6,11,2.635,5.395,48.1,91.7,4.23,8.07
2020,9596,"Morstead, Thomas",PN,9,12,3.909,6.117,48.0,85.0,4.22,7.48
2020,8153,,PK,6,12,2.727,5.102,47.8,95.2,4.21,8.38
2020,13813,"Oluokun, Foyesade",LB,5,11,2.82,6.639,47.5,104.5,4.18,9.2
2020,13671,"Andrews, Mark",TE,10,10,6.039,6.039,46.7,59.4,4.11,5.22
2020,12650,"Boyd, Tyler",WR,9,12,4.449,6.654,46.3,89.2,4.07,7.85
2020,13431,"Sanchez, Rigoberto",PN,7,11,3.955,5.955,46.0,73.0,4.05,6.42
2020,13404,"Ekeler, Austin",RB,6,6,3.228,3.228,45.6,51.4,4.01,4.53
2020,13593,"Jackson, Lamar",QB,7,11,3.636,5.053,45.4,58.7,4.0,5.16
2020,12225,"Williams, Leonard",DT+DE,7,12,3.547,7.124,45.5,96.0,4.0,8.45
2020,12305,"Jarrett, Grady",DT+DE,9,12,3.639,5.537,45.5,71.0,4.0,6.25
2020,11772,,LB,6,7,2.581,3.231,45.5,54.5,4.0,4.8
2020,12691,"Ogbah, Emmanuel",DT+DE,6,12,3.791,7.565,45.5,94.5,4.0,8.32
2020,12151,,RB,11,11,5.198,5.198,45.3,57.3,3.99,5.05
2020,11517,,CB+S,6,7,2.594,2.701,45.2,48.8,3.98,4.29
2020,15001,"Curl, Kamren",CB+S,4,12,2.406,4.231,44.2,84.1,3.89,7.4
2020,10738,,WR,12,12,5.118,5.118,42.6,57.8,3.75,5.09
2020,14802,"Taylor, Jonathan",RB,7,11,3.726,5.35,42.5,58.4,3.74,5.14
2020,11680,,WR,11,12,5.006,5.053,41.5,50.8,3.65,4.47
2020,14081,"Gaskin, Myles",RB,7,8,4.004,4.442,41.0,43.2,3.61,3.8
2020,11706,"Clowney, Jadeveon",DT+DE,8,8,3.258,3.258,40.5,40.5,3.56,3.56
2020,9686,,PK,5,12,1.864,6.405,39.9,111.6,3.51,9.82
2020,14159,"Lawrence, Dexter",DT+DE,7,12,3.614,5.202,39.5,58.0,3.48,5.1
2020,13668,"Chark, D.J.",WR,8,10,3.863,4.338,38.2,52.4,3.36,4.61
2020,14162,"Wilkins, Christian",DT+DE,6,10,2.796,4.715,38.0,62.0,3.34,5.46
2020,12222,,DT+DE,6,7,3.071,3.732,37.5,44.5,3.3,3.92
2020,12176,,WR,10,12,4.437,5.247,37.4,55.3,3.29,4.86
2020,9051,"Campbell, Calais",DT+DE,7,9,2.821,4.092,37.0,63.5,3.26,5.59
2020,13726,"Edmonds, Chase",RB,8,12,4.24,5.774,36.7,54.9,3.23,4.84
2020,14171,"Burns, Brian",DT+DE,6,12,2.909,7.144,36.5,93.5,3.21,8.23
2020,13727,,LB,6,8,2.178,2.514,36.5,45.5,3.21,4.0
2020,13844,"Cooke, Logan",PN,7,12,3.045,6.504,36.0,88.0,3.17,7.74
2020,7578,,PN,7,12,3.136,4.845,36.0,58.0,3.17,5.1
2020,13716,,CB+S,6,12,1.932,4.907,35.7,86.9,3.14,7.65
2020,9577,,PN,6,12,2.273,5.481,35.0,74.0,3.08,6.51
2020,14227,"Wishnowsky, Mitch",PN,7,12,3.0,6.292,35.0,79.0,3.08,6.95
2020,12779,,LB,5,12,2.04,4.933,35.0,85.0,3.08,7.48
2020,11324,,CB+S,4,11,1.771,5.386,34.5,104.8,3.04,9.22
2020,12447,"Mostert, Raheem",RB,5,6,2.568,2.89,33.9,36.9,2.99,3.25
2020,14225,"Crosby, Maxx",DT+DE,8,12,3.192,6.164,34.0,71.0,2.99,6.25
2020,13414,"Hilton, Mike",CB+S,4,8,1.944,4.52,33.6,83.4,2.96,7.34
2020,13710,"Davis, Carlton",CB+S,5,12,1.825,6.199,33.3,107.4,2.93,9.45
2020,14841,"Claypool, Chase",WR,7,12,3.725,5.83,33.2,89.8,2.92,7.9
2020,11801,,CB+S,4,10,1.74,4.66,32.9,91.1,2.9,8.02
2020,12938,,CB+S,5,9,1.672,4.547,32.5,77.7,2.86,6.84
2020,12171,,RB,9,9,4.074,4.074,32.1,39.5,2.83,3.48
2020,13135,,RB,4,11,2.83,4.587,32.0,46.0,2.82,4.05
2020,14028,,CB+S,3,10,2.086,4.017,32.1,67.6,2.82,5.95
2020,10697,,QB,7,12,3.455,6.538,31.3,90.6,2.76,7.97
2020,12245,,CB+S,4,12,1.826,5.608,31.4,100.3,2.76,8.83
2020,12275,,CB+S,3,12,1.811,5.489,31.3,101.8,2.75,8.96
2020,13633,"Kirk, Christian",WR,9,11,3.883,4.433,31.1,51.1,2.74,4.49
2020,13208,"Allen, Jonathan",DT+DE,7,12,2.62,5.477,31.0,68.5,2.73,6.03
2020,14167,"Hines-Allen, Josh",DT+DE,7,8,2.501,2.521,31.0,31.0,2.73,2.73
2020,13157,"Samuel, Curtis",WR,4,11,2.286,5.115,30.9,59.4,2.72,5.23
2020,13684,,DT+DE,5,9,2.317,5.002,30.5,63.0,2.68,5.54
2020,13672,"Gesicki, Mike",TE,11,12,4.772,5.105,29.9,52.3,2.63,4.6
2020,12676,"Henry, Hunter",TE,12,12,6.341,6.341,29.6,40.2,2.61,3.54
2020,14170,"Bush, Devin",LB,5,5,1.643,1.643,29.5,29.5,2.6,2.6
2020,12948,,DT+DE,4,12,2.27,7.189,29.5,96.0,2.6,8.45
2020,15024,,PK,5,7,1.091,1.508,29.0,38.4,2.55,3.38
2020,9825,,DT+DE,7,12,1.941,4.621,29.0,66.5,2.55,5.85
2020,13288,"Jenkins, Rayshawn",CB+S,3,12,1.627,5.693,28.6,102.7,2.52,9.04
2020,14920,,CB+S,4,12,1.336,5.01,28.0,89.1,2.46,7.84
2020,14138,"Hockenson, T.J.",TE,6,12,3.83,8.031,27.9,62.7,2.45,5.52
2020,14797,"Swift, D'Andre",RB,3,9,2.167,4.755,27.6,60.5,2.43,5.32
2020,14079,"Sanders, Miles",RB,8,9,3.461,4.202,27.5,47.3,2.42,4.17
2020,12233,,LB,4,9,1.636,2.794,27.0,53.5,2.38,4.71
2020,15032,"Fox, Jack",PN,6,12,2.045,6.879,27.0,101.0,2.38,8.89
2020,12481,"Hewitt, Neville",LB,3,12,1.603,6.633,27.0,106.0,2.38,9.33
2020,11193,,RB,5,12,2.698,4.144,26.8,32.0,2.36,2.82
2020,13108,,RB,7,12,3.463,4.678,26.5,37.0,2.34,3.25
2020,11299,,LB,4,12,1.408,4.683,25.5,83.5,2.24,7.35
2020,12218,"Armstead, Arik",DT+DE,7,12,2.097,4.335,25.5,50.5,2.24,4.44
2020,9925,,TE,7,12,3.964,5.455,25.2,37.9,2.22,3.33
2020,11679,"Beckham, Odell",WR,7,7,2.728,2.728,25.1,43.5,2.21,3.83
2020,13697,"Edmunds, Tremaine",LB,4,11,1.333,5.081,25.0,86.0,2.2,7.57
2020,10868,,PK,3,12,1.227,5.436,24.7,100.5,2.17,8.84
2020,12752,"Byard, Kevin",CB+S,4,12,0.99,5.309,24.5,98.3,2.16,8.65
2020,12860,"Fairbairn, Ka'imi",PK,4,12,1.0,6.083,24.2,106.3,2.13,9.35
2020,14672,"Reeder, Troy",LB,2,12,1.631,2.843,24.0,54.5,2.11,4.8
2020,14833,"Jeudy, Jerry",WR,8,12,3.418,4.047,23.5,32.7,2.07,2.88
2020,10350,,LB,3,12,1.412,5.713,23.5,93.0,2.07,8.18
2020,14218,"Okereke, Bobby",LB,3,10,1.277,3.639,23.0,62.5,2.02,5.5
2020,13680,"Hurst, Hayden",TE,9,12,4.78,5.601,22.7,39.0,2.0,3.43
2020,10789,,CB+S,3,9,1.24,2.309,21.7,48.8,1.91,4.29
2020,12756,,DT+DE,5,12,1.779,5.105,21.5,64.0,1.89,5.63
2020,8930,"Prater, Matt",PK,5,12,1.227,5.686,21.3,99.6,1.87,8.76
2020,13715,"Harrison, Ronnie",CB+S,3,10,1.408,3.388,21.1,61.6,1.86,5.42
2020,11695,,TE,7,12,4.182,6.127,20.7,40.8,1.82,3.59
2020,7401,,QB,1,12,1.0,5.667,20.6,72.2,1.81,6.35
2020,13249,"White, Tre'Davious",CB+S,3,11,1.456,5.006,20.6,91.9,1.81,8.09
2020,9918,,WR,7,10,2.767,3.478,20.4,38.7,1.79,3.4
2020,13632,"Lazard, Allen",WR,1,6,0.923,2.563,19.8,32.1,1.74,2.83
2020,13762,"White, Kyzir",LB,2,9,1.233,3.66,19.5,67.0,1.72,5.9
2020,13139,"Williams, Jamaal",RB,3,11,1.768,4.331,19.4,37.6,1.71,3.31
2020,9694,"Gano, Graham",PK,2,12,0.909,6.284,18.2,119.0,1.6,10.47
2020,12797,,DT+DE,3,3,1.538,1.538,18.0,18.0,1.58,1.58
2020,12985,,LB,4,10,0.713,2.263,17.5,49.5,1.54,4.36
2020,12252,,CB+S,2,12,0.795,5.092,17.4,94.9,1.53,8.35
2020,11248,,TE,3,7,1.628,2.417,17.4,25.5,1.53,2.25
2020,13774,"Reed, D.J.",CB+S,2,6,0.998,3.756,17.4,68.1,1.53,5.99
2020,14265,,WR,4,9,1.973,3.481,17.2,55.8,1.52,4.91
2020,14176,,DT+DE,3,12,1.512,5.68,17.0,71.0,1.5,6.25
2020,11783,,WR,6,8,2.83,3.112,16.9,32.7,1.48,2.88
2020,12778,,LB,2,10,0.979,4.558,16.5,75.0,1.45,6.6
2020,13277,,WR,4,5,1.876,2.576,16.1,34.6,1.42,3.05
2020,13791,"Scott, J.K.",PN,3,12,1.091,3.924,16.0,51.0,1.41,4.49
2020,11761,,RB,6,12,2.579,4.732,15.7,50.0,1.38,4.4
2020,10753,,LB,3,5,0.709,0.864,15.5,19.5,1.36,1.72
2020,8359,,PK,3,12,0.818,4.61,15.5,97.6,1.36,8.59
2020,11966,,PK,3,11,0.773,5.189,15.4,94.7,1.36,8.33
2020,11816,,LB,2,11,1.167,4.275,15.5,67.5,1.36,5.94
2020,12505,,WR,3,7,1.574,2.118,15.1,17.9,1.33,1.58
2020,14080,"Singletary, Devin",RB,8,12,3.103,4.286,15.1,28.0,1.33,2.47
2020,14157,"Williams, Quinnen",DT+DE,2,11,1.29,6.538,15.0,94.0,1.32,8.27
2020,14113,"Hardman, Mecole",WR,5,12,2.214,3.471,14.7,28.7,1.29,2.53
2020,14903,"Diggs, Trevon",CB+S,2,9,0.815,4.873,14.5,86.9,1.28,7.65
2020,13377,"Patrick, Tim",WR,3,11,1.412,4.923,14.3,55.9,1.26,4.92
2020,10700,"Cousins, Kirk",QB,3,12,1.273,4.856,13.9,65.7,1.22,5.78
2020,13412,,WR,1,12,0.897,4.708,13.9,51.6,1.22,4.54
2020,13688,"Davenport, Marcus",DT+DE,2,7,1.187,2.769,13.5,30.5,1.19,2.68
2020,12750,,CB+S,3,12,0.758,5.518,13.1,92.0,1.15,8.1
2020,10814,"Anger, Bryan",PN,4,12,0.636,5.22,13.0,72.0,1.14,6.34
2020,12678,"Higbee, Tyler",TE,7,11,3.001,4.607,13.0,29.6,1.14,2.6
2020,12323,"Pinion, Bradley",PN,3,12,1.091,5.299,13.0,66.0,1.14,5.81
2020,14283,"Wilson, Donovan",CB+S,2,11,0.558,4.61,12.8,84.4,1.13,7.43
2020,9828,,DT+DE,3,12,0.943,5.235,12.5,65.0,1.1,5.72
2020,11283,,DT+DE,3,12,1.142,6.424,12.5,79.0,1.1,6.95
2020,11017,,CB+S,2,12,0.561,5.793,12.0,105.2,1.06,9.26
2020,11403,,LB,2,12,0.674,5.088,12.0,85.0,1.06,7.48
2020,10277,,DT+DE,2,12,0.951,5.004,12.0,74.5,1.06,6.56
2020,14798,"Moss, Zack",RB,4,9,2.124,3.143,11.6,22.1,1.02,1.95
2020,10729,,WR,6,11,2.224,3.706,11.5,33.5,1.01,2.95
2020,14212,"Takitaki, Sione",LB,2,11,0.63,2.571,11.5,53.5,1.01,4.71
2020,12610,"Wentz, Carson",QB,1,12,0.727,3.227,11.4,34.0,1.0,3.0
2020,13621,,RB,2,7,1.196,2.879,11.4,20.9,1.0,1.84
2020,12716,"Mills, Jalen",CB+S,1,12,0.533,5.366,11.1,94.6,0.98,8.32
2020,14121,,WR,1,12,0.795,1.923,11.1,11.1,0.98,0.98
2020,13229,,CB+S,1,12,0.767,5.451,10.6,100.2,0.93,8.82
2020,11670,,WR,4,7,1.519,2.238,9.9,18.9,0.88,1.67
2020,12589,,CB+S,1,12,0.552,6.794,9.5,121.1,0.84,10.66
2020,13699,,LB,1,12,0.732,3.225,9.5,67.5,0.84,5.94
2020,11657,,RB,1,7,0.821,2.354,9.4,17.6,0.83,1.55
2020,13307,"Milano, Matt",LB,2,6,0.467,2.132,9.0,34.0,0.79,2.99
2020,11795,,LB,3,12,0.233,2.885,9.0,62.5,0.79,5.5
2020,13622,"Hines, Nyheim",RB,7,12,2.38,5.591,8.7,70.9,0.77,6.24
2020,11382,,CB+S,1,11,0.692,4.892,8.8,85.8,0.77,7.55
2020,13772,"Schultz, Dalton",TE,8,12,3.149,5.024,8.6,39.7,0.76,3.49
2020,13202,"Lawson, Carl",DT+DE,5,12,0.689,4.437,8.5,59.0,0.75,5.19
2020,10749,,DT+DE,1,7,0.654,1.45,8.5,19.0,0.75,1.67
2020,14147,"Bosa, Nick",DT+DE,2,2,0.673,0.673,8.5,8.5,0.75,0.75
2020,9853,,DT+DE,2,12,0.64,4.811,8.5,70.5,0.75,6.2
2020,13426,,LB,2,12,0.581,5.344,8.5,88.0,0.75,7.74
2020,14244,"Gay, Matt",PK,1,3,0.545,2.045,8.1,29.7,0.71,2.61
2020,8444,,PN,3,12,0.727,6.519,8.0,88.6,0.7,7.8
2020,14322,"Edwards, T.J.",LB,1,9,0.571,3.273,8.0,59.5,0.7,5.24
2020,12234,"Dupree, Bud",LB,2,11,0.464,4.55,7.5,73.5,0.66,6.47
2020,10879,,LB,2,12,0.277,4.165,7.5,73.0,0.66,6.42
2020,13201,"Barnett, Derek",DT+DE,2,11,0.723,5.155,7.5,66.0,0.66,5.81
2020,13998,,CB+S,3,9,0.303,3.674,7.2,69.3,0.63,6.1
2020,9431,"Stafford, Matthew",QB,4,12,1.0,3.875,7.1,43.2,0.62,3.8
2020,13306,"Walker, Anthony",LB,1,12,0.48,4.233,7.0,78.0,0.62,6.86
2020,10762,,DT+DE,1,12,0.674,6.113,7.0,75.5,0.62,6.64
2020,11247,"Ertz, Zach",TE,5,7,2.242,3.116,6.9,13.5,0.6,1.19
2020,13864,,WR,1,12,0.561,3.76,6.8,27.5,0.6,2.42
2020,12717,,CB+S,1,10,0.558,3.357,6.8,60.9,0.6,5.36
2020,14842,"Pittman, Michael",WR,2,9,0.74,2.586,6.8,19.6,0.6,1.73
2020,10506,,PK,2,12,0.091,3.633,6.6,69.5,0.58,6.12
2020,10335,,DT+DE,1,3,0.615,1.745,6.5,21.0,0.57,1.85
2020,11945,"Santos, Cairo",PK,1,12,0.364,4.614,6.5,91.6,0.57,8.06
2020,14897,"Brown, Derrick",DT+DE,1,12,0.423,3.689,6.5,45.0,0.57,3.96
2020,12157,,RB,3,10,1.236,2.795,6.4,15.9,0.57,1.4
2020,13760,"Whitehead, Jordan",CB+S,3,12,0.166,5.674,6.3,98.1,0.55,8.63
2020,11723,"Van Noy, Kyle",LB,2,11,0.214,5.365,6.0,98.5,0.53,8.67
2020,14247,"Greenlaw, Dre",LB,1,10,0.172,3.951,6.0,66.5,0.53,5.85
2020,10815,,DT+DE,1,10,0.543,4.181,6.0,66.5,0.53,5.85
2020,13427,"Tonyan, Robert",TE,5,12,2.174,6.458,6.0,69.0,0.52,6.07
2020,13348,"Moore, David",WR,1,12,0.575,3.462,5.6,30.9,0.49,2.72
2020,14839,"Reagor, Jalen",WR,5,7,1.776,2.267,5.3,11.0,0.46,0.97
2020,13232,,CB+S,2,11,0.299,3.68,5.1,68.2,0.45,6.0
2020,12652,,WR,5,6,1.585,2.364,5.2,27.0,0.45,2.38
2020,12386,,RB,5,12,1.43,3.61,5.0,34.8,0.44,3.06
2020,11760,"Garoppolo, Jimmy",QB,1,6,0.455,1.371,5.0,16.7,0.44,1.47
2020,13806,"Elliott, DeShon",CB+S,1,12,0.24,4.819,5.0,93.6,0.44,8.24
2020,9815,,DT+DE,1,12,0.42,5.286,5.0,68.0,0.44,5.98
2020,4925,,QB,6,9,1.545,3.379,4.8,43.7,0.43,3.84
2020,9902,,TE,6,12,2.45,5.846,4.8,49.6,0.42,4.36
2020,13325,"Woods, Xavier",CB+S,1,12,0.115,4.15,4.7,72.3,0.41,6.36
2020,13273,"Griffin, Shaq",CB+S,1,8,0.167,3.967,4.7,73.4,0.41,6.46
2020,13193,"Smith, Jonnu",TE,8,11,3.351,5.608,4.4,50.6,0.39,4.45
2020,13945,,CB+S,1,4,0.154,2.217,4.4,36.2,0.39,3.19
2020,8062,,QB,1,8,0.545,3.212,4.5,49.7,0.39,4.38
2020,13189,"Engram, Evan",TE,7,12,2.737,5.987,4.5,38.6,0.39,3.39
2020,13424,"Hill, Taysom",QB,1,12,0.364,1.697,4.2,12.5,0.37,1.1
2020,12437,"Myers, Jason",PK,1,12,0.182,6.432,4.1,105.1,0.36,9.25
2020,13205,,DT+DE,1,4,0.404,1.492,4.0,18.5,0.35,1.63
2020,11375,,LB,1,12,0.129,4.287,4.0,91.0,0.35,8.01
2020,14630,"Cole, A.J.",PN,3,12,0.273,5.981,4.0,75.0,0.35,6.6
2020,14991,"Fuller, Jordan",CB+S,2,8,0.038,3.34,3.9,59.5,0.34,5.24
2020,12197,,WR,3,8,0.968,2.573,3.7,31.1,0.33,2.74
2020,11872,"Harris, Shelby",DT+DE,1,8,0.296,4.504,3.5,59.0,0.31,5.19
2020,14811,"Ahmed, Salvon",RB,1,3,0.429,1.298,3.5,11.3,0.31,0.99
2020,10793,,CB+S,1,11,0.054,1.868,3.4,45.5,0.3,4.0
2020,12308,,CB+S,1,12,0.12,4.82,3.4,86.5,0.3,7.61
2020,13614,,RB,1,9,0.448,2.162,3.0,11.5,0.27,1.02
2020,14136,"Samuel, Deebo",WR,3,6,0.953,2.789,3.0,35.7,0.27,3.15
2020,13869,"Bojorquez, Corey",PN,3,12,0.227,5.144,3.0,72.0,0.26,6.34
2020,11010,,CB+S,1,12,0.074,4.087,2.8,81.4,0.25,7.16
2020,11182,,RB,4,10,1.235,3.707,2.7,47.8,0.24,4.21
2020,11802,,CB+S,1,12,0.074,5.522,2.6,94.1,0.23,8.28
2020,10280,,DT+DE,1,12,0.173,3.657,2.5,45.5,0.22,4.0
2020,12687,,DT+DE,1,11,0.154,4.902,2.5,65.0,0.22,5.72
2020,14948,"Walker, Mykal",LB,1,12,0.107,1.517,2.0,33.5,0.18,2.95
2020,12658,"Shepard, Sterling",WR,1,8,0.55,3.413,1.7,27.5,0.15,2.42
2020,13607,,RB,1,5,0.419,1.448,1.6,10.4,0.15,0.92
2020,10554,,DT+DE,1,12,0.111,4.733,1.5,58.0,0.13,5.1
2020,11793,"Jones, DaQuan",DT+DE,1,12,0.104,4.948,1.5,58.0,0.13,5.1
2020,12782,"Onyemata, David",DT+DE,1,11,0.174,6.354,1.5,78.0,0.13,6.86
2020,8687,,TE,1,10,0.5,3.27,1.2,10.1,0.11,0.89
2020,14224,"Gardner-Johnson, Chauncey",CB+S,1,12,0.0,5.015,0.8,91.7,0.07,8.07
2020,11516,,TE,1,10,0.364,2.345,0.4,5.1,0.04,0.45
2020,12656,,WR,1,10,0.286,2.942,0.3,26.1,0.03,2.3
2020,13620,,RB,3,6,0.912,1.881,0.3,17.5,0.03,1.54
2020,12181,"Agholor, Nelson",WR,2,12,0.466,4.03,0.2,44.6,0.02,3.92
2020,13850,"Edwards, Gus",RB,1,12,0.357,3.289,0.2,14.4,0.02,1.27
2020,13234,,RB,1,1,0.323,0.323,0.1,0.1,0.01,0.01
2020,14067,"Minshew, Gardner",QB,0,7,0.0,2.667,0.0,35.0,0.0,3.08
2020,13809,"Gage, Russell",WR,0,12,0.0,3.781,0.0,36.1,0.0,3.17
2020,10779,,CB+S,0,9,0.0,3.947,0.0,80.6,0.0,7.09
2020,13730,"Alexander, Jaire",CB+S,0,11,0.0,3.555,0.0,71.0,0.0,6.25
2020,14105,"Brown, Marquise",WR,9,12,2.968,4.428,0.0,40.1,0.0,3.53
2020,7394,"Rivers, Philip",QB,0,12,0.0,4.25,0.0,39.1,0.0,3.44
2020,11951,,WR,0,10,0.0,2.902,0.0,31.2,0.0,2.75
2020,14057,"Lock, Drew",QB,0,9,0.0,2.083,0.0,22.9,0.0,2.02
2020,14905,"Henderson, CJ",CB+S,0,8,0.0,3.025,0.0,57.3,0.0,5.04
2020,12637,,RB,0,12,0.0,1.577,0.0,7.6,0.0,0.67
2020,13192,"Njoku, David",TE,0,9,0.0,1.978,0.0,9.0,0.0,0.79
2020,11647,,TE,0,12,0.0,5.837,0.0,47.6,0.0,4.19
2020,14777,"Burrow, Joe",QB,0,10,0.0,3.25,0.0,38.7,0.0,3.4
2020,13188,,TE,0,4,0.0,2.064,0.0,13.2,0.0,1.16
2020,9308,,WR,0,10,0.0,2.825,0.0,12.5,0.0,1.1
2020,8658,,RB,3,12,0.907,4.065,0.0,32.6,0.0,2.87
2020,9474,,TE,9,11,3.637,4.483,-0.0,31.8,-0.0,2.8
2020,14272,,CB+S,0,8,0.0,3.424,0.0,61.4,0.0,5.4
2020,11383,"Martin, Sam",PN,0,12,0.0,4.875,0.0,68.0,0.0,5.98
2020,12083,"Autry, Denico",DT+DE,0,10,0.0,4.895,0.0,62.0,0.0,5.46
2020,14058,,QB,0,4,0.0,0.167,0.0,0.0,0.0,0.0
2020,13592,"Darnold, Sam",QB,0,8,0.0,0.75,0.0,5.1,0.0,0.45
2020,14293,,CB+S,0,12,0.0,2.469,0.0,50.7,0.0,4.46
2020,12417,,PK,0,4,0.0,1.75,0.0,28.0,0.0,2.46
2020,12719,,CB+S,0,12,0.0,2.218,0.0,43.9,0.0,3.86
2020,14807,,RB,0,12,0.0,2.957,0.0,14.5,0.0,1.28
2020,10989,,LB,0,10,0.0,3.282,0.0,56.5,0.0,4.97
2020,14924,"Johnson, Jaylon",CB+S,0,12,0.0,3.499,0.0,72.3,0.0,6.36
2020,12349,"Diggs, Quandre",CB+S,0,12,0.0,4.181,0.0,81.1,0.0,7.14
2020,14956,"Sneed, L'Jarius",CB+S,0,6,0.0,2.274,0.0,39.4,0.0,3.47
2020,11387,"Hopkins, Dustin",PK,0,12,0.0,5.333,0.0,97.7,0.0,8.6
2020,14263,"Ballentine, Corey",CB+S,0,11,0.0,1.335,0.0,26.9,0.0,2.37
2020,14910,"Jones, Brandon",CB+S,0,12,0.0,2.582,0.0,57.6,0.0,5.07
2020,10653,,LB,0,12,0.0,3.38,0.0,63.0,0.0,5.54
2020,11725,,DT+DE,0,9,0.0,2.984,0.0,34.0,0.0,2.99
2020,12274,,CB+S,0,7,0.0,3.027,0.0,45.5,0.0,4.0
2020,11764,,CB+S,0,12,0.0,4.023,0.0,76.4,0.0,6.72
2020,14210,"Pratt, Germaine",LB,0,12,0.0,3.111,0.0,58.5,0.0,5.15
2020,13980,"Badgley, Mike",PK,0,12,0.0,5.0,0.0,84.7,0.0,7.45
2020,13590,"Mayfield, Baker",QB,11,12,3.636,3.636,0.0,52.5,0.0,4.62
2020,13611,,RB,0,4,0.0,0.771,0.0,1.8,0.0,0.15
2020,13953,"Thomas, Tavierre",CB+S,0,12,0.0,2.608,0.0,39.8,0.0,3.5
2020,14202,,CB+S,0,2,0.0,0.727,0.0,10.9,0.0,0.96
2020,13917,,CB+S,0,12,0.0,4.852,0.0,85.5,0.0,7.52
2020,10263,,DT+DE,0,11,0.0,2.686,0.0,31.5,0.0,2.77
2020,14613,"Sims, Steven",WR,0,8,0.0,1.539,0.0,2.0,0.0,0.18
2020,13690,"Sweat, Josh",DT+DE,0,12,0.0,5.664,0.0,72.0,0.0,6.34
2020,13321,,LB,0,7,0.0,3.643,0.0,55.5,0.0,4.88
2020,11265,,DT+DE,0,12,0.0,5.782,0.0,65.5,0.0,5.76
2020,12506,,CB+S,0,10,0.0,4.477,0.0,73.0,0.0,6.42
2020,11735,,CB+S,0,10,0.0,3.758,0.0,67.6,0.0,5.95
2020,12711,"Ramsey, Jalen",CB+S,0,11,0.0,3.082,0.0,51.9,0.0,4.57
2020,14219,"Dean, Jamel",CB+S,0,11,0.0,4.444,0.0,78.4,0.0,6.9
2020,12317,,TE,0,2,0.0,0.845,0.0,8.1,0.0,0.71
2020,14305,,WR,0,12,0.0,1.117,0.0,7.6,0.0,0.67
2020,10413,"Taylor, Tyrod",QB,0,2,0.0,0.0,0.0,0.0,0.0,0.0
2020,13756,,CB+S,0,12,0.0,1.959,0.0,41.1,0.0,3.62
2020,9861,,CB+S,0,12,0.0,5.196,0.0,90.2,0.0,7.94
2020,11936,"Boswell, Chris",PK,0,11,0.0,5.292,0.0,93.2,0.0,8.2
2020,14959,,CB+S,0,11,0.0,0.735,0.0,11.2,0.0,0.99
2020,13646,,WR,0,12,0.0,3.966,0.0,39.4,0.0,3.46
2020,12292,,DT+DE,0,12,0.0,3.684,0.0,39.5,0.0,3.48
2020,9875,,DT+DE,0,11,0.0,3.403,0.0,38.5,0.0,3.39
2020,14161,"Tillery, Jerry",DT+DE,0,12,0.0,4.558,0.0,53.5,0.0,4.71
2020,14153,"Allen, Zach",DT+DE,0,9,0.0,2.057,0.0,24.5,0.0,2.16
2020,13767,"Maddox, Avonte",CB+S,0,9,0.0,3.204,0.0,56.0,0.0,4.93
2020,13263,"Awuzie, Chidobe",CB+S,0,5,0.0,1.838,0.0,35.9,0.0,3.16
2020,14328,"Wingard, Andrew",CB+S,0,9,0.0,3.086,0.0,50.1,0.0,4.41
2020,13679,,TE,0,12,0.0,1.529,0.0,3.9,0.0,0.35
2020,15079,,CB+S,0,12,0.0,1.868,0.0,40.4,0.0,3.56
2020,13278,,CB+S,0,2,0.0,0.78,0.0,13.5,0.0,1.19
2020,13701,,LB,0,11,0.0,0.625,0.0,12.5,0.0,1.1
2020,13265,"Ogunjobi, Larry",DT+DE,0,11,0.0,4.132,0.0,49.0,0.0,4.31
2020,11491,,DT+DE,0,9,0.0,4.746,0.0,54.5,0.0,4.8
2020,9075,,WR,0,4,0.0,1.025,0.0,3.6,0.0,0.32
2020,13740,,DT+DE,0,10,0.0,3.443,0.0,42.0,0.0,3.7
2020,11709,,DT+DE,0,9,0.0,2.936,0.0,37.0,0.0,3.26
2020,13256,,LB,0,12,0.0,2.485,0.0,46.0,0.0,4.05
2020,15082,"Barnes, Krys",LB,0,9,0.0,2.674,0.0,45.0,0.0,3.96
2020,10642,,PN,0,8,0.0,1.875,0.0,21.0,0.0,1.85
2020,12762,,LB,0,11,0.0,1.99,0.0,36.5,0.0,3.21
2020,13332,"Jones, D.J.",DT+DE,0,11,0.0,3.111,0.0,34.5,0.0,3.04
2020,10763,,DT+DE,0,12,0.0,4.588,0.0,51.0,0.0,4.49
2020,14405,"Granderson, Carl",DT+DE,0,11,0.0,2.077,0.0,24.0,0.0,2.11
2020,14850,,WR,0,9,0.0,1.321,0.0,5.1,0.0,0.45
2020,7393,,WR,0,10,0.0,2.695,0.0,14.0,0.0,1.24
2020,9820,,CB+S,0,12,0.0,5.323,0.0,92.4,0.0,8.13
2020,14181,,CB+S,0,12,0.0,4.816,0.0,85.9,0.0,7.56
2020,11346,,CB+S,0,5,0.0,1.366,0.0,25.4,0.0,2.24
2020,10379,,CB+S,0,12,0.0,4.74,0.0,86.8,0.0,7.64
2020,12737,,CB+S,0,11,0.0,3.312,0.0,64.1,0.0,5.64
2020,14945,,CB+S,0,12,0.0,2.372,0.0,48.7,0.0,4.29
2020,13731,"Hughes, Mike",CB+S,0,4,0.0,0.843,0.0,16.4,0.0,1.44
2020,13764,"Johnson, Taron",CB+S,0,12,0.0,5.853,0.0,107.7,0.0,9.48
2020,12448,,CB+S,0,6,0.0,3.207,0.0,52.5,0.0,4.62
2020,12734,"Floyd, Leonard",LB,0,12,0.0,3.848,0.0,75.5,0.0,6.64
2020,14199,"Murphy-Bunting, Sean",CB+S,0,12,0.0,3.762,0.0,72.6,0.0,6.39
2020,13704,"Nwosu, Uchenna",LB,0,11,0.0,2.388,0.0,42.0,0.0,3.7
2020,13305,,CB+S,0,2,0.0,0.607,0.0,8.8,0.0,0.77
2020,12817,,CB+S,0,7,0.0,2.588,0.0,48.0,0.0,4.22
2020,13644,,WR,0,9,0.0,0.503,0.0,0.0,0.0,0.0
2020,14101,,WR,0,10,0.0,1.771,0.0,8.4,0.0,0.74
2020,14918,"Terrell, A.J.",CB+S,0,10,0.0,4.502,0.0,81.4,0.0,7.16
2020,12309,,TE,0,7,0.0,0.82,0.0,1.5,0.0,0.13
2020,12772,"Murray, Eric",CB+S,0,12,0.0,3.177,0.0,65.5,0.0,5.76
2020,11225,"Patterson, Cordarrelle",WR,0,12,0.0,2.929,0.0,14.9,0.0,1.31
2020,12272,,LB,0,4,0.0,1.93,0.0,30.5,0.0,2.68
2020,13388,,LB,0,12,0.0,2.823,0.0,45.0,0.0,3.96
2020,14906,,CB+S,0,7,0.0,1.65,0.0,26.2,0.0,2.31
2020,14125,,WR,0,12,0.0,1.583,0.0,2.2,0.0,0.2
2020,14558,,WR,0,9,0.0,2.228,0.0,7.5,0.0,0.66
2020,14865,,WR,0,12,0.0,1.11,0.0,0.0,0.0,0.0
2020,12311,,CB+S,0,12,0.0,3.091,0.0,58.4,0.0,5.14
2020,12634,,RB,0,6,0.0,0.952,0.0,0.0,0.0,0.0
2020,13914,,CB+S,0,12,0.0,4.535,0.0,82.2,0.0,7.23
2020,13709,"Oliver, Isaiah",CB+S,0,12,0.0,4.223,0.0,78.2,0.0,6.88
2020,11273,,DT+DE,0,12,0.0,5.285,0.0,64.0,0.0,5.63
2020,12126,,DT+DE,0,6,0.0,2.112,0.0,24.0,0.0,2.11
2020,13271,,DT+DE,0,9,0.0,1.017,0.0,11.0,0.0,0.97
2020,14213,"Harris, Will",CB+S,0,12,0.0,1.4,0.0,35.0,0.0,3.08
2020,11359,,CB+S,0,12,0.0,3.256,0.0,69.1,0.0,6.08
2020,13220,,LB,0,11,0.0,1.831,0.0,43.0,0.0,3.78
2020,14472,"Dodson, Tyrel",LB,0,6,0.0,1.46,0.0,24.5,0.0,2.16
2020,13702,"Jewell, Josey",LB,0,12,0.0,4.299,0.0,81.5,0.0,7.17
2020,12217,"Fowler, Dante",DT+DE,0,10,0.0,3.137,0.0,35.0,0.0,3.08
2020,13270,"Moreau, Fabian",CB+S,0,12,0.0,1.113,0.0,20.4,0.0,1.8
2020,11532,,CB+S,0,10,0.0,2.404,0.0,42.5,0.0,3.74
2020,13253,"Williams, Marcus",CB+S,0,12,0.0,4.467,0.0,77.5,0.0,6.82
2020,14085,"Pollard, Tony",RB,0,12,0.0,3.238,0.0,10.2,0.0,0.9
2020,11742,,CB+S,0,10,0.0,4.014,0.0,69.4,0.0,6.11
2020,10766,,DT+DE,0,2,0.0,0.704,0.0,9.5,0.0,0.84
2020,13317,"Godchaux, Davon",DT+DE,0,5,0.0,1.645,0.0,20.5,0.0,1.8
2020,11720,,LB,0,2,0.0,0.267,0.0,6.0,0.0,0.53
2020,14889,"Murray, Kenneth",LB,0,12,0.0,3.847,0.0,77.5,0.0,6.82
2020,13802,"Martin, Jake",LB,0,10,0.0,1.413,0.0,31.5,0.0,2.77
2020,13700,"Landry, Harold",LB,0,12,0.0,4.701,0.0,83.5,0.0,7.35
2020,13250,,CB+S,0,7,0.0,2.031,0.0,42.6,0.0,3.75
2020,13703,,LB,0,5,0.0,1.129,0.0,21.5,0.0,1.89
2020,14190,,PN,0,12,0.0,3.833,0.0,47.0,0.0,4.14
2020,12639,,RB,0,8,0.0,0.942,0.0,2.9,0.0,0.26
2020,11367,"Juszczyk, Kyle",RB,0,12,0.0,1.704,0.0,2.6,0.0,0.23
2020,13418,"Bourne, Kendrick",WR,0,11,0.0,3.043,0.0,12.1,0.0,1.07
2020,13303,"Elliott, Jake",PK,0,12,0.0,2.75,0.0,59.9,0.0,5.27
2020,11768,"Ward, Jimmie",CB+S,0,11,0.0,4.05,0.0,74.9,0.0,6.59
2020,12276,,CB+S,0,12,0.0,3.781,0.0,74.3,0.0,6.54
2020,12888,,DT+DE,0,8,0.0,2.384,0.0,28.5,0.0,2.51
2020,14891,"Harrison, Malik",LB,0,12,0.0,1.401,0.0,32.0,0.0,2.82
2020,14197,"Savage, Darnell",CB+S,0,11,0.0,4.776,0.0,82.8,0.0,7.29
2020,13228,"Hooker, Malik",CB+S,0,2,0.0,0.381,0.0,8.1,0.0,0.71
2020,9846,,CB+S,0,12,0.0,4.24,0.0,83.6,0.0,7.36
2020,13269,,LB,0,12,0.0,1.516,0.0,39.5,0.0,3.48
2020,14858,"Jefferson, Van",WR,0,12,0.0,1.129,0.0,0.0,0.0,0.0
2020,12712,,CB+S,0,12,0.0,3.521,0.0,74.0,0.0,6.51
2020,10220,,CB+S,0,12,0.0,4.048,0.0,76.1,0.0,6.7
2020,10393,,CB+S,0,3,0.0,1.251,0.0,24.7,0.0,2.17
2020,15078,,CB+S,0,10,0.0,2.952,0.0,45.3,0.0,3.99
2020,14245,"Oruwariye, Amani",CB+S,0,12,0.0,2.97,0.0,58.8,0.0,5.17
2020,13301,"Kazee, Damontae",CB+S,0,4,0.0,1.613,0.0,26.5,0.0,2.33
2020,14935,,CB+S,0,8,0.0,2.914,0.0,61.9,0.0,5.45
2020,13504,,CB+S,0,8,0.0,0.415,0.0,5.2,0.0,0.46
2020,13959,"Williams, Darious",CB+S,0,12,0.0,4.063,0.0,71.1,0.0,6.26
2020,13564,,PK,0,7,0.0,1.542,0.0,36.9,0.0,3.25
2020,13313,,WR,0,12,0.0,2.023,0.0,3.6,0.0,0.32
2020,13723,"Payne, Da'Ron",DT+DE,0,12,0.0,4.926,0.0,61.0,0.0,5.37
2020,13798,"Fatukasi, Foley",DT+DE,0,12,0.0,3.891,0.0,48.0,0.0,4.22
2020,7911,,PN,0,5,0.0,2.083,0.0,25.0,0.0,2.2
2020,11274,,DT+DE,0,9,0.0,0.923,0.0,11.0,0.0,0.97
2020,13286,,DT+DE,0,12,0.0,3.664,0.0,46.0,0.0,4.05
2020,15055,,PN,0,12,0.0,5.208,0.0,65.6,0.0,5.77
2020,10847,,LB,0,11,0.0,1.893,0.0,42.5,0.0,3.74
2020,13298,"Stewart, Grover",DT+DE,0,12,0.0,5.239,0.0,60.5,0.0,5.32
2020,13829,,LB,0,12,0.0,1.001,0.0,29.5,0.0,2.6
2020,13085,"Fox, Morgan",DT+DE,0,12,0.0,3.863,0.0,51.0,0.0,4.49
2020,10457,,DT+DE,0,11,0.0,5.488,0.0,64.5,0.0,5.68
2020,12910,,CB+S,0,12,0.0,4.029,0.0,70.9,0.0,6.24
2020,15051,"Townsend, Tommy",PN,0,12,0.0,5.25,0.0,65.5,0.0,5.76
2020,12780,,DT+DE,0,7,0.0,1.839,0.0,21.0,0.0,1.85
2020,13136,,RB,0,11,0.0,0.584,0.0,0.0,0.0,0.0
2020,14143,"Knox, Dawson",TE,0,8,0.0,1.466,0.0,5.2,0.0,0.46
2020,13623,,RB,0,12,0.0,1.29,0.0,3.0,0.0,0.27
2020,11350,,CB+S,0,8,0.0,0.467,0.0,15.3,0.0,1.35
2020,14904,"Fulton, Kristian",CB+S,0,5,0.0,1.536,0.0,29.0,0.0,2.55
2020,14198,"Ya-Sin, Rock",CB+S,0,10,0.0,2.763,0.0,58.1,0.0,5.11
2020,11883,,CB+S,0,12,0.0,4.688,0.0,86.4,0.0,7.6
2020,11776,,CB+S,0,11,0.0,0.86,0.0,23.0,0.0,2.02
2020,12906,,CB+S,0,8,0.0,2.711,0.0,55.6,0.0,4.89
2020,12291,,CB+S,0,11,0.0,2.761,0.0,57.8,0.0,5.09
2020,14674,,CB+S,0,10,0.0,1.471,0.0,26.9,0.0,2.37
2020,14180,"Murphy, Byron",CB+S,0,11,0.0,2.931,0.0,62.1,0.0,5.46
2020,12831,"Roberts, Elandon",LB,0,11,0.0,2.874,0.0,55.5,0.0,4.88
2020,13755,"Holmes, Jalyn",DT+DE,0,12,0.0,3.126,0.0,40.0,0.0,3.52
2020,12795,"Judon, Matt",LB,0,10,0.0,3.382,0.0,57.5,0.0,5.06
2020,12394,"Carter, DeAndre",WR,0,11,0.0,0.357,0.0,0.0,0.0,0.0
2020,11957,,WR,0,9,0.0,1.591,0.0,12.3,0.0,1.08
2020,15089,"Roach, Malcolm",DT+DE,0,6,0.0,1.037,0.0,12.0,0.0,1.06
2020,13328,,DT+DE,0,11,0.0,1.518,0.0,18.0,0.0,1.58
2020,10755,,DT+DE,0,7,0.0,2.363,0.0,25.5,0.0,2.24
2020,12753,,DT+DE,0,11,0.0,3.877,0.0,43.0,0.0,3.78
2020,13691,,DT+DE,0,8,0.0,2.126,0.0,27.5,0.0,2.42
2020,14978,"Danna, Michael",DT+DE,0,9,0.0,2.069,0.0,26.0,0.0,2.29
2020,13281,"Douglas, Rasul",CB+S,0,10,0.0,3.569,0.0,68.8,0.0,6.05
2020,13880,,TE,0,12,0.0,3.555,0.0,14.3,0.0,1.26
2020,13246,"Alie-Cox, Mo",TE,0,11,0.0,3.7,0.0,19.3,0.0,1.7
2020,9921,,WR,0,12,0.0,0.74,0.0,0.0,0.0,0.0
2020,12660,,WR,0,12,0.0,0.494,0.0,0.0,0.0,0.0
2020,13711,,CB+S,0,8,0.0,2.833,0.0,56.8,0.0,5.0
2020,12379,,CB+S,0,8,0.0,1.844,0.0,39.2,0.0,3.45
2020,14931,,CB+S,0,12,0.0,3.119,0.0,62.5,0.0,5.5
2020,14201,,CB+S,0,12,0.0,0.428,0.0,14.8,0.0,1.3
2020,13207,,DT+DE,0,6,0.0,1.658,0.0,19.5,0.0,1.72
2020,12744,"Ward, Jihad",DT+DE,0,7,0.0,2.166,0.0,25.0,0.0,2.2
2020,9904,,DT+DE,0,12,0.0,4.408,0.0,50.5,0.0,4.44
2020,11333,,DT+DE,0,3,0.0,0.35,0.0,6.0,0.0,0.53
2020,14847,"Duvernay, Devin",WR,0,12,0.0,1.98,0.0,3.1,0.0,0.27
2020,12693,,DT+DE,0,8,0.0,2.371,0.0,28.5,0.0,2.51
2020,11931,,WR,0,5,0.0,0.188,0.0,0.0,0.0,0.0
2020,12525,,LB,0,11,0.0,2.333,0.0,41.5,0.0,3.65
2020,14200,"Tavai, Jahlani",LB,0,12,0.0,1.038,0.0,31.5,0.0,2.77
2020,13775,"Bentley, Ja'Whaun",LB,0,10,0.0,3.71,0.0,67.0,0.0,5.9
2020,14206,,DT+DE,0,5,0.0,1.134,0.0,14.5,0.0,1.28
2020,14164,"Jones, Dre'Mont",DT+DE,0,9,0.0,4.585,0.0,56.0,0.0,4.93
2020,12238,"Perryman, Denzel",LB,0,11,0.0,1.396,0.0,33.5,0.0,2.95
2020,13678,"Thomas, Ian",TE,0,12,0.0,1.77,0.0,0.8,0.0,0.07
2020,9712,,PN,0,12,0.0,2.75,0.0,36.0,0.0,3.17
2020,10981,,CB+S,0,11,0.0,0.478,0.0,13.5,0.0,1.19
2020,13245,"Reddick, Haason",LB,0,12,0.0,3.805,0.0,75.0,0.0,6.6
2020,14827,,RB,0,3,0.0,0.193,0.0,0.0,0.0,0.0
2020,13810,"Joseph-Day, Sebastian",DT+DE,0,12,0.0,4.456,0.0,52.5,0.0,4.62
2020,13155,,WR,0,3,0.0,0.037,0.0,0.0,0.0,0.0
2020,14142,,TE,0,11,0.0,1.153,0.0,0.0,0.0,0.0
2020,13339,,CB+S,0,5,0.0,0.355,0.0,11.2,0.0,0.99
2020,13707,"Ward, Denzel",CB+S,0,10,0.0,4.833,0.0,80.9,0.0,7.12
2020,12976,"Hamilton, Antonio",CB+S,0,12,0.0,0.474,0.0,12.4,0.0,1.09
2020,13878,,WR,0,10,0.0,0.554,0.0,0.0,0.0,0.0
2020,12675,,WR,0,10,0.0,0.989,0.0,4.1,0.0,0.36
2020,10778,,CB+S,0,11,0.0,4.109,0.0,79.1,0.0,6.96
2020,14179,"Love, Julian",CB+S,2,12,0.0,2.886,0.0,57.3,0.0,5.04
2020,13316,"Taylor, Trent",WR,0,11,0.0,0.615,0.0,0.0,0.0,0.0
2020,13505,,WR,0,11,0.0,2.109,0.0,14.4,0.0,1.27
2020,13847,,TE,0,12,0.0,1.639,0.0,0.2,0.0,0.02
2020,13224,"Lattimore, Marshon",CB+S,0,10,0.0,3.829,0.0,74.4,0.0,6.55
2020,12489,,LB,0,6,0.0,0.369,0.0,10.0,0.0,0.88
2020,14943,"Davis-Gaither, Akeem",LB,0,12,0.0,0.843,0.0,21.5,0.0,1.89
2020,10465,,LB,0,12,0.0,3.018,0.0,64.0,0.0,5.63
2020,11295,,LB,0,12,0.0,1.679,0.0,41.1,0.0,3.62
2020,14268,,LB,0,10,0.0,0.753,0.0,20.0,0.0,1.76
2020,13765,,LB,0,12,0.0,1.341,0.0,37.5,0.0,3.3
2020,10761,,DT+DE,0,7,0.0,0.497,0.0,6.5,0.0,0.57
2020,12226,,DT+DE,0,11,0.0,3.614,0.0,41.5,0.0,3.65
2020,11261,,DT+DE,0,7,0.0,1.575,0.0,18.5,0.0,1.63
2020,10806,,DT+DE,0,10,0.0,4.323,0.0,48.0,0.0,4.22
2020,13410,,DT+DE,0,2,0.0,0.509,0.0,6.0,0.0,0.53
2020,12802,"Reader, D.J.",DT+DE,0,5,0.0,1.919,0.0,22.5,0.0,1.98
2020,13448,"Butler, Adam",DT+DE,0,11,0.0,3.284,0.0,39.0,0.0,3.43
2020,11805,,LB,0,12,0.0,2.4,0.0,52.5,0.0,4.62
2020,13221,,LB,0,10,0.0,1.207,0.0,32.5,0.0,2.86
2020,13933,"Ford, Poona",DT+DE,0,12,0.0,4.383,0.0,54.0,0.0,4.75
2020,12015,,CB+S,0,6,0.0,1.281,0.0,27.2,0.0,2.39
2020,13963,"Hodge, KhaDarel",WR,0,7,0.0,0.826,0.0,1.3,0.0,0.12
2020,14944,"Holmes, Darnay",CB+S,0,11,0.0,2.666,0.0,53.5,0.0,4.71
2020,14234,,CB+S,0,11,0.0,0.949,0.0,17.8,0.0,1.57
2020,10592,,CB+S,0,5,0.0,1.151,0.0,25.5,0.0,2.24
2020,11348,"Slay, Darius",CB+S,0,12,0.0,3.833,0.0,72.2,0.0,6.35
2020,11737,,CB+S,0,7,0.0,2.503,0.0,50.6,0.0,4.45
2020,12755,,CB+S,0,10,0.0,1.175,0.0,30.2,0.0,2.66
2020,14026,,CB+S,0,11,0.0,0.71,0.0,15.4,0.0,1.36
2020,13162,,WR,0,7,0.0,1.216,0.0,6.4,0.0,0.56
2020,13790,,CB+S,0,8,0.0,1.801,0.0,36.7,0.0,3.23
2020,13776,"Watson, Justin",WR,0,9,0.0,0.952,0.0,0.0,0.0,0.0
2020,14887,"Simmons, Isaiah",LB,0,12,0.0,2.643,0.0,54.5,0.0,4.8
2020,14478,,LB,0,11,0.0,0.918,0.0,23.5,0.0,2.07
2020,14151,"Ferrell, Clelin",DT+DE,0,10,0.0,3.901,0.0,55.0,0.0,4.84
2020,13930,,LB,0,12,0.0,0.203,0.0,7.5,0.0,0.66
2020,15006,,PN,0,12,0.0,4.5,0.0,56.0,0.0,4.93
2020,13748,"Jones, Justin",DT+DE,0,9,0.0,2.218,0.0,27.5,0.0,2.42
2020,8851,"Folk, Nick",PK,0,12,0.0,6.25,0.0,96.2,0.0,8.47
2020,10846,,DT+DE,0,11,0.0,3.104,0.0,36.5,0.0,3.21
2020,14928,"Wilson, Logan",LB,0,11,0.0,2.396,0.0,48.5,0.0,4.27
2020,13952,"Luvu, Frankie",LB,0,9,0.0,0.437,0.0,11.0,0.0,0.97
2020,14676,,DT+DE,0,7,0.0,1.562,0.0,17.5,0.0,1.54
2020,13768,,RB,0,10,0.0,1.179,0.0,8.6,0.0,0.76
2020,11262,,DT+DE,0,7,0.0,1.419,0.0,16.5,0.0,1.45
2020,14930,"Hamilton, Davon",DT+DE,0,11,0.0,3.498,0.0,43.0,0.0,3.78
2020,14249,"Van Ginkel, Andrew",LB,0,12,0.0,2.736,0.0,54.5,0.0,4.8
2020,11859,,DT+DE,0,12,0.0,2.885,0.0,33.0,0.0,2.9
2020,13649,,WR,0,12,0.0,1.708,0.0,11.3,0.0,1.0
2020,13294,"Ebukam, Samson",LB,0,12,0.0,1.0,0.0,26.5,0.0,2.33
2020,10754,,LB,0,11,0.0,2.25,0.0,41.5,0.0,3.65
2020,12278,,LB,0,12,0.0,2.159,0.0,42.5,0.0,3.74
2020,14238,,DT+DE,0,9,0.0,2.69,0.0,33.0,0.0,2.9
2020,12474,,DT+DE,0,5,0.0,0.529,0.0,5.5,0.0,0.48
2020,12268,,CB+S,0,10,0.0,1.08,0.0,30.9,0.0,2.72
2020,13168,"Reynolds, Josh",WR,0,12,0.0,3.297,0.0,18.3,0.0,1.61
2020,13955,,CB+S,0,7,0.0,1.049,0.0,25.3,0.0,2.23
2020,14489,"Gillan, Jamie",PN,0,12,0.0,4.292,0.0,52.8,0.0,4.65
2020,13763,"Dissly, Will",TE,0,12,0.0,2.18,0.0,1.3,0.0,0.12
2020,14337,,WR,0,12,0.0,2.409,0.0,14.0,0.0,1.23
2020,13919,"Firkser, Anthony",TE,0,12,0.0,3.191,0.0,24.8,0.0,2.19
2020,14853,,WR,0,12,0.0,1.909,0.0,17.2,0.0,1.52
2020,14502,,CB+S,0,10,0.0,0.255,0.0,5.2,0.0,0.46
2020,8265,,CB+S,0,11,0.0,2.915,0.0,57.6,0.0,5.07
2020,13287,,CB+S,0,8,0.0,0.451,0.0,15.9,0.0,1.4
2020,11314,,CB+S,0,12,0.0,3.015,0.0,61.8,0.0,5.44
2020,11312,,CB+S,0,6,0.0,2.001,0.0,39.0,0.0,3.43
2020,11501,,CB+S,0,12,0.0,1.297,0.0,36.9,0.0,3.25
2020,14270,"Epps, Marcus",CB+S,0,10,0.0,1.262,0.0,29.5,0.0,2.6
2020,12770,,CB+S,0,2,0.0,0.096,0.0,2.6,0.0,0.23
2020,14276,,CB+S,0,12,0.0,1.976,0.0,48.2,0.0,4.24
2020,12813,,CB+S,0,12,0.0,0.851,0.0,22.1,0.0,1.94
2020,14919,"Igbinoghene, Noah",CB+S,0,12,0.0,1.108,0.0,21.0,0.0,1.85
2020,12988,"Jones, Jonathan",CB+S,0,12,0.0,4.384,0.0,79.8,0.0,7.02
2020,13308,"Agnew, Jamal",WR,0,10,0.0,0.792,0.0,0.0,0.0,0.0
2020,11360,,DT+DE,0,9,0.0,2.04,0.0,27.5,0.0,2.42
2020,13434,"Robertson-Harris, Roy",DT+DE,0,8,0.0,1.548,0.0,18.0,0.0,1.58
2020,14384,,LB,0,12,0.0,4.087,0.0,72.0,0.0,6.34
2020,12743,,LB,0,9,0.0,0.146,0.0,9.5,0.0,0.84
2020,12751,"Gotsis, Adam",DT+DE,0,12,0.0,3.215,0.0,34.0,0.0,2.99
2020,12698,"Reed, Jarran",DT+DE,0,12,0.0,4.349,0.0,57.0,0.0,5.02
2020,13781,,LB,0,7,0.0,0.74,0.0,14.5,0.0,1.28
2020,13777,"Nichols, Bilal",DT+DE,0,12,0.0,4.746,0.0,58.0,0.0,5.1
2020,12288,,DT+DE,0,12,0.0,3.045,0.0,36.5,0.0,3.21
2020,10402,,LB,0,11,0.0,1.857,0.0,42.0,0.0,3.7
2020,11711,,DT+DE,0,1,0.0,0.167,0.0,2.5,0.0,0.22
2020,11252,,TE,0,12,0.0,0.318,0.0,0.0,0.0,0.0
2020,14149,"Gary, Rashan",LB,0,11,0.0,2.025,0.0,36.5,0.0,3.21
2020,14612,,RB,0,12,0.0,0.511,0.0,0.0,0.0,0.0
2020,13268,"Anzalone, Alex",LB,0,12,0.0,1.082,0.0,30.0,0.0,2.64
2020,14876,"Deguara, Josiah",TE,0,2,0.0,0.0,0.0,0.0,0.0,0.0
2020,13722,,TE,0,1,0.0,0.0,0.0,0.0,0.0,0.0
2020,12328,,TE,0,9,0.0,1.817,0.0,6.1,0.0,0.54
2020,14141,"Smith, Irv",TE,0,9,0.0,2.545,0.0,15.6,0.0,1.38
2020,13378,,RB,0,9,0.0,0.952,0.0,0.5,0.0,0.05
2020,13617,,RB,0,12,0.0,0.846,0.0,0.0,0.0,0.0
2020,13391,,TE,0,12,0.0,2.26,0.0,5.8,0.0,0.51
2020,12760,,CB+S,0,8,0.0,0.955,0.0,18.7,0.0,1.65
2020,14013,,CB+S,0,12,0.0,2.393,0.0,47.3,0.0,4.16
2020,14205,"Johnson, Lonnie",CB+S,0,12,0.0,2.545,0.0,58.3,0.0,5.13
2020,12781,,CB+S,0,9,0.0,3.323,0.0,56.6,0.0,4.98
2020,14669,"Nixon, Keisean",CB+S,0,11,0.0,0.326,0.0,11.7,0.0,1.03
2020,14230,,CB+S,0,11,0.0,1.005,0.0,23.7,0.0,2.09
2020,14888,"Chaisson, K'Lavon",DT+DE,0,12,0.0,2.221,0.0,24.0,0.0,2.11
2020,13923,,LB,0,12,0.0,0.319,0.0,15.5,0.0,1.36
2020,10841,,DT+DE,0,8,0.0,0.811,0.0,9.5,0.0,0.84
2020,15081,"Wharton, Tershawn",DT+DE,0,12,0.0,3.275,0.0,36.0,0.0,3.17
2020,13746,,DT+DE,0,6,0.0,1.185,0.0,12.0,0.0,1.06
2020,13693,"Phillips, Harrison",DT+DE,0,8,0.0,0.891,0.0,10.5,0.0,0.92
2020,13751,,DT+DE,0,4,0.0,0.685,0.0,7.5,0.0,0.66
2020,11286,"Jenkins, John",DT+DE,0,7,0.0,0.79,0.0,8.0,0.0,0.7
2020,11492,,DT+DE,0,12,0.0,1.935,0.0,19.0,0.0,1.67
2020,14155,"Collier, L.J.",DT+DE,0,12,0.0,3.355,0.0,35.5,0.0,3.12
2020,12964,,LB,0,8,0.0,0.783,0.0,21.0,0.0,1.85
2020,12428,,DT+DE,0,8,0.0,2.075,0.0,26.0,0.0,2.29
2020,11412,,DT+DE,0,10,0.0,2.51,0.0,29.0,0.0,2.55
2020,14253,,DT+DE,0,10,0.0,2.507,0.0,28.0,0.0,2.46
2020,13203,,DT+DE,0,12,0.0,2.27,0.0,25.5,0.0,2.24
2020,11632,,LB,0,8,0.0,0.315,0.0,13.0,0.0,1.14
2020,10432,,TE,0,6,0.0,0.577,0.0,1.9,0.0,0.17
2020,12739,"Clark, Kenny",DT+DE,0,9,0.0,3.06,0.0,37.0,0.0,3.26
2020,12111,,DT+DE,0,12,0.0,3.013,0.0,30.5,0.0,2.68
2020,14981,,DT+DE,0,11,0.0,2.377,0.0,25.5,0.0,2.24
2020,14844,,WR,0,8,0.0,0.553,0.0,0.0,0.0,0.0
2020,11250,,TE,0,11,0.0,3.027,0.0,13.1,0.0,1.16
2020,14315,"Dulin, Ashton",WR,0,9,0.0,0.397,0.0,0.0,0.0,0.0
2020,14911,"Davis, Ashtyn",CB+S,0,10,0.0,2.365,0.0,49.4,0.0,4.35
2020,15027,,WR,0,9,0.0,0.235,0.0,0.0,0.0,0.0
2020,12257,,WR,0,11,0.0,2.14,0.0,3.6,0.0,0.32
2020,14977,"Osborn, K.J.",WR,0,8,0.0,0.332,0.0,0.0,0.0,0.0
2020,14898,,DT+DE,0,12,0.0,2.74,0.0,30.5,0.0,2.68
2020,12471,,WR,0,7,0.0,0.277,0.0,0.0,0.0,0.0
2020,14890,"Phillips, Jacob",LB,0,6,0.0,0.221,0.0,9.0,0.0,0.79
2020,10143,,DT+DE,0,12,0.0,3.116,0.0,32.5,0.0,2.86
2020,13771,,DT+DE,0,12,0.0,3.967,0.0,45.0,0.0,3.96
2020,11512,,CB+S,0,7,0.0,1.668,0.0,37.9,0.0,3.34
2020,12823,,RB,0,8,0.0,0.204,0.0,0.0,0.0,0.0
2020,10260,,CB+S,0,12,0.0,4.211,0.0,76.5,0.0,6.73
2020,14652,"Givens, Kevin",DT+DE,0,12,0.0,3.287,0.0,39.0,0.0,3.43
2020,13001,,CB+S,0,9,0.0,2.227,0.0,41.1,0.0,3.62
2020,12841,,DT+DE,0,9,0.0,1.659,0.0,18.5,0.0,1.63
2020,13683,"Hand, Da'Shawn",DT+DE,0,9,0.0,1.933,0.0,20.5,0.0,1.8
2020,9919,,DT+DE,0,9,0.0,2.56,0.0,31.5,0.0,2.77
2020,12302,,LB,0,12,0.0,3.115,0.0,60.5,0.0,5.32
2020,12913,,WR,0,12,0.0,0.422,0.0,0.0,0.0,0.0
2020,14216,,LB,0,12,0.0,1.972,0.0,43.0,0.0,3.78
2020,12763,,LB,0,11,0.0,3.13,0.0,60.0,0.0,5.28
2020,15028,,DT+DE,0,5,0.0,0.642,0.0,6.0,0.0,0.53
2020,15093,,DT+DE,0,1,0.0,0.13,0.0,1.5,0.0,0.13
2020,11399,,TE,0,12,0.0,1.048,0.0,0.0,0.0,0.0
2020,12828,,LB,0,12,0.0,1.408,0.0,25.5,0.0,2.24
2020,13329,,LB,0,12,0.0,0.214,0.0,9.5,0.0,0.84
2020,12523,,CB+S,0,7,0.0,1.844,0.0,34.8,0.0,3.06
2020,13689,,DT+DE,0,9,0.0,2.079,0.0,23.0,0.0,2.02
2020,12754,"Collins, Maliek",DT+DE,0,10,0.0,1.187,0.0,12.5,0.0,1.1
2020,14549,,WR,0,12,0.0,0.519,0.0,0.0,0.0,0.0
2020,11281,,DT+DE,0,12,0.0,3.453,0.0,40.0,0.0,3.52
2020,13066,"Raymond, Kalif",WR,0,12,0.0,1.651,0.0,9.2,0.0,0.81
2020,13260,"Tomlinson, Dalvin",DT+DE,0,12,0.0,4.724,0.0,58.5,0.0,5.15
2020,13759,"Armstrong, Dorance",DT+DE,0,12,0.0,3.327,0.0,35.5,0.0,3.12
2020,13645,,WR,0,12,0.0,3.085,0.0,21.9,0.0,1.93
2020,10437,,TE,0,7,0.0,0.071,0.0,0.0,0.0,0.0
2020,14805,"Dillon, AJ",RB,0,7,0.0,0.247,0.0,0.0,0.0,0.0
2020,12955,"Manhertz, Chris",TE,0,12,0.0,0.488,0.0,0.0,0.0,0.0
2020,14713,,CB+S,0,7,0.0,0.016,0.0,1.3,0.0,0.11
2020,12486,,CB+S,0,11,0.0,1.463,0.0,30.4,0.0,2.68
2020,14182,"Hooker, Amani",CB+S,0,12,0.0,3.103,0.0,59.1,0.0,5.2
2020,9633,,CB+S,0,12,0.0,1.77,0.0,47.6,0.0,4.19
2020,10294,,CB+S,0,10,0.0,1.804,0.0,39.8,0.0,3.5
2020,12544,,CB+S,0,10,0.0,1.766,0.0,37.5,0.0,3.3
2020,13778,"Flowers, Tre",CB+S,0,11,0.0,3.203,0.0,63.6,0.0,5.6
2020,14848,"Proche, James",WR,0,12,0.0,0.297,0.0,0.0,0.0,0.0
2020,13752,,CB+S,0,12,0.0,1.948,0.0,39.4,0.0,3.47
2020,11257,,TE,0,10,0.0,0.657,0.0,0.0,0.0,0.0
2020,14518,"Thompson, Jalen",CB+S,0,4,0.0,0.934,0.0,18.7,0.0,1.65
2020,13491,,CB+S,0,6,0.0,0.193,0.0,6.8,0.0,0.6
2020,13302,,CB+S,0,12,0.0,2.139,0.0,51.9,0.0,4.57
2020,13479,"Davis, Michael",CB+S,0,12,0.0,4.784,0.0,85.7,0.0,7.54
2020,12978,"Goodwin, C.J.",CB+S,0,12,0.0,0.404,0.0,12.3,0.0,1.08
2020,14207,"Thornhill, Juan",CB+S,0,12,0.0,1.995,0.0,45.6,0.0,4.01
2020,14552,,RB,0,11,0.0,0.223,0.0,0.0,0.0,0.0
2020,13920,"Ward, Charvarius",CB+S,0,11,0.0,2.931,0.0,61.1,0.0,5.38
2020,12990,,CB+S,0,12,0.0,0.371,0.0,9.6,0.0,0.84
2020,14954,"Hawkins, Jaylinn",CB+S,0,8,0.0,0.464,0.0,15.1,0.0,1.33
2020,14963,"Thomas, Daniel",CB+S,0,10,0.0,2.252,0.0,37.4,0.0,3.29
2020,14236,"Amadi, Ugo",CB+S,0,10,0.0,3.13,0.0,55.3,0.0,4.87
2020,13266,"Witherspoon, Ahkello",CB+S,0,7,0.0,0.4,0.0,11.5,0.0,1.01
2020,14286,,CB+S,0,9,0.0,1.893,0.0,45.7,0.0,4.02
2020,14862,,WR,0,9,0.0,0.518,0.0,0.0,0.0,0.0
2020,6997,,TE,0,12,0.0,1.541,0.0,2.3,0.0,0.2
2020,13613,,RB,0,10,0.0,0.303,0.0,0.0,0.0,0.0
2020,13338,,CB+S,0,12,0.0,1.604,0.0,37.5,0.0,3.3
2020,13190,,TE,0,5,0.0,0.113,0.0,0.0,0.0,0.0
2020,11128,,TE,0,3,0.0,0.0,0.0,0.0,0.0,0.0
2020,13868,,RB,0,12,0.0,0.134,0.0,0.0,0.0,0.0
2020,13065,,TE,0,3,0.0,0.122,0.0,0.0,0.0,0.0
2020,12360,,DT+DE,0,12,0.0,2.207,0.0,25.5,0.0,2.24
2020,11462,,LB,0,12,0.0,0.561,0.0,16.0,0.0,1.41
2020,13987,"Spillane, Robert",LB,0,12,0.0,3.478,0.0,73.5,0.0,6.47
2020,12735,"Rankins, Sheldon",DT+DE,0,8,0.0,2.191,0.0,27.0,0.0,2.38
2020,13988,"Dwelley, Ross",TE,0,12,0.0,2.426,0.0,3.5,0.0,0.31
2020,13834,,LB,0,3,0.0,0.089,0.0,4.0,0.0,0.35
2020,14235,"Tranquill, Drue",LB,0,1,0.0,0.0,0.0,1.0,0.0,0.09
2020,14926,"Gay, Willie",LB,0,12,0.0,1.435,0.0,30.0,0.0,2.64
2020,11830,,LB,0,9,0.0,1.02,0.0,21.5,0.0,1.89
2020,13296,"Wise, Deatrich",DT+DE,0,12,0.0,4.499,0.0,58.5,0.0,5.15
2020,13685,"Okoronkwo, Ogbonnia",LB,0,6,0.0,0.672,0.0,13.5,0.0,1.19
2020,14592,"Zaccheaus, Olamide",WR,0,11,0.0,1.88,0.0,23.7,0.0,2.09
2020,13826,,LB,0,5,0.0,0.016,0.0,1.0,0.0,0.09
2020,10983,,WR,0,5,0.0,0.979,0.0,4.9,0.0,0.43
2020,14985,"Mann, Braden",PN,0,12,0.0,4.958,0.0,62.0,0.0,5.46
2020,13812,,LB,0,12,0.0,0.417,0.0,13.5,0.0,1.19
2020,9448,,RB,0,7,0.0,0.289,0.0,0.0,0.0,0.0
2020,14158,"Oliver, Ed",DT+DE,0,12,0.0,4.265,0.0,47.5,0.0,4.18
2020,14260,"Holcomb, Cole",LB,0,8,0.0,3.059,0.0,53.5,0.0,4.71
2020,11724,,LB,0,12,0.0,1.223,0.0,35.5,0.0,3.12
2020,14894,"Jennings, Anfernee",LB,0,11,0.0,0.303,0.0,11.0,0.0,0.97
2020,13943,,LB,0,9,0.0,0.135,0.0,5.5,0.0,0.48
2020,12494,,LB,0,12,0.0,0.257,0.0,7.5,0.0,0.66
2020,14892,"Brooks, Jordyn",LB,0,10,0.0,1.442,0.0,33.5,0.0,2.95
2020,13837,"Franklin, Zaire",LB,0,12,0.0,0.514,0.0,15.0,0.0,1.32
2020,14420,"Ingold, Alec",RB,0,12,0.0,0.873,0.0,0.4,0.0,0.04
2020,14988,,LB,0,12,0.0,0.411,0.0,8.5,0.0,0.75
2020,12330,,TE,0,11,0.0,2.069,0.0,2.5,0.0,0.22
2020,13681,"Chubb, Bradley",LB,0,12,0.0,4.211,0.0,73.0,0.0,6.42
2020,13816,,RB,0,10,0.0,0.351,0.0,0.0,0.0,0.0
2020,13929,,DT+DE,0,12,0.0,3.48,0.0,38.5,0.0,3.39
2020,12040,,RB,0,12,0.0,0.036,0.0,0.0,0.0,0.0
2020,10940,,TE,0,12,0.0,0.391,0.0,0.0,0.0,0.0
2020,11964,,RB,0,5,0.0,0.0,0.0,0.0,0.0,0.0
2020,13503,,WR,0,9,0.0,0.206,0.0,0.0,0.0,0.0
2020,14940,"Highsmith, Alex",LB,0,12,0.0,1.202,0.0,32.5,0.0,2.86
2020,13276,,CB+S,0,12,0.0,2.83,0.0,53.0,0.0,4.66
2020,12742,,CB+S,0,12,0.0,6.056,0.0,104.2,0.0,9.17
2020,14969,,WR,0,12,0.0,1.014,0.0,0.0,0.0,0.0
2020,14266,,CB+S,0,11,0.0,0.558,0.0,16.0,0.0,1.41
2020,13468,,CB+S,0,11,0.0,0.669,0.0,16.6,0.0,1.46
2020,9841,,CB+S,0,12,0.0,1.564,0.0,32.2,0.0,2.83
2020,14565,,WR,0,7,0.0,0.274,0.0,0.0,0.0,0.0
2020,13841,,CB+S,0,12,0.0,0.612,0.0,19.9,0.0,1.75
2020,15020,,CB+S,0,8,0.0,1.379,0.0,25.8,0.0,2.27
2020,11555,,CB+S,0,9,0.0,0.229,0.0,7.8,0.0,0.69
2020,13641,"McCloud, Ray-Ray",WR,0,12,0.0,1.562,0.0,2.1,0.0,0.19
2020,13766,,CB+S,0,12,0.0,0.672,0.0,14.6,0.0,1.28
2020,14087,,RB,8,12,2.347,4.549,-0.0,49.0,-0.0,4.32
2020,13815,,LB,0,5,0.0,0.017,0.0,0.5,0.0,0.04
2020,14160,,DT+DE,0,9,0.0,1.019,0.0,12.5,0.0,1.1
2020,13222,,LB,0,12,0.0,0.278,0.0,7.5,0.0,0.66
2020,13799,,LB,0,11,0.0,0.218,0.0,6.5,0.0,0.57
2020,13692,"Vea, Vita",DT+DE,0,5,0.0,1.931,0.0,23.0,0.0,2.02
2020,13786,,DT+DE,0,4,0.0,0.663,0.0,7.0,0.0,0.62
2020,14899,"Kinlaw, Javon",DT+DE,0,12,0.0,4.078,0.0,48.5,0.0,4.27
2020,14204,,DT+DE,0,7,0.0,0.389,0.0,5.0,0.0,0.44
2020,14220,,DT+DE,0,4,0.0,0.74,0.0,9.5,0.0,0.84
2020,11807,"Urban, Brent",DT+DE,0,12,0.0,3.255,0.0,37.0,0.0,3.26
2020,13218,,LB,0,9,0.0,0.314,0.0,8.5,0.0,0.75
2020,14880,"Kareem, Khalid",DT+DE,0,12,0.0,1.855,0.0,20.8,0.0,1.83
2020,14356,,TE,0,12,0.0,0.615,0.0,0.0,0.0,0.0
2020,14559,,LB,0,10,0.0,0.93,0.0,18.5,0.0,1.63
2020,14878,"Gross-Matos, Yetur",DT+DE,0,8,0.0,2.019,0.0,23.0,0.0,2.02
2020,13100,,DT+DE,0,12,0.0,1.376,0.0,18.5,0.0,1.63
2020,13262,"Kpassagnon, Tanoh",DT+DE,0,12,0.0,3.63,0.0,40.0,0.0,3.52
2020,14251,"Cashman, Blake",LB,0,4,0.0,0.129,0.0,5.0,0.0,0.44
2020,10819,,DT+DE,0,12,0.0,0.804,0.0,7.5,0.0,0.66
2020,12072,,LB,0,9,0.0,0.465,0.0,12.5,0.0,1.1
2020,12703,,LB,0,12,0.0,1.835,0.0,42.0,0.0,3.7
2020,14818,,RB,0,11,0.0,0.017,0.0,0.0,0.0,0.0
2020,14269,,DT+DE,0,12,0.0,2.071,0.0,23.0,0.0,2.02
2020,10831,,LB,0,12,0.0,0.169,0.0,9.5,0.0,0.84
2020,11717,,DT+DE,0,5,0.0,0.148,0.0,1.0,0.0,0.09
2020,13839,"Sieler, Zach",DT+DE,0,12,0.0,5.327,0.0,58.5,0.0,5.15
2020,12707,,LB,0,12,0.0,2.092,0.0,39.0,0.0,3.43
2020,13327,,LB,0,12,0.0,0.899,0.0,15.0,0.0,1.32
2020,13745,"Nnadi, Derrick",DT+DE,0,12,0.0,3.289,0.0,37.0,0.0,3.26
2020,14379,"Woods, Josh",LB,0,11,0.0,0.244,0.0,4.5,0.0,0.4
2020,13888,"Gardeck, Dennis",LB,0,12,0.0,1.119,0.0,23.0,0.0,2.02
2020,14971,"Washington, Broderick",DT+DE,0,7,0.0,0.177,0.0,1.0,0.0,0.09
2020,13133,"Perine, Samaje",RB,0,12,0.0,1.123,0.0,2.1,0.0,0.19
2020,11789,,DT+DE,0,10,0.0,1.357,0.0,12.5,0.0,1.1
2020,11278,,DT+DE,0,5,0.0,0.636,0.0,8.0,0.0,0.7
2020,13758,,LB,0,12,0.0,0.156,0.0,6.5,0.0,0.57
2020,13744,"Shepherd, Nathan",DT+DE,0,10,0.0,0.594,0.0,5.5,0.0,0.48
2020,11000,,LB,0,12,0.0,0.109,0.0,4.5,0.0,0.4
2020,12796,"Jefferson, Quinton",DT+DE,0,12,0.0,3.591,0.0,39.5,0.0,3.48
2020,13267,"Smoot, Dawuane",DT+DE,0,12,0.0,4.172,0.0,49.5,0.0,4.36
2020,13369,,TE,0,11,0.0,0.644,0.0,0.0,0.0,0.0
2020,13634,"Pettis, Dante",WR,0,5,0.0,0.076,0.0,0.0,0.0,0.0
2020,12680,"Vannett, Nick",TE,0,11,0.0,1.102,0.0,0.0,0.0,0.0
2020,13910,,WR,0,12,0.0,1.216,0.0,0.0,0.0,0.0
2020,13235,,WR,0,4,0.0,0.418,0.0,0.0,0.0,0.0
2020,10696,,QB,0,4,0.0,0.083,0.0,0.0,0.0,0.0
2020,15060,,QB,0,4,0.0,0.0,0.0,0.0,0.0,0.0
2020,10378,,RB,0,9,0.0,0.147,0.0,0.0,0.0,0.0
2020,14973,,RB,0,4,0.0,0.14,0.0,0.0,0.0,0.0
2020,13529,,WR,0,3,0.0,0.112,0.0,0.0,0.0,0.0
2020,13326,,RB,0,12,0.0,0.087,0.0,0.0,0.0,0.0
2020,10389,,RB,0,12,0.0,1.654,0.0,11.0,0.0,0.97
2020,14214,,CB+S,0,12,0.0,0.679,0.0,15.7,0.0,1.38
2020,13199,"Thomas, Solomon",DT+DE,0,2,0.0,0.093,0.0,1.0,0.0,0.09
2020,13694,"Settle, Tim",DT+DE,0,12,0.0,4.177,0.0,46.0,0.0,4.05
2020,12806,,RB,0,10,0.0,0.156,0.0,0.0,0.0,0.0
2020,14982,"Gilman, Alohi",CB+S,0,11,0.0,0.144,0.0,2.6,0.0,0.23
2020,13780,,CB+S,0,11,0.0,0.32,0.0,10.7,0.0,0.94
2020,13365,,DT+DE,0,12,0.0,0.512,0.0,5.0,0.0,0.44
2020,14966,,LB,0,12,0.0,0.104,0.0,4.0,0.0,0.35
2020,13789,,RB,0,12,0.0,2.379,0.0,12.5,0.0,1.1
2020,10103,,CB+S,0,7,0.0,0.237,0.0,6.0,0.0,0.53
2020,13675,"Conklin, Tyler",TE,0,12,0.0,0.792,0.0,0.0,0.0,0.0
2020,14095,"Johnson, Ty",RB,0,9,0.0,1.268,0.0,12.2,0.0,1.08
2020,13510,,WR,0,9,0.0,1.008,0.0,2.0,0.0,0.18
2020,14823,"Dowdle, Rico",RB,0,11,0.0,0.125,0.0,0.0,0.0,0.0
2020,13669,"Turner, Malik",WR,0,4,0.0,0.087,0.0,0.0,0.0,0.0
2020,14257,"Speed, E.J.",LB,0,11,0.0,0.141,0.0,6.5,0.0,0.57
2020,6254,,CB+S,0,8,0.0,0.172,0.0,2.9,0.0,0.26
2020,14921,"Dugger, Kyle",CB+S,0,10,0.0,2.97,0.0,53.2,0.0,4.68
2020,14533,,WR,0,12,0.0,0.708,0.0,0.0,0.0,0.0
2020,14342,,WR,0,12,0.0,0.721,0.0,0.0,0.0,0.0
2020,12464,,WR,0,12,0.0,3.316,0.0,32.2,0.0,2.84
2020,11543,,CB+S,0,12,0.0,3.314,0.0,60.1,0.0,5.29
2020,14886,,DT+DE,0,7,0.0,0.093,0.0,0.5,0.0,0.04
2020,14967,"Vildor, Kindle",CB+S,0,12,0.0,0.124,0.0,2.1,0.0,0.18
2020,13851,,WR,0,2,0.0,0.075,0.0,0.0,0.0,0.0
2020,13739,,CB+S,0,11,0.0,0.185,0.0,5.8,0.0,0.51
2020,14680,,DT+DE,0,8,0.0,1.086,0.0,12.0,0.0,1.06
2020,14359,"Johnson, Jakob",RB,0,12,0.0,0.539,0.0,0.0,0.0,0.0
2020,13941,,DT+DE,0,12,0.0,1.347,0.0,14.0,0.0,1.23
2020,12974,,CB+S,0,11,0.0,0.405,0.0,11.2,0.0,0.99
2020,15007,,DT+DE,0,10,0.0,1.529,0.0,15.5,0.0,1.36
2020,13444,,LB,0,12,0.0,0.103,0.0,6.0,0.0,0.53
2020,13738,"Jackson, Donte",CB+S,0,10,0.0,2.397,0.0,41.4,0.0,3.64
2020,13989,,DT+DE,0,11,0.0,1.291,0.0,15.5,0.0,1.36
2020,14653,,DT+DE,0,8,0.0,0.407,0.0,3.0,0.0,0.26
2020,14372,,TE,0,12,0.0,0.454,0.0,0.0,0.0,0.0
2020,14250,,LB,0,12,0.0,1.682,0.0,31.5,0.0,2.77
2020,14295,,RB,0,8,0.0,0.018,0.0,0.0,0.0,0.0
2020,12783,,CB+S,0,9,0.0,0.638,0.0,13.5,0.0,1.19
2020,11785,,TE,0,12,0.0,4.241,0.0,22.2,0.0,1.96
2020,14696,,CB+S,0,1,0.0,0.0,0.0,0.0,0.0,0.0
2020,14984,"Woerner, Charlie",TE,0,12,0.0,0.5,0.0,0.0,0.0,0.0
2020,13547,"Maulet, Art",CB+S,0,7,0.0,1.316,0.0,28.5,0.0,2.51
2020,13254,,TE,0,12,0.0,1.824,0.0,6.6,0.0,0.58
2020,12213,,TE,0,12,0.0,0.839,0.0,0.0,0.0,0.0
2020,13682,"Key, Arden",DT+DE,0,10,0.0,1.928,0.0,21.0,0.0,1.85
2020,15077,,WR,0,10,0.0,1.588,0.0,2.9,0.0,0.26
2020,13939,"Odum, George",CB+S,0,12,0.0,1.074,0.0,20.6,0.0,1.81
2020,11993,,DT+DE,0,11,0.0,3.261,0.0,39.5,0.0,3.48
2020,14302,"Scott, Nick",CB+S,0,12,0.0,0.417,0.0,14.9,0.0,1.31
2020,14535,,DT+DE,0,11,0.0,1.464,0.0,15.5,0.0,1.36
2020,12608,"Winchester, James",TE,0,12,0.0,0.272,0.0,0.0,0.0,0.0
2020,15019,,LB,0,8,0.0,0.147,0.0,3.5,0.0,0.31
2020,10514,"Bellore, Nick",RB,0,12,0.0,0.538,0.0,0.0,0.0,0.0
2020,12733,,LB,0,11,0.0,0.106,0.0,2.5,0.0,0.22
2020,13736,"Stewart, M.J.",CB+S,0,12,0.0,1.598,0.0,30.7,0.0,2.7
2020,14173,,LB,0,11,0.0,0.476,0.0,8.0,0.0,0.7
2020,13787,,LB,0,12,0.0,0.678,0.0,19.5,0.0,1.72
2020,14027,,CB+S,0,4,0.0,0.069,0.0,2.6,0.0,0.23
2020,14934,"Elliott, Jordan",DT+DE,0,12,0.0,1.09,0.0,12.0,0.0,1.06
2020,13695,"Bryan, Taven",DT+DE,0,12,0.0,2.381,0.0,24.5,0.0,2.16
2020,12871,,RB,0,7,0.0,0.177,0.0,0.0,0.0,0.0
2020,13642,,WR,0,9,0.0,1.094,0.0,4.9,0.0,0.43
2020,14215,"Saunders, Khalen",DT+DE,0,2,0.0,0.125,0.0,1.5,0.0,0.13
2020,11529,,TE,0,11,0.0,0.753,0.0,1.9,0.0,0.17
2020,13724,,WR,0,7,0.0,1.254,0.0,27.8,0.0,2.45
2020,13893,"Sherfield, Trent",WR,0,11,0.0,0.346,0.0,0.0,0.0,0.0
2020,14292,"Summers, Ty",LB,0,12,0.0,1.271,0.0,28.5,0.0,2.51
2020,12775,,CB+S,0,12,0.0,0.157,0.0,2.6,0.0,0.23
2020,14195,,TE,0,3,0.0,0.122,0.0,0.0,0.0,0.0
2020,14958,,LB,0,8,0.0,0.191,0.0,4.5,0.0,0.4
2020,9714,,QB,0,2,0.0,0.0,0.0,0.0,0.0,0.0
2020,12713,,CB+S,0,10,0.0,2.136,0.0,49.9,0.0,4.39
2020,13754,"Yiadom, Isaac",CB+S,0,12,0.0,2.658,0.0,53.1,0.0,4.67
2020,13940,"Mundt, Johnny",TE,0,12,0.0,0.808,0.0,0.1,0.0,0.01
2020,13906,,LB,0,12,0.0,0.192,0.0,5.6,0.0,0.49
2020,14464,,TE,0,12,0.0,0.391,0.0,0.0,0.0,0.0
2020,10368,,RB,0,10,0.0,0.065,0.0,0.0,0.0,0.0
2020,10275,,DT+DE,0,12,0.0,2.017,0.0,23.0,0.0,2.02
2020,13330,"Muhammad, Al-Quadin",DT+DE,0,12,0.0,3.094,0.0,36.5,0.0,3.21
2020,14185,"Adderley, Nasir",CB+S,0,12,0.0,4.264,0.0,80.8,0.0,7.11
2020,14488,,TE,0,12,0.0,0.618,0.0,0.0,0.0,0.0
2020,13239,,RB,0,12,0.0,0.198,0.0,0.0,0.0,0.0
2020,13708,,CB+S,0,10,0.0,1.721,0.0,35.7,0.0,3.14
2020,14929,,DT+DE,0,4,0.0,0.037,0.0,0.0,0.0,0.0
2020,13445,,TE,0,6,0.0,0.192,0.0,0.0,0.0,0.0
2020,13918,,CB+S,0,10,0.0,0.4,0.0,16.3,0.0,1.43
2020,13895,,WR,0,12,0.0,2.228,0.0,12.8,0.0,1.13
2020,12830,,CB+S,0,11,0.0,0.257,0.0,6.0,0.0,0.53
2020,12585,,TE,0,12,0.0,0.391,0.0,0.0,0.0,0.0
2020,13255,,CB+S,0,3,0.0,0.052,0.0,2.8,0.0,0.25
2020,11227,,WR,0,10,0.0,0.998,0.0,2.7,0.0,0.24
2020,12372,,LB,0,3,0.0,0.0,0.0,0.0,0.0,0.0
2020,12212,,TE,0,9,0.0,2.024,0.0,15.2,0.0,1.34
2020,11374,,DT+DE,0,12,0.0,4.468,0.0,56.0,0.0,4.93
2020,13176,"Jones, Zay",WR,0,12,0.0,0.969,0.0,0.0,0.0,0.0
2020,12173,,DT+DE,0,12,0.0,2.429,0.0,27.0,0.0,2.38
2020,15087,,RB,0,4,0.0,0.048,0.0,0.0,0.0,0.0
2020,13289,"Hollins, Mack",WR,0,12,0.0,0.563,0.0,0.0,0.0,0.0
2020,10808,,CB+S,0,11,0.0,1.191,0.0,26.2,0.0,2.31
2020,12327,,CB+S,0,8,0.0,0.436,0.0,12.0,0.0,1.06
2020,14950,"Wallace, K'Von",CB+S,0,11,0.0,0.504,0.0,16.3,0.0,1.43
2020,11012,,LB,0,12,0.0,0.139,0.0,4.0,0.0,0.35
2020,14824,,RB,0,4,0.0,0.0,0.0,0.0,0.0,0.0
2020,14303,"Elliss, Kaden",LB,0,12,0.0,0.121,0.0,3.5,0.0,0.31
2020,13353,,LB,0,8,0.0,0.067,0.0,4.0,0.0,0.35
2020,13211,"Watkins, Carlos",DT+DE,0,12,0.0,2.562,0.0,28.0,0.0,2.46
2020,14275,,LB,0,11,0.0,0.275,0.0,5.5,0.0,0.48
2020,12361,"Nunez-Roches, Rakeem",DT+DE,0,12,0.0,0.802,0.0,9.0,0.0,0.79
2020,14870,"Trautman, Adam",TE,0,11,0.0,1.585,0.0,6.4,0.0,0.56
2020,12229,"Phillips, Jordan",DT+DE,0,8,0.0,2.783,0.0,33.5,0.0,2.95
2020,13396,,TE,0,9,0.0,1.25,0.0,1.4,0.0,0.12
2020,14942,"Burgess, Terrell",CB+S,0,7,0.0,0.563,0.0,11.4,0.0,1.0
2020,13916,,RB,0,10,0.0,0.156,0.0,0.0,0.0,0.0
2020,11448,,TE,0,12,0.0,0.834,0.0,0.0,0.0,0.0
2020,14401,,LB,0,12,0.0,0.296,0.0,9.0,0.0,0.79
2020,15088,,TE,0,7,0.0,0.369,0.0,0.0,0.0,0.0
2020,13820,,LB,0,6,0.0,0.031,0.0,1.0,0.0,0.09
2020,14284,,RB,0,11,0.0,0.121,0.0,0.0,0.0,0.0
2020,14456,,CB+S,0,12,0.0,1.171,0.0,24.6,0.0,2.16
2020,13687,"Lewis, Tyquan",DT+DE,0,12,0.0,4.269,0.0,54.0,0.0,4.75
2020,14254,"Omenihu, Charles",DT+DE,0,11,0.0,2.646,0.0,28.5,0.0,2.51
2020,14307,,LB,0,9,0.0,0.805,0.0,16.5,0.0,1.45
2020,12791,,DT+DE,0,12,0.0,2.942,0.0,32.0,0.0,2.82
2020,14941,,LB,0,12,0.0,0.233,0.0,8.5,0.0,0.75
2020,15057,,WR,0,10,0.0,0.25,0.0,0.0,0.0,0.0
2020,14989,,DT+DE,0,12,0.0,3.098,0.0,32.0,0.0,2.82
2020,12859,,TE,0,12,0.0,0.429,0.0,0.0,0.0,0.0
2020,13212,,DT+DE,0,9,0.0,0.746,0.0,6.0,0.0,0.53
2020,11814,,CB+S,0,10,0.0,1.26,0.0,32.4,0.0,2.85
2020,12776,"Killebrew, Miles",CB+S,0,11,0.0,0.477,0.0,14.0,0.0,1.23
2020,14517,,TE,0,4,0.0,0.0,0.0,0.0,0.0,0.0
2020,13585,,WR,0,12,0.0,0.316,0.0,0.0,0.0,0.0
2020,14217,"Barton, Cody",LB,0,12,0.0,1.079,0.0,24.5,0.0,2.16
2020,15002,,LB,0,10,0.0,0.458,0.0,10.5,0.0,0.92
2020,11355,,CB+S,0,12,0.0,1.28,0.0,22.1,0.0,1.94
2020,14248,,DT+DE,0,12,0.0,3.268,0.0,44.5,0.0,3.92
2020,13934,,CB+S,0,9,0.0,0.914,0.0,17.4,0.0,1.53
2020,11858,,CB+S,0,11,0.0,2.626,0.0,47.7,0.0,4.2
2020,14310,"Bell, Quinton",LB,0,5,0.0,0.017,0.0,0.0,0.0,0.0
2020,14682,,LB,0,5,0.0,0.017,0.0,0.5,0.0,0.04
2020,13913,,LB,0,12,0.0,1.713,0.0,35.5,0.0,3.12
2020,10354,,TE,0,12,0.0,0.546,0.0,0.0,0.0,0.0
2020,14999,,LB,0,12,0.0,0.197,0.0,7.5,0.0,0.66
2020,12657,,WR,0,3,0.0,0.024,0.0,0.0,0.0,0.0
2020,14319,"Beck, Andrew",TE,0,6,0.0,0.074,0.0,0.0,0.0,0.0
2020,13638,"Berrios, Braxton",WR,0,12,0.0,2.457,0.0,18.7,0.0,1.65
2020,12211,,TE,0,12,0.0,2.061,0.0,4.5,0.0,0.4
2020,13194,,TE,0,12,0.0,0.357,0.0,0.0,0.0,0.0
2020,13293,"Reeves-Maybin, Jalen",LB,0,12,0.0,0.21,0.0,7.5,0.0,0.66
2020,13446,,LB,0,10,0.0,0.222,0.0,7.0,0.0,0.62
2020,14412,"Singleton, Alex",LB,0,12,0.0,5.241,0.0,85.0,0.0,7.48
2020,14591,,TE,0,8,0.0,0.303,0.0,0.0,0.0,0.0
2020,12325,"Burton, Michael",RB,0,12,0.0,0.197,0.0,0.0,0.0,0.0
2020,12748,,CB+S,0,12,0.0,0.253,0.0,6.0,0.0,0.53
2020,13143,"McNichols, Jeremy",RB,0,12,0.0,1.048,0.0,2.0,0.0,0.18
2020,14962,"Gipson, Trevis",DT+DE,0,3,0.0,0.021,0.0,0.0,0.0,0.0
2020,14901,"Gallimore, Neville",DT+DE,0,10,0.0,1.697,0.0,18.0,0.0,1.58
2020,14997,"Rodgers, Isaiah",CB+S,0,10,0.0,1.334,0.0,30.3,0.0,2.67
2020,14017,"Wilson, Jeffery",RB,0,8,0.0,2.252,0.0,38.8,0.0,3.42
2020,14867,"Kmet, Cole",TE,0,12,0.0,2.41,0.0,9.7,0.0,0.86
2020,15095,,LB,0,1,0.0,0.0,0.0,0.0,0.0,0.0
2020,14953,"Dye, Troy",LB,0,8,0.0,0.398,0.0,15.5,0.0,1.36
2020,14851,,WR,0,11,0.0,0.384,0.0,0.0,0.0,0.0
2020,13801,,CB+S,0,12,0.0,2.508,0.0,46.3,0.0,4.07
2020,13258,"Walker, DeMarcus",DT+DE,0,9,0.0,2.494,0.0,31.0,0.0,2.73
2020,11781,,CB+S,0,12,0.0,1.459,0.0,29.7,0.0,2.61
2020,14316,,WR,0,10,0.0,0.271,0.0,0.0,0.0,0.0
2020,14231,,TE,0,8,0.0,0.067,0.0,0.0,0.0,0.0
2020,13915,,LB,0,9,0.0,0.033,0.0,2.0,0.0,0.18
2020,14291,,DT+DE,0,11,0.0,2.275,0.0,22.5,0.0,1.98
2020,10884,,CB+S,0,12,0.0,0.295,0.0,8.3,0.0,0.73
2020,13794,,WR,0,5,0.0,0.393,0.0,0.0,0.0,0.0
2020,12700,"Johnson, Austin",DT+DE,0,12,0.0,1.894,0.0,19.5,0.0,1.72
2020,14936,,TE,0,5,0.0,0.036,0.0,0.0,0.0,0.0
2020,11087,,CB+S,0,3,0.0,0.065,0.0,1.3,0.0,0.11
2020,11803,,CB+S,0,10,0.0,1.131,0.0,24.3,0.0,2.14
2020,13351,,CB+S,0,3,0.0,0.716,0.0,13.0,0.0,1.14
2020,13652,"Wilson, Cedrick",WR,0,12,0.0,1.888,0.0,24.4,0.0,2.15
2020,8673,,WR,0,6,0.0,0.289,0.0,0.0,0.0,0.0
2020,14239,"Moreau, Foster",TE,0,12,0.0,0.989,0.0,3.0,0.0,0.26
2020,14722,,CB+S,0,12,0.0,4.352,0.0,76.9,0.0,6.77
2020,14140,,TE,0,12,0.0,1.974,0.0,0.1,0.0,0.01
2020,14467,"Phillips, Del'Shawn",LB,0,2,0.0,0.0,0.0,0.0,0.0,0.0
2020,11065,,TE,0,7,0.0,0.067,0.0,0.0,0.0,0.0
2020,11613,,CB+S,0,9,0.0,0.675,0.0,16.8,0.0,1.48
2020,10861,,DT+DE,0,12,0.0,3.316,0.0,36.5,0.0,3.21
2020,13783,,CB+S,0,9,0.0,0.342,0.0,15.2,0.0,1.34
2020,12270,"Smith, Preston",LB,0,12,0.0,3.067,0.0,61.0,0.0,5.37
2020,14211,,CB+S,0,12,0.0,0.292,0.0,6.0,0.0,0.53
2020,14590,"Al-Shaair, Azeez",LB,0,12,0.0,0.908,0.0,20.5,0.0,1.8
2020,13942,"Gray, J.T.",CB+S,0,12,0.0,0.211,0.0,6.5,0.0,0.57
2020,13172,"Brown, Noah",WR,0,12,0.0,0.81,0.0,0.0,0.0,0.0
2020,8269,"Lewis, Marcedes",TE,0,11,0.0,1.907,0.0,3.2,0.0,0.28
2020,13676,"Smythe, Durham",TE,0,11,0.0,2.42,0.0,1.4,0.0,0.12
2020,14241,,LB,0,12,0.0,0.086,0.0,2.0,0.0,0.18
2020,9200,,WR,0,12,0.0,0.22,0.0,0.0,0.0,0.0
2020,14778,"Tagovailoa, Tua",QB,0,7,0.0,1.333,0.0,7.3,0.0,0.64
2020,14107,,WR,0,7,0.0,0.331,0.0,0.0,0.0,0.0
2020,14946,"Fotu, Leki",DT+DE,0,7,0.0,1.115,0.0,12.0,0.0,1.06
2020,13543,,LB,0,10,0.0,0.123,0.0,1.5,0.0,0.13
2020,14264,,CB+S,0,12,0.0,0.169,0.0,2.6,0.0,0.23
2020,13761,,CB+S,0,7,0.0,1.383,0.0,23.6,0.0,2.08
2020,12206,,TE,0,6,0.0,0.824,0.0,0.0,0.0,0.0
2020,14154,"Nelson, Anthony",LB,0,12,0.0,0.375,0.0,13.0,0.0,1.14
2020,13840,,CB+S,0,4,0.0,0.036,0.0,0.1,0.0,0.01
2020,14380,,CB+S,0,2,0.0,0.0,0.0,0.0,0.0,0.0
2020,12281,,CB+S,0,12,0.0,0.153,0.0,3.4,0.0,0.3
2020,14922,,DT+DE,0,11,0.0,1.229,0.0,13.0,0.0,1.14
2020,12998,,CB+S,0,12,0.0,0.106,0.0,0.8,0.0,0.07
2020,13926,"Board, Chris",LB,0,12,0.0,0.617,0.0,25.5,0.0,2.24
2020,12155,"Abdullah, Ameer",RB,0,12,0.0,0.799,0.0,1.1,0.0,0.1
2020,12923,"Ham, C.J.",RB,0,12,0.0,0.618,0.0,0.1,0.0,0.01
2020,13785,"Neal, Siran",CB+S,0,12,0.0,0.331,0.0,7.8,0.0,0.69
2020,14746,,DT+DE,0,12,0.0,3.773,0.0,52.5,0.0,4.62
2020,14952,,DT+DE,0,5,0.0,0.26,0.0,3.5,0.0,0.31
2020,13750,"Burks, Oren",LB,0,12,0.0,0.831,0.0,21.5,0.0,1.89
2020,13863,,WR,0,10,0.0,1.071,0.0,0.0,0.0,0.0
2020,11310,,LB,0,12,0.0,0.193,0.0,3.0,0.0,0.26
2020,12316,,DT+DE,0,12,0.0,1.773,0.0,19.5,0.0,1.72
2020,15013,,CB+S,0,11,0.0,0.969,0.0,16.4,0.0,1.44
2020,11381,,TE,0,8,0.0,0.31,0.0,0.0,0.0,0.0
2020,12851,,LB,0,12,0.0,0.16,0.0,5.0,0.0,0.44
2020,14237,"Gaines, Greg",DT+DE,0,12,0.0,1.984,0.0,20.0,0.0,1.76
2020,10874,,CB+S,0,12,0.0,0.363,0.0,12.2,0.0,1.07
2020,13927,,DT+DE,0,6,0.0,0.442,0.0,4.5,0.0,0.4
2020,13343,,DT+DE,0,12,0.0,4.308,0.0,49.5,0.0,4.36
2020,13742,"Hill, B.J.",DT+DE,0,12,0.0,2.668,0.0,28.0,0.0,2.46
2020,13956,,CB+S,0,3,0.0,0.053,0.0,1.3,0.0,0.11
2020,13873,,QB,0,7,0.0,0.167,0.0,0.0,0.0,0.0
2020,13455,"Ricard, Patrick",RB,0,11,0.0,0.431,0.0,0.0,0.0,0.0
2020,12261,,RB,0,4,0.0,0.121,0.0,0.0,0.0,0.0
2020,12616,"Brissett, Jacoby",QB,0,7,0.0,0.333,0.0,0.0,0.0,0.0
2020,14258,,PK,0,1,0.0,0.0,0.0,0.0,0.0,0.0
2020,13087,,CB+S,0,12,0.0,0.481,0.0,14.5,0.0,1.28
2020,14222,"Edwards, Mike",CB+S,0,12,0.0,1.451,0.0,29.7,0.0,2.61
2020,12623,"Driskel, Jeff",QB,0,3,0.0,0.333,0.0,0.0,0.0,0.0
2020,12246,,CB+S,0,11,0.0,2.182,0.0,42.1,0.0,3.7
2020,13630,"Sutton, Courtland",WR,0,1,0.0,0.415,0.0,1.4,0.0,0.12
2020,9831,,WR,0,10,0.0,2.78,0.0,6.9,0.0,0.61
2020,14837,,WR,0,10,0.0,2.421,0.0,9.1,0.0,0.8
2020,14902,"Okudah, Jeff",CB+S,0,9,0.0,3.856,0.0,71.1,0.0,6.26
2020,13200,,DT+DE,0,7,0.0,1.819,0.0,19.0,0.0,1.67
2020,15103,"Gilliam, Reggie",TE,0,11,0.0,0.63,0.0,0.0,0.0,0.0
2020,10269,,LB,0,11,0.0,0.905,0.0,24.5,0.0,2.16
2020,14152,,DT+DE,0,3,0.0,0.757,0.0,8.5,0.0,0.75
2020,12740,,DT+DE,0,10,0.0,2.568,0.0,28.5,0.0,2.51
2020,13227,"Lewis, Jourdan",CB+S,0,11,0.0,2.511,0.0,50.4,0.0,4.44
2020,13912,,WR,0,8,0.0,0.823,0.0,3.3,0.0,0.29
2020,14933,"Blackmon, Julian",CB+S,0,11,0.0,3.101,0.0,61.1,0.0,5.38
2020,13013,,DT+DE,0,3,0.0,0.681,0.0,7.5,0.0,0.66
2020,14840,"Aiyuk, Brandon",WR,0,9,0.0,5.171,0.0,67.6,0.0,5.95
2020,11293,,LB,0,2,0.0,0.281,0.0,6.0,0.0,0.53
2020,14595,,DT+DE,0,2,0.0,0.553,0.0,5.0,0.0,0.44
2020,13938,,CB+S,0,10,0.0,3.832,0.0,70.2,0.0,6.18
2020,11790,,LB,0,7,0.0,0.436,0.0,15.5,0.0,1.36
2020,13770,"Franklin-Myers, John",DT+DE,0,11,0.0,2.53,0.0,27.5,0.0,2.42
2020,15101,,DT+DE,0,2,0.0,0.204,0.0,2.0,0.0,0.18
2020,14738,,DT+DE,0,4,0.0,0.492,0.0,5.5,0.0,0.48
2020,15110,,DT+DE,0,6,0.0,1.111,0.0,10.0,0.0,0.88
2020,14947,"Wonnum, D.J.",DT+DE,0,10,0.0,3.66,0.0,40.5,0.0,3.56
2020,14863,,WR,0,5,0.0,0.174,0.0,0.0,0.0,0.0
2020,13936,,CB+S,0,2,0.0,0.034,0.0,1.3,0.0,0.11
2020,11806,,CB+S,0,11,0.0,3.814,0.0,70.7,0.0,6.22
2020,14242,,LB,0,10,0.0,0.086,0.0,3.0,0.0,0.26
2020,14843,,RB,0,6,0.0,0.367,0.0,0.8,0.0,0.07
2020,14975,"Murchison, Larrell",DT+DE,0,8,0.0,0.441,0.0,4.0,0.0,0.35
2020,13275,,DT+DE,0,8,0.0,1.29,0.0,14.5,0.0,1.28
2020,15029,,LB,0,7,0.0,2.321,0.0,39.0,0.0,3.43
2020,15080,,TE,0,4,0.0,0.071,0.0,0.0,0.0,0.0
2020,14810,,RB,0,6,0.0,0.567,0.0,2.5,0.0,0.22
2020,15099,,LB,0,2,0.0,0.016,0.0,0.0,0.0,0.0
2020,13148,"Ogunbowale, Dare",RB,0,10,0.0,0.29,0.0,0.0,0.0,0.0
2020,14783,"Hurts, Jalen",QB,0,11,0.0,0.333,0.0,0.0,0.0,0.0
2020,15097,"McKeon, Sean",TE,0,10,0.0,0.23,0.0,0.0,0.0,0.0
2020,15098,,RB,0,2,0.0,0.0,0.0,0.0,0.0,0.0
2020,9188,,CB+S,0,3,0.0,0.126,0.0,1.3,0.0,0.11
2020,15096,,RB,0,11,0.0,0.891,0.0,0.3,0.0,0.03
2020,14183,,CB+S,0,9,0.0,1.784,0.0,32.5,0.0,2.86
2020,14879,"Epenesa, A.J.",DT+DE,0,10,0.0,1.593,0.0,19.5,0.0,1.72
2020,13225,,CB+S,0,8,0.0,2.672,0.0,51.4,0.0,4.52
2020,10313,"Dalton, Andy",QB,0,7,0.0,1.5,0.0,9.9,0.0,0.88
2020,14995,"Metellus, Josh",CB+S,0,11,0.0,0.501,0.0,13.9,0.0,1.22
2020,13017,,CB+S,0,6,0.0,0.787,0.0,11.5,0.0,1.01
2020,13022,,CB+S,0,2,0.0,0.214,0.0,4.9,0.0,0.43
2020,14830,,RB,0,3,0.0,0.032,0.0,0.0,0.0,0.0
2020,14671,,CB+S,0,9,0.0,0.244,0.0,6.8,0.0,0.6
2020,13666,,WR,0,5,0.0,0.225,0.0,0.0,0.0,0.0
2020,13247,,LB,0,5,0.0,0.037,0.0,0.5,0.0,0.04
2020,15010,,LB,0,4,0.0,0.031,0.0,0.5,0.0,0.04
2020,14994,,LB,0,7,0.0,0.072,0.0,0.0,0.0,0.0
2020,13423,,LB,0,6,0.0,0.164,0.0,4.5,0.0,0.4
2020,12764,"Hargrave, Javon",DT+DE,0,11,0.0,3.457,0.0,37.0,0.0,3.26
2020,14893,"Baun, Zack",LB,0,11,0.0,0.27,0.0,7.5,0.0,0.66
2020,13819,,TE,0,6,0.0,0.545,0.0,0.0,0.0,0.0
2020,12219,"Edwards, Mario",DT+DE,0,11,0.0,2.792,0.0,30.5,0.0,2.68
2020,14287,,RB,0,7,0.0,0.089,0.0,0.0,0.0,0.0
2020,14339,,WR,0,3,0.0,0.037,0.0,0.0,0.0,0.0
2020,15034,,WR,0,9,0.0,1.551,0.0,9.8,0.0,0.86
2020,13034,,CB+S,0,7,0.0,0.845,0.0,13.6,0.0,1.2
2020,14980,,LB,0,11,0.0,0.173,0.0,9.0,0.0,0.79
2020,12627,,RB,0,9,0.0,0.608,0.0,0.0,0.0,0.0
2020,12812,,LB,0,2,0.0,0.0,0.0,0.0,0.0,0.0
2020,14308,,CB+S,0,9,0.0,0.339,0.0,7.3,0.0,0.64
2020,15014,,CB+S,0,7,0.0,0.07,0.0,0.0,0.0,0.0
2020,15056,,LB,0,2,0.0,0.0,0.0,1.0,0.0,0.09
2020,14673,,LB,0,9,0.0,0.126,0.0,1.0,0.0,0.09
2020,13836,,LB,0,8,0.0,0.069,0.0,3.0,0.0,0.26
2020,14370,"Hudson, Tanner",TE,0,9,0.0,0.263,0.0,0.0,0.0,0.0
2020,13769,"Street, Kentavius",DT+DE,0,11,0.0,0.888,0.0,9.0,0.0,0.79
2020,14495,"Gifford, Luke",LB,0,6,0.0,0.052,0.0,2.5,0.0,0.22
2020,10723,,WR,0,6,0.0,0.773,0.0,6.2,0.0,0.55
2020,13968,"Mullens, Nick",QB,0,8,0.0,2.208,0.0,15.0,0.0,1.32
2020,13662,,WR,0,4,0.0,1.325,0.0,19.3,0.0,1.7
2020,10699,,QB,0,8,0.0,1.583,0.0,13.3,0.0,1.17
2020,14960,,DT+DE,0,10,0.0,2.452,0.0,30.0,0.0,2.64
2020,11263,,DT+DE,0,10,0.0,2.906,0.0,35.0,0.0,3.08
2020,12799,,CB+S,0,9,0.0,2.996,0.0,56.3,0.0,4.95
2020,13204,,DT+DE,0,10,0.0,2.853,0.0,32.5,0.0,2.86
2020,10398,,TE,0,6,0.0,0.731,0.0,0.0,0.0,0.0
2020,15041,"Cager, Lawrence",WR,0,2,0.0,0.201,0.0,0.0,0.0,0.0
2020,14804,,RB,0,9,0.0,0.409,0.0,0.0,0.0,0.0
2020,12249,,CB+S,0,10,0.0,2.033,0.0,45.8,0.0,4.03
2020,13648,,WR,0,2,0.0,0.176,0.0,0.0,0.0,0.0
2020,14124,,WR,0,4,0.0,0.312,0.0,0.0,0.0,0.0
2020,13562,,DT+DE,0,3,0.0,0.6,0.0,5.5,0.0,0.48
2020,11765,,CB+S,0,10,0.0,2.843,0.0,64.9,0.0,5.71
2020,14883,,DT+DE,0,6,0.0,0.778,0.0,7.5,0.0,0.66
2020,12979,,DT+DE,0,10,0.0,4.56,0.0,53.5,0.0,4.71
2020,13999,,WR,0,10,0.0,1.313,0.0,9.7,0.0,0.85
2020,14435,,RB,0,2,0.0,0.626,0.0,7.0,0.0,0.62
2020,12358,,LB,0,10,0.0,0.633,0.0,14.5,0.0,1.28
2020,7826,,LB,0,6,0.0,0.121,0.0,6.5,0.0,0.57
2020,15117,"Flannigan-Fowles, Demetrius",LB,0,7,0.0,0.248,0.0,5.5,0.0,0.48
2020,13705,,LB,0,10,0.0,0.224,0.0,8.0,0.0,0.7
2020,12153,,RB,0,3,0.0,0.422,0.0,6.3,0.0,0.56
2020,13158,,WR,0,2,0.0,0.194,0.0,0.0,0.0,0.0
2020,15121,"Huff, Bryce",DT+DE,0,10,0.0,2.543,0.0,28.5,0.0,2.51
2020,10784,,CB+S,0,4,0.0,0.733,0.0,8.8,0.0,0.77
2020,13964,,CB+S,0,5,0.0,0.758,0.0,17.4,0.0,1.53
2020,15116,,WR,0,4,0.0,0.274,0.0,0.0,0.0,0.0
2020,13075,,CB+S,0,10,0.0,0.212,0.0,3.9,0.0,0.34
2020,15094,"Locke, P.J.",CB+S,0,10,0.0,0.159,0.0,2.1,0.0,0.18
2020,12087,,LB,0,8,0.0,0.587,0.0,12.0,0.0,1.06
2020,14808,,RB,0,2,0.0,0.0,0.0,0.0,0.0,0.0
2020,12714,,CB+S,0,10,0.0,3.591,0.0,61.7,0.0,5.43
2020,15109,"Westbrook-Ikhine, Nick",WR,0,9,0.0,0.184,0.0,0.0,0.0,0.0
2020,11970,"Pennel, Mike",DT+DE,0,10,0.0,1.447,0.0,15.5,0.0,1.36
2020,15021,,RB,0,3,0.0,0.069,0.0,0.0,0.0,0.0
2020,14760,,WR,0,3,0.0,0.062,0.0,0.0,0.0,0.0
2020,14065,"Rypien, Brett",QB,0,3,0.0,0.0,0.0,0.0,0.0,0.0
2020,12854,,LB,0,8,0.0,0.227,0.0,5.5,0.0,0.48
2020,11267,,DT+DE,0,2,0.0,0.037,0.0,0.0,0.0,0.0
2020,14864,"Johnson, Tyler",WR,0,10,0.0,1.243,0.0,0.9,0.0,0.08
2020,12315,,LB,0,4,0.0,0.109,0.0,2.0,0.0,0.18
2020,12369,,LB,0,9,0.0,0.182,0.0,7.5,0.0,0.66
2020,14175,,LB,0,1,0.0,0.0,0.0,0.0,0.0,0.0
2020,11498,,CB+S,0,8,0.0,0.319,0.0,8.9,0.0,0.78
2020,14169,"Wilson, Mack",LB,0,10,0.0,0.992,0.0,31.0,0.0,2.73
2020,15111,,PK,0,1,0.0,0.0,0.0,0.0,0.0,0.0
2020,14068,,QB,0,3,0.0,0.0,0.0,0.0,0.0,0.0
2020,13857,,TE,0,10,0.0,0.345,0.0,0.0,0.0,0.0
2020,14411,,CB+S,0,10,0.0,1.512,0.0,33.8,0.0,2.97
2020,14532,,CB+S,0,2,0.0,0.036,0.0,1.3,0.0,0.11
2020,14937,,DT+DE,0,6,0.0,0.512,0.0,5.5,0.0,0.48
2020,11177,,RB,0,3,0.0,0.0,0.0,0.0,0.0,0.0
2020,14741,,CB+S,0,2,0.0,0.119,0.0,3.4,0.0,0.3
2020,14815,"Dallas, DeeJay",RB,0,10,0.0,2.16,0.0,17.4,0.0,1.53
2020,14675,"Tuttle, Shy",DT+DE,0,9,0.0,2.003,0.0,21.0,0.0,1.85
2020,14996,,TE,0,6,0.0,0.071,0.0,0.0,0.0,0.0
2020,15042,,RB,0,10,0.0,0.089,0.0,0.0,0.0,0.0
2020,15004,,CB+S,0,6,0.0,0.203,0.0,4.7,0.0,0.41
2020,12297,,CB+S,0,3,0.0,0.072,0.0,0.0,0.0,0.0
2020,12230,,LB,0,6,0.0,0.249,0.0,5.5,0.0,0.48
2020,14762,,CB+S,0,9,0.0,0.144,0.0,2.6,0.0,0.23
2020,12916,,WR,0,1,0.0,0.013,0.0,0.0,0.0,0.0
2020,13698,,LB,0,10,0.0,0.086,0.0,3.0,0.0,0.26
2020,13811,"Smith, Tremon",CB+S,0,8,0.0,0.221,0.0,5.6,0.0,0.49
2020,11330,,CB+S,0,10,0.0,0.607,0.0,19.4,0.0,1.71
2020,13994,"Brown, Pharaoh",TE,0,10,0.0,1.431,0.0,2.4,0.0,0.21
2020,12845,,RB,0,8,0.0,0.09,0.0,0.0,0.0,0.0
2020,12803,,CB+S,0,1,0.0,0.036,0.0,0.0,0.0,0.0
2020,14330,,WR,0,8,0.0,0.418,0.0,0.0,0.0,0.0
2020,13366,,TE,0,10,0.0,0.266,0.0,0.0,0.0,0.0
2020,14970,,CB+S,0,10,0.0,0.484,0.0,14.0,0.0,1.23
2020,15073,,CB+S,0,2,0.0,0.054,0.0,0.0,0.0,0.0
2020,14097,,RB,0,3,0.0,0.018,0.0,0.0,0.0,0.0
2020,15114,,CB+S,0,10,0.0,0.431,0.0,12.4,0.0,1.09
2020,14301,,DT+DE,0,5,0.0,0.196,0.0,1.5,0.0,0.13
2020,14916,,CB+S,0,5,0.0,0.072,0.0,0.0,0.0,0.0
2020,14561,,WR,0,8,0.0,0.966,0.0,6.3,0.0,0.56
2020,13241,,PK,0,2,0.0,1.667,0.0,23.0,0.0,2.02
2020,14117,,WR,0,8,0.0,1.062,0.0,3.9,0.0,0.34
2020,10851,,CB+S,0,5,0.0,2.487,0.0,38.4,0.0,3.38
2020,14075,,RB,0,9,0.0,3.812,0.0,23.9,0.0,2.11
2020,14228,,CB+S,0,9,0.0,2.332,0.0,44.2,0.0,3.89
2020,14341,"Parham, Donald",TE,0,9,0.0,1.601,0.0,2.7,0.0,0.24
2020,11318,,CB+S,0,8,0.0,2.398,0.0,47.1,0.0,4.14
2020,13443,,CB+S,0,1,0.0,0.278,0.0,6.0,0.0,0.53
2020,15125,,CB+S,0,9,0.0,1.414,0.0,31.9,0.0,2.81
2020,13125,,QB,0,3,0.0,0.0,0.0,0.0,0.0,0.0
2020,15127,,DT+DE,0,8,0.0,2.136,0.0,21.0,0.0,1.85
2020,13387,,WR,0,9,0.0,1.553,0.0,9.0,0.0,0.79
2020,13871,,RB,0,5,0.0,0.131,0.0,0.0,0.0,0.0
2020,14555,"Olszewski, Gunner",WR,0,9,0.0,1.374,0.0,16.2,0.0,1.43
2020,14857,"Peoples-Jones, Donovan",WR,0,9,0.0,1.57,0.0,15.8,0.0,1.39
2020,14335,,PK,0,1,0.0,0.083,0.0,2.3,0.0,0.2
2020,14957,"Robertson, Amik",CB+S,0,7,0.0,0.126,0.0,4.7,0.0,0.41
2020,11188,,RB,0,2,0.0,0.033,0.0,0.0,0.0,0.0
2020,15129,"Dorsey, Khalil",CB+S,0,5,0.0,0.106,0.0,2.6,0.0,0.23
2020,15133,,CB+S,0,9,0.0,0.407,0.0,10.5,0.0,0.92
2020,12850,,CB+S,0,9,0.0,0.273,0.0,9.0,0.0,0.79
2020,14259,,CB+S,0,1,0.0,0.037,0.0,1.3,0.0,0.11
2020,12957,,CB+S,0,4,0.0,0.055,0.0,1.3,0.0,0.11
2020,15130,,CB+S,0,8,0.0,0.069,0.0,2.1,0.0,0.18
2020,14086,"Hill, Justice",RB,0,8,0.0,0.649,0.0,0.0,0.0,0.0
2020,15126,,LB,0,9,0.0,0.14,0.0,1.5,0.0,0.13
2020,12223,,DT+DE,0,3,0.0,0.071,0.0,1.0,0.0,0.09
2020,12958,,LB,0,5,0.0,0.12,0.0,2.0,0.0,0.18
2020,12720,,CB+S,0,9,0.0,3.434,0.0,56.8,0.0,5.0
2020,14063,"Stidham, Jarrett",QB,0,3,0.0,0.083,0.0,0.0,0.0,0.0
2020,9064,"Flacco, Joe",QB,0,5,0.0,0.833,0.0,9.3,0.0,0.82
2020,15132,,DT+DE,0,9,0.0,0.719,0.0,7.0,0.0,0.62
2020,10888,,DT+DE,0,5,0.0,0.682,0.0,6.5,0.0,0.57
2020,9706,,QB,0,2,0.0,0.083,0.0,0.0,0.0,0.0
2020,13082,,CB+S,0,6,0.0,0.101,0.0,4.5,0.0,0.4
2020,14278,,CB+S,0,7,0.0,0.072,0.0,2.1,0.0,0.18
2020,14317,,WR,0,1,0.0,0.026,0.0,0.0,0.0,0.0
2020,14882,"Greenard, Jonathan",LB,0,9,0.0,0.582,0.0,13.0,0.0,1.14
2020,15033,,WR,0,1,0.0,0.026,0.0,0.0,0.0,0.0
2020,14584,,LB,0,6,0.0,0.121,0.0,3.0,0.0,0.26
2020,12715,"Apple, Eli",CB+S,0,2,0.0,0.197,0.0,4.7,0.0,0.41
2020,14545,,WR,0,2,0.0,0.038,0.0,0.0,0.0,0.0
2020,15063,,LB,0,2,0.0,0.017,0.0,0.0,0.0,0.0
2020,12269,,CB+S,0,9,0.0,0.072,0.0,2.1,0.0,0.18
2020,15000,,LB,0,7,0.0,0.086,0.0,1.0,0.0,0.09
2020,14831,,RB,0,1,0.0,0.0,0.0,0.0,0.0,0.0
2020,14579,,CB+S,0,3,0.0,0.656,0.0,11.3,0.0,0.99
2020,13879,"Allen, Kyle",QB,0,4,0.0,0.667,0.0,3.7,0.0,0.32
2020,11788,,CB+S,0,8,0.0,2.992,0.0,57.0,0.0,5.02
2020,15140,"Lewis, Cam",CB+S,0,2,0.0,0.569,0.0,8.1,0.0,0.71
2020,11821,,DT+DE,0,5,0.0,1.015,0.0,11.0,0.0,0.97
2020,14951,"Lynch, James",DT+DE,0,5,0.0,0.739,0.0,8.0,0.0,0.7
2020,13314,,CB+S,0,1,0.0,0.143,0.0,3.9,0.0,0.34
2020,11272,,DT+DE,0,1,0.0,0.231,0.0,3.0,0.0,0.26
2020,12807,,TE,0,8,0.0,0.312,0.0,0.0,0.0,0.0
2020,14398,,CB+S,0,7,0.0,0.246,0.0,7.6,0.0,0.67
2020,15124,"Pierre, James",CB+S,0,9,0.0,0.361,0.0,11.4,0.0,1.0
2020,14900,"Madubuike, Nnamdi",DT+DE,0,6,0.0,1.1,0.0,12.0,0.0,1.06
2020,12758,"Bullard, Jonathan",DT+DE,0,5,0.0,0.399,0.0,4.5,0.0,0.4
2020,15141,,LB,0,8,0.0,0.073,0.0,4.5,0.0,0.4
2020,11151,,QB,0,2,0.0,0.083,0.0,0.0,0.0,0.0
2020,15142,,CB+S,0,5,0.0,0.087,0.0,1.6,0.0,0.14
2020,15137,,CB+S,0,2,0.0,0.036,0.0,2.1,0.0,0.18
2020,15131,,CB+S,0,5,0.0,0.051,0.0,0.8,0.0,0.07
2020,13970,,CB+S,0,7,0.0,0.955,0.0,16.3,0.0,1.43
2020,14279,,LB,0,2,0.0,0.018,0.0,0.5,0.0,0.04
2020,12177,,WR,0,3,0.0,0.062,0.0,0.0,0.0,0.0
2020,13474,,DT+DE,0,4,0.0,0.156,0.0,1.5,0.0,0.13
2020,15146,,DT+DE,0,4,0.0,0.248,0.0,2.5,0.0,0.22
2020,11791,,CB+S,0,8,0.0,0.249,0.0,7.5,0.0,0.66
2020,11511,,LB,0,9,0.0,0.163,0.0,6.0,0.0,0.53
2020,13476,,TE,0,5,0.0,0.161,0.0,0.0,0.0,0.0
2020,10324,,CB+S,0,2,0.0,0.205,0.0,3.9,0.0,0.34
2020,13452,,RB,0,4,0.0,0.017,0.0,0.0,0.0,0.0
2020,13890,,TE,0,4,0.0,0.603,0.0,0.0,0.0,0.0
2020,15068,,DT+DE,0,1,0.0,0.0,0.0,0.0,0.0,0.0
2020,13367,,WR,0,4,0.0,0.229,0.0,0.0,0.0,0.0
2020,12378,,TE,0,7,0.0,0.693,0.0,0.0,0.0,0.0
2020,14932,,LB,0,6,0.0,0.85,0.0,13.0,0.0,1.14
2020,14992,"Watkins, Quez",WR,0,2,0.0,0.025,0.0,0.0,0.0,0.0
2020,15147,,CB+S,0,7,0.0,0.786,0.0,16.2,0.0,1.43
2020,9868,,DT+DE,0,7,0.0,0.22,0.0,2.0,0.0,0.18
2020,14221,"Williams, Quincy",LB,0,7,0.0,0.519,0.0,12.5,0.0,1.1
2020,9319,,PK,0,1,0.0,0.0,0.0,0.0,0.0,0.0
2020,14873,"Okwuegbunam, Albert",TE,0,4,0.0,2.049,0.0,5.7,0.0,0.5
2020,15149,,WR,0,6,0.0,0.7,0.0,0.1,0.0,0.01
2020,12835,,CB+S,0,6,0.0,0.87,0.0,18.9,0.0,1.66
2020,14419,,PK,0,1,0.0,0.167,0.0,2.8,0.0,0.25
2020,15148,"Franklin, Sam",CB+S,0,5,0.0,1.492,0.0,29.0,0.0,2.55
2020,13502,,DT+DE,0,7,0.0,0.701,0.0,5.5,0.0,0.48
2020,10320,,DT+DE,0,6,0.0,1.934,0.0,22.5,0.0,1.98
2020,13435,,DT+DE,0,6,0.0,2.104,0.0,24.5,0.0,2.16
2020,13336,,DT+DE,0,1,0.0,0.288,0.0,2.5,0.0,0.22
2020,13882,,WR,0,1,0.0,0.025,0.0,0.0,0.0,0.0
2020,10948,"Keenum, Case",QB,0,1,0.0,0.167,0.0,0.0,0.0,0.0
2020,13512,,DT+DE,0,1,0.0,0.173,0.0,1.5,0.0,0.13
2020,12771,,DT+DE,0,4,0.0,0.373,0.0,3.5,0.0,0.31
2020,12326,,LB,0,7,0.0,0.48,0.0,16.0,0.0,1.41
2020,14855,,WR,0,7,0.0,0.5,0.0,2.2,0.0,0.19
2020,15151,"Welch, Kristian",LB,0,7,0.0,0.107,0.0,2.5,0.0,0.22
2020,15152,,LB,0,1,0.0,0.058,0.0,1.0,0.0,0.09
2020,14826,,RB,0,3,0.0,0.052,0.0,0.0,0.0,0.0
2020,14756,,DT+DE,0,7,0.0,0.567,0.0,5.0,0.0,0.44
2020,10262,,QB,0,3,0.0,0.083,0.0,0.0,0.0,0.0
2020,13884,,WR,0,5,0.0,0.217,0.0,0.0,0.0,0.0
2020,13637,,WR,0,8,0.0,0.377,0.0,0.0,0.0,0.0
2020,13167,,WR,0,3,0.0,0.024,0.0,0.0,0.0,0.0
2020,13636,,WR,0,1,0.0,0.0,0.0,0.0,0.0,0.0
2020,13382,,TE,0,1,0.0,0.036,0.0,0.0,0.0,0.0
2020,14106,,WR,0,2,0.0,0.012,0.0,0.0,0.0,0.0
2020,15008,,QB,0,3,0.0,0.083,0.0,0.0,0.0,0.0
2020,13797,,CB+S,0,1,0.0,0.016,0.0,0.0,0.0,0.0
2020,15018,,LB,0,7,0.0,0.055,0.0,0.0,0.0,0.0
2020,14728,,LB,0,6,0.0,0.186,0.0,9.0,0.0,0.79
2020,14144,,TE,0,7,0.0,0.228,0.0,0.0,0.0,0.0
2020,11285,,DT+DE,0,7,0.0,0.943,0.0,10.0,0.0,0.88
2020,13595,"Rudolph, Mason",QB,0,4,0.0,0.125,0.0,0.0,0.0,0.0
2020,15016,"Jackson, Dane",CB+S,0,4,0.0,1.725,0.0,27.1,0.0,2.38
2020,14976,,LB,0,6,0.0,0.718,0.0,22.0,0.0,1.94
2020,9073,,QB,0,2,0.0,0.0,0.0,0.0,0.0,0.0
2020,13784,,CB+S,0,2,0.0,0.286,0.0,6.3,0.0,0.55
2020,15160,,CB+S,0,4,0.0,0.25,0.0,9.3,0.0,0.82
2020,11347,,CB+S,0,4,0.0,0.125,0.0,4.1,0.0,0.36
2020,15154,,PK,0,5,0.0,2.042,0.0,32.8,0.0,2.89
2020,14939,,TE,0,2,0.0,0.122,0.0,0.0,0.0,0.0
2020,14681,,DT+DE,0,1,0.0,0.321,0.0,2.5,0.0,0.22
2020,13537,,LB,0,4,0.0,0.107,0.0,4.5,0.0,0.4
2020,12857,,RB,0,3,0.0,0.59,0.0,0.0,0.0,0.0
2020,13935,,DT+DE,0,1,0.0,0.125,0.0,1.5,0.0,0.13
2020,14955,,CB+S,0,4,0.0,0.198,0.0,11.2,0.0,0.99
2020,14458,,RB,0,6,0.0,0.141,0.0,0.0,0.0,0.0
2020,15015,,LB,0,3,0.0,0.071,0.0,2.0,0.0,0.18
2020,12244,,LB,0,6,0.0,0.085,0.0,4.0,0.0,0.35
2020,11820,,DT+DE,0,2,0.0,0.387,0.0,4.0,0.0,0.35
2020,14096,,RB,0,4,0.0,0.103,0.0,0.0,0.0,0.0
2020,14868,,TE,0,2,0.0,0.083,0.0,0.0,0.0,0.0
2020,14076,"Williams, Trayveon",RB,0,6,0.0,0.099,0.0,0.0,0.0,0.0
2020,14548,"Bachman, Alex",WR,0,1,0.0,0.012,0.0,0.0,0.0,0.0
2020,14861,"Johnson, Juwan",WR,0,3,0.0,0.048,0.0,0.0,0.0,0.0
2020,13818,,CB+S,0,6,0.0,0.018,0.0,0.0,0.0,0.0
2020,13315,"Saubert, Eric",TE,0,4,0.0,0.327,0.0,0.0,0.0,0.0
2020,10827,,LB,0,1,0.0,0.018,0.0,0.0,0.0,0.0
2020,15156,,WR,0,1,0.0,0.012,0.0,0.0,0.0,0.0
2020,14421,,DT+DE,0,4,0.0,0.598,0.0,5.5,0.0,0.48
2020,12667,,WR,0,1,0.0,0.012,0.0,0.0,0.0,0.0
2020,14012,"Ford, Mike",CB+S,0,5,0.0,0.201,0.0,8.1,0.0,0.71
2020,11487,,LB,0,1,0.0,0.018,0.0,0.0,0.0,0.0
2020,15155,,CB+S,0,2,0.0,0.065,0.0,1.3,0.0,0.11
2020,14074,,RB,0,2,0.0,0.054,0.0,0.0,0.0,0.0
2020,14320,,WR,0,3,0.0,0.036,0.0,0.0,0.0,0.0
2020,12215,,DT+DE,0,6,0.0,1.907,0.0,28.0,0.0,2.46
2020,13536,,LB,0,1,0.0,0.018,0.0,0.0,0.0,0.0
2020,14961,,CB+S,0,6,0.0,0.036,0.0,0.8,0.0,0.07
2020,14069,"Stick, Easton",QB,0,1,0.0,0.0,0.0,0.0,0.0,0.0
2020,15168,,CB+S,0,5,0.0,0.4,0.0,9.1,0.0,0.8
2020,10487,,PK,0,2,0.0,0.25,0.0,8.6,0.0,0.76
2020,15164,,CB+S,0,3,0.0,0.277,0.0,7.8,0.0,0.69
2020,13134,"Foreman, D'Onta",RB,0,6,0.0,0.639,0.0,1.2,0.0,0.11
2020,13407,,CB+S,0,6,0.0,2.033,0.0,45.6,0.0,4.01
2020,10870,,RB,0,5,0.0,1.373,0.0,9.4,0.0,0.83
2020,12921,,WR,0,2,0.0,0.062,0.0,0.0,0.0,0.0
2020,15022,,RB,0,5,0.0,0.363,0.0,0.0,0.0,0.0
2020,14627,,DT+DE,0,1,0.0,0.096,0.0,1.5,0.0,0.13
2020,14925,"Uche, Josh",LB,0,6,0.0,0.257,0.0,10.0,0.0,0.88
2020,15167,,CB+S,0,2,0.0,0.0,0.0,1.3,0.0,0.11
2020,13466,,LB,0,4,0.0,0.036,0.0,3.0,0.0,0.26
2020,12773,"Moore, Chris",WR,0,1,0.0,0.024,0.0,0.0,0.0,0.0
2020,13862,"Cracraft, River",WR,0,5,0.0,0.122,0.0,0.0,0.0,0.0
2020,10410,,WR,0,3,0.0,0.098,0.0,0.0,0.0,0.0
2020,9866,,LB,0,5,0.0,0.155,0.0,5.5,0.0,0.48
2020,14885,,LB,0,5,0.0,0.051,0.0,3.0,0.0,0.26
2020,15026,,TE,0,1,0.0,0.062,0.0,0.0,0.0,0.0
2020,13416,,QB,0,3,0.0,0.25,0.0,0.0,0.0,0.0
2020,15165,"Jones, Benito",DT+DE,0,3,0.0,0.456,0.0,3.5,0.0,0.31
2020,15123,,TE,0,5,0.0,0.871,0.0,0.0,0.0,0.0
2020,14871,"Parkinson, Colby",TE,0,3,0.0,0.153,0.0,0.0,0.0,0.0
2020,14352,,WR,0,1,0.0,0.012,0.0,0.0,0.0,0.0
2020,14793,,QB,0,3,0.0,0.5,0.0,6.2,0.0,0.54
2020,11854,,QB,0,1,0.0,0.083,0.0,0.0,0.0,0.0
2020,12099,,DT+DE,0,3,0.0,0.861,0.0,10.5,0.0,0.92
2020,14150,,DT+DE,0,2,0.0,0.333,0.0,5.5,0.0,0.48
2020,11719,,DT+DE,0,3,0.0,0.521,0.0,7.0,0.0,0.62
2020,15009,,DT+DE,0,4,0.0,0.478,0.0,6.0,0.0,0.53
2020,14103,,WR,0,3,0.0,0.159,0.0,0.0,0.0,0.0
2020,14683,,CB+S,0,5,0.0,0.359,0.0,12.5,0.0,1.1
2020,14557,,LB,0,5,0.0,1.348,0.0,28.5,0.0,2.51
2020,15159,,DT+DE,0,5,0.0,0.602,0.0,6.0,0.0,0.53
2020,13946,,CB+S,0,1,0.0,0.107,0.0,3.4,0.0,0.3
2020,11500,,PN,0,2,0.0,0.708,0.0,8.0,0.0,0.7
2020,15170,,CB+S,0,2,0.0,0.154,0.0,3.9,0.0,0.34
2020,15176,,CB+S,0,3,0.0,0.186,0.0,5.2,0.0,0.46
2020,14964,,CB+S,0,4,0.0,1.58,0.0,31.1,0.0,2.74
2020,13324,,DT+DE,0,1,0.0,0.167,0.0,2.0,0.0,0.18
2020,15162,,LB,0,5,0.0,0.031,0.0,3.5,0.0,0.31
2020,13333,,LB,0,1,0.0,0.0,0.0,2.0,0.0,0.18
2020,14368,,RB,0,3,0.0,0.228,0.0,0.0,0.0,0.0
2020,12227,,DT+DE,0,3,0.0,0.666,0.0,6.0,0.0,0.53
2020,11837,,CB+S,0,4,0.0,0.036,0.0,1.3,0.0,0.11
2020,14493,,LB,0,5,0.0,0.843,0.0,17.5,0.0,1.54
2020,11954,,LB,0,2,0.0,0.031,0.0,2.5,0.0,0.22
2020,14884,,DT+DE,0,5,0.0,0.664,0.0,4.0,0.0,0.35
2020,12628,,RB,0,2,0.0,0.484,0.0,3.4,0.0,0.3
2020,12140,"Winston, Jameis",QB,0,3,0.0,0.167,0.0,0.0,0.0,0.0
2020,13460,,DT+DE,0,4,0.0,0.374,0.0,2.0,0.0,0.18
2020,13179,,WR,0,2,0.0,0.024,0.0,0.0,0.0,0.0
2020,12898,,TE,0,1,0.0,0.0,0.0,0.0,0.0,0.0
2020,14367,,TE,0,2,0.0,0.036,0.0,0.0,0.0,0.0
2020,15062,,LB,0,1,0.0,0.0,0.0,0.0,0.0,0.0
2020,15177,"Bryant, Myles",CB+S,0,4,0.0,0.163,0.0,6.8,0.0,0.6
2020,15046,,WR,0,1,0.0,0.012,0.0,0.0,0.0,0.0
2020,10285,,DT+DE,0,4,0.0,1.042,0.0,10.5,0.0,0.92
2020,15171,,PN,0,4,0.0,1.958,0.0,21.0,0.0,1.85
2020,15003,"Stone, Geno",CB+S,0,2,0.0,0.018,0.0,0.0,0.0,0.0
2020,14434,"Reaves, Jeremy",CB+S,0,5,0.0,0.181,0.0,8.4,0.0,0.74
2020,14306,,DT+DE,0,3,0.0,0.684,0.0,6.5,0.0,0.57
2020,14377,,DT+DE,0,1,0.0,0.062,0.0,0.0,0.0,0.0
2020,14990,,CB+S,0,3,0.0,0.115,0.0,2.1,0.0,0.18
2020,9823,,WR,0,3,0.0,0.152,0.0,0.0,0.0,0.0
2020,14737,"Giles-Harris, Joe",LB,0,5,0.0,0.205,0.0,8.0,0.0,0.7
2020,12443,,WR,0,4,0.0,0.037,0.0,0.0,0.0,0.0
2020,12635,,RB,0,5,0.0,0.164,0.0,0.0,0.0,0.0
2020,14717,"McLaughlin, Chase",PK,0,3,0.0,0.75,0.0,16.6,0.0,1.46
2020,14536,,DT+DE,0,3,0.0,0.578,0.0,5.0,0.0,0.44
2020,12697,"Robinson, A'Shawn",DT+DE,0,4,0.0,0.852,0.0,7.5,0.0,0.66
2020,14037,"Davis, Jalen",CB+S,0,4,0.0,0.113,0.0,3.4,0.0,0.3
2020,13673,,TE,0,4,0.0,0.571,0.0,0.0,0.0,0.0
2020,10708,,RB,0,1,0.0,0.034,0.0,0.0,0.0,0.0
2020,14809,,RB,0,3,0.0,0.17,0.0,0.0,0.0,0.0
2020,8958,,CB+S,0,3,0.0,0.226,0.0,8.6,0.0,0.76
2020,12536,,DT+DE,0,2,0.0,0.348,0.0,4.0,0.0,0.35
2020,12705,,LB,0,2,0.0,0.0,0.0,1.0,0.0,0.09
2020,11170,,QB,0,1,0.0,0.0,0.0,0.0,0.0,0.0
2020,14298,,WR,0,2,0.0,0.036,0.0,0.0,0.0,0.0
2020,11712,,LB,0,4,0.0,0.135,0.0,8.0,0.0,0.7
2020,14240,,TE,0,2,0.0,0.077,0.0,0.0,0.0,0.0
2020,14519,,LB,0,3,0.0,0.0,0.0,1.0,0.0,0.09
2020,13846,,QB,0,3,0.0,0.083,0.0,0.0,0.0,0.0
2020,14131,,WR,0,2,0.0,0.012,0.0,0.0,0.0,0.0
2020,10722,,WR,0,4,0.0,0.073,0.0,0.0,0.0,0.0
2020,11045,,DT+DE,0,4,0.0,0.349,0.0,3.0,0.0,0.26
2020,14145,,TE,0,3,0.0,0.161,0.0,0.0,0.0,0.0
2020,14267,,WR,0,1,0.0,0.012,0.0,0.0,0.0,0.0
2020,13908,,PN,0,2,0.0,0.0,0.0,1.0,0.0,0.09
2020,13559,,LB,0,2,0.0,0.177,0.0,6.0,0.0,0.53
2020,12790,,CB+S,0,3,0.0,0.267,0.0,12.3,0.0,1.08
2020,13297,,DT+DE,0,2,0.0,0.302,0.0,3.5,0.0,0.31
2020,13615,,RB,0,1,0.0,0.138,0.0,0.0,0.0,0.0
2020,11677,,WR,0,3,0.0,0.048,0.0,0.0,0.0,0.0
2020,13640,,WR,0,3,0.0,0.048,0.0,0.0,0.0,0.0
2020,14986,,DT+DE,0,2,0.0,0.307,0.0,3.0,0.0,0.26
2020,15179,,DT+DE,0,1,0.0,0.12,0.0,1.5,0.0,0.13
2020,15181,,CB+S,0,3,0.0,0.069,0.0,2.6,0.0,0.23
2020,13465,,LB,0,2,0.0,0.0,0.0,2.0,0.0,0.18
2020,15180,,CB+S,0,3,0.0,0.534,0.0,14.5,0.0,1.28
2020,15173,"Tart, Teair",DT+DE,0,3,0.0,0.352,0.0,2.5,0.0,0.22
2020,14670,"Ekuale, Daniel",DT+DE,0,3,0.0,0.873,0.0,8.5,0.0,0.75
2020,11787,,CB+S,0,1,0.0,0.0,0.0,0.0,0.0,0.0
2020,13735,,DT+DE,0,3,0.0,0.291,0.0,2.0,0.0,0.18
2020,13026,,LB,0,1,0.0,0.0,0.0,0.0,0.0,0.0
2020,13653,,WR,0,1,0.0,0.012,0.0,0.0,0.0,0.0
2020,14678,,LB,0,3,0.0,0.141,0.0,4.0,0.0,0.35
2020,14084,,RB,0,1,0.0,0.0,0.0,0.0,0.0,0.0
2020,13788,,CB+S,0,2,0.0,0.0,0.0,0.0,0.0,0.0
2020,11152,,QB,0,2,0.0,0.75,0.0,4.3,0.0,0.38
2020,14061,,QB,0,1,0.0,0.25,0.0,0.0,0.0,0.0
2020,12621,"Allen, Brandon",QB,0,2,0.0,0.25,0.0,0.0,0.0,0.0
2020,15185,,DT+DE,0,2,0.0,1.188,0.0,12.5,0.0,1.1
2020,11282,,DT+DE,0,2,0.0,0.479,0.0,4.0,0.0,0.35
2020,15186,,DT+DE,0,1,0.0,0.271,0.0,2.0,0.0,0.18
2020,14987,,DT+DE,0,1,0.0,0.271,0.0,2.0,0.0,0.18
2020,9899,,QB,0,2,0.0,0.167,0.0,0.0,0.0,0.0
2020,14665,,TE,0,2,0.0,0.205,0.0,0.0,0.0,0.0
2020,8364,,DT+DE,0,2,0.0,0.875,0.0,8.0,0.0,0.7
2020,15187,,CB+S,0,1,0.0,0.016,0.0,1.3,0.0,0.11
2020,14043,,CB+S,0,2,0.0,0.016,0.0,4.9,0.0,0.43
2020,13440,,CB+S,0,1,0.0,0.0,0.0,0.8,0.0,0.07
2020,14908,"McKinney, Xavier",CB+S,0,2,0.0,0.0,0.0,0.8,0.0,0.07
2020,14465,,RB,0,1,0.0,0.0,0.0,0.0,0.0,0.0
2020,13664,,WR,0,1,0.0,0.024,0.0,0.0,0.0,0.0
2020,13127,,QB,0,1,0.0,0.083,0.0,0.0,0.0,0.0
2020,12636,,RB,0,1,0.0,0.0,0.0,0.0,0.0,0.0
2020,14727,"Reynolds, Craig",RB,0,1,0.0,0.0,0.0,0.0,0.0,0.0
2020,13659,,WR,0,2,0.0,0.012,0.0,0.0,0.0,0.0
2020,14531,,DT+DE,0,1,0.0,0.042,0.0,0.0,0.0,0.0
2020,11402,,DT+DE,0,1,0.0,0.042,0.0,0.0,0.0,0.0
2020,13438,,TE,0,1,0.0,0.083,0.0,0.0,0.0,0.0
2020,7480,,QB,0,1,0.0,0.083,0.0,0.0,0.0,0.0
2020,15183,,QB,0,1,0.0,0.083,0.0,0.0,0.0,0.0
2020,13183,,WR,0,1,0.0,0.625,0.0,8.5,0.0,0.75
2020,14309,,LB,0,1,0.0,0.516,0.0,8.0,0.0,0.7
2020,14426,"Wright, Matthew",PK,0,1,0.0,0.25,0.0,5.7,0.0,0.5
2020,13456,,CB+S,0,1,0.0,0.222,0.0,5.4,0.0,0.48
2020,15195,,DT+DE,0,1,0.0,0.333,0.0,3.5,0.0,0.31
2020,15191,,CB+S,0,1,0.0,0.0,0.0,1.3,0.0,0.11
2020,12765,,CB+S,0,1,0.0,0.0,0.0,1.3,0.0,0.11
2020,15194,"Christiansen, Cole",LB,0,1,0.0,0.031,0.0,0.5,0.0,0.04
2020,12792,,TE,0,1,0.0,0.038,0.0,0.0,0.0,0.0
2020,14874,,TE,0,1,0.0,0.038,0.0,0.0,0.0,0.0
2020,15067,,LB,0,1,0.0,0.016,0.0,0.0,0.0,0.0
2020,12645,"Treadwell, Laquon",WR,0,1,0.0,0.0,0.0,0.0,0.0,0.0
2020,14949,,CB+S,0,1,0.0,0.0,0.0,0.0,0.0,0.0
2020,12695,,DT+DE,0,1,0.0,0.021,0.0,0.0,0.0,0.0
2020,14123,"Renfrow, Hunter",WR,2,12,0.754,4.048,-0.1,24.6,-0.01,2.16
2020,11186,,RB,1,8,0.15,1.264,-0.3,3.2,-0.02,0.29
2020,11705,,TE,2,9,0.617,3.626,-0.4,26.9,-0.03,2.36
2020,12785,"Robinson, Demarcus",WR,1,12,0.175,2.588,-0.6,14.0,-0.05,1.24
2020,9662,,WR,2,6,0.667,2.193,-0.8,24.9,-0.07,2.19
2020,13674,"Goedert, Dallas",TE,2,8,0.55,4.305,-0.9,48.7,-0.08,4.29
2020,11747,,RB,3,10,1.051,3.468,-1.0,23.4,-0.08,2.06
2020,13604,"Barkley, Saquon",RB,2,2,0.52,0.52,-1.3,3.9,-0.11,0.35
2020,14072,,RB,2,12,0.669,2.123,-1.4,9.6,-0.12,0.85
2020,14799,"Akers, Cam",RB,3,10,0.786,2.139,-1.4,15.5,-0.12,1.37
2020,14127,"Meyers, Jakobi",WR,2,10,0.405,3.251,-1.4,42.5,-0.12,3.74
2020,13290,,RB,1,3,0.161,0.329,-1.8,0.0,-0.15,0.0
2020,11640,"Bridgewater, Teddy",QB,3,11,1.0,4.042,-1.9,50.5,-0.17,4.45
2020,13236,"Everett, Gerald",TE,1,12,0.5,4.413,-2.0,15.8,-0.18,1.39
2020,12629,,RB,1,12,0.31,2.752,-2.2,19.1,-0.19,1.68
2020,14126,,WR,2,8,0.516,2.607,-2.3,22.2,-0.2,1.96
2020,13240,,RB,1,12,0.267,2.098,-2.6,7.1,-0.22,0.62
2020,14806,,RB,1,9,0.296,1.556,-2.5,7.6,-0.22,0.67
2020,14331,"Johnson, D'Ernest",RB,1,12,0.097,0.559,-3.2,1.4,-0.28,0.13
2020,7877,,RB,3,12,0.687,2.694,-3.3,11.7,-0.29,1.03
2020,9988,,WR,3,4,0.95,1.403,-3.5,9.6,-0.31,0.85
2020,14137,"Fant, Noah",TE,3,11,1.309,5.458,-3.8,33.8,-0.33,2.97
2020,13488,"Pascal, Zach",WR,1,12,0.154,2.908,-3.8,10.2,-0.33,0.9
2020,13814,,RB,3,12,0.907,3.333,-3.9,23.6,-0.34,2.08
2020,13631,,WR,1,12,0.125,3.058,-4.0,17.6,-0.35,1.55
2020,13115,"Trubisky, Mitchell",QB,1,6,0.182,1.682,-4.2,11.5,-0.37,1.02
2020,14223,"Mattison, Alexander",RB,1,11,0.034,1.883,-4.3,12.7,-0.37,1.12
2020,14875,"Bryant, Harrison",TE,1,12,0.2,2.548,-4.2,14.7,-0.37,1.3
2020,14846,,WR,2,6,0.366,1.71,-4.2,5.3,-0.37,0.47
2020,12110,,TE,2,12,0.577,2.819,-4.7,6.7,-0.41,0.59
2020,14821,,RB,1,8,0.148,1.27,-4.7,2.8,-0.41,0.25
2020,11390,,RB,1,12,0.172,3.607,-4.8,33.8,-0.42,2.98
2020,10276,,RB,3,9,0.645,1.602,-5.1,9.9,-0.44,0.87
2020,12677,"Hooper, Austin",TE,3,10,0.608,3.634,-5.1,15.3,-0.45,1.35
2020,11337,,TE,1,12,0.231,3.013,-5.2,22.4,-0.46,1.97
2020,13849,,RB,1,12,0.071,0.993,-5.3,6.2,-0.46,0.55
2020,9099,,QB,4,12,1.091,4.258,-5.4,63.4,-0.48,5.58
2020,12814,,WR,1,12,0.024,3.147,-5.6,18.2,-0.49,1.6
2020,12912,,RB,1,10,0.034,1.235,-5.6,1.3,-0.49,0.12
2020,14974,"Mooney, Darnell",WR,1,12,0.077,3.045,-5.9,14.1,-0.52,1.24
2020,12152,,RB,1,4,0.038,0.239,-6.1,0.0,-0.53,0.0
2020,13612,,RB,1,12,0.0,2.169,-6.7,7.4,-0.59,0.65
2020,14845,"Davis, Gabriel",WR,1,12,0.051,3.551,-6.9,28.1,-0.61,2.47
2020,11644,"Carr, Derek",QB,4,12,1.364,4.447,-7.1,64.9,-0.63,5.71
2020,14800,"Dobbins, J.K.",RB,7,11,1.517,3.584,-7.3,27.3,-0.64,2.4
2020,13129,,RB,6,10,1.501,3.169,-7.3,30.6,-0.64,2.7
2020,14834,"Ruggs, Henry",WR,5,10,1.171,2.537,-7.6,21.4,-0.67,1.89
2020,14083,"Homer, Travis",RB,1,9,0.0,1.5,-7.7,4.4,-0.67,0.39
2020,10312,,TE,1,12,0.0,3.757,-7.9,9.9,-0.69,0.88
2020,13154,"Williams, Mike",WR,6,11,1.725,4.099,-7.9,48.8,-0.7,4.29
2020,7813,,QB,1,6,0.182,1.182,-7.9,0.0,-0.7,0.0
2020,10308,,WR,3,10,0.472,3.337,-8.6,24.5,-0.75,2.15
2020,11660,,RB,2,5,0.138,1.2,-8.8,10.8,-0.77,0.95
2020,14112,"Campbell, Parris",WR,1,2,0.025,0.6,-8.9,6.2,-0.78,0.55
2020,12611,"Goff, Jared",QB,3,12,0.818,4.402,-9.5,63.0,-0.83,5.54
2020,14280,"Miller, Scotty",WR,1,12,0.013,2.989,-9.6,32.8,-0.84,2.89
2020,13793,"Valdes-Scantling, Marquez",WR,4,12,0.882,3.758,-10.1,42.0,-0.88,3.7
2020,14838,"Shenault, Laviska",WR,5,10,1.257,3.367,-10.0,24.0,-0.88,2.11
2020,13639,,WR,2,12,0.208,3.551,-10.6,20.7,-0.93,1.83
2020,11192,,RB,4,8,0.66,1.752,-10.6,2.5,-0.93,0.22
2020,14059,"Jones, Daniel",QB,1,11,0.0,2.333,-11.0,10.6,-0.97,0.93
2020,13753,"Akins, Jordan",TE,2,9,0.244,2.993,-11.3,16.1,-0.99,1.42
2020,12929,,RB,2,6,0.0,0.945,-14.8,5.6,-1.3,0.5
2020,10273,,QB,2,11,0.545,3.837,-14.9,44.9,-1.31,3.95
2020,14146,"Sample, Drew",TE,3,12,0.154,2.656,-20.5,12.5,-1.8,1.1
2020,14122,"Slayton, Darius",WR,7,12,1.45,4.237,-22.8,46.5,-2.01,4.09
2020,10261,,WR,7,12,1.071,2.784,-35.5,22.4,-3.13,1.98
2021,13164,"Kupp, Cooper",WR,16,16,13.772,13.772,318.1,318.1,27.99,27.99
2021,14802,"Taylor, Jonathan",RB,16,16,12.488,12.488,243.6,246.4,21.44,21.68
2021,11675,"Adams, Davante",WR,15,15,11.629,11.629,240.8,240.8,21.19,21.19
2021,14836,"Jefferson, Justin",WR,16,16,11.374,11.374,201.6,205.8,17.74,18.11
2021,15281,"Chase, Ja'Marr",WR,16,16,9.968,9.968,199.4,207.8,17.54,18.29
2021,14136,"Samuel, Deebo",WR,14,15,10.117,11.066,185.7,214.3,16.34,18.86
2021,12801,"Hill, Tyreek",WR,16,16,9.145,9.145,185.4,195.4,16.31,17.2
2021,13214,"Watt, T.J.",LB,14,14,9.669,9.669,183.5,183.5,16.15,16.15
2021,13671,"Andrews, Mark",TE,16,16,11.414,11.414,177.9,181.6,15.66,15.98
2021,13404,"Ekeler, Austin",RB,15,15,10.976,10.976,177.4,177.5,15.61,15.62
2021,13782,"Dickson, Michael",PN,16,16,11.418,11.418,176.0,176.0,15.49,15.49
2021,13813,"Oluokun, Foyesade",LB,16,16,10.848,10.848,173.5,173.5,15.27,15.27
2021,10266,"Heyward, Cameron",DT+DE,16,16,11.657,11.657,167.5,167.5,14.74,14.74
2021,10976,"Tucker, Justin",PK,16,16,9.582,9.582,164.1,164.1,14.44,14.44
2021,11757,"Donald, Aaron",DT+DE,16,16,10.311,10.311,163.0,163.0,14.34,14.34
2021,13696,"Smith, Roquan",LB,16,16,9.442,9.442,162.5,162.5,14.3,14.3
2021,13714,"James, Derwin",CB+S,14,14,9.113,9.113,161.7,161.7,14.23,14.23
2021,14147,"Bosa, Nick",DT+DE,16,16,11.108,11.108,159.5,159.5,14.04,14.04
2021,10783,"Smith, Harrison",CB+S,14,14,10.332,10.332,159.4,159.4,14.03,14.03
2021,13198,"Garrett, Myles",DT+DE,16,16,9.58,9.58,158.0,158.0,13.9,13.9
2021,12239,"Kendricks, Eric",LB,15,16,10.057,10.075,155.0,155.0,13.64,13.64
2021,15254,"Harris, Najee",RB,15,16,10.159,10.459,154.9,162.3,13.64,14.28
2021,14208,"Johnson, Diontae",WR,15,15,10.397,10.397,153.9,153.9,13.54,13.54
2021,10775,"Wagner, Bobby",LB,16,16,9.751,9.751,152.5,152.5,13.42,13.42
2021,13733,,LB,15,15,9.008,9.008,152.0,152.0,13.38,13.38
2021,14244,"Gay, Matt",PK,15,16,9.645,10.395,150.0,159.5,13.2,14.04
2021,11317,"Poyer, Jordan",CB+S,15,15,8.814,8.814,149.2,149.2,13.13,13.13
2021,14927,"Chinn, Jeremy",CB+S,15,16,9.094,9.352,148.4,155.1,13.06,13.65
2021,14184,,CB+S,14,14,9.472,9.472,147.8,147.8,13.01,13.01
2021,11316,,CB+S,14,14,9.434,9.434,146.0,146.0,12.85,12.85
2021,14892,"Brooks, Jordyn",LB,15,15,9.483,9.483,146.0,146.0,12.85,12.85
2021,13163,"Godwin, Chris",WR,14,14,9.003,9.003,145.7,149.2,12.82,13.13
2021,12186,"Diggs, Stefon",WR,16,16,10.101,10.101,145.7,145.7,12.82,12.82
2021,13251,"Baker, Budda",CB+S,15,16,8.78,8.851,145.3,149.5,12.79,13.16
2021,13131,"Mixon, Joe",RB,16,16,9.756,9.756,143.6,150.5,12.64,13.24
2021,11244,"Kelce, Travis",TE,15,15,11.145,11.145,143.5,154.1,12.63,13.56
2021,11222,"Allen, Keenan",WR,15,15,9.864,9.864,141.2,141.8,12.43,12.48
2021,13848,"Johnston, Cam",PN,15,16,9.55,10.467,141.0,153.0,12.41,13.46
2021,14630,"Cole, A.J.",PN,16,16,9.664,9.664,141.0,141.0,12.41,12.41
2021,12779,,LB,14,16,9.126,10.307,140.0,162.5,12.32,14.3
2021,13245,"Reddick, Haason",DT+DE,15,15,8.974,8.974,137.5,137.5,12.1,12.1
2021,12718,"Bell, Vonn",CB+S,15,16,8.29,8.677,137.3,145.1,12.08,12.77
2021,12626,"Henry, Derrick",RB,8,8,6.133,6.133,136.8,138.6,12.04,12.2
2021,15350,"Parsons, Micah",LB,14,16,8.705,10.055,136.5,158.5,12.01,13.95
2021,14168,"White, Devin",LB,16,16,7.633,7.633,135.0,135.0,11.88,11.88
2021,13713,"Fitzpatrick, Minkah",CB+S,13,15,7.434,8.848,133.8,158.4,11.77,13.94
2021,11225,"Patterson, Cordarrelle",WR,13,15,8.087,8.567,127.5,137.2,11.22,12.07
2021,13354,"Butker, Harrison",PK,14,15,7.436,8.436,126.5,139.0,11.13,12.23
2021,12767,"Simmons, Justin",CB+S,14,15,7.252,7.952,126.3,133.9,11.11,11.78
2021,13684,,DT+DE,15,16,8.728,8.848,125.0,127.5,11.0,11.22
2021,14123,"Renfrow, Hunter",WR,12,16,8.461,9.913,124.8,140.3,10.98,12.35
2021,14832,"Lamb, CeeDee",WR,15,15,8.351,8.351,124.2,137.4,10.93,12.09
2021,11671,"Evans, Mike",WR,15,15,8.794,8.794,124.0,139.2,10.91,12.25
2021,13737,"Bates, Jessie",CB+S,15,15,7.311,7.311,122.9,122.9,10.82,10.82
2021,13743,"Warner, Fred",LB,14,15,8.023,8.42,121.5,128.5,10.69,11.31
2021,14171,"Burns, Brian",DT+DE,16,16,8.624,8.624,121.5,121.5,10.69,10.69
2021,13230,"Adams, Jamal",CB+S,12,12,6.645,6.645,120.1,120.1,10.57,10.57
2021,14983,"Bass, Tyler",PK,14,16,7.045,7.644,119.3,131.2,10.5,11.55
2021,14921,"Dugger, Kyle",CB+S,13,15,7.072,8.661,118.6,144.6,10.44,12.72
2021,13129,,RB,10,14,6.701,8.466,118.5,133.1,10.43,11.71
2021,14167,"Hines-Allen, Josh",DT+DE,13,15,7.104,8.109,118.0,130.0,10.38,11.44
2021,12688,"Buckner, DeForest",DT+DE,16,16,8.428,8.428,117.5,117.5,10.34,10.34
2021,14518,"Thompson, Jalen",CB+S,12,16,7.002,9.43,116.4,150.5,10.24,13.24
2021,14991,"Fuller, Jordan",CB+S,13,15,7.007,7.793,115.8,128.6,10.19,11.32
2021,13116,"Mahomes, Patrick",QB,14,16,8.509,9.259,115.6,151.3,10.17,13.31
2021,5848,"Brady, Tom",QB,15,15,8.818,8.818,115.0,153.6,10.12,13.51
2021,10868,,PK,13,15,6.818,7.902,114.6,133.2,10.08,11.72
2021,14779,"Herbert, Justin",QB,15,16,8.955,9.205,114.1,142.2,10.04,12.51
2021,12752,"Byard, Kevin",CB+S,13,16,6.362,8.166,113.7,159.4,10.01,14.03
2021,14903,"Diggs, Trevon",CB+S,13,16,6.166,8.457,112.5,151.2,9.9,13.31
2021,13132,"Kamara, Alvin",RB,12,12,7.425,7.425,112.1,120.5,9.86,10.6
2021,12686,"Bosa, Joey",DT+DE,14,15,8.178,8.72,111.5,116.5,9.81,10.25
2021,14102,"Metcalf, DK",WR,16,16,8.406,8.406,110.4,120.0,9.71,10.56
2021,12187,"Lockett, Tyler",WR,15,15,7.457,7.457,108.8,126.1,9.57,11.1
2021,13635,"Moore, D.J.",WR,16,16,8.29,8.29,108.3,112.6,9.53,9.91
2021,12238,"Perryman, Denzel",LB,11,14,7.099,9.519,108.0,140.5,9.5,12.36
2021,10292,"Jordan, Cameron",DT+DE,13,15,6.401,8.119,108.0,138.5,9.5,12.19
2021,14105,"Brown, Marquise",WR,15,15,8.025,8.025,107.8,112.6,9.49,9.91
2021,8851,"Folk, Nick",PK,10,16,6.045,9.67,107.2,165.2,9.43,14.54
2021,13470,"Moore, Kenny",CB+S,11,15,6.159,8.719,107.1,153.1,9.42,13.47
2021,13146,"Conner, James",RB,11,14,6.65,7.641,106.7,116.9,9.39,10.29
2021,11313,,CB+S,14,15,6.28,7.28,106.6,132.9,9.38,11.7
2021,12745,"Jones, Deion",LB,12,15,6.298,8.2,105.5,133.0,9.28,11.7
2021,10768,"David, Lavonte",LB,12,12,6.444,6.444,105.5,105.5,9.28,9.28
2021,13718,"Carlson, Daniel",PK,12,16,6.118,8.993,105.1,153.8,9.25,13.53
2021,13610,"Chubb, Nick",RB,13,13,7.934,7.934,104.6,112.4,9.2,9.89
2021,11728,,LB,11,15,6.512,8.891,104.5,139.5,9.2,12.28
2021,12720,,CB+S,10,16,5.999,10.034,101.7,160.8,8.95,14.15
2021,15366,"Holland, Jevon",CB+S,12,15,6.351,7.142,100.3,115.4,8.83,10.16
2021,12625,"Elliott, Ezekiel",RB,16,16,9.252,9.252,98.9,110.2,8.71,9.7
2021,13051,,PN,12,16,7.432,9.39,99.0,129.0,8.71,11.35
2021,13284,"Hendrickson, Trey",DT+DE,13,16,6.975,8.398,99.0,117.5,8.71,10.34
2021,13307,"Milano, Matt",LB,14,15,5.516,5.949,98.5,106.5,8.67,9.37
2021,11938,"Thielen, Adam",WR,13,13,7.094,7.094,98.3,109.8,8.65,9.66
2021,15284,"Waddle, Jaylen",WR,11,15,6.782,8.726,97.9,131.7,8.62,11.59
2021,12225,"Williams, Leonard",DT+DE,15,16,7.478,8.285,98.0,111.5,8.62,9.81
2021,13898,"Joseph, Greg",PK,12,16,5.609,8.776,96.6,148.7,8.5,13.09
2021,13128,"Cook, Dalvin",RB,12,12,7.235,7.235,96.2,105.9,8.46,9.32
2021,10816,"Davis, Demario",LB,11,15,5.382,6.613,95.5,119.5,8.4,10.52
2021,12287,,LB,12,16,5.311,7.461,95.0,135.0,8.36,11.88
2021,7836,"Rodgers, Aaron",QB,15,15,9.609,9.609,94.9,124.7,8.36,10.97
2021,11674,"Cooks, Brandin",WR,12,15,7.085,8.713,94.4,125.2,8.31,11.02
2021,14909,"Winfield, Antoine",CB+S,8,12,5.643,7.791,92.6,129.5,8.15,11.4
2021,14227,"Wishnowsky, Mitch",PN,15,16,6.818,7.636,91.6,99.6,8.06,8.76
2021,12711,"Ramsey, Jalen",CB+S,10,14,5.551,8.332,91.1,132.2,8.02,11.63
2021,13764,"Johnson, Taron",CB+S,13,15,5.009,6.8,90.8,117.6,7.99,10.35
2021,13319,"Jones, Aaron",RB,15,15,7.517,7.517,90.7,107.9,7.99,9.49
2021,13208,"Allen, Jonathan",DT+DE,12,15,5.89,7.49,90.0,109.5,7.92,9.64
2021,12795,"Judon, Matt",LB,12,15,5.574,7.033,89.5,114.5,7.88,10.08
2021,13299,"Kittle, George",TE,12,13,6.718,7.575,88.0,115.5,7.75,10.16
2021,9577,,PN,14,16,5.909,6.951,88.0,102.0,7.74,8.98
2021,14162,"Wilkins, Christian",DT+DE,13,16,6.548,9.332,87.5,131.8,7.7,11.6
2021,15368,"McPherson, Evan",PK,9,16,5.2,8.908,87.2,157.3,7.67,13.84
2021,11382,,CB+S,11,16,5.167,8.511,86.8,145.8,7.64,12.83
2021,13706,"Baker, Jerome",LB,12,15,5.348,7.154,86.0,116.0,7.57,10.21
2021,14412,"Singleton, Alex",LB,12,16,5.015,7.96,86.0,132.0,7.57,11.62
2021,11383,"Martin, Sam",PN,11,14,5.232,5.857,86.0,97.0,7.57,8.54
2021,14835,"Higgins, Tee",WR,9,14,4.998,7.716,84.9,130.8,7.47,11.51
2021,12175,"Cooper, Amari",WR,13,14,6.301,6.569,84.8,98.4,7.46,8.66
2021,14887,"Simmons, Isaiah",LB,11,16,5.371,7.338,83.5,115.0,7.35,10.12
2021,14104,"Brown, A.J.",WR,12,12,5.865,5.865,82.1,99.0,7.22,8.71
2021,12817,,CB+S,11,16,4.181,7.743,81.5,133.3,7.17,11.73
2021,13762,"White, Kyzir",LB,8,16,5.417,8.911,81.5,140.5,7.17,12.36
2021,15499,"Gillikin, Blake",PN,10,15,6.0,8.25,81.0,118.0,7.13,10.38
2021,12308,,CB+S,11,16,4.419,7.198,80.1,125.9,7.05,11.08
2021,14226,,CB+S,8,11,4.706,5.191,79.1,90.8,6.96,7.99
2021,11936,"Boswell, Chris",PK,8,16,4.727,9.561,79.0,156.4,6.95,13.76
2021,11387,"Hopkins, Dustin",PK,11,16,3.945,8.195,77.6,140.4,6.83,12.36
2021,13589,"Allen, Josh",QB,9,16,6.209,10.042,77.5,167.0,6.82,14.69
2021,13844,"Cooke, Logan",PN,10,15,4.818,8.235,77.5,127.5,6.82,11.22
2021,14260,"Holcomb, Cole",LB,8,15,4.59,9.046,77.0,142.5,6.78,12.54
2021,14218,"Okereke, Bobby",LB,10,16,4.605,7.939,76.5,129.0,6.73,11.35
2021,12231,"Thompson, Shaq",LB,10,13,4.747,6.801,75.5,113.5,6.64,9.99
2021,9988,,WR,7,7,3.949,3.949,74.2,82.5,6.53,7.26
2021,12221,"Hunter, Danielle",DT+DE,7,7,4.71,4.71,74.0,74.0,6.51,6.51
2021,8930,"Prater, Matt",PK,10,15,4.227,7.394,73.0,124.4,6.42,10.95
2021,11840,"O'Donnell, Pat",PN,14,16,5.368,6.493,72.0,89.0,6.34,7.83
2021,14322,"Edwards, T.J.",LB,7,16,4.538,7.738,72.0,123.5,6.34,10.87
2021,15287,"St. Brown, Amon-Ra",WR,4,16,3.267,6.884,71.9,104.6,6.32,9.2
2021,12764,"Hargrave, Javon",DT+DE,10,15,5.302,7.709,71.0,104.0,6.25,9.15
2021,12691,"Ogbah, Emmanuel",DT+DE,8,16,4.707,8.345,70.5,118.5,6.2,10.43
2021,14073,"Jacobs, Josh",RB,13,14,7.014,7.335,69.2,74.9,6.09,6.59
2021,9431,"Stafford, Matthew",QB,15,16,8.091,8.273,68.3,107.0,6.01,9.42
2021,11232,"Hopkins, DeAndre",WR,10,10,5.057,5.057,68.3,71.3,6.01,6.27
2021,14071,"Montgomery, David",RB,10,12,6.078,6.423,67.8,72.0,5.97,6.34
2021,13325,"Woods, Xavier",CB+S,8,16,3.953,8.695,67.0,151.3,5.9,13.31
2021,14186,"Rapp, Taylor",CB+S,9,14,3.966,6.615,66.5,112.3,5.85,9.88
2021,14087,,RB,10,12,5.535,5.725,66.3,68.8,5.83,6.06
2021,14896,"Queen, Patrick",LB,12,16,3.866,6.51,65.5,105.0,5.76,9.24
2021,12702,,LB,11,14,3.468,4.777,65.0,85.5,5.72,7.52
2021,14797,"Swift, D'Andre",RB,11,12,5.714,6.648,64.4,95.0,5.67,8.36
2021,13252,"Maye, Marcus",CB+S,6,6,4.081,4.081,64.3,64.3,5.66,5.66
2021,13746,,DT+DE,12,16,4.653,6.513,64.0,90.5,5.63,7.96
2021,14056,"Murray, Kyler",QB,13,13,6.982,6.982,63.7,89.9,5.6,7.91
2021,14170,"Bush, Devin",LB,10,13,3.748,4.248,63.5,74.5,5.59,6.56
2021,12075,,LB,8,15,3.509,6.68,63.5,118.0,5.59,10.38
2021,13130,"McCaffrey, Christian",RB,7,7,4.751,4.751,63.4,72.5,5.58,6.38
2021,15362,"Surtain II, Patrick",CB+S,10,15,3.299,5.071,63.4,103.6,5.58,9.12
2021,14852,"Gibson, Antonio",RB,13,15,6.648,7.853,61.1,87.9,5.37,7.74
2021,14163,"Simmons, Jeffery",DT+DE,9,16,4.292,8.283,60.5,122.0,5.32,10.74
2021,12349,"Diggs, Quandre",CB+S,9,16,3.186,7.629,60.2,134.8,5.3,11.86
2021,12620,"Prescott, Dak",QB,15,15,8.673,8.673,59.5,117.2,5.24,10.31
2021,14225,"Crosby, Maxx",DT+DE,9,16,3.862,7.315,59.0,106.5,5.19,9.37
2021,13154,"Williams, Mike",WR,10,15,4.513,7.696,58.9,125.4,5.18,11.04
2021,9686,,PK,8,13,3.227,5.352,57.3,95.7,5.04,8.42
2021,13623,,RB,7,16,4.075,6.386,56.6,77.8,4.98,6.85
2021,11769,"Lawrence, Demarcus",DT+DE,6,6,3.729,3.729,56.5,56.5,4.97,4.97
2021,14075,,RB,10,14,4.99,7.043,55.1,87.7,4.85,7.72
2021,12263,"Waller, Darren",TE,10,10,6.918,6.918,54.9,59.5,4.83,5.24
2021,13608,,RB,4,9,2.951,3.43,54.8,57.8,4.82,5.08
2021,9430,,CB+S,7,14,3.019,5.274,54.7,105.3,4.81,9.27
2021,13700,"Landry, Harold",LB,7,16,3.192,7.055,54.5,122.0,4.8,10.74
2021,13738,"Jackson, Donte",CB+S,6,12,2.965,5.997,52.9,103.3,4.66,9.09
2021,14157,"Williams, Quinnen",DT+DE,7,14,3.727,6.804,53.0,95.5,4.66,8.4
2021,10753,,LB,6,14,2.121,5.432,51.0,107.0,4.49,9.42
2021,14882,"Greenard, Jonathan",DT+DE,6,11,3.311,5.989,50.5,93.0,4.44,8.18
2021,12650,"Boyd, Tyler",WR,14,16,5.711,6.784,50.3,81.8,4.43,7.2
2021,15256,"Williams, Javonte",RB,12,16,5.85,7.092,50.2,68.3,4.42,6.01
2021,13688,"Davenport, Marcus",DT+DE,5,10,3.326,5.913,50.0,91.0,4.4,8.01
2021,14256,"Bailey, Jake",PN,9,13,2.682,5.807,50.0,95.0,4.4,8.36
2021,13674,"Goedert, Dallas",TE,15,15,7.991,7.991,49.3,72.1,4.34,6.34
2021,14148,"Sweat, Montez",DT+DE,9,10,3.837,3.894,49.0,49.0,4.31,4.31
2021,13303,"Elliott, Jake",PK,5,16,2.873,8.039,47.7,143.4,4.2,12.62
2021,15263,"Mitchell, Elijah",RB,6,11,3.853,5.948,47.3,76.1,4.17,6.7
2021,15032,"Fox, Jack",PN,7,13,3.182,5.932,47.0,88.9,4.14,7.82
2021,12266,,PN,7,15,3.868,7.952,46.0,103.0,4.05,9.06
2021,13403,"Koo, Younghoe",PK,6,14,3.0,6.75,45.5,105.7,4.0,9.3
2021,14912,,PK,5,5,2.727,2.727,45.4,45.4,4.0,4.0
2021,10269,,LB,5,15,2.992,7.774,45.5,132.5,4.0,11.66
2021,13204,,DT+DE,4,15,2.664,7.589,45.5,110.5,4.0,9.72
2021,9902,,TE,10,11,5.76,6.76,44.9,83.2,3.95,7.32
2021,14717,"McLaughlin, Chase",PK,8,13,2.682,5.015,44.7,87.0,3.93,7.66
2021,9833,,DT+DE,7,11,2.936,4.11,44.5,57.0,3.92,5.02
2021,10862,,PK,7,13,2.773,6.689,44.0,112.5,3.87,9.9
2021,14928,"Wilson, Logan",LB,7,13,2.372,6.391,43.5,111.0,3.83,9.77
2021,14268,,LB,4,8,2.728,4.372,43.5,70.5,3.83,6.2
2021,14223,"Mattison, Alexander",RB,6,15,3.331,4.236,43.0,55.0,3.79,4.84
2021,15496,,PN,7,13,2.955,6.205,43.0,92.0,3.78,8.1
2021,14138,"Hockenson, T.J.",TE,11,12,6.062,6.754,42.6,69.5,3.75,6.11
2021,12756,,DT+DE,7,16,3.054,6.825,41.0,93.0,3.61,8.18
2021,12215,,DT+DE,6,10,2.631,4.003,41.0,62.0,3.61,5.46
2021,13153,,WR,8,9,3.724,3.864,40.8,48.2,3.59,4.24
2021,14109,"McLaurin, Terry",WR,13,16,5.173,7.547,40.4,100.3,3.55,8.82
2021,14185,"Adderley, Nasir",CB+S,5,12,2.075,6.3,38.7,107.6,3.41,9.47
2021,12768,,LB,6,15,2.041,6.013,38.5,104.5,3.39,9.2
2021,13917,,CB+S,6,16,1.834,7.762,38.1,141.2,3.35,12.43
2021,15500,,PN,9,13,2.864,4.822,37.0,66.0,3.26,5.81
2021,11985,"Way, Tress",PN,5,14,2.591,6.424,37.0,92.0,3.26,8.1
2021,10272,,DT+DE,6,7,2.297,2.457,37.0,38.5,3.26,3.39
2021,14877,"Young, Chase",DT+DE,7,10,2.826,3.334,36.5,46.0,3.21,4.05
2021,13672,"Gesicki, Mike",TE,16,16,8.356,8.356,35.8,59.5,3.15,5.23
2021,11947,"McManus, Brandon",PK,6,13,2.136,5.386,35.7,97.3,3.14,8.56
2021,13223,"Humphrey, Marlon",CB+S,5,12,1.911,5.174,35.5,94.4,3.12,8.31
2021,12985,,LB,5,13,1.932,4.982,35.5,86.5,3.12,7.61
2021,12250,,CB+S,5,13,1.862,7.248,35.4,131.8,3.12,11.6
2021,13630,"Sutton, Courtland",WR,12,16,4.179,4.947,34.7,61.6,3.05,5.42
2021,14842,"Pittman, Michael",WR,10,16,4.474,8.277,34.3,113.0,3.02,9.94
2021,15329,"Pitts, Kyle",TE,15,16,7.856,8.773,34.2,68.7,3.01,6.04
2021,12842,"Dixon, Riley",PN,5,16,2.659,7.701,34.0,108.0,2.99,9.5
2021,14803,"Edwards-Helaire, Clyde",RB,7,10,3.501,4.243,33.7,40.7,2.97,3.58
2021,13710,"Davis, Carlton",CB+S,4,8,1.839,3.035,33.2,58.2,2.92,5.12
2021,13593,"Jackson, Lamar",QB,12,12,4.955,4.955,32.6,75.7,2.87,6.66
2021,13629,"Ridley, Calvin",WR,5,5,2.546,2.546,32.6,32.6,2.87,2.87
2021,11706,"Clowney, Jadeveon",DT+DE,5,12,1.943,4.854,32.5,71.5,2.86,6.29
2021,12278,,LB,4,15,1.774,5.997,32.0,108.0,2.82,9.5
2021,13772,"Schultz, Dalton",TE,11,16,5.742,8.986,32.0,87.3,2.81,7.69
2021,10738,,WR,8,16,3.464,6.043,31.4,58.0,2.77,5.1
2021,12741,"Jones, Chris",DT+DE,7,13,2.477,5.594,31.5,92.5,2.77,8.14
2021,13447,"Wilson, Eric",LB,5,11,1.786,2.053,31.5,37.5,2.77,3.3
2021,14331,"Johnson, D'Ernest",RB,2,16,1.759,2.995,30.9,31.4,2.72,2.76
2021,15001,"Curl, Kamren",CB+S,4,15,1.925,7.471,30.8,124.3,2.71,10.94
2021,13604,"Barkley, Saquon",RB,12,13,5.054,5.054,30.0,51.4,2.64,4.53
2021,11228,,WR,5,9,2.477,4.949,29.6,72.5,2.61,6.38
2021,9694,"Gano, Graham",PK,3,13,2.091,6.799,29.7,111.7,2.61,9.83
2021,13765,,LB,4,13,1.506,4.421,29.0,80.5,2.55,7.08
2021,10945,"Hekker, Johnny",PN,4,13,2.045,4.795,29.0,72.1,2.55,6.34
2021,14080,"Singletary, Devin",RB,3,16,2.078,6.454,28.5,55.1,2.51,4.85
2021,13697,"Edmunds, Tremaine",LB,4,11,1.564,4.77,28.5,80.5,2.51,7.08
2021,15258,"Carter, Michael",RB,7,13,3.153,5.167,28.3,54.4,2.49,4.79
2021,13431,"Sanchez, Rigoberto",PN,4,13,2.273,6.814,27.5,89.5,2.42,7.88
2021,14153,"Allen, Zach",DT+DE,3,12,2.158,5.731,27.0,78.0,2.38,6.86
2021,14558,,WR,7,12,3.287,5.209,26.6,52.4,2.34,4.61
2021,11680,,WR,9,11,3.466,4.071,26.0,40.5,2.29,3.57
2021,12828,,LB,3,13,1.531,6.51,26.0,119.5,2.29,10.52
2021,10700,"Cousins, Kirk",QB,13,15,6.545,7.587,25.9,75.2,2.28,6.62
2021,14081,"Gaskin, Myles",RB,14,15,5.516,5.804,26.0,60.1,2.28,5.29
2021,14977,"Osborn, K.J.",WR,4,16,2.331,5.758,25.5,66.4,2.24,5.84
2021,14245,"Oruwariye, Amani",CB+S,3,14,1.508,6.992,24.9,115.1,2.19,10.13
2021,8153,,PK,3,9,1.591,4.383,24.8,76.9,2.18,6.77
2021,13620,,RB,1,13,1.0,2.739,24.6,29.2,2.16,2.57
2021,14813,,RB,11,14,4.524,6.517,24.1,77.6,2.12,6.83
2021,13793,"Valdes-Scantling, Marquez",WR,4,10,2.031,3.249,24.1,38.3,2.12,3.37
2021,12658,"Shepard, Sterling",WR,3,7,1.558,2.868,24.0,40.8,2.11,3.59
2021,13726,"Edmonds, Chase",RB,9,12,3.956,5.17,24.0,52.7,2.11,4.64
2021,14841,"Claypool, Chase",WR,11,14,4.099,5.3,24.0,54.8,2.11,4.83
2021,13322,"Clark, Chuck",CB+S,4,13,1.126,3.979,23.9,84.9,2.1,7.47
2021,10267,"Miller, Von",LB,5,11,1.43,3.152,23.5,56.0,2.07,4.93
2021,14137,"Fant, Noah",TE,7,15,3.937,7.917,23.5,57.8,2.07,5.08
2021,14590,"Al-Shaair, Azeez",LB,2,13,1.291,7.032,23.5,117.5,2.07,10.34
2021,13108,,RB,11,11,4.433,4.433,22.6,47.8,1.99,4.21
2021,13265,"Ogunjobi, Larry",DT+DE,4,15,1.948,6.618,22.5,93.0,1.98,8.18
2021,13281,"Douglas, Rasul",CB+S,2,11,1.213,6.712,22.4,125.3,1.97,11.03
2021,13747,,CB+S,3,13,1.342,6.415,22.2,108.6,1.95,9.56
2021,15282,"Smith, DeVonta",WR,9,15,3.587,6.597,22.1,81.3,1.94,7.16
2021,14085,"Pollard, Tony",RB,8,15,3.331,6.41,21.8,56.7,1.92,4.99
2021,13717,"Reid, Justin",CB+S,2,11,1.509,4.068,21.6,74.9,1.9,6.59
2021,13134,"Foreman, D'Onta",RB,6,8,2.992,3.393,21.5,27.6,1.9,2.43
2021,13607,,RB,6,16,2.803,5.162,21.3,49.5,1.88,4.36
2021,12629,,RB,3,15,1.946,5.149,21.3,38.7,1.87,3.41
2021,12676,"Henry, Hunter",TE,16,16,6.547,6.547,20.5,53.5,1.8,4.71
2021,9861,,CB+S,2,12,1.25,5.884,20.3,95.4,1.79,8.4
2021,13418,"Bourne, Kendrick",WR,5,16,2.318,6.823,19.9,73.4,1.75,6.46
2021,9918,,WR,5,14,2.239,4.748,19.3,47.1,1.7,4.14
2021,14207,"Thornhill, Juan",CB+S,4,13,0.96,3.338,18.4,67.0,1.62,5.9
2021,13138,"Hunt, Kareem",RB,7,8,2.697,3.662,18.2,52.5,1.6,4.62
2021,12788,,LB,3,3,1.232,1.232,18.0,18.0,1.58,1.58
2021,13330,"Muhammad, Al-Quadin",DT+DE,5,13,1.483,5.329,18.0,76.5,1.58,6.73
2021,8444,,PN,4,16,1.9,7.567,18.0,102.0,1.58,8.98
2021,14845,"Davis, Gabriel",WR,2,15,1.143,4.457,17.8,44.5,1.57,3.91
2021,13690,"Sweat, Josh",DT+DE,4,13,1.125,4.444,17.5,61.0,1.54,5.37
2021,13646,,WR,4,9,1.993,3.594,17.3,25.3,1.52,2.23
2021,11348,"Slay, Darius",CB+S,2,15,0.98,6.238,17.3,118.0,1.52,10.38
2021,14911,"Davis, Ashtyn",CB+S,3,12,0.638,4.708,17.3,88.7,1.52,7.81
2021,14889,"Murray, Kenneth",LB,5,10,0.986,1.244,17.0,22.5,1.5,1.98
2021,9310,,PN,5,10,1.227,4.227,17.0,55.0,1.5,4.84
2021,14221,"Williams, Quincy",LB,3,13,0.926,6.075,17.0,100.5,1.5,8.84
2021,13306,"Walker, Anthony",LB,2,9,0.962,4.758,16.5,79.5,1.45,7.0
2021,13332,"Jones, D.J.",DT+DE,4,16,1.503,6.638,16.5,87.5,1.45,7.7
2021,14910,"Jones, Brandon",CB+S,1,13,0.926,6.607,16.3,111.0,1.43,9.77
2021,11772,,LB,2,10,1.179,5.537,16.0,84.5,1.41,7.44
2021,13304,,LB,3,10,0.962,3.168,16.0,52.0,1.41,4.58
2021,12305,"Jarrett, Grady",DT+DE,2,13,1.185,5.2,16.0,69.5,1.41,6.12
2021,14017,"Wilson, Jeffery",RB,3,8,1.761,2.05,16.0,17.8,1.41,1.56
2021,12222,,DT+DE,2,7,1.021,2.815,15.5,40.5,1.36,3.56
2021,14237,"Gaines, Greg",DT+DE,2,14,1.27,5.288,15.5,66.0,1.36,5.81
2021,14783,"Hurts, Jalen",QB,12,15,4.918,6.752,15.1,72.2,1.33,6.35
2021,14328,"Wingard, Andrew",CB+S,2,14,0.872,5.656,14.9,101.8,1.31,8.96
2021,12274,,CB+S,2,10,0.793,3.054,14.8,60.7,1.3,5.34
2021,13212,,DT+DE,2,14,1.076,5.99,14.5,83.0,1.28,7.3
2021,13716,,CB+S,3,15,0.519,5.751,14.2,108.3,1.25,9.53
2021,15288,"Moore, Elijah",WR,2,11,1.218,5.234,14.2,77.2,1.25,6.8
2021,12151,,RB,7,15,2.946,6.607,13.9,59.9,1.23,5.27
2021,9099,,QB,1,15,0.818,4.568,13.9,43.0,1.23,3.79
2021,13959,"Williams, Darious",CB+S,1,11,0.897,4.595,13.8,82.0,1.21,7.22
2021,13231,"Peppers, Jabrill",CB+S,3,6,0.649,2.92,13.7,45.1,1.21,3.97
2021,11679,"Beckham, Odell",WR,7,13,2.864,5.112,13.8,51.3,1.21,4.51
2021,12762,,LB,4,13,0.402,3.905,13.0,72.5,1.14,6.38
2021,12088,,CB+S,2,16,0.626,7.279,13.0,128.8,1.14,11.33
2021,13871,,RB,1,7,0.848,2.685,12.6,31.8,1.11,2.79
2021,14974,"Mooney, Darnell",WR,5,16,2.263,7.887,12.5,94.8,1.1,8.34
2021,13274,,CB+S,3,13,0.469,4.671,12.5,85.7,1.1,7.54
2021,11247,"Ertz, Zach",TE,7,15,2.877,6.75,12.0,58.6,1.06,5.16
2021,13347,"Gonzalez, Zane",PK,3,12,0.909,6.159,12.1,101.6,1.06,8.94
2021,14858,"Jefferson, Van",WR,5,15,2.069,5.707,11.8,59.3,1.04,5.22
2021,13364,,RB,4,4,1.946,1.946,11.7,16.8,1.03,1.48
2021,10261,,WR,10,14,3.45,5.34,11.7,59.2,1.03,5.21
2021,14777,"Burrow, Joe",QB,7,16,3.682,8.515,11.5,106.9,1.01,9.4
2021,10271,,WR,5,9,1.498,1.987,11.1,14.2,0.98,1.25
2021,13645,,WR,4,8,1.978,2.776,10.9,15.3,0.96,1.34
2021,14337,,WR,1,14,0.692,2.964,10.8,22.4,0.95,1.97
2021,11349,,LB,2,8,0.58,1.946,10.5,32.0,0.92,2.82
2021,13810,"Joseph-Day, Sebastian",DT+DE,1,7,0.778,3.927,10.5,58.0,0.92,5.1
2021,12714,,CB+S,2,13,0.415,5.821,10.3,106.7,0.91,9.39
2021,14789,"Huntley, Tyler",QB,2,6,1.0,1.417,10.4,21.6,0.91,1.9
2021,15029,,LB,1,14,0.759,5.762,10.0,97.5,0.88,8.58
2021,15369,"Patterson, Riley",PK,1,5,0.545,2.144,9.9,34.6,0.87,3.04
2021,14182,"Hooker, Amani",CB+S,2,8,0.4,2.93,9.7,58.6,0.85,5.16
2021,11723,"Van Noy, Kyle",LB,1,15,0.625,5.242,9.5,101.5,0.84,8.93
2021,14834,"Ruggs, Henry",WR,2,7,0.9,3.118,9.5,34.6,0.84,3.04
2021,12241,,LB,3,6,0.283,2.442,9.5,43.5,0.84,3.83
2021,14127,"Meyers, Jakobi",WR,1,16,0.659,7.251,9.1,67.0,0.8,5.9
2021,10774,,LB,3,12,0.285,2.261,9.0,47.0,0.79,4.14
2021,11721,"Mack, Khalil",LB,2,7,0.494,3.08,9.0,48.5,0.79,4.27
2021,14079,"Sanders, Miles",RB,12,12,4.441,4.441,8.9,26.4,0.78,2.32
2021,12772,"Murray, Eric",CB+S,1,13,0.533,3.578,8.9,66.7,0.78,5.87
2021,12736,,LB,2,12,0.328,3.014,8.5,56.5,0.75,4.97
2021,10308,,WR,1,12,0.667,3.366,8.6,34.5,0.75,3.04
2021,9051,"Campbell, Calais",DT+DE,2,12,0.528,4.766,8.5,63.0,0.75,5.54
2021,13632,"Lazard, Allen",WR,2,14,1.028,4.604,8.1,45.4,0.72,4.0
2021,12739,"Clark, Kenny",DT+DE,5,14,0.625,5.669,8.0,76.5,0.7,6.73
2021,15261,"Hubbard, Chuba",RB,8,15,2.755,3.804,7.8,22.6,0.69,1.98
2021,12275,,CB+S,2,13,0.328,4.536,7.6,84.5,0.67,7.44
2021,13268,"Anzalone, Alex",LB,1,13,0.5,5.443,7.5,83.0,0.66,7.3
2021,12184,,WR,10,11,3.417,4.131,7.5,33.6,0.66,2.95
2021,14833,"Jeudy, Jerry",WR,9,9,3.105,3.105,7.4,19.8,0.65,1.74
2021,11886,,RB,1,8,0.433,1.417,7.4,13.4,0.65,1.18
2021,13633,"Kirk, Christian",WR,1,16,0.527,7.733,7.3,93.4,0.64,8.22
2021,14844,,WR,3,15,1.254,3.643,7.2,26.3,0.63,2.31
2021,12381,,QB,1,5,0.545,2.045,7.1,9.8,0.63,0.86
2021,10814,"Anger, Bryan",PN,1,14,0.636,6.886,7.0,96.0,0.62,8.45
2021,12252,,CB+S,2,11,0.127,3.637,7.1,71.3,0.62,6.27
2021,15349,"Phillips, Jaelan",DT+DE,3,16,0.694,6.313,7.0,90.5,0.62,7.96
2021,11720,,LB,1,10,0.407,3.13,7.0,54.0,0.62,4.75
2021,13832,"Sanders, Jason",PK,2,13,0.364,4.947,6.8,85.4,0.6,7.52
2021,12677,"Hooper, Austin",TE,4,15,2.121,4.841,6.9,15.0,0.6,1.32
2021,11956,,CB+S,2,13,0.172,4.239,6.8,84.0,0.6,7.39
2021,10276,,RB,5,14,2.002,3.738,6.5,26.1,0.57,2.29
2021,13216,"Cunningham, Zach",LB,1,10,0.293,3.518,6.5,60.5,0.57,5.32
2021,15384,"Samuel, Asante",CB+S,1,10,0.333,3.435,6.2,63.3,0.55,5.57
2021,12317,,TE,6,15,2.573,5.185,6.2,40.4,0.54,3.56
2021,14947,"Wonnum, D.J.",DT+DE,2,15,0.697,4.764,6.0,57.0,0.53,5.02
2021,9828,,DT+DE,4,9,0.472,3.096,6.0,45.5,0.53,4.0
2021,12140,"Winston, Jameis",QB,3,7,1.091,2.133,5.9,36.9,0.52,3.24
2021,10973,,WR,6,15,1.928,5.813,5.9,60.8,0.52,5.35
2021,15237,"Lawrence, Trevor",QB,1,16,0.364,3.447,5.7,8.7,0.5,0.76
2021,11660,,RB,6,15,2.365,5.428,5.6,39.1,0.5,3.44
2021,12934,,WR,1,12,0.5,2.12,5.6,9.5,0.49,0.84
2021,14210,"Pratt, Germaine",LB,1,14,0.362,5.211,5.5,86.6,0.48,7.62
2021,13267,"Smoot, Dawuane",DT+DE,2,13,0.541,5.054,5.5,64.5,0.48,5.68
2021,13288,"Jenkins, Rayshawn",CB+S,1,13,0.317,4.862,5.2,92.9,0.46,8.18
2021,14857,"Peoples-Jones, Donovan",WR,1,13,0.541,4.015,5.2,48.0,0.45,4.22
2021,13775,"Bentley, Ja'Whaun",LB,1,12,0.241,5.191,5.0,87.5,0.44,7.7
2021,12083,"Autry, Denico",DT+DE,3,13,0.591,5.237,5.0,70.0,0.44,6.16
2021,12734,"Floyd, Leonard",LB,1,14,0.293,6.08,5.0,96.5,0.44,8.49
2021,12155,"Abdullah, Ameer",RB,2,16,0.991,3.147,4.9,8.0,0.43,0.7
2021,13770,"Franklin-Myers, John",DT+DE,2,13,0.329,4.842,4.5,72.5,0.4,6.38
2021,14956,"Sneed, L'Jarius",CB+S,1,12,0.15,6.672,4.2,110.1,0.37,9.69
2021,12437,"Myers, Jason",PK,1,13,0.182,3.807,4.0,68.3,0.35,6.01
2021,11883,,CB+S,1,12,0.177,4.759,3.9,85.9,0.34,7.56
2021,14113,"Hardman, Mecole",WR,3,16,1.037,4.681,3.9,30.8,0.34,2.71
2021,12630,,RB,4,12,1.509,3.784,3.7,29.1,0.32,2.56
2021,12311,,CB+S,1,13,0.103,3.477,3.4,70.0,0.3,6.16
2021,14067,"Minshew, Gardner",QB,1,3,0.545,0.545,3.0,3.0,0.27,0.27
2021,12700,"Johnson, Austin",DT+DE,1,13,0.2,5.582,3.0,77.5,0.26,6.82
2021,14985,"Mann, Braden",PN,1,6,0.318,2.193,3.0,27.0,0.26,2.38
2021,13168,"Reynolds, Josh",WR,1,11,0.452,2.834,3.0,26.3,0.26,2.32
2021,15240,"Lance, Trey",QB,1,6,0.4,1.15,2.8,8.3,0.25,0.73
2021,12678,"Higbee, Tyler",TE,3,14,1.122,6.586,2.7,27.1,0.24,2.39
2021,9846,,CB+S,1,13,0.067,3.489,2.6,72.2,0.23,6.35
2021,13427,"Tonyan, Robert",TE,3,8,1.544,2.729,2.6,14.6,0.23,1.29
2021,13939,"Odum, George",CB+S,1,13,0.067,3.329,2.6,56.7,0.23,4.99
2021,15293,"Bateman, Rashod",WR,9,11,3.134,4.165,2.3,32.9,0.2,2.9
2021,13382,,TE,4,10,1.7,3.235,2.2,12.6,0.19,1.1
2021,15257,"Sermon, Trey",RB,1,9,0.5,1.098,2.2,2.5,0.19,0.22
2021,13774,"Reed, D.J.",CB+S,1,12,0.037,5.068,2.1,92.0,0.18,8.1
2021,11872,"Harris, Shelby",DT+DE,1,12,0.188,4.383,2.0,60.5,0.18,5.32
2021,11945,"Santos, Cairo",PK,1,13,0.0,5.25,2.0,84.2,0.18,7.41
2021,13488,"Pascal, Zach",WR,1,13,0.5,3.002,1.9,21.9,0.16,1.93
2021,13377,"Patrick, Tim",WR,3,14,1.003,5.193,1.8,48.5,0.16,4.27
2021,13668,"Chark, D.J.",WR,4,4,1.205,1.205,1.7,15.6,0.15,1.38
2021,13156,"Smith-Schuster, JuJu",WR,4,5,0.932,0.956,1.5,9.7,0.13,0.86
2021,14923,"Taylor, Darrell",DT+DE,1,12,0.26,5.237,1.5,67.0,0.13,5.9
2021,12687,,DT+DE,1,13,0.13,3.784,1.5,50.5,0.13,4.44
2021,13317,"Godchaux, Davon",DT+DE,1,14,0.14,4.658,1.5,61.0,0.13,5.37
2021,13256,,LB,1,13,0.036,4.018,1.5,71.5,0.13,6.29
2021,12176,,WR,2,8,0.794,3.569,1.3,39.0,0.12,3.43
2021,12476,"Heinicke, Taylor",QB,1,15,0.364,4.78,1.2,36.5,0.11,3.21
2021,14838,"Shenault, Laviska",WR,5,15,1.523,4.358,1.2,19.7,0.11,1.73
2021,14658,,PN,1,4,0.091,1.966,1.0,27.0,0.09,2.38
2021,10932,,RB,3,16,1.181,4.004,1.0,17.4,0.09,1.53
2021,12948,,DT+DE,2,4,0.062,0.768,1.0,11.5,0.09,1.01
2021,15051,"Townsend, Tommy",PN,1,13,0.0,5.75,0.8,95.8,0.07,8.43
2021,14197,"Savage, Darnell",CB+S,1,13,0.037,4.301,0.8,71.2,0.07,6.27
2021,13590,"Mayfield, Baker",QB,1,14,0.455,3.379,0.4,9.8,0.04,0.86
2021,13839,"Sieler, Zach",DT+DE,1,13,0.062,4.569,0.5,61.5,0.04,5.41
2021,10754,,DT+DE,1,10,0.062,2.909,0.5,39.5,0.04,3.48
2021,13201,"Barnett, Derek",DT+DE,1,13,0.022,3.825,0.5,53.5,0.04,4.71
2021,14283,"Wilson, Donovan",CB+S,1,6,0.0,0.951,0.5,21.9,0.04,1.93
2021,14159,"Lawrence, Dexter",DT+DE,2,13,0.042,5.18,0.5,68.0,0.04,5.98
2021,11760,"Garoppolo, Jimmy",QB,1,14,0.455,5.08,0.2,17.0,0.02,1.49
2021,11670,,WR,1,11,0.282,2.639,0.3,15.7,0.02,1.38
2021,10703,"Wilson, Russell",QB,11,13,3.636,4.47,0.0,55.1,0.0,4.85
2021,10413,"Taylor, Tyrod",QB,0,6,0.0,1.583,0.0,8.3,0.0,0.73
2021,15239,"Wilson, Zach",QB,0,9,0.0,1.25,0.0,7.5,0.0,0.66
2021,12181,"Agholor, Nelson",WR,0,13,0.0,3.12,0.0,24.9,0.0,2.19
2021,15241,"Jones, Mac",QB,0,13,0.0,3.458,0.0,19.2,0.0,1.69
2021,14778,"Tagovailoa, Tua",QB,0,9,0.0,3.917,0.0,29.7,0.0,2.62
2021,14247,"Greenlaw, Dre",LB,0,2,0.0,1.018,0.0,18.5,0.0,1.63
2021,12952,,DT+DE,0,6,0.0,2.294,0.0,31.5,0.0,2.77
2021,14250,,LB,0,4,0.0,1.195,0.0,22.0,0.0,1.94
2021,9308,,WR,0,7,0.0,1.273,0.0,6.8,0.0,0.6
2021,13742,"Hill, B.J.",DT+DE,0,13,0.0,5.243,0.0,70.5,0.0,6.2
2021,13761,,CB+S,0,12,0.0,5.401,0.0,90.8,0.0,7.99
2021,14211,,CB+S,0,12,0.0,2.414,0.0,50.1,0.0,4.41
2021,13767,"Maddox, Avonte",CB+S,0,13,0.0,5.636,0.0,98.6,0.0,8.68
2021,14600,"Slye, Joey",PK,0,9,0.0,4.833,0.0,73.7,0.0,6.49
2021,12323,"Pinion, Bradley",PN,0,13,0.0,5.833,0.0,83.0,0.0,7.3
2021,13176,"Jones, Zay",WR,0,13,0.0,1.655,0.0,7.8,0.0,0.69
2021,13227,"Lewis, Jourdan",CB+S,0,13,0.0,5.29,0.0,97.1,0.0,8.54
2021,15255,"Gainwell, Kenneth",RB,0,12,0.0,3.41,0.0,29.0,0.0,2.55
2021,13276,,CB+S,0,12,0.0,3.543,0.0,69.3,0.0,6.1
2021,14850,,WR,0,5,0.0,1.516,0.0,16.6,0.0,1.46
2021,12737,,CB+S,0,11,0.0,3.288,0.0,65.8,0.0,5.79
2021,15296,,WR,0,10,0.0,0.744,0.0,3.7,0.0,0.32
2021,12712,,CB+S,0,10,0.0,2.729,0.0,41.7,0.0,3.67
2021,12742,,CB+S,0,12,0.0,5.494,0.0,99.1,0.0,8.72
2021,12171,,RB,0,12,0.0,2.15,0.0,2.3,0.0,0.2
2021,13994,"Brown, Pharaoh",TE,0,11,0.0,1.66,0.0,2.8,0.0,0.24
2021,13638,"Berrios, Braxton",WR,0,14,0.0,4.214,0.0,43.8,0.0,3.86
2021,9474,,TE,8,15,3.293,6.632,0.0,26.2,0.0,2.31
2021,11764,,CB+S,0,12,0.0,2.455,0.0,52.3,0.0,4.6
2021,12268,,CB+S,0,12,0.0,3.869,0.0,75.8,0.0,6.67
2021,14219,"Dean, Jamel",CB+S,0,12,0.0,3.889,0.0,73.4,0.0,6.46
2021,13893,"Sherfield, Trent",WR,0,13,0.0,0.706,0.0,2.2,0.0,0.19
2021,14897,"Brown, Derrick",DT+DE,0,13,0.0,4.946,0.0,65.5,0.0,5.76
2021,10779,,CB+S,0,11,0.0,2.991,0.0,60.8,0.0,5.35
2021,13236,"Everett, Gerald",TE,0,14,0.0,5.683,0.0,31.0,0.0,2.73
2021,14918,"Terrell, A.J.",CB+S,0,12,0.0,5.21,0.0,95.4,0.0,8.4
2021,15124,"Pierre, James",CB+S,0,13,0.0,3.34,0.0,68.0,0.0,5.98
2021,11359,,CB+S,0,13,0.0,2.783,0.0,63.5,0.0,5.59
2021,12753,,DT+DE,0,11,0.0,2.754,0.0,36.5,0.0,3.21
2021,11491,,DT+DE,0,11,0.0,2.709,0.0,33.0,0.0,2.9
2021,9919,,DT+DE,0,10,0.0,1.697,0.0,20.0,0.0,1.76
2021,14122,"Slayton, Darius",WR,0,12,0.0,1.976,0.0,11.2,0.0,0.99
2021,14867,"Kmet, Cole",TE,0,13,0.0,4.299,0.0,17.3,0.0,1.52
2021,13263,"Awuzie, Chidobe",CB+S,0,12,0.0,4.953,0.0,90.1,0.0,7.93
2021,14180,"Murphy, Byron",CB+S,0,12,0.0,4.989,0.0,98.4,0.0,8.66
2021,11788,,CB+S,0,13,0.0,5.079,0.0,94.9,0.0,8.35
2021,12750,,CB+S,0,13,0.0,4.344,0.0,84.1,0.0,7.4
2021,13066,"Raymond, Kalif",WR,12,15,3.645,4.51,0.0,41.9,0.0,3.68
2021,14306,,DT+DE,0,12,0.0,2.193,0.0,30.0,0.0,2.64
2021,12955,"Manhertz, Chris",TE,0,13,0.0,1.233,0.0,0.9,0.0,0.08
2021,13241,,PK,0,5,0.0,1.5,0.0,21.8,0.0,1.92
2021,12276,,CB+S,0,9,0.0,3.461,0.0,61.0,0.0,5.37
2021,15345,"Paye, Kwity",DT+DE,0,11,0.0,3.875,0.0,53.5,0.0,4.71
2021,14873,"Okwuegbunam, Albert",TE,0,10,0.0,3.406,0.0,9.8,0.0,0.86
2021,14821,,RB,0,10,0.0,1.54,0.0,0.3,0.0,0.03
2021,13262,"Kpassagnon, Tanoh",DT+DE,0,8,0.0,3.524,0.0,48.5,0.0,4.27
2021,15523,,PK,0,11,0.0,4.042,0.0,62.9,0.0,5.54
2021,7578,,PN,0,13,0.0,4.583,0.0,65.0,0.0,5.72
2021,15394,"Adebo, Paulson",CB+S,0,13,0.0,4.21,0.0,80.0,0.0,7.04
2021,13232,,CB+S,0,12,0.0,5.24,0.0,97.4,0.0,8.57
2021,12910,,CB+S,0,12,0.0,5.54,0.0,93.2,0.0,8.2
2021,11239,,WR,0,11,0.0,1.659,0.0,14.6,0.0,1.29
2021,13614,,RB,0,13,0.0,1.435,0.0,0.2,0.0,0.02
2021,14746,,DT+DE,0,6,0.0,1.481,0.0,21.0,0.0,1.85
2021,13707,"Ward, Denzel",CB+S,0,12,0.0,3.318,0.0,72.9,0.0,6.42
2021,13414,"Hilton, Mike",CB+S,0,13,0.0,3.964,0.0,83.2,0.0,7.32
2021,10983,,WR,0,5,0.0,0.346,0.0,0.0,0.0,0.0
2021,13731,"Hughes, Mike",CB+S,0,13,0.0,3.122,0.0,73.3,0.0,6.45
2021,14650,,PK,0,6,0.0,1.75,0.0,29.0,0.0,2.55
2021,12780,,DT+DE,0,13,0.0,1.584,0.0,25.0,0.0,2.2
2021,13769,"Street, Kentavius",DT+DE,0,13,0.0,2.706,0.0,34.5,0.0,3.04
2021,15055,,PN,0,5,0.0,2.375,0.0,32.0,0.0,2.82
2021,15432,"Carter, Michael",CB+S,0,12,0.0,4.076,0.0,80.3,0.0,7.07
2021,12360,,DT+DE,0,12,0.0,3.737,0.0,52.0,0.0,4.58
2021,12715,"Apple, Eli",CB+S,0,13,0.0,3.549,0.0,68.0,0.0,5.98
2021,14837,,WR,0,3,0.0,0.276,0.0,0.0,0.0,0.0
2021,13806,"Elliott, DeShon",CB+S,0,6,0.0,2.304,0.0,43.9,0.0,3.86
2021,14213,"Harris, Will",CB+S,0,13,0.0,4.463,0.0,83.6,0.0,7.36
2021,13702,"Jewell, Josey",LB,0,2,0.0,0.675,0.0,13.0,0.0,1.14
2021,15082,"Barnes, Krys",LB,0,12,0.0,4.095,0.0,68.0,0.0,5.98
2021,9820,,CB+S,0,8,0.0,1.404,0.0,36.2,0.0,3.19
2021,12173,,DT+DE,0,13,0.0,3.952,0.0,51.0,0.0,4.49
2021,12343,,DT+DE,0,8,0.0,2.378,0.0,32.0,0.0,2.82
2021,14722,,CB+S,0,13,0.0,4.183,0.0,76.9,0.0,6.77
2021,15489,,CB+S,0,13,0.0,1.924,0.0,46.6,0.0,4.1
2021,13763,"Dissly, Will",TE,0,13,0.0,3.038,0.0,0.5,0.0,0.04
2021,12291,,CB+S,0,13,0.0,2.829,0.0,58.8,0.0,5.17
2021,11711,,DT+DE,0,6,0.0,1.399,0.0,21.5,0.0,1.89
2021,14924,"Johnson, Jaylon",CB+S,0,13,0.0,3.166,0.0,69.0,0.0,6.07
2021,14467,"Phillips, Del'Shawn",LB,0,13,0.0,1.503,0.0,27.5,0.0,2.42
2021,13430,"Haack, Matt",PN,0,13,0.0,4.875,0.0,68.0,0.0,5.98
2021,14279,,LB,0,13,0.0,0.528,0.0,10.5,0.0,0.92
2021,10554,,DT+DE,0,13,0.0,3.186,0.0,44.5,0.0,3.92
2021,15385,"Ojulari, Azeez",LB,0,13,0.0,3.472,0.0,70.0,0.0,6.16
2021,14933,"Blackmon, Julian",CB+S,0,7,0.0,2.664,0.0,47.2,0.0,4.15
2021,9633,,CB+S,0,7,0.0,0.931,0.0,24.8,0.0,2.18
2021,13771,,DT+DE,0,13,0.0,1.859,0.0,25.0,0.0,2.2
2021,15378,"Oweh, Odafe",LB,0,13,0.0,4.369,0.0,69.0,0.0,6.07
2021,14908,"McKinney, Xavier",CB+S,0,13,0.0,6.229,0.0,119.5,0.0,10.52
2021,14904,"Fulton, Kristian",CB+S,0,10,0.0,2.876,0.0,58.2,0.0,5.12
2021,14258,,PK,0,6,0.0,2.875,0.0,46.4,0.0,4.08
2021,11791,,CB+S,0,13,0.0,2.378,0.0,51.8,0.0,4.56
2021,11768,"Ward, Jimmie",CB+S,0,12,0.0,4.566,0.0,90.0,0.0,7.92
2021,13253,"Williams, Marcus",CB+S,0,13,0.0,5.268,0.0,95.7,0.0,8.42
2021,11858,,CB+S,0,7,0.0,1.371,0.0,31.8,0.0,2.8
2021,14992,"Watkins, Quez",WR,0,16,0.0,3.49,0.0,11.4,0.0,1.0
2021,13711,,CB+S,0,13,0.0,3.93,0.0,80.0,0.0,7.04
2021,14152,,DT+DE,0,10,0.0,1.381,0.0,17.0,0.0,1.5
2021,15464,"Echols, Brandin",CB+S,0,10,0.0,3.76,0.0,62.5,0.0,5.5
2021,13229,,CB+S,0,11,0.0,3.952,0.0,71.6,0.0,6.3
2021,13913,,LB,0,13,0.0,2.078,0.0,41.5,0.0,3.65
2021,10402,,LB,0,9,0.0,0.951,0.0,18.5,0.0,1.63
2021,15355,"Bolton, Nick",LB,0,13,0.0,4.459,0.0,83.0,0.0,7.3
2021,14158,"Oliver, Ed",DT+DE,0,13,0.0,4.187,0.0,52.5,0.0,4.62
2021,12040,,RB,0,13,0.0,0.719,0.0,0.0,0.0,0.0
2021,14851,,WR,0,6,0.0,0.174,0.0,0.0,0.0,0.0
2021,13919,"Firkser, Anthony",TE,0,11,0.0,2.867,0.0,0.0,0.0,0.0
2021,13273,"Griffin, Shaq",CB+S,0,11,0.0,2.772,0.0,58.0,0.0,5.1
2021,14902,"Okudah, Jeff",CB+S,0,1,0.0,0.214,0.0,6.2,0.0,0.55
2021,13301,"Kazee, Damontae",CB+S,0,13,0.0,1.961,0.0,53.6,0.0,4.72
2021,14672,"Reeder, Troy",LB,0,13,0.0,3.814,0.0,65.5,0.0,5.76
2021,11286,"Jenkins, John",DT+DE,0,6,0.0,1.479,0.0,18.0,0.0,1.58
2021,11299,,LB,0,5,0.0,0.704,0.0,18.0,0.0,1.58
2021,13699,,LB,0,9,0.0,2.794,0.0,51.0,0.0,4.49
2021,14680,,DT+DE,0,12,0.0,2.805,0.0,36.5,0.0,3.21
2021,12998,,CB+S,0,10,0.0,1.247,0.0,27.5,0.0,2.42
2021,12212,,TE,0,6,0.0,1.346,0.0,1.9,0.0,0.16
2021,15308,"Marshall, Terrace",WR,0,12,0.0,0.863,0.0,0.9,0.0,0.08
2021,12796,"Jefferson, Quinton",DT+DE,0,13,0.0,4.328,0.0,55.5,0.0,4.88
2021,12964,,LB,0,11,0.0,0.507,0.0,14.0,0.0,1.23
2021,14230,,CB+S,0,4,0.0,0.227,0.0,8.1,0.0,0.71
2021,11516,,TE,0,13,0.0,3.854,0.0,18.9,0.0,1.66
2021,12988,"Jones, Jonathan",CB+S,0,6,0.0,1.643,0.0,32.0,0.0,2.82
2021,10763,,DT+DE,0,13,0.0,4.1,0.0,51.5,0.0,4.53
2021,14925,"Uche, Josh",LB,0,9,0.0,1.579,0.0,27.0,0.0,2.38
2021,11765,,CB+S,0,1,0.0,0.161,0.0,5.5,0.0,0.48
2021,13226,"Jackson, Adoree",CB+S,0,11,0.0,4.716,0.0,82.3,0.0,7.24
2021,13298,"Stewart, Grover",DT+DE,0,13,0.0,3.617,0.0,50.0,0.0,4.4
2021,10846,,DT+DE,0,13,0.0,2.247,0.0,29.5,0.0,2.6
2021,10313,"Dalton, Andy",QB,0,6,0.0,1.667,0.0,0.0,0.0,0.0
2021,14401,,LB,0,13,0.0,0.625,0.0,16.5,0.0,1.45
2021,13736,"Stewart, M.J.",CB+S,0,9,0.0,0.558,0.0,18.5,0.0,1.63
2021,11399,,TE,0,13,0.0,3.709,0.0,6.2,0.0,0.55
2021,14420,"Ingold, Alec",RB,0,9,0.0,0.949,0.0,0.0,0.0,0.0
2021,13270,"Moreau, Fabian",CB+S,0,13,0.0,4.225,0.0,81.0,0.0,7.13
2021,15198,,CB+S,0,4,0.0,0.926,0.0,22.9,0.0,2.02
2021,15392,"St-Juste, Benjamin",CB+S,0,10,0.0,2.068,0.0,36.8,0.0,3.24
2021,13920,"Ward, Charvarius",CB+S,0,9,0.0,3.139,0.0,61.3,0.0,5.39
2021,13778,"Flowers, Tre",CB+S,0,12,0.0,1.733,0.0,31.8,0.0,2.8
2021,14846,,WR,0,10,0.0,0.686,0.0,0.0,0.0,0.0
2021,14387,,PK,0,4,0.0,1.0,0.0,14.6,0.0,1.28
2021,14499,,WR,0,7,0.0,0.42,0.0,0.0,0.0,0.0
2021,12464,,WR,0,13,0.0,1.512,0.0,8.7,0.0,0.77
2021,12270,"Smith, Preston",LB,0,12,0.0,4.105,0.0,65.5,0.0,5.76
2021,13205,,DT+DE,0,10,0.0,2.407,0.0,37.0,0.0,3.26
2021,12797,,DT+DE,0,12,0.0,2.646,0.0,34.5,0.0,3.04
2021,14893,"Baun, Zack",LB,0,13,0.0,0.88,0.0,19.0,0.0,1.67
2021,12778,,LB,0,8,0.0,1.028,0.0,20.3,0.0,1.79
2021,15478,,WR,0,6,0.0,0.113,0.0,0.0,0.0,0.0
2021,11814,,CB+S,0,10,0.0,0.513,0.0,14.9,0.0,1.31
2021,12791,,DT+DE,0,13,0.0,4.358,0.0,59.5,0.0,5.24
2021,13434,"Robertson-Harris, Roy",DT+DE,0,10,0.0,3.344,0.0,48.0,0.0,4.22
2021,14847,"Duvernay, Devin",WR,0,13,0.0,3.431,0.0,14.0,0.0,1.23
2021,12703,,LB,0,13,0.0,2.986,0.0,60.0,0.0,5.28
2021,13722,,TE,0,7,0.0,1.541,0.0,0.5,0.0,0.04
2021,9875,,DT+DE,0,3,0.0,0.26,0.0,5.0,0.0,0.44
2021,14967,"Vildor, Kindle",CB+S,0,13,0.0,2.522,0.0,53.1,0.0,4.67
2021,15365,"Moehrig, Trevon",CB+S,0,13,0.0,2.943,0.0,64.0,0.0,5.63
2021,13210,,DT+DE,0,13,0.0,4.153,0.0,59.0,0.0,5.19
2021,10823,,DT+DE,0,7,0.0,2.402,0.0,34.0,0.0,2.99
2021,9826,"Graham, Brandon",DT+DE,1,2,0.0,0.22,0.0,5.0,0.0,0.44
2021,11360,,DT+DE,0,9,0.0,2.388,0.0,35.5,0.0,3.12
2021,11803,,CB+S,0,12,0.0,1.493,0.0,32.2,0.0,2.83
2021,12781,,CB+S,0,7,0.0,1.235,0.0,30.0,0.0,2.64
2021,14944,"Holmes, Darnay",CB+S,0,11,0.0,2.038,0.0,43.6,0.0,3.84
2021,15147,,CB+S,0,13,0.0,2.157,0.0,49.2,0.0,4.33
2021,12257,,WR,0,13,0.0,1.486,0.0,7.3,0.0,0.64
2021,13249,"White, Tre'Davious",CB+S,0,11,0.0,3.527,0.0,67.3,0.0,5.92
2021,13224,"Lattimore, Marshon",CB+S,0,12,0.0,5.103,0.0,98.5,0.0,8.67
2021,14870,"Trautman, Adam",TE,0,10,0.0,2.826,0.0,10.6,0.0,0.94
2021,13942,"Gray, J.T.",CB+S,0,13,0.0,0.601,0.0,21.4,0.0,1.88
2021,14198,"Ya-Sin, Rock",CB+S,0,10,0.0,2.398,0.0,44.5,0.0,3.92
2021,14905,"Henderson, CJ",CB+S,0,9,0.0,1.107,0.0,36.1,0.0,3.18
2021,13260,"Tomlinson, Dalvin",DT+DE,0,12,0.0,2.643,0.0,35.0,0.0,3.08
2021,12763,,LB,0,12,0.0,1.505,0.0,32.5,0.0,2.86
2021,10457,,DT+DE,0,13,0.0,4.651,0.0,62.5,0.0,5.5
2021,14164,"Jones, Dre'Mont",DT+DE,0,13,0.0,4.609,0.0,70.0,0.0,6.16
2021,14384,,LB,0,11,0.0,3.563,0.0,59.0,0.0,5.19
2021,14878,"Gross-Matos, Yetur",DT+DE,0,11,0.0,1.79,0.0,25.5,0.0,2.24
2021,9904,,DT+DE,0,10,0.0,3.824,0.0,55.0,0.0,4.84
2021,14595,,DT+DE,0,3,0.0,0.182,0.0,4.5,0.0,0.4
2021,12744,"Ward, Jihad",DT+DE,0,13,0.0,2.263,0.0,26.5,0.0,2.33
2021,15403,,CB+S,0,8,0.0,0.684,0.0,20.1,0.0,1.77
2021,9075,,WR,0,15,0.0,2.837,0.0,30.4,0.0,2.68
2021,14222,"Edwards, Mike",CB+S,0,11,0.0,3.301,0.0,79.5,0.0,7.0
2021,13709,"Oliver, Isaiah",CB+S,0,4,0.0,1.431,0.0,23.3,0.0,2.05
2021,13730,"Alexander, Jaire",CB+S,0,4,0.0,1.379,0.0,23.4,0.0,2.06
2021,12716,"Mills, Jalen",CB+S,0,12,0.0,2.279,0.0,50.6,0.0,4.45
2021,13294,"Ebukam, Samson",LB,0,13,0.0,1.198,0.0,33.0,0.0,2.9
2021,10749,,LB,0,11,0.0,1.501,0.0,27.0,0.0,2.38
2021,12987,,DT+DE,0,13,0.0,3.682,0.0,50.0,0.0,4.4
2021,15302,"Eskridge, Dee",WR,0,6,0.0,0.802,0.0,4.6,0.0,0.4
2021,14531,,DT+DE,0,6,0.0,0.565,0.0,8.0,0.0,0.7
2021,14249,"Van Ginkel, Andrew",LB,0,13,0.0,4.219,0.0,73.0,0.0,6.42
2021,15390,"McNeill, Alim",DT+DE,0,13,0.0,2.684,0.0,33.0,0.0,2.9
2021,15297,,WR,0,13,0.0,0.41,0.0,0.0,0.0,0.0
2021,14303,"Elliss, Kaden",LB,0,11,0.0,0.808,0.0,21.0,0.0,1.85
2021,12302,,LB,0,13,0.0,4.738,0.0,84.5,0.0,7.44
2021,11374,,DT+DE,0,10,0.0,3.013,0.0,39.5,0.0,3.48
2021,12831,"Roberts, Elandon",LB,0,13,0.0,3.897,0.0,75.5,0.0,6.64
2021,13790,,CB+S,0,12,0.0,1.029,0.0,24.3,0.0,2.14
2021,12735,"Rankins, Sheldon",DT+DE,0,12,0.0,3.195,0.0,44.0,0.0,3.87
2021,13869,"Bojorquez, Corey",PN,0,13,0.0,6.25,0.0,84.0,0.0,7.39
2021,15363,"Melifonwu, Ifeatu",CB+S,0,3,0.0,0.39,0.0,10.7,0.0,0.94
2021,13798,"Fatukasi, Foley",DT+DE,0,13,0.0,3.683,0.0,47.5,0.0,4.18
2021,13723,"Payne, Da'Ron",DT+DE,0,13,0.0,5.008,0.0,71.0,0.0,6.25
2021,11010,,CB+S,0,10,0.0,3.529,0.0,64.1,0.0,5.64
2021,15422,"Wilson, Marco",CB+S,0,12,0.0,3.238,0.0,64.7,0.0,5.69
2021,14875,"Bryant, Harrison",TE,0,12,0.0,2.414,0.0,0.8,0.0,0.07
2021,8742,,PK,0,13,0.0,5.292,0.0,101.4,0.0,8.92
2021,13479,"Davis, Michael",CB+S,0,11,0.0,4.1,0.0,73.7,0.0,6.49
2021,11351,,CB+S,0,13,0.0,2.601,0.0,56.1,0.0,4.94
2021,12015,,CB+S,0,11,0.0,3.515,0.0,68.8,0.0,6.05
2021,15114,,CB+S,0,6,0.0,0.9,0.0,24.4,0.0,2.15
2021,12391,,WR,0,1,0.0,0.051,0.0,0.0,0.0,0.0
2021,14805,"Dillon, AJ",RB,10,16,3.197,6.41,-0.0,65.8,-0.0,5.79
2021,14112,"Campbell, Parris",WR,0,5,0.0,1.181,0.0,6.6,0.0,0.58
2021,14533,,WR,0,9,0.0,0.195,0.0,0.0,0.0,0.0
2021,15331,"Freiermuth, Pat",TE,0,13,0.0,6.52,0.0,39.6,0.0,3.49
2021,14940,"Highsmith, Alex",LB,0,12,0.0,3.68,0.0,68.0,0.0,5.98
2021,13878,,WR,0,6,0.0,0.498,0.0,0.0,0.0,0.0
2021,12979,,DT+DE,0,13,0.0,3.16,0.0,41.0,0.0,3.61
2021,13695,"Bryan, Taven",DT+DE,0,12,0.0,2.439,0.0,31.5,0.0,2.77
2021,12841,,DT+DE,0,12,0.0,2.675,0.0,36.0,0.0,3.17
2021,11293,,LB,0,12,0.0,3.029,0.0,59.5,0.0,5.24
2021,14169,"Wilson, Mack",LB,0,13,0.0,1.492,0.0,32.0,0.0,2.82
2021,12758,"Bullard, Jonathan",DT+DE,0,8,0.0,1.396,0.0,18.0,0.0,1.58
2021,13351,,CB+S,0,4,0.0,0.768,0.0,17.8,0.0,1.57
2021,13313,,WR,0,11,0.0,1.169,0.0,3.3,0.0,0.29
2021,14236,"Amadi, Ugo",CB+S,0,13,0.0,3.212,0.0,64.7,0.0,5.69
2021,15361,"Horn, Jaycee",CB+S,0,3,0.0,0.44,0.0,11.0,0.0,0.97
2021,13811,"Smith, Tremon",CB+S,0,13,0.0,0.704,0.0,26.8,0.0,2.36
2021,15272,,RB,0,10,0.0,0.573,0.0,0.0,0.0,0.0
2021,12770,,CB+S,0,13,0.0,2.487,0.0,48.3,0.0,4.25
2021,13339,,CB+S,0,13,0.0,3.044,0.0,69.2,0.0,6.09
2021,13895,,WR,0,10,0.0,1.398,0.0,10.5,0.0,0.93
2021,15445,"Lenoir, Deommodore",CB+S,0,10,0.0,0.969,0.0,23.3,0.0,2.05
2021,13510,,WR,0,9,0.0,0.363,0.0,0.0,0.0,0.0
2021,11543,,CB+S,0,13,0.0,0.242,0.0,9.4,0.0,0.83
2021,13547,"Maulet, Art",CB+S,0,13,0.0,2.022,0.0,48.2,0.0,4.24
2021,12141,"Mariota, Marcus",QB,0,7,0.0,0.292,0.0,0.0,0.0,0.0
2021,13455,"Ricard, Patrick",RB,0,12,0.0,0.704,0.0,2.9,0.0,0.25
2021,8269,"Lewis, Marcedes",TE,0,13,0.0,2.329,0.0,1.2,0.0,0.1
2021,12701,,LB,0,6,0.0,0.826,0.0,16.5,0.0,1.45
2021,14978,"Danna, Michael",DT+DE,0,13,0.0,3.425,0.0,46.0,0.0,4.05
2021,13926,"Board, Chris",LB,0,13,0.0,1.027,0.0,26.0,0.0,2.29
2021,14988,,LB,0,13,0.0,0.571,0.0,16.0,0.0,1.41
2021,15446,"Slaton, Tedarrell",DT+DE,0,13,0.0,1.655,0.0,23.0,0.0,2.02
2021,14891,"Harrison, Malik",LB,0,10,0.0,0.825,0.0,21.0,0.0,1.85
2021,14489,"Gillan, Jamie",PN,0,12,0.0,5.333,0.0,73.5,0.0,6.47
2021,12417,,PK,0,3,0.0,0.167,0.0,4.0,0.0,0.35
2021,13748,"Jones, Justin",DT+DE,0,8,0.0,3.484,0.0,48.0,0.0,4.22
2021,15346,"Rousseau, Gregory",DT+DE,0,13,0.0,5.584,0.0,80.0,0.0,7.04
2021,12292,,DT+DE,0,13,0.0,3.647,0.0,46.0,0.0,4.05
2021,11193,,RB,0,12,0.0,1.73,0.0,13.3,0.0,1.17
2021,13787,,LB,0,13,0.0,2.778,0.0,56.5,0.0,4.97
2021,11795,,LB,0,11,0.0,2.377,0.0,46.0,0.0,4.05
2021,13678,"Thomas, Ian",TE,0,13,0.0,1.372,0.0,0.0,0.0,0.0
2021,14982,"Gilman, Alohi",CB+S,0,8,0.0,1.866,0.0,38.5,0.0,3.39
2021,15319,"Palmer, Joshua",WR,0,13,0.0,2.115,0.0,10.7,0.0,0.94
2021,12246,,CB+S,0,13,0.0,3.683,0.0,73.4,0.0,6.46
2021,12713,,CB+S,0,13,0.0,1.583,0.0,46.2,0.0,4.07
2021,15420,,CB+S,0,11,0.0,1.429,0.0,30.7,0.0,2.7
2021,10312,,TE,0,12,0.0,2.185,0.0,1.5,0.0,0.13
2021,13158,,WR,0,12,0.0,0.606,0.0,0.0,0.0,0.0
2021,13863,,WR,0,15,0.0,4.523,0.0,40.3,0.0,3.54
2021,12923,"Ham, C.J.",RB,0,13,0.0,0.547,0.0,0.0,0.0,0.0
2021,15271,"Herbert, Khalil",RB,0,13,0.0,2.543,0.0,21.3,0.0,1.87
2021,12394,"Carter, DeAndre",WR,0,13,0.0,3.793,0.0,33.2,0.0,2.92
2021,13676,"Smythe, Durham",TE,0,13,0.0,2.553,0.0,3.3,0.0,0.29
2021,14970,,CB+S,0,6,0.0,0.228,0.0,5.2,0.0,0.46
2021,14181,,CB+S,0,5,0.0,2.126,0.0,34.5,0.0,3.04
2021,15034,,WR,0,16,0.0,5.806,0.0,52.5,0.0,4.62
2021,14674,,CB+S,0,4,0.0,0.141,0.0,2.6,0.0,0.23
2021,14286,,CB+S,0,12,0.0,1.17,0.0,24.0,0.0,2.11
2021,12506,,CB+S,0,8,0.0,1.706,0.0,39.3,0.0,3.46
2021,15441,"Hobbs, Nate",CB+S,0,13,0.0,4.413,0.0,88.4,0.0,7.78
2021,12803,,CB+S,0,13,0.0,0.259,0.0,9.4,0.0,0.83
2021,14224,"Gardner-Johnson, Chauncey",CB+S,0,8,0.0,2.605,0.0,47.1,0.0,4.14
2021,12859,,TE,0,13,0.0,1.968,0.0,5.8,0.0,0.51
2021,15418,"Bynum, Camryn",CB+S,0,11,0.0,2.019,0.0,39.4,0.0,3.47
2021,14815,"Dallas, DeeJay",RB,0,13,0.0,1.906,0.0,5.9,0.0,0.52
2021,10793,,CB+S,0,13,0.0,2.849,0.0,59.1,0.0,5.2
2021,15380,"Campbell, Tyson",CB+S,0,11,0.0,4.052,0.0,73.0,0.0,6.42
2021,15405,"Stephens, Brandon",CB+S,0,13,0.0,3.503,0.0,72.5,0.0,6.38
2021,15549,,CB+S,0,13,0.0,3.125,0.0,59.7,0.0,5.25
2021,14012,"Ford, Mike",CB+S,0,10,0.0,0.258,0.0,7.8,0.0,0.69
2021,15381,"Grant, Richie",CB+S,0,12,0.0,1.574,0.0,39.1,0.0,3.44
2021,14452,"Lammons, Chris",CB+S,0,12,0.0,0.403,0.0,10.3,0.0,0.91
2021,15402,"Molden, Elijah",CB+S,0,13,0.0,4.007,0.0,75.8,0.0,6.67
2021,15351,"Owusu-Koramoah, Jeremiah",LB,0,10,0.0,3.476,0.0,63.0,0.0,5.54
2021,14883,,DT+DE,0,10,0.0,3.045,0.0,41.0,0.0,3.61
2021,13703,,LB,0,10,0.0,1.372,0.0,31.5,0.0,2.77
2021,14254,"Omenihu, Charles",DT+DE,0,11,0.0,1.497,0.0,21.0,0.0,1.85
2021,11859,,DT+DE,0,13,0.0,1.798,0.0,23.0,0.0,2.02
2021,10723,,WR,0,8,0.0,1.113,0.0,0.8,0.0,0.07
2021,15117,"Flannigan-Fowles, Demetrius",LB,0,13,0.0,0.282,0.0,13.5,0.0,1.19
2021,12356,,DT+DE,0,11,0.0,1.926,0.0,28.0,0.0,2.46
2021,14728,,LB,0,4,0.0,0.851,0.0,18.0,0.0,1.58
2021,15435,,DT+DE,0,7,0.0,0.595,0.0,8.0,0.0,0.7
2021,15081,"Wharton, Tershawn",DT+DE,0,13,0.0,2.606,0.0,31.0,0.0,2.73
2021,15352,"Collins, Zaven",LB,0,13,0.0,0.99,0.0,21.0,0.0,1.85
2021,14011,,RB,0,16,0.0,1.568,0.0,8.3,0.0,0.73
2021,15265,,RB,0,8,0.0,0.285,0.0,0.0,0.0,0.0
2021,13715,"Harrison, Ronnie",CB+S,0,12,0.0,4.472,0.0,84.4,0.0,7.43
2021,14270,"Epps, Marcus",CB+S,0,13,0.0,3.466,0.0,67.6,0.0,5.95
2021,12589,,CB+S,0,12,0.0,3.659,0.0,75.7,0.0,6.66
2021,13801,,CB+S,0,12,0.0,1.19,0.0,34.1,0.0,3.0
2021,14199,"Murphy-Bunting, Sean",CB+S,0,5,0.0,2.315,0.0,37.9,0.0,3.34
2021,12747,,CB+S,0,6,0.0,1.127,0.0,15.9,0.0,1.4
2021,9921,,WR,0,13,0.0,0.799,0.0,0.0,0.0,0.0
2021,14202,,CB+S,0,6,0.0,0.398,0.0,14.2,0.0,1.25
2021,15546,,CB+S,0,10,0.0,2.52,0.0,51.0,0.0,4.49
2021,12218,"Armstead, Arik",DT+DE,1,13,0.04,4.024,0.0,52.5,0.0,4.62
2021,13727,,LB,0,13,0.0,2.74,0.0,53.5,0.0,4.71
2021,12217,"Fowler, Dante",DT+DE,0,10,0.0,4.522,0.0,60.0,0.0,5.28
2021,15373,"Davis, Jamin",LB,0,13,0.0,2.254,0.0,51.0,0.0,4.49
2021,12316,,DT+DE,0,11,0.0,2.097,0.0,27.5,0.0,2.42
2021,13503,,WR,0,12,0.0,0.444,0.0,0.0,0.0,0.0
2021,13704,"Nwosu, Uchenna",LB,0,13,0.0,2.656,0.0,51.0,0.0,4.49
2021,14922,,DT+DE,0,10,0.0,2.781,0.0,37.0,0.0,3.26
2021,14930,"Hamilton, Davon",DT+DE,0,12,0.0,2.919,0.0,36.0,0.0,3.17
2021,15173,"Tart, Teair",DT+DE,0,9,0.0,1.624,0.0,21.0,0.0,1.85
2021,13328,,DT+DE,0,1,0.0,0.12,0.0,2.0,0.0,0.18
2021,13687,"Lewis, Tyquan",DT+DE,0,8,0.0,2.503,0.0,37.0,0.0,3.26
2021,15121,"Huff, Bryce",DT+DE,0,6,0.0,1.677,0.0,20.0,0.0,1.76
2021,12776,"Killebrew, Miles",CB+S,0,13,0.0,0.328,0.0,17.0,0.0,1.5
2021,12386,,RB,0,7,0.0,0.757,0.0,0.0,0.0,0.0
2021,13448,"Butler, Adam",DT+DE,0,13,0.0,2.649,0.0,33.0,0.0,2.9
2021,12226,,DT+DE,0,11,0.0,2.239,0.0,26.5,0.0,2.33
2021,13148,"Ogunbowale, Dare",RB,0,14,0.0,0.8,0.0,5.2,0.0,0.46
2021,13952,"Luvu, Frankie",LB,0,12,0.0,2.489,0.0,47.0,0.0,4.14
2021,12233,,LB,0,9,0.0,3.539,0.0,59.0,0.0,5.19
2021,14315,"Dulin, Ashton",WR,0,13,0.0,2.285,0.0,10.5,0.0,0.93
2021,12698,"Reed, Jarran",DT+DE,0,13,0.0,4.026,0.0,50.0,0.0,4.4
2021,15379,"Tryon, Joe",LB,0,13,0.0,1.67,0.0,33.5,0.0,2.95
2021,14888,"Chaisson, K'Lavon",DT+DE,0,13,0.0,3.206,0.0,39.0,0.0,3.43
2021,13923,,LB,0,12,0.0,1.568,0.0,31.5,0.0,2.77
2021,15010,,LB,0,12,0.0,0.809,0.0,19.5,0.0,1.72
2021,13989,,DT+DE,0,12,0.0,2.14,0.0,26.0,0.0,2.29
2021,14960,,DT+DE,0,13,0.0,2.394,0.0,32.0,0.0,2.82
2021,15290,"Collins, Nico",WR,0,10,0.0,1.753,0.0,6.8,0.0,0.6
2021,12785,"Robinson, Demarcus",WR,0,13,0.0,1.814,0.0,11.1,0.0,0.98
2021,14997,"Rodgers, Isaiah",CB+S,0,13,0.0,3.187,0.0,60.2,0.0,5.3
2021,12261,,RB,0,13,0.0,1.118,0.0,0.0,0.0,0.0
2021,15289,"Toney, Kadarius",WR,0,9,0.0,2.607,0.0,34.7,0.0,3.05
2021,13315,"Saubert, Eric",TE,0,13,0.0,1.266,0.0,0.0,0.0,0.0
2021,12213,,TE,0,12,0.0,0.511,0.0,0.0,0.0,0.0
2021,14117,,WR,0,6,0.0,0.156,0.0,0.0,0.0,0.0
2021,11182,,RB,0,13,0.0,2.16,0.0,9.9,0.0,0.87
2021,14950,"Wallace, K'Von",CB+S,0,9,0.0,0.271,0.0,9.6,0.0,0.84
2021,12913,,WR,0,13,0.0,0.438,0.0,0.0,0.0,0.0
2021,15078,,CB+S,0,12,0.0,0.636,0.0,18.1,0.0,1.59
2021,15367,,LB,0,10,0.0,0.087,0.0,4.5,0.0,0.4
2021,14946,"Fotu, Leki",DT+DE,0,13,0.0,1.659,0.0,17.0,0.0,1.5
2021,15453,,DT+DE,0,12,0.0,3.475,0.0,42.0,0.0,3.7
2021,11281,,DT+DE,0,12,0.0,3.034,0.0,34.5,0.0,3.04
2021,13816,,RB,0,12,0.0,0.47,0.0,0.0,0.0,0.0
2021,11789,,DT+DE,0,13,0.0,1.297,0.0,14.5,0.0,1.28
2021,12675,,WR,0,9,0.0,0.296,0.0,0.0,0.0,0.0
2021,15480,,RB,0,8,0.0,0.067,0.0,0.0,0.0,0.0
2021,14217,"Barton, Cody",LB,0,12,0.0,0.492,0.0,14.0,0.0,1.23
2021,15559,"Williams, Jonah",DT+DE,0,8,0.0,0.358,0.0,3.5,0.0,0.31
2021,13745,"Nnadi, Derrick",DT+DE,0,13,0.0,3.344,0.0,43.5,0.0,3.83
2021,14307,,LB,0,11,0.0,0.37,0.0,8.5,0.0,0.75
2021,14216,,LB,0,6,0.0,0.0,0.0,2.5,0.0,0.22
2021,15481,"Johnson, Patrick",DT+DE,0,13,0.0,1.628,0.0,15.0,0.0,1.32
2021,10277,,LB,0,12,0.0,2.331,0.0,48.5,0.0,4.27
2021,12754,"Collins, Maliek",DT+DE,0,13,0.0,4.587,0.0,58.5,0.0,5.15
2021,14506,"Pittman, Anthony",LB,0,13,0.0,0.283,0.0,9.5,0.0,0.84
2021,15454,"Williams, Avery",CB+S,0,11,0.0,1.26,0.0,36.6,0.0,3.22
2021,12802,"Reader, D.J.",DT+DE,0,13,0.0,3.809,0.0,49.0,0.0,4.31
2021,15409,"Barnes, Derrick",LB,0,13,0.0,2.138,0.0,46.5,0.0,4.09
2021,13085,"Fox, Morgan",DT+DE,0,13,0.0,3.205,0.0,42.0,0.0,3.7
2021,13906,,LB,0,12,0.0,0.223,0.0,8.8,0.0,0.77
2021,15399,"Rice, Monty",LB,0,10,0.0,1.392,0.0,28.5,0.0,2.51
2021,15089,"Roach, Malcolm",DT+DE,0,7,0.0,1.195,0.0,12.5,0.0,1.1
2021,14958,,LB,0,13,0.0,0.643,0.0,15.0,0.0,1.32
2021,12227,,DT+DE,0,13,0.0,2.04,0.0,23.0,0.0,2.02
2021,13781,,LB,0,13,0.0,1.415,0.0,31.5,0.0,2.77
2021,14269,,DT+DE,0,13,0.0,5.072,0.0,62.5,0.0,5.5
2021,13211,"Watkins, Carlos",DT+DE,0,11,0.0,3.487,0.0,49.0,0.0,4.31
2021,15009,,DT+DE,0,1,0.0,0.12,0.0,1.5,0.0,0.13
2021,14932,,LB,0,11,0.0,1.96,0.0,36.5,0.0,3.21
2021,12958,,LB,0,5,0.0,0.089,0.0,2.5,0.0,0.22
2021,15377,"Stokes, Eric",CB+S,1,13,0.0,3.237,0.0,69.5,0.0,6.12
2021,13682,"Key, Arden",DT+DE,0,13,0.0,2.818,0.0,39.5,0.0,3.48
2021,10350,,LB,0,13,0.0,1.042,0.0,28.5,0.0,2.51
2021,10143,,DT+DE,0,8,0.0,0.949,0.0,10.0,0.0,0.88
2021,14555,"Olszewski, Gunner",WR,0,12,0.0,0.748,0.0,0.0,0.0,0.0
2021,15462,"Brightwell, Gary",RB,0,12,0.0,0.203,0.0,0.0,0.0,0.0
2021,14954,"Hawkins, Jaylinn",CB+S,0,11,0.0,1.286,0.0,29.3,0.0,2.58
2021,10981,,CB+S,0,13,0.0,0.19,0.0,6.5,0.0,0.57
2021,14177,,CB+S,0,12,0.0,3.21,0.0,57.7,0.0,5.08
2021,13956,,CB+S,0,13,0.0,2.695,0.0,53.6,0.0,4.72
2021,14179,"Love, Julian",CB+S,0,13,0.0,3.494,0.0,66.4,0.0,5.84
2021,14201,,CB+S,0,11,0.0,1.215,0.0,31.0,0.0,2.73
2021,15375,"Newsome, Greg",CB+S,0,10,0.0,1.961,0.0,43.3,0.0,3.81
2021,11517,,CB+S,0,2,0.0,0.171,0.0,3.9,0.0,0.34
2021,13785,"Neal, Siran",CB+S,0,13,0.0,1.069,0.0,27.2,0.0,2.39
2021,13841,,CB+S,0,13,0.0,0.727,0.0,17.7,0.0,1.56
2021,13250,,CB+S,0,7,0.0,1.459,0.0,32.8,0.0,2.89
2021,14964,,CB+S,0,13,0.0,5.216,0.0,91.3,0.0,8.03
2021,12976,"Hamilton, Antonio",CB+S,0,13,0.0,1.109,0.0,30.6,0.0,2.69
2021,13553,,CB+S,0,4,0.0,0.231,0.0,4.3,0.0,0.38
2021,13754,"Yiadom, Isaac",CB+S,0,12,0.0,0.46,0.0,11.2,0.0,0.99
2021,10260,,CB+S,0,9,0.0,1.479,0.0,36.3,0.0,3.19
2021,14013,,CB+S,0,13,0.0,2.094,0.0,41.4,0.0,3.64
2021,15364,"Cisco, Andre",CB+S,0,13,0.0,0.431,0.0,14.0,0.0,1.23
2021,10808,,CB+S,0,8,0.0,0.803,0.0,12.5,0.0,1.1
2021,11312,,CB+S,0,7,0.0,0.253,0.0,8.5,0.0,0.75
2021,14865,,WR,0,15,0.0,2.678,0.0,20.8,0.0,1.83
2021,14302,"Scott, Nick",CB+S,0,13,0.0,2.231,0.0,46.8,0.0,4.12
2021,11742,,CB+S,0,1,0.0,0.071,0.0,1.3,0.0,0.11
2021,14565,,WR,0,12,0.0,0.269,0.0,0.0,0.0,0.0
2021,11337,,TE,0,8,0.0,0.503,0.0,0.0,0.0,0.0
2021,15498,"Stuard, Grant",LB,0,13,0.0,0.425,0.0,10.0,0.0,0.88
2021,13269,,DT+DE,0,13,0.0,3.942,0.0,48.5,0.0,4.27
2021,14176,,LB,0,9,0.0,0.209,0.0,6.0,0.0,0.53
2021,14948,"Walker, Mykal",LB,0,13,0.0,2.021,0.0,35.0,0.0,3.08
2021,14149,"Gary, Rashan",LB,0,12,0.0,3.778,0.0,69.0,0.0,6.07
2021,14979,"Strnad, Justin",LB,0,12,0.0,1.255,0.0,28.0,0.0,2.46
2021,13759,"Armstrong, Dorance",DT+DE,0,9,0.0,3.85,0.0,55.0,0.0,4.84
2021,13933,"Ford, Poona",DT+DE,0,13,0.0,3.867,0.0,44.5,0.0,3.92
2021,13750,"Burks, Oren",LB,0,13,0.0,0.904,0.0,26.5,0.0,2.33
2021,15203,,LB,0,12,0.0,2.03,0.0,41.5,0.0,3.65
2021,15151,"Welch, Kristian",LB,0,13,0.0,0.249,0.0,7.5,0.0,0.66
2021,14248,,DT+DE,0,11,0.0,2.868,0.0,37.5,0.0,3.3
2021,13327,,LB,0,6,0.0,0.139,0.0,4.0,0.0,0.35
2021,12301,,LB,0,2,0.0,0.0,0.0,1.0,0.0,0.09
2021,13258,"Walker, DeMarcus",DT+DE,0,10,0.0,2.954,0.0,40.5,0.0,3.56
2021,13837,"Franklin, Zaire",LB,0,13,0.0,1.406,0.0,29.5,0.0,2.6
2021,14953,"Dye, Troy",LB,0,13,0.0,0.371,0.0,10.5,0.0,0.92
2021,14552,,RB,0,7,0.0,0.117,0.0,0.0,0.0,0.0
2021,14316,,WR,0,13,0.0,0.492,0.0,0.0,0.0,0.0
2021,14675,"Tuttle, Shy",DT+DE,0,13,0.0,3.159,0.0,39.5,0.0,3.48
2021,14190,,PN,0,13,0.0,3.542,0.0,46.0,0.0,4.05
2021,13826,,LB,0,13,0.0,0.306,0.0,8.0,0.0,0.7
2021,12823,,RB,0,13,0.0,0.275,0.0,0.0,0.0,0.0
2021,13833,,LB,0,8,0.0,0.089,0.0,2.5,0.0,0.22
2021,14142,,TE,0,9,0.0,0.223,0.0,0.0,0.0,0.0
2021,15538,"Rhattigan, Jon",LB,0,13,0.0,0.375,0.0,14.0,0.0,1.23
2021,14292,"Summers, Ty",LB,0,13,0.0,0.43,0.0,12.5,0.0,1.1
2021,13353,,LB,0,13,0.0,0.294,0.0,11.0,0.0,0.97
2021,13289,"Hollins, Mack",WR,0,13,0.0,2.635,0.0,18.4,0.0,1.62
2021,11448,,TE,0,12,0.0,0.59,0.0,0.0,0.0,0.0
2021,12361,"Nunez-Roches, Rakeem",DT+DE,0,13,0.0,1.456,0.0,14.5,0.0,1.28
2021,12326,,LB,0,13,0.0,0.487,0.0,16.0,0.0,1.41
2021,13799,,LB,0,6,0.0,0.018,0.0,2.0,0.0,0.18
2021,11793,"Jones, DaQuan",DT+DE,0,13,0.0,2.762,0.0,32.0,0.0,2.82
2021,9815,,DT+DE,0,13,0.0,4.51,0.0,60.0,0.0,5.28
2021,11807,"Urban, Brent",DT+DE,0,6,0.0,0.305,0.0,3.0,0.0,0.26
2021,15456,"Niemann, Nick",LB,0,13,0.0,0.716,0.0,20.5,0.0,1.8
2021,13136,,RB,0,16,0.0,0.574,0.0,0.0,0.0,0.0
2021,12234,"Dupree, Bud",LB,0,7,0.0,0.671,0.0,16.0,0.0,1.41
2021,15260,"Patterson, Jaret",RB,0,13,0.0,0.534,0.0,0.0,0.0,0.0
2021,12814,,WR,0,14,0.0,2.549,0.0,28.0,0.0,2.47
2021,14782,"Love, Jordan",QB,0,4,0.0,0.333,0.0,0.0,0.0,0.0
2021,15292,"Brown, Dyami",WR,0,11,0.0,0.636,0.0,0.0,0.0,0.0
2021,13491,,CB+S,0,13,0.0,0.242,0.0,9.2,0.0,0.81
2021,13766,,CB+S,0,13,0.0,1.192,0.0,24.9,0.0,2.19
2021,14240,,TE,0,13,0.0,1.126,0.0,0.0,0.0,0.0
2021,14043,,CB+S,0,12,0.0,1.722,0.0,36.8,0.0,3.24
2021,14214,,CB+S,0,13,0.0,0.401,0.0,15.4,0.0,1.36
2021,12616,"Brissett, Jacoby",QB,0,8,0.0,1.167,0.0,0.0,0.0,0.0
2021,9940,,DT+DE,0,13,0.0,4.319,0.0,55.5,0.0,4.88
2021,15332,"Tremble, Tommy",TE,0,13,0.0,3.13,0.0,3.4,0.0,0.3
2021,14107,,WR,0,12,0.0,0.332,0.0,0.0,0.0,0.0
2021,13744,"Shepherd, Nathan",DT+DE,0,13,0.0,1.967,0.0,21.5,0.0,1.89
2021,11725,,LB,0,5,0.0,0.052,0.0,2.0,0.0,0.18
2021,11412,,DT+DE,0,13,0.0,2.564,0.0,29.5,0.0,2.6
2021,11310,,LB,0,12,0.0,0.843,0.0,18.5,0.0,1.63
2021,11265,,DT+DE,0,13,0.0,3.2,0.0,40.5,0.0,3.56
2021,14952,,DT+DE,0,7,0.0,0.481,0.0,5.0,0.0,0.44
2021,14981,,DT+DE,0,13,0.0,1.71,0.0,22.5,0.0,1.98
2021,14494,,LB,0,12,0.0,0.332,0.0,7.5,0.0,0.66
2021,11460,,DT+DE,0,11,0.0,1.142,0.0,11.0,0.0,0.97
2021,11262,,DT+DE,0,13,0.0,2.493,0.0,29.0,0.0,2.55
2021,15393,"Odighizuwa, Osa",DT+DE,0,13,0.0,4.104,0.0,52.0,0.0,4.58
2021,15408,"Sample, Cameron",DT+DE,0,12,0.0,1.887,0.0,24.5,0.0,2.16
2021,9853,,DT+DE,0,13,0.0,1.896,0.0,25.5,0.0,2.24
2021,12740,,DT+DE,0,7,0.0,0.96,0.0,10.0,0.0,0.88
2021,11724,,LB,0,13,0.0,0.652,0.0,18.0,0.0,1.58
2021,15357,"Barmore, Christian",DT+DE,0,13,0.0,3.499,0.0,42.5,0.0,3.74
2021,12707,,DT+DE,0,8,0.0,1.911,0.0,26.5,0.0,2.33
2021,12494,,LB,0,13,0.0,0.229,0.0,8.0,0.0,0.7
2021,13293,"Reeves-Maybin, Jalen",LB,0,11,0.0,2.92,0.0,55.5,0.0,4.88
2021,13329,,LB,0,9,0.0,0.59,0.0,12.5,0.0,1.1
2021,13802,"Martin, Jake",LB,0,13,0.0,2.39,0.0,42.5,0.0,3.74
2021,11830,,LB,0,12,0.0,1.165,0.0,27.5,0.0,2.42
2021,14215,"Saunders, Khalen",DT+DE,0,8,0.0,0.368,0.0,6.0,0.0,0.53
2021,12888,,DT+DE,0,6,0.0,1.133,0.0,14.0,0.0,1.23
2021,15434,"Smith-Marsette, Ihmir",WR,0,5,0.0,0.156,0.0,0.0,0.0,0.0
2021,10592,,CB+S,0,10,0.0,2.221,0.0,46.9,0.0,4.13
2021,11283,,DT+DE,0,13,0.0,4.137,0.0,53.5,0.0,4.71
2021,12697,"Robinson, A'Shawn",DT+DE,0,13,0.0,4.181,0.0,54.5,0.0,4.8
2021,13777,"Nichols, Bilal",DT+DE,0,13,0.0,4.084,0.0,55.5,0.0,4.88
2021,14879,"Epenesa, A.J.",DT+DE,0,12,0.0,1.68,0.0,19.0,0.0,1.67
2021,15555,,LB,0,5,0.0,0.052,0.0,1.5,0.0,0.13
2021,13693,"Phillips, Harrison",DT+DE,0,10,0.0,3.393,0.0,41.0,0.0,3.61
2021,13965,,DT+DE,0,13,0.0,0.687,0.0,8.5,0.0,0.75
2021,14652,"Givens, Kevin",DT+DE,0,9,0.0,1.332,0.0,14.5,0.0,1.28
2021,14161,"Tillery, Jerry",DT+DE,0,12,0.0,4.321,0.0,53.0,0.0,4.66
2021,9825,,DT+DE,0,14,0.0,3.839,0.0,42.5,0.0,3.74
2021,12585,,TE,0,9,0.0,0.154,0.0,0.0,0.0,0.0
2021,15222,,DT+DE,0,8,0.0,0.74,0.0,10.0,0.0,0.88
2021,14160,,DT+DE,0,10,0.0,1.581,0.0,18.0,0.0,1.58
2021,13694,"Settle, Tim",DT+DE,0,13,0.0,1.298,0.0,15.5,0.0,1.36
2021,15018,,LB,0,13,0.0,0.317,0.0,7.0,0.0,0.62
2021,14220,,DT+DE,0,9,0.0,1.219,0.0,15.5,0.0,1.36
2021,14934,"Elliott, Jordan",DT+DE,0,13,0.0,1.698,0.0,20.5,0.0,1.8
2021,10465,,LB,0,12,0.0,3.25,0.0,52.5,0.0,4.62
2021,10514,"Bellore, Nick",RB,0,13,0.0,0.385,0.0,0.0,0.0,0.0
2021,15391,"Williams, Milton",DT+DE,0,13,0.0,2.188,0.0,27.0,0.0,2.38
2021,14212,"Takitaki, Sione",LB,0,12,0.0,1.666,0.0,34.0,0.0,2.99
2021,15007,,DT+DE,0,12,0.0,2.544,0.0,33.0,0.0,2.9
2021,14072,,RB,0,13,0.0,0.179,0.0,0.0,0.0,0.0
2021,14083,"Homer, Travis",RB,0,11,0.0,2.16,0.0,15.1,0.0,1.33
2021,15428,"Sherwood, Jamien",LB,0,5,0.0,0.649,0.0,11.5,0.0,1.01
2021,14975,"Murchison, Larrell",DT+DE,0,10,0.0,0.805,0.0,9.0,0.0,0.79
2021,15548,,DT+DE,0,3,0.0,0.081,0.0,0.5,0.0,0.04
2021,14235,"Tranquill, Drue",LB,0,11,0.0,3.252,0.0,60.5,0.0,5.32
2021,12990,,CB+S,0,13,0.0,1.076,0.0,20.5,0.0,1.8
2021,15269,,RB,0,6,0.0,0.033,0.0,0.0,0.0,0.0
2021,12325,"Burton, Michael",RB,0,12,0.0,0.136,0.0,0.0,0.0,0.0
2021,14840,"Aiyuk, Brandon",WR,0,13,0.0,4.974,0.0,54.2,0.0,4.77
2021,15096,,RB,0,7,0.0,0.191,0.0,0.0,0.0,0.0
2021,13378,,RB,0,8,0.0,1.765,0.0,13.5,0.0,1.19
2021,13641,"McCloud, Ray-Ray",WR,0,12,0.0,2.461,0.0,14.0,0.0,1.23
2021,13338,,CB+S,0,9,0.0,0.306,0.0,13.7,0.0,1.21
2021,14549,,WR,0,4,0.0,0.123,0.0,0.0,0.0,0.0
2021,15543,,LB,0,9,0.0,0.272,0.0,8.0,0.0,0.7
2021,12378,,TE,0,12,0.0,3.387,0.0,9.1,0.0,0.8
2021,15303,"Fehoko, Simi",WR,0,5,0.0,0.036,0.0,0.0,0.0,0.0
2021,13756,,CB+S,0,13,0.0,0.122,0.0,2.1,0.0,0.18
2021,15003,"Stone, Geno",CB+S,0,12,0.0,0.345,0.0,11.2,0.0,0.99
2021,14264,,CB+S,0,13,0.0,0.824,0.0,18.6,0.0,1.64
2021,15401,"Wright, Nahshon",CB+S,0,10,0.0,0.312,0.0,7.3,0.0,0.64
2021,14280,"Miller, Scotty",WR,0,8,0.0,0.583,0.0,0.0,0.0,0.0
2021,10940,,TE,0,4,0.0,0.105,0.0,0.0,0.0,0.0
2021,14900,"Madubuike, Nnamdi",DT+DE,0,12,0.0,3.864,0.0,49.5,0.0,4.36
2021,15172,,RB,0,1,0.0,0.033,0.0,0.0,0.0,0.0
2021,14131,,WR,0,13,0.0,0.302,0.0,0.0,0.0,0.0
2021,15275,,RB,0,10,0.0,1.147,0.0,9.1,0.0,0.8
2021,11000,,LB,0,13,0.0,0.295,0.0,9.0,0.0,0.79
2021,15486,,CB+S,0,7,0.0,0.135,0.0,3.9,0.0,0.34
2021,9200,,WR,0,13,0.0,0.251,0.0,0.0,0.0,0.0
2021,12738,,CB+S,0,8,0.0,1.573,0.0,25.1,0.0,2.21
2021,15560,,DT+DE,0,2,0.0,0.02,0.0,0.0,0.0,0.0
2021,14037,"Davis, Jalen",CB+S,0,13,0.0,0.409,0.0,10.1,0.0,0.89
2021,14098,,RB,0,10,0.0,0.083,0.0,0.0,0.0,0.0
2021,13929,,DT+DE,0,7,0.0,1.495,0.0,18.0,0.0,1.58
2021,12813,,CB+S,0,13,0.0,4.461,0.0,81.3,0.0,7.15
2021,15094,"Locke, P.J.",CB+S,0,12,0.0,0.121,0.0,2.1,0.0,0.18
2021,14238,,DT+DE,0,3,0.0,0.44,0.0,4.5,0.0,0.4
2021,13679,,TE,0,13,0.0,0.997,0.0,0.0,0.0,0.0
2021,15425,,TE,0,9,0.0,0.115,0.0,0.0,0.0,0.0
2021,15334,"Long, Hunter",TE,0,5,0.0,0.077,0.0,0.0,0.0,0.0
2021,14906,,CB+S,0,4,0.0,0.207,0.0,5.7,0.0,0.5
2021,15313,,WR,0,5,0.0,0.074,0.0,0.0,0.0,0.0
2021,14872,,TE,0,1,0.0,0.0,0.0,0.0,0.0,0.0
2021,10280,,DT+DE,0,13,0.0,0.81,0.0,7.0,0.0,0.62
2021,13305,,CB+S,0,13,0.0,0.38,0.0,9.4,0.0,0.83
2021,10874,,CB+S,0,13,0.0,0.515,0.0,14.2,0.0,1.25
2021,12851,,LB,0,13,0.0,1.014,0.0,16.0,0.0,1.41
2021,14118,"Humphrey, Lil'Jordan",WR,0,6,0.0,1.417,0.0,4.8,0.0,0.42
2021,12309,,TE,0,13,0.0,2.701,0.0,2.6,0.0,0.23
2021,9819,,DT+DE,0,1,0.0,0.02,0.0,0.0,0.0,0.0
2021,13135,,RB,0,8,0.0,0.597,0.0,0.0,0.0,0.0
2021,14341,"Parham, Donald",TE,0,13,0.0,3.697,0.0,11.1,0.0,0.98
2021,12845,,RB,0,11,0.0,0.272,0.0,0.0,0.0,0.0
2021,14154,"Nelson, Anthony",LB,0,13,0.0,1.029,0.0,20.0,0.0,1.76
2021,15360,,CB+S,0,4,0.0,0.111,0.0,6.7,0.0,0.59
2021,14405,"Granderson, Carl",DT+DE,0,12,0.0,3.472,0.0,41.0,0.0,3.61
2021,13369,,TE,0,13,0.0,0.566,0.0,0.0,0.0,0.0
2021,14287,,RB,0,11,0.0,0.133,0.0,0.0,0.0,0.0
2021,14271,,CB+S,0,13,0.0,0.67,0.0,17.5,0.0,1.54
2021,14146,"Sample, Drew",TE,0,13,0.0,0.821,0.0,0.0,0.0,0.0
2021,15430,,CB+S,0,13,0.0,2.673,0.0,48.7,0.0,4.29
2021,10398,,TE,0,12,0.0,1.631,0.0,1.4,0.0,0.12
2021,15229,,CB+S,0,9,0.0,1.384,0.0,26.5,0.0,2.33
2021,13686,,LB,0,3,0.0,0.016,0.0,0.5,0.0,0.04
2021,13407,,CB+S,0,11,0.0,0.282,0.0,9.0,0.0,0.79
2021,12719,,CB+S,0,2,0.0,0.033,0.0,1.3,0.0,0.11
2021,15344,"Bates, John",TE,0,14,0.0,1.844,0.0,0.1,0.0,0.01
2021,13864,,WR,0,13,0.0,0.673,0.0,0.3,0.0,0.03
2021,15002,,LB,0,7,0.0,0.198,0.0,4.0,0.0,0.35
2021,12211,,TE,0,12,0.0,1.178,0.0,4.7,0.0,0.41
2021,14472,"Dodson, Tyrel",LB,0,13,0.0,0.45,0.0,12.5,0.0,1.1
2021,12657,,WR,0,13,0.0,1.619,0.0,4.6,0.0,0.41
2021,12829,,CB+S,0,6,0.0,0.121,0.0,3.9,0.0,0.34
2021,15285,"Wallace, Tylan",WR,0,13,0.0,0.204,0.0,0.0,0.0,0.0
2021,14999,,LB,0,8,0.0,0.157,0.0,4.5,0.0,0.4
2021,15356,"Browning, Baron",LB,0,11,0.0,1.833,0.0,32.0,0.0,2.82
2021,13220,,LB,0,13,0.0,0.663,0.0,15.0,0.0,1.32
2021,14860,"Jennings, Jauan",WR,0,12,0.0,1.161,0.0,3.6,0.0,0.32
2021,12525,,LB,0,6,0.0,0.517,0.0,10.5,0.0,0.92
2021,15419,"Granson, Kylen",TE,0,13,0.0,1.32,0.0,0.0,0.0,0.0
2021,15452,"Hufanga, Talanoa",CB+S,0,13,0.0,1.842,0.0,41.3,0.0,3.63
2021,14456,,CB+S,0,1,0.0,0.0,0.0,0.0,0.0,0.0
2021,15410,,LB,0,7,0.0,0.089,0.0,2.0,0.0,0.18
2021,13585,,WR,0,10,0.0,1.403,0.0,6.8,0.0,0.6
2021,15326,,WR,0,9,0.0,0.343,0.0,0.0,0.0,0.0
2021,12850,,CB+S,0,13,0.0,0.172,0.0,6.8,0.0,0.6
2021,14980,,LB,0,9,0.0,0.247,0.0,5.5,0.0,0.48
2021,15103,"Gilliam, Reggie",TE,0,12,0.0,0.368,0.0,0.0,0.0,0.0
2021,15449,"Britt, K.J.",LB,0,13,0.0,0.214,0.0,5.0,0.0,0.44
2021,12110,,TE,0,13,0.0,2.982,0.0,0.3,0.0,0.02
2021,14209,"Oliver, Josh",TE,0,12,0.0,0.934,0.0,0.0,0.0,0.0
2021,14738,,DT+DE,0,8,0.0,1.229,0.0,13.5,0.0,1.19
2021,14989,,DT+DE,0,12,0.0,0.805,0.0,8.5,0.0,0.75
2021,12656,,WR,0,15,0.0,2.143,0.0,9.2,0.0,0.81
2021,15440,"Taylor, Keith",CB+S,0,13,0.0,1.513,0.0,38.5,0.0,3.39
2021,15335,"Farrell, Luke",TE,0,12,0.0,0.614,0.0,0.0,0.0,0.0
2021,15004,,CB+S,0,8,0.0,0.221,0.0,5.8,0.0,0.51
2021,15424,"Johnson, Buddy",LB,0,4,0.0,0.053,0.0,2.0,0.0,0.18
2021,15417,,CB+S,0,12,0.0,0.447,0.0,11.6,0.0,1.02
2021,15042,,RB,0,9,0.0,0.205,0.0,0.0,0.0,0.0
2021,11555,,CB+S,0,13,0.0,0.381,0.0,12.3,0.0,1.08
2021,14276,,CB+S,0,11,0.0,2.27,0.0,52.6,0.0,4.63
2021,15465,,CB+S,0,5,0.0,0.086,0.0,1.3,0.0,0.11
2021,10884,,CB+S,0,6,0.0,0.102,0.0,2.6,0.0,0.23
2021,14971,"Washington, Broderick",DT+DE,0,10,0.0,1.284,0.0,11.5,0.0,1.01
2021,15160,,CB+S,0,13,0.0,2.198,0.0,45.8,0.0,4.03
2021,14231,,TE,0,10,0.0,0.327,0.0,0.0,0.0,0.0
2021,12978,"Goodwin, C.J.",CB+S,0,13,0.0,0.152,0.0,7.3,0.0,0.64
2021,14379,"Woods, Josh",LB,0,12,0.0,1.676,0.0,27.5,0.0,2.42
2021,15214,,TE,0,7,0.0,0.565,0.0,0.0,0.0,0.0
2021,10762,,DT+DE,0,13,0.0,4.078,0.0,55.0,0.0,4.84
2021,12523,,CB+S,0,13,0.0,2.125,0.0,49.5,0.0,4.36
2021,13194,,TE,0,13,0.0,0.297,0.0,0.0,0.0,0.0
2021,11492,,DT+DE,0,7,0.0,0.921,0.0,9.0,0.0,0.79
2021,12443,,WR,0,11,0.0,0.202,0.0,0.0,0.0,0.0
2021,15244,"Franks, Feleipe",QB,0,9,0.0,0.042,0.0,0.0,0.0,0.0
2021,14442,"Kuntz, Christian",LB,0,13,0.0,0.173,0.0,2.0,0.0,0.18
2021,11776,,CB+S,0,8,0.0,0.582,0.0,12.8,0.0,1.13
2021,13784,,CB+S,0,10,0.0,2.594,0.0,41.9,0.0,3.69
2021,14024,,CB+S,0,12,0.0,1.2,0.0,23.5,0.0,2.07
2021,14962,"Gipson, Trevis",DT+DE,0,12,0.0,4.832,0.0,69.0,0.0,6.07
2021,12288,,DT+DE,0,4,0.0,0.426,0.0,4.5,0.0,0.4
2021,14592,"Zaccheaus, Olamide",WR,0,13,0.0,2.833,0.0,17.6,0.0,1.55
2021,14411,,CB+S,0,13,0.0,3.062,0.0,60.7,0.0,5.34
2021,13286,,DT+DE,0,11,0.0,2.118,0.0,25.0,0.0,2.2
2021,11314,,CB+S,0,11,0.0,2.823,0.0,55.3,0.0,4.87
2021,14503,"Kennedy, Tom",WR,0,9,0.0,0.201,0.0,0.0,0.0,0.0
2021,13940,"Mundt, Johnny",TE,0,6,0.0,0.077,0.0,0.0,0.0,0.0
2021,14251,"Cashman, Blake",LB,0,3,0.0,0.232,0.0,3.0,0.0,0.26
2021,11512,,CB+S,0,11,0.0,2.015,0.0,43.4,0.0,3.82
2021,15148,"Franklin, Sam",CB+S,0,13,0.0,0.828,0.0,21.0,0.0,1.85
2021,15469,"Hamlin, Damar",CB+S,0,10,0.0,0.154,0.0,5.6,0.0,0.49
2021,12544,,CB+S,0,13,0.0,0.434,0.0,10.5,0.0,0.92
2021,15460,,DT+DE,0,12,0.0,0.549,0.0,5.5,0.0,0.48
2021,15484,"Cooper, Jonathon",LB,0,13,0.0,2.116,0.0,39.0,0.0,3.43
2021,10368,,RB,0,13,0.0,0.194,0.0,0.0,0.0,0.0
2021,14876,"Deguara, Josiah",TE,0,12,0.0,1.953,0.0,3.4,0.0,0.3
2021,14665,,TE,0,1,0.0,0.0,0.0,0.0,0.0,0.0
2021,11890,,WR,0,12,0.0,1.857,0.0,6.6,0.0,0.58
2021,15537,,DT+DE,0,4,0.0,0.081,0.0,0.0,0.0,0.0
2021,13296,"Wise, Deatrich",DT+DE,0,13,0.0,4.189,0.0,60.5,0.0,5.32
2021,15413,"Rumph, Chris",DT+DE,0,13,0.0,2.1,0.0,22.5,0.0,1.98
2021,12699,"Billings, Andrew",DT+DE,0,6,0.0,0.14,0.0,0.5,0.0,0.04
2021,13642,,WR,0,7,0.0,0.474,0.0,0.0,0.0,0.0
2021,14957,"Robertson, Amik",CB+S,0,8,0.0,1.175,0.0,22.2,0.0,1.95
2021,14150,,DT+DE,0,11,0.0,3.035,0.0,42.0,0.0,3.7
2021,15443,"Wallow, Garret",LB,0,13,0.0,0.26,0.0,7.5,0.0,0.66
2021,14543,,LB,0,6,0.0,0.017,0.0,1.0,0.0,0.09
2021,15387,"Werner, Pete",LB,0,11,0.0,2.201,0.0,42.0,0.0,3.7
2021,14848,"Proche, James",WR,0,12,0.0,0.721,0.0,4.5,0.0,0.39
2021,13388,,LB,0,7,0.0,0.088,0.0,2.0,0.0,0.18
2021,15530,,LB,0,6,0.0,0.018,0.0,0.5,0.0,0.04
2021,14959,,CB+S,0,8,0.0,0.052,0.0,3.4,0.0,0.3
2021,15396,"Deablo, Divine",CB+S,0,13,0.0,1.627,0.0,27.5,0.0,2.42
2021,12182,,WR,0,1,0.0,0.013,0.0,0.0,0.0,0.0
2021,15191,,CB+S,0,11,0.0,1.226,0.0,25.7,0.0,2.26
2021,13225,,CB+S,0,13,0.0,3.963,0.0,69.2,0.0,6.09
2021,14183,,CB+S,0,13,0.0,0.226,0.0,7.3,0.0,0.64
2021,15482,,DT+DE,0,3,0.0,0.042,0.0,0.0,0.0,0.0
2021,15353,"Surratt, Chazz",LB,0,6,0.0,0.054,0.0,0.0,0.0,0.0
2021,14942,"Burgess, Terrell",CB+S,0,13,0.0,0.136,0.0,5.0,0.0,0.44
2021,12542,,LB,0,12,0.0,0.271,0.0,5.5,0.0,0.48
2021,13396,,TE,0,11,0.0,0.332,0.0,0.0,0.0,0.0
2021,14995,"Metellus, Josh",CB+S,0,12,0.0,0.237,0.0,6.3,0.0,0.55
2021,13290,,RB,0,1,0.0,0.033,0.0,0.0,0.0,0.0
2021,13970,,CB+S,0,1,0.0,0.0,0.0,0.0,0.0,0.0
2021,15541,"Stoll, Jack",TE,0,13,0.0,0.516,0.0,0.0,0.0,0.0
2021,15337,"Gray, Noah",TE,0,14,0.0,0.957,0.0,0.0,0.0,0.0
2021,13445,,TE,0,13,0.0,1.094,0.0,0.0,0.0,0.0
2021,15301,"Atwell, Tutu",WR,0,8,0.0,0.25,0.0,0.0,0.0,0.0
2021,15468,"Dimukeje, Victor",LB,0,10,0.0,0.036,0.0,1.0,0.0,0.09
2021,12481,"Hewitt, Neville",LB,0,13,0.0,1.185,0.0,24.5,0.0,2.16
2021,13239,,RB,0,13,0.0,1.127,0.0,2.1,0.0,0.18
2021,15062,,LB,0,12,0.0,0.271,0.0,7.5,0.0,0.66
2021,14294,,TE,0,12,0.0,1.096,0.0,0.0,0.0,0.0
2021,15492,"Tonga, Khyiris",DT+DE,0,12,0.0,1.818,0.0,19.5,0.0,1.72
2021,11951,,WR,0,8,0.0,0.219,0.0,0.0,0.0,0.0
2021,13468,,CB+S,0,3,0.0,0.067,0.0,1.3,0.0,0.11
2021,15000,,LB,0,12,0.0,0.365,0.0,10.0,0.0,0.88
2021,14342,,WR,0,11,0.0,0.306,0.0,0.0,0.0,0.0
2021,14335,,PK,0,1,0.0,0.0,0.0,0.0,0.0,0.0
2021,14561,,WR,0,9,0.0,0.642,0.0,0.0,0.0,0.0
2021,14257,"Speed, E.J.",LB,0,13,0.0,1.191,0.0,24.5,0.0,2.16
2021,14898,,DT+DE,0,10,0.0,1.763,0.0,19.5,0.0,1.72
2021,14359,"Johnson, Jakob",RB,0,13,0.0,0.216,0.0,0.0,0.0,0.0
2021,15054,,TE,0,12,0.0,0.413,0.0,0.0,0.0,0.0
2021,15276,,RB,0,1,0.0,0.033,0.0,0.0,0.0,0.0
2021,15016,"Jackson, Dane",CB+S,0,13,0.0,1.685,0.0,36.3,0.0,3.19
2021,15180,,CB+S,0,1,0.0,0.0,0.0,0.0,0.0,0.0
2021,13953,"Thomas, Tavierre",CB+S,0,14,0.0,4.164,0.0,75.2,0.0,6.62
2021,11761,,RB,0,11,0.0,0.57,0.0,0.0,0.0,0.0
2021,14886,,DT+DE,0,4,0.0,0.28,0.0,3.0,0.0,0.26
2021,15459,,DT+DE,0,13,0.0,1.52,0.0,18.0,0.0,1.58
2021,12806,,RB,0,9,0.0,0.26,0.0,0.0,0.0,0.0
2021,15070,,TE,0,6,0.0,0.813,0.0,0.4,0.0,0.03
2021,13199,"Thomas, Solomon",DT+DE,0,13,0.0,4.383,0.0,57.0,0.0,5.02
2021,14966,,LB,0,12,0.0,0.264,0.0,7.0,0.0,0.62
2021,13789,,RB,0,4,0.0,0.068,0.0,0.0,0.0,0.0
2021,15442,,CB+S,0,6,0.0,0.068,0.0,0.8,0.0,0.07
2021,13591,,QB,0,4,0.0,0.0,0.0,0.0,0.0,0.0
2021,13365,,DT+DE,0,12,0.0,0.54,0.0,5.5,0.0,0.48
2021,15404,"Jones, Ernest",LB,0,13,0.0,3.156,0.0,56.5,0.0,4.97
2021,13780,,CB+S,0,13,0.0,0.086,0.0,3.4,0.0,0.3
2021,13065,,TE,0,13,0.0,0.3,0.0,0.0,0.0,0.0
2021,13930,,LB,0,5,0.0,0.173,0.0,3.5,0.0,0.31
2021,13753,"Akins, Jordan",TE,0,10,0.0,1.792,0.0,2.2,0.0,0.19
2021,12486,,CB+S,0,12,0.0,2.737,0.0,52.8,0.0,4.65
2021,15426,,CB+S,0,8,0.0,0.187,0.0,6.1,0.0,0.54
2021,11993,,DT+DE,0,7,0.0,0.708,0.0,5.0,0.0,0.44
2021,14028,,CB+S,0,13,0.0,2.079,0.0,45.0,0.0,3.96
2021,15123,,TE,0,10,0.0,0.151,0.0,0.0,0.0,0.0
2021,13546,,TE,0,13,0.0,0.797,0.0,0.0,0.0,0.0
2021,15458,"Tuipulotu, Marlon",DT+DE,0,5,0.0,0.299,0.0,2.5,0.0,0.22
2021,12126,,DT+DE,0,10,0.0,2.438,0.0,29.0,0.0,2.55
2021,15019,,LB,0,12,0.0,0.8,0.0,19.0,0.0,1.67
2021,14943,"Davis-Gaither, Akeem",LB,0,9,0.0,1.534,0.0,31.0,0.0,2.73
2021,12608,"Winchester, James",TE,0,13,0.0,0.261,0.0,0.0,0.0,0.0
2021,13980,"Badgley, Mike",PK,0,9,0.0,4.417,0.0,69.5,0.0,6.12
2021,14372,,TE,0,10,0.0,0.305,0.0,0.0,0.0,0.0
2021,13246,"Alie-Cox, Mo",TE,0,16,0.0,3.793,0.0,15.9,0.0,1.4
2021,15427,,DT+DE,0,3,0.0,0.061,0.0,0.0,0.0,0.0
2021,13692,"Vea, Vita",DT+DE,0,12,0.0,4.352,0.0,56.5,0.0,4.97
2021,13941,,DT+DE,0,12,0.0,2.562,0.0,37.0,0.0,3.26
2021,14478,,LB,0,9,0.0,0.555,0.0,12.5,0.0,1.1
2021,15461,"Lopez, Roy",DT+DE,0,13,0.0,2.622,0.0,34.5,0.0,3.04
2021,11150,"Smith, Geno",QB,0,5,0.0,1.0,0.0,3.4,0.0,0.3
2021,14204,,DT+DE,0,8,0.0,0.361,0.0,2.5,0.0,0.22
2021,13701,,LB,0,13,0.0,0.126,0.0,2.5,0.0,0.22
2021,14984,"Woerner, Charlie",TE,0,13,0.0,0.814,0.0,0.0,0.0,0.0
2021,13621,,RB,0,13,0.0,0.244,0.0,0.0,0.0,0.0
2021,14671,,CB+S,0,13,0.0,0.697,0.0,21.1,0.0,1.86
2021,14242,,LB,0,12,0.0,0.051,0.0,2.5,0.0,0.22
2021,11375,,LB,0,11,0.0,2.527,0.0,41.0,0.0,3.61
2021,13188,,TE,0,13,0.0,1.604,0.0,9.2,0.0,0.81
2021,12783,,CB+S,0,10,0.0,1.663,0.0,32.2,0.0,2.83
2021,15259,"Stevenson, Rhamondre",RB,0,9,0.0,3.058,0.0,29.0,0.0,2.55
2021,15376,"Turner, Payton",DT+DE,1,5,0.0,1.74,0.0,24.0,0.0,2.11
2021,14907,"Delpit, Grant",CB+S,0,12,0.0,3.831,0.0,68.8,0.0,6.05
2021,13987,"Spillane, Robert",LB,0,10,0.0,1.286,0.0,21.5,0.0,1.89
2021,12751,"Gotsis, Adam",DT+DE,0,12,0.0,3.271,0.0,37.5,0.0,3.3
2021,15252,"Mills, Davis",QB,0,9,0.0,2.0,0.0,15.9,0.0,1.4
2021,14278,,CB+S,0,9,0.0,2.424,0.0,44.4,0.0,3.91
2021,15020,,CB+S,0,9,0.0,1.997,0.0,45.8,0.0,4.03
2021,11735,,CB+S,0,12,0.0,1.834,0.0,43.0,0.0,3.78
2021,13760,"Whitehead, Jordan",CB+S,0,10,0.0,4.029,0.0,77.2,0.0,6.79
2021,12696,,DT+DE,0,6,0.0,0.98,0.0,13.5,0.0,1.19
2021,13228,"Hooker, Malik",CB+S,0,12,0.0,1.612,0.0,39.1,0.0,3.44
2021,12280,,DT+DE,0,11,0.0,3.035,0.0,40.0,0.0,3.52
2021,12637,,RB,0,6,0.0,1.122,0.0,15.8,0.0,1.39
2021,14935,,CB+S,0,11,0.0,2.863,0.0,52.8,0.0,4.65
2021,15183,,QB,0,12,0.0,0.292,0.0,0.0,0.0,0.0
2021,14205,"Johnson, Lonnie",CB+S,0,12,0.0,4.375,0.0,75.4,0.0,6.64
2021,15544,,TE,0,5,0.0,0.113,0.0,0.0,0.0,0.0
2021,14899,"Kinlaw, Javon",DT+DE,0,4,0.0,0.717,0.0,7.5,0.0,0.66
2021,15561,,LB,0,11,0.0,0.325,0.0,8.0,0.0,0.7
2021,11532,,CB+S,0,12,0.0,0.238,0.0,7.6,0.0,0.67
2021,15547,,CB+S,0,12,0.0,0.221,0.0,8.1,0.0,0.71
2021,10851,,CB+S,0,11,0.0,3.197,0.0,75.8,0.0,6.67
2021,11537,,CB+S,0,7,0.0,0.552,0.0,15.4,0.0,1.36
2021,13310,,LB,0,8,0.0,0.086,0.0,4.5,0.0,0.4
2021,15382,"Onwuzurike, Levi",DT+DE,0,12,0.0,3.163,0.0,38.5,0.0,3.39
2021,13234,,RB,0,6,0.0,0.284,0.0,0.0,0.0,0.0
2021,15565,"Hoecht, Michael",DT+DE,0,12,0.0,0.735,0.0,7.5,0.0,0.66
2021,13755,"Holmes, Jalyn",DT+DE,0,5,0.0,1.253,0.0,15.0,0.0,1.32
2021,11280,,DT+DE,0,8,0.0,2.092,0.0,27.5,0.0,2.42
2021,15212,,DT+DE,0,12,0.0,1.564,0.0,17.0,0.0,1.5
2021,14126,,WR,0,7,0.0,0.452,0.0,1.6,0.0,0.14
2021,15573,,LB,0,9,0.0,0.085,0.0,2.5,0.0,0.22
2021,13681,"Chubb, Bradley",LB,0,5,0.0,0.247,0.0,7.5,0.0,0.66
2021,14155,"Collier, L.J.",DT+DE,0,7,0.0,0.979,0.0,9.5,0.0,0.84
2021,9596,"Morstead, Thomas",PN,0,10,0.0,5.0,0.0,72.0,0.0,6.34
2021,13637,,WR,0,10,0.0,0.657,0.0,0.0,0.0,0.0
2021,14941,,LB,0,9,0.0,2.093,0.0,37.5,0.0,3.3
2021,13537,,LB,0,4,0.0,0.388,0.0,7.5,0.0,0.66
2021,15011,,LB,0,10,0.0,0.451,0.0,12.0,0.0,1.06
2021,14121,,WR,0,4,0.0,0.037,0.0,0.0,0.0,0.0
2021,15433,"Loudermilk, Isaiahh",DT+DE,0,11,0.0,1.524,0.0,19.5,0.0,1.72
2021,15429,"Graham, Ta'Quon",DT+DE,0,9,0.0,0.971,0.0,10.5,0.0,0.92
2021,13326,,RB,0,10,0.0,0.355,0.0,0.0,0.0,0.0
2021,14827,,RB,0,5,0.0,0.668,0.0,6.6,0.0,0.58
2021,14824,,RB,0,4,0.0,0.038,0.0,0.0,0.0,0.0
2021,15473,"McDuffie, Isaiah",LB,0,9,0.0,0.036,0.0,1.0,0.0,0.09
2021,15088,,TE,0,4,0.0,0.038,0.0,0.0,0.0,0.0
2021,14929,,DT+DE,0,11,0.0,4.115,0.0,54.0,0.0,4.75
2021,15564,,TE,0,5,0.0,0.348,0.0,0.0,0.0,0.0
2021,15149,,WR,0,2,0.0,0.0,0.0,0.0,0.0,0.0
2021,11274,,DT+DE,0,6,0.0,0.87,0.0,8.5,0.0,0.75
2021,13963,"Hodge, KhaDarel",WR,0,12,0.0,0.538,0.0,0.0,0.0,0.0
2021,13779,,LB,0,7,0.0,0.27,0.0,4.5,0.0,0.4
2021,14151,"Ferrell, Clelin",DT+DE,0,12,0.0,1.709,0.0,18.0,0.0,1.58
2021,14259,,CB+S,0,1,0.0,0.017,0.0,0.0,0.0,0.0
2021,13254,,TE,0,9,0.0,1.189,0.0,0.0,0.0,0.0
2021,14502,,CB+S,0,11,0.0,0.3,0.0,11.1,0.0,0.98
2021,12489,,LB,0,12,0.0,1.056,0.0,27.5,0.0,2.42
2021,10220,,CB+S,0,11,0.0,2.423,0.0,51.8,0.0,4.56
2021,14272,,CB+S,0,10,0.0,0.419,0.0,9.4,0.0,0.83
2021,15510,"Washington, Ar'Darius",CB+S,0,4,0.0,0.033,0.0,0.8,0.0,0.07
2021,14945,,CB+S,0,2,0.0,0.017,0.0,0.0,0.0,0.0
2021,15347,,DT+DE,0,2,0.0,0.103,0.0,1.0,0.0,0.09
2021,13412,,WR,0,11,0.0,1.919,0.0,9.1,0.0,0.8
2021,12774,,LB,0,1,0.0,0.0,0.0,0.0,0.0,0.0
2021,13266,"Witherspoon, Ahkello",CB+S,0,5,0.0,1.694,0.0,32.6,0.0,2.87
2021,14919,"Igbinoghene, Noah",CB+S,0,6,0.0,0.331,0.0,7.8,0.0,0.69
2021,13735,,DT+DE,0,10,0.0,2.845,0.0,37.5,0.0,3.3
2021,15521,"Ogbongbemiga, Amen",LB,0,11,0.0,1.018,0.0,21.5,0.0,1.89
2021,10778,,CB+S,0,6,0.0,0.491,0.0,10.1,0.0,0.89
2021,14963,"Thomas, Daniel",CB+S,0,12,0.0,0.193,0.0,5.8,0.0,0.51
2021,13172,"Brown, Noah",WR,0,11,0.0,1.295,0.0,3.2,0.0,0.28
2021,12645,"Treadwell, Laquon",WR,0,10,0.0,2.243,0.0,12.0,0.0,1.06
2021,12834,,CB+S,0,5,0.0,0.155,0.0,4.7,0.0,0.41
2021,15488,,RB,0,1,0.0,0.0,0.0,0.0,0.0,0.0
2021,13758,,LB,0,10,0.0,0.069,0.0,6.0,0.0,0.53
2021,12906,,CB+S,0,6,0.0,0.903,0.0,23.2,0.0,2.04
2021,12748,,CB+S,0,4,0.0,0.017,0.0,0.0,0.0,0.0
2021,13202,"Lawson, Carl",DT+DE,0,4,0.0,0.062,0.0,0.0,0.0,0.0
2021,14495,"Gifford, Luke",LB,0,12,0.0,0.359,0.0,8.5,0.0,0.75
2021,13416,,QB,0,6,0.0,0.25,0.0,0.0,0.0,0.0
2021,15204,,CB+S,0,6,0.0,0.582,0.0,12.9,0.0,1.14
2021,13115,"Trubisky, Mitchell",QB,0,5,0.0,0.0,0.0,0.0,0.0,0.0
2021,10262,,QB,0,4,0.0,0.0,0.0,0.0,0.0,0.0
2021,14780,,QB,0,1,0.0,0.0,0.0,0.0,0.0,0.0
2021,13639,,WR,0,3,0.0,0.536,0.0,4.1,0.0,0.36
2021,14853,,WR,0,10,0.0,0.695,0.0,2.2,0.0,0.19
2021,12219,"Edwards, Mario",DT+DE,0,9,0.0,1.034,0.0,15.0,0.0,1.32
2021,13998,,CB+S,0,10,0.0,3.828,0.0,64.8,0.0,5.7
2021,13391,,TE,0,4,0.0,0.875,0.0,0.0,0.0,0.0
2021,15397,"Golston, Chauncey",DT+DE,0,11,0.0,3.102,0.0,35.5,0.0,3.12
2021,15589,"White, Cody",WR,0,11,0.0,0.337,0.0,0.0,0.0,0.0
2021,14178,,CB+S,0,6,0.0,0.737,0.0,18.7,0.0,1.65
2021,10653,,LB,0,10,0.0,2.936,0.0,53.5,0.0,4.71
2021,11227,,WR,0,11,0.0,0.84,0.0,2.9,0.0,0.25
2021,10294,,CB+S,0,8,0.0,0.38,0.0,15.7,0.0,1.38
2021,13912,,WR,0,4,0.0,0.43,0.0,0.0,0.0,0.0
2021,15321,,WR,0,7,0.0,0.688,0.0,0.0,0.0,0.0
2021,13100,,DT+DE,0,7,0.0,0.579,0.0,4.5,0.0,0.4
2021,15491,"Skowronek, Ben",WR,0,11,0.0,0.71,0.0,0.0,0.0,0.0
2021,15028,,DT+DE,0,11,0.0,1.12,0.0,11.0,0.0,0.97
2021,15568,,CB+S,0,11,0.0,0.557,0.0,11.2,0.0,0.99
2021,12773,"Moore, Chris",WR,0,9,0.0,1.233,0.0,16.8,0.0,1.48
2021,15586,"Johnson, Caleb",LB,0,8,0.0,0.167,0.0,5.5,0.0,0.48
2021,13836,,LB,0,11,0.0,0.42,0.0,9.5,0.0,0.84
2021,15592,,LB,0,2,0.0,0.083,0.0,2.0,0.0,0.18
2021,13502,,DT+DE,0,8,0.0,1.183,0.0,13.5,0.0,1.19
2021,15593,,TE,0,4,0.0,0.038,0.0,0.0,0.0,0.0
2021,15431,"Fields, Tony",LB,0,9,0.0,0.0,0.0,3.0,0.0,0.26
2021,15585,"Williams, Chris",DT+DE,0,3,0.0,0.103,0.0,0.5,0.0,0.04
2021,13275,,DT+DE,0,7,0.0,1.369,0.0,15.5,0.0,1.36
2021,12188,"Dorsett, Phillip",WR,0,4,0.0,0.388,0.0,0.4,0.0,0.03
2021,10948,"Keenum, Case",QB,0,6,0.0,0.333,0.0,0.0,0.0,0.0
2021,15472,,LB,0,10,0.0,1.979,0.0,36.0,0.0,3.17
2021,15444,,LB,0,1,0.0,0.0,0.0,0.0,0.0,0.0
2021,13797,,CB+S,0,3,0.0,0.036,0.0,0.0,0.0,0.0
2021,11806,,CB+S,0,10,0.0,2.063,0.0,36.7,0.0,3.23
2021,14293,,CB+S,0,5,0.0,0.016,0.0,0.8,0.0,0.07
2021,14321,,WR,0,2,0.0,0.012,0.0,0.0,0.0,0.0
2021,14275,,LB,0,2,0.0,0.0,0.0,0.5,0.0,0.04
2021,13916,,RB,0,7,0.0,0.156,0.0,0.0,0.0,0.0
2021,15451,,CB+S,0,11,0.0,0.154,0.0,6.3,0.0,0.55
2021,13918,,CB+S,0,9,0.0,0.69,0.0,16.2,0.0,1.43
2021,13124,"Rush, Cooper",QB,0,3,0.0,0.75,0.0,2.8,0.0,0.25
2021,13857,,TE,0,4,0.0,0.077,0.0,0.0,0.0,0.0
2021,15494,,LB,0,1,0.0,0.0,0.0,0.0,0.0,0.0
2021,13612,,RB,0,1,0.0,0.0,0.0,0.0,0.0,0.0
2021,12760,,CB+S,0,3,0.0,0.071,0.0,1.6,0.0,0.14
2021,14810,,RB,0,8,0.0,0.166,0.0,0.0,0.0,0.0
2021,14263,"Ballentine, Corey",CB+S,0,4,0.0,0.071,0.0,2.4,0.0,0.21
2021,14291,,DT+DE,0,2,0.0,0.041,0.0,0.0,0.0,0.0
2021,13611,,RB,0,1,0.0,0.0,0.0,0.0,0.0,0.0
2021,11740,,CB+S,0,2,0.0,0.0,0.0,0.0,0.0,0.0
2021,15448,"Pinnock, Jason",CB+S,0,8,0.0,0.016,0.0,4.7,0.0,0.41
2021,14130,,WR,0,11,0.0,1.013,0.0,1.3,0.0,0.12
2021,15476,"Mukuamu, Israel",CB+S,0,3,0.0,0.0,0.0,0.0,0.0,0.0
2021,14319,"Beck, Andrew",TE,0,11,0.0,0.225,0.0,0.0,0.0,0.0
2021,13512,,DT+DE,0,1,0.0,0.021,0.0,0.0,0.0,0.0
2021,15406,,CB+S,0,10,0.0,1.701,0.0,34.0,0.0,2.99
2021,14200,"Tavai, Jahlani",LB,0,9,0.0,0.385,0.0,9.5,0.0,0.84
2021,13026,,LB,0,4,0.0,0.019,0.0,0.0,0.0,0.0
2021,13914,,CB+S,0,7,0.0,0.767,0.0,16.9,0.0,1.49
2021,12790,,CB+S,0,5,0.0,0.089,0.0,2.1,0.0,0.18
2021,12938,,CB+S,0,1,0.0,0.0,0.0,0.0,0.0,0.0
2021,15159,,DT+DE,0,11,0.0,1.273,0.0,14.0,0.0,1.23
2021,13155,,WR,0,10,0.0,1.487,0.0,11.1,0.0,0.98
2021,10393,,CB+S,0,4,0.0,1.161,0.0,23.8,0.0,2.09
2021,15140,"Lewis, Cam",CB+S,0,3,0.0,0.714,0.0,10.0,0.0,0.88
2021,14809,,RB,0,2,0.0,0.321,0.0,0.3,0.0,0.03
2021,15348,"Basham, Carlos",DT+DE,0,5,0.0,2.041,0.0,23.0,0.0,2.02
2021,13157,"Samuel, Curtis",WR,0,5,0.0,0.385,0.0,0.0,0.0,0.0
2021,12248,,CB+S,0,2,0.0,0.231,0.0,6.5,0.0,0.57
2021,11017,,CB+S,0,10,0.0,2.613,0.0,52.9,0.0,4.66
2021,13792,,PN,0,3,0.0,0.667,0.0,12.0,0.0,1.06
2021,13087,,CB+S,0,10,0.0,1.132,0.0,23.5,0.0,2.07
2021,14937,,DT+DE,0,6,0.0,0.978,0.0,13.0,0.0,1.14
2021,14551,,WR,0,5,0.0,0.213,0.0,0.0,0.0,0.0
2021,15594,,DT+DE,0,1,0.0,0.26,0.0,3.0,0.0,0.26
2021,13691,,DT+DE,0,2,0.0,0.42,0.0,4.5,0.0,0.4
2021,14426,"Wright, Matthew",PK,0,10,0.0,3.167,0.0,47.1,0.0,4.14
2021,14702,,CB+S,0,7,0.0,0.183,0.0,10.2,0.0,0.9
2021,11801,,CB+S,0,9,0.0,2.345,0.0,42.6,0.0,3.75
2021,15597,,CB+S,0,8,0.0,0.676,0.0,12.9,0.0,1.14
2021,14101,,WR,0,9,0.0,0.546,0.0,0.0,0.0,0.0
2021,13685,"Okoronkwo, Ogbonnia",LB,0,10,0.0,1.375,0.0,28.0,0.0,2.46
2021,13203,,DT+DE,0,8,0.0,1.317,0.0,13.5,0.0,1.19
2021,11213,,WR,0,10,0.0,1.21,0.0,4.2,0.0,0.37
2021,14057,"Lock, Drew",QB,0,2,0.0,0.0,0.0,0.0,0.0,0.0
2021,15580,,DT+DE,0,8,0.0,0.75,0.0,6.0,0.0,0.53
2021,14535,,DT+DE,0,5,0.0,0.295,0.0,3.0,0.0,0.26
2021,15601,,DT+DE,0,3,0.0,0.38,0.0,3.5,0.0,0.31
2021,14917,,RB,0,2,0.0,0.071,0.0,0.0,0.0,0.0
2021,15536,,CB+S,0,1,0.0,0.071,0.0,1.3,0.0,0.11
2021,13955,,CB+S,0,10,0.0,0.266,0.0,11.4,0.0,1.0
2021,15595,"Campbell, Elijah",CB+S,0,7,0.0,0.121,0.0,2.6,0.0,0.23
2021,11192,,RB,0,5,0.0,0.867,0.0,2.6,0.0,0.23
2021,13446,,LB,0,3,0.0,0.065,0.0,2.0,0.0,0.18
2021,14961,,CB+S,0,7,0.0,0.633,0.0,13.6,0.0,1.2
2021,13954,,LB,0,2,0.0,0.017,0.0,0.0,0.0,0.0
2021,15466,,DT+DE,0,2,0.0,0.02,0.0,0.0,0.0,0.0
2021,15177,"Bryant, Myles",CB+S,0,9,0.0,1.923,0.0,42.9,0.0,3.78
2021,14351,,WR,0,2,0.0,0.024,0.0,0.0,0.0,0.0
2021,15519,,LB,0,2,0.0,0.018,0.0,0.0,0.0,0.0
2021,13669,"Turner, Malik",WR,0,10,0.0,1.132,0.0,12.4,0.0,1.09
2021,14871,"Parkinson, Colby",TE,0,10,0.0,0.297,0.0,0.0,0.0,0.0
2021,13348,"Moore, David",WR,0,2,0.0,0.024,0.0,0.0,0.0,0.0
2021,12860,"Fairbairn, Ka'imi",PK,0,10,0.0,2.292,0.0,43.4,0.0,3.82
2021,15013,,CB+S,0,1,0.0,0.036,0.0,0.0,0.0,0.0
2021,12379,,CB+S,0,3,0.0,0.036,0.0,0.0,0.0,0.0
2021,10755,,DT+DE,0,1,0.0,0.02,0.0,0.0,0.0,0.0
2021,14955,,CB+S,0,9,0.0,0.105,0.0,2.4,0.0,0.21
2021,10379,,CB+S,0,3,0.0,0.849,0.0,14.3,0.0,1.26
2021,14996,,TE,0,10,0.0,0.294,0.0,0.0,0.0,0.0
2021,12297,,CB+S,0,3,0.0,0.036,0.0,0.0,0.0,0.0
2021,13888,"Gardeck, Dennis",LB,0,10,0.0,0.507,0.0,14.5,0.0,1.28
2021,12271,"Goldman, Eddie",DT+DE,0,10,0.0,1.664,0.0,23.5,0.0,2.07
2021,11152,,QB,0,3,0.0,0.417,0.0,1.4,0.0,0.13
2021,14752,,TE,0,6,0.0,0.699,0.0,0.0,0.0,0.0
2021,14951,"Lynch, James",DT+DE,0,9,0.0,2.471,0.0,31.0,0.0,2.73
2021,7911,,PN,0,7,0.0,3.125,0.0,41.0,0.0,3.61
2021,15176,,CB+S,0,1,0.0,0.033,0.0,3.9,0.0,0.34
2021,12775,,CB+S,0,4,0.0,0.083,0.0,6.0,0.0,0.53
2021,11273,,DT+DE,0,2,0.0,0.623,0.0,7.5,0.0,0.66
2021,15209,,CB+S,0,6,0.0,0.261,0.0,7.9,0.0,0.7
2021,15023,,CB+S,0,5,0.0,0.14,0.0,6.0,0.0,0.53
2021,13543,,LB,0,8,0.0,0.196,0.0,3.5,0.0,0.31
2021,10960,,WR,0,9,0.0,0.346,0.0,0.6,0.0,0.05
2021,14926,"Gay, Willie",LB,0,9,0.0,2.587,0.0,44.5,0.0,3.92
2021,10879,,LB,0,5,0.0,0.734,0.0,14.5,0.0,1.28
2021,14807,,RB,0,7,0.0,0.418,0.0,0.0,0.0,0.0
2021,11970,"Pennel, Mike",DT+DE,0,6,0.0,1.192,0.0,11.5,0.0,1.01
2021,15014,,CB+S,0,3,0.0,0.017,0.0,1.3,0.0,0.11
2021,13162,,WR,0,9,0.0,1.176,0.0,4.3,0.0,0.38
2021,15131,,CB+S,0,3,0.0,0.034,0.0,1.3,0.0,0.11
2021,12912,,RB,0,6,0.0,0.439,0.0,0.0,0.0,0.0
2021,15027,,WR,0,6,0.0,0.143,0.0,0.0,0.0,0.0
2021,13343,,LB,0,6,0.0,0.274,0.0,10.5,0.0,0.92
2021,11966,,PK,0,1,0.0,0.0,0.0,1.0,0.0,0.09
2021,12281,,CB+S,0,1,0.0,0.0,0.0,0.8,0.0,0.07
2021,10320,,DT+DE,0,1,0.0,0.08,0.0,0.5,0.0,0.04
2021,14801,,RB,0,7,0.0,0.681,0.0,2.4,0.0,0.21
2021,13127,,QB,0,1,0.0,0.0,0.0,0.0,0.0,0.0
2021,12717,,CB+S,0,2,0.0,0.071,0.0,3.6,0.0,0.32
2021,14370,"Hudson, Tanner",TE,0,2,0.0,0.0,0.0,0.0,0.0,0.0
2021,15374,,TE,0,9,0.0,0.261,0.0,0.0,0.0,0.0
2021,10737,,WR,0,6,0.0,0.037,0.0,0.0,0.0,0.0
2021,14669,"Nixon, Keisean",CB+S,0,8,0.0,0.065,0.0,4.5,0.0,0.4
2021,14519,,LB,0,8,0.0,0.126,0.0,2.0,0.0,0.18
2021,15359,"Tufele, Jay",DT+DE,0,3,0.0,0.082,0.0,0.5,0.0,0.04
2021,15304,,WR,0,7,0.0,0.15,0.0,0.0,0.0,0.0
2021,14125,,WR,0,5,0.0,0.06,0.0,0.0,0.0,0.0
2021,15542,,TE,0,2,0.0,0.0,0.0,0.0,0.0,0.0
2021,13934,,CB+S,0,9,0.0,3.943,0.0,65.4,0.0,5.76
2021,13559,,LB,0,1,0.0,0.018,0.0,0.0,0.0,0.0
2021,14976,,LB,0,5,0.0,0.142,0.0,2.0,0.0,0.18
2021,13849,,RB,0,8,0.0,0.183,0.0,0.0,0.0,0.0
2021,15073,,CB+S,0,2,0.0,0.0,0.0,0.0,0.0,0.0
2021,13392,,LB,0,5,0.0,0.035,0.0,0.0,0.0,0.0
2021,14096,,RB,0,3,0.0,0.133,0.0,0.0,0.0,0.0
2021,15130,,CB+S,0,7,0.0,0.201,0.0,6.0,0.0,0.53
2021,14228,,CB+S,0,5,0.0,0.033,0.0,0.0,0.0,0.0
2021,15141,,LB,0,9,0.0,0.837,0.0,14.5,0.0,1.28
2021,14681,,DT+DE,0,2,0.0,0.039,0.0,0.5,0.0,0.04
2021,12327,,CB+S,0,2,0.0,0.0,0.0,0.0,0.0,0.0
2021,15604,"Zylstra, Shane",TE,0,2,0.0,0.286,0.0,0.0,0.0,0.0
2021,12898,,TE,0,3,0.0,0.0,0.0,0.0,0.0,0.0
2021,14863,,WR,0,4,0.0,0.035,0.0,0.0,0.0,0.0
2021,14808,,RB,0,2,0.0,0.167,0.0,0.0,0.0,0.0
2021,15339,,TE,0,6,0.0,0.184,0.0,0.0,0.0,0.0
2021,14513,,PN,0,2,0.0,0.792,0.0,12.0,0.0,1.06
2021,13634,"Pettis, Dante",WR,0,3,0.0,0.998,0.0,10.4,0.0,0.92
2021,12621,"Allen, Brandon",QB,0,4,0.0,0.0,0.0,0.0,0.0,0.0
2021,15049,"Bachie, Joe",LB,0,8,0.0,0.987,0.0,20.0,0.0,1.76
2021,13509,,CB+S,0,6,0.0,1.561,0.0,30.4,0.0,2.68
2021,15298,,WR,0,4,0.0,0.163,0.0,0.0,0.0,0.0
2021,12771,,DT+DE,0,4,0.0,0.87,0.0,11.0,0.0,0.97
2021,15618,"Jones, Naquan",DT+DE,0,8,0.0,2.07,0.0,27.5,0.0,2.42
2021,15423,"Brown, Tre",CB+S,0,5,0.0,0.451,0.0,14.0,0.0,1.23
2021,14076,"Williams, Trayveon",RB,0,4,0.0,0.034,0.0,0.0,0.0,0.0
2021,12854,,LB,0,8,0.0,0.218,0.0,4.0,0.0,0.35
2021,15615,,RB,0,4,0.0,0.25,0.0,0.0,0.0,0.0
2021,13866,,CB+S,0,3,0.0,0.049,0.0,1.3,0.0,0.11
2021,15187,,CB+S,0,6,0.0,0.066,0.0,3.9,0.0,0.34
2021,13868,,RB,0,5,0.0,0.331,0.0,0.0,0.0,0.0
2021,15612,,LB,0,5,0.0,0.089,0.0,4.5,0.0,0.4
2021,12229,"Phillips, Jordan",DT+DE,0,8,0.0,2.72,0.0,37.0,0.0,3.26
2021,14826,,RB,0,1,0.0,0.0,0.0,0.0,0.0,0.0
2021,15057,,WR,0,8,0.0,0.166,0.0,0.0,0.0,0.0
2021,15132,,DT+DE,0,1,0.0,0.0,0.0,0.0,0.0,0.0
2021,14579,,CB+S,0,3,0.0,0.134,0.0,4.7,0.0,0.41
2021,10354,,TE,0,8,0.0,0.299,0.0,0.0,0.0,0.0
2021,12826,,CB+S,0,1,0.0,0.0,0.0,0.0,0.0,0.0
2021,14987,,DT+DE,0,1,0.0,0.0,0.0,0.0,0.0,0.0
2021,15533,,RB,0,8,0.0,1.495,0.0,11.6,0.0,1.02
2021,15243,,QB,0,1,0.0,0.0,0.0,0.0,0.0,0.0
2021,15487,,CB+S,0,3,0.0,0.017,0.0,0.0,0.0,0.0
2021,15608,,LB,0,4,0.0,0.069,0.0,2.5,0.0,0.22
2021,11925,,WR,0,1,0.0,0.0,0.0,0.0,0.0,0.0
2021,15490,,DT+DE,0,6,0.0,0.699,0.0,10.5,0.0,0.92
2021,15617,,CB+S,0,1,0.0,0.0,0.0,0.0,0.0,0.0
2021,11783,,WR,0,4,0.0,0.0,0.0,0.0,0.0,0.0
2021,14968,,DT+DE,0,1,0.0,0.0,0.0,0.0,0.0,0.0
2021,12665,,WR,0,3,0.0,0.013,0.0,0.0,0.0,0.0
2021,14267,,WR,0,3,0.0,0.279,0.0,0.0,0.0,0.0
2021,15262,"Jefferson, Jermar",RB,0,6,0.0,0.856,0.0,4.4,0.0,0.39
2021,15614,"McCloud, Nick",CB+S,0,1,0.0,0.0,0.0,0.0,0.0,0.0
2021,13336,,DT+DE,0,1,0.0,0.0,0.0,0.0,0.0,0.0
2021,15035,"Wolford, John",QB,0,3,0.0,0.0,0.0,0.0,0.0,0.0
2021,13598,"White, Mike",QB,0,4,0.0,1.5,0.0,16.2,0.0,1.43
2021,14670,"Ekuale, Daniel",DT+DE,0,3,0.0,1.06,0.0,13.5,0.0,1.19
2021,15606,,PK,0,6,0.0,1.75,0.0,33.0,0.0,2.9
2021,14312,,PK,0,2,0.0,0.5,0.0,11.4,0.0,1.0
2021,9073,,QB,0,3,0.0,0.083,0.0,0.0,0.0,0.0
2021,13882,,WR,0,2,0.0,0.076,0.0,0.0,0.0,0.0
2021,13456,,CB+S,0,3,0.0,0.451,0.0,12.5,0.0,1.1
2021,9714,,QB,0,4,0.0,0.333,0.0,0.0,0.0,0.0
2021,15622,"Robinson, Curtis",LB,0,2,0.0,0.254,0.0,4.0,0.0,0.35
2021,15629,,DT+DE,0,6,0.0,1.044,0.0,14.5,0.0,1.28
2021,12272,,LB,0,7,0.0,0.658,0.0,21.0,0.0,1.85
2021,14482,,LB,0,2,0.0,0.107,0.0,1.5,0.0,0.13
2021,13619,,RB,0,3,0.0,0.133,0.0,0.0,0.0,0.0
2021,13662,,WR,0,1,0.0,0.0,0.0,0.0,0.0,0.0
2021,14683,,CB+S,0,6,0.0,0.099,0.0,9.6,0.0,0.84
2021,11805,,LB,0,6,0.0,0.529,0.0,12.0,0.0,1.06
2021,15626,"Wright, Brock",TE,0,7,0.0,1.335,0.0,2.5,0.0,0.22
2021,15076,"Rozeboom, Christian",LB,0,6,0.0,0.142,0.0,2.0,0.0,0.18
2021,12177,,WR,0,6,0.0,0.331,0.0,0.0,0.0,0.0
2021,12099,,DT+DE,0,3,0.0,0.058,0.0,1.0,0.0,0.09
2021,11511,,LB,0,4,0.0,0.147,0.0,4.0,0.0,0.35
2021,15471,,CB+S,0,5,0.0,0.016,0.0,0.0,0.0,0.0
2021,14110,"Sills, David",WR,0,1,0.0,0.0,0.0,0.0,0.0,0.0
2021,13302,,CB+S,0,2,0.0,0.017,0.0,0.0,0.0,0.0
2021,15535,"Kinsey, Mason",WR,0,1,0.0,0.0,0.0,0.0,0.0,0.0
2021,15012,,DT+DE,0,1,0.0,0.0,0.0,0.0,0.0,0.0
2021,15039,,WR,0,1,0.0,0.0,0.0,0.0,0.0,0.0
2021,14806,,RB,0,4,0.0,0.119,0.0,0.0,0.0,0.0
2021,13264,,CB+S,0,6,0.0,0.146,0.0,5.5,0.0,0.48
2021,15578,,DT+DE,0,6,0.0,0.6,0.0,8.5,0.0,0.75
2021,15506,,TE,0,2,0.0,0.038,0.0,0.0,0.0,0.0
2021,11816,,LB,0,2,0.0,0.0,0.0,0.0,0.0,0.0
2021,11785,,TE,0,2,0.0,0.077,0.0,0.0,0.0,0.0
2021,13846,,QB,0,4,0.0,0.0,0.0,0.0,0.0,0.0
2021,14339,,WR,0,1,0.0,0.523,0.0,4.7,0.0,0.41
2021,14885,,DT+DE,0,3,0.0,0.522,0.0,8.0,0.0,0.7
2021,10789,,CB+S,0,6,0.0,1.347,0.0,25.0,0.0,2.2
2021,12782,"Onyemata, David",DT+DE,0,7,0.0,2.074,0.0,27.0,0.0,2.38
2021,12844,,PN,0,6,0.0,1.75,0.0,20.0,0.0,1.76
2021,13221,,LB,0,7,0.0,0.406,0.0,14.5,0.0,1.28
2021,15633,,CB+S,0,6,0.0,0.349,0.0,12.3,0.0,1.08
2021,13444,,LB,0,6,0.0,0.269,0.0,8.5,0.0,0.75
2021,14612,,RB,0,6,0.0,0.032,0.0,0.0,0.0,0.0
2021,13683,"Hand, Da'Shawn",DT+DE,0,3,0.0,0.487,0.0,3.5,0.0,0.31
2021,13460,,DT+DE,0,4,0.0,1.134,0.0,12.5,0.0,1.1
2021,14421,,DT+DE,0,4,0.0,0.582,0.0,6.5,0.0,0.57
2021,14938,,LB,0,3,0.0,0.107,0.0,2.5,0.0,0.22
2021,15474,,CB+S,0,1,0.0,0.052,0.0,1.3,0.0,0.11
2021,15588,,RB,0,5,0.0,0.099,0.0,0.0,0.0,0.0
2021,11039,,LB,0,7,0.0,0.052,0.0,1.0,0.0,0.09
2021,9207,"Johnson, Josh",QB,0,3,0.0,0.75,0.0,12.4,0.0,1.09
2021,15389,,CB+S,0,6,0.0,1.927,0.0,30.9,0.0,2.72
2021,14804,,RB,0,2,0.0,0.206,0.0,0.0,0.0,0.0
2021,14284,,RB,0,1,0.0,0.0,0.0,0.0,0.0,0.0
2021,15386,"Odeyingbo, Dayo",DT+DE,0,6,0.0,0.806,0.0,8.5,0.0,0.75
2021,14195,,TE,0,1,0.0,0.077,0.0,0.0,0.0,0.0
2021,14880,"Kareem, Khalid",DT+DE,0,4,0.0,0.163,0.0,1.5,0.0,0.13
2021,13200,,DT+DE,0,7,0.0,1.515,0.0,17.0,0.0,1.5
2021,11676,,WR,0,1,0.0,0.023,0.0,0.0,0.0,0.0
2021,13207,,DT+DE,0,6,0.0,1.148,0.0,12.0,0.0,1.06
2021,15412,"Brown, Bobby",DT+DE,0,6,0.0,0.141,0.0,0.5,0.0,0.04
2021,15277,,RB,0,6,0.0,0.329,0.0,0.0,0.0,0.0
2021,15005,,DT+DE,0,4,0.0,1.153,0.0,14.5,0.0,1.28
2021,13783,,CB+S,0,5,0.0,0.049,0.0,1.6,0.0,0.14
2021,14799,"Akers, Cam",RB,0,1,0.0,0.0,0.0,0.0,0.0,0.0
2021,14070,,QB,0,1,0.0,0.0,0.0,0.0,0.0,0.0
2021,15333,,TE,0,7,0.0,0.258,0.0,0.0,0.0,0.0
2021,14990,,CB+S,0,6,0.0,0.13,0.0,3.4,0.0,0.3
2021,15383,,CB+S,0,6,0.0,0.033,0.0,2.3,0.0,0.2
2021,11790,,LB,0,4,0.0,0.496,0.0,9.0,0.0,0.79
2021,12660,,WR,0,5,0.0,0.348,0.0,0.0,0.0,0.0
2021,13259,,CB+S,0,2,0.0,0.065,0.0,2.6,0.0,0.23
2021,15046,,WR,0,1,0.0,0.073,0.0,0.0,0.0,0.0
2021,15093,,DT+DE,0,5,0.0,0.895,0.0,10.0,0.0,0.88
2021,14998,,WR,0,5,0.0,0.085,0.0,0.0,0.0,0.0
2021,14716,,DT+DE,0,1,0.0,0.1,0.0,1.5,0.0,0.13
2021,13125,,QB,0,2,0.0,0.0,0.0,0.0,0.0,0.0
2021,14363,,TE,0,3,0.0,0.038,0.0,0.0,0.0,0.0
2021,14108,"Dortch, Greg",WR,0,2,0.0,0.049,0.0,0.0,0.0,0.0
2021,11327,"Jefferson, Tony",CB+S,0,2,0.0,0.032,0.0,0.8,0.0,0.07
2021,15637,,DT+DE,0,1,0.0,0.04,0.0,0.5,0.0,0.04
2021,15636,,LB,0,1,0.0,0.0,0.0,0.5,0.0,0.04
2021,15635,,WR,0,4,0.0,0.098,0.0,0.0,0.0,0.0
2021,15060,,QB,0,2,0.0,0.083,0.0,0.0,0.0,0.0
2021,15250,"Ehlinger, Sam",QB,0,3,0.0,0.0,0.0,0.0,0.0,0.0
2021,15528,,WR,0,1,0.0,0.012,0.0,0.0,0.0,0.0
2021,15416,,DT+DE,0,1,0.0,0.02,0.0,0.0,0.0,0.0
2021,13285,,LB,0,3,0.0,0.034,0.0,0.5,0.0,0.04
2021,13647,,WR,0,1,0.0,0.012,0.0,0.0,0.0,0.0
2021,15411,,DT+DE,0,5,0.0,0.103,0.0,0.5,0.0,0.04
2021,13423,,LB,0,5,0.0,0.564,0.0,13.0,0.0,1.14
2021,15126,,LB,0,6,0.0,0.106,0.0,2.5,0.0,0.22
2021,14097,,RB,0,4,0.0,0.171,0.0,0.0,0.0,0.0
2021,14969,,WR,0,1,0.0,0.012,0.0,0.0,0.0,0.0
2021,14357,,TE,0,5,0.0,0.505,0.0,0.0,0.0,0.0
2021,11498,,CB+S,0,5,0.0,0.136,0.0,8.6,0.0,0.76
2021,14367,,TE,0,6,0.0,0.217,0.0,0.0,0.0,0.0
2021,14817,"Taylor, Patrick",RB,0,5,0.0,0.032,0.0,0.0,0.0,0.0
2021,15398,"Jones, Patrick",DT+DE,0,6,0.0,0.49,0.0,4.5,0.0,0.4
2021,15097,"McKeon, Sean",TE,0,5,0.0,1.062,0.0,0.0,0.0,0.0
2021,15311,,WR,0,5,0.0,0.06,0.0,0.0,0.0,0.0
2021,14060,"Jackson, Tyree",TE,0,5,0.0,0.146,0.0,0.0,0.0,0.0
2021,13595,"Rudolph, Mason",QB,0,1,0.0,0.583,0.0,0.0,0.0,0.0
2021,9064,"Flacco, Joe",QB,0,2,0.0,0.667,0.0,2.5,0.0,0.22
2021,15632,,CB+S,0,4,0.0,0.29,0.0,6.9,0.0,0.61
2021,14914,,PK,0,1,0.0,0.333,0.0,5.0,0.0,0.44
2021,12981,,DT+DE,0,4,0.0,0.428,0.0,3.0,0.0,0.26
2021,12794,,DT+DE,0,4,0.0,2.184,0.0,23.5,0.0,2.07
2021,15358,"Togiai, Tommy",DT+DE,0,2,0.0,0.367,0.0,2.0,0.0,0.18
2021,14206,,DT+DE,0,4,0.0,0.94,0.0,11.0,0.0,0.97
2021,13529,,WR,0,3,0.0,0.075,0.0,0.0,0.0,0.0
2021,15437,,CB+S,0,5,0.0,0.033,0.0,2.6,0.0,0.23
2021,15407,,WR,0,3,0.0,0.616,0.0,5.6,0.0,0.49
2021,15194,"Christiansen, Cole",LB,0,1,0.0,0.074,0.0,1.0,0.0,0.09
2021,15644,,CB+S,0,1,0.0,0.0,0.0,0.8,0.0,0.07
2021,15643,,WR,0,1,0.0,0.025,0.0,0.0,0.0,0.0
2021,15640,,DT+DE,0,1,0.0,0.154,0.0,0.5,0.0,0.04
2021,12957,,CB+S,0,3,0.0,0.0,0.0,0.0,0.0,0.0
2021,15485,,DT+DE,0,2,0.0,0.058,0.0,0.0,0.0,0.0
2021,14243,,CB+S,0,1,0.0,0.0,0.0,0.0,0.0,0.0
2021,13410,,DT+DE,0,3,0.0,0.119,0.0,0.0,0.0,0.0
2021,14613,"Sims, Steven",WR,0,1,0.0,0.013,0.0,0.0,0.0,0.0
2021,14936,,TE,0,1,0.0,0.071,0.0,0.0,0.0,0.0
2021,12596,,TE,0,1,0.0,0.071,0.0,0.0,0.0,0.0
2021,12197,,WR,0,5,0.0,0.689,0.0,5.5,0.0,0.48
2021,11737,,CB+S,0,1,0.0,0.0,0.0,0.0,0.0,0.0
2021,13120,,QB,0,1,0.0,0.0,0.0,0.0,0.0,0.0
2021,15206,,WR,0,2,0.0,0.373,0.0,0.0,0.0,0.0
2021,14676,,DT+DE,0,4,0.0,1.432,0.0,18.0,0.0,1.58
2021,15225,,CB+S,0,4,0.0,1.942,0.0,34.9,0.0,3.07
2021,13909,,PK,0,4,0.0,0.917,0.0,22.1,0.0,1.94
2021,12680,"Vannett, Nick",TE,0,4,0.0,1.623,0.0,0.0,0.0,0.0
2021,13271,,DT+DE,0,4,0.0,0.654,0.0,8.0,0.0,0.7
2021,13838,,RB,0,4,0.0,0.032,0.0,0.0,0.0,0.0
2021,15621,,DT+DE,0,3,0.0,0.534,0.0,5.5,0.0,0.48
2021,15095,,LB,0,3,0.0,0.136,0.0,5.0,0.0,0.44
2021,11613,,CB+S,0,4,0.0,0.226,0.0,7.8,0.0,0.69
2021,12157,,RB,0,3,0.0,0.568,0.0,0.0,0.0,0.0
2021,13786,,DT+DE,0,1,0.0,0.18,0.0,1.5,0.0,0.13
2021,14559,,LB,0,2,0.0,0.016,0.0,1.5,0.0,0.13
2021,13666,,WR,0,1,0.0,0.051,0.0,0.0,0.0,0.0
2021,15647,,DT+DE,0,2,0.0,0.162,0.0,1.0,0.0,0.09
2021,15642,,CB+S,0,2,0.0,0.0,0.0,0.8,0.0,0.07
2021,13873,,QB,0,1,0.0,0.0,0.0,0.0,0.0,0.0
2021,12807,,TE,0,1,0.0,0.036,0.0,0.0,0.0,0.0
2021,15450,"McGrone, Cameron",LB,0,1,0.0,0.0,0.0,0.0,0.0,0.0
2021,10847,,LB,0,2,0.0,0.017,0.0,0.0,0.0,0.0
2021,15620,,TE,0,4,0.0,0.741,0.0,1.0,0.0,0.08
2021,14972,,WR,0,2,0.0,0.0,0.0,0.0,0.0,0.0
2021,15041,"Cager, Lawrence",WR,0,1,0.0,0.0,0.0,0.0,0.0,0.0
2021,12328,,TE,0,2,0.0,0.036,0.0,0.0,0.0,0.0
2021,11330,,CB+S,0,2,0.0,0.0,0.0,0.8,0.0,0.07
2021,15436,,CB+S,0,2,0.0,0.0,0.0,0.8,0.0,0.07
2021,13366,,TE,0,1,0.0,0.036,0.0,0.0,0.0,0.0
2021,13144,,RB,0,1,0.0,0.0,0.0,0.0,0.0,0.0
2021,14368,,RB,0,2,0.0,0.501,0.0,1.0,0.0,0.09
2021,15479,,DT+DE,0,2,0.0,0.542,0.0,8.5,0.0,0.75
2021,13851,,WR,0,2,0.0,0.17,0.0,0.0,0.0,0.0
2021,14398,,CB+S,0,3,0.0,0.226,0.0,4.4,0.0,0.39
2021,15651,,CB+S,0,1,0.0,0.226,0.0,4.1,0.0,0.36
2021,15653,,DT+DE,0,1,0.0,0.152,0.0,2.5,0.0,0.22
2021,15317,,WR,0,2,0.0,0.064,0.0,0.0,0.0,0.0
2021,14627,,DT+DE,0,2,0.0,0.147,0.0,3.5,0.0,0.31
2021,15650,"Prentice, Adam",RB,0,3,0.0,0.079,0.0,0.0,0.0,0.0
2021,15134,,DT+DE,0,3,0.0,0.545,0.0,7.0,0.0,0.62
2021,14414,"Owens, Jonathan",CB+S,0,3,0.0,0.196,0.0,7.3,0.0,0.64
2021,15155,,CB+S,0,2,0.0,0.0,0.0,1.3,0.0,0.11
2021,15224,,WR,0,1,0.0,0.0,0.0,0.0,0.0,0.0
2021,13945,,CB+S,0,1,0.0,0.0,0.0,0.0,0.0,0.0
2021,15502,,RB,0,1,0.0,0.0,0.0,0.0,0.0,0.0
2021,14868,,TE,0,3,0.0,0.038,0.0,0.0,0.0,0.0
2021,15133,,CB+S,0,1,0.0,0.0,0.0,0.0,0.0,0.0
2021,14653,,DT+DE,0,1,0.0,0.022,0.0,0.0,0.0,0.0
2021,15079,,CB+S,0,1,0.0,0.0,0.0,0.0,0.0,0.0
2021,14261,,RB,0,3,0.0,0.0,0.0,0.0,0.0,0.0
2021,15539,,WR,0,1,0.0,0.0,0.0,0.0,0.0,0.0
2021,15098,,RB,0,1,0.0,0.0,0.0,0.0,0.0,0.0
2021,15395,"Koonce, Malcolm",DT+DE,0,2,0.0,1.125,0.0,13.0,0.0,1.14
2021,12636,,RB,0,1,0.0,0.148,0.0,0.0,0.0,0.0
2021,15197,,CB+S,0,2,0.0,0.229,0.0,8.1,0.0,0.71
2021,13922,,DT+DE,0,2,0.0,0.271,0.0,2.0,0.0,0.18
2021,13910,,WR,0,2,0.0,0.118,0.0,0.0,0.0,0.0
2021,15627,,DT+DE,0,2,0.0,0.991,0.0,11.0,0.0,0.97
2021,10766,,DT+DE,0,2,0.0,0.208,0.0,1.5,0.0,0.13
2021,15266,,RB,0,1,0.0,0.0,0.0,0.0,0.0,0.0
2021,13613,,RB,0,1,0.0,0.0,0.0,0.0,0.0,0.0
2021,12733,,LB,0,1,0.0,0.017,0.0,0.0,0.0,0.0
2021,14553,,WR,0,2,0.0,0.048,0.0,0.0,0.0,0.0
2021,12835,,CB+S,0,1,0.0,0.0,0.0,0.0,0.0,0.0
2021,13862,"Cracraft, River",WR,0,2,0.0,0.048,0.0,0.0,0.0,0.0
2021,13312,,WR,0,1,0.0,0.023,0.0,0.0,0.0,0.0
2021,15527,"Key, Devon",CB+S,0,1,0.0,0.0,0.0,0.0,0.0,0.0
2021,15503,,RB,0,1,0.0,0.0,0.0,0.0,0.0,0.0
2021,15656,,PK,0,1,0.0,0.0,0.0,0.0,0.0,0.0
2021,14727,"Reynolds, Craig",RB,0,3,0.0,1.469,0.0,8.2,0.0,0.72
2021,13719,"Pineiro, Eddy",PK,0,1,0.0,0.333,0.0,11.8,0.0,1.04
2021,12635,,RB,0,2,0.0,0.521,0.0,1.8,0.0,0.16
2021,14901,"Gallimore, Neville",DT+DE,0,1,0.0,0.56,0.0,7.0,0.0,0.62
2021,14486,"Montgomery, D.J.",WR,0,1,0.0,0.1,0.0,0.0,0.0,0.0
2021,11501,,CB+S,0,1,0.0,0.117,0.0,4.7,0.0,0.41
2021,15529,,WR,0,1,0.0,0.025,0.0,0.0,0.0,0.0
2021,15274,,RB,0,1,0.0,0.086,0.0,0.0,0.0,0.0
2021,14890,"Phillips, Jacob",LB,0,1,0.0,0.074,0.0,2.5,0.0,0.22
2021,14737,"Giles-Harris, Joe",LB,0,1,0.0,0.056,0.0,1.5,0.0,0.13
2021,15662,,DT+DE,0,1,0.0,0.06,0.0,1.5,0.0,0.13
2021,15654,,CB+S,0,1,0.0,0.033,0.0,1.3,0.0,0.11
2021,14434,"Reaves, Jeremy",CB+S,0,1,0.0,0.033,0.0,1.3,0.0,0.11
2021,13879,"Allen, Kyle",QB,0,1,0.0,0.0,0.0,0.0,0.0,0.0
2021,11821,,LB,0,1,0.0,0.019,0.0,1.0,0.0,0.09
2021,13932,,LB,0,1,0.0,0.019,0.0,1.0,0.0,0.09
2021,15563,,TE,0,1,0.0,0.0,0.0,0.0,0.0,0.0
2021,15470,,CB+S,0,1,0.0,0.0,0.0,0.8,0.0,0.07
2021,13708,,CB+S,0,1,0.0,0.0,0.0,0.8,0.0,0.07
2021,15661,,RB,0,1,0.0,0.0,0.0,0.0,0.0,0.0
2021,13915,,LB,0,1,0.0,0.0,0.0,0.5,0.0,0.04
2021,12369,,LB,0,1,0.0,0.0,0.0,0.5,0.0,0.04
2021,11632,,LB,0,1,0.0,0.0,0.0,0.0,0.0,0.0
2021,15515,"Snowden, Charles",LB,0,1,0.0,0.0,0.0,0.0,0.0,0.0
2021,14916,,CB+S,0,1,0.0,0.0,0.0,0.0,0.0,0.0
2021,15534,,TE,0,1,0.0,0.0,0.0,0.0,0.0,0.0
2021,14435,,RB,0,1,0.0,0.0,0.0,0.0,0.0,0.0
2021,15228,,LB,0,1,0.0,0.0,0.0,0.0,0.0,0.0
2021,14509,,LB,0,1,0.0,0.0,0.0,0.0,0.0,0.0
2021,15056,,LB,0,1,0.0,0.0,0.0,0.0,0.0,0.0
2021,14545,,WR,0,1,0.0,0.013,0.0,0.0,0.0,0.0
2021,15063,,LB,0,1,0.0,0.0,0.0,0.0,0.0,0.0
2021,13884,,WR,0,1,0.0,0.013,0.0,0.0,0.0,0.0
2021,13240,,RB,0,1,0.0,0.0,0.0,0.0,0.0,0.0
2021,13996,,CB+S,0,1,0.0,0.0,0.0,0.0,0.0,0.0
2021,13600,,QB,0,1,0.0,0.0,0.0,0.0,0.0,0.0
2021,9706,,QB,0,1,0.0,0.0,0.0,0.0,0.0,0.0
2021,13652,"Wilson, Cedrick",WR,1,12,0.368,3.668,-0.1,29.7,-0.01,2.62
2021,12164,,RB,7,16,2.117,4.486,-0.6,26.3,-0.05,2.32
2021,13308,"Agnew, Jamal",WR,1,10,0.275,3.65,-0.6,34.1,-0.06,3.0
2021,10729,,WR,2,6,0.643,1.585,-0.7,8.9,-0.06,0.79
2021,14143,"Knox, Dawson",TE,5,14,1.74,7.778,-0.8,69.0,-0.07,6.07
2021,13424,"Hill, Taysom",QB,1,11,0.2,1.908,-1.4,6.9,-0.12,0.6
2021,13814,,RB,2,16,0.553,3.605,-1.3,36.0,-0.12,3.17
2021,13277,,WR,9,13,2.666,3.262,-1.5,19.8,-0.13,1.75
2021,11678,,WR,5,10,0.964,2.354,-2.2,8.8,-0.19,0.78
2021,12152,,RB,3,10,0.843,1.925,-2.1,1.7,-0.19,0.15
2021,15109,"Westbrook-Ikhine, Nick",WR,1,14,0.077,3.419,-2.2,21.5,-0.2,1.89
2021,12634,,RB,1,6,0.2,2.469,-2.3,15.0,-0.2,1.32
2021,12330,,TE,1,7,0.308,2.652,-2.4,5.7,-0.21,0.5
2021,14059,"Jones, Daniel",QB,1,11,0.455,3.538,-2.6,30.7,-0.23,2.7
2021,14839,"Reagor, Jalen",WR,4,16,0.972,3.313,-2.7,19.2,-0.24,1.69
2021,13133,"Perine, Samaje",RB,1,14,0.214,2.713,-2.7,14.6,-0.24,1.28
2021,11647,,TE,3,6,1.269,3.235,-3.3,15.0,-0.29,1.32
2021,13143,"McNichols, Jeremy",RB,1,11,0.143,1.783,-3.5,6.5,-0.31,0.57
2021,14864,"Johnson, Tyler",WR,1,14,0.103,1.574,-3.8,4.5,-0.34,0.4
2021,13880,,TE,4,11,1.474,3.91,-4.3,15.6,-0.38,1.37
2021,15040,,RB,2,12,0.536,1.567,-4.5,11.3,-0.4,0.99
2021,10273,,QB,2,4,0.636,1.136,-5.2,10.8,-0.46,0.95
2021,11695,,TE,1,8,0.154,1.414,-5.4,4.2,-0.48,0.37
2021,12628,,RB,3,11,0.628,1.79,-5.4,16.2,-0.48,1.42
2021,11644,"Carr, Derek",QB,2,15,0.545,5.212,-5.5,44.5,-0.49,3.91
2021,9925,,TE,1,11,0.231,1.719,-5.6,4.0,-0.5,0.35
2021,15414,"Nwangwu, Kene",RB,1,10,0.115,1.285,-5.8,4.3,-0.51,0.38
2021,12206,,TE,1,5,0.091,2.1,-5.9,18.3,-0.52,1.61
2021,11640,"Bridgewater, Teddy",QB,2,14,0.864,4.03,-6.1,17.8,-0.54,1.56
2021,13680,"Hurst, Hayden",TE,1,10,0.167,2.335,-6.1,4.9,-0.54,0.43
2021,14828,,RB,1,7,0.121,0.769,-6.1,0.0,-0.54,0.0
2021,15330,"Jordan, Brevin",TE,1,8,0.083,3.19,-6.1,14.3,-0.54,1.25
2021,12610,"Wentz, Carson",QB,3,16,1.455,5.795,-6.3,38.2,-0.55,3.36
2021,11747,,RB,2,3,0.448,1.138,-6.3,11.0,-0.56,0.97
2021,13139,"Williams, Jamaal",RB,6,11,1.303,3.33,-6.5,25.4,-0.57,2.23
2021,13617,,RB,1,14,0.0,1.153,-6.5,2.8,-0.57,0.25
2021,13189,"Engram, Evan",TE,1,14,0.115,5.702,-6.7,17.4,-0.59,1.53
2021,13988,"Dwelley, Ross",TE,1,13,0.0,1.267,-6.8,0.8,-0.6,0.07
2021,14811,"Ahmed, Salvon",RB,1,12,0.0,0.987,-6.9,0.0,-0.61,0.0
2021,13192,"Njoku, David",TE,3,15,0.8,4.308,-7.0,34.7,-0.62,3.05
2021,12447,"Mostert, Raheem",RB,1,1,0.069,0.069,-7.2,0.0,-0.63,0.0
2021,15270,,RB,2,12,0.246,1.564,-7.4,6.3,-0.65,0.55
2021,12647,,WR,2,2,0.274,0.274,-7.9,0.0,-0.69,0.0
2021,12505,,WR,1,13,0.0,2.044,-7.9,6.3,-0.7,0.55
2021,13387,,WR,1,7,0.0,1.269,-7.9,10.9,-0.7,0.96
2021,14239,"Moreau, Foster",TE,3,16,0.977,4.295,-8.4,25.2,-0.74,2.22
2021,13622,"Hines, Nyheim",RB,1,16,0.037,4.001,-8.5,27.3,-0.75,2.4
2021,12930,"Chosen, Robbie",WR,8,16,1.985,4.475,-8.9,33.9,-0.78,2.98
2021,14095,"Johnson, Ty",RB,3,15,0.776,4.053,-9.4,27.6,-0.83,2.42
2021,8658,,RB,2,4,0.184,0.757,-9.4,0.2,-0.83,0.02
2021,14798,"Moss, Zack",RB,4,12,0.962,3.506,-9.9,24.8,-0.87,2.19
2021,13675,"Conklin, Tyler",TE,5,16,1.735,6.649,-10.6,32.4,-0.93,2.85
2021,11390,,RB,2,13,0.13,2.768,-11.5,9.4,-1.01,0.82
2021,11657,,RB,3,12,0.484,1.506,-13.0,3.0,-1.15,0.26
2021,7401,,QB,1,15,0.091,4.008,-13.5,20.5,-1.18,1.81
2021,11367,"Juszczyk, Kyle",RB,2,13,0.124,1.621,-14.2,5.9,-1.25,0.52
2021,14861,"Johnson, Juwan",TE,2,11,0.108,2.235,-14.6,11.0,-1.28,0.97
2021,13809,"Gage, Russell",WR,6,13,1.001,5.119,-17.0,61.8,-1.5,5.44
2021,15238,"Fields, Justin",QB,2,12,0.455,2.455,-17.7,6.9,-1.56,0.61
2021,12611,"Goff, Jared",QB,2,13,0.182,3.182,-18.4,25.9,-1.62,2.28
2021,13606,,RB,6,16,1.131,2.636,-18.4,8.7,-1.62,0.76
2021,15283,"Moore, Rondale",WR,7,14,1.48,4.381,-19.9,43.1,-1.75,3.79
2021,8062,,QB,1,1,0.0,0.0,-21.2,0.0,-1.86,0.0
2021,9899,,QB,1,6,0.0,0.833,-21.7,9.8,-1.91,0.87
2021,13193,"Smith, Jonnu",TE,6,15,1.074,3.583,-25.2,5.0,-2.22,0.44
2021,13592,"Darnold, Sam",QB,2,11,0.182,2.682,-26.6,29.0,-2.34,2.56
2021,10697,,QB,4,16,0.818,4.917,-31.1,17.5,-2.73,1.54
2021,13631,,WR,7,15,1.176,2.426,-32.5,12.5,-2.86,1.1
2022,13116,"Mahomes, Patrick",QB,16,16,13.387,13.387,331.0,331.0,29.13,29.13
2022,13589,"Allen, Josh",QB,15,15,11.75,11.75,289.7,289.7,25.5,25.5
2022,14783,"Hurts, Jalen",QB,14,14,11.676,11.676,260.8,260.8,22.95,22.95
2022,14836,"Jefferson, Justin",WR,16,16,11.75,11.75,255.7,268.9,22.5,23.67
2022,14777,"Burrow, Joe",QB,15,15,10.736,10.736,238.8,238.8,21.02,21.02
2022,12801,"Hill, Tyreek",WR,16,16,12.236,12.236,226.8,230.4,19.96,20.28
2022,13404,"Ekeler, Austin",RB,16,16,12.916,12.916,212.9,212.9,18.74,18.74
2022,11244,"Kelce, Travis",TE,16,16,13.417,13.417,208.5,208.5,18.35,18.35
2022,11675,"Adams, Davante",WR,16,16,10.671,10.671,206.2,222.3,18.14,19.56
2022,13130,"McCaffrey, Christian",RB,16,16,12.16,12.16,196.5,198.4,17.29,17.46
2022,14225,"Crosby, Maxx",DT+DE,16,16,12.4,12.4,196.5,196.5,17.29,17.29
2022,14073,"Jacobs, Josh",RB,16,16,11.163,11.163,193.2,198.4,17.0,17.46
2022,13813,"Oluokun, Foyesade",LB,16,16,12.102,12.102,181.5,181.5,15.97,15.97
2022,12186,"Diggs, Stefon",WR,15,15,10.222,10.222,179.6,186.4,15.81,16.41
2022,14147,"Bosa, Nick",DT+DE,15,15,10.597,10.597,172.0,172.0,15.14,15.14
2022,13696,"Smith, Roquan",LB,16,16,10.182,10.182,168.5,168.5,14.83,14.83
2022,12626,"Henry, Derrick",RB,15,15,10.334,10.334,167.3,174.2,14.72,15.33
2022,14104,"Brown, A.J.",WR,16,16,10.457,10.457,163.6,172.8,14.4,15.2
2022,13848,"Johnston, Cam",PN,16,16,11.318,11.318,163.0,163.0,14.34,14.34
2022,14832,"Lamb, CeeDee",WR,16,16,10.462,10.462,162.5,167.4,14.3,14.73
2022,13714,"James, Derwin",CB+S,13,13,9.834,9.834,159.7,159.7,14.05,14.05
2022,15850,"Pitre, Jalen",CB+S,13,16,9.016,10.91,158.3,200.2,13.93,17.62
2022,13718,"Carlson, Daniel",PK,16,16,10.118,10.118,156.1,156.1,13.74,13.74
2022,10976,"Tucker, Justin",PK,16,16,9.155,9.155,153.5,153.5,13.51,13.51
2022,14892,"Brooks, Jordyn",LB,16,16,9.71,9.71,153.0,153.0,13.46,13.46
2022,14322,"Edwards, T.J.",LB,16,16,10.025,10.025,152.5,152.5,13.42,13.42
2022,13198,"Garrett, Myles",DT+DE,15,15,9.76,9.76,151.5,151.5,13.33,13.33
2022,16011,"Stonehouse, Ryan",PN,15,16,10.182,11.098,151.0,166.0,13.29,14.61
2022,11985,"Way, Tress",PN,16,16,9.409,9.409,150.0,150.0,13.2,13.2
2022,11728,,LB,16,16,9.86,9.86,148.5,148.5,13.07,13.07
2022,5848,"Brady, Tom",QB,16,16,8.72,8.72,147.1,147.7,12.94,13.0
2022,14983,"Bass, Tyler",PK,14,14,8.127,8.127,146.8,146.8,12.92,12.92
2022,14171,"Burns, Brian",DT+DE,16,16,9.829,9.829,146.0,146.0,12.85,12.85
2022,14162,"Wilkins, Christian",DT+DE,15,16,9.757,10.437,145.0,153.0,12.76,13.46
2022,13713,"Fitzpatrick, Minkah",CB+S,14,14,7.328,7.328,143.8,143.8,12.65,12.65
2022,15350,"Parsons, Micah",LB,15,16,8.449,8.794,141.5,147.0,12.45,12.94
2022,12239,"Kendricks, Eric",LB,16,16,8.166,8.166,141.5,141.5,12.45,12.45
2022,13604,"Barkley, Saquon",RB,16,16,10.869,10.869,141.2,150.5,12.43,13.24
2022,12611,"Goff, Jared",QB,15,16,8.261,8.761,141.0,177.4,12.41,15.61
2022,13164,"Kupp, Cooper",WR,9,9,6.94,6.94,140.5,146.9,12.36,12.93
2022,13593,"Jackson, Lamar",QB,12,12,6.954,6.954,140.3,155.9,12.35,13.72
2022,15281,"Chase, Ja'Marr",WR,11,11,7.816,7.816,139.9,139.9,12.31,12.31
2022,10783,"Smith, Harrison",CB+S,14,14,8.397,8.397,139.5,139.5,12.28,12.28
2022,14518,"Thompson, Jalen",CB+S,16,16,8.304,8.304,139.1,139.1,12.24,12.24
2022,15452,"Hufanga, Talanoa",CB+S,15,16,8.529,9.499,138.6,160.4,12.2,14.12
2022,15287,"St. Brown, Amon-Ra",WR,15,15,9.25,9.25,137.9,149.2,12.14,13.13
2022,14179,"Love, Julian",CB+S,13,16,8.061,10.164,137.7,172.7,12.12,15.2
2022,14778,"Tagovailoa, Tua",QB,13,13,7.013,7.013,137.4,147.9,12.09,13.02
2022,14956,"Sneed, L'Jarius",CB+S,13,16,8.449,10.96,134.6,179.5,11.84,15.8
2022,12688,"Buckner, DeForest",DT+DE,16,16,9.236,9.236,134.5,134.5,11.84,11.84
2022,13208,"Allen, Jonathan",DT+DE,15,16,8.134,8.894,133.0,144.0,11.7,12.67
2022,14779,"Herbert, Justin",QB,16,16,8.32,8.32,130.2,144.3,11.46,12.7
2022,10700,"Cousins, Kirk",QB,14,16,7.981,9.103,127.7,162.4,11.24,14.29
2022,15284,"Waddle, Jaylen",WR,16,16,9.366,9.366,126.8,145.3,11.16,12.79
2022,15238,"Fields, Justin",QB,13,15,6.882,7.952,125.9,154.9,11.08,13.63
2022,9686,,PK,16,16,7.364,7.364,125.2,125.2,11.02,11.02
2022,13610,"Chubb, Nick",RB,16,16,9.84,9.84,124.0,127.3,10.91,11.2
2022,12287,,LB,15,16,7.07,7.993,123.0,140.0,10.82,12.32
2022,10814,"Anger, Bryan",PN,15,16,7.455,7.705,123.0,124.0,10.82,10.91
2022,15366,"Holland, Jevon",CB+S,15,16,6.312,7.105,121.7,133.6,10.71,11.76
2022,13699,,LB,13,16,7.989,9.541,121.0,148.0,10.65,13.02
2022,16010,"Wright, Ryan",PN,13,15,7.727,9.477,120.7,146.7,10.62,12.91
2022,14059,"Jones, Daniel",QB,13,16,7.048,8.316,119.4,140.9,10.5,12.4
2022,11769,"Lawrence, Demarcus",DT+DE,15,15,8.021,8.021,118.5,118.5,10.43,10.43
2022,10775,"Wagner, Bobby",LB,13,16,6.913,9.35,118.0,152.5,10.38,13.42
2022,14168,"White, Devin",LB,12,16,6.926,8.701,117.5,148.5,10.34,13.07
2022,14414,"Owens, Jonathan",CB+S,14,15,6.882,7.822,116.0,135.0,10.21,11.88
2022,10816,"Davis, Demario",LB,15,16,6.62,7.482,114.5,125.5,10.08,11.04
2022,13684,,DT+DE,14,14,8.218,8.218,114.5,114.5,10.08,10.08
2022,14283,"Wilson, Donovan",CB+S,12,16,6.791,9.219,113.8,160.1,10.01,14.09
2022,12175,"Cooper, Amari",WR,16,16,8.766,8.766,112.4,130.3,9.89,11.47
2022,12741,"Jones, Chris",DT+DE,14,16,7.615,8.895,111.0,133.5,9.77,11.75
2022,11671,"Evans, Mike",WR,15,15,8.149,8.149,110.8,117.7,9.75,10.35
2022,10292,"Jordan, Cameron",DT+DE,13,15,7.375,8.388,108.5,122.5,9.55,10.78
2022,14085,"Pollard, Tony",RB,12,15,7.314,8.889,106.1,134.4,9.33,11.83
2022,10945,"Hekker, Johnny",PN,10,15,6.091,9.591,104.0,155.0,9.15,13.64
2022,13702,"Jewell, Josey",LB,10,12,6.725,8.57,104.0,132.5,9.15,11.66
2022,13229,,CB+S,10,12,5.913,7.247,102.6,124.0,9.03,10.91
2022,13743,"Warner, Fred",LB,12,16,6.316,8.216,102.0,130.5,8.98,11.48
2022,13163,"Godwin, Chris",WR,13,14,8.476,8.703,101.0,101.0,8.89,8.89
2022,13837,"Franklin, Zaire",LB,10,16,6.941,11.087,100.5,160.0,8.84,14.08
2022,11313,,CB+S,14,14,5.681,5.681,99.8,99.8,8.78,8.78
2022,14218,"Okereke, Bobby",LB,11,13,6.632,7.074,98.5,109.0,8.67,9.59
2022,12437,"Myers, Jason",PK,10,15,6.827,9.869,98.4,140.3,8.66,12.35
2022,12718,"Bell, Vonn",CB+S,11,13,5.796,6.866,97.3,113.7,8.56,10.01
2022,13319,"Jones, Aaron",RB,16,16,8.881,8.881,97.0,111.0,8.54,9.77
2022,14909,"Winfield, Antoine",CB+S,10,12,5.693,6.753,96.2,116.1,8.47,10.22
2022,11757,"Donald, Aaron",DT+DE,11,11,6.714,6.714,96.0,96.0,8.45,8.45
2022,8851,"Folk, Nick",PK,11,15,5.0,7.25,95.8,139.7,8.43,12.29
2022,13723,"Payne, Da'Ron",DT+DE,11,16,6.175,9.85,95.5,145.0,8.4,12.76
2022,10768,"David, Lavonte",LB,12,16,6.079,8.212,95.5,132.5,8.4,11.66
2022,14835,"Higgins, Tee",WR,14,15,8.063,8.55,95.5,120.2,8.4,10.57
2022,12187,"Lockett, Tyler",WR,12,15,7.555,8.684,95.0,114.0,8.36,10.03
2022,14157,"Williams, Quinnen",DT+DE,9,15,5.912,9.672,94.5,143.5,8.32,12.63
2022,13131,"Mixon, Joe",RB,12,13,6.688,7.43,94.5,105.9,8.31,9.32
2022,13909,,PK,10,15,4.945,8.529,94.4,151.1,8.31,13.3
2022,14056,"Murray, Kyler",QB,11,11,6.449,6.449,94.2,106.5,8.29,9.37
2022,13128,"Cook, Dalvin",RB,15,16,8.783,9.189,93.7,102.9,8.24,9.05
2022,12620,"Prescott, Dak",QB,10,11,5.804,6.587,92.8,112.7,8.16,9.91
2022,13470,"Moore, Kenny",CB+S,12,12,5.65,5.65,92.5,92.5,8.14,8.14
2022,15259,"Stevenson, Rhamondre",RB,16,16,8.84,8.84,90.3,114.1,7.95,10.04
2022,13671,"Andrews, Mark",TE,14,15,7.647,8.109,88.8,105.8,7.81,9.31
2022,14896,"Queen, Patrick",LB,11,16,5.36,9.365,88.5,146.5,7.79,12.89
2022,13299,"Kittle, George",TE,13,14,7.865,8.173,88.1,99.0,7.75,8.71
2022,14412,"Singleton, Alex",LB,10,16,5.28,7.813,88.0,136.5,7.74,12.01
2022,15668,"Waitman, Corliss",PN,11,16,5.955,8.913,88.0,135.0,7.74,11.88
2022,15001,"Curl, Kamren",CB+S,10,12,5.271,6.579,87.4,107.4,7.69,9.45
2022,9694,"Gano, Graham",PK,10,16,6.182,9.765,87.3,152.1,7.68,13.38
2022,12323,"Pinion, Bradley",PN,13,13,5.682,5.682,87.0,87.0,7.66,7.66
2022,13251,"Baker, Budda",CB+S,10,15,5.107,9.308,86.5,149.3,7.61,13.14
2022,14102,"Metcalf, DK",WR,16,16,8.627,8.627,84.5,105.2,7.44,9.26
2022,15833,"Gardner, Sauce",CB+S,11,14,4.779,6.107,84.4,107.9,7.43,9.5
2022,15894,"Woolen, Tariq",CB+S,11,16,4.046,6.856,83.4,134.0,7.34,11.79
2022,14489,"Gillan, Jamie",PN,11,16,5.273,7.898,82.7,123.7,7.28,10.89
2022,13633,"Kirk, Christian",WR,13,16,7.22,8.563,82.5,106.1,7.26,9.34
2022,14840,"Aiyuk, Brandon",WR,16,16,8.395,8.395,82.4,91.5,7.25,8.05
2022,14921,"Dugger, Kyle",CB+S,8,14,5.016,8.19,82.2,142.5,7.23,12.54
2022,13146,"Conner, James",RB,13,13,8.206,8.206,81.9,86.0,7.2,7.57
2022,13806,"Elliott, DeShon",CB+S,8,13,4.987,8.058,81.5,131.3,7.17,11.55
2022,14927,"Chinn, Jeremy",CB+S,9,10,4.543,5.262,81.4,92.1,7.16,8.1
2022,14842,"Pittman, Michael",WR,13,15,7.305,8.071,80.5,95.5,7.09,8.4
2022,13325,"Woods, Xavier",CB+S,11,11,4.964,4.964,79.8,79.8,7.02,7.02
2022,12720,,CB+S,8,12,4.64,6.956,79.1,116.1,6.96,10.22
2022,14235,"Tranquill, Drue",LB,8,16,5.09,9.97,79.0,156.0,6.95,13.73
2022,7836,"Rodgers, Aaron",QB,16,16,7.301,7.301,78.8,90.5,6.93,7.96
2022,10267,"Miller, Von",DT+DE,11,11,5.202,5.202,78.5,78.5,6.91,6.91
2022,13284,"Hendrickson, Trey",DT+DE,13,13,5.062,5.062,78.5,78.5,6.91,6.91
2022,15822,"Lloyd, Devin",LB,12,16,4.803,7.324,78.0,118.5,6.86,10.43
2022,11232,"Hopkins, DeAndre",WR,9,9,5.632,5.632,77.6,85.5,6.83,7.53
2022,14224,"Gardner-Johnson, Chauncey",CB+S,6,11,4.485,6.772,77.4,121.5,6.81,10.69
2022,15711,"Walker III, Kenneth",RB,10,14,6.129,7.031,77.2,89.4,6.8,7.87
2022,13690,"Sweat, Josh",DT+DE,8,16,4.918,8.908,77.0,135.5,6.78,11.92
2022,13354,"Butker, Harrison",PK,11,12,4.845,5.679,76.8,91.3,6.76,8.03
2022,15282,"Smith, DeVonta",WR,14,16,7.284,8.874,76.8,130.2,6.76,11.45
2022,13214,"Watt, T.J.",LB,9,9,4.072,4.072,76.5,76.5,6.73,6.73
2022,15808,"Karlaftis, George",DT+DE,15,16,5.707,5.77,75.5,77.5,6.64,6.82
2022,15754,"Olave, Chris",WR,14,14,7.634,7.634,73.6,76.7,6.47,6.75
2022,15362,"Surtain II, Patrick",CB+S,12,16,3.628,4.939,72.9,98.2,6.42,8.64
2022,12752,"Byard, Kevin",CB+S,8,16,4.133,8.315,72.8,140.9,6.41,12.4
2022,13154,"Williams, Mike",WR,12,12,6.516,6.516,72.8,92.0,6.4,8.1
2022,15835,"Brisker, Jaquan",CB+S,7,14,4.466,8.973,72.6,142.2,6.39,12.51
2022,13403,"Koo, Younghoe",PK,11,15,4.182,7.644,72.5,130.5,6.38,11.48
2022,13296,"Wise, Deatrich",DT+DE,14,16,5.806,7.266,71.5,101.0,6.29,8.89
2022,14244,"Gay, Matt",PK,9,15,4.245,6.961,71.2,121.0,6.27,10.65
2022,11150,"Smith, Geno",QB,9,16,4.835,9.398,71.1,160.8,6.26,14.15
2022,14148,"Sweat, Montez",DT+DE,12,15,5.1,7.292,71.0,109.5,6.25,9.64
2022,13952,"Luvu, Frankie",LB,8,14,3.961,8.289,70.5,148.0,6.2,13.02
2022,14630,"Cole, A.J.",PN,10,16,4.682,8.265,70.0,124.0,6.16,10.91
2022,12711,"Ramsey, Jalen",CB+S,8,16,4.217,9.019,69.8,149.7,6.14,13.17
2022,14928,"Wilson, Logan",LB,9,14,4.005,7.25,69.0,121.5,6.07,10.69
2022,14138,"Hockenson, T.J.",TE,14,16,8.651,9.805,68.9,107.4,6.06,9.45
2022,11772,,LB,9,16,4.034,8.188,68.5,131.5,6.03,11.57
2022,12702,,LB,10,12,3.813,4.931,68.5,87.5,6.03,7.7
2022,14910,"Jones, Brandon",CB+S,7,7,3.775,3.775,67.2,67.2,5.91,5.91
2022,11644,"Carr, Derek",QB,10,15,5.071,7.103,67.2,109.3,5.91,9.62
2022,15469,"Hamlin, Damar",CB+S,7,15,3.83,7.183,66.9,124.3,5.89,10.94
2022,13281,"Douglas, Rasul",CB+S,8,16,3.995,8.609,66.6,143.5,5.86,12.63
2022,15352,"Collins, Zaven",LB,9,16,3.344,6.624,66.5,121.5,5.85,10.69
2022,15368,"McPherson, Evan",PK,9,15,4.091,7.356,65.3,120.0,5.75,10.56
2022,13322,"Clark, Chuck",CB+S,8,16,3.732,7.082,64.3,120.4,5.66,10.6
2022,13129,,RB,13,15,7.293,8.777,63.3,89.4,5.57,7.86
2022,13132,"Kamara, Alvin",RB,14,14,6.344,6.344,63.1,81.4,5.55,7.16
2022,14136,"Samuel, Deebo",WR,12,12,6.344,6.344,62.3,66.0,5.48,5.8
2022,15355,"Bolton, Nick",LB,6,16,3.909,10.5,62.0,165.0,5.46,14.52
2022,14105,"Brown, Marquise",WR,7,11,4.493,6.048,61.7,68.2,5.43,6.01
2022,12625,"Elliott, Ezekiel",RB,13,14,7.442,7.809,61.7,68.0,5.43,5.99
2022,14079,"Sanders, Miles",RB,14,16,6.353,7.833,61.1,98.3,5.37,8.65
2022,13268,"Anzalone, Alex",LB,9,16,3.244,7.401,60.5,128.0,5.32,11.26
2022,15789,"Watson, Christian",WR,8,13,4.34,5.375,60.1,72.9,5.29,6.42
2022,15254,"Harris, Najee",RB,16,16,8.188,8.188,59.7,63.9,5.25,5.62
2022,15387,"Werner, Pete",LB,9,11,4.076,5.082,59.5,78.5,5.24,6.91
2022,11222,"Allen, Keenan",WR,9,9,5.497,5.497,59.3,65.3,5.22,5.75
2022,12795,"Judon, Matt",LB,8,16,3.604,7.996,59.0,131.0,5.19,11.53
2022,15499,"Gillikin, Blake",PN,5,16,3.273,9.148,59.0,135.0,5.19,11.88
2022,14164,"Jones, Dre'Mont",DT+DE,8,13,4.106,6.099,59.0,87.5,5.19,7.7
2022,14109,"McLaurin, Terry",WR,9,16,5.266,8.894,58.4,92.5,5.14,8.14
2022,11947,"McManus, Brandon",PK,7,13,3.818,6.292,58.4,102.1,5.14,8.98
2022,14184,,CB+S,8,10,3.654,3.671,57.6,60.5,5.07,5.32
2022,14948,"Walker, Mykal",LB,7,12,3.935,6.849,57.5,104.0,5.06,9.15
2022,14222,"Edwards, Mike",CB+S,7,10,3.371,5.664,57.4,95.2,5.05,8.38
2022,15253,"Etienne, Travis",RB,12,16,6.02,7.663,57.0,86.3,5.01,7.6
2022,13760,"Whitehead, Jordan",CB+S,9,16,2.956,6.909,56.9,120.0,5.01,10.56
2022,10868,,PK,7,13,3.282,6.645,55.9,122.9,4.92,10.82
2022,13635,"Moore, D.J.",WR,15,16,6.835,7.567,55.8,98.1,4.91,8.63
2022,15237,"Lawrence, Trevor",QB,8,16,4.174,9.24,55.6,176.0,4.89,15.48
2022,14217,"Barton, Cody",LB,8,16,3.261,8.41,55.5,130.0,4.88,11.44
2022,14247,"Greenlaw, Dre",LB,7,15,3.187,7.927,55.0,138.5,4.84,12.19
2022,13253,"Williams, Marcus",CB+S,6,9,2.831,5.018,54.5,94.7,4.8,8.33
2022,13430,"Haack, Matt",PN,8,14,3.409,6.701,54.0,106.0,4.75,9.33
2022,13674,"Goedert, Dallas",TE,10,11,6.254,6.754,53.3,56.8,4.69,5.0
2022,10266,"Heyward, Cameron",DT+DE,6,15,3.213,8.193,53.0,121.5,4.66,10.69
2022,14227,"Wishnowsky, Mitch",PN,8,16,3.318,8.443,52.0,127.0,4.58,11.18
2022,15708,"Hall, Breece",RB,5,7,3.551,4.681,51.8,55.5,4.56,4.88
2022,12779,,LB,8,11,2.562,4.285,51.0,89.0,4.49,7.83
2022,11317,"Poyer, Jordan",CB+S,7,11,2.945,5.614,50.7,95.7,4.46,8.42
2022,15868,"Jones, Marcus",CB+S,2,14,1.672,5.742,49.9,129.1,4.39,11.36
2022,15979,"Dicker, Cameron",PK,6,10,2.845,5.194,49.9,84.9,4.39,7.47
2022,14887,"Simmons, Isaiah",LB,6,16,3.03,7.441,49.5,123.5,4.36,10.87
2022,14802,"Taylor, Jonathan",RB,11,11,5.462,5.462,49.0,67.5,4.32,5.94
2022,13156,"Smith-Schuster, JuJu",WR,10,15,4.919,7.043,48.4,79.4,4.26,6.99
2022,15717,"Pierce, Dameon",RB,10,13,5.355,6.824,48.0,68.1,4.23,6.0
2022,10703,"Wilson, Russell",QB,12,14,4.905,5.168,47.6,62.7,4.19,5.52
2022,10313,"Dalton, Andy",QB,9,12,3.82,4.623,47.6,58.4,4.19,5.14
2022,12764,"Hargrave, Javon",DT+DE,7,16,3.075,7.995,47.5,131.0,4.18,11.53
2022,15345,"Paye, Kwity",DT+DE,6,11,3.087,6.214,46.5,96.0,4.09,8.45
2022,14163,"Simmons, Jeffery",DT+DE,7,14,3.094,7.297,46.5,106.0,4.09,9.33
2022,15346,"Rousseau, Gregory",DT+DE,8,12,3.324,6.323,46.0,87.5,4.05,7.7
2022,12305,"Jarrett, Grady",DT+DE,9,16,3.76,7.737,46.0,104.0,4.05,9.15
2022,12610,"Wentz, Carson",QB,6,7,2.954,3.192,44.9,65.1,3.95,5.73
2022,11761,,RB,7,16,4.083,6.754,44.8,74.7,3.94,6.57
2022,14918,"Terrell, A.J.",CB+S,7,10,2.724,3.531,44.7,59.1,3.93,5.2
2022,14153,"Allen, Zach",DT+DE,7,13,3.239,6.759,43.5,97.0,3.83,8.54
2022,15975,"Sanborn, Jack",LB,4,14,2.614,4.079,43.5,73.5,3.83,6.47
2022,15753,"Wilson, Garrett",WR,14,16,6.092,7.369,43.4,96.9,3.82,8.53
2022,13898,"Joseph, Greg",PK,6,13,2.091,5.212,42.8,90.5,3.77,7.96
2022,15441,"Hobbs, Nate",CB+S,5,10,2.625,6.233,42.7,104.8,3.76,9.22
2022,15698,"Purdy, Brock",QB,4,8,2.558,3.123,42.6,48.2,3.75,4.24
2022,16016,"Kohou, Kader",CB+S,5,14,2.567,6.8,42.2,112.0,3.71,9.86
2022,13288,"Jenkins, Rayshawn",CB+S,5,16,2.455,8.814,42.1,165.2,3.7,14.54
2022,15882,"York, Cade",PK,7,13,2.727,6.674,41.8,104.4,3.68,9.19
2022,14907,"Delpit, Grant",CB+S,3,14,2.475,7.567,41.7,126.3,3.67,11.11
2022,11247,"Ertz, Zach",TE,10,10,6.026,6.026,40.8,48.0,3.59,4.23
2022,13298,"Stewart, Grover",DT+DE,6,16,3.022,8.615,40.5,116.0,3.56,10.21
2022,11840,"O'Donnell, Pat",PN,9,13,2.818,5.985,40.0,94.0,3.52,8.27
2022,14268,,LB,7,12,1.94,5.548,39.0,93.0,3.43,8.18
2022,13263,"Awuzie, Chidobe",CB+S,6,8,2.124,2.848,38.4,52.0,3.38,4.58
2022,14797,"Swift, D'Andre",RB,9,13,4.648,6.454,38.2,65.8,3.36,5.79
2022,13980,"Badgley, Mike",PK,4,12,2.845,7.38,38.2,110.7,3.36,9.74
2022,14167,"Hines-Allen, Josh",LB,6,13,2.414,3.763,38.0,69.5,3.34,6.12
2022,13189,"Engram, Evan",TE,8,16,4.077,8.194,37.9,84.0,3.34,7.39
2022,13176,"Jones, Zay",WR,7,15,3.479,7.094,36.9,93.8,3.25,8.25
2022,14080,"Singletary, Devin",RB,10,15,4.91,6.901,36.1,55.9,3.18,4.92
2022,15887,,PN,4,13,2.045,6.254,35.0,99.5,3.08,8.76
2022,13782,"Dickson, Michael",PN,7,16,2.636,6.886,35.0,101.2,3.08,8.91
2022,14852,"Gibson, Antonio",RB,10,15,5.262,6.931,34.5,47.8,3.04,4.21
2022,10272,,DT+DE,6,14,2.72,7.459,34.5,99.5,3.04,8.76
2022,15351,"Owusu-Koramoah, Jeremiah",LB,6,11,1.976,4.258,34.0,74.5,2.99,6.56
2022,14897,"Brown, Derrick",DT+DE,6,13,2.156,5.444,34.0,76.0,2.99,6.69
2022,13632,"Lazard, Allen",WR,12,14,5.785,6.711,34.0,55.1,2.99,4.85
2022,14071,"Montgomery, David",RB,15,15,6.273,6.273,33.5,60.4,2.95,5.32
2022,10697,,QB,12,12,4.861,4.861,33.4,65.2,2.94,5.74
2022,14857,"Peoples-Jones, Donovan",WR,8,16,4.072,6.904,32.6,59.1,2.87,5.2
2022,12225,"Williams, Leonard",DT+DE,4,9,2.371,4.309,32.5,63.5,2.86,5.59
2022,12231,"Thompson, Shaq",LB,4,13,2.066,5.651,32.5,94.0,2.86,8.27
2022,14833,"Jeudy, Jerry",WR,6,14,3.563,7.094,32.4,84.8,2.85,7.46
2022,15884,"Stout, Jordan",PN,6,13,2.273,6.189,32.0,104.0,2.82,9.15
2022,9853,,DT+DE,9,16,2.229,5.749,31.5,94.0,2.77,8.27
2022,12767,"Simmons, Justin",CB+S,4,9,1.694,4.614,31.2,82.8,2.75,7.29
2022,11938,"Thielen, Adam",WR,16,16,6.808,6.808,31.3,59.1,2.75,5.2
2022,15871,"Joseph, Kerby",CB+S,4,16,1.69,6.309,31.1,116.1,2.74,10.22
2022,14028,,CB+S,4,13,1.655,5.632,31.1,97.8,2.74,8.61
2022,13706,"Baker, Jerome",LB,4,16,1.738,6.234,31.0,109.0,2.73,9.59
2022,13630,"Sutton, Courtland",WR,10,14,4.736,6.242,31.0,54.5,2.72,4.79
2022,13139,"Williams, Jamaal",RB,9,16,4.352,8.004,30.6,93.3,2.69,8.21
2022,14940,"Highsmith, Alex",LB,5,13,1.674,4.885,30.5,92.5,2.68,8.14
2022,14954,"Hawkins, Jaylinn",CB+S,5,12,1.612,5.42,30.2,94.6,2.66,8.32
2022,11721,"Mack, Khalil",LB,6,13,1.575,4.508,30.0,82.5,2.64,7.26
2022,10753,,DT+DE,5,15,1.873,5.569,30.0,90.0,2.64,7.92
2022,14903,"Diggs, Trevon",CB+S,4,16,1.917,6.527,29.6,107.9,2.6,9.5
2022,15319,"Palmer, Joshua",WR,9,15,3.905,6.135,28.7,65.7,2.53,5.78
2022,13747,,CB+S,3,3,1.192,1.192,28.0,28.0,2.46,2.46
2022,12650,"Boyd, Tyler",WR,6,15,2.788,5.89,27.7,60.8,2.44,5.35
2022,15331,"Freiermuth, Pat",TE,11,15,6.308,8.458,27.3,53.2,2.41,4.68
2022,11936,"Boswell, Chris",PK,3,8,1.727,3.894,27.2,60.0,2.39,5.28
2022,13204,,DT+DE,4,6,2.312,2.393,27.0,28.5,2.38,2.51
2022,13869,"Bojorquez, Corey",PN,4,14,1.636,6.636,27.0,97.0,2.38,8.54
2022,14063,"Stidham, Jarrett",QB,1,4,0.895,0.94,26.6,26.6,2.34,2.34
2022,12652,,WR,3,3,1.813,1.813,25.7,25.7,2.26,2.26
2022,13844,"Cooke, Logan",PN,5,13,1.909,5.826,25.0,86.0,2.2,7.57
2022,13920,"Ward, Charvarius",CB+S,3,16,1.638,7.706,25.0,128.5,2.2,11.31
2022,14208,"Johnson, Diontae",WR,13,16,5.557,7.005,24.1,46.9,2.12,4.13
2022,14882,"Greenard, Jonathan",DT+DE,4,4,2.063,2.063,24.0,24.0,2.11,2.11
2022,15496,,PN,6,13,1.545,4.754,24.0,75.0,2.11,6.6
2022,14159,"Lawrence, Dexter",DT+DE,4,16,1.588,8.49,24.0,124.5,2.11,10.96
2022,13746,,DT+DE,3,12,2.021,4.99,24.0,65.0,2.11,5.72
2022,12476,"Heinicke, Taylor",QB,7,8,2.602,2.888,24.0,37.1,2.11,3.27
2022,12141,"Mariota, Marcus",QB,7,13,2.523,5.538,23.3,82.2,2.05,7.23
2022,14143,"Knox, Dawson",TE,7,14,3.718,6.794,22.9,42.1,2.01,3.71
2022,13759,"Armstrong, Dorance",DT+DE,8,16,1.715,5.851,22.5,86.0,1.98,7.57
2022,15721,"White, Rachaad",RB,5,16,2.889,5.943,21.6,36.2,1.9,3.18
2022,14845,"Davis, Gabriel",WR,11,14,4.469,6.037,21.4,65.8,1.88,5.79
2022,13192,"Njoku, David",TE,8,13,4.283,6.234,21.0,53.2,1.85,4.68
2022,13232,,CB+S,2,16,1.586,9.174,20.9,152.1,1.84,13.38
2022,13223,"Humphrey, Marlon",CB+S,2,16,1.491,8.138,20.4,128.7,1.8,11.33
2022,9596,"Morstead, Thomas",PN,2,14,1.091,6.466,20.0,107.5,1.76,9.46
2022,13424,"Hill, Taysom",TE,9,15,3.468,7.11,19.6,68.8,1.72,6.05
2022,14935,,CB+S,3,9,0.997,4.209,19.3,76.4,1.7,6.72
2022,13168,"Reynolds, Josh",WR,2,10,1.507,3.885,19.2,37.9,1.69,3.33
2022,13724,,WR,3,16,1.732,5.681,19.0,51.7,1.67,4.55
2022,10277,,LB,1,10,1.0,3.565,19.0,61.5,1.67,5.41
2022,13294,"Ebukam, Samson",DT+DE,6,15,1.638,5.483,19.0,74.0,1.67,6.51
2022,13426,,LB,3,13,1.252,4.959,19.0,81.5,1.67,7.17
2022,13772,"Schultz, Dalton",TE,12,14,6.026,7.226,18.9,61.6,1.66,5.42
2022,15859,"Taylor-Britt, Cam",CB+S,3,9,0.961,3.596,18.6,65.3,1.64,5.75
2022,13303,"Elliott, Jake",PK,3,12,0.836,4.681,18.5,78.7,1.63,6.93
2022,11706,"Clowney, Jadeveon",DT+DE,2,10,1.208,3.45,18.5,44.5,1.63,3.92
2022,12308,,CB+S,1,14,0.926,6.851,18.4,117.9,1.62,10.38
2022,13274,,CB+S,3,14,1.104,7.12,17.9,114.2,1.58,10.05
2022,13727,,LB,4,13,0.864,4.877,18.0,83.0,1.58,7.3
2022,14067,"Minshew, Gardner",QB,2,5,1.213,1.302,17.8,19.7,1.56,1.74
2022,12301,,LB,3,13,1.166,4.82,17.5,92.5,1.54,8.14
2022,14210,"Pratt, Germaine",LB,3,12,1.022,5.31,17.0,91.0,1.5,8.01
2022,14260,"Holcomb, Cole",LB,3,7,0.82,3.13,17.0,56.0,1.5,4.93
2022,15716,"Robinson, Brian",RB,11,12,4.466,4.566,16.1,32.2,1.42,2.83
2022,14256,"Bailey, Jake",PN,3,9,1.273,3.898,16.0,56.0,1.41,4.93
2022,15500,,PN,3,13,0.727,4.644,16.0,76.0,1.41,6.69
2022,14799,"Akers, Cam",RB,9,14,3.568,4.797,15.6,49.9,1.37,4.39
2022,11674,"Cooks, Brandin",WR,10,12,4.011,4.685,15.5,27.5,1.36,2.42
2022,15749,"Pacheco, Isiah",RB,11,16,4.349,5.181,15.1,34.7,1.33,3.05
2022,13733,,LB,3,3,0.914,0.914,15.0,15.0,1.32,1.32
2022,12860,"Fairbairn, Ka'imi",PK,3,13,0.818,7.008,14.6,112.7,1.28,9.92
2022,13307,"Milano, Matt",LB,2,12,0.832,6.869,14.0,119.0,1.23,10.47
2022,15130,,CB+S,1,7,0.857,1.477,13.8,27.9,1.21,2.46
2022,15817,"Davis, Jordan",DT+DE,5,12,1.04,1.648,13.5,20.0,1.19,1.76
2022,13133,"Perine, Samaje",RB,2,15,1.45,5.598,13.3,51.1,1.17,4.5
2022,12828,,LB,3,11,0.535,1.79,13.0,41.5,1.14,3.65
2022,13245,"Reddick, Haason",LB,1,14,0.964,5.571,13.0,105.0,1.14,9.24
2022,8153,,PK,1,14,1.0,7.053,12.6,115.6,1.11,10.17
2022,14149,"Gary, Rashan",LB,2,9,0.705,3.363,12.5,65.0,1.1,5.72
2022,15696,"Zappe, Bailey",QB,1,4,0.783,1.324,12.4,13.7,1.09,1.2
2022,15849,"McCreary, Roger",CB+S,2,13,0.776,5.732,12.2,100.6,1.07,8.85
2022,13681,"Chubb, Bradley",LB,4,13,0.343,3.524,12.0,72.5,1.06,6.38
2022,13762,"White, Kyzir",LB,2,13,0.531,3.451,12.0,72.0,1.06,6.34
2022,11316,,CB+S,2,6,0.688,2.323,11.9,39.4,1.05,3.47
2022,12678,"Higbee, Tyler",TE,10,16,3.51,6.598,11.6,64.9,1.02,5.71
2022,10269,,DT+DE,3,12,1.0,1.781,11.5,21.5,1.01,1.89
2022,13719,"Pineiro, Eddy",PK,2,14,0.382,6.81,11.1,123.4,0.98,10.86
2022,11225,"Patterson, Cordarrelle",RB,4,12,1.444,5.762,10.8,62.4,0.95,5.49
2022,15839,"Cross, Nick",CB+S,2,13,0.5,0.9,10.7,19.7,0.94,1.73
2022,13697,"Edmunds, Tremaine",LB,2,10,0.536,4.589,10.5,78.0,0.92,6.86
2022,13710,"Davis, Carlton",CB+S,1,11,0.607,4.768,10.3,86.0,0.91,7.57
2022,12956,"Lutz, Wil",PK,3,13,0.545,6.068,10.0,98.7,0.88,8.69
2022,12140,"Winston, Jameis",QB,3,3,1.261,1.261,9.6,18.0,0.85,1.58
2022,13737,"Bates, Jessie",CB+S,3,13,0.395,4.821,9.7,82.1,0.85,7.22
2022,15369,"Patterson, Riley",PK,1,14,0.5,6.386,9.3,105.7,0.82,9.3
2022,13680,"Hurst, Hayden",TE,3,12,1.561,4.936,9.1,25.5,0.8,2.24
2022,14912,,PK,1,3,0.636,1.265,8.9,17.7,0.78,1.56
2022,11742,,CB+S,2,13,0.475,4.527,8.9,84.0,0.78,7.39
2022,14252,"Jackson, Michael",CB+S,1,13,0.6,6.238,8.8,104.4,0.77,9.19
2022,15114,,CB+S,1,11,0.55,3.613,8.6,64.9,0.76,5.71
2022,14426,"Wright, Matthew",PK,1,6,0.682,5.0,8.5,76.2,0.75,6.71
2022,12745,"Jones, Deion",LB,1,7,0.617,2.389,8.5,37.5,0.75,3.3
2022,13590,"Mayfield, Baker",QB,7,11,2.007,2.835,8.4,31.2,0.73,2.74
2022,13236,"Everett, Gerald",TE,6,14,3.321,7.482,8.3,37.1,0.73,3.27
2022,12447,"Mostert, Raheem",RB,5,15,2.176,6.688,8.3,62.5,0.73,5.5
2022,15712,"Allgeier, Tyler",RB,1,13,0.759,4.102,8.2,26.7,0.72,2.35
2022,12744,"Ward, Jihad",DT+DE,2,13,0.582,5.638,8.0,74.5,0.7,6.56
2022,15797,"Dulcich, Greg",TE,6,10,2.694,4.277,7.9,27.4,0.7,2.41
2022,14867,"Kmet, Cole",TE,3,16,1.872,6.425,7.7,44.4,0.68,3.91
2022,12691,"Ogbah, Emmanuel",DT+DE,2,9,0.708,1.837,7.5,22.5,0.66,1.98
2022,14801,,RB,4,14,1.672,3.432,7.3,20.7,0.64,1.82
2022,14185,"Adderley, Nasir",CB+S,1,12,0.406,3.745,7.2,66.8,0.63,5.88
2022,14182,"Hooker, Amani",CB+S,1,8,0.407,3.677,6.8,65.8,0.6,5.79
2022,15727,"Knight, Bam",RB,3,6,1.465,2.147,6.7,18.8,0.59,1.66
2022,15261,"Hubbard, Chuba",RB,2,14,0.877,3.127,6.6,22.0,0.58,1.94
2022,11760,"Garoppolo, Jimmy",QB,4,11,1.354,5.476,6.5,86.4,0.58,7.61
2022,15437,,CB+S,1,13,0.339,6.305,6.2,105.3,0.55,9.27
2022,13716,,CB+S,1,12,0.359,3.939,6.2,70.0,0.55,6.16
2022,13717,"Reid, Justin",CB+S,1,13,0.359,3.907,6.2,73.0,0.55,6.42
2022,14270,"Epps, Marcus",CB+S,1,13,0.268,5.462,6.0,93.5,0.53,8.23
2022,13839,"Sieler, Zach",DT+DE,1,13,0.5,5.864,6.0,81.0,0.53,7.13
2022,13230,"Adams, Jamal",CB+S,1,1,0.312,0.312,5.9,5.9,0.52,0.52
2022,9099,,QB,8,12,2.282,4.327,5.8,65.0,0.51,5.72
2022,12349,"Diggs, Quandre",CB+S,2,13,0.247,4.717,5.5,84.9,0.48,7.47
2022,10862,,PK,1,11,0.545,3.727,5.5,66.6,0.48,5.86
2022,13157,"Samuel, Curtis",WR,9,16,3.307,6.722,5.0,63.5,0.44,5.58
2022,12842,"Dixon, Riley",PN,2,15,0.091,5.383,5.0,85.1,0.44,7.49
2022,11382,,CB+S,1,2,0.188,0.233,5.0,7.6,0.44,0.67
2022,13688,"Davenport, Marcus",DT+DE,3,11,0.354,2.553,5.0,32.0,0.44,2.82
2022,12616,"Brissett, Jacoby",QB,2,13,0.734,4.942,4.9,71.2,0.43,6.27
2022,13252,"Maye, Marcus",CB+S,1,9,0.219,3.684,4.7,62.9,0.41,5.54
2022,14925,"Uche, Josh",LB,1,14,0.103,3.877,4.5,79.5,0.4,7.0
2022,14127,"Meyers, Jakobi",WR,3,13,1.289,6.446,4.0,67.0,0.35,5.89
2022,14239,"Moreau, Foster",TE,2,14,1.154,4.807,4.0,13.6,0.35,1.2
2022,15842,,PN,1,4,0.182,2.307,4.0,34.0,0.35,2.99
2022,14902,"Okudah, Jeff",CB+S,1,12,0.226,5.417,3.9,96.0,0.34,8.45
2022,13764,"Johnson, Taron",CB+S,1,14,0.179,6.753,3.9,115.4,0.34,10.16
2022,12263,"Waller, Darren",TE,6,8,2.611,4.16,3.7,31.7,0.33,2.79
2022,14186,"Rapp, Taylor",CB+S,1,12,0.125,4.632,3.7,84.8,0.33,7.46
2022,13113,"Watson, Deshaun",QB,3,5,0.965,1.953,3.6,25.5,0.32,2.24
2022,13742,"Hill, B.J.",DT+DE,1,13,0.36,6.284,3.5,83.0,0.31,7.3
2022,12238,"Perryman, Denzel",LB,1,10,0.02,4.743,3.5,80.0,0.31,7.04
2022,15256,"Williams, Javonte",RB,4,4,1.841,1.841,3.5,9.9,0.3,0.87
2022,14717,"McLaughlin, Chase",PK,1,12,0.091,6.682,3.4,104.9,0.3,9.23
2022,15293,"Bateman, Rashod",WR,6,6,1.992,1.992,3.3,20.8,0.29,1.83
2022,13726,"Edmonds, Chase",RB,4,10,1.609,1.999,3.4,7.5,0.29,0.66
2022,9431,"Stafford, Matthew",QB,7,9,1.904,2.541,3.2,29.3,0.28,2.58
2022,14900,"Madubuike, Nnamdi",DT+DE,1,13,0.217,4.109,3.0,55.0,0.26,4.84
2022,12083,"Autry, Denico",DT+DE,1,10,0.208,4.622,3.0,66.0,0.26,5.81
2022,13226,"Jackson, Adoree",CB+S,1,10,0.177,5.321,2.8,84.6,0.25,7.44
2022,13228,"Hooker, Malik",CB+S,1,12,0.065,3.788,2.6,75.0,0.23,6.6
2022,12756,,DT+DE,2,13,0.109,4.894,2.5,70.0,0.22,6.16
2022,14122,"Slayton, Darius",WR,3,15,1.166,5.212,2.5,40.2,0.22,3.54
2022,14141,"Smith, Irv",TE,4,7,1.526,2.449,2.3,11.8,0.2,1.04
2022,9825,,DT+DE,1,13,0.292,5.361,2.0,67.0,0.18,5.9
2022,14803,"Edwards-Helaire, Clyde",RB,5,10,1.919,3.924,1.8,38.2,0.16,3.36
2022,15290,"Collins, Nico",WR,3,10,1.078,3.613,1.6,19.1,0.14,1.68
2022,15692,"Pickett, Kenny",QB,10,12,2.81,3.567,1.6,26.6,0.14,2.34
2022,15347,,DT+DE,1,12,0.04,4.708,1.5,65.0,0.13,5.72
2022,14158,"Oliver, Ed",DT+DE,1,10,0.16,3.615,1.5,56.5,0.13,4.97
2022,13748,"Jones, Justin",DT+DE,1,13,0.058,5.183,1.5,69.5,0.13,6.12
2022,15742,"Warren, Jaylen",RB,1,15,0.367,3.244,1.4,11.0,0.12,0.96
2022,11348,"Slay, Darius",CB+S,2,13,0.017,4.329,1.3,79.9,0.11,7.03
2022,14933,"Blackmon, Julian",CB+S,1,10,0.047,1.576,1.3,37.3,0.11,3.28
2022,9826,"Graham, Brandon",DT+DE,1,14,0.0,4.694,1.0,81.0,0.09,7.13
2022,14974,"Mooney, Darnell",WR,6,12,2.15,3.96,1.0,27.0,0.09,2.38
2022,8930,"Prater, Matt",PK,1,9,0.045,3.303,1.0,58.4,0.09,5.14
2022,13134,"Foreman, D'Onta",RB,4,16,1.436,4.66,0.6,65.7,0.05,5.78
2022,13704,"Nwosu, Uchenna",LB,1,13,0.0,5.887,0.5,101.5,0.04,8.93
2022,15752,"Burks, Treylon",WR,5,10,1.727,3.067,0.2,18.0,0.02,1.59
2022,15762,"Pickens, George",WR,5,16,1.947,6.304,0.2,52.8,0.02,4.65
2022,13871,,RB,0,12,0.0,2.818,0.0,18.9,0.0,1.67
2022,14847,"Duvernay, Devin",WR,9,14,3.109,4.999,-0.0,45.7,-0.0,4.02
2022,15252,"Mills, Davis",QB,14,14,4.005,4.005,0.0,40.1,0.0,3.53
2022,15755,"Dotson, Jahan",WR,0,11,0.0,4.785,0.0,57.4,0.0,5.05
2022,13188,,TE,0,12,0.0,2.036,0.0,10.2,0.0,0.9
2022,12658,"Shepard, Sterling",WR,0,3,0.0,1.225,0.0,8.2,0.0,0.72
2022,15815,"Walker, Travon",DT+DE,0,13,0.0,5.782,0.0,74.0,0.0,6.51
2022,15907,"Robinson, Dominique",DT+DE,1,13,0.0,3.183,0.0,45.0,0.0,3.96
2022,12589,,CB+S,0,8,0.0,3.952,0.0,61.8,0.0,5.44
2022,13266,"Witherspoon, Ahkello",CB+S,0,4,0.0,1.61,0.0,31.5,0.0,2.77
2022,13634,"Pettis, Dante",WR,0,13,0.0,2.111,0.0,14.6,0.0,1.29
2022,15901,,WR,0,4,0.0,0.618,0.0,5.0,0.0,0.44
2022,14108,"Dortch, Greg",WR,0,13,0.0,3.929,0.0,34.8,0.0,3.06
2022,12750,,CB+S,0,13,0.0,4.418,0.0,81.4,0.0,7.16
2022,10749,,LB,0,13,0.0,3.292,0.0,64.5,0.0,5.68
2022,14871,"Parkinson, Colby",TE,0,12,0.0,2.516,0.0,4.7,0.0,0.42
2022,15348,"Basham, Carlos",DT+DE,0,13,0.0,2.835,0.0,37.5,0.0,3.3
2022,12506,,CB+S,0,12,0.0,4.108,0.0,78.5,0.0,6.91
2022,10271,,WR,0,9,0.0,2.54,0.0,10.6,0.0,0.93
2022,15240,"Lance, Trey",QB,0,3,0.0,0.208,0.0,0.0,0.0,0.0
2022,15384,"Samuel, Asante",CB+S,0,13,0.0,4.285,0.0,78.5,0.0,6.91
2022,15381,"Grant, Richie",CB+S,0,13,0.0,7.363,0.0,121.3,0.0,10.67
2022,11735,,CB+S,0,9,0.0,2.389,0.0,45.5,0.0,4.0
2022,13638,"Berrios, Braxton",WR,0,13,0.0,2.836,0.0,6.1,0.0,0.53
2022,10932,,RB,0,12,0.0,1.0,0.0,2.1,0.0,0.19
2022,15016,"Jackson, Dane",CB+S,0,12,0.0,5.136,0.0,88.5,0.0,7.79
2022,12229,"Phillips, Jordan",DT+DE,0,10,0.0,2.142,0.0,30.5,0.0,2.68
2022,15255,"Gainwell, Kenneth",RB,0,13,0.0,2.454,0.0,7.7,0.0,0.68
2022,13832,"Sanders, Jason",PK,0,13,0.0,6.11,0.0,100.8,0.0,8.87
2022,14113,"Hardman, Mecole",WR,0,8,0.0,3.589,0.0,42.9,0.0,3.77
2022,12737,,CB+S,0,4,0.0,1.402,0.0,24.8,0.0,2.18
2022,12686,"Bosa, Joey",LB,0,4,0.0,1.029,0.0,18.5,0.0,1.63
2022,15422,"Wilson, Marco",CB+S,0,13,0.0,5.109,0.0,91.2,0.0,8.03
2022,12276,,CB+S,0,5,0.0,1.214,0.0,23.7,0.0,2.09
2022,14302,"Scott, Nick",CB+S,0,13,0.0,5.527,0.0,98.7,0.0,8.69
2022,12261,,RB,0,1,0.0,0.431,0.0,1.1,0.0,0.1
2022,14860,"Jennings, Jauan",WR,0,12,0.0,2.431,0.0,9.8,0.0,0.86
2022,14257,"Speed, E.J.",LB,0,13,0.0,2.276,0.0,49.5,0.0,4.36
2022,13276,,CB+S,0,12,0.0,3.399,0.0,67.9,0.0,5.98
2022,13774,"Reed, D.J.",CB+S,0,13,0.0,5.598,0.0,97.2,0.0,8.55
2022,14879,"Epenesa, A.J.",DT+DE,0,12,0.0,4.529,0.0,64.5,0.0,5.68
2022,13775,"Bentley, Ja'Whaun",LB,0,13,0.0,4.306,0.0,79.5,0.0,7.0
2022,13414,"Hilton, Mike",CB+S,0,12,0.0,4.086,0.0,75.1,0.0,6.61
2022,12234,"Dupree, Bud",LB,0,9,0.0,2.599,0.0,47.5,0.0,4.18
2022,13547,"Maulet, Art",CB+S,0,13,0.0,3.871,0.0,72.0,0.0,6.34
2022,14904,"Fulton, Kristian",CB+S,0,10,0.0,4.397,0.0,71.9,0.0,6.33
2022,15852,"Gordon, Kyler",CB+S,0,11,0.0,5.01,0.0,79.5,0.0,7.0
2022,14221,"Williams, Quincy",LB,0,11,0.0,4.085,0.0,73.5,0.0,6.47
2022,9051,"Campbell, Calais",DT+DE,0,12,0.0,5.602,0.0,72.0,0.0,6.34
2022,13637,,WR,0,13,0.0,2.111,0.0,4.9,0.0,0.43
2022,12291,,CB+S,0,13,0.0,4.366,0.0,77.1,0.0,6.78
2022,15032,"Fox, Jack",PN,0,13,0.0,4.292,0.0,56.9,0.0,5.01
2022,15380,"Campbell, Tyson",CB+S,0,13,0.0,4.93,0.0,93.0,0.0,8.18
2022,15960,,RB,0,13,0.0,0.705,0.0,0.0,0.0,0.0
2022,14873,"Okwuegbunam, Albert",TE,0,6,0.0,0.74,0.0,0.7,0.0,0.07
2022,14180,"Murphy, Byron",CB+S,0,9,0.0,3.744,0.0,69.8,0.0,6.14
2022,15832,"Stingley Jr., Derek",CB+S,0,9,0.0,3.941,0.0,66.9,0.0,5.89
2022,12221,"Hunter, Danielle",LB,0,13,0.0,4.996,0.0,86.5,0.0,7.61
2022,14932,,LB,0,11,0.0,1.164,0.0,24.5,0.0,2.16
2022,12184,,WR,0,4,0.0,0.529,0.0,0.0,0.0,0.0
2022,14924,"Johnson, Jaylon",CB+S,0,10,0.0,2.676,0.0,47.7,0.0,4.2
2022,12817,,CB+S,0,12,0.0,3.655,0.0,64.1,0.0,5.64
2022,15404,"Jones, Ernest",LB,0,13,0.0,5.079,0.0,84.5,0.0,7.44
2022,14985,"Mann, Braden",PN,0,13,0.0,6.417,0.0,89.9,0.0,7.91
2022,14315,"Dulin, Ashton",WR,0,9,0.0,1.343,0.0,4.7,0.0,0.41
2022,15393,"Odighizuwa, Osa",DT+DE,0,13,0.0,4.368,0.0,62.0,0.0,5.46
2022,9846,,CB+S,1,13,0.0,4.864,0.0,86.5,0.0,7.61
2022,13678,"Thomas, Ian",TE,0,13,0.0,1.704,0.0,0.0,0.0,0.0
2022,13264,,CB+S,0,12,0.0,1.816,0.0,39.9,0.0,3.51
2022,13108,,RB,0,8,0.0,2.14,0.0,3.2,0.0,0.28
2022,15418,"Bynum, Camryn",CB+S,0,13,0.0,5.213,0.0,89.9,0.0,7.91
2022,14319,"Beck, Andrew",TE,0,9,0.0,0.667,0.0,0.0,0.0,0.0
2022,13987,"Spillane, Robert",LB,0,12,0.0,2.006,0.0,46.5,0.0,4.09
2022,12302,,LB,0,13,0.0,1.734,0.0,42.0,0.0,3.7
2022,15389,,CB+S,0,2,0.0,0.506,0.0,8.8,0.0,0.77
2022,14276,,CB+S,0,7,0.0,2.01,0.0,35.9,0.0,3.16
2022,12739,"Clark, Kenny",DT+DE,0,13,0.0,4.637,0.0,64.0,0.0,5.63
2022,15846,"Walker, Quay",LB,0,13,0.0,6.137,0.0,99.0,0.0,8.71
2022,15070,,TE,0,12,0.0,1.78,0.0,0.2,0.0,0.02
2022,14944,"Holmes, Darnay",CB+S,0,12,0.0,2.07,0.0,42.5,0.0,3.74
2022,11387,"Hopkins, Dustin",PK,0,5,0.0,2.333,0.0,42.6,0.0,3.75
2022,14198,"Ya-Sin, Rock",CB+S,0,11,0.0,3.491,0.0,65.5,0.0,5.76
2022,13814,,RB,0,11,0.0,1.504,0.0,4.5,0.0,0.4
2022,15620,,RB,0,13,0.0,0.596,0.0,0.0,0.0,0.0
2022,13692,"Vea, Vita",DT+DE,1,13,0.021,5.072,0.0,68.0,0.0,5.98
2022,14220,,LB,0,11,0.0,1.933,0.0,37.5,0.0,3.3
2022,13265,"Ogunjobi, Larry",DT+DE,0,12,0.0,3.593,0.0,44.0,0.0,3.87
2022,15081,"Wharton, Tershawn",DT+DE,0,5,0.0,1.06,0.0,14.5,0.0,1.28
2022,9577,,PN,0,9,0.0,3.042,0.0,42.0,0.0,3.7
2022,13963,"Hodge, KhaDarel",WR,0,13,0.0,1.766,0.0,2.9,0.0,0.26
2022,13332,"Jones, D.J.",DT+DE,0,13,0.0,4.357,0.0,57.0,0.0,5.02
2022,15766,"Moore, Skyy",WR,0,16,0.0,2.022,0.0,2.9,0.0,0.25
2022,15491,"Skowronek, Ben",WR,0,13,0.0,3.172,0.0,18.1,0.0,1.59
2022,10260,,CB+S,0,13,0.0,5.664,0.0,98.0,0.0,8.62
2022,14245,"Oruwariye, Amani",CB+S,0,10,0.0,3.244,0.0,58.3,0.0,5.13
2022,14219,"Dean, Jamel",CB+S,0,13,0.0,4.64,0.0,86.0,0.0,7.57
2022,12988,"Jones, Jonathan",CB+S,0,12,0.0,4.861,0.0,89.5,0.0,7.88
2022,13193,"Smith, Jonnu",TE,0,12,0.0,2.402,0.0,1.7,0.0,0.15
2022,14967,"Vildor, Kindle",CB+S,0,11,0.0,2.845,0.0,52.2,0.0,4.59
2022,12773,"Moore, Chris",WR,0,14,0.0,3.951,0.0,24.9,0.0,2.19
2022,12698,"Reed, Jarran",DT+DE,0,13,0.0,4.812,0.0,62.5,0.0,5.5
2022,15241,"Jones, Mac",QB,0,10,0.0,2.811,0.0,28.1,0.0,2.48
2022,15364,"Cisco, Andre",CB+S,0,11,0.0,6.325,0.0,100.2,0.0,8.82
2022,12734,"Floyd, Leonard",LB,0,13,0.0,3.11,0.0,64.0,0.0,5.63
2022,13888,"Gardeck, Dennis",LB,0,10,0.0,1.526,0.0,32.0,0.0,2.82
2022,14962,"Gipson, Trevis",DT+DE,0,13,0.0,2.781,0.0,40.5,0.0,3.56
2022,14952,,DT+DE,0,5,0.0,1.27,0.0,19.5,0.0,1.72
2022,14947,"Wonnum, D.J.",LB,0,12,0.0,2.078,0.0,48.5,0.0,4.27
2022,14240,,TE,0,13,0.0,1.162,0.0,2.1,0.0,0.19
2022,13273,"Griffin, Shaq",CB+S,0,5,0.0,2.694,0.0,45.2,0.0,3.98
2022,14807,,RB,0,9,0.0,1.245,0.0,7.3,0.0,0.64
2022,14250,,LB,0,12,0.0,1.801,0.0,40.0,0.0,3.52
2022,13798,"Fatukasi, Foley",DT+DE,0,11,0.0,2.462,0.0,34.5,0.0,3.04
2022,13216,"Cunningham, Zach",LB,0,5,0.0,0.755,0.0,21.0,0.0,1.85
2022,15377,"Stokes, Eric",CB+S,0,9,0.0,1.615,0.0,31.3,0.0,2.75
2022,13730,"Alexander, Jaire",CB+S,0,12,0.0,5.699,0.0,96.4,0.0,8.48
2022,13227,"Lewis, Jourdan",CB+S,0,6,0.0,2.061,0.0,37.8,0.0,3.33
2022,12288,,DT+DE,0,7,0.0,1.504,0.0,17.5,0.0,1.54
2022,15862,"Emerson, Martin",CB+S,0,13,0.0,5.298,0.0,84.6,0.0,7.44
2022,12952,,DT+DE,0,3,0.0,0.6,0.0,9.5,0.0,0.84
2022,15478,,WR,0,10,0.0,0.441,0.0,0.0,0.0,0.0
2022,15361,"Horn, Jaycee",CB+S,0,11,0.0,4.456,0.0,76.2,0.0,6.71
2022,14154,"Nelson, Anthony",LB,0,13,0.0,1.659,0.0,43.0,0.0,3.78
2022,14236,"Amadi, Ugo",CB+S,0,3,0.0,0.348,0.0,6.8,0.0,0.6
2022,15914,"Rodriguez, Malcolm",LB,0,12,0.0,4.496,0.0,82.5,0.0,7.26
2022,15432,"Carter, Michael",CB+S,0,13,0.0,4.019,0.0,77.4,0.0,6.81
2022,15392,"St-Juste, Benjamin",CB+S,0,11,0.0,3.629,0.0,63.9,0.0,5.62
2022,15851,"Ebiketie, Arnold",LB,0,12,0.0,1.767,0.0,44.5,0.0,3.92
2022,15396,"Deablo, Divine",LB,0,8,0.0,3.812,0.0,58.5,0.0,5.15
2022,12523,,CB+S,0,8,0.0,0.304,0.0,9.2,0.0,0.81
2022,12802,"Reader, D.J.",DT+DE,0,7,0.0,3.147,0.0,39.0,0.0,3.43
2022,15029,,LB,0,13,0.0,2.251,0.0,46.0,0.0,4.05
2022,12754,"Collins, Maliek",DT+DE,0,11,0.0,3.814,0.0,53.0,0.0,4.66
2022,13641,"McCloud, Ray-Ray",WR,0,13,0.0,2.269,0.0,9.6,0.0,0.84
2022,14908,"McKinney, Xavier",CB+S,0,8,0.0,3.42,0.0,57.4,0.0,5.05
2022,15419,"Granson, Kylen",TE,0,12,0.0,3.687,0.0,6.8,0.0,0.6
2022,15333,,TE,0,13,0.0,1.123,0.0,0.0,0.0,0.0
2022,13959,"Williams, Darious",CB+S,0,13,0.0,3.093,0.0,63.9,0.0,5.62
2022,15177,"Bryant, Myles",CB+S,0,13,0.0,3.656,0.0,68.6,0.0,6.04
2022,15296,,WR,0,11,0.0,0.937,0.0,3.9,0.0,0.34
2022,13738,"Jackson, Donte",CB+S,0,9,0.0,3.433,0.0,64.0,0.0,5.63
2022,14876,"Deguara, Josiah",TE,0,13,0.0,1.494,0.0,1.5,0.0,0.13
2022,14722,,CB+S,0,6,0.0,1.288,0.0,27.3,0.0,2.4
2022,15405,"Stephens, Brandon",CB+S,0,12,0.0,1.89,0.0,37.7,0.0,3.32
2022,12378,,TE,0,13,0.0,1.397,0.0,3.3,0.0,0.29
2022,13246,"Alie-Cox, Mo",TE,0,13,0.0,2.349,0.0,19.3,0.0,1.7
2022,14595,,DT+DE,0,12,0.0,1.581,0.0,20.5,0.0,1.8
2022,14258,,PK,0,3,0.0,1.417,0.0,24.3,0.0,2.14
2022,14160,,DT+DE,0,13,0.0,3.301,0.0,41.0,0.0,3.61
2022,13791,"Scott, J.K.",PN,0,13,0.0,5.542,0.0,85.0,0.0,7.48
2022,14206,,DT+DE,0,11,0.0,1.625,0.0,21.0,0.0,1.85
2022,13915,,LB,0,5,0.0,0.269,0.0,8.0,0.0,0.7
2022,13220,,LB,0,13,0.0,1.393,0.0,38.5,0.0,3.39
2022,15957,,PN,0,13,0.0,3.583,0.0,58.0,0.0,5.1
2022,14905,"Henderson, CJ",CB+S,0,13,0.0,4.435,0.0,81.0,0.0,7.13
2022,13711,,CB+S,0,11,0.0,3.953,0.0,73.2,0.0,6.44
2022,13940,"Mundt, Johnny",TE,0,13,0.0,2.038,0.0,0.0,0.0,0.0
2022,12088,,CB+S,0,13,0.0,3.513,0.0,69.0,0.0,6.07
2022,10308,,WR,0,9,0.0,2.611,0.0,15.0,0.0,1.32
2022,13652,"Wilson, Cedrick",WR,0,12,0.0,1.046,0.0,0.0,0.0,0.0
2022,12714,,CB+S,0,13,0.0,4.636,0.0,84.5,0.0,7.44
2022,14017,"Wilson, Jeffery",RB,8,15,3.124,6.065,0.0,51.6,0.0,4.54
2022,15349,"Phillips, Jaelan",LB,0,13,0.0,4.156,0.0,78.0,0.0,6.86
2022,13222,,LB,0,12,0.0,1.9,0.0,42.0,0.0,3.7
2022,16030,"Fox, Tomon",LB,0,12,0.0,0.919,0.0,19.0,0.0,1.67
2022,12697,"Robinson, A'Shawn",DT+DE,0,10,0.0,3.79,0.0,47.5,0.0,4.18
2022,13777,"Nichols, Bilal",DT+DE,0,13,0.0,3.065,0.0,41.5,0.0,3.65
2022,14891,"Harrison, Malik",LB,0,13,0.0,0.732,0.0,23.5,0.0,2.07
2022,10762,,DT+DE,0,13,0.0,5.833,0.0,75.5,0.0,6.64
2022,13202,"Lawson, Carl",DT+DE,0,13,0.0,4.328,0.0,60.5,0.0,5.32
2022,13304,,LB,0,8,0.0,2.541,0.0,43.0,0.0,3.78
2022,12791,,DT+DE,0,13,0.0,4.613,0.0,53.5,0.0,4.71
2022,11872,"Harris, Shelby",DT+DE,0,11,0.0,4.103,0.0,52.5,0.0,4.62
2022,14306,,DT+DE,0,10,0.0,1.222,0.0,15.5,0.0,1.36
2022,15864,"Wright, Alex",DT+DE,0,13,0.0,2.665,0.0,32.0,0.0,2.82
2022,13260,"Tomlinson, Dalvin",DT+DE,0,9,0.0,3.624,0.0,47.0,0.0,4.14
2022,12218,"Armstead, Arik",DT+DE,0,5,0.0,0.678,0.0,9.5,0.0,0.84
2022,13277,,WR,0,8,0.0,0.36,0.0,0.0,0.0,0.0
2022,13851,,WR,0,11,0.0,0.474,0.0,0.0,0.0,0.0
2022,15454,"Williams, Avery",RB,0,13,0.0,1.422,0.0,3.5,0.0,0.31
2022,15913,"Benford, Christian",CB+S,0,9,0.0,2.041,0.0,40.7,0.0,3.58
2022,14977,"Osborn, K.J.",WR,0,16,0.0,5.181,0.0,52.7,0.0,4.64
2022,14207,"Thornhill, Juan",CB+S,0,12,0.0,4.357,0.0,79.6,0.0,7.0
2022,10793,,CB+S,0,6,0.0,1.669,0.0,29.1,0.0,2.56
2022,13910,,WR,0,13,0.0,2.149,0.0,4.9,0.0,0.43
2022,14013,,CB+S,0,13,0.0,3.157,0.0,64.0,0.0,5.63
2022,12742,,CB+S,0,12,0.0,3.823,0.0,71.0,0.0,6.25
2022,15329,"Pitts, Kyle",TE,10,10,4.32,4.32,0.0,21.7,0.0,1.91
2022,13715,"Harrison, Ronnie",CB+S,0,12,0.0,0.755,0.0,21.6,0.0,1.9
2022,13811,"Smith, Tremon",CB+S,0,13,0.0,1.541,0.0,33.7,0.0,2.97
2022,14889,"Murray, Kenneth",LB,0,13,0.0,2.937,0.0,63.0,0.0,5.54
2022,13771,,DT+DE,0,13,0.0,4.577,0.0,64.0,0.0,5.63
2022,12831,"Roberts, Elandon",LB,0,13,0.0,4.636,0.0,80.5,0.0,7.08
2022,13434,"Robertson-Harris, Roy",DT+DE,0,13,0.0,4.313,0.0,53.5,0.0,4.71
2022,15448,"Pinnock, Jason",CB+S,0,10,0.0,3.125,0.0,47.9,0.0,4.22
2022,12181,"Agholor, Nelson",WR,0,12,0.0,2.711,0.0,25.8,0.0,2.27
2022,13212,,DT+DE,0,13,0.0,3.176,0.0,40.0,0.0,3.52
2022,14875,"Bryant, Harrison",TE,0,15,0.0,3.119,0.0,3.7,0.0,0.32
2022,14223,"Mattison, Alexander",RB,0,16,0.0,2.147,0.0,3.3,0.0,0.29
2022,15809,"Johnson, Jermaine",DT+DE,0,10,0.0,3.229,0.0,39.5,0.0,3.48
2022,15834,"Hamilton, Kyle",CB+S,0,12,0.0,3.153,0.0,59.5,0.0,5.24
2022,13731,"Hughes, Mike",CB+S,0,12,0.0,3.132,0.0,53.8,0.0,4.73
2022,12311,,CB+S,0,13,0.0,4.613,0.0,80.5,0.0,7.08
2022,13479,"Davis, Michael",CB+S,0,13,0.0,4.457,0.0,76.9,0.0,6.77
2022,10789,,CB+S,0,13,0.0,4.489,0.0,82.1,0.0,7.22
2022,13934,,CB+S,0,13,0.0,1.525,0.0,32.5,0.0,2.86
2022,11764,,CB+S,0,1,0.0,0.152,0.0,3.9,0.0,0.34
2022,14211,,CB+S,0,9,0.0,1.063,0.0,27.3,0.0,2.4
2022,15847,"Elam, Kaiir",CB+S,0,10,0.0,2.671,0.0,51.7,0.0,4.55
2022,13257,,CB+S,0,13,0.0,1.805,0.0,32.0,0.0,2.82
2022,15983,,WR,0,2,0.0,0.168,0.0,0.0,0.0,0.0
2022,15990,,TE,0,10,0.0,1.071,0.0,0.0,0.0,0.0
2022,13306,"Walker, Anthony",LB,0,3,0.0,0.906,0.0,17.0,0.0,1.5
2022,12075,,LB,0,8,0.0,2.391,0.0,45.5,0.0,4.0
2022,12699,"Billings, Andrew",DT+DE,0,11,0.0,2.701,0.0,38.5,0.0,3.39
2022,13802,"Martin, Jake",DT+DE,0,13,0.0,2.057,0.0,29.0,0.0,2.55
2022,14926,"Gay, Willie",LB,0,9,0.0,4.984,0.0,86.0,0.0,7.57
2022,13826,,LB,0,6,0.0,0.201,0.0,12.5,0.0,1.1
2022,14930,"Hamilton, Davon",DT+DE,0,13,0.0,4.65,0.0,57.0,0.0,5.02
2022,13703,,LB,0,13,0.0,3.699,0.0,70.0,0.0,6.16
2022,12780,,DT+DE,0,12,0.0,3.0,0.0,37.5,0.0,3.3
2022,12675,,WR,0,10,0.0,0.461,0.0,0.0,0.0,0.0
2022,14170,"Bush, Devin",LB,0,13,0.0,2.664,0.0,62.0,0.0,5.46
2022,14590,"Al-Shaair, Azeez",LB,0,8,0.0,0.413,0.0,19.5,0.0,1.72
2022,12270,"Smith, Preston",LB,0,13,0.0,3.852,0.0,69.5,0.0,6.12
2022,14782,"Love, Jordan",QB,0,4,0.0,0.155,0.0,0.0,0.0,0.0
2022,9861,,CB+S,0,13,0.0,5.439,0.0,92.0,0.0,8.1
2022,13224,"Lattimore, Marshon",CB+S,0,5,0.0,0.948,0.0,20.0,0.0,1.76
2022,11359,,CB+S,0,13,0.0,5.255,0.0,93.7,0.0,8.25
2022,15298,,WR,0,13,0.0,1.862,0.0,3.3,0.0,0.29
2022,13863,,WR,0,7,0.0,0.56,0.0,1.1,0.0,0.09
2022,11010,,CB+S,0,13,0.0,4.134,0.0,70.3,0.0,6.19
2022,15303,"Fehoko, Simi",WR,0,5,0.0,0.168,0.0,0.0,0.0,0.0
2022,15950,"Watson, Jaylen",CB+S,0,12,0.0,3.622,0.0,65.9,0.0,5.8
2022,15391,"Williams, Milton",DT+DE,0,13,0.0,3.094,0.0,48.5,0.0,4.27
2022,12985,,LB,0,11,0.0,1.429,0.0,35.5,0.0,3.12
2022,15007,,DT+DE,0,12,0.0,3.167,0.0,42.0,0.0,3.7
2022,13930,,LB,0,11,0.0,0.262,0.0,10.5,0.0,0.92
2022,14169,"Wilson, Mack",LB,0,13,0.0,1.008,0.0,34.0,0.0,2.99
2022,11793,"Jones, DaQuan",DT+DE,0,13,0.0,3.812,0.0,50.5,0.0,4.44
2022,15812,"Hall, Logan",DT+DE,0,13,0.0,2.109,0.0,27.0,0.0,2.38
2022,14681,,DT+DE,0,3,0.0,0.222,0.0,4.0,0.0,0.35
2022,7578,,PN,0,13,0.0,4.667,0.0,60.0,0.0,5.28
2022,12233,,LB,0,13,0.0,2.632,0.0,55.0,0.0,4.84
2022,14150,,DT+DE,0,9,0.0,1.335,0.0,16.0,0.0,1.41
2022,13770,"Franklin-Myers, John",DT+DE,0,13,0.0,4.352,0.0,54.0,0.0,4.75
2022,13085,"Fox, Morgan",DT+DE,0,13,0.0,4.069,0.0,50.0,0.0,4.4
2022,15561,,LB,0,13,0.0,0.125,0.0,8.5,0.0,0.75
2022,12700,"Johnson, Austin",DT+DE,0,8,0.0,3.137,0.0,37.5,0.0,3.3
2022,14675,"Tuttle, Shy",DT+DE,0,13,0.0,3.835,0.0,49.0,0.0,4.31
2022,13687,"Lewis, Tyquan",DT+DE,0,7,0.0,1.989,0.0,28.0,0.0,2.46
2022,15373,"Davis, Jamin",LB,0,13,0.0,5.555,0.0,92.5,0.0,8.14
2022,11789,,DT+DE,0,13,0.0,1.717,0.0,19.0,0.0,1.67
2022,12762,,LB,0,4,0.0,0.317,0.0,12.5,0.0,1.1
2022,15051,"Townsend, Tommy",PN,0,13,0.0,5.292,0.0,77.0,0.0,6.78
2022,15543,,LB,0,9,0.0,2.316,0.0,43.0,0.0,3.78
2022,14946,"Fotu, Leki",DT+DE,0,13,0.0,1.801,0.0,25.0,0.0,2.2
2022,14012,"Ford, Mike",CB+S,0,13,0.0,0.596,0.0,16.7,0.0,1.47
2022,14702,,CB+S,0,13,0.0,1.312,0.0,29.3,0.0,2.58
2022,14267,,WR,0,3,0.0,0.095,0.0,0.0,0.0,0.0
2022,14815,"Dallas, DeeJay",RB,0,12,0.0,0.99,0.0,0.0,0.0,0.0
2022,13994,"Brown, Pharaoh",TE,0,12,0.0,1.553,0.0,0.0,0.0,0.0
2022,13767,"Maddox, Avonte",CB+S,0,7,0.0,2.989,0.0,54.2,0.0,4.77
2022,15564,,TE,0,13,0.0,1.015,0.0,0.0,0.0,0.0
2022,12783,,CB+S,0,12,0.0,0.441,0.0,12.5,0.0,1.1
2022,12015,,CB+S,0,10,0.0,3.017,0.0,59.2,0.0,5.21
2022,13378,,RB,0,16,0.0,1.753,0.0,0.8,0.0,0.07
2022,13736,"Stewart, M.J.",CB+S,0,13,0.0,1.802,0.0,39.8,0.0,3.5
2022,15365,"Moehrig, Trevon",CB+S,0,11,0.0,2.508,0.0,52.6,0.0,4.63
2022,13998,,CB+S,0,5,0.0,2.651,0.0,45.6,0.0,4.01
2022,15614,"McCloud, Nick",CB+S,0,10,0.0,2.404,0.0,45.3,0.0,3.99
2022,14213,"Harris, Will",CB+S,0,11,0.0,4.109,0.0,72.2,0.0,6.35
2022,12715,"Apple, Eli",CB+S,0,12,0.0,2.496,0.0,49.8,0.0,4.38
2022,15148,"Franklin, Sam",CB+S,0,13,0.0,1.131,0.0,23.7,0.0,2.09
2022,15417,,CB+S,0,13,0.0,0.54,0.0,16.1,0.0,1.42
2022,12716,"Mills, Jalen",CB+S,0,10,0.0,3.371,0.0,55.3,0.0,4.87
2022,14197,"Savage, Darnell",CB+S,0,12,0.0,3.192,0.0,58.1,0.0,5.11
2022,14991,"Fuller, Jordan",CB+S,0,3,0.0,0.894,0.0,16.1,0.0,1.42
2022,16012,"Alford, Dee",CB+S,0,12,0.0,2.199,0.0,39.5,0.0,3.48
2022,12246,,CB+S,0,8,0.0,1.607,0.0,28.9,0.0,2.54
2022,13676,"Smythe, Durham",TE,0,12,0.0,2.179,0.0,0.3,0.0,0.03
2022,12215,,LB,0,4,0.0,1.21,0.0,23.0,0.0,2.02
2022,14898,,DT+DE,0,12,0.0,2.108,0.0,25.0,0.0,2.2
2022,14303,"Elliss, Kaden",LB,0,13,0.0,3.967,0.0,70.5,0.0,6.2
2022,14878,"Gross-Matos, Yetur",DT+DE,0,13,0.0,4.371,0.0,58.5,0.0,5.15
2022,15109,"Westbrook-Ikhine, Nick",WR,0,13,0.0,2.881,0.0,27.0,0.0,2.38
2022,13769,"Street, Kentavius",DT+DE,0,13,0.0,2.724,0.0,34.5,0.0,3.04
2022,15409,"Barnes, Derrick",LB,0,12,0.0,1.678,0.0,39.5,0.0,3.48
2022,15358,"Togiai, Tommy",DT+DE,0,10,0.0,1.147,0.0,16.0,0.0,1.41
2022,15173,"Tart, Teair",DT+DE,0,13,0.0,3.082,0.0,40.0,0.0,3.52
2022,11723,"Van Noy, Kyle",LB,0,13,0.0,1.604,0.0,43.0,0.0,3.78
2022,15453,,DT+DE,0,12,0.0,2.85,0.0,37.5,0.0,3.3
2022,12797,,DT+DE,0,10,0.0,2.746,0.0,35.5,0.0,3.12
2022,12796,"Jefferson, Quinton",DT+DE,0,13,0.0,3.335,0.0,41.0,0.0,3.61
2022,16029,"Avery, Tre",CB+S,0,11,0.0,1.702,0.0,32.7,0.0,2.88
2022,13308,"Agnew, Jamal",WR,0,11,0.0,2.611,0.0,22.0,0.0,1.93
2022,13988,"Dwelley, Ross",TE,0,11,0.0,1.452,0.0,7.0,0.0,0.62
2022,13707,"Ward, Denzel",CB+S,0,10,0.0,5.503,0.0,97.1,0.0,8.54
2022,14420,"Ingold, Alec",RB,0,13,0.0,1.394,0.0,4.8,0.0,0.42
2022,14121,,WR,0,3,0.0,0.083,0.0,0.0,0.0,0.0
2022,15337,"Gray, Noah",TE,0,13,0.0,3.39,0.0,2.2,0.0,0.2
2022,15326,,WR,0,11,0.0,1.189,0.0,0.6,0.0,0.05
2022,14061,,QB,0,3,0.0,0.043,0.0,0.0,0.0,0.0
2022,14995,"Metellus, Josh",CB+S,0,13,0.0,2.484,0.0,50.0,0.0,4.4
2022,15981,"Turpin, KaVontae",WR,0,13,0.0,0.912,0.0,0.0,0.0,0.0
2022,15595,"Campbell, Elijah",CB+S,0,13,0.0,0.392,0.0,15.1,0.0,1.33
2022,15375,"Newsome, Greg",CB+S,0,11,0.0,2.103,0.0,45.2,0.0,3.98
2022,14434,"Reaves, Jeremy",CB+S,0,13,0.0,0.614,0.0,18.3,0.0,1.61
2022,15430,,CB+S,0,5,0.0,2.199,0.0,37.8,0.0,3.33
2022,13942,"Gray, J.T.",CB+S,0,10,0.0,0.778,0.0,17.6,0.0,1.55
2022,15879,"Armour-Davis, Jalyn",CB+S,0,4,0.0,0.532,0.0,9.8,0.0,0.86
2022,15813,"Enagbare, Kingsley",LB,0,13,0.0,1.615,0.0,34.5,0.0,3.04
2022,15376,"Turner, Payton",DT+DE,0,7,0.0,2.547,0.0,36.0,0.0,3.17
2022,11720,,LB,0,10,0.0,1.877,0.0,39.0,0.0,3.43
2022,14212,"Takitaki, Sione",LB,0,12,0.0,3.457,0.0,63.0,0.0,5.54
2022,14072,,RB,0,13,0.0,0.95,0.0,5.4,0.0,0.48
2022,14890,"Phillips, Jacob",LB,0,7,0.0,3.004,0.0,48.0,0.0,4.22
2022,15378,"Oweh, Odafe",LB,0,13,0.0,2.573,0.0,50.0,0.0,4.4
2022,15673,,DT+DE,0,7,0.0,0.882,0.0,10.5,0.0,0.92
2022,13317,"Godchaux, Davon",DT+DE,0,13,0.0,3.762,0.0,47.5,0.0,4.18
2022,14888,"Chaisson, K'Lavon",LB,0,5,0.0,0.0,0.0,3.0,0.0,0.26
2022,14558,,WR,0,4,0.0,0.171,0.0,0.0,0.0,0.0
2022,15000,,LB,0,13,0.0,0.528,0.0,19.5,0.0,1.72
2022,15468,"Dimukeje, Victor",LB,0,12,0.0,0.21,0.0,13.5,0.0,1.19
2022,14269,,DT+DE,0,13,0.0,3.519,0.0,43.0,0.0,3.78
2022,14215,"Saunders, Khalen",DT+DE,0,13,0.0,4.028,0.0,51.0,0.0,4.49
2022,15586,"Johnson, Caleb",LB,0,13,0.0,0.092,0.0,11.0,0.0,0.97
2022,14600,"Slye, Joey",PK,0,13,0.0,4.583,0.0,90.0,0.0,7.92
2022,13685,"Okoronkwo, Ogbonnia",DT+DE,0,13,0.0,4.038,0.0,57.0,0.0,5.02
2022,14938,,LB,0,13,0.0,0.018,0.0,6.0,0.0,0.53
2022,14125,,WR,0,12,0.0,0.455,0.0,0.0,0.0,0.0
2022,15479,,DT+DE,0,4,0.0,0.14,0.0,2.0,0.0,0.18
2022,14971,"Washington, Broderick",DT+DE,0,13,0.0,4.222,0.0,50.5,0.0,4.44
2022,12979,,DT+DE,0,13,0.0,3.173,0.0,42.0,0.0,3.7
2022,15449,"Britt, K.J.",LB,0,8,0.0,0.0,0.0,3.5,0.0,0.31
2022,12859,,TE,0,13,0.0,0.612,0.0,0.0,0.0,0.0
2022,15811,"Jackson, Drake",DT+DE,0,13,0.0,3.616,0.0,41.0,0.0,3.61
2022,15356,"Browning, Baron",LB,0,11,0.0,2.417,0.0,44.0,0.0,3.87
2022,11805,,LB,0,2,0.0,0.058,0.0,4.0,0.0,0.35
2022,13267,"Smoot, Dawuane",DT+DE,0,13,0.0,3.565,0.0,48.5,0.0,4.27
2022,14405,"Granderson, Carl",DT+DE,0,12,0.0,4.132,0.0,56.0,0.0,4.93
2022,12278,,LB,0,13,0.0,2.008,0.0,44.0,0.0,3.87
2022,15891,"Davidson, D.J.",DT+DE,0,5,0.0,0.3,0.0,4.0,0.0,0.35
2022,14131,,WR,0,11,0.0,0.301,0.0,0.0,0.0,0.0
2022,12212,,TE,0,7,0.0,0.385,0.0,0.0,0.0,0.0
2022,12110,,TE,0,8,0.0,1.866,0.0,2.8,0.0,0.25
2022,15889,"Okonkwo, Chigoziem",TE,0,16,0.0,5.263,0.0,25.5,0.0,2.24
2022,13488,"Pascal, Zach",WR,0,13,0.0,1.332,0.0,5.8,0.0,0.51
2022,13816,,RB,0,2,0.0,0.034,0.0,0.0,0.0,0.0
2022,15330,"Jordan, Brevin",TE,0,7,0.0,1.371,0.0,1.0,0.0,0.09
2022,15713,"Ford, Jerome",RB,0,9,0.0,0.388,0.0,0.0,0.0,0.0
2022,15757,"Robinson, Wan'Dale",WR,0,6,0.0,2.113,0.0,19.1,0.0,1.68
2022,13316,"Taylor, Trent",WR,0,13,0.0,0.992,0.0,0.0,0.0,0.0
2022,13919,"Firkser, Anthony",TE,0,7,0.0,0.99,0.0,0.0,0.0,0.0
2022,13841,,CB+S,0,12,0.0,0.891,0.0,29.4,0.0,2.59
2022,12923,"Ham, C.J.",RB,0,13,0.0,0.514,0.0,0.0,0.0,0.0
2022,13956,,CB+S,0,13,0.0,0.843,0.0,19.8,0.0,1.74
2022,15332,"Tremble, Tommy",TE,0,13,0.0,2.345,0.0,4.7,0.0,0.41
2022,15321,,WR,0,12,0.0,0.85,0.0,0.0,0.0,0.0
2022,15461,"Lopez, Roy",DT+DE,0,13,0.0,3.424,0.0,44.0,0.0,3.87
2022,10823,,DT+DE,0,7,0.0,1.606,0.0,20.0,0.0,1.76
2022,15010,,LB,0,12,0.0,1.418,0.0,30.5,0.0,2.68
2022,15270,,RB,0,7,0.0,0.114,0.0,0.0,0.0,0.0
2022,13694,"Settle, Tim",DT+DE,0,11,0.0,2.228,0.0,27.5,0.0,2.42
2022,14680,,DT+DE,0,12,0.0,2.584,0.0,32.5,0.0,2.86
2022,12751,"Gotsis, Adam",DT+DE,0,11,0.0,2.896,0.0,33.0,0.0,2.9
2022,15580,,DT+DE,0,5,0.0,0.274,0.0,4.5,0.0,0.4
2022,13693,"Phillips, Harrison",DT+DE,0,13,0.0,4.75,0.0,59.0,0.0,5.19
2022,13778,"Flowers, Tre",CB+S,0,12,0.0,1.113,0.0,28.4,0.0,2.5
2022,15900,,WR,0,13,0.0,0.769,0.0,0.0,0.0,0.0
2022,16024,,DT+DE,0,13,0.0,1.529,0.0,20.5,0.0,1.8
2022,13695,"Bryan, Taven",DT+DE,0,12,0.0,2.476,0.0,29.5,0.0,2.6
2022,12227,,DT+DE,0,12,0.0,0.727,0.0,9.5,0.0,0.84
2022,14251,"Cashman, Blake",LB,0,12,0.0,0.585,0.0,24.5,0.0,2.16
2022,13330,"Muhammad, Al-Quadin",DT+DE,0,12,0.0,2.419,0.0,28.5,0.0,2.51
2022,11970,"Pennel, Mike",DT+DE,0,13,0.0,2.27,0.0,26.5,0.0,2.33
2022,13258,"Walker, DeMarcus",DT+DE,0,13,0.0,3.994,0.0,52.0,0.0,4.58
2022,10457,,DT+DE,0,10,0.0,3.372,0.0,42.5,0.0,3.74
2022,15898,"Ogbonnia, Otito",DT+DE,0,7,0.0,1.668,0.0,21.5,0.0,1.89
2022,15132,,DT+DE,0,8,0.0,0.619,0.0,9.0,0.0,0.79
2022,12280,,DT+DE,0,11,0.0,4.799,0.0,61.0,0.0,5.37
2022,10276,,RB,0,10,0.0,1.652,0.0,0.0,0.0,0.0
2022,13455,"Ricard, Patrick",RB,0,13,0.0,0.601,0.0,0.0,0.0,0.0
2022,13926,"Board, Chris",LB,0,13,0.0,0.473,0.0,20.5,0.0,1.8
2022,13933,"Ford, Poona",DT+DE,0,13,0.0,4.211,0.0,56.5,0.0,4.97
2022,14981,,DT+DE,0,9,0.0,1.333,0.0,15.5,0.0,1.36
2022,15816,,DT+DE,0,8,0.0,1.555,0.0,17.0,0.0,1.5
2022,9940,,DT+DE,0,12,0.0,4.547,0.0,61.0,0.0,5.37
2022,13275,,DT+DE,0,13,0.0,1.949,0.0,22.0,0.0,1.94
2022,15462,"Brightwell, Gary",RB,0,13,0.0,1.541,0.0,0.0,0.0,0.0
2022,9921,,WR,0,1,0.0,0.024,0.0,0.0,0.0,0.0
2022,13607,,RB,0,10,0.0,0.877,0.0,0.0,0.0,0.0
2022,14452,"Lammons, Chris",CB+S,0,12,0.0,0.273,0.0,8.3,0.0,0.73
2022,16023,"Bell, D'Anthony",CB+S,0,12,0.0,0.191,0.0,7.8,0.0,0.69
2022,14026,,CB+S,0,12,0.0,1.983,0.0,38.1,0.0,3.35
2022,14328,"Wingard, Andrew",CB+S,0,13,0.0,2.195,0.0,44.8,0.0,3.94
2022,12486,,CB+S,0,11,0.0,0.5,0.0,12.3,0.0,1.08
2022,15860,"Cook, Bryan",CB+S,0,12,0.0,1.6,0.0,34.5,0.0,3.04
2022,16025,,RB,0,12,0.0,0.239,0.0,0.0,0.0,0.0
2022,15845,"McDuffie, Trent",CB+S,0,7,0.0,2.167,0.0,37.2,0.0,3.27
2022,14982,"Gilman, Alohi",CB+S,0,13,0.0,3.194,0.0,54.8,0.0,4.82
2022,15403,,CB+S,0,12,0.0,0.306,0.0,12.8,0.0,1.13
2022,13752,,CB+S,0,10,0.0,0.203,0.0,8.6,0.0,0.76
2022,15885,"Williams, Joshua",CB+S,0,13,0.0,3.155,0.0,56.1,0.0,4.94
2022,13225,,CB+S,0,6,0.0,0.261,0.0,8.1,0.0,0.71
2022,15004,,CB+S,0,3,0.0,0.147,0.0,3.9,0.0,0.34
2022,14996,,TE,0,13,0.0,0.586,0.0,0.0,0.0,0.0
2022,12978,"Goodwin, C.J.",CB+S,0,13,0.0,0.289,0.0,6.5,0.0,0.57
2022,14669,"Nixon, Keisean",CB+S,0,13,0.0,2.915,0.0,52.4,0.0,4.61
2022,13491,,CB+S,0,13,0.0,0.459,0.0,16.6,0.0,1.46
2022,15880,"Evans, Akayleb",CB+S,0,10,0.0,2.357,0.0,37.4,0.0,3.29
2022,15360,,CB+S,0,9,0.0,0.555,0.0,12.5,0.0,1.1
2022,15926,"Taylor, Ja'Sir",CB+S,0,13,0.0,0.321,0.0,11.8,0.0,1.04
2022,12164,,RB,0,8,0.0,0.114,0.0,0.0,0.0,0.0
2022,10874,,CB+S,0,13,0.0,1.943,0.0,33.3,0.0,2.93
2022,16026,"Jones, Jaylon",CB+S,0,13,0.0,1.931,0.0,42.0,0.0,3.7
2022,15003,"Stone, Geno",CB+S,0,13,0.0,2.823,0.0,54.9,0.0,4.83
2022,12736,,CB+S,0,13,0.0,4.465,0.0,74.6,0.0,6.56
2022,14264,,CB+S,0,13,0.0,1.658,0.0,32.3,0.0,2.84
2022,15088,,TE,0,4,0.0,0.494,0.0,0.0,0.0,0.0
2022,15748,,RB,0,16,0.0,0.424,0.0,0.0,0.0,0.0
2022,14146,"Sample, Drew",TE,0,2,0.0,0.077,0.0,0.0,0.0,0.0
2022,14943,"Davis-Gaither, Akeem",LB,0,13,0.0,2.227,0.0,43.0,0.0,3.78
2022,15458,"Tuipulotu, Marlon",DT+DE,0,9,0.0,1.713,0.0,25.5,0.0,2.24
2022,15379,"Tryon, Joe",LB,0,13,0.0,1.869,0.0,39.0,0.0,3.43
2022,10653,,LB,0,7,0.0,2.054,0.0,36.5,0.0,3.21
2022,15054,,RB,0,11,0.0,0.495,0.0,0.0,0.0,0.0
2022,14992,"Watkins, Quez",WR,0,16,0.0,3.377,0.0,14.6,0.0,1.29
2022,13965,,DT+DE,0,8,0.0,1.538,0.0,18.0,0.0,1.58
2022,16008,,LB,0,2,0.0,0.0,0.0,1.5,0.0,0.13
2022,12481,"Hewitt, Neville",LB,0,10,0.0,0.232,0.0,8.5,0.0,0.75
2022,11374,,LB,0,2,0.0,0.0,0.0,1.0,0.0,0.09
2022,14543,,LB,0,13,0.0,2.536,0.0,43.0,0.0,3.78
2022,15473,"McDuffie, Isaiah",LB,0,13,0.0,1.249,0.0,28.0,0.0,2.46
2022,16017,"Hummel, Jake",LB,0,7,0.0,0.0,0.0,2.5,0.0,0.22
2022,11830,,LB,0,7,0.0,0.226,0.0,7.5,0.0,0.66
2022,15297,,WR,0,12,0.0,1.358,0.0,7.5,0.0,0.66
2022,15460,,DT+DE,0,10,0.0,1.176,0.0,16.5,0.0,1.45
2022,15484,"Cooper, Jonathon",LB,0,10,0.0,1.272,0.0,35.0,0.0,3.08
2022,12325,"Burton, Michael",RB,0,13,0.0,0.287,0.0,0.0,0.0,0.0
2022,14923,"Taylor, Darrell",DT+DE,0,12,0.0,4.763,0.0,61.0,0.0,5.37
2022,12635,,RB,0,9,0.0,0.319,0.0,0.0,0.0,0.0
2022,14495,"Gifford, Luke",LB,0,12,0.0,0.24,0.0,12.5,0.0,1.1
2022,15228,,LB,0,8,0.0,0.0,0.0,3.5,0.0,0.31
2022,15095,,LB,0,5,0.0,0.0,0.0,3.0,0.0,0.26
2022,15042,,RB,0,5,0.0,0.05,0.0,0.0,0.0,0.0
2022,8742,,PK,0,13,0.0,4.136,0.0,74.8,0.0,6.58
2022,14200,"Tavai, Jahlani",LB,0,13,0.0,2.016,0.0,45.0,0.0,3.96
2022,15302,"Eskridge, Dee",WR,0,10,0.0,0.908,0.0,0.0,0.0,0.0
2022,11399,,TE,0,11,0.0,0.568,0.0,0.0,0.0,0.0
2022,15878,"Clemons, Micheal",DT+DE,0,12,0.0,3.202,0.0,42.5,0.0,3.74
2022,14893,"Baun, Zack",LB,0,13,0.0,0.334,0.0,15.5,0.0,1.36
2022,15972,"Mason, Jordan",RB,0,15,0.0,1.102,0.0,0.0,0.0,0.0
2022,14978,"Danna, Michael",DT+DE,0,9,0.0,2.188,0.0,32.5,0.0,2.86
2022,11265,,DT+DE,0,13,0.0,3.129,0.0,37.5,0.0,3.3
2022,14238,,DT+DE,0,10,0.0,2.986,0.0,37.5,0.0,3.3
2022,14237,"Gaines, Greg",DT+DE,0,12,0.0,2.924,0.0,41.5,0.0,3.65
2022,11281,,DT+DE,0,10,0.0,1.986,0.0,21.5,0.0,1.89
2022,14467,"Phillips, Del'Shawn",LB,0,12,0.0,0.017,0.0,2.5,0.0,0.22
2022,13315,"Saubert, Eric",TE,0,13,0.0,1.502,0.0,2.5,0.0,0.22
2022,14555,"Olszewski, Gunner",WR,0,12,0.0,0.526,0.0,0.0,0.0,0.0
2022,13423,,LB,0,13,0.0,2.756,0.0,56.0,0.0,4.93
2022,14359,"Johnson, Jakob",RB,0,13,0.0,0.18,0.0,0.0,0.0,0.0
2022,15874,"Butler, Percy",CB+S,0,11,0.0,0.455,0.0,9.5,0.0,0.84
2022,15951,,CB+S,0,10,0.0,0.112,0.0,5.7,0.0,0.5
2022,11555,,CB+S,0,6,0.0,0.231,0.0,6.3,0.0,0.55
2022,15886,,CB+S,0,11,0.0,1.302,0.0,27.3,0.0,2.4
2022,15059,,CB+S,0,5,0.0,0.03,0.0,2.1,0.0,0.18
2022,13785,"Neal, Siran",CB+S,0,13,0.0,0.815,0.0,22.7,0.0,2.0
2022,15489,,CB+S,0,13,0.0,1.435,0.0,28.3,0.0,2.49
2022,13066,"Raymond, Kalif",WR,0,13,0.0,3.265,0.0,11.4,0.0,1.01
2022,12623,"Driskel, Jeff",QB,0,3,0.0,0.321,0.0,0.0,0.0,0.0
2022,15772,"Covey, Britain",WR,0,13,0.0,0.691,0.0,0.0,0.0,0.0
2022,15414,"Nwangwu, Kene",RB,0,13,0.0,0.802,0.0,1.7,0.0,0.15
2022,15805,"Hutchinson, Aidan",DT+DE,0,13,0.0,6.1,0.0,92.0,0.0,8.1
2022,12758,"Bullard, Jonathan",DT+DE,0,11,0.0,2.751,0.0,36.5,0.0,3.21
2022,14151,"Ferrell, Clelin",DT+DE,0,12,0.0,2.009,0.0,22.0,0.0,1.94
2022,15472,,LB,0,3,0.0,0.0,0.0,1.0,0.0,0.09
2022,14934,"Elliott, Jordan",DT+DE,0,13,0.0,3.401,0.0,39.0,0.0,3.43
2022,12126,,DT+DE,0,13,0.0,3.888,0.0,50.5,0.0,4.44
2022,13199,"Thomas, Solomon",DT+DE,0,13,0.0,1.255,0.0,16.5,0.0,1.45
2022,14951,"Lynch, James",DT+DE,0,13,0.0,1.506,0.0,21.5,0.0,1.89
2022,9875,,DT+DE,0,13,0.0,1.319,0.0,14.5,0.0,1.28
2022,15429,"Graham, Ta'Quon",DT+DE,0,11,0.0,3.086,0.0,39.5,0.0,3.48
2022,12735,"Rankins, Sheldon",DT+DE,0,11,0.0,4.413,0.0,55.5,0.0,4.88
2022,16007,,DT+DE,0,11,0.0,1.704,0.0,23.5,0.0,2.07
2022,12782,"Onyemata, David",DT+DE,0,13,0.0,4.489,0.0,55.0,0.0,4.84
2022,13353,,LB,0,5,0.0,0.088,0.0,8.5,0.0,0.75
2022,12361,"Nunez-Roches, Rakeem",DT+DE,0,13,0.0,3.552,0.0,43.0,0.0,3.78
2022,15814,"Thomas, Cameron",DT+DE,0,13,0.0,1.658,0.0,21.5,0.0,1.89
2022,14384,,LB,0,12,0.0,1.16,0.0,25.0,0.0,2.2
2022,15390,"McNeill, Alim",DT+DE,0,13,0.0,3.054,0.0,38.0,0.0,3.34
2022,10368,,RB,0,13,0.0,0.13,0.0,0.0,0.0,0.0
2022,14379,"Woods, Josh",LB,0,13,0.0,0.036,0.0,5.0,0.0,0.44
2022,14249,"Van Ginkel, Andrew",LB,0,13,0.0,1.941,0.0,42.5,0.0,3.74
2022,15446,"Slaton, Tedarrell",DT+DE,0,13,0.0,1.353,0.0,17.5,0.0,1.54
2022,14901,"Gallimore, Neville",DT+DE,0,12,0.0,2.727,0.0,32.5,0.0,2.86
2022,15357,"Barmore, Christian",DT+DE,0,6,0.0,2.038,0.0,22.5,0.0,1.98
2022,15481,"Johnson, Patrick",DT+DE,0,12,0.0,1.093,0.0,13.0,0.0,1.14
2022,14980,,LB,0,13,0.0,0.056,0.0,4.5,0.0,0.4
2022,15830,"Muma, Chad",LB,0,12,0.0,1.586,0.0,35.0,0.0,3.08
2022,14738,,DT+DE,0,4,0.0,0.62,0.0,6.5,0.0,0.57
2022,11286,"Jenkins, John",DT+DE,0,12,0.0,1.239,0.0,13.5,0.0,1.19
2022,16021,,DT+DE,0,12,0.0,0.493,0.0,4.5,0.0,0.4
2022,15027,,WR,0,6,0.0,0.262,0.0,0.0,0.0,0.0
2022,14310,"Bell, Quinton",LB,0,4,0.0,0.139,0.0,3.5,0.0,0.31
2022,15819,"Wyatt, Devonte",DT+DE,0,11,0.0,0.813,0.0,11.5,0.0,1.01
2022,13343,,LB,0,12,0.0,0.919,0.0,21.5,0.0,1.89
2022,13927,,DT+DE,0,5,0.0,0.788,0.0,8.5,0.0,0.75
2022,13929,,DT+DE,0,13,0.0,2.854,0.0,37.5,0.0,3.3
2022,15800,"Heyward, Connor",TE,0,13,0.0,1.653,0.0,0.9,0.0,0.08
2022,15912,,LB,0,13,0.0,0.121,0.0,6.0,0.0,0.53
2022,13543,,LB,0,11,0.0,0.205,0.0,10.0,0.0,0.88
2022,15818,"Leal, DeMarvin",DT+DE,0,7,0.0,1.599,0.0,17.5,0.0,1.54
2022,14839,"Reagor, Jalen",WR,0,13,0.0,1.042,0.0,0.0,0.0,0.0
2022,11886,,RB,0,1,0.0,0.034,0.0,0.0,0.0,0.0
2022,15565,"Hoecht, Michael",DT+DE,0,13,0.0,1.903,0.0,30.6,0.0,2.69
2022,15076,"Rozeboom, Christian",LB,0,13,0.0,0.036,0.0,4.0,0.0,0.35
2022,15786,"Nailor, Jalen",WR,0,11,0.0,0.356,0.0,0.0,0.0,0.0
2022,15456,"Niemann, Nick",LB,0,13,0.0,0.019,0.0,1.5,0.0,0.13
2022,16037,"Baccellia, Andre",WR,0,6,0.0,0.19,0.0,0.0,0.0,0.0
2022,14899,"Kinlaw, Javon",DT+DE,0,3,0.0,0.26,0.0,3.0,0.0,0.26
2022,15428,"Sherwood, Jamien",LB,0,13,0.0,0.414,0.0,9.5,0.0,0.84
2022,14204,,DT+DE,0,13,0.0,0.726,0.0,7.5,0.0,0.66
2022,15187,,CB+S,0,4,0.0,0.015,0.0,1.3,0.0,0.11
2022,14984,"Woerner, Charlie",TE,0,13,0.0,0.442,0.0,0.0,0.0,0.0
2022,15989,"Jobe, Josh",CB+S,0,7,0.0,0.048,0.0,0.0,0.0,0.0
2022,12772,"Murray, Eric",CB+S,1,13,0.0,1.039,0.0,25.9,0.0,2.28
2022,15941,"Young, Dareke",WR,0,9,0.0,0.326,0.0,0.0,0.0,0.0
2022,11785,,TE,0,10,0.0,0.302,0.0,0.0,0.0,0.0
2022,15426,,CB+S,0,3,0.0,0.015,0.0,0.0,0.0,0.0
2022,13682,"Key, Arden",LB,0,13,0.0,1.806,0.0,39.5,0.0,3.48
2022,11807,"Urban, Brent",DT+DE,0,12,0.0,0.906,0.0,13.5,0.0,1.19
2022,13939,"Odum, George",CB+S,0,13,0.0,0.334,0.0,14.9,0.0,1.31
2022,15869,"Bernard, Terrel",LB,0,13,0.0,0.708,0.0,15.5,0.0,1.36
2022,15078,,CB+S,0,13,0.0,0.34,0.0,14.8,0.0,1.3
2022,11956,,CB+S,0,13,0.0,0.263,0.0,8.1,0.0,0.71
2022,13955,,CB+S,0,1,0.0,0.015,0.0,0.0,0.0,0.0
2022,10514,"Bellore, Nick",RB,0,12,0.0,0.349,0.0,0.0,0.0,0.0
2022,15019,,LB,0,11,0.0,0.093,0.0,7.5,0.0,0.66
2022,15939,"Spector, Baylon",LB,0,6,0.0,0.214,0.0,6.0,0.0,0.53
2022,12608,"Winchester, James",TE,0,13,0.0,0.307,0.0,0.0,0.0,0.0
2022,16036,"Tonges, Jake",TE,0,3,0.0,0.042,0.0,0.0,0.0,0.0
2022,12292,,DT+DE,0,13,0.0,1.536,0.0,20.5,0.0,1.8
2022,15563,,TE,0,13,0.0,0.678,0.0,0.0,0.0,0.0
2022,15821,"Dean, Nakobe",LB,0,13,0.0,0.411,0.0,11.5,0.0,1.01
2022,11193,,RB,0,4,0.0,0.049,0.0,0.0,0.0,0.0
2022,13365,,DT+DE,0,13,0.0,0.406,0.0,4.0,0.0,0.35
2022,13923,,LB,0,3,0.0,0.036,0.0,2.5,0.0,0.22
2022,14400,,DT+DE,0,11,0.0,0.765,0.0,7.5,0.0,0.66
2022,13780,,CB+S,0,13,0.0,0.408,0.0,12.1,0.0,1.06
2022,13065,,TE,0,13,0.0,0.603,0.0,0.0,0.0,0.0
2022,15420,,CB+S,0,13,0.0,0.293,0.0,7.9,0.0,0.7
2022,14561,,WR,0,10,0.0,0.508,0.0,0.0,0.0,0.0
2022,15799,"Ferguson, Jake",TE,0,13,0.0,1.989,0.0,8.8,0.0,0.77
2022,13669,"Turner, Malik",WR,0,3,0.0,0.058,0.0,0.0,0.0,0.0
2022,14823,"Dowdle, Rico",RB,0,5,0.0,0.033,0.0,0.0,0.0,0.0
2022,15125,,CB+S,0,5,0.0,0.048,0.0,0.0,0.0,0.0
2022,13231,"Peppers, Jabrill",CB+S,0,13,0.0,2.724,0.0,55.0,0.0,4.84
2022,14837,,WR,0,7,0.0,1.008,0.0,0.0,0.0,0.0
2022,15873,"Bellinger, Daniel",TE,0,9,0.0,3.011,0.0,11.8,0.0,1.03
2022,11367,"Juszczyk, Kyle",RB,0,12,0.0,1.699,0.0,0.3,0.0,0.03
2022,15866,"Flott, Cordale",CB+S,0,7,0.0,1.089,0.0,23.1,0.0,2.03
2022,13790,,CB+S,0,8,0.0,0.031,0.0,2.1,0.0,0.18
2022,15541,"Stoll, Jack",TE,0,13,0.0,1.289,0.0,0.0,0.0,0.0
2022,15397,"Golston, Chauncey",DT+DE,0,11,0.0,1.678,0.0,19.0,0.0,1.67
2022,15301,"Atwell, Tutu",WR,0,9,0.0,1.718,0.0,6.0,0.0,0.53
2022,13970,,CB+S,0,12,0.0,0.487,0.0,11.6,0.0,1.02
2022,13895,,WR,0,13,0.0,0.676,0.0,0.0,0.0,0.0
2022,15627,,DT+DE,0,10,0.0,0.099,0.0,0.5,0.0,0.04
2022,15386,"Odeyingbo, Dayo",DT+DE,0,13,0.0,2.515,0.0,29.5,0.0,2.6
2022,14652,"Givens, Kevin",DT+DE,0,13,0.0,3.167,0.0,40.5,0.0,3.56
2022,12326,,LB,0,9,0.0,0.184,0.0,6.5,0.0,0.57
2022,15917,,LB,0,3,0.0,0.0,0.0,0.0,0.0,0.0
2022,14161,"Tillery, Jerry",DT+DE,0,11,0.0,2.07,0.0,22.5,0.0,1.98
2022,14294,,TE,0,5,0.0,0.192,0.0,0.0,0.0,0.0
2022,15644,,CB+S,0,13,0.0,0.34,0.0,9.8,0.0,0.86
2022,15445,"Lenoir, Deommodore",CB+S,0,13,0.0,3.771,0.0,69.3,0.0,6.1
2022,15398,"Jones, Patrick",LB,0,13,0.0,1.717,0.0,32.0,0.0,2.82
2022,15947,,CB+S,0,13,0.0,0.719,0.0,16.3,0.0,1.43
2022,13776,"Watson, Justin",WR,0,13,0.0,1.754,0.0,4.6,0.0,0.41
2022,15954,,LB,0,8,0.0,0.034,0.0,2.0,0.0,0.18
2022,12356,,DT+DE,0,2,0.0,0.06,0.0,0.5,0.0,0.04
2022,15820,"Mathis, Phidarian",DT+DE,0,1,0.0,0.02,0.0,0.0,0.0,0.0
2022,14950,"Wallace, K'Von",CB+S,0,13,0.0,0.884,0.0,21.1,0.0,1.86
2022,15829,"Asamoah, Brian",LB,0,13,0.0,0.036,0.0,2.5,0.0,0.22
2022,13683,"Hand, Da'Shawn",DT+DE,0,1,0.0,0.02,0.0,0.0,0.0,0.0
2022,14848,"Proche, James",WR,0,11,0.0,0.567,0.0,0.0,0.0,0.0
2022,15626,"Wright, Brock",TE,0,13,0.0,2.207,0.0,2.3,0.0,0.21
2022,13388,,LB,0,5,0.0,0.056,0.0,1.0,0.0,0.09
2022,14183,,CB+S,0,3,0.0,0.015,0.0,0.8,0.0,0.07
2022,14401,,LB,0,13,0.0,0.077,0.0,3.0,0.0,0.26
2022,13781,,LB,0,9,0.0,0.517,0.0,11.5,0.0,1.01
2022,15946,"Thomas II, Rodney",LB,0,13,0.0,1.538,0.0,33.5,0.0,2.95
2022,15191,,CB+S,0,5,0.0,0.232,0.0,4.7,0.0,0.41
2022,14727,"Reynolds, Craig",RB,0,8,0.0,0.95,0.0,2.9,0.0,0.26
2022,14870,"Trautman, Adam",TE,0,11,0.0,2.394,0.0,3.4,0.0,0.3
2022,16006,,LB,0,13,0.0,0.037,0.0,5.0,0.0,0.44
2022,15388,"Ossai, Joseph",DT+DE,0,13,0.0,1.829,0.0,21.0,0.0,1.85
2022,15710,"Williams, Kyren",RB,0,6,0.0,0.995,0.0,0.0,0.0,0.0
2022,14942,"Burgess, Terrell",CB+S,0,8,0.0,0.784,0.0,12.3,0.0,1.08
2022,15176,,CB+S,0,3,0.0,0.422,0.0,9.6,0.0,0.84
2022,15413,"Rumph, Chris",LB,0,11,0.0,0.28,0.0,10.5,0.0,0.92
2022,15650,"Prentice, Adam",RB,0,7,0.0,0.114,0.0,0.0,0.0,0.0
2022,15922,,DT+DE,0,13,0.0,2.024,0.0,23.5,0.0,2.07
2022,15080,,TE,0,2,0.0,0.0,0.0,0.0,0.0,0.0
2022,15827,,LB,0,12,0.0,0.053,0.0,3.5,0.0,0.31
2022,15041,"Cager, Lawrence",TE,0,5,0.0,0.984,0.0,1.1,0.0,0.1
2022,15856,"Taylor, Alontae",CB+S,0,9,0.0,2.861,0.0,53.7,0.0,4.73
2022,14957,"Robertson, Amik",CB+S,0,13,0.0,3.522,0.0,58.9,0.0,5.18
2022,15828,,LB,0,12,0.0,0.146,0.0,7.0,0.0,0.62
2022,14958,,LB,0,13,0.0,0.056,0.0,9.5,0.0,0.84
2022,15011,,LB,0,13,0.0,0.091,0.0,4.5,0.0,0.4
2022,11383,"Martin, Sam",PN,1,13,0.0,4.167,0.0,64.0,0.0,5.63
2022,15434,"Smith-Marsette, Ihmir",WR,0,7,0.0,0.122,0.0,0.0,0.0,0.0
2022,15117,"Flannigan-Fowles, Demetrius",LB,0,13,0.0,0.889,0.0,18.5,0.0,1.63
2022,15124,"Pierre, James",CB+S,0,13,0.0,1.266,0.0,32.3,0.0,2.84
2022,11327,"Jefferson, Tony",CB+S,0,5,0.0,0.675,0.0,15.7,0.0,1.38
2022,15857,"Williams, Sam",DT+DE,0,12,0.0,4.211,0.0,62.0,0.0,5.46
2022,14624,,CB+S,0,2,0.0,0.033,0.0,0.8,0.0,0.07
2022,14043,,CB+S,0,13,0.0,0.325,0.0,10.7,0.0,0.94
2022,13201,"Barnett, Derek",DT+DE,0,1,0.0,0.02,0.0,0.0,0.0,0.0
2022,13754,"Yiadom, Isaac",CB+S,0,5,0.0,0.065,0.0,2.1,0.0,0.18
2022,15872,"Bryant, Coby",CB+S,0,13,0.0,5.233,0.0,89.3,0.0,7.86
2022,15165,"Jones, Benito",DT+DE,0,13,0.0,1.467,0.0,16.0,0.0,1.41
2022,15906,"Womack, Samuel",CB+S,0,13,0.0,1.512,0.0,30.8,0.0,2.71
2022,12823,,RB,0,13,0.0,0.639,0.0,0.0,0.0,0.0
2022,12257,,WR,0,5,0.0,0.257,0.0,0.0,0.0,0.0
2022,13339,,CB+S,0,13,0.0,3.644,0.0,59.3,0.0,5.22
2022,13620,,RB,0,13,0.0,1.899,0.0,3.5,0.0,0.31
2022,16000,,TE,0,13,0.0,2.06,0.0,0.7,0.0,0.07
2022,15588,,RB,0,9,0.0,0.049,0.0,0.0,0.0,0.0
2022,13148,"Ogunbowale, Dare",RB,0,16,0.0,1.559,0.0,2.3,0.0,0.2
2022,15858,"Andersen, Troy",LB,0,13,0.0,2.174,0.0,44.5,0.0,3.92
2022,11299,,LB,0,13,0.0,0.359,0.0,16.5,0.0,1.45
2022,15853,"Mafe, Boye",DT+DE,0,13,0.0,4.001,0.0,48.5,0.0,4.27
2022,13329,,LB,0,13,0.0,0.734,0.0,25.5,0.0,2.24
2022,14868,,TE,0,10,0.0,0.493,0.0,0.0,0.0,0.0
2022,12443,,WR,0,6,0.0,0.372,0.0,0.0,0.0,0.0
2022,13293,"Reeves-Maybin, Jalen",LB,0,13,0.0,0.366,0.0,15.0,0.0,1.32
2022,14370,"Hudson, Tanner",TE,0,11,0.0,1.575,0.0,1.4,0.0,0.13
2022,15888,"Durant, Decobie",CB+S,0,9,0.0,1.017,0.0,18.3,0.0,1.61
2022,14199,"Murphy-Bunting, Sean",CB+S,0,8,0.0,1.358,0.0,26.1,0.0,2.3
2022,14442,"Kuntz, Christian",LB,0,13,0.0,0.0,0.0,0.0,0.0,0.0
2022,14024,,CB+S,0,13,0.0,0.671,0.0,20.6,0.0,1.81
2022,13784,,CB+S,0,8,0.0,0.015,0.0,0.8,0.0,0.07
2022,15836,"Hill, Daxton",CB+S,0,12,0.0,0.083,0.0,6.0,0.0,0.53
2022,14997,"Rodgers, Isaiah",CB+S,0,13,0.0,2.1,0.0,50.7,0.0,4.46
2022,13801,,LB,0,11,0.0,0.259,0.0,9.5,0.0,0.84
2022,16013,"Landman, Nate",LB,0,7,0.0,0.0,0.0,1.0,0.0,0.09
2022,15395,"Koonce, Malcolm",DT+DE,0,13,0.0,0.962,0.0,9.5,0.0,0.84
2022,15335,"Farrell, Luke",TE,0,13,0.0,0.756,0.0,0.0,0.0,0.0
2022,13862,"Cracraft, River",WR,0,9,0.0,1.0,0.0,1.0,0.0,0.08
2022,14988,,LB,0,12,0.0,0.071,0.0,6.0,0.0,0.53
2022,14506,"Pittman, Anthony",LB,0,13,0.0,0.073,0.0,6.5,0.0,0.57
2022,9073,,QB,0,2,0.0,0.0,0.0,0.0,0.0,0.0
2022,14953,"Dye, Troy",LB,0,13,0.0,0.355,0.0,11.5,0.0,1.01
2022,16005,"Jones, Tim",WR,0,13,0.0,0.336,0.0,0.0,0.0,0.0
2022,14519,,LB,0,13,0.0,0.473,0.0,17.5,0.0,1.54
2022,14552,,RB,0,12,0.0,0.142,0.0,0.0,0.0,0.0
2022,15897,"Johnson, Eric",DT+DE,0,11,0.0,0.557,0.0,6.5,0.0,0.57
2022,14316,,WR,0,7,0.0,0.112,0.0,0.0,0.0,0.0
2022,14291,,DT+DE,0,4,0.0,0.5,0.0,5.5,0.0,0.48
2022,15470,,CB+S,0,11,0.0,1.309,0.0,22.0,0.0,1.94
2022,12910,,CB+S,0,10,0.0,0.657,0.0,13.1,0.0,1.15
2022,15383,,CB+S,0,12,0.0,1.287,0.0,26.9,0.0,2.37
2022,14254,"Omenihu, Charles",DT+DE,0,13,0.0,3.312,0.0,41.0,0.0,3.61
2022,14911,"Davis, Ashtyn",CB+S,0,10,0.0,0.475,0.0,9.3,0.0,0.82
2022,12776,"Killebrew, Miles",CB+S,0,13,0.0,0.081,0.0,2.9,0.0,0.26
2022,14964,,CB+S,0,1,0.0,0.015,0.0,0.0,0.0,0.0
2022,15103,"Gilliam, Reggie",RB,0,12,0.0,0.862,0.0,0.0,0.0,0.0
2022,15440,"Taylor, Keith",CB+S,0,13,0.0,1.088,0.0,26.1,0.0,2.3
2022,14209,"Oliver, Josh",TE,0,13,0.0,2.166,0.0,11.5,0.0,1.01
2022,15890,"McFadden, Micah",LB,0,13,0.0,1.656,0.0,40.5,0.0,3.56
2022,15406,,CB+S,0,13,0.0,3.6,0.0,57.8,0.0,5.09
2022,15229,,CB+S,0,13,0.0,0.787,0.0,20.1,0.0,1.77
2022,15151,"Welch, Kristian",LB,0,13,0.0,0.019,0.0,3.0,0.0,0.26
2022,14081,"Gaskin, Myles",RB,0,4,0.0,0.217,0.0,0.0,0.0,0.0
2022,13880,,TE,0,13,0.0,1.442,0.0,0.0,0.0,0.0
2022,14955,,CB+S,0,12,0.0,2.125,0.0,37.7,0.0,3.32
2022,15002,,LB,0,13,0.0,0.152,0.0,7.5,0.0,0.66
2022,15408,"Sample, Cameron",DT+DE,0,13,0.0,2.473,0.0,28.5,0.0,2.51
2022,15093,,DT+DE,0,13,0.0,2.527,0.0,29.0,0.0,2.55
2022,15344,"Bates, John",TE,0,12,0.0,2.01,0.0,3.6,0.0,0.32
2022,13623,,RB,0,6,0.0,0.97,0.0,5.1,0.0,0.45
2022,15994,,LB,0,12,0.0,0.056,0.0,3.5,0.0,0.31
2022,15559,"Williams, Jonah",DT+DE,0,12,0.0,1.13,0.0,10.0,0.0,0.88
2022,12211,,TE,0,2,0.0,0.0,0.0,0.0,0.0,0.0
2022,14472,"Dodson, Tyrel",LB,0,13,0.0,1.84,0.0,34.5,0.0,3.04
2022,13745,"Nnadi, Derrick",DT+DE,0,13,0.0,1.527,0.0,18.5,0.0,1.63
2022,15431,"Fields, Tony",LB,0,13,0.0,1.248,0.0,31.0,0.0,2.73
2022,13913,,LB,0,13,0.0,1.505,0.0,44.0,0.0,3.87
2022,15768,"Pierce, Alec",WR,0,12,0.0,3.607,0.0,26.9,0.0,2.37
2022,15285,"Wallace, Tylan",WR,0,8,0.0,0.171,0.0,0.0,0.0,0.0
2022,10763,,DT+DE,0,6,0.0,0.46,0.0,5.0,0.0,0.44
2022,14922,,DT+DE,0,11,0.0,0.739,0.0,9.5,0.0,0.84
2022,16020,,LB,0,6,0.0,0.017,0.0,1.5,0.0,0.13
2022,12206,,TE,0,7,0.0,0.125,0.0,0.0,0.0,0.0
2022,14253,,DT+DE,0,13,0.0,0.888,0.0,12.0,0.0,1.06
2022,13203,,DT+DE,0,6,0.0,1.685,0.0,19.5,0.0,1.72
2022,12317,,TE,0,12,0.0,1.768,0.0,0.0,0.0,0.0
2022,14828,,RB,0,6,0.0,0.321,0.0,0.0,0.0,0.0
2022,13369,,TE,0,1,0.0,0.0,0.0,0.0,0.0,0.0
2022,15720,"Haskins, Hassan",RB,0,11,0.0,1.017,0.0,0.0,0.0,0.0
2022,15881,"Jones, Jack",CB+S,0,13,0.0,3.454,0.0,70.0,0.0,6.16
2022,12155,"Abdullah, Ameer",RB,0,16,0.0,2.076,0.0,7.9,0.0,0.7
2022,14494,,LB,0,13,0.0,0.138,0.0,5.0,0.0,0.44
2022,15840,"Woods, Jelani",TE,0,14,0.0,4.11,0.0,22.5,0.0,1.98
2022,15490,,DT+DE,0,12,0.0,0.863,0.0,8.5,0.0,0.75
2022,14844,,WR,0,7,0.0,0.314,0.0,0.0,0.0,0.0
2022,15292,"Brown, Dyami",WR,0,11,0.0,1.042,0.0,18.6,0.0,1.63
2022,13810,"Joseph-Day, Sebastian",DT+DE,1,12,0.0,5.287,0.0,67.0,0.0,5.9
2022,12987,,DT+DE,0,13,0.0,2.362,0.0,28.5,0.0,2.51
2022,15034,,WR,0,11,0.0,1.652,0.0,0.0,0.0,0.0
2022,14117,,WR,0,4,0.0,0.174,0.0,0.0,0.0,0.0
2022,15094,"Locke, P.J.",CB+S,0,12,0.0,1.47,0.0,27.7,0.0,2.44
2022,15334,"Long, Hunter",TE,0,5,0.0,0.067,0.0,0.0,0.0,0.0
2022,13750,"Burks, Oren",LB,0,13,0.0,1.061,0.0,24.0,0.0,2.11
2022,13914,,CB+S,0,11,0.0,1.727,0.0,35.9,0.0,3.16
2022,15944,"Leonard, Deane",CB+S,0,13,0.0,0.367,0.0,7.9,0.0,0.7
2022,15831,"Chenal, Leo",LB,0,13,0.0,0.461,0.0,18.5,0.0,1.63
2022,14286,,CB+S,0,13,0.0,0.579,0.0,9.7,0.0,0.85
2022,15521,"Ogbongbemiga, Amen",LB,0,13,0.0,0.0,0.0,1.0,0.0,0.09
2022,16004,,LB,0,13,0.0,0.387,0.0,17.0,0.0,1.5
2022,15876,,CB+S,0,13,0.0,4.464,0.0,76.4,0.0,6.72
2022,15464,"Echols, Brandin",CB+S,0,13,0.0,0.409,0.0,12.4,0.0,1.09
2022,15480,,RB,0,5,0.0,0.048,0.0,0.0,0.0,0.0
2022,12851,,LB,0,13,0.0,0.056,0.0,5.5,0.0,0.48
2022,14118,"Humphrey, Lil'Jordan",WR,0,6,0.0,0.112,0.0,0.0,0.0,0.0
2022,11017,,CB+S,0,13,0.0,6.49,0.0,101.7,0.0,8.95
2022,15929,"Kieft, Ko",TE,0,13,0.0,1.645,0.0,0.7,0.0,0.07
2022,14337,,WR,0,3,0.0,0.301,0.0,0.0,0.0,0.0
2022,15082,"Barnes, Krys",LB,0,4,0.0,1.186,0.0,23.5,0.0,2.07
2022,14850,,WR,0,4,0.0,0.164,0.0,0.0,0.0,0.0
2022,15758,"Bell, David",WR,0,15,0.0,1.517,0.0,0.0,0.0,0.0
2022,14037,"Davis, Jalen",CB+S,0,13,0.0,0.225,0.0,5.6,0.0,0.49
2022,14110,"Sills, David",WR,0,9,0.0,0.678,0.0,0.0,0.0,0.0
2022,15854,,CB+S,0,6,0.0,0.894,0.0,15.6,0.0,1.37
2022,12188,"Dorsett, Phillip",WR,0,12,0.0,1.654,0.0,4.5,0.0,0.4
2022,11613,,CB+S,0,13,0.0,0.341,0.0,10.0,0.0,0.88
2022,12813,,CB+S,0,13,0.0,1.683,0.0,29.1,0.0,2.56
2022,11412,,DT+DE,0,8,0.0,1.359,0.0,16.5,0.0,1.45
2022,14979,"Strnad, Justin",LB,0,13,0.0,0.089,0.0,4.5,0.0,0.4
2022,15824,"Tindall, Channing",LB,0,12,0.0,0.0,0.0,1.0,0.0,0.09
2022,8269,"Lewis, Marcedes",TE,0,13,0.0,1.02,0.0,0.0,0.0,0.0
2022,12990,,CB+S,0,13,0.0,0.28,0.0,9.7,0.0,0.85
2022,12753,,LB,0,13,0.0,2.216,0.0,47.0,0.0,4.14
2022,15498,"Stuard, Grant",LB,0,11,0.0,0.087,0.0,5.0,0.0,0.44
2022,16014,"Adams, Tony",CB+S,0,7,0.0,0.048,0.0,3.4,0.0,0.3
2022,13269,,DT+DE,0,3,0.0,0.14,0.0,0.5,0.0,0.04
2022,15865,,CB+S,0,8,0.0,0.078,0.0,1.3,0.0,0.11
2022,15904,"Bland, DaRon",CB+S,0,13,0.0,2.862,0.0,57.2,0.0,5.03
2022,14752,,TE,0,11,0.0,0.583,0.0,0.0,0.0,0.0
2022,12217,"Fowler, Dante",DT+DE,0,13,0.0,5.16,0.0,66.0,0.0,5.81
2022,13761,,CB+S,0,7,0.0,1.032,0.0,17.9,0.0,1.58
2022,12955,"Manhertz, Chris",TE,0,13,0.0,0.779,0.0,0.0,0.0,0.0
2022,13744,"Shepherd, Nathan",DT+DE,0,13,0.0,1.749,0.0,24.5,0.0,2.16
2022,14176,,DT+DE,0,4,0.0,0.431,0.0,4.5,0.0,0.4
2022,12040,,RB,0,13,0.0,0.301,0.0,0.0,0.0,0.0
2022,14672,"Reeder, Troy",LB,0,13,0.0,0.352,0.0,9.5,0.0,0.84
2022,15275,,RB,0,11,0.0,0.693,0.0,0.0,0.0,0.0
2022,15714,"White, Zamir",RB,0,12,0.0,0.24,0.0,0.0,0.0,0.0
2022,15995,"Turner, DJ",WR,0,9,0.0,0.455,0.0,0.0,0.0,0.0
2022,9200,,WR,0,13,0.0,0.329,0.0,0.0,0.0,0.0
2022,15870,"Carter, Zachary",DT+DE,0,13,0.0,1.549,0.0,19.5,0.0,1.72
2022,12197,,WR,0,9,0.0,0.922,0.0,4.6,0.0,0.4
2022,11945,"Santos, Cairo",PK,0,12,0.0,5.197,0.0,88.5,0.0,7.79
2022,15875,"Belton, Dane",CB+S,0,12,0.0,2.966,0.0,46.5,0.0,4.09
2022,15523,,PK,0,4,0.0,0.667,0.0,14.6,0.0,1.28
2022,12275,,CB+S,0,11,0.0,3.513,0.0,63.0,0.0,5.54
2022,14280,"Miller, Scotty",WR,0,11,0.0,1.508,0.0,3.4,0.0,0.3
2022,13917,,CB+S,0,5,0.0,1.221,0.0,21.0,0.0,1.85
2022,12245,,CB+S,0,12,0.0,4.41,0.0,83.2,0.0,7.32
2022,16046,,DT+DE,0,12,0.0,1.08,0.0,11.5,0.0,1.01
2022,14998,,WR,0,1,0.0,0.154,0.0,0.0,0.0,0.0
2022,14377,,DT+DE,0,12,0.0,2.119,0.0,29.5,0.0,2.6
2022,16045,"Schooler, Brenden",CB+S,0,12,0.0,0.904,0.0,23.4,0.0,2.06
2022,15618,"Jones, Naquan",DT+DE,0,8,0.0,1.382,0.0,18.5,0.0,1.63
2022,15746,,RB,0,3,0.0,0.094,0.0,0.0,0.0,0.0
2022,14929,,DT+DE,0,10,0.0,2.165,0.0,30.5,0.0,2.68
2022,15183,,WR,0,11,0.0,1.945,0.0,2.2,0.0,0.19
2022,16056,,DT+DE,0,2,0.0,0.24,0.0,3.0,0.0,0.26
2022,15026,,TE,0,10,0.0,0.463,0.0,0.0,0.0,0.0
2022,12845,,RB,0,12,0.0,0.189,0.0,0.0,0.0,0.0
2022,13270,"Moreau, Fabian",CB+S,0,11,0.0,4.339,0.0,73.2,0.0,6.44
2022,16052,,CB+S,0,12,0.0,2.255,0.0,43.1,0.0,3.79
2022,15867,"Malone, DeAngelo",LB,0,11,0.0,0.715,0.0,23.5,0.0,2.07
2022,16055,,DT+DE,0,5,0.0,0.18,0.0,3.0,0.0,0.26
2022,14894,"Jennings, Anfernee",LB,0,12,0.0,1.342,0.0,27.0,0.0,2.38
2022,15341,"Morris, Quintin",TE,0,11,0.0,1.121,0.0,0.5,0.0,0.05
2022,15892,"Booker, Thomas",DT+DE,0,8,0.0,1.474,0.0,18.5,0.0,1.63
2022,13262,"Kpassagnon, Tanoh",DT+DE,0,12,0.0,2.648,0.0,35.5,0.0,3.12
2022,12687,,DT+DE,0,12,0.0,3.228,0.0,41.0,0.0,3.61
2022,16049,,DT+DE,0,1,0.0,0.08,0.0,1.5,0.0,0.13
2022,14627,,DT+DE,0,3,0.0,0.2,0.0,3.5,0.0,0.31
2022,15893,"Turner-Yell, Delarrin",CB+S,0,10,0.0,0.257,0.0,10.8,0.0,0.95
2022,16054,"Blackwell, Josh",CB+S,0,12,0.0,1.033,0.0,21.4,0.0,1.88
2022,14205,"Johnson, Lonnie",CB+S,0,8,0.0,0.051,0.0,5.5,0.0,0.48
2022,15020,,CB+S,0,1,0.0,0.0,0.0,1.3,0.0,0.11
2022,15733,"Strong Jr., Pierre",RB,0,11,0.0,1.026,0.0,8.4,0.0,0.74
2022,13662,,WR,0,6,0.0,0.388,0.0,0.0,0.0,0.0
2022,15536,,CB+S,0,4,0.0,0.017,0.0,2.9,0.0,0.26
2022,15476,"Mukuamu, Israel",CB+S,0,12,0.0,0.875,0.0,23.0,0.0,2.02
2022,15339,,TE,0,6,0.0,0.105,0.0,0.0,0.0,0.0
2022,12222,,DT+DE,0,4,0.0,0.34,0.0,3.5,0.0,0.31
2022,16050,,WR,0,9,0.0,0.2,0.0,0.0,0.0,0.0
2022,15505,,RB,0,12,0.0,1.709,0.0,3.3,0.0,0.29
2022,10948,"Keenum, Case",QB,0,2,0.0,0.129,0.0,0.0,0.0,0.0
2022,15694,"Willis, Malik",QB,0,6,0.0,0.242,0.0,0.0,0.0,0.0
2022,10960,,WR,0,2,0.0,0.026,0.0,0.0,0.0,0.0
2022,15079,,CB+S,0,10,0.0,0.622,0.0,15.6,0.0,1.37
2022,15459,,DT+DE,0,4,0.0,0.04,0.0,0.0,0.0,0.0
2022,14214,,CB+S,0,9,0.0,0.367,0.0,6.7,0.0,0.59
2022,15308,"Marshall, Terrace",WR,0,10,0.0,2.242,0.0,11.6,0.0,1.02
2022,16001,,WR,0,2,0.0,0.026,0.0,0.0,0.0,0.0
2022,15796,"Ruckert, Jeremy",TE,0,8,0.0,0.202,0.0,0.0,0.0,0.0
2022,14811,"Ahmed, Salvon",RB,0,8,0.0,0.095,0.0,0.0,0.0,0.0
2022,15991,"Conner, Tanner",TE,0,12,0.0,0.307,0.0,0.0,0.0,0.0
2022,13537,,DT+DE,0,6,0.0,0.079,0.0,0.5,0.0,0.04
2022,15597,,CB+S,0,5,0.0,0.033,0.0,2.1,0.0,0.18
2022,15147,,CB+S,0,4,0.0,0.033,0.0,0.0,0.0,0.0
2022,15451,,CB+S,0,6,0.0,0.115,0.0,3.4,0.0,0.3
2022,14817,"Taylor, Patrick",RB,0,10,0.0,0.11,0.0,0.0,0.0,0.0
2022,13259,,CB+S,0,6,0.0,0.085,0.0,2.9,0.0,0.26
2022,15477,,CB+S,0,7,0.0,0.533,0.0,7.3,0.0,0.64
2022,12835,,CB+S,0,11,0.0,0.478,0.0,12.0,0.0,1.06
2022,15782,"Gray, Danny",WR,0,9,0.0,0.256,0.0,0.0,0.0,0.0
2022,15934,,DT+DE,0,9,0.0,1.412,0.0,20.5,0.0,1.8
2022,15220,,RB,0,2,0.0,0.0,0.0,0.0,0.0,0.0
2022,15982,,LB,0,12,0.0,0.09,0.0,6.5,0.0,0.57
2022,14231,,TE,0,12,0.0,0.765,0.0,0.0,0.0,0.0
2022,15945,"Lucas, Chase",CB+S,0,6,0.0,0.068,0.0,2.9,0.0,0.26
2022,15837,,CB+S,0,3,0.0,0.033,0.0,0.0,0.0,0.0
2022,15794,"McBride, Trey",TE,0,12,0.0,1.125,0.0,0.0,0.0,0.0
2022,15985,"Bell, Markquese",CB+S,0,4,0.0,0.051,0.0,1.3,0.0,0.11
2022,9706,,QB,0,2,0.0,0.083,0.0,0.0,0.0,0.0
2022,15761,"Shakir, Khalil",WR,0,11,0.0,1.184,0.0,8.7,0.0,0.76
2022,15425,,WR,0,7,0.0,0.144,0.0,0.0,0.0,0.0
2022,14919,"Igbinoghene, Noah",CB+S,0,7,0.0,1.006,0.0,18.4,0.0,1.62
2022,14271,,CB+S,0,5,0.0,0.083,0.0,2.6,0.0,0.23
2022,14838,"Shenault, Laviska",WR,0,9,0.0,2.261,0.0,16.2,0.0,1.43
2022,13645,,WR,0,11,0.0,2.359,0.0,14.7,0.0,1.29
2022,15924,"Kendrick, Derion",CB+S,0,11,0.0,2.993,0.0,57.1,0.0,5.02
2022,11883,,CB+S,0,10,0.0,3.144,0.0,58.6,0.0,5.16
2022,12489,,LB,0,3,0.0,0.414,0.0,8.0,0.0,0.7
2022,13996,,CB+S,0,4,0.0,0.975,0.0,17.6,0.0,1.55
2022,15804,"Calcaterra, Grant",TE,0,11,0.0,0.666,0.0,0.0,0.0,0.0
2022,10973,,WR,0,2,0.0,0.079,0.0,0.0,0.0,0.0
2022,14357,,TE,0,4,0.0,0.244,0.0,0.0,0.0,0.0
2022,12525,,LB,0,11,0.0,0.468,0.0,18.5,0.0,1.63
2022,13412,,WR,0,10,0.0,0.615,0.0,0.0,0.0,0.0
2022,14670,"Ekuale, Daniel",DT+DE,0,11,0.0,1.959,0.0,21.5,0.0,1.89
2022,13751,,DT+DE,0,9,0.0,2.039,0.0,24.5,0.0,2.16
2022,15806,"Thibodeaux, Kayvon",LB,0,11,0.0,2.116,0.0,43.5,0.0,3.83
2022,10312,,TE,0,6,0.0,0.408,0.0,0.0,0.0,0.0
2022,16059,"Ingram, Ja'Marcus",CB+S,0,2,0.0,0.068,0.0,3.4,0.0,0.3
2022,15485,,DT+DE,0,1,0.0,0.26,0.0,2.0,0.0,0.18
2022,12680,"Vannett, Nick",TE,0,5,0.0,0.038,0.0,0.0,0.0,0.0
2022,11282,,DT+DE,0,5,0.0,0.416,0.0,6.0,0.0,0.53
2022,15159,,DT+DE,0,7,0.0,1.147,0.0,12.0,0.0,1.06
2022,15028,,LB,0,11,0.0,0.338,0.0,10.5,0.0,0.92
2022,15788,"Tolbert, Jalen",WR,0,8,0.0,0.173,0.0,0.0,0.0,0.0
2022,15140,"Lewis, Cam",CB+S,0,10,0.0,1.035,0.0,20.9,0.0,1.84
2022,15137,,CB+S,0,5,0.0,0.051,0.0,1.3,0.0,0.11
2022,15394,"Adebo, Paulson",CB+S,0,10,0.0,4.484,0.0,74.3,0.0,6.54
2022,14963,"Thomas, Daniel",CB+S,0,11,0.0,0.067,0.0,8.9,0.0,0.78
2022,14181,,CB+S,0,8,0.0,1.019,0.0,19.4,0.0,1.71
2022,15062,,LB,0,1,0.0,0.017,0.0,1.0,0.0,0.09
2022,15861,"Bonitto, Nik",LB,0,11,0.0,0.695,0.0,17.0,0.0,1.5
2022,15443,"Wallow, Garret",LB,0,10,0.0,0.506,0.0,12.0,0.0,1.06
2022,16058,"Herring, Malik",DT+DE,0,7,0.0,0.665,0.0,8.0,0.0,0.7
2022,12934,,WR,0,3,0.0,0.047,0.0,0.0,0.0,0.0
2022,15674,,DT+DE,0,1,0.0,0.02,0.0,0.5,0.0,0.04
2022,15908,"Butler, Matthew",DT+DE,0,5,0.0,0.43,0.0,5.0,0.0,0.44
2022,15435,,DT+DE,0,7,0.0,0.303,0.0,6.0,0.0,0.53
2022,15863,"Jones, Travis",DT+DE,0,11,0.0,1.624,0.0,22.0,0.0,1.94
2022,15385,"Ojulari, Azeez",LB,0,4,0.0,1.782,0.0,28.5,0.0,2.51
2022,15371,,DT+DE,0,6,0.0,0.573,0.0,6.0,0.0,0.53
2022,12328,,TE,0,10,0.0,0.429,0.0,0.0,0.0,0.0
2022,15097,"McKeon, Sean",TE,0,9,0.0,0.594,0.0,0.0,0.0,0.0
2022,15910,"Ridgeway, John",DT+DE,0,11,0.0,0.899,0.0,12.5,0.0,1.1
2022,14810,,RB,0,11,0.0,0.16,0.0,0.0,0.0,0.0
2022,13765,,LB,0,3,0.0,0.0,0.0,0.5,0.0,0.04
2022,15457,,CB+S,0,2,0.0,0.0,0.0,0.8,0.0,0.07
2022,15955,,CB+S,0,11,0.0,0.357,0.0,10.6,0.0,0.93
2022,15956,"Hicks, Elijah",CB+S,0,11,0.0,0.595,0.0,12.9,0.0,1.14
2022,15933,"Brown, Montaric",CB+S,0,8,0.0,0.228,0.0,6.8,0.0,0.6
2022,14716,,DT+DE,0,4,0.0,0.925,0.0,12.5,0.0,1.1
2022,15993,,WR,0,6,0.0,0.096,0.0,0.0,0.0,0.0
2022,15534,,TE,0,4,0.0,0.042,0.0,0.0,0.0,0.0
2022,13234,,RB,0,5,0.0,0.872,0.0,7.0,0.0,0.62
2022,13205,,DT+DE,0,4,0.0,0.08,0.0,0.5,0.0,0.04
2022,15304,,WR,0,2,0.0,0.036,0.0,0.0,0.0,0.0
2022,14936,,TE,0,10,0.0,0.23,0.0,0.0,0.0,0.0
2022,15932,,CB+S,0,2,0.0,0.0,0.0,0.0,0.0,0.0
2022,14278,,CB+S,0,6,0.0,1.086,0.0,20.4,0.0,1.8
2022,15244,"Franks, Feleipe",TE,0,9,0.0,0.378,0.0,0.0,0.0,0.0
2022,14331,"Johnson, D'Ernest",RB,0,11,0.0,0.375,0.0,0.0,0.0,0.0
2022,14363,,TE,0,10,0.0,0.642,0.0,0.0,0.0,0.0
2022,11724,,LB,0,3,0.0,0.052,0.0,1.5,0.0,0.13
2022,15410,,LB,0,6,0.0,0.111,0.0,2.5,0.0,0.22
2022,12656,,WR,0,3,0.0,0.0,0.0,0.0,0.0,0.0
2022,13125,,QB,0,2,0.0,0.0,0.0,0.0,0.0,0.0
2022,11390,,RB,0,12,0.0,5.224,0.0,34.7,0.0,3.05
2022,14503,"Kennedy, Tom",WR,0,7,0.0,0.814,0.0,0.7,0.0,0.06
2022,15671,"Bandy, Michael",WR,0,10,0.0,0.823,0.0,0.0,0.0,0.0
2022,12768,,LB,0,6,0.0,0.794,0.0,16.0,0.0,1.41
2022,12701,,LB,0,10,0.0,2.932,0.0,53.5,0.0,4.71
2022,12998,,CB+S,0,10,0.0,4.177,0.0,74.3,0.0,6.54
2022,9833,,DT+DE,0,10,0.0,3.532,0.0,46.0,0.0,4.05
2022,15524,,PK,0,1,0.0,0.083,0.0,4.9,0.0,0.43
2022,16068,,DT+DE,0,1,0.0,0.22,0.0,3.0,0.0,0.26
2022,15257,"Sermon, Trey",RB,0,2,0.0,0.094,0.0,0.0,0.0,0.0
2022,10413,"Taylor, Tyrod",QB,0,2,0.0,0.325,0.0,0.0,0.0,0.0
2022,12219,"Edwards, Mario",DT+DE,0,10,0.0,2.699,0.0,37.5,0.0,3.3
2022,16066,"Alexander, Maurice",WR,0,4,0.0,0.238,0.0,0.0,0.0,0.0
2022,15568,,CB+S,0,7,0.0,0.222,0.0,5.5,0.0,0.48
2022,9714,,QB,0,1,0.0,0.087,0.0,0.0,0.0,0.0
2022,12360,,DT+DE,0,4,0.0,0.782,0.0,10.5,0.0,0.92
2022,13366,,TE,0,2,0.0,0.237,0.0,0.0,0.0,0.0
2022,16072,"Cochrane, Jack",LB,0,10,0.0,0.07,0.0,5.0,0.0,0.44
2022,14202,,CB+S,0,3,0.0,0.067,0.0,0.8,0.0,0.07
2022,14292,"Summers, Ty",LB,0,3,0.0,0.052,0.0,3.0,0.0,0.26
2022,15767,"Jones, Velus",WR,0,8,0.0,0.772,0.0,0.0,0.0,0.0
2022,13708,,CB+S,0,4,0.0,0.659,0.0,11.3,0.0,0.99
2022,15909,"Mitchell, James",TE,0,10,0.0,1.162,0.0,1.2,0.0,0.11
2022,13387,,WR,0,10,0.0,0.798,0.0,0.0,0.0,0.0
2022,14808,,RB,0,4,0.0,0.346,0.0,0.0,0.0,0.0
2022,14545,,WR,0,6,0.0,0.097,0.0,0.0,0.0,0.0
2022,15723,"Chandler, Ty",RB,0,2,0.0,0.016,0.0,0.0,0.0,0.0
2022,15363,"Melifonwu, Ifeatu",CB+S,0,6,0.0,0.066,0.0,1.3,0.0,0.11
2022,14372,,TE,0,6,0.0,0.185,0.0,0.0,0.0,0.0
2022,11532,,CB+S,0,10,0.0,0.853,0.0,15.5,0.0,1.36
2022,14864,"Johnson, Tyler",WR,0,2,0.0,0.023,0.0,0.0,0.0,0.0
2022,15442,,CB+S,0,1,0.0,0.033,0.0,0.0,0.0,0.0
2022,15938,,LB,0,10,0.0,0.056,0.0,3.0,0.0,0.26
2022,12464,,WR,0,10,0.0,1.894,0.0,14.2,0.0,1.25
2022,14287,,RB,0,6,0.0,0.157,0.0,0.0,0.0,0.0
2022,13735,,DT+DE,0,3,0.0,0.094,0.0,1.5,0.0,0.13
2022,15920,"Roberts, Sam",DT+DE,0,5,0.0,0.193,0.0,2.0,0.0,0.18
2022,12834,,CB+S,0,10,0.0,0.242,0.0,7.9,0.0,0.7
2022,15959,"Johnson, Nazeeh",CB+S,0,7,0.0,0.096,0.0,3.9,0.0,0.34
2022,15367,,LB,0,3,0.0,0.0,0.0,0.0,0.0,0.0
2022,15121,"Huff, Bryce",DT+DE,0,10,0.0,2.165,0.0,27.5,0.0,2.42
2022,12152,,RB,0,4,0.0,0.821,0.0,12.4,0.0,1.09
2022,13900,,PK,0,3,0.0,0.917,0.0,14.0,0.0,1.23
2022,12781,,CB+S,0,5,0.0,1.106,0.0,23.5,0.0,2.07
2022,14849,"Hodgins, Isaiah",WR,0,9,0.0,3.527,0.0,33.9,0.0,2.99
2022,13614,,RB,0,3,0.0,0.617,0.0,0.0,0.0,0.0
2022,15546,,CB+S,0,3,0.0,0.575,0.0,13.8,0.0,1.21
2022,9919,,DT+DE,0,8,0.0,1.325,0.0,15.0,0.0,1.32
2022,16075,"Blount, Joey",CB+S,0,8,0.0,0.493,0.0,14.4,0.0,1.27
2022,16064,"Flowers, Dallis",CB+S,0,9,0.0,0.657,0.0,16.3,0.0,1.43
2022,15699,"Thompson, Skylar",QB,0,5,0.0,0.216,0.0,0.0,0.0,0.0
2022,15787,"Thornton, Tyquan",WR,0,9,0.0,1.829,0.0,12.8,0.0,1.12
2022,15895,"McCollum, Zyon",CB+S,0,9,0.0,0.981,0.0,24.5,0.0,2.16
2022,16077,"Okuayinonu, Sam",DT+DE,0,5,0.0,0.647,0.0,9.0,0.0,0.79
2022,16018,"Blankenship, Reed",CB+S,0,7,0.0,1.185,0.0,22.7,0.0,2.0
2022,15883,,DT+DE,0,6,0.0,0.963,0.0,10.0,0.0,0.88
2022,15877,"Uwazurike, Eyioma",DT+DE,0,4,0.0,0.831,0.0,9.5,0.0,0.84
2022,13882,,WR,0,2,0.0,0.085,0.0,0.0,0.0,0.0
2022,12976,"Hamilton, Antonio",CB+S,0,9,0.0,3.182,0.0,61.5,0.0,5.41
2022,15089,"Roach, Malcolm",DT+DE,0,9,0.0,2.04,0.0,27.0,0.0,2.38
2022,12788,,LB,0,4,0.0,0.906,0.0,17.0,0.0,1.5
2022,14509,,LB,0,6,0.0,0.037,0.0,3.0,0.0,0.26
2022,14307,,LB,0,4,0.0,0.0,0.0,2.0,0.0,0.18
2022,14737,"Giles-Harris, Joe",LB,0,1,0.0,0.0,0.0,1.0,0.0,0.09
2022,15057,,WR,0,2,0.0,0.12,0.0,0.0,0.0,0.0
2022,12760,,CB+S,0,6,0.0,0.123,0.0,3.4,0.0,0.3
2022,14916,,CB+S,0,1,0.0,0.0,0.0,0.8,0.0,0.07
2022,16019,"Hansen, Jake",LB,0,7,0.0,0.598,0.0,18.0,0.0,1.58
2022,10554,,DT+DE,0,9,0.0,1.272,0.0,15.5,0.0,1.36
2022,14613,"Sims, Steven",WR,0,8,0.0,1.005,0.0,0.0,0.0,0.0
2022,14096,,RB,0,3,0.0,0.033,0.0,0.0,0.0,0.0
2022,11768,"Ward, Jimmie",CB+S,0,8,0.0,2.951,0.0,53.1,0.0,4.67
2022,15399,"Rice, Monty",LB,0,9,0.0,1.541,0.0,27.5,0.0,2.42
2022,13211,"Watkins, Carlos",DT+DE,0,8,0.0,1.091,0.0,11.5,0.0,1.01
2022,15803,"Turner, Cole",TE,0,6,0.0,0.276,0.0,0.0,0.0,0.0
2022,15937,,TE,0,7,0.0,0.265,0.0,0.0,0.0,0.0
2022,12738,,CB+S,0,3,0.0,0.0,0.0,0.0,0.0,0.0
2022,14341,"Parham, Donald",TE,0,2,0.0,0.462,0.0,0.7,0.0,0.07
2022,15810,,LB,0,9,0.0,1.273,0.0,27.5,0.0,2.42
2022,16074,,LB,0,2,0.0,0.0,0.0,1.0,0.0,0.09
2022,15407,,WR,0,1,0.0,0.023,0.0,0.0,0.0,0.0
2022,12386,,RB,0,6,0.0,0.477,0.0,0.0,0.0,0.0
2022,13372,,WR,0,3,0.0,0.059,0.0,0.0,0.0,0.0
2022,12850,,CB+S,0,9,0.0,0.636,0.0,9.9,0.0,0.87
2022,13447,"Wilson, Eric",LB,0,9,0.0,0.688,0.0,13.0,0.0,1.14
2022,15915,,DT+DE,0,8,0.0,1.204,0.0,14.0,0.0,1.23
2022,15416,,DT+DE,0,2,0.0,0.019,0.0,0.0,0.0,0.0
2022,10592,,CB+S,0,8,0.0,3.053,0.0,47.7,0.0,4.2
2022,16080,"Shaheed, Rashid",WR,0,11,0.0,4.5,0.0,33.8,0.0,2.97
2022,13709,"Oliver, Isaiah",CB+S,0,8,0.0,2.391,0.0,39.2,0.0,3.45
2022,12309,,TE,0,8,0.0,1.762,0.0,1.1,0.0,0.1
2022,15359,"Tufele, Jay",DT+DE,0,6,0.0,1.301,0.0,17.5,0.0,1.54
2022,10755,,DT+DE,0,8,0.0,1.098,0.0,13.5,0.0,1.19
2022,11725,,DT+DE,0,3,0.0,0.409,0.0,4.5,0.0,0.4
2022,15792,,WR,0,6,0.0,0.303,0.0,0.0,0.0,0.0
2022,15726,"Rivers, Ronnie",RB,0,5,0.0,0.385,0.0,0.0,0.0,0.0
2022,15433,"Loudermilk, Isaiahh",DT+DE,0,7,0.0,0.54,0.0,6.5,0.0,0.57
2022,15655,,CB+S,0,5,0.0,0.053,0.0,1.6,0.0,0.14
2022,15585,"Williams, Chris",DT+DE,0,3,0.0,0.093,0.0,1.5,0.0,0.13
2022,15225,,CB+S,0,1,0.0,0.0,0.0,1.3,0.0,0.11
2022,15436,,CB+S,0,2,0.0,0.0,0.0,2.6,0.0,0.23
2022,14741,,CB+S,0,5,0.0,0.081,0.0,3.4,0.0,0.3
2022,11375,,LB,0,7,0.0,0.809,0.0,14.5,0.0,1.28
2022,16003,,LB,0,1,0.0,0.0,0.0,1.0,0.0,0.09
2022,12778,,LB,0,8,0.0,0.034,0.0,4.0,0.0,0.35
2022,16082,"Mosby, Arron",LB,0,2,0.0,0.0,0.0,1.0,0.0,0.09
2022,15194,"Christiansen, Cole",LB,0,1,0.0,0.0,0.0,1.0,0.0,0.09
2022,14177,,CB+S,0,7,0.0,0.31,0.0,11.0,0.0,0.97
2022,14780,,QB,0,1,0.0,0.0,0.0,0.0,0.0,0.0
2022,15734,"Ingram, Keaontay",RB,0,8,0.0,0.536,0.0,2.4,0.0,0.21
2022,15719,,RB,0,4,0.0,0.514,0.0,0.0,0.0,0.0
2022,14966,,LB,0,8,0.0,0.0,0.0,1.5,0.0,0.13
2022,13255,,CB+S,0,1,0.0,0.0,0.0,0.0,0.0,0.0
2022,11951,,WR,0,2,0.0,0.064,0.0,0.0,0.0,0.0
2022,13644,,WR,0,1,0.0,0.0,0.0,0.0,0.0,0.0
2022,15510,"Washington, Ar'Darius",CB+S,0,3,0.0,0.0,0.0,2.6,0.0,0.23
2022,15936,"Robinson, Mark",LB,0,1,0.0,0.0,0.0,0.0,0.0,0.0
2022,13218,,LB,0,3,0.0,0.019,0.0,2.0,0.0,0.18
2022,15209,,CB+S,0,3,0.0,0.0,0.0,0.0,0.0,0.0
2022,15738,"Davis, Malik",RB,0,8,0.0,0.793,0.0,0.6,0.0,0.05
2022,13391,,TE,0,5,0.0,0.038,0.0,0.0,0.0,0.0
2022,13136,,RB,0,5,0.0,0.274,0.0,0.0,0.0,0.0
2022,15744,,RB,0,1,0.0,0.031,0.0,0.0,0.0,0.0
2022,11803,,CB+S,0,2,0.0,0.0,0.0,0.0,0.0,0.0
2022,14931,,CB+S,0,4,0.0,0.0,0.0,0.0,0.0,0.0
2022,15958,,LB,0,4,0.0,0.019,0.0,2.0,0.0,0.18
2022,12252,,CB+S,0,2,0.0,0.0,0.0,0.0,0.0,0.0
2022,12177,,WR,0,7,0.0,0.531,0.0,0.0,0.0,0.0
2022,13818,,CB+S,0,6,0.0,1.933,0.0,29.0,0.0,2.55
2022,10766,,DT+DE,0,7,0.0,3.284,0.0,39.5,0.0,3.48
2022,15855,"Paschal, Josh",DT+DE,0,6,0.0,1.28,0.0,12.0,0.0,1.06
2022,14101,,WR,0,4,0.0,0.711,0.0,1.3,0.0,0.11
2022,16086,,CB+S,0,4,0.0,0.062,0.0,4.2,0.0,0.37
2022,16087,,DT+DE,0,2,0.0,0.698,0.0,9.5,0.0,0.84
2022,13503,,WR,0,3,0.0,0.17,0.0,0.0,0.0,0.0
2022,14846,,WR,0,7,0.0,0.956,0.0,0.7,0.0,0.06
2022,15841,"Toure, Samori",WR,0,7,0.0,0.736,0.0,1.6,0.0,0.14
2022,12250,,CB+S,0,2,0.0,0.031,0.0,1.3,0.0,0.11
2022,15838,,CB+S,0,6,0.0,0.828,0.0,16.7,0.0,1.47
2022,15535,"Kinsey, Mason",WR,0,1,0.0,0.024,0.0,0.0,0.0,0.0
2022,16091,,DT+DE,0,5,0.0,0.199,0.0,2.5,0.0,0.22
2022,15823,"Harris, Christian",LB,0,8,0.0,2.037,0.0,39.0,0.0,3.43
2022,16088,,DT+DE,0,2,0.0,0.038,0.0,0.5,0.0,0.04
2022,13941,,DT+DE,0,7,0.0,0.66,0.0,8.5,0.0,0.75
2022,15049,"Bachie, Joe",LB,0,7,0.0,0.087,0.0,4.5,0.0,0.4
2022,15549,,CB+S,0,8,0.0,3.261,0.0,53.2,0.0,4.68
2022,12948,,DT+DE,0,2,0.0,0.059,0.0,0.0,0.0,0.0
2022,13585,,WR,0,2,0.0,0.037,0.0,0.0,0.0,0.0
2022,14076,"Williams, Trayveon",RB,0,5,0.0,0.698,0.0,0.0,0.0,0.0
2022,13326,,RB,0,3,0.0,0.016,0.0,0.0,0.0,0.0
2022,15608,,LB,0,3,0.0,0.019,0.0,0.5,0.0,0.04
2022,15709,,RB,0,6,0.0,0.259,0.0,0.0,0.0,0.0
2022,13286,,DT+DE,0,5,0.0,1.141,0.0,16.0,0.0,1.41
2022,16095,,PK,0,1,0.0,0.364,0.0,7.7,0.0,0.68
2022,15009,,DT+DE,0,1,0.0,0.417,0.0,6.5,0.0,0.57
2022,14551,,WR,0,6,0.0,1.604,0.0,9.1,0.0,0.8
2022,13100,,DT+DE,0,1,0.0,0.375,0.0,4.5,0.0,0.4
2022,15826,"Clark, Damone",LB,0,6,0.0,1.067,0.0,25.0,0.0,2.2
2022,15276,,RB,0,2,0.0,0.222,0.0,0.0,0.0,0.0
2022,14155,"Collier, L.J.",DT+DE,0,4,0.0,0.695,0.0,9.0,0.0,0.79
2022,15775,,WR,0,1,0.0,0.179,0.0,0.0,0.0,0.0
2022,14671,,CB+S,0,7,0.0,0.996,0.0,19.0,0.0,1.67
2022,15411,,LB,0,5,0.0,0.019,0.0,4.0,0.0,0.35
2022,14378,,DT+DE,0,4,0.0,0.347,0.0,6.5,0.0,0.57
2022,15921,"Jackson, Theo",CB+S,0,7,0.0,0.146,0.0,5.8,0.0,0.51
2022,16098,,DT+DE,0,2,0.0,0.042,0.0,1.5,0.0,0.13
2022,15492,"Tonga, Khyiris",DT+DE,0,7,0.0,1.519,0.0,18.5,0.0,1.63
2022,14975,"Murchison, Larrell",DT+DE,0,5,0.0,0.214,0.0,2.0,0.0,0.18
2022,12381,,QB,0,2,0.0,0.091,0.0,0.0,0.0,0.0
2022,13918,,CB+S,0,6,0.0,1.61,0.0,26.8,0.0,2.36
2022,15325,,WR,0,1,0.0,0.064,0.0,0.0,0.0,0.0
2022,16096,,WR,0,4,0.0,0.138,0.0,0.0,0.0,0.0
2022,15771,"Martin, Tay",WR,0,1,0.0,0.064,0.0,0.0,0.0,0.0
2022,16097,,WR,0,1,0.0,0.064,0.0,0.0,0.0,0.0
2022,14653,,DT+DE,0,1,0.0,0.0,0.0,0.0,0.0,0.0
2022,15725,,RB,0,4,0.0,0.066,0.0,0.0,0.0,0.0
2022,12474,,DT+DE,0,5,0.0,0.924,0.0,8.5,0.0,0.75
2022,15401,"Wright, Nahshon",CB+S,0,3,0.0,0.032,0.0,1.3,0.0,0.11
2022,14097,,RB,0,2,0.0,0.0,0.0,0.0,0.0,0.0
2022,16094,,LB,0,2,0.0,0.0,0.0,0.0,0.0,0.0
2022,11501,,CB+S,0,2,0.0,0.0,0.0,0.0,0.0,0.0
2022,15905,"Quitoriano, Teagan",TE,0,6,0.0,0.988,0.0,0.4,0.0,0.04
2022,13789,,RB,0,2,0.0,0.323,0.0,0.0,0.0,0.0
2022,15512,,DT+DE,0,1,0.0,0.417,0.0,4.0,0.0,0.35
2022,9075,,WR,0,4,0.0,0.703,0.0,0.5,0.0,0.04
2022,16099,,LB,0,5,0.0,0.069,0.0,2.5,0.0,0.22
2022,16101,,LB,0,1,0.0,0.069,0.0,2.5,0.0,0.22
2022,14827,,RB,0,1,0.0,0.032,0.0,0.0,0.0,0.0
2022,13953,"Thomas, Tavierre",CB+S,0,6,0.0,1.441,0.0,29.2,0.0,2.57
2022,15467,,WR,0,2,0.0,0.109,0.0,0.0,0.0,0.0
2022,12621,"Allen, Brandon",QB,0,1,0.0,0.048,0.0,0.0,0.0,0.0
2022,14854,,WR,0,2,0.0,0.085,0.0,0.0,0.0,0.0
2022,13833,,LB,0,1,0.0,0.0,0.0,1.0,0.0,0.09
2022,15265,,RB,0,2,0.0,0.016,0.0,0.0,0.0,0.0
2022,13256,,LB,0,5,0.0,0.919,0.0,20.0,0.0,1.76
2022,15063,,LB,0,3,0.0,0.0,0.0,0.0,0.0,0.0
2022,15131,,CB+S,0,2,0.0,0.0,0.0,0.0,0.0,0.0
2022,14843,,WR,0,1,0.0,0.012,0.0,0.0,0.0,0.0
2022,12634,,RB,0,2,0.0,0.0,0.0,0.0,0.0,0.0
2022,14872,,TE,0,2,0.0,0.138,0.0,0.0,0.0,0.0
2022,13321,,LB,0,3,0.0,0.0,0.0,0.0,0.0,0.0
2022,13968,"Mullens, Nick",QB,0,2,0.0,0.091,0.0,0.0,0.0,0.0
2022,15996,,WR,0,5,0.0,0.746,0.0,5.5,0.0,0.48
2022,13207,,DT+DE,0,5,0.0,0.899,0.0,13.5,0.0,1.19
2022,14650,,PK,0,2,0.0,0.917,0.0,11.2,0.0,0.99
2022,13301,"Kazee, Damontae",CB+S,0,5,0.0,0.925,0.0,17.8,0.0,1.57
2022,15402,"Molden, Elijah",CB+S,0,2,0.0,0.323,0.0,8.0,0.0,0.7
2022,12157,,RB,0,1,0.0,0.065,0.0,0.0,0.0,0.0
2022,14263,"Ballentine, Corey",CB+S,0,4,0.0,0.248,0.0,5.9,0.0,0.52
2022,15621,,DT+DE,0,5,0.0,1.313,0.0,13.5,0.0,1.19
2022,13221,,LB,0,2,0.0,0.037,0.0,3.5,0.0,0.31
2022,13878,,WR,0,4,0.0,0.243,0.0,0.0,0.0,0.0
2022,13787,,LB,0,3,0.0,0.037,0.0,2.0,0.0,0.18
2022,16103,,DT+DE,0,1,0.0,0.08,0.0,1.5,0.0,0.13
2022,13906,,LB,0,5,0.0,0.037,0.0,2.6,0.0,0.23
2022,15999,,PK,0,1,0.0,0.0,0.0,0.5,0.0,0.04
2022,15412,"Brown, Bobby",DT+DE,0,5,0.0,0.628,0.0,5.5,0.0,0.48
2022,12981,,DT+DE,0,4,0.0,0.424,0.0,4.0,0.0,0.35
2022,14279,,LB,0,3,0.0,0.036,0.0,3.5,0.0,0.31
2022,14792,,QB,0,4,0.0,0.176,0.0,0.0,0.0,0.0
2022,15923,"Lake, Quentin",CB+S,0,5,0.0,0.062,0.0,1.3,0.0,0.11
2022,15953,"Brown, Brittain",RB,0,3,0.0,0.016,0.0,0.0,0.0,0.0
2022,13468,,CB+S,0,2,0.0,0.016,0.0,0.0,0.0,0.0
2022,14499,,WR,0,1,0.0,0.013,0.0,0.0,0.0,0.0
2022,15272,,RB,0,1,0.0,0.0,0.0,0.0,0.0,0.0
2022,16102,"Pola-Mao, Isaiah",CB+S,0,5,0.0,0.996,0.0,20.4,0.0,1.8
2022,13051,,PN,0,4,0.0,1.875,0.0,25.0,0.0,2.2
2022,15142,,CB+S,0,3,0.0,0.706,0.0,14.4,0.0,1.27
2022,15465,,CB+S,0,2,0.0,0.924,0.0,13.5,0.0,1.19
2022,9904,,DT+DE,0,4,0.0,0.896,0.0,10.0,0.0,0.88
2022,9815,,DT+DE,0,4,0.0,0.836,0.0,8.0,0.0,0.7
2022,15212,,DT+DE,0,4,0.0,1.073,0.0,10.5,0.0,0.92
2022,12417,,PK,0,1,0.0,0.083,0.0,3.0,0.0,0.26
2022,14885,,DT+DE,0,1,0.0,0.229,0.0,3.0,0.0,0.26
2022,11314,,CB+S,0,2,0.0,0.217,0.0,4.7,0.0,0.41
2022,13324,,DT+DE,0,2,0.0,0.271,0.0,4.0,0.0,0.35
2022,16113,"Smartt, Stone",TE,0,4,0.0,0.353,0.0,0.0,0.0,0.0
2022,12171,,RB,0,2,0.0,0.065,0.0,0.0,0.0,0.0
2022,15186,,DT+DE,0,1,0.0,0.125,0.0,1.5,0.0,0.13
2022,13783,,CB+S,0,3,0.0,0.062,0.0,1.3,0.0,0.11
2022,12755,,CB+S,0,2,0.0,0.062,0.0,1.3,0.0,0.11
2022,15987,,WR,0,4,0.0,0.364,0.0,0.0,0.0,0.0
2022,13758,,LB,0,3,0.0,0.056,0.0,1.5,0.0,0.13
2022,15474,,CB+S,0,3,0.0,0.016,0.0,0.0,0.0,0.0
2022,15316,,WR,0,3,0.0,0.048,0.0,0.0,0.0,0.0
2022,13456,,CB+S,0,3,0.0,0.016,0.0,2.1,0.0,0.18
2022,13200,,DT+DE,0,3,0.0,0.058,0.0,0.5,0.0,0.04
2022,14060,"Jackson, Tyree",TE,0,4,0.0,0.122,0.0,0.0,0.0,0.0
2022,11858,,CB+S,0,3,0.0,0.725,0.0,13.6,0.0,1.2
2022,12316,,DT+DE,0,4,0.0,0.059,0.0,0.0,0.0,0.0
2022,13592,"Darnold, Sam",QB,0,5,0.0,2.337,0.0,40.7,0.0,3.58
2022,15928,"Houston, James",LB,0,3,0.0,1.12,0.0,22.5,0.0,1.98
2022,16115,,PK,0,1,0.0,0.364,0.0,9.5,0.0,0.84
2022,14804,,RB,0,1,0.0,0.233,0.0,0.0,0.0,0.0
2022,13606,,RB,0,2,0.0,0.116,0.0,0.0,0.0,0.0
2022,14411,,CB+S,0,2,0.0,0.139,0.0,3.9,0.0,0.34
2022,15423,"Brown, Tre",CB+S,0,3,0.0,0.175,0.0,5.2,0.0,0.46
2022,12660,,WR,0,2,0.0,0.143,0.0,0.0,0.0,0.0
2022,15589,"White, Cody",WR,0,1,0.0,0.0,0.0,0.0,0.0,0.0
2022,15353,"Surratt, Chazz",LB,0,1,0.0,0.0,0.0,1.0,0.0,0.09
2022,13836,,LB,0,1,0.0,0.0,0.0,0.5,0.0,0.04
2022,13249,"White, Tre'Davious",CB+S,0,3,0.0,0.386,0.0,11.4,0.0,1.0
2022,15940,,CB+S,0,2,0.0,0.0,0.0,0.0,0.0,0.0
2022,12888,,DT+DE,0,3,0.0,0.098,0.0,0.5,0.0,0.04
2022,12913,,WR,0,2,0.0,0.049,0.0,0.0,0.0,0.0
2022,16114,,LB,0,2,0.0,0.0,0.0,0.0,0.0,0.0
2022,11000,,LB,0,1,0.0,0.0,0.0,0.0,0.0,0.0
2022,12645,"Treadwell, Laquon",WR,0,3,0.0,0.036,0.0,0.0,0.0,0.0
2022,16116,,CB+S,0,2,0.0,1.285,0.0,19.1,0.0,1.68
2022,12740,,DT+DE,0,1,0.0,0.5,0.0,4.0,0.0,0.35
2022,16120,"Trammell, Austin",WR,0,2,0.0,0.108,0.0,0.0,0.0,0.0
2022,15965,"Chestnut, Julius",RB,0,4,0.0,0.355,0.0,0.0,0.0,0.0
2022,13786,,DT+DE,0,1,0.0,0.173,0.0,1.5,0.0,0.13
2022,16118,"Brown, Mike",CB+S,0,2,0.0,0.071,0.0,1.3,0.0,0.11
2022,16117,,CB+S,0,1,0.0,0.071,0.0,1.3,0.0,0.11
2022,16119,,CB+S,0,1,0.0,0.071,0.0,1.3,0.0,0.11
2022,13351,,CB+S,0,1,0.0,0.0,0.0,0.0,0.0,0.0
2022,16121,,LB,0,2,0.0,0.0,0.0,2.0,0.0,0.18
2022,14970,,CB+S,0,1,0.0,0.0,0.0,0.0,0.0,0.0
2022,15943,"Hardy, Daniel",LB,0,2,0.0,0.0,0.0,0.5,0.0,0.04
2022,15046,,WR,0,1,0.0,0.012,0.0,0.0,0.0,0.0
2022,12815,,QB,0,1,0.0,0.0,0.0,0.0,0.0,0.0
2022,15681,"Elliss, Christian",LB,0,1,0.0,0.037,0.0,5.0,0.0,0.44
2022,15977,"Thompkins, Deven",WR,0,1,0.0,0.143,0.0,0.0,0.0,0.0
2022,11360,,DT+DE,0,1,0.0,0.36,0.0,3.0,0.0,0.26
2022,16122,,CB+S,0,1,0.0,0.0,0.0,2.8,0.0,0.25
2022,14011,,RB,0,1,0.0,0.145,0.0,0.0,0.0,0.0
2022,15902,"Otomewo, Esezi",DT+DE,0,1,0.0,0.24,0.0,1.5,0.0,0.13
2022,15447,,DT+DE,0,1,0.0,0.16,0.0,1.0,0.0,0.09
2022,11349,,LB,0,1,0.0,0.0,0.0,1.0,0.0,0.09
2022,9207,"Johnson, Josh",QB,0,1,0.0,0.048,0.0,0.0,0.0,0.0
2022,13943,,LB,0,1,0.0,0.0,0.0,0.0,0.0,0.0
2022,15313,,WR,0,1,0.0,0.012,0.0,0.0,0.0,0.0
2022,13631,,WR,0,1,0.0,0.012,0.0,0.0,0.0,0.0
2022,15197,,CB+S,0,1,0.0,0.0,0.0,0.0,0.0,0.0
2022,15547,,CB+S,0,1,0.0,0.0,0.0,0.0,0.0,0.0
2022,11783,,WR,0,1,0.0,0.012,0.0,0.0,0.0,0.0
2022,14865,,WR,0,1,0.0,0.012,0.0,0.0,0.0,0.0
2022,14959,,CB+S,0,1,0.0,0.0,0.0,0.0,0.0,0.0
2022,16009,"Gibbens, Jack",LB,0,1,0.0,0.0,0.0,0.0,0.0,0.0
2022,15538,"Rhattigan, Jon",LB,0,1,0.0,0.0,0.0,0.0,0.0,0.0
2022,16022,,QB,0,1,0.0,0.0,0.0,0.0,0.0,0.0
2022,15283,"Moore, Rondale",WR,2,8,0.684,3.45,-0.1,37.2,-0.01,3.27
2022,14841,"Claypool, Chase",WR,1,14,0.216,3.704,-1.1,24.1,-0.1,2.12
2022,12677,"Hooper, Austin",TE,3,16,1.024,5.003,-1.4,19.7,-0.12,1.73
2022,13753,"Akins, Jordan",TE,1,12,0.385,4.15,-1.8,13.6,-0.15,1.19
2022,11239,,WR,1,12,0.237,3.369,-1.8,28.4,-0.16,2.5
2022,15779,"Doubs, Romeo",WR,6,12,2.193,4.16,-2.5,26.9,-0.22,2.37
2022,13809,"Gage, Russell",WR,1,10,0.294,2.841,-2.4,16.6,-0.22,1.46
2022,14592,"Zaccheaus, Olamide",WR,1,13,0.2,3.472,-2.6,10.3,-0.23,0.91
2022,14798,"Moss, Zack",RB,2,12,0.543,1.178,-2.6,0.0,-0.23,0.0
2022,13763,"Dissly, Will",TE,1,13,0.423,5.522,-2.8,21.3,-0.24,1.87
2022,13138,"Hunt, Kareem",RB,2,16,0.63,4.376,-2.9,21.5,-0.25,1.89
2022,11680,,WR,1,8,0.158,2.128,-2.8,15.4,-0.25,1.36
2022,12676,"Henry, Hunter",TE,6,16,2.06,4.389,-2.9,25.4,-0.25,2.24
2022,13153,,WR,4,12,1.338,3.961,-3.2,30.7,-0.28,2.7
2022,9899,,QB,2,4,0.273,0.463,-3.1,3.7,-0.28,0.33
2022,14083,"Homer, Travis",RB,1,10,0.3,1.807,-3.3,4.5,-0.29,0.4
2022,13124,"Rush, Cooper",QB,1,8,0.174,1.835,-3.4,18.2,-0.3,1.6
2022,15277,,RB,1,15,0.2,2.239,-3.9,24.1,-0.34,2.12
2022,15289,"Toney, Kadarius",WR,3,8,0.936,2.004,-3.9,11.9,-0.35,1.05
2022,13172,"Brown, Noah",WR,3,12,0.749,3.254,-4.3,20.4,-0.38,1.79
2022,12151,,RB,2,10,0.531,3.214,-4.3,19.8,-0.38,1.74
2022,14137,"Fant, Noah",TE,2,16,0.363,6.727,-4.8,25.8,-0.42,2.27
2022,15250,"Ehlinger, Sam",QB,1,2,0.143,0.167,-4.9,0.0,-0.43,0.0
2022,14065,"Rypien, Brett",QB,1,3,0.095,0.333,-5.4,0.0,-0.47,0.0
2022,13418,"Bourne, Kendrick",WR,2,15,0.586,2.995,-5.6,20.6,-0.49,1.81
2022,13289,"Hollins, Mack",WR,5,16,1.51,6.026,-5.6,52.7,-0.49,4.64
2022,15973,"Blackshear, Raheem",RB,1,10,0.033,1.779,-5.7,11.2,-0.5,0.99
2022,13313,,WR,1,14,0.118,4.473,-5.7,35.6,-0.51,3.13
2022,12785,"Robinson, Demarcus",WR,5,16,1.488,3.894,-5.8,22.9,-0.51,2.02
2022,10261,,WR,1,11,0.122,1.388,-5.8,1.3,-0.51,0.12
2022,13675,"Conklin, Tyler",TE,1,16,0.357,6.686,-6.1,42.2,-0.53,3.71
2022,11182,,RB,1,13,0.097,1.808,-6.0,6.9,-0.53,0.61
2022,15798,"Likely, Isaiah",TE,3,15,1.118,4.083,-6.1,17.4,-0.54,1.53
2022,15604,"Zylstra, Shane",TE,1,10,0.0,0.694,-6.3,0.0,-0.55,0.0
2022,14805,"Dillon, AJ",RB,6,16,2.173,6.588,-7.0,50.8,-0.62,4.47
2022,15802,"Otton, Cade",TE,6,15,2.133,5.221,-7.3,23.5,-0.64,2.06
2022,13868,,RB,1,9,0.113,1.327,-8.3,3.0,-0.73,0.27
2022,15035,"Wolford, John",QB,1,3,0.136,0.223,-8.4,0.0,-0.74,0.0
2022,12930,"Chosen, Robbie",WR,1,16,0.037,1.934,-8.7,15.3,-0.77,1.35
2022,14087,,RB,6,10,2.004,3.037,-8.7,10.7,-0.77,0.94
2022,14086,"Hill, Justice",RB,1,14,0.065,1.375,-8.9,0.0,-0.78,0.0
2022,14813,,RB,7,11,2.402,4.004,-9.0,35.9,-0.79,3.15
2022,13668,"Chark, D.J.",WR,3,10,0.672,3.818,-9.2,34.3,-0.81,3.02
2022,10738,,WR,3,12,0.833,3.295,-9.2,19.7,-0.81,1.73
2022,15756,"Williams, Jameson",WR,1,5,0.0,0.712,-9.3,2.0,-0.82,0.17
2022,14095,"Johnson, Ty",RB,2,16,0.267,1.368,-10.1,5.7,-0.89,0.5
2022,9064,"Flacco, Joe",QB,1,4,0.0,1.333,-10.3,33.5,-0.9,2.95
2022,15239,"Wilson, Zach",QB,4,9,1.059,2.57,-10.3,33.4,-0.9,2.94
2022,13850,"Edwards, Gus",RB,2,8,0.254,2.317,-10.3,12.4,-0.9,1.09
2022,11670,,WR,2,9,0.314,1.426,-10.6,3.6,-0.93,0.31
2022,11647,,TE,2,13,0.369,3.847,-10.7,16.3,-0.94,1.43
2022,14075,,RB,4,10,0.981,3.342,-10.7,19.9,-0.95,1.75
2022,13893,"Sherfield, Trent",WR,2,16,0.174,3.125,-11.3,15.7,-0.99,1.38
2022,12630,,RB,2,11,0.299,3.238,-11.4,36.0,-1.0,3.17
2022,12394,"Carter, DeAndre",WR,6,16,1.441,4.888,-11.5,33.9,-1.01,2.98
2022,15263,"Mitchell, Elijah",RB,3,4,0.408,0.763,-11.6,1.3,-1.02,0.12
2022,14800,"Dobbins, J.K.",RB,6,8,1.665,3.205,-12.2,30.7,-1.08,2.7
2022,11678,,WR,8,10,2.271,3.36,-12.6,23.5,-1.1,2.07
2022,11228,,WR,4,16,0.984,4.296,-12.6,20.8,-1.11,1.83
2022,13598,"White, Mike",QB,2,4,0.2,1.629,-12.8,30.8,-1.13,2.71
2022,13115,"Trubisky, Mitchell",QB,1,7,0.0,1.977,-13.1,11.9,-1.15,1.05
2022,13608,,RB,4,5,0.808,1.745,-13.0,22.4,-1.15,1.97
2022,15258,"Carter, Michael",RB,9,15,2.9,4.514,-13.4,22.2,-1.18,1.95
2022,14861,"Johnson, Juwan",TE,6,15,1.428,6.37,-13.7,51.8,-1.2,4.56
2022,13879,"Allen, Kyle",QB,2,2,0.091,0.091,-13.9,0.0,-1.23,0.0
2022,14789,"Huntley, Tyler",QB,3,6,0.441,1.395,-14.1,8.5,-1.24,0.75
2022,15751,"London, Drake",WR,8,16,2.206,6.297,-14.7,50.2,-1.29,4.42
2022,10699,,QB,1,3,0.0,0.083,-16.0,0.0,-1.4,0.0
2022,14112,"Campbell, Parris",WR,4,16,0.575,5.309,-16.4,40.1,-1.44,3.53
2022,13646,,WR,3,13,0.444,4.118,-16.8,18.6,-1.48,1.63
2022,14123,"Renfrow, Hunter",WR,6,9,1.524,2.557,-17.2,8.2,-1.51,0.72
2022,15288,"Moore, Elijah",WR,5,15,0.993,3.38,-17.5,10.3,-1.54,0.9
2022,13622,"Hines, Nyheim",RB,8,13,2.094,2.644,-18.0,8.0,-1.58,0.71
2022,11640,"Bridgewater, Teddy",QB,2,5,0.211,1.308,-18.3,12.6,-1.61,1.11
2022,13427,"Tonyan, Robert",TE,7,16,1.853,5.502,-18.5,23.6,-1.63,2.08
2022,12176,,WR,7,12,1.639,3.208,-18.7,23.7,-1.65,2.08
2022,15271,"Herbert, Khalil",RB,7,12,1.424,4.148,-21.0,45.7,-1.85,4.02
2022,13416,,QB,3,6,0.381,0.994,-21.4,12.6,-1.88,1.11
2022,14858,"Jefferson, Van",WR,8,10,2.193,2.94,-21.4,11.3,-1.88,1.0
2022,13672,"Gesicki, Mike",TE,3,16,0.179,4.359,-21.5,32.2,-1.89,2.83
2022,14821,,RB,3,16,0.111,2.758,-22.6,21.9,-1.99,1.93
2022,13793,"Valdes-Scantling, Marquez",WR,4,15,0.301,4.382,-28.5,23.7,-2.51,2.08
2022,15715,"Cook, James",RB,10,15,2.127,3.576,-30.0,19.1,-2.64,1.68
2023,12801,"Hill, Tyreek",WR,15,15,11.793,11.793,238.1,239.3,20.95,21.05
2023,14832,"Lamb, CeeDee",WR,16,16,12.026,12.026,236.5,238.2,20.81,20.96
2023,13589,"Allen, Josh",QB,16,16,12.011,12.011,229.2,232.0,20.17,20.41
2023,13130,"McCaffrey, Christian",RB,16,16,13.678,13.678,225.5,225.5,19.84,19.84
2023,14909,"Winfield, Antoine",CB+S,16,16,11.392,11.392,211.6,211.6,18.62,18.62
2023,13214,"Watt, T.J.",DT+DE,16,16,11.323,11.323,206.0,206.0,18.13,18.13
2023,14783,"Hurts, Jalen",QB,16,16,11.512,11.512,197.1,201.4,17.34,17.72
2023,12221,"Hunter, Danielle",DT+DE,16,16,10.715,10.715,187.0,187.0,16.46,16.46
2023,14225,"Crosby, Maxx",DT+DE,15,16,10.452,10.934,187.0,193.5,16.46,17.03
2023,13813,"Oluokun, Foyesade",LB,16,16,10.939,10.939,186.5,186.5,16.41,16.41
2023,11721,"Mack, Khalil",DT+DE,13,16,8.596,9.475,179.0,192.0,15.75,16.9
2023,15287,"St. Brown, Amon-Ra",WR,15,15,11.556,11.556,178.8,181.4,15.73,15.96
2023,13737,"Bates, Jessie",CB+S,14,16,9.58,10.669,176.0,203.4,15.49,17.9
2023,14179,"Love, Julian",CB+S,16,16,9.427,9.427,173.8,173.8,15.29,15.29
2023,13714,"James, Derwin",CB+S,15,15,9.733,9.733,170.6,170.6,15.01,15.01
2023,13593,"Jackson, Lamar",QB,16,16,10.156,10.156,167.9,185.8,14.78,16.35
2023,11222,"Allen, Keenan",WR,13,13,9.48,9.48,167.7,168.5,14.76,14.83
2023,14322,"Edwards, T.J.",LB,16,16,10.272,10.272,166.5,166.5,14.65,14.65
2023,10775,"Wagner, Bobby",LB,16,16,9.672,9.672,163.0,163.0,14.34,14.34
2023,14630,"Cole, A.J.",PN,16,16,9.723,9.723,163.0,163.0,14.34,14.34
2023,13470,"Moore, Kenny",CB+S,15,15,7.351,7.351,156.3,156.3,13.75,13.75
2023,15418,"Bynum, Camryn",CB+S,14,16,9.004,10.636,154.5,181.5,13.6,15.97
2023,13354,"Butker, Harrison",PK,16,16,8.818,8.818,153.9,153.9,13.54,13.54
2023,15350,"Parsons, Micah",DT+DE,16,16,8.78,8.78,151.0,151.0,13.29,13.29
2023,14104,"Brown, A.J.",WR,16,16,10.646,10.646,149.7,161.5,13.17,14.22
2023,14218,"Okereke, Bobby",LB,15,16,8.978,9.698,149.0,160.5,13.11,14.12
2023,14489,"Gillan, Jamie",PN,16,16,8.577,8.577,147.0,147.0,12.94,12.94
2023,14147,"Bosa, Nick",DT+DE,16,16,9.803,9.803,147.0,147.0,12.94,12.94
2023,16414,"Aubrey, Brandon",PK,14,16,8.955,10.621,146.4,173.0,12.88,15.22
2023,14782,"Love, Jordan",QB,16,16,10.177,10.177,145.4,156.9,12.8,13.8
2023,15001,"Curl, Kamren",CB+S,15,16,8.452,8.619,145.0,151.5,12.76,13.33
2023,13743,"Warner, Fred",LB,15,16,8.582,9.582,145.0,163.5,12.76,14.39
2023,13284,"Hendrickson, Trey",DT+DE,16,16,9.651,9.651,144.5,144.5,12.72,12.72
2023,13198,"Garrett, Myles",DT+DE,15,16,8.24,8.925,144.0,155.0,12.67,13.64
2023,13837,"Franklin, Zaire",LB,14,15,8.723,9.616,143.5,159.0,12.63,13.99
2023,14412,"Singleton, Alex",LB,14,16,8.582,9.647,143.0,160.5,12.58,14.12
2023,14928,"Wilson, Logan",LB,16,16,8.382,8.382,143.0,143.0,12.58,12.58
2023,14896,"Queen, Patrick",LB,16,16,8.33,8.33,141.5,141.5,12.45,12.45
2023,15887,,PN,16,16,8.632,8.632,141.0,141.0,12.41,12.41
2023,14908,"McKinney, Xavier",CB+S,14,16,7.82,8.81,139.5,157.0,12.28,13.82
2023,13696,"Smith, Roquan",LB,15,16,8.058,8.968,139.0,151.0,12.23,13.29
2023,13303,"Elliott, Jake",PK,14,16,8.091,9.341,138.5,155.9,12.19,13.72
2023,15368,"McPherson, Evan",PK,16,16,8.545,8.545,136.7,136.7,12.03,12.03
2023,13288,"Jenkins, Rayshawn",CB+S,15,16,7.685,7.863,134.3,137.2,11.82,12.07
2023,12437,"Myers, Jason",PK,15,16,8.545,9.545,133.0,155.9,11.7,13.72
2023,11728,,LB,15,16,8.132,8.724,133.0,141.5,11.7,12.45
2023,10976,"Tucker, Justin",PK,14,16,8.727,10.311,132.9,158.9,11.7,13.98
2023,12620,"Prescott, Dak",QB,15,16,8.485,9.485,132.9,194.8,11.69,17.14
2023,13844,"Cooke, Logan",PN,15,16,7.582,8.248,131.7,139.7,11.59,12.29
2023,14221,"Williams, Quincy",LB,13,16,7.289,9.151,131.5,161.0,11.57,14.17
2023,15869,"Bernard, Terrel",LB,13,16,7.108,9.228,131.0,173.0,11.53,15.22
2023,10768,"David, Lavonte",LB,13,14,7.634,8.595,128.0,145.5,11.26,12.8
2023,14933,"Blackmon, Julian",CB+S,13,15,7.855,8.776,127.9,144.9,11.26,12.75
2023,13116,"Mahomes, Patrick",QB,16,16,8.88,8.88,125.1,134.4,11.01,11.83
2023,14907,"Delpit, Grant",CB+S,13,13,7.211,7.211,125.0,125.0,11.0,11.0
2023,16330,"Baringer, Bryce",PN,13,16,7.532,10.198,125.0,167.0,11.0,14.7
2023,15281,"Chase, Ja'Marr",WR,15,15,8.722,8.722,124.9,138.9,10.99,12.22
2023,14921,"Dugger, Kyle",CB+S,12,16,6.607,8.407,122.0,153.9,10.74,13.54
2023,11387,"Hopkins, Dustin",PK,13,15,7.273,9.189,121.8,154.4,10.72,13.59
2023,16018,"Blankenship, Reed",CB+S,12,14,7.444,9.335,121.1,153.9,10.66,13.54
2023,14892,"Brooks, Jordyn",LB,13,15,6.76,7.133,119.5,129.5,10.52,11.4
2023,11671,"Evans, Mike",WR,15,16,9.329,10.145,118.6,140.3,10.43,12.35
2023,12752,"Byard, Kevin",CB+S,13,15,6.651,8.175,117.7,139.4,10.36,12.27
2023,13635,"Moore, D.J.",WR,14,16,8.036,9.451,114.7,153.3,10.09,13.49
2023,15835,"Brisker, Jaquan",CB+S,11,14,6.079,7.584,114.6,137.6,10.08,12.11
2023,14778,"Tagovailoa, Tua",QB,16,16,8.294,8.294,114.1,130.1,10.04,11.45
2023,13681,"Chubb, Bradley",DT+DE,10,16,6.173,9.44,113.0,165.0,9.94,14.52
2023,14148,"Sweat, Montez",DT+DE,13,16,6.852,8.627,112.5,144.5,9.9,12.72
2023,12186,"Diggs, Stefon",WR,16,16,9.431,9.431,112.3,128.9,9.88,11.34
2023,14840,"Aiyuk, Brandon",WR,15,15,9.247,9.247,112.2,118.8,9.87,10.46
2023,11985,"Way, Tress",PN,13,13,6.727,6.727,112.0,112.0,9.86,9.86
2023,14983,"Bass, Tyler",PK,14,16,6.5,8.083,111.0,134.4,9.77,11.83
2023,16011,"Stonehouse, Ryan",PN,11,12,6.364,7.364,110.9,137.9,9.76,12.14
2023,15808,"Karlaftis, George",DT+DE,16,16,6.603,6.603,109.5,109.5,9.64,9.64
2023,14157,"Williams, Quinnen",DT+DE,15,16,7.48,7.888,109.0,114.0,9.59,10.03
2023,15710,"Williams, Kyren",RB,10,12,7.523,9.267,108.0,140.6,9.51,12.37
2023,15366,"Holland, Jevon",CB+S,10,11,5.725,6.225,108.0,115.9,9.5,10.2
2023,13590,"Mayfield, Baker",QB,15,16,8.056,8.681,105.9,123.7,9.32,10.88
2023,14136,"Samuel, Deebo",WR,12,14,7.636,8.445,105.6,129.5,9.3,11.4
2023,15404,"Jones, Ernest",LB,10,15,6.433,8.971,105.5,149.0,9.28,13.11
2023,16211,"Nacua, Puka",WR,13,16,7.638,10.136,105.2,160.9,9.26,14.16
2023,14167,"Hines-Allen, Josh",DT+DE,11,16,5.649,8.752,103.5,170.0,9.11,14.96
2023,13697,"Edmunds, Tremaine",LB,12,14,6.094,7.53,103.5,126.0,9.11,11.09
2023,15884,"Stout, Jordan",PN,12,13,5.618,5.91,102.0,111.0,8.98,9.77
2023,15834,"Hamilton, Kyle",CB+S,9,15,5.573,8.269,101.7,165.8,8.95,14.59
2023,15850,"Pitre, Jalen",CB+S,13,14,5.896,6.496,100.7,110.6,8.86,9.73
2023,15836,"Hill, Daxton",CB+S,10,15,5.536,8.151,100.6,149.2,8.85,13.13
2023,15805,"Hutchinson, Aidan",DT+DE,12,16,5.923,8.411,100.5,143.0,8.84,12.58
2023,14247,"Greenlaw, Dre",LB,13,13,5.756,5.756,100.5,100.5,8.84,8.84
2023,13869,"Bojorquez, Corey",PN,12,15,6.064,8.105,100.0,133.0,8.8,11.7
2023,14590,"Al-Shaair, Azeez",LB,12,16,5.868,8.318,100.0,142.0,8.8,12.5
2023,15290,"Collins, Nico",WR,14,14,8.038,8.038,99.7,119.4,8.77,10.51
2023,11675,"Adams, Davante",WR,15,16,8.337,8.618,99.6,125.5,8.76,11.05
2023,12239,"Kendricks, Eric",LB,11,14,5.795,7.12,98.5,121.5,8.67,10.69
2023,14779,"Herbert, Justin",QB,13,13,7.28,7.28,98.4,131.5,8.66,11.57
2023,10703,"Wilson, Russell",QB,15,15,8.199,8.199,98.4,104.1,8.66,9.16
2023,14405,"Granderson, Carl",DT+DE,11,16,6.702,9.619,97.5,140.0,8.58,12.32
2023,11757,"Donald, Aaron",DT+DE,14,16,5.86,7.17,97.0,118.5,8.54,10.43
2023,15698,"Purdy, Brock",QB,9,16,6.053,10.066,96.2,174.5,8.47,15.35
2023,15822,"Lloyd, Devin",LB,12,14,5.972,7.216,96.0,116.5,8.45,10.25
2023,12287,,LB,10,12,4.822,5.512,94.0,104.5,8.27,9.2
2023,15362,"Surtain II, Patrick",CB+S,15,16,5.015,5.099,93.7,97.9,8.25,8.62
2023,15253,"Etienne, Travis",RB,16,16,10.054,10.054,92.1,112.8,8.1,9.93
2023,14836,"Jefferson, Justin",WR,9,9,6.018,6.018,91.8,101.9,8.08,8.97
2023,9431,"Stafford, Matthew",QB,15,15,7.74,7.74,91.7,102.1,8.07,8.99
2023,13403,"Koo, Younghoe",PK,9,15,4.636,7.636,89.4,131.4,7.87,11.56
2023,16150,"Stroud, C.J.",QB,11,14,5.951,7.388,88.9,132.5,7.83,11.66
2023,15806,"Thibodeaux, Kayvon",DT+DE,13,16,4.694,6.747,88.0,121.0,7.74,10.65
2023,14303,"Elliss, Kaden",LB,11,16,5.093,7.695,87.0,130.0,7.66,11.44
2023,13760,"Whitehead, Jordan",CB+S,10,16,4.948,8.435,86.4,146.1,7.6,12.86
2023,14182,"Hooker, Amani",CB+S,10,13,4.986,7.453,86.0,127.9,7.57,11.26
2023,12447,"Mostert, Raheem",RB,13,15,8.26,9.827,85.7,115.6,7.54,10.17
2023,14842,"Pittman, Michael",WR,12,15,7.96,9.56,85.2,107.4,7.5,9.45
2023,10816,"Davis, Demario",LB,10,16,4.827,8.021,85.0,137.5,7.48,12.1
2023,10783,"Smith, Harrison",CB+S,9,13,4.143,5.097,84.7,105.5,7.45,9.28
2023,13251,"Baker, Budda",CB+S,10,11,4.654,5.387,84.1,94.1,7.4,8.28
2023,15496,,PN,11,14,5.041,7.249,84.0,120.0,7.39,10.56
2023,13132,"Kamara, Alvin",RB,12,13,8.45,8.74,83.6,88.8,7.36,7.82
2023,11244,"Kelce, Travis",TE,15,15,10.46,10.46,83.1,97.0,7.32,8.54
2023,14102,"Metcalf, DK",WR,15,15,8.592,8.592,82.3,91.0,7.24,8.01
2023,14956,"Sneed, L'Jarius",CB+S,10,14,5.076,6.518,81.2,112.3,7.15,9.88
2023,14162,"Wilkins, Christian",DT+DE,12,16,5.243,7.713,81.0,119.0,7.13,10.47
2023,10945,"Hekker, Johnny",PN,13,16,5.859,7.359,80.2,115.3,7.06,10.15
2023,15708,"Hall, Breece",RB,16,16,9.291,9.291,79.3,112.4,6.98,9.89
2023,14138,"Hockenson, T.J.",TE,15,15,10.282,10.282,79.1,84.9,6.96,7.47
2023,16214,"LaPorta, Sam",TE,15,16,10.225,10.687,78.4,93.6,6.9,8.24
2023,15754,"Olave, Chris",WR,15,15,8.533,8.533,78.2,94.1,6.88,8.28
2023,9596,"Morstead, Thomas",PN,8,16,5.209,9.917,75.9,157.9,6.68,13.9
2023,14995,"Metellus, Josh",CB+S,7,16,4.622,10.068,75.4,169.5,6.64,14.92
2023,16162,"Gibbs, Jahmyr",RB,14,14,8.492,8.492,74.8,94.7,6.58,8.33
2023,14168,"White, Devin",LB,10,13,4.338,5.504,74.5,95.5,6.56,8.4
2023,15238,"Fields, Justin",QB,12,12,6.348,6.348,73.2,97.5,6.45,8.58
2023,15721,"White, Rachaad",RB,16,16,9.698,9.698,72.2,90.7,6.35,7.98
2023,13952,"Luvu, Frankie",LB,8,15,4.272,7.326,72.0,128.5,6.34,11.31
2023,15452,"Hufanga, Talanoa",CB+S,9,10,4.262,4.952,71.5,80.1,6.29,7.05
2023,13684,,DT+DE,9,11,4.921,5.932,71.5,88.5,6.29,7.79
2023,13762,"White, Kyzir",LB,9,11,3.858,5.406,70.5,96.0,6.2,8.45
2023,14227,"Wishnowsky, Mitch",PN,10,16,4.155,7.423,70.0,124.0,6.16,10.91
2023,15904,"Bland, DaRon",CB+S,9,16,3.596,8.263,69.0,166.3,6.07,14.63
2023,15853,"Mafe, Boye",DT+DE,9,15,4.165,7.663,69.0,125.5,6.07,11.04
2023,15284,"Waddle, Jaylen",WR,14,14,7.873,7.873,68.6,75.9,6.03,6.68
2023,13987,"Spillane, Robert",LB,8,16,3.678,8.689,68.5,150.0,6.03,13.2
2023,16286,"Moody, Jake",PK,10,16,4.045,8.254,68.4,131.4,6.02,11.56
2023,10700,"Cousins, Kirk",QB,7,8,4.451,5.351,68.1,92.1,5.99,8.1
2023,15894,"Woolen, Tariq",CB+S,12,15,3.735,5.287,67.3,93.5,5.92,8.23
2023,13431,"Sanchez, Rigoberto",PN,10,16,3.864,5.924,67.0,105.0,5.9,9.24
2023,12611,"Goff, Jared",QB,9,16,5.186,8.578,66.7,123.8,5.87,10.89
2023,13723,"Payne, Da'Ron",DT+DE,10,13,4.347,5.796,66.5,88.5,5.85,7.79
2023,13713,"Fitzpatrick, Minkah",CB+S,9,10,3.346,4.113,66.4,78.7,5.84,6.93
2023,15381,"Grant, Richie",CB+S,8,13,3.835,6.388,66.1,112.3,5.82,9.88
2023,15282,"Smith, DeVonta",WR,15,16,8.053,8.643,65.2,92.2,5.73,8.11
2023,15846,"Walker, Quay",LB,9,13,3.455,6.183,65.0,108.0,5.72,9.5
2023,14882,"Greenard, Jonathan",DT+DE,7,15,3.673,8.019,64.0,138.0,5.63,12.14
2023,15349,"Phillips, Jaelan",DT+DE,5,8,3.148,4.94,63.5,92.0,5.59,8.1
2023,13717,"Reid, Justin",CB+S,7,16,3.478,8.888,63.5,150.5,5.59,13.24
2023,12175,"Cooper, Amari",WR,11,15,4.932,7.53,61.7,123.1,5.43,10.83
2023,12688,"Buckner, DeForest",DT+DE,7,16,3.855,9.204,61.5,151.5,5.41,13.33
2023,14877,"Young, Chase",DT+DE,11,15,4.012,4.637,61.5,71.0,5.41,6.25
2023,15762,"Pickens, George",WR,16,16,7.482,7.482,60.8,90.1,5.35,7.93
2023,14071,"Montgomery, David",RB,13,13,8.017,8.017,60.3,68.5,5.31,6.03
2023,8851,"Folk, Nick",PK,10,16,3.818,7.985,60.1,130.3,5.29,11.47
2023,16194,"Rice, Rashee",WR,9,16,5.873,8.435,59.5,71.6,5.24,6.3
2023,9064,"Flacco, Joe",QB,5,5,3.699,3.699,59.4,59.4,5.22,5.22
2023,14171,"Burns, Brian",DT+DE,8,15,3.578,6.969,59.0,115.0,5.19,10.12
2023,14268,,LB,9,13,3.546,4.535,59.0,83.0,5.19,7.3
2023,14260,"Holcomb, Cole",LB,8,8,3.325,3.325,58.5,58.5,5.15,5.15
2023,13268,"Anzalone, Alex",LB,7,15,3.183,7.655,58.0,133.5,5.1,11.75
2023,15441,"Hobbs, Nate",CB+S,6,12,3.243,7.339,57.8,125.7,5.09,11.06
2023,13299,"Kittle, George",TE,16,16,9.514,9.514,57.2,94.4,5.03,8.31
2023,14210,"Pratt, Germaine",LB,9,16,3.405,6.438,57.0,118.5,5.02,10.43
2023,15979,"Dicker, Cameron",PK,6,13,3.591,6.674,55.1,104.6,4.85,9.2
2023,12626,"Henry, Derrick",RB,16,16,9.064,9.064,53.8,94.8,4.73,8.34
2023,13164,"Kupp, Cooper",WR,12,12,6.024,6.024,53.2,78.0,4.68,6.86
2023,14940,"Highsmith, Alex",DT+DE,8,14,3.369,6.304,53.0,117.0,4.66,10.3
2023,12741,"Jones, Chris",DT+DE,7,15,3.498,6.355,51.5,98.5,4.53,8.67
2023,13832,"Sanders, Jason",PK,5,15,2.091,7.049,51.2,134.7,4.51,11.85
2023,13604,"Barkley, Saquon",RB,12,13,7.132,7.718,51.2,73.1,4.51,6.43
2023,16186,"Addison, Jordan",WR,14,16,6.854,7.793,50.7,84.4,4.46,7.43
2023,14358,"Browning, Jake",QB,6,8,3.759,3.973,50.4,52.3,4.43,4.6
2023,11150,"Smith, Geno",QB,12,14,5.364,6.32,49.7,89.9,4.37,7.91
2023,14244,"Gay, Matt",PK,6,13,3.545,7.504,49.0,120.1,4.31,10.57
2023,14889,"Murray, Kenneth",LB,7,15,2.581,6.639,49.0,121.0,4.31,10.65
2023,13629,"Ridley, Calvin",WR,15,16,6.797,7.297,48.9,87.6,4.3,7.71
2023,13192,"Njoku, David",TE,9,16,6.182,9.592,48.8,75.3,4.3,6.63
2023,14777,"Burrow, Joe",QB,9,10,4.49,4.656,48.9,76.5,4.3,6.73
2023,15715,"Cook, James",RB,16,16,8.409,8.409,48.5,80.1,4.27,7.04
2023,16204,"Dell, Tank",WR,7,11,3.877,5.857,48.5,93.0,4.27,8.18
2023,13245,"Reddick, Haason",DT+DE,7,16,3.066,7.295,47.5,112.5,4.18,9.9
2023,11947,"McManus, Brandon",PK,6,15,3.409,8.409,46.6,132.2,4.1,11.63
2023,13700,"Landry, Harold",DT+DE,7,15,3.121,7.933,46.5,131.0,4.09,11.53
2023,15394,"Adebo, Paulson",CB+S,6,14,2.302,7.272,45.6,136.7,4.01,12.03
2023,13208,"Allen, Jonathan",DT+DE,8,13,3.029,5.797,45.5,84.0,4.0,7.39
2023,13671,"Andrews, Mark",TE,9,10,5.65,5.881,44.8,50.9,3.94,4.48
2023,13806,"Elliott, DeShon",CB+S,6,12,2.777,4.477,44.5,80.0,3.92,7.04
2023,14982,"Gilman, Alohi",CB+S,5,11,2.469,5.583,44.3,97.0,3.9,8.54
2023,13888,"Gardeck, Dennis",DT+DE,9,16,3.192,7.022,43.5,101.0,3.83,8.89
2023,14056,"Murray, Kyler",QB,7,7,3.889,3.889,43.3,45.4,3.81,3.99
2023,12323,"Pinion, Bradley",PN,7,14,2.182,6.174,43.0,112.0,3.78,9.86
2023,12795,"Judon, Matt",DT+DE,4,4,2.789,2.789,42.5,42.5,3.74,3.74
2023,16161,"Robinson, Bijan",RB,16,16,9.271,9.271,42.2,72.7,3.71,6.4
2023,15484,"Cooper, Jonathon",DT+DE,6,16,2.726,9.048,41.5,146.0,3.65,12.85
2023,15794,"McBride, Trey",TE,5,16,3.549,7.539,41.3,63.6,3.63,5.59
2023,15859,"Taylor-Britt, Cam",CB+S,5,11,2.471,5.856,40.5,99.9,3.56,8.79
2023,12767,"Simmons, Justin",CB+S,5,11,2.129,5.387,40.0,93.3,3.52,8.21
2023,14249,"Van Ginkel, Andrew",DT+DE,4,14,2.267,6.981,39.5,116.0,3.48,10.21
2023,14518,"Thompson, Jalen",CB+S,4,13,2.07,7.174,39.5,124.0,3.48,10.91
2023,11644,"Carr, Derek",QB,10,16,4.946,7.073,39.4,78.2,3.47,6.88
2023,15749,"Pacheco, Isiah",RB,13,14,7.18,7.98,39.4,75.4,3.47,6.63
2023,8930,"Prater, Matt",PK,6,13,2.318,5.818,39.2,99.0,3.45,8.71
2023,13307,"Milano, Matt",LB,5,5,2.106,2.106,38.5,38.5,3.39,3.39
2023,15094,"Locke, P.J.",CB+S,4,11,2.47,4.907,38.3,83.7,3.37,7.37
2023,16253,"Forbes, Emmanuel",CB+S,5,10,1.944,3.109,38.2,56.1,3.36,4.94
2023,16167,"Achane, De'Von",RB,8,10,4.427,5.49,37.7,103.1,3.32,9.07
2023,13909,,PK,4,7,1.864,4.114,36.8,78.9,3.24,6.94
2023,13920,"Ward, Charvarius",CB+S,4,16,2.021,8.145,35.6,145.9,3.13,12.84
2023,11232,"Hopkins, DeAndre",WR,13,16,5.693,7.614,35.4,85.1,3.12,7.49
2023,14947,"Wonnum, D.J.",DT+DE,4,15,2.203,7.447,35.5,125.0,3.12,11.0
2023,15448,"Pinnock, Jason",CB+S,5,13,1.887,5.911,35.2,116.7,3.1,10.27
2023,15753,"Wilson, Garrett",WR,14,16,7.344,8.832,35.1,71.2,3.08,6.27
2023,15711,"Walker III, Kenneth",RB,14,14,7.602,7.602,34.8,65.0,3.06,5.72
2023,12860,"Fairbairn, Ka'imi",PK,5,10,1.955,5.621,34.0,96.5,2.99,8.49
2023,16458,,PN,5,13,2.273,6.083,34.0,100.0,2.99,8.8
2023,15890,"McFadden, Micah",LB,4,15,1.956,6.051,33.5,112.5,2.95,9.9
2023,14235,"Tranquill, Drue",LB,6,12,1.658,4.784,33.5,86.5,2.95,7.61
2023,14158,"Oliver, Ed",DT+DE,3,13,1.807,6.838,32.0,106.0,2.82,9.33
2023,14900,"Madubuike, Nnamdi",DT+DE,4,16,2.211,9.181,32.0,141.0,2.82,12.41
2023,15845,"McDuffie, Trent",CB+S,4,16,1.707,7.024,31.6,132.5,2.78,11.66
2023,14073,"Jacobs, Josh",RB,12,13,6.451,7.158,31.0,56.2,2.73,4.95
2023,15716,"Robinson, Brian",RB,10,14,5.495,7.754,30.1,55.1,2.65,4.85
2023,10814,"Anger, Bryan",PN,5,13,1.773,4.795,30.0,80.0,2.64,7.04
2023,13231,"Peppers, Jabrill",CB+S,4,14,1.788,7.184,29.5,123.7,2.6,10.89
2023,12779,,LB,5,10,1.612,2.873,29.5,57.0,2.6,5.02
2023,14127,"Meyers, Jakobi",WR,14,15,6.792,7.739,29.5,75.3,2.59,6.63
2023,13189,"Engram, Evan",TE,12,16,6.686,9.922,29.2,69.9,2.57,6.15
2023,14109,"McLaurin, Terry",WR,14,16,6.77,7.673,29.3,57.8,2.57,5.09
2023,15817,"Davis, Jordan",DT+DE,5,13,2.003,3.311,29.0,47.0,2.55,4.14
2023,16013,"Landman, Nate",LB,3,12,1.578,4.427,29.0,87.0,2.55,7.66
2023,14802,"Taylor, Jonathan",RB,9,9,5.272,5.272,28.3,37.5,2.49,3.3
2023,15861,"Bonitto, Nik",DT+DE,5,14,1.846,5.48,28.0,89.5,2.46,7.88
2023,11317,"Poyer, Jordan",CB+S,5,12,1.131,4.911,27.6,96.2,2.43,8.47
2023,13690,"Sweat, Josh",DT+DE,4,13,1.568,5.488,27.5,86.0,2.42,7.57
2023,13163,"Godwin, Chris",WR,14,16,6.555,7.725,27.2,58.5,2.39,5.15
2023,15355,"Bolton, Nick",LB,4,8,1.278,3.364,27.0,59.0,2.38,5.19
2023,15693,"Howell, Sam",QB,14,16,5.658,6.658,26.6,99.3,2.34,8.74
2023,14897,"Brown, Derrick",DT+DE,5,16,1.755,8.056,26.5,129.0,2.33,11.35
2023,13782,"Dickson, Michael",PN,4,13,1.727,6.053,26.0,103.0,2.29,9.06
2023,13404,"Ekeler, Austin",RB,13,13,6.656,6.656,25.8,58.2,2.27,5.12
2023,14414,"Owens, Jonathan",CB+S,4,16,1.314,5.296,25.7,112.4,2.26,9.89
2023,12686,"Bosa, Joey",DT+DE,4,9,1.155,3.563,25.5,64.5,2.24,5.68
2023,13146,"Conner, James",RB,8,12,4.529,6.867,25.2,64.0,2.22,5.63
2023,15815,"Walker, Travon",DT+DE,5,13,1.792,4.633,25.0,68.5,2.2,6.03
2023,12842,"Dixon, Riley",PN,3,15,1.855,6.093,25.0,104.5,2.2,9.2
2023,16152,"Richardson, Anthony",QB,4,4,2.144,2.144,24.7,35.7,2.18,3.14
2023,14927,"Chinn, Jeremy",CB+S,3,8,1.084,1.579,24.7,36.3,2.17,3.19
2023,13252,"Maye, Marcus",CB+S,2,7,1.474,3.597,24.4,61.6,2.15,5.42
2023,15352,"Collins, Zaven",DT+DE,3,13,1.722,5.089,24.0,71.0,2.11,6.25
2023,13294,"Ebukam, Samson",DT+DE,2,16,1.169,8.2,23.5,124.5,2.07,10.96
2023,15345,"Paye, Kwity",DT+DE,4,13,1.558,6.117,23.0,97.0,2.02,8.54
2023,14085,"Pollard, Tony",RB,16,16,7.978,7.978,22.8,57.1,2.01,5.02
2023,13131,"Mixon, Joe",RB,13,16,6.889,9.414,22.5,71.8,1.98,6.32
2023,16239,"Campbell, Jack",LB,5,16,1.046,3.049,22.5,73.5,1.98,6.47
2023,13633,"Kirk, Christian",WR,9,12,4.315,5.942,22.4,54.9,1.97,4.83
2023,13154,"Williams, Mike",WR,3,3,1.78,1.78,21.9,23.9,1.93,2.11
2023,14163,"Simmons, Jeffery",DT+DE,2,12,1.438,6.337,21.5,103.9,1.89,9.14
2023,14835,"Higgins, Tee",WR,12,12,4.83,4.83,20.9,63.3,1.84,5.57
2023,11945,"Santos, Cairo",PK,2,15,1.364,8.239,20.7,138.9,1.82,12.22
2023,15387,"Werner, Pete",LB,3,12,1.1,3.769,20.5,73.5,1.8,6.47
2023,13426,,LB,5,14,0.926,5.863,20.5,112.0,1.8,9.86
2023,13230,"Adams, Jamal",CB+S,2,9,1.307,3.925,20.2,69.9,1.78,6.15
2023,12083,"Autry, Denico",DT+DE,4,16,1.502,8.172,20.0,128.5,1.76,11.31
2023,10292,"Jordan, Cameron",DT+DE,3,13,1.368,4.197,20.0,59.0,1.76,5.19
2023,11769,"Lawrence, Demarcus",DT+DE,3,13,1.289,4.149,20.0,63.0,1.76,5.54
2023,14797,"Swift, D'Andre",RB,16,16,8.119,8.119,19.9,56.0,1.75,4.93
2023,13630,"Sutton, Courtland",WR,10,15,4.879,7.519,19.4,55.9,1.71,4.92
2023,14224,"Gardner-Johnson, Chauncey",CB+S,2,2,1.137,1.137,19.4,19.4,1.71,1.71
2023,13747,,CB+S,2,13,1.165,4.429,19.4,80.7,1.71,7.1
2023,13718,"Carlson, Daniel",PK,4,13,0.864,4.78,19.2,85.8,1.69,7.55
2023,14149,"Gary, Rashan",DT+DE,6,16,1.363,5.889,19.0,103.5,1.67,9.11
2023,13119,"Dobbs, Joshua",QB,9,13,3.681,5.963,18.3,85.5,1.61,7.52
2023,14080,"Singletary, Devin",RB,6,16,3.248,6.224,17.7,38.8,1.55,3.42
2023,11938,"Thielen, Adam",WR,8,16,3.754,8.283,17.4,100.9,1.53,8.88
2023,16276,"Young, Byron",DT+DE,2,14,0.88,6.824,16.5,112.5,1.45,9.9
2023,13702,"Jewell, Josey",LB,3,12,0.772,4.375,16.0,84.5,1.41,7.44
2023,15351,"Owusu-Koramoah, Jeremiah",LB,2,16,0.922,7.686,16.0,138.5,1.41,12.19
2023,13968,"Mullens, Nick",QB,2,4,1.123,1.436,15.8,15.8,1.39,1.39
2023,15237,"Lawrence, Trevor",QB,10,15,4.21,7.79,15.5,105.3,1.37,9.27
2023,15856,"Taylor, Alontae",CB+S,3,13,0.724,4.57,15.4,98.9,1.36,8.7
2023,12828,,LB,2,13,0.888,2.01,15.0,48.0,1.32,4.22
2023,15549,,CB+S,2,12,0.875,4.626,14.8,96.0,1.3,8.45
2023,13339,,CB+S,2,10,0.559,4.227,14.4,88.0,1.27,7.74
2023,15261,"Hubbard, Chuba",RB,9,16,4.641,6.921,14.1,30.0,1.24,2.64
2023,14798,"Moss, Zack",RB,10,13,4.899,6.585,14.1,58.5,1.24,5.15
2023,15405,"Stephens, Brandon",CB+S,4,13,0.416,4.85,14.0,95.3,1.23,8.39
2023,14991,"Fuller, Jordan",CB+S,2,13,0.616,6.098,13.8,107.4,1.21,9.45
2023,9861,,CB+S,2,8,0.846,4.373,13.5,71.3,1.19,6.27
2023,14867,"Kmet, Cole",TE,14,16,7.279,8.757,13.2,62.3,1.16,5.48
2023,15751,"London, Drake",WR,13,15,5.068,6.26,13.0,59.9,1.15,5.27
2023,11348,"Slay, Darius",CB+S,2,12,0.456,5.663,12.9,107.6,1.14,9.47
2023,14251,"Cashman, Blake",LB,3,12,0.419,5.004,13.0,102.0,1.14,8.98
2023,14028,,CB+S,3,12,0.543,4.603,12.5,84.8,1.1,7.46
2023,13674,"Goedert, Dallas",TE,12,13,5.842,6.342,12.0,38.8,1.06,3.41
2023,16213,"Kincaid, Dalton",TE,9,15,4.936,6.832,11.7,32.5,1.03,2.86
2023,14910,"Jones, Brandon",CB+S,1,15,0.707,3.842,11.6,67.5,1.02,5.94
2023,15319,"Palmer, Joshua",WR,4,10,1.96,3.496,11.3,30.5,1.0,2.69
2023,15723,"Chandler, Ty",RB,2,16,1.138,3.283,11.1,19.0,0.98,1.67
2023,12625,"Elliott, Ezekiel",RB,6,16,3.269,6.369,11.1,26.4,0.97,2.32
2023,14122,"Slayton, Darius",WR,4,15,1.754,4.43,10.9,31.7,0.96,2.79
2023,15369,"Patterson, Riley",PK,2,13,0.545,5.17,10.8,84.8,0.95,7.46
2023,13959,"Williams, Darious",CB+S,2,13,0.589,5.777,10.5,108.6,0.92,9.56
2023,16184,"Reed, Jayden",WR,5,15,2.45,8.042,9.8,71.5,0.86,6.29
2023,13772,"Schultz, Dalton",TE,9,14,4.551,7.046,9.7,48.3,0.86,4.25
2023,12075,,DT+DE,3,13,0.623,5.734,9.5,91.5,0.84,8.05
2023,15821,"Dean, Nakobe",LB,2,5,0.381,1.465,9.5,30.0,0.84,2.64
2023,12956,"Lutz, Wil",PK,2,14,0.636,6.47,9.6,111.9,0.84,9.85
2023,15363,"Melifonwu, Ifeatu",CB+S,1,14,0.685,1.376,9.4,24.7,0.83,2.17
2023,15779,"Doubs, Romeo",WR,14,16,5.821,6.88,9.4,46.7,0.82,4.11
2023,16339,"Carlson, Anders",PK,1,14,0.545,6.004,9.1,101.8,0.8,8.96
2023,13719,"Pineiro, Eddy",PK,2,13,0.727,6.311,9.1,98.8,0.8,8.69
2023,12764,"Hargrave, Javon",DT+DE,2,13,0.615,5.209,9.0,79.5,0.79,7.0
2023,16444,"Grupe, Blake",PK,2,13,0.182,6.848,8.8,117.0,0.77,10.3
2023,13898,"Joseph, Greg",PK,2,13,0.364,5.447,8.5,89.6,0.75,7.88
2023,16185,"Smith-Njigba, Jaxon",WR,5,16,2.489,5.493,8.5,20.6,0.74,1.81
2023,16383,"Pace, Ivan",LB,1,16,0.538,5.492,8.0,102.0,0.7,8.98
2023,16255,"Banks, Deonte",CB+S,1,15,0.536,5.545,7.8,105.2,0.69,9.26
2023,15713,"Ford, Jerome",RB,8,16,4.235,8.11,7.7,51.9,0.68,4.57
2023,12301,,DT+DE,2,13,0.491,3.63,7.5,57.0,0.66,5.02
2023,12326,,LB,1,13,0.214,2.152,7.5,43.5,0.66,3.83
2023,14966,,LB,1,14,0.426,1.387,7.5,30.5,0.66,2.68
2023,14845,"Davis, Gabriel",WR,16,16,5.991,5.991,7.2,76.9,0.63,6.77
2023,16390,"McLaughlin, Jaleel",RB,1,16,0.75,3.965,6.3,14.2,0.55,1.25
2023,15789,"Watson, Christian",WR,6,9,2.186,3.529,6.3,30.9,0.55,2.72
2023,12238,"Perryman, Denzel",LB,1,8,0.214,2.607,6.0,50.5,0.53,4.44
2023,15357,"Barmore, Christian",DT+DE,1,14,0.423,5.64,6.0,81.5,0.53,7.17
2023,13774,"Reed, D.J.",CB+S,1,11,0.185,4.932,5.5,93.3,0.48,8.21
2023,16281,"Brown, Ji'Ayir",CB+S,1,15,0.214,2.931,5.5,53.0,0.48,4.66
2023,13424,"Hill, Taysom",TE,5,15,2.324,6.289,5.2,45.9,0.46,4.04
2023,13319,"Jones, Aaron",RB,9,10,4.4,4.9,5.0,31.9,0.44,2.81
2023,15032,"Fox, Jack",PN,1,13,0.2,5.325,5.0,92.0,0.44,8.1
2023,14852,"Gibson, Antonio",RB,4,15,2.158,5.09,4.7,10.5,0.42,0.93
2023,13113,"Watson, Deshaun",QB,6,6,2.566,2.566,4.7,29.9,0.41,2.64
2023,15259,"Stevenson, Rhamondre",RB,9,12,4.226,5.745,4.6,40.3,0.4,3.55
2023,13775,"Bentley, Ja'Whaun",LB,1,15,0.327,5.515,4.5,106.5,0.4,9.37
2023,12263,"Waller, Darren",TE,9,11,4.691,5.584,4.4,25.2,0.39,2.22
2023,14105,"Brown, Marquise",WR,13,14,5.33,5.344,4.3,37.4,0.38,3.29
2023,12476,"Heinicke, Taylor",QB,3,5,1.126,1.909,4.2,13.8,0.37,1.21
2023,16190,"Flowers, Zay",WR,7,16,2.566,7.813,4.0,73.5,0.35,6.47
2023,14926,"Gay, Willie",LB,1,13,0.135,3.211,4.0,68.5,0.35,6.03
2023,14950,"Wallace, K'Von",CB+S,2,14,0.089,4.757,3.9,89.9,0.34,7.91
2023,15742,"Warren, Jaylen",RB,5,16,2.608,7.6,3.7,36.0,0.33,3.17
2023,13733,,LB,1,10,0.107,2.492,3.5,53.0,0.31,4.66
2023,13706,"Baker, Jerome",LB,1,12,0.154,4.055,3.5,85.0,0.31,7.48
2023,14302,"Scott, Nick",CB+S,1,13,0.071,3.092,3.4,65.2,0.3,5.74
2023,15712,"Allgeier, Tyler",RB,1,16,0.613,5.011,3.0,26.4,0.26,2.33
2023,16215,"Musgrave, Luke",TE,2,10,0.846,3.35,3.0,5.5,0.26,0.48
2023,13848,"Johnston, Cam",PN,1,9,0.045,4.879,3.0,85.0,0.26,7.48
2023,10789,,CB+S,1,13,0.065,4.553,2.6,87.0,0.23,7.66
2023,15985,"Bell, Markquese",CB+S,1,13,0.143,5.066,2.6,87.2,0.23,7.67
2023,11760,"Garoppolo, Jimmy",QB,3,6,1.154,2.029,2.5,14.5,0.22,1.28
2023,15799,"Ferguson, Jake",TE,4,16,1.782,7.807,2.4,40.6,0.22,3.57
2023,15395,"Koonce, Malcolm",DT+DE,1,14,0.25,3.908,2.5,55.0,0.22,4.84
2023,12650,"Boyd, Tyler",WR,7,16,2.816,5.252,2.4,24.0,0.21,2.11
2023,13759,"Armstrong, Dorance",DT+DE,1,13,0.22,3.594,2.0,57.0,0.18,5.02
2023,14180,"Murphy, Byron",CB+S,1,13,0.074,4.698,2.1,95.8,0.18,8.43
2023,13610,"Chubb, Nick",RB,2,2,1.058,1.058,1.8,6.9,0.16,0.6
2023,12698,"Reed, Jarran",DT+DE,1,13,0.115,5.364,1.5,90.0,0.13,7.92
2023,15346,"Rousseau, Gregory",DT+DE,1,12,0.115,5.548,1.5,86.0,0.13,7.57
2023,16282,"Turner, Kobie",DT+DE,1,13,0.019,5.042,1.5,80.0,0.13,7.04
2023,16251,"Gonzalez, Christian",CB+S,1,5,0.0,1.845,1.3,34.1,0.11,3.0
2023,15807,"Ojabo, David",DT+DE,1,3,0.0,0.914,0.5,13.5,0.04,1.19
2023,15301,"Atwell, Tutu",WR,0,13,0.0,3.843,0.0,23.7,0.0,2.09
2023,15811,"Jackson, Drake",DT+DE,0,8,0.0,1.329,0.0,22.5,0.0,1.98
2023,16175,"Johnson, Roschon",RB,0,11,0.0,2.526,0.0,5.9,0.0,0.52
2023,13680,"Hurst, Hayden",TE,0,9,0.0,2.106,0.0,5.5,0.0,0.49
2023,15380,"Campbell, Tyson",CB+S,0,8,0.0,3.018,0.0,58.5,0.0,5.15
2023,16016,"Kohou, Kader",CB+S,0,13,0.0,5.779,0.0,101.2,0.0,8.91
2023,16244,"Branch, Brian",CB+S,0,11,0.0,5.146,0.0,104.3,0.0,9.18
2023,13281,"Douglas, Rasul",CB+S,0,12,0.0,5.007,0.0,105.1,0.0,9.25
2023,15393,"Odighizuwa, Osa",DT+DE,0,13,0.0,5.084,0.0,73.0,0.0,6.42
2023,12796,"Jefferson, Quinton",DT+DE,0,13,0.0,4.317,0.0,66.5,0.0,5.85
2023,13862,"Cracraft, River",WR,0,7,0.0,1.001,0.0,2.9,0.0,0.26
2023,14978,"Danna, Michael",DT+DE,0,13,0.0,6.012,0.0,88.0,0.0,7.74
2023,15364,"Cisco, Andre",CB+S,0,12,0.0,4.511,0.0,87.3,0.0,7.68
2023,15051,"Townsend, Tommy",PN,0,13,0.0,4.102,0.0,74.0,0.0,6.51
2023,15809,"Johnson, Jermaine",DT+DE,0,13,0.0,6.087,0.0,95.0,0.0,8.36
2023,13953,"Thomas, Tavierre",CB+S,0,9,0.0,3.306,0.0,64.3,0.0,5.66
2023,14669,"Nixon, Keisean",CB+S,0,13,0.0,5.844,0.0,101.8,0.0,8.96
2023,15510,"Washington, Ar'Darius",CB+S,0,3,0.0,1.17,0.0,20.3,0.0,1.79
2023,13224,"Lattimore, Marshon",CB+S,0,10,0.0,4.655,0.0,76.9,0.0,6.77
2023,16223,"Anderson, Will",DT+DE,0,13,0.0,5.564,0.0,88.0,0.0,7.74
2023,15819,"Wyatt, Devonte",DT+DE,0,13,0.0,3.516,0.0,51.0,0.0,4.49
2023,13703,,DT+DE,0,13,0.0,3.743,0.0,55.0,0.0,4.84
2023,15445,"Lenoir, Deommodore",CB+S,0,13,0.0,4.595,0.0,95.1,0.0,8.37
2023,15814,"Thomas, Cameron",DT+DE,0,13,0.0,2.693,0.0,36.0,0.0,3.17
2023,15981,"Turpin, KaVontae",WR,0,12,0.0,2.531,0.0,1.3,0.0,0.12
2023,11678,,WR,0,13,0.0,1.612,0.0,1.1,0.0,0.1
2023,12276,,CB+S,0,13,0.0,1.413,0.0,34.4,0.0,3.03
2023,15271,"Herbert, Khalil",RB,0,11,0.0,4.25,0.0,32.3,0.0,2.84
2023,15860,"Cook, Bryan",CB+S,0,12,0.0,3.581,0.0,69.1,0.0,6.08
2023,16416,"Gipson, Xavier",WR,0,13,0.0,2.167,0.0,6.2,0.0,0.55
2023,13682,"Key, Arden",DT+DE,0,13,0.0,3.466,0.0,49.0,0.0,4.31
2023,12756,,DT+DE,0,13,0.0,3.293,0.0,48.5,0.0,4.27
2023,13157,"Samuel, Curtis",WR,0,15,0.0,5.449,0.0,44.7,0.0,3.93
2023,15255,"Gainwell, Kenneth",RB,0,12,0.0,2.677,0.0,0.0,0.0,0.0
2023,14717,"McLaughlin, Chase",PK,0,13,0.0,5.875,0.0,102.4,0.0,9.01
2023,13767,"Maddox, Avonte",CB+S,0,3,0.0,0.828,0.0,15.4,0.0,1.36
2023,14197,"Savage, Darnell",CB+S,0,8,0.0,2.973,0.0,55.0,0.0,4.84
2023,15872,"Bryant, Coby",CB+S,0,5,0.0,0.788,0.0,18.4,0.0,1.62
2023,10868,,PK,3,13,0.045,6.295,0.0,114.3,0.0,10.06
2023,15402,"Molden, Elijah",CB+S,0,11,0.0,2.95,0.0,63.8,0.0,5.61
2023,13211,"Watkins, Carlos",DT+DE,0,2,0.0,1.066,0.0,14.0,0.0,1.23
2023,15468,"Dimukeje, Victor",DT+DE,0,13,0.0,3.898,0.0,56.5,0.0,4.97
2023,13693,"Phillips, Harrison",DT+DE,0,13,0.0,5.85,0.0,89.5,0.0,7.88
2023,15109,"Westbrook-Ikhine, Nick",WR,0,13,0.0,3.007,0.0,7.0,0.0,0.62
2023,13479,"Davis, Michael",CB+S,0,13,0.0,4.195,0.0,75.3,0.0,6.63
2023,13839,"Sieler, Zach",DT+DE,0,13,0.0,6.396,0.0,102.0,0.0,8.98
2023,15777,"Austin III, Calvin",WR,0,13,0.0,1.809,0.0,6.0,0.0,0.53
2023,14154,"Nelson, Anthony",DT+DE,0,12,0.0,2.892,0.0,44.5,0.0,3.92
2023,14377,,DT+DE,0,6,0.0,0.822,0.0,13.0,0.0,1.14
2023,12229,"Phillips, Jordan",DT+DE,0,13,0.0,2.01,0.0,30.0,0.0,2.64
2023,15396,"Deablo, Divine",LB,0,11,0.0,3.874,0.0,73.0,0.0,6.42
2023,15858,"Andersen, Troy",LB,0,2,0.0,1.144,0.0,16.0,0.0,1.41
2023,12734,"Floyd, Leonard",DT+DE,0,13,0.0,5.204,0.0,80.5,0.0,7.08
2023,14400,,DT+DE,0,10,0.0,3.393,0.0,49.5,0.0,4.36
2023,12213,,TE,0,13,0.0,1.136,0.0,0.0,0.0,0.0
2023,14118,"Humphrey, Lil'Jordan",WR,0,13,0.0,0.754,0.0,0.0,0.0,0.0
2023,16289,"Bennett, Jakorian",CB+S,0,10,0.0,1.782,0.0,37.9,0.0,3.34
2023,13742,"Hill, B.J.",DT+DE,0,13,0.0,4.589,0.0,70.5,0.0,6.2
2023,16272,,PN,0,4,0.0,0.754,0.0,11.0,0.0,0.97
2023,16199,"Palmer, Trey",WR,0,13,0.0,2.101,0.0,0.0,0.0,0.0
2023,13736,"Stewart, M.J.",CB+S,0,8,0.0,1.894,0.0,30.1,0.0,2.65
2023,12831,"Roberts, Elandon",LB,0,13,0.0,5.385,0.0,93.0,0.0,8.18
2023,16457,"Izien, Christian",CB+S,0,13,0.0,3.928,0.0,72.4,0.0,6.37
2023,14199,"Murphy-Bunting, Sean",CB+S,0,11,0.0,4.379,0.0,79.1,0.0,6.96
2023,16267,"Stevenson, Tyrique",CB+S,0,12,0.0,5.936,0.0,95.8,0.0,8.43
2023,15422,"Wilson, Marco",CB+S,0,13,0.0,3.919,0.0,68.1,0.0,5.99
2023,12742,,CB+S,0,11,0.0,4.306,0.0,71.8,0.0,6.32
2023,14875,"Bryant, Harrison",TE,0,13,0.0,2.298,0.0,7.1,0.0,0.63
2023,15419,"Granson, Kylen",TE,0,11,0.0,3.338,0.0,3.6,0.0,0.32
2023,14870,"Trautman, Adam",TE,0,13,0.0,2.906,0.0,3.0,0.0,0.26
2023,15823,"Harris, Christian",LB,0,12,0.0,4.232,0.0,71.0,0.0,6.25
2023,13917,,CB+S,0,10,0.0,2.416,0.0,52.4,0.0,4.61
2023,13298,"Stewart, Grover",DT+DE,0,7,0.0,2.343,0.0,35.0,0.0,3.08
2023,13685,"Okoronkwo, Ogbonnia",DT+DE,0,13,0.0,5.264,0.0,78.5,0.0,6.91
2023,13770,"Franklin-Myers, John",DT+DE,0,13,0.0,3.452,0.0,50.0,0.0,4.4
2023,16342,"Douglas, Demario",WR,0,13,0.0,4.052,0.0,10.9,0.0,0.96
2023,13778,"Flowers, Tre",CB+S,0,13,0.0,1.238,0.0,26.7,0.0,2.35
2023,13710,"Davis, Carlton",CB+S,0,10,0.0,4.336,0.0,76.8,0.0,6.76
2023,14600,"Slye, Joey",PK,0,13,0.0,5.958,0.0,89.6,0.0,7.88
2023,14208,"Johnson, Diontae",WR,9,12,3.563,5.311,-0.0,38.8,-0.0,3.41
2023,15880,"Evans, Akayleb",CB+S,0,11,0.0,3.902,0.0,72.8,0.0,6.41
2023,16341,"Hawkins, Tre",CB+S,0,13,0.0,1.534,0.0,34.2,0.0,3.01
2023,12782,"Onyemata, David",DT+DE,0,11,0.0,4.942,0.0,78.0,0.0,6.86
2023,16347,"Robbins, Brad",PN,0,13,0.0,3.549,0.0,65.0,0.0,5.72
2023,16230,"Van Ness, Lukas",DT+DE,0,13,0.0,3.228,0.0,48.5,0.0,4.27
2023,13263,"Awuzie, Chidobe",CB+S,0,12,0.0,3.427,0.0,66.2,0.0,5.83
2023,14861,"Johnson, Juwan",TE,0,12,0.0,4.431,0.0,25.6,0.0,2.26
2023,12291,,CB+S,0,13,0.0,4.212,0.0,85.3,0.0,7.51
2023,13257,,CB+S,0,4,0.0,1.451,0.0,25.5,0.0,2.24
2023,15403,,CB+S,0,12,0.0,2.768,0.0,61.0,0.0,5.37
2023,14161,"Tillery, Jerry",DT+DE,0,13,0.0,1.69,0.0,27.0,0.0,2.38
2023,15397,"Golston, Chauncey",DT+DE,0,13,0.0,1.705,0.0,25.5,0.0,2.24
2023,12233,,LB,0,10,0.0,3.052,0.0,53.0,0.0,4.66
2023,13216,"Cunningham, Zach",LB,0,12,0.0,3.756,0.0,78.5,0.0,6.91
2023,14903,"Diggs, Trevon",CB+S,0,2,0.0,0.839,0.0,15.7,0.0,1.38
2023,15423,"Brown, Tre",CB+S,1,11,0.0,3.131,0.0,64.5,0.0,5.68
2023,15177,"Bryant, Myles",CB+S,0,13,0.0,5.807,0.0,106.7,0.0,9.39
2023,15365,"Moehrig, Trevon",CB+S,0,13,0.0,6.587,0.0,111.4,0.0,9.8
2023,13229,,CB+S,0,8,0.0,1.483,0.0,30.3,0.0,2.67
2023,13672,"Gesicki, Mike",TE,0,13,0.0,2.784,0.0,0.0,0.0,0.0
2023,15957,,PN,0,13,0.0,3.102,0.0,58.0,0.0,5.1
2023,11412,,DT+DE,0,13,0.0,2.928,0.0,45.5,0.0,4.0
2023,15173,"Tart, Teair",DT+DE,0,11,0.0,2.628,0.0,42.5,0.0,3.74
2023,16009,"Gibbens, Jack",LB,0,13,0.0,4.004,0.0,80.5,0.0,7.08
2023,14257,"Speed, E.J.",LB,0,12,0.0,3.754,0.0,68.0,0.0,5.98
2023,13776,"Watson, Justin",WR,0,13,0.0,2.415,0.0,6.4,0.0,0.56
2023,16012,"Alford, Dee",CB+S,0,12,0.0,3.082,0.0,66.6,0.0,5.86
2023,15329,"Pitts, Kyle",TE,11,16,5.335,6.893,-0.0,21.6,-0.0,1.9
2023,10874,,CB+S,0,13,0.0,1.199,0.0,29.2,0.0,2.57
2023,15913,"Benford, Christian",CB+S,0,11,0.0,2.94,0.0,62.7,0.0,5.52
2023,14209,"Oliver, Josh",TE,0,14,0.0,2.323,0.0,5.1,0.0,0.45
2023,12720,,CB+S,0,12,0.0,4.304,0.0,79.7,0.0,7.01
2023,15876,,CB+S,0,13,0.0,2.277,0.0,45.5,0.0,4.0
2023,13704,"Nwosu, Uchenna",DT+DE,0,6,0.0,2.281,0.0,39.0,0.0,3.43
2023,12987,,DT+DE,0,6,0.0,0.66,0.0,11.0,0.0,0.97
2023,16233,"Carter, Jalen",DT+DE,0,12,0.0,4.421,0.0,70.0,0.0,6.16
2023,12270,"Smith, Preston",DT+DE,0,13,0.0,5.245,0.0,79.5,0.0,7.0
2023,9940,,DT+DE,0,6,0.0,0.826,0.0,14.0,0.0,1.23
2023,14270,"Epps, Marcus",CB+S,0,13,0.0,3.582,0.0,73.4,0.0,6.46
2023,14153,"Allen, Zach",DT+DE,0,13,0.0,5.815,0.0,89.0,0.0,7.83
2023,16324,"Brooks, Karl",DT+DE,0,13,0.0,3.254,0.0,49.0,0.0,4.31
2023,13692,"Vea, Vita",DT+DE,0,11,0.0,4.879,0.0,77.5,0.0,6.82
2023,12750,,CB+S,0,12,0.0,3.599,0.0,72.8,0.0,6.41
2023,15379,"Tryon, Joe",DT+DE,0,16,0.0,5.303,0.0,79.0,0.0,6.95
2023,13289,"Hollins, Mack",WR,0,10,0.0,1.196,0.0,0.0,0.0,0.0
2023,12714,,CB+S,0,13,0.0,5.133,0.0,97.2,0.0,8.55
2023,14918,"Terrell, A.J.",CB+S,0,13,0.0,2.645,0.0,61.2,0.0,5.39
2023,13707,"Ward, Denzel",CB+S,0,10,0.0,3.534,0.0,62.2,0.0,5.47
2023,16187,"Downs, Josh",WR,0,13,0.0,4.789,0.0,33.8,0.0,2.97
2023,13253,"Williams, Marcus",CB+S,0,7,0.0,2.204,0.0,41.7,0.0,3.67
2023,14919,"Igbinoghene, Noah",CB+S,0,4,0.0,0.35,0.0,6.0,0.0,0.53
2023,15375,"Newsome, Greg",CB+S,0,11,0.0,3.824,0.0,78.5,0.0,6.91
2023,14946,"Fotu, Leki",DT+DE,0,10,0.0,3.037,0.0,43.5,0.0,3.83
2023,16014,"Adams, Tony",CB+S,0,11,0.0,4.516,0.0,82.9,0.0,7.3
2023,13727,,LB,0,6,0.0,1.76,0.0,34.5,0.0,3.04
2023,15373,"Davis, Jamin",LB,0,13,0.0,5.971,0.0,102.0,0.0,8.98
2023,15409,"Barnes, Derrick",LB,0,13,0.0,2.454,0.0,60.5,0.0,5.32
2023,11872,"Harris, Shelby",DT+DE,0,13,0.0,3.287,0.0,48.0,0.0,4.22
2023,15855,"Paschal, Josh",DT+DE,0,8,0.0,1.87,0.0,29.5,0.0,2.6
2023,12751,"Gotsis, Adam",DT+DE,0,13,0.0,2.162,0.0,33.0,0.0,2.9
2023,14595,,DT+DE,0,11,0.0,4.132,0.0,60.0,0.0,5.28
2023,11382,,CB+S,0,12,0.0,3.504,0.0,73.7,0.0,6.49
2023,16064,"Flowers, Dallis",CB+S,0,4,0.0,1.138,0.0,24.0,0.0,2.11
2023,15868,"Jones, Marcus",CB+S,0,3,0.0,0.529,0.0,11.1,0.0,0.98
2023,16205,"Scott, Tyler",WR,0,13,0.0,0.814,0.0,0.0,0.0,0.0
2023,15308,"Marshall, Terrace",WR,0,8,0.0,1.12,0.0,4.3,0.0,0.38
2023,14558,,WR,0,12,0.0,1.099,0.0,0.0,0.0,0.0
2023,16472,"Thomas, Juanyeh",CB+S,0,12,0.0,0.912,0.0,21.9,0.0,1.93
2023,12739,"Clark, Kenny",DT+DE,0,13,0.0,4.438,0.0,69.0,0.0,6.07
2023,15818,"Leal, DeMarvin",DT+DE,0,11,0.0,1.996,0.0,26.0,0.0,2.29
2023,12952,,DT+DE,0,13,0.0,3.125,0.0,50.0,0.0,4.4
2023,14219,"Dean, Jamel",CB+S,0,9,0.0,3.747,0.0,64.9,0.0,5.71
2023,12802,"Reader, D.J.",DT+DE,0,13,0.0,3.44,0.0,52.0,0.0,4.58
2023,13228,"Hooker, Malik",CB+S,0,13,0.0,3.021,0.0,63.3,0.0,5.57
2023,14186,"Rapp, Taylor",CB+S,0,12,0.0,1.775,0.0,40.8,0.0,3.59
2023,15432,"Carter, Michael",CB+S,0,11,0.0,2.3,0.0,52.7,0.0,4.64
2023,13970,,CB+S,0,12,0.0,0.873,0.0,19.5,0.0,1.72
2023,11313,,CB+S,0,13,0.0,4.948,0.0,91.5,0.0,8.05
2023,14420,"Ingold, Alec",RB,0,13,0.0,0.429,0.0,0.0,0.0,0.0
2023,13850,"Edwards, Gus",RB,13,16,5.74,7.335,0.0,54.0,0.0,4.75
2023,15924,"Kendrick, Derion",CB+S,0,13,0.0,3.975,0.0,74.2,0.0,6.53
2023,13730,"Alexander, Jaire",CB+S,0,5,0.0,1.655,0.0,34.1,0.0,3.0
2023,15977,"Thompkins, Deven",WR,0,13,0.0,1.617,0.0,6.1,0.0,0.54
2023,15987,,WR,0,9,0.0,1.224,0.0,11.3,0.0,1.0
2023,15865,,CB+S,0,3,0.0,0.293,0.0,6.5,0.0,0.57
2023,14804,,RB,0,3,0.0,0.161,0.0,0.0,0.0,0.0
2023,15437,,CB+S,0,5,0.0,1.789,0.0,32.2,0.0,2.83
2023,12736,,CB+S,0,9,0.0,3.798,0.0,69.0,0.0,6.07
2023,16452,"Whelan, Daniel",PN,0,13,0.0,5.008,0.0,81.0,0.0,7.13
2023,13258,"Walker, DeMarcus",DT+DE,0,13,0.0,2.613,0.0,37.5,0.0,3.3
2023,15408,"Sample, Cameron",DT+DE,0,13,0.0,2.178,0.0,32.0,0.0,2.82
2023,14925,"Uche, Josh",DT+DE,0,11,0.0,1.425,0.0,18.5,0.0,1.63
2023,12979,,DT+DE,0,12,0.0,2.154,0.0,33.5,0.0,2.95
2023,13709,"Oliver, Isaiah",CB+S,0,13,0.0,3.786,0.0,74.4,0.0,6.55
2023,15165,"Jones, Benito",DT+DE,0,13,0.0,2.052,0.0,30.0,0.0,2.64
2023,11383,"Martin, Sam",PN,0,13,0.0,4.061,0.0,71.0,0.0,6.25
2023,12261,,RB,0,13,0.0,0.515,0.0,0.0,0.0,0.0
2023,15378,"Oweh, Odafe",DT+DE,0,9,0.0,3.243,0.0,51.5,0.0,4.53
2023,12758,"Bullard, Jonathan",DT+DE,0,13,0.0,3.358,0.0,45.5,0.0,4.0
2023,12305,"Jarrett, Grady",DT+DE,0,8,0.0,2.512,0.0,35.0,0.0,3.08
2023,13172,"Brown, Noah",WR,0,10,0.0,3.515,0.0,51.8,0.0,4.56
2023,16197,"Mingo, Jonathan",WR,0,12,0.0,2.474,0.0,3.3,0.0,0.29
2023,13249,"White, Tre'Davious",CB+S,0,5,0.0,1.275,0.0,23.6,0.0,2.08
2023,15989,"Jobe, Josh",CB+S,0,13,0.0,1.683,0.0,33.0,0.0,2.9
2023,15392,"St-Juste, Benjamin",CB+S,0,13,0.0,5.557,0.0,100.8,0.0,8.87
2023,13226,"Jackson, Adoree",CB+S,0,10,0.0,2.458,0.0,55.0,0.0,4.84
2023,15871,"Joseph, Kerby",CB+S,0,11,0.0,5.441,0.0,92.4,0.0,8.13
2023,12088,,CB+S,0,13,0.0,0.49,0.0,18.6,0.0,1.64
2023,13301,"Kazee, Damontae",CB+S,0,13,0.0,4.141,0.0,86.3,0.0,7.59
2023,16139,"Baker, Darrell",CB+S,0,11,0.0,2.729,0.0,51.0,0.0,4.49
2023,12772,"Murray, Eric",CB+S,0,6,0.0,0.672,0.0,16.4,0.0,1.44
2023,14815,"Dallas, DeeJay",RB,0,13,0.0,0.832,0.0,0.0,0.0,0.0
2023,10260,,CB+S,0,13,0.0,2.539,0.0,59.9,0.0,5.27
2023,15831,"Chenal, Leo",LB,0,13,0.0,2.727,0.0,59.0,0.0,5.19
2023,12231,"Thompson, Shaq",LB,0,2,0.0,0.201,0.0,7.0,0.0,0.62
2023,12278,,DT+DE,0,12,0.0,1.943,0.0,30.5,0.0,2.68
2023,15958,,DT+DE,0,10,0.0,0.547,0.0,8.0,0.0,0.7
2023,16266,"Tuipulotu, Tuli",DT+DE,0,13,0.0,5.601,0.0,86.0,0.0,7.57
2023,12791,,DT+DE,0,9,0.0,1.33,0.0,16.5,0.0,1.45
2023,16189,"Mims, Marvin",WR,0,15,0.0,2.75,0.0,25.6,0.0,2.25
2023,14151,"Ferrell, Clelin",DT+DE,0,13,0.0,3.42,0.0,52.0,0.0,4.58
2023,15076,"Rozeboom, Christian",LB,0,13,0.0,2.254,0.0,60.5,0.0,5.32
2023,15391,"Williams, Milton",DT+DE,0,12,0.0,2.494,0.0,36.5,0.0,3.21
2023,15565,"Hoecht, Michael",DT+DE,0,13,0.0,5.751,0.0,94.0,0.0,8.27
2023,15874,"Butler, Percy",CB+S,0,13,0.0,3.539,0.0,69.7,0.0,6.13
2023,13868,,RB,0,9,0.0,0.297,0.0,0.0,0.0,0.0
2023,14838,"Shenault, Laviska",WR,0,8,0.0,0.61,0.0,0.0,0.0,0.0
2023,16166,"Tucker, Sean",RB,0,11,0.0,0.096,0.0,0.0,0.0,0.0
2023,11017,,CB+S,0,11,0.0,1.563,0.0,35.7,0.0,3.14
2023,14992,"Watkins, Quez",WR,0,6,0.0,0.427,0.0,0.0,0.0,0.0
2023,16206,"Wilson, Michael",WR,0,9,0.0,2.78,0.0,17.0,0.0,1.5
2023,14716,,DT+DE,0,13,0.0,3.721,0.0,52.5,0.0,4.62
2023,16257,"Anudike-Uzomah, Felix",DT+DE,0,13,0.0,1.083,0.0,17.0,0.0,1.5
2023,12217,"Fowler, Dante",DT+DE,0,13,0.0,2.199,0.0,32.0,0.0,2.82
2023,15476,"Mukuamu, Israel",CB+S,0,11,0.0,0.354,0.0,10.2,0.0,0.9
2023,15841,"Toure, Samori",WR,0,9,0.0,0.394,0.0,0.0,0.0,0.0
2023,14217,"Barton, Cody",LB,0,10,0.0,3.95,0.0,67.0,0.0,5.9
2023,13434,"Robertson-Harris, Roy",DT+DE,0,13,0.0,2.406,0.0,33.0,0.0,2.9
2023,13296,"Wise, Deatrich",DT+DE,0,12,0.0,3.58,0.0,50.0,0.0,4.4
2023,14159,"Lawrence, Dexter",DT+DE,0,12,0.0,5.225,0.0,79.0,0.0,6.95
2023,13798,"Fatukasi, Foley",DT+DE,0,12,0.0,1.752,0.0,27.0,0.0,2.38
2023,12292,,DT+DE,0,11,0.0,2.125,0.0,29.5,0.0,2.6
2023,15800,"Heyward, Connor",TE,0,13,0.0,1.861,0.0,0.0,0.0,0.0
2023,15946,"Thomas II, Rodney",CB+S,0,13,0.0,2.307,0.0,51.0,0.0,4.49
2023,13763,"Dissly, Will",TE,0,12,0.0,1.287,0.0,0.0,0.0,0.0
2023,15041,"Cager, Lawrence",TE,0,10,0.0,0.681,0.0,0.0,0.0,0.0
2023,14905,"Henderson, CJ",CB+S,0,10,0.0,2.897,0.0,54.8,0.0,4.82
2023,15832,"Stingley Jr., Derek",CB+S,0,7,0.0,3.271,0.0,59.3,0.0,5.22
2023,16325,"Clark, Kei'Trel",CB+S,0,10,0.0,3.066,0.0,61.9,0.0,5.45
2023,12245,,CB+S,0,12,0.0,3.567,0.0,67.4,0.0,5.93
2023,16165,"Spears, Tyjae",RB,0,13,0.0,4.553,0.0,15.1,0.0,1.33
2023,15626,"Wright, Brock",TE,0,13,0.0,1.815,0.0,0.3,0.0,0.03
2023,13414,"Hilton, Mike",CB+S,0,13,0.0,6.376,0.0,110.9,0.0,9.76
2023,16258,"Smith, Mazi",DT+DE,0,13,0.0,1.045,0.0,16.0,0.0,1.41
2023,15878,"Clemons, Micheal",DT+DE,0,12,0.0,1.965,0.0,28.0,0.0,2.46
2023,15870,"Carter, Zachary",DT+DE,0,13,0.0,1.305,0.0,17.0,0.0,1.5
2023,13332,"Jones, D.J.",DT+DE,0,12,0.0,3.194,0.0,46.5,0.0,4.09
2023,15681,"Elliss, Christian",LB,0,12,0.0,1.059,0.0,19.0,0.0,1.67
2023,14675,"Tuttle, Shy",DT+DE,0,13,0.0,3.123,0.0,41.5,0.0,3.65
2023,10457,,DT+DE,0,13,0.0,2.014,0.0,28.0,0.0,2.46
2023,16232,"Morris, Mike",DT+DE,0,1,0.0,0.231,0.0,3.5,0.0,0.31
2023,10277,,DT+DE,0,7,0.0,1.097,0.0,17.0,0.0,1.5
2023,15473,"McDuffie, Isaiah",LB,0,13,0.0,4.004,0.0,67.5,0.0,5.94
2023,15812,"Hall, Logan",DT+DE,0,12,0.0,2.024,0.0,27.0,0.0,2.38
2023,13201,"Barnett, Derek",DT+DE,0,10,0.0,0.749,0.0,10.5,0.0,0.92
2023,15826,"Clark, Damone",LB,0,13,0.0,4.001,0.0,79.5,0.0,7.0
2023,14075,,RB,0,6,0.0,0.651,0.0,0.0,0.0,0.0
2023,13695,"Bryan, Taven",DT+DE,0,13,0.0,2.676,0.0,35.0,0.0,3.08
2023,15458,"Tuipulotu, Marlon",DT+DE,0,11,0.0,1.626,0.0,25.5,0.0,2.24
2023,15010,,LB,0,13,0.0,1.334,0.0,41.0,0.0,3.61
2023,9826,"Graham, Brandon",DT+DE,0,13,0.0,2.002,0.0,31.5,0.0,2.77
2023,15433,"Loudermilk, Isaiahh",DT+DE,0,13,0.0,1.144,0.0,16.0,0.0,1.41
2023,15129,"Dorsey, Khalil",CB+S,0,9,0.0,0.21,0.0,13.9,0.0,1.22
2023,14434,"Reaves, Jeremy",CB+S,0,6,0.0,0.142,0.0,6.8,0.0,0.6
2023,14924,"Johnson, Jaylon",CB+S,0,11,0.0,2.951,0.0,72.9,0.0,6.42
2023,15258,"Carter, Michael",RB,0,13,0.0,1.279,0.0,0.0,0.0,0.0
2023,12718,"Bell, Vonn",CB+S,0,9,0.0,3.726,0.0,67.7,0.0,5.96
2023,12715,"Apple, Eli",CB+S,0,7,0.0,2.751,0.0,48.8,0.0,4.29
2023,13716,,CB+S,0,12,0.0,2.875,0.0,52.2,0.0,4.59
2023,15833,"Gardner, Sauce",CB+S,0,12,0.0,3.39,0.0,72.6,0.0,6.39
2023,16467,,CB+S,0,13,0.0,0.176,0.0,8.4,0.0,0.74
2023,13711,,CB+S,0,13,0.0,2.402,0.0,56.4,0.0,4.96
2023,14868,,TE,0,11,0.0,0.317,0.0,0.0,0.0,0.0
2023,15480,,RB,0,4,0.0,0.08,0.0,0.0,0.0,0.0
2023,14857,"Peoples-Jones, Donovan",WR,0,14,0.0,0.862,0.0,0.0,0.0,0.0
2023,15916,"Ogletree, Drew",TE,0,10,0.0,1.999,0.0,6.1,0.0,0.53
2023,13308,"Agnew, Jamal",WR,0,8,0.0,0.885,0.0,0.6,0.0,0.05
2023,12677,"Hooper, Austin",TE,0,13,0.0,1.609,0.0,0.0,0.0,0.0
2023,16188,"Johnston, Quentin",WR,0,16,0.0,3.141,0.0,5.0,0.0,0.44
2023,16256,"Bresee, Bryan",DT+DE,0,13,0.0,2.682,0.0,40.5,0.0,3.56
2023,15275,,RB,0,8,0.0,0.179,0.0,0.0,0.0,0.0
2023,14155,"Collier, L.J.",DT+DE,0,1,0.0,0.212,0.0,3.0,0.0,0.26
2023,10762,,DT+DE,0,12,0.0,3.846,0.0,52.5,0.0,4.62
2023,12280,,DT+DE,0,7,0.0,0.579,0.0,8.0,0.0,0.7
2023,15975,"Sanborn, Jack",LB,0,13,0.0,2.807,0.0,67.5,0.0,5.94
2023,14879,"Epenesa, A.J.",DT+DE,0,13,0.0,4.815,0.0,83.0,0.0,7.3
2023,16010,"Wright, Ryan",PN,0,13,0.0,3.841,0.0,68.0,0.0,5.98
2023,16363,"Riley, Jordon",DT+DE,0,5,0.0,0.301,0.0,4.5,0.0,0.4
2023,16331,,DT+DE,0,1,0.0,0.212,0.0,3.0,0.0,0.26
2023,13265,"Ogunjobi, Larry",DT+DE,0,13,0.0,3.623,0.0,53.5,0.0,4.71
2023,15428,"Sherwood, Jamien",LB,0,13,0.0,1.077,0.0,29.5,0.0,2.6
2023,15007,,DT+DE,0,10,0.0,1.568,0.0,21.0,0.0,1.85
2023,15813,"Enagbare, Kingsley",DT+DE,0,13,0.0,3.728,0.0,53.0,0.0,4.66
2023,11793,"Jones, DaQuan",DT+DE,0,5,0.0,1.886,0.0,25.5,0.0,2.24
2023,15277,,RB,0,4,0.0,0.08,0.0,0.0,0.0,0.0
2023,16164,"Bigsby, Tank",RB,0,13,0.0,0.579,0.0,0.0,0.0,0.0
2023,15803,"Turner, Cole",TE,0,11,0.0,1.325,0.0,0.0,0.0,0.0
2023,12988,"Jones, Jonathan",CB+S,0,10,0.0,2.319,0.0,48.5,0.0,4.27
2023,13914,,CB+S,0,13,0.0,2.652,0.0,57.4,0.0,5.05
2023,15852,"Gordon, Kyler",CB+S,0,9,0.0,3.09,0.0,60.3,0.0,5.31
2023,12589,,CB+S,0,13,0.0,2.705,0.0,63.9,0.0,5.62
2023,13754,"Yiadom, Isaac",CB+S,0,13,0.0,2.22,0.0,48.8,0.0,4.29
2023,15462,"Brightwell, Gary",RB,0,7,0.0,0.344,0.0,0.0,0.0,0.0
2023,13273,"Griffin, Shaq",CB+S,0,10,0.0,3.002,0.0,48.4,0.0,4.26
2023,13266,"Witherspoon, Ahkello",CB+S,0,13,0.0,4.279,0.0,83.5,0.0,7.35
2023,16356,"Valentine, Carrington",CB+S,0,13,0.0,2.634,0.0,51.8,0.0,4.56
2023,12308,,CB+S,0,12,0.0,1.214,0.0,29.4,0.0,2.59
2023,16268,"Turner, DJ",CB+S,0,13,0.0,2.881,0.0,60.8,0.0,5.35
2023,15839,"Cross, Nick",CB+S,0,13,0.0,0.898,0.0,24.9,0.0,2.19
2023,14904,"Fulton, Kristian",CB+S,0,11,0.0,4.034,0.0,65.8,0.0,5.79
2023,15885,"Williams, Joshua",CB+S,0,13,0.0,0.532,0.0,19.7,0.0,1.73
2023,15895,"McCollum, Zyon",CB+S,0,13,0.0,3.86,0.0,73.3,0.0,6.45
2023,15666,,CB+S,0,4,0.0,0.106,0.0,4.7,0.0,0.41
2023,13927,,DT+DE,0,11,0.0,0.849,0.0,12.0,0.0,1.06
2023,14238,,DT+DE,0,13,0.0,2.643,0.0,39.0,0.0,3.43
2023,16227,"Harrison, Zach",DT+DE,0,13,0.0,1.314,0.0,19.5,0.0,1.72
2023,14164,"Jones, Dre'Mont",DT+DE,0,13,0.0,4.29,0.0,58.5,0.0,5.15
2023,12754,"Collins, Maliek",DT+DE,0,13,0.0,3.349,0.0,50.5,0.0,4.44
2023,13745,"Nnadi, Derrick",DT+DE,0,13,0.0,1.702,0.0,22.5,0.0,1.98
2023,16275,"Mapu, Marte",LB,0,13,0.0,0.363,0.0,11.5,0.0,1.01
2023,14200,"Tavai, Jahlani",LB,0,13,0.0,4.499,0.0,88.5,0.0,7.79
2023,13204,,DT+DE,0,11,0.0,1.95,0.0,26.5,0.0,2.33
2023,12361,"Nunez-Roches, Rakeem",DT+DE,0,13,0.0,1.351,0.0,21.5,0.0,1.89
2023,12697,"Robinson, A'Shawn",DT+DE,0,13,0.0,3.543,0.0,51.0,0.0,4.49
2023,15110,,DT+DE,0,13,0.0,1.216,0.0,16.5,0.0,1.45
2023,13262,"Kpassagnon, Tanoh",DT+DE,0,13,0.0,1.258,0.0,18.5,0.0,1.63
2023,16264,"Benton, Keeanu",DT+DE,0,13,0.0,3.058,0.0,44.0,0.0,3.87
2023,16236,"To'oTo'o, Henry",LB,0,11,0.0,2.474,0.0,52.5,0.0,4.62
2023,12349,"Diggs, Quandre",CB+S,0,13,0.0,4.788,0.0,91.9,0.0,8.09
2023,14817,"Taylor, Patrick",RB,0,10,0.0,0.889,0.0,0.0,0.0,0.0
2023,13724,,WR,0,5,0.0,0.303,0.0,0.0,0.0,0.0
2023,13753,"Akins, Jordan",TE,0,13,0.0,0.634,0.0,0.0,0.0,0.0
2023,12923,"Ham, C.J.",RB,0,13,0.0,0.214,0.0,0.0,0.0,0.0
2023,15905,"Quitoriano, Teagan",TE,0,7,0.0,0.25,0.0,0.0,0.0,0.0
2023,14871,"Parkinson, Colby",TE,0,13,0.0,2.362,0.0,0.8,0.0,0.07
2023,11010,,CB+S,0,13,0.0,3.264,0.0,68.9,0.0,6.06
2023,15384,"Samuel, Asante",CB+S,0,13,0.0,5.204,0.0,91.7,0.0,8.07
2023,15003,"Stone, Geno",CB+S,0,13,0.0,5.573,0.0,98.0,0.0,8.62
2023,13641,"McCloud, Ray-Ray",WR,0,11,0.0,1.007,0.0,0.0,0.0,0.0
2023,14222,"Edwards, Mike",CB+S,0,13,0.0,2.846,0.0,66.7,0.0,5.87
2023,12776,"Killebrew, Miles",CB+S,0,13,0.0,0.76,0.0,23.2,0.0,2.04
2023,16054,"Blackwell, Josh",CB+S,0,6,0.0,0.204,0.0,10.1,0.0,0.89
2023,13325,"Woods, Xavier",CB+S,0,10,0.0,3.33,0.0,64.5,0.0,5.68
2023,15955,,CB+S,0,13,0.0,2.6,0.0,60.3,0.0,5.31
2023,16201,"Hutchinson, Xavier",WR,0,12,0.0,0.497,0.0,0.0,0.0,0.0
2023,15079,,CB+S,0,11,0.0,0.444,0.0,21.6,0.0,1.9
2023,11281,,DT+DE,0,13,0.0,2.853,0.0,42.5,0.0,3.74
2023,14971,"Washington, Broderick",DT+DE,0,12,0.0,2.282,0.0,30.5,0.0,2.68
2023,9051,"Campbell, Calais",DT+DE,0,13,0.0,4.872,0.0,70.5,0.0,6.2
2023,15897,"Johnson, Eric",DT+DE,0,11,0.0,1.407,0.0,17.0,0.0,1.5
2023,11706,"Clowney, Jadeveon",DT+DE,0,13,0.0,5.438,0.0,87.5,0.0,7.7
2023,13447,"Wilson, Eric",LB,0,13,0.0,0.616,0.0,19.0,0.0,1.67
2023,15446,"Slaton, Tedarrell",DT+DE,0,13,0.0,3.18,0.0,46.0,0.0,4.05
2023,14442,"Kuntz, Christian",LB,0,13,0.0,0.118,0.0,3.0,0.0,0.26
2023,14379,"Woods, Josh",LB,0,10,0.0,2.282,0.0,51.0,0.0,4.49
2023,16292,"Ryland, Chad",PK,0,13,0.0,3.5,0.0,61.5,0.0,5.41
2023,12225,"Williams, Leonard",DT+DE,0,14,0.0,5.328,0.0,76.0,0.0,6.69
2023,15559,"Williams, Jonah",DT+DE,0,13,0.0,3.543,0.0,50.5,0.0,4.44
2023,12687,,DT+DE,0,12,0.0,1.46,0.0,22.5,0.0,1.98
2023,14670,"Ekuale, Daniel",DT+DE,0,3,0.0,0.263,0.0,5.5,0.0,0.48
2023,14212,"Takitaki, Sione",LB,0,12,0.0,1.903,0.0,47.0,0.0,4.14
2023,16456,,WR,0,2,0.0,0.053,0.0,0.0,0.0,0.0
2023,15780,,WR,0,2,0.0,0.053,0.0,0.0,0.0,0.0
2023,15888,"Durant, Decobie",CB+S,0,12,0.0,2.256,0.0,45.7,0.0,4.02
2023,16299,"Davis, Derius",WR,0,13,0.0,1.572,0.0,2.5,0.0,0.22
2023,15763,"Ross, Justyn",WR,0,9,0.0,0.273,0.0,0.0,0.0,0.0
2023,16004,,LB,0,12,0.0,0.693,0.0,23.0,0.0,2.02
2023,15863,"Jones, Travis",DT+DE,0,13,0.0,3.072,0.0,42.5,0.0,3.74
2023,14236,"Amadi, Ugo",CB+S,0,13,0.0,0.084,0.0,4.3,0.0,0.38
2023,15926,"Taylor, Ja'Sir",CB+S,0,12,0.0,2.035,0.0,48.6,0.0,4.28
2023,16228,"Smith, Nolan",DT+DE,0,13,0.0,1.242,0.0,17.0,0.0,1.5
2023,15714,"White, Zamir",RB,0,13,0.0,0.447,0.0,0.0,0.0,0.0
2023,14467,"Phillips, Del'Shawn",LB,0,13,0.0,0.221,0.0,10.0,0.0,0.88
2023,15082,"Barnes, Krys",LB,0,12,0.0,2.143,0.0,40.0,0.0,3.52
2023,15772,"Covey, Britain",WR,0,13,0.0,0.499,0.0,0.0,0.0,0.0
2023,15359,"Tufele, Jay",DT+DE,0,7,0.0,0.46,0.0,5.5,0.0,0.48
2023,12700,"Johnson, Austin",DT+DE,0,13,0.0,2.968,0.0,41.5,0.0,3.65
2023,13293,"Reeves-Maybin, Jalen",LB,0,13,0.0,0.95,0.0,19.5,0.0,1.72
2023,14923,"Taylor, Darrell",DT+DE,0,13,0.0,3.272,0.0,50.5,0.0,4.44
2023,16294,"Wooden, Colby",DT+DE,0,13,0.0,1.294,0.0,16.5,0.0,1.45
2023,15121,"Huff, Bryce",DT+DE,0,13,0.0,4.232,0.0,65.0,0.0,5.72
2023,15829,"Asamoah, Brian",LB,0,9,0.0,0.067,0.0,4.5,0.0,0.4
2023,13965,,DT+DE,0,10,0.0,0.86,0.0,11.0,0.0,0.97
2023,15386,"Odeyingbo, Dayo",DT+DE,0,13,0.0,5.004,0.0,86.0,0.0,7.57
2023,13746,,DT+DE,0,13,0.0,1.736,0.0,25.0,0.0,2.2
2023,13826,,LB,0,13,0.0,0.102,0.0,7.0,0.0,0.62
2023,14891,"Harrison, Malik",LB,0,11,0.0,0.196,0.0,15.5,0.0,1.36
2023,15399,"Rice, Monty",LB,0,12,0.0,0.511,0.0,21.5,0.0,1.89
2023,16180,"Hull, Evan",RB,0,1,0.0,0.032,0.0,0.0,0.0,0.0
2023,15907,"Robinson, Dominique",DT+DE,0,7,0.0,0.938,0.0,12.0,0.0,1.06
2023,16252,"McDonald, Will",DT+DE,0,11,0.0,1.24,0.0,21.0,0.0,1.85
2023,14215,"Saunders, Khalen",DT+DE,0,13,0.0,3.325,0.0,42.0,0.0,3.7
2023,12699,"Billings, Andrew",DT+DE,0,13,0.0,1.813,0.0,26.5,0.0,2.33
2023,16466,,DT+DE,0,10,0.0,0.396,0.0,5.0,0.0,0.44
2023,14899,"Kinlaw, Javon",DT+DE,0,13,0.0,2.482,0.0,39.0,0.0,3.43
2023,12234,"Dupree, Bud",DT+DE,0,13,0.0,3.871,0.0,62.5,0.0,5.5
2023,12735,"Rankins, Sheldon",DT+DE,0,11,0.0,4.281,0.0,69.5,0.0,6.12
2023,15141,,DT+DE,0,11,0.0,0.846,0.0,12.0,0.0,1.06
2023,12394,"Carter, DeAndre",WR,0,13,0.0,0.71,0.0,0.0,0.0,0.0
2023,14169,"Wilson, Mack",LB,0,13,0.0,1.3,0.0,34.0,0.0,2.99
2023,16262,"White, Keion",DT+DE,0,12,0.0,1.869,0.0,28.5,0.0,2.51
2023,15348,"Basham, Carlos",DT+DE,0,11,0.0,0.621,0.0,8.5,0.0,0.75
2023,13694,"Settle, Tim",DT+DE,0,13,0.0,1.24,0.0,17.5,0.0,1.54
2023,13199,"Thomas, Solomon",DT+DE,0,13,0.0,3.387,0.0,48.0,0.0,4.22
2023,14849,"Hodgins, Isaiah",WR,0,13,0.0,1.812,0.0,3.9,0.0,0.34
2023,16465,,CB+S,0,11,0.0,0.135,0.0,7.3,0.0,0.64
2023,14963,"Thomas, Daniel",CB+S,0,13,0.0,0.084,0.0,8.3,0.0,0.73
2023,13785,"Neal, Siran",CB+S,0,13,0.0,0.412,0.0,14.1,0.0,1.24
2023,16463,"Merriweather, Kaevon",CB+S,0,12,0.0,0.385,0.0,13.8,0.0,1.21
2023,16326,"Hayes, Josh",CB+S,0,12,0.0,0.28,0.0,15.2,0.0,1.34
2023,16242,"Ringo, Kelee",CB+S,0,13,0.0,0.067,0.0,5.5,0.0,0.48
2023,16295,"Conner, Chamarri",CB+S,0,13,0.0,0.835,0.0,28.9,0.0,2.54
2023,12738,,CB+S,0,10,0.0,0.467,0.0,9.1,0.0,0.8
2023,12978,"Goodwin, C.J.",CB+S,0,6,0.0,0.135,0.0,5.2,0.0,0.46
2023,15862,"Emerson, Martin",CB+S,0,13,0.0,4.887,0.0,87.6,0.0,7.71
2023,12716,"Mills, Jalen",CB+S,0,13,0.0,1.227,0.0,35.5,0.0,3.12
2023,15951,,CB+S,0,4,0.0,0.017,0.0,1.3,0.0,0.11
2023,12325,"Burton, Michael",RB,0,13,0.0,0.322,0.0,0.0,0.0,0.0
2023,14702,,CB+S,0,6,0.0,0.103,0.0,6.0,0.0,0.53
2023,14205,"Johnson, Lonnie",CB+S,0,12,0.0,0.65,0.0,20.9,0.0,1.84
2023,15614,"McCloud, Nick",CB+S,0,13,0.0,1.113,0.0,23.9,0.0,2.1
2023,16309,"Mitchell, Cameron",CB+S,0,10,0.0,0.484,0.0,16.3,0.0,1.43
2023,15906,"Womack, Samuel",CB+S,0,4,0.0,0.033,0.0,3.4,0.0,0.3
2023,14043,,CB+S,0,10,0.0,0.051,0.0,2.1,0.0,0.18
2023,15148,"Franklin, Sam",CB+S,0,13,0.0,2.592,0.0,46.9,0.0,4.13
2023,16240,"Porter Jr., Joey",CB+S,0,13,0.0,2.439,0.0,59.1,0.0,5.2
2023,13738,"Jackson, Donte",CB+S,0,12,0.0,3.248,0.0,64.7,0.0,5.69
2023,14967,"Vildor, Kindle",CB+S,0,3,0.0,0.1,0.0,6.7,0.0,0.59
2023,14012,"Ford, Mike",CB+S,0,13,0.0,1.267,0.0,33.6,0.0,2.96
2023,15016,"Jackson, Dane",CB+S,0,11,0.0,2.778,0.0,52.3,0.0,4.6
2023,16288,"Blackmon, Mekhi",CB+S,0,12,0.0,2.572,0.0,56.8,0.0,5.0
2023,16271,"Brown, Sydney",CB+S,0,10,0.0,2.31,0.0,45.9,0.0,4.04
2023,15923,"Lake, Quentin",CB+S,0,10,0.0,2.777,0.0,48.9,0.0,4.3
2023,14280,"Miller, Scotty",WR,0,13,0.0,1.014,0.0,0.0,0.0,0.0
2023,14108,"Dortch, Greg",WR,0,12,0.0,1.631,0.0,5.9,0.0,0.52
2023,16203,"Jones, Charlie",WR,0,7,0.0,0.504,0.0,0.4,0.0,0.04
2023,14112,"Campbell, Parris",WR,0,12,0.0,0.983,0.0,0.0,0.0,0.0
2023,15054,,TE,0,8,0.0,0.143,0.0,0.0,0.0,0.0
2023,16169,"Charbonnet, Zach",RB,0,12,0.0,3.079,0.0,6.5,0.0,0.57
2023,14811,"Ahmed, Salvon",RB,0,9,0.0,1.835,0.0,0.8,0.0,0.07
2023,15873,"Bellinger, Daniel",TE,0,13,0.0,1.547,0.0,0.0,0.0,0.0
2023,14170,"Bush, Devin",LB,0,9,0.0,0.125,0.0,6.0,0.0,0.53
2023,15914,"Rodriguez, Malcolm",LB,0,13,0.0,0.217,0.0,15.8,0.0,1.39
2023,13313,,WR,0,13,0.0,1.029,0.0,0.0,0.0,0.0
2023,13810,"Joseph-Day, Sebastian",DT+DE,0,13,0.0,3.058,0.0,45.5,0.0,4.0
2023,15292,"Brown, Dyami",WR,0,13,0.0,1.588,0.0,1.8,0.0,0.16
2023,12780,,DT+DE,0,3,0.0,0.226,0.0,4.0,0.0,0.35
2023,14672,"Reeder, Troy",LB,0,13,0.0,0.147,0.0,12.0,0.0,1.06
2023,15498,"Stuard, Grant",LB,0,13,0.0,0.55,0.0,13.0,0.0,1.14
2023,13275,,DT+DE,0,9,0.0,1.92,0.0,27.5,0.0,2.42
2023,11936,"Boswell, Chris",PK,0,13,0.0,7.167,0.0,106.3,0.0,9.35
2023,15622,"Robinson, Curtis",LB,0,3,0.0,0.017,0.0,3.0,0.0,0.26
2023,13488,"Pascal, Zach",WR,0,10,0.0,0.333,0.0,0.0,0.0,0.0
2023,16235,"Hall, Derick",DT+DE,0,13,0.0,2.042,0.0,29.0,0.0,2.55
2023,13726,"Edmonds, Chase",RB,0,9,0.0,0.834,0.0,0.0,0.0,0.0
2023,12981,,DT+DE,0,13,0.0,2.03,0.0,28.5,0.0,2.51
2023,14531,,DT+DE,0,9,0.0,1.443,0.0,18.0,0.0,1.58
2023,13220,,LB,0,13,0.0,0.78,0.0,20.5,0.0,1.8
2023,15491,"Skowronek, Ben",WR,0,13,0.0,0.763,0.0,0.0,0.0,0.0
2023,12658,"Shepard, Sterling",WR,0,11,0.0,0.619,0.0,0.0,0.0,0.0
2023,15899,"Jackson, D'Marco",LB,0,13,0.0,0.726,0.0,14.5,0.0,1.28
2023,16351,"Evans, Ethan",PN,0,13,0.0,4.447,0.0,86.0,0.0,7.57
2023,16144,"Garcia, Elijah",DT+DE,0,3,0.0,0.576,0.0,8.5,0.0,0.75
2023,12773,"Moore, Chris",WR,0,13,0.0,1.832,0.0,0.0,0.0,0.0
2023,13791,"Scott, J.K.",PN,0,13,0.0,4.837,0.0,108.0,0.0,9.5
2023,15917,,LB,0,6,0.0,0.051,0.0,3.5,0.0,0.31
2023,15564,,TE,0,3,0.0,0.177,0.0,0.0,0.0,0.0
2023,14876,"Deguara, Josiah",TE,0,11,0.0,0.816,0.0,0.0,0.0,0.0
2023,15390,"McNeill, Alim",DT+DE,0,12,0.0,4.27,0.0,63.5,0.0,5.59
2023,15857,"Williams, Sam",DT+DE,0,13,0.0,2.687,0.0,43.0,0.0,3.78
2023,15030,,LB,0,3,0.0,0.165,0.0,5.0,0.0,0.44
2023,15538,"Rhattigan, Jon",LB,0,13,0.0,0.111,0.0,12.5,0.0,1.1
2023,15089,"Roach, Malcolm",DT+DE,0,12,0.0,3.113,0.0,41.5,0.0,3.65
2023,15586,"Johnson, Caleb",LB,0,13,0.0,0.068,0.0,2.5,0.0,0.22
2023,15788,"Tolbert, Jalen",WR,0,13,0.0,1.748,0.0,4.0,0.0,0.35
2023,12126,,DT+DE,0,12,0.0,1.561,0.0,23.5,0.0,2.07
2023,15500,,PN,0,2,0.0,0.5,0.0,9.0,0.0,0.79
2023,13427,"Tonyan, Robert",TE,0,13,0.0,0.814,0.0,0.0,0.0,0.0
2023,14984,"Woerner, Charlie",TE,0,13,0.0,0.917,0.0,0.0,0.0,0.0
2023,15786,"Nailor, Jalen",WR,0,6,0.0,0.186,0.0,0.0,0.0,0.0
2023,14250,,DT+DE,0,9,0.0,1.474,0.0,18.0,0.0,1.58
2023,15263,"Mitchell, Elijah",RB,0,10,0.0,1.253,0.0,3.2,0.0,0.28
2023,15851,"Ebiketie, Arnold",DT+DE,0,13,0.0,3.496,0.0,51.0,0.0,4.49
2023,15000,,LB,0,13,0.0,0.034,0.0,5.0,0.0,0.44
2023,14887,"Simmons, Isaiah",LB,0,13,0.0,1.86,0.0,44.5,0.0,3.92
2023,15563,,TE,0,13,0.0,0.786,0.0,0.0,0.0,0.0
2023,16174,"Rodriguez, Chris",RB,0,11,0.0,0.524,0.0,0.0,0.0,0.0
2023,13910,,WR,0,13,0.0,2.614,0.0,1.4,0.0,0.13
2023,14286,,CB+S,0,4,0.0,0.032,0.0,2.1,0.0,0.18
2023,10738,,WR,0,6,0.0,0.247,0.0,0.0,0.0,0.0
2023,12976,"Hamilton, Antonio",CB+S,0,10,0.0,2.736,0.0,41.6,0.0,3.66
2023,14252,"Jackson, Michael",CB+S,0,13,0.0,0.973,0.0,24.3,0.0,2.14
2023,16245,"Battle, Jordan",CB+S,0,13,0.0,2.687,0.0,57.1,0.0,5.02
2023,16045,"Schooler, Brenden",CB+S,0,13,0.0,0.486,0.0,20.6,0.0,1.81
2023,13274,,CB+S,0,13,0.0,1.886,0.0,37.7,0.0,3.32
2023,15361,"Horn, Jaycee",CB+S,0,3,0.0,1.115,0.0,18.4,0.0,1.62
2023,15225,,CB+S,0,10,0.0,0.65,0.0,15.2,0.0,1.34
2023,15947,,CB+S,0,10,0.0,0.119,0.0,3.4,0.0,0.3
2023,15875,"Belton, Dane",CB+S,0,13,0.0,0.713,0.0,22.8,0.0,2.01
2023,16176,"Vaughn, Deuce",RB,0,7,0.0,0.433,0.0,0.0,0.0,0.0
2023,13316,"Taylor, Trent",WR,0,13,0.0,0.294,0.0,0.0,0.0,0.0
2023,14076,"Williams, Trayveon",RB,0,13,0.0,0.531,0.0,0.0,0.0,0.0
2023,15434,"Smith-Marsette, Ihmir",WR,0,13,0.0,0.996,0.0,0.3,0.0,0.03
2023,15928,"Houston, James",DT+DE,0,2,0.0,0.148,0.0,2.0,0.0,0.18
2023,15618,"Jones, Naquan",DT+DE,0,8,0.0,0.242,0.0,4.0,0.0,0.35
2023,16226,"Wilson, Tyree",DT+DE,0,13,0.0,2.438,0.0,38.0,0.0,3.34
2023,11265,,DT+DE,0,13,0.0,1.578,0.0,22.5,0.0,1.98
2023,14828,,RB,0,7,0.0,1.426,0.0,5.6,0.0,0.49
2023,12040,,RB,0,12,0.0,0.525,0.0,0.0,0.0,0.0
2023,14752,,TE,0,12,0.0,0.358,0.0,0.0,0.0,0.0
2023,13691,,DT+DE,0,13,0.0,3.365,0.0,48.5,0.0,4.27
2023,12218,"Armstead, Arik",DT+DE,0,12,0.0,3.855,0.0,56.0,0.0,4.93
2023,13260,"Tomlinson, Dalvin",DT+DE,0,13,0.0,2.246,0.0,34.5,0.0,3.04
2023,15447,,DT+DE,0,4,0.0,0.073,0.0,1.0,0.0,0.09
2023,14953,"Dye, Troy",LB,0,13,0.0,0.353,0.0,17.5,0.0,1.54
2023,15385,"Ojulari, Azeez",DT+DE,0,7,0.0,0.749,0.0,11.0,0.0,0.97
2023,15864,"Wright, Alex",DT+DE,0,12,0.0,1.422,0.0,21.0,0.0,1.85
2023,16303,"Herbig, Nick",DT+DE,0,13,0.0,2.928,0.0,42.0,0.0,3.7
2023,13943,,LB,0,12,0.0,0.0,0.0,2.5,0.0,0.22
2023,13336,,DT+DE,0,13,0.0,1.397,0.0,22.0,0.0,1.94
2023,14847,"Duvernay, Devin",WR,0,13,0.0,0.902,0.0,0.0,0.0,0.0
2023,13777,"Nichols, Bilal",DT+DE,0,13,0.0,3.573,0.0,53.5,0.0,4.71
2023,10266,"Heyward, Cameron",DT+DE,0,7,0.0,2.981,0.0,47.5,0.0,4.18
2023,16254,"Kancey, Calijah",DT+DE,0,10,0.0,3.453,0.0,55.0,0.0,4.84
2023,15492,"Tonga, Khyiris",DT+DE,0,10,0.0,0.598,0.0,9.0,0.0,0.79
2023,16007,,DT+DE,0,13,0.0,1.182,0.0,15.0,0.0,1.32
2023,15910,"Ridgeway, John",DT+DE,0,13,0.0,1.855,0.0,26.0,0.0,2.29
2023,12184,,WR,0,13,0.0,1.69,0.0,13.4,0.0,1.18
2023,16459,,LB,0,3,0.0,0.0,0.0,0.5,0.0,0.04
2023,16450,"Thomas, Drake",LB,0,7,0.0,0.019,0.0,2.0,0.0,0.18
2023,13802,"Martin, Jake",DT+DE,0,13,0.0,1.339,0.0,17.0,0.0,1.5
2023,16017,"Hummel, Jake",LB,0,13,0.0,0.017,0.0,7.0,0.0,0.62
2023,15922,,DT+DE,0,13,0.0,1.304,0.0,18.0,0.0,1.58
2023,15650,"Prentice, Adam",RB,0,9,0.0,0.016,0.0,0.0,0.0,0.0
2023,10932,,RB,0,13,0.0,0.033,0.0,0.0,0.0,0.0
2023,13306,"Walker, Anthony",LB,0,12,0.0,2.665,0.0,51.5,0.0,4.53
2023,16225,"Ojulari, BJ",DT+DE,0,13,0.0,3.022,0.0,51.5,0.0,4.53
2023,12744,"Ward, Jihad",DT+DE,0,13,0.0,2.386,0.0,38.5,0.0,3.39
2023,14934,"Elliott, Jordan",DT+DE,0,13,0.0,2.571,0.0,36.0,0.0,3.17
2023,12691,"Ogbah, Emmanuel",DT+DE,0,13,0.0,2.922,0.0,42.0,0.0,3.7
2023,16468,,LB,0,9,0.0,0.312,0.0,11.5,0.0,1.01
2023,16290,"Horton, Dylan",DT+DE,0,10,0.0,1.515,0.0,21.0,0.0,1.85
2023,14083,"Homer, Travis",RB,0,12,0.0,0.127,0.0,0.0,0.0,0.0
2023,15376,"Turner, Payton",DT+DE,0,1,0.0,0.0,0.0,0.5,0.0,0.04
2023,12985,,LB,0,9,0.0,0.0,0.0,0.5,0.0,0.04
2023,15429,"Graham, Ta'Quon",DT+DE,0,11,0.0,1.072,0.0,14.5,0.0,1.28
2023,14898,,DT+DE,0,13,0.0,2.266,0.0,33.5,0.0,2.95
2023,12215,,DT+DE,0,12,0.0,2.913,0.0,41.5,0.0,3.65
2023,15412,"Brown, Bobby",DT+DE,0,9,0.0,2.04,0.0,27.5,0.0,2.42
2023,13317,"Godchaux, Davon",DT+DE,0,13,0.0,3.465,0.0,51.5,0.0,4.53
2023,16173,"Gray, Eric",RB,0,10,0.0,0.169,0.0,0.0,0.0,0.0
2023,12851,,LB,0,13,0.0,0.017,0.0,2.5,0.0,0.22
2023,14237,"Gaines, Greg",DT+DE,0,13,0.0,1.654,0.0,21.5,0.0,1.89
2023,15568,,CB+S,0,13,0.0,1.423,0.0,27.0,0.0,2.38
2023,12309,,TE,0,13,0.0,1.134,0.0,0.0,0.0,0.0
2023,15933,"Brown, Montaric",CB+S,0,9,0.0,1.873,0.0,39.7,0.0,3.49
2023,9925,,TE,0,9,0.0,1.383,0.0,0.0,0.0,0.0
2023,15521,"Ogbongbemiga, Amen",LB,0,12,0.0,0.171,0.0,6.5,0.0,0.57
2023,16304,"Ward, Jay",CB+S,0,13,0.0,0.237,0.0,10.3,0.0,0.91
2023,15944,"Leonard, Deane",CB+S,0,9,0.0,1.988,0.0,36.8,0.0,3.24
2023,14355,,TE,0,4,0.0,0.036,0.0,0.0,0.0,0.0
2023,16312,"Whyle, Josh",TE,0,11,0.0,1.65,0.0,0.8,0.0,0.07
2023,13933,"Ford, Poona",DT+DE,0,5,0.0,0.596,0.0,7.0,0.0,0.62
2023,13750,"Burks, Oren",LB,0,13,0.0,1.932,0.0,39.0,0.0,3.43
2023,16350,"Jones, Jaylon",CB+S,0,13,0.0,2.167,0.0,45.4,0.0,4.0
2023,15795,"Kolar, Charlie",TE,0,11,0.0,0.402,0.0,0.0,0.0,0.0
2023,16160,"Tune, Clayton",QB,0,5,0.0,0.264,0.0,0.0,0.0,0.0
2023,15956,"Hicks, Elijah",CB+S,0,13,0.0,1.485,0.0,37.4,0.0,3.29
2023,13863,,WR,0,13,0.0,1.153,0.0,0.0,0.0,0.0
2023,14146,"Sample, Drew",TE,0,13,0.0,1.71,0.0,2.0,0.0,0.18
2023,14011,,RB,0,8,0.0,0.081,0.0,0.0,0.0,0.0
2023,15430,,CB+S,0,1,0.0,0.0,0.0,0.0,0.0,0.0
2023,16113,"Smartt, Stone",TE,0,12,0.0,1.048,0.0,3.1,0.0,0.28
2023,13926,"Board, Chris",LB,0,13,0.0,0.036,0.0,5.5,0.0,0.48
2023,12155,"Abdullah, Ameer",RB,0,13,0.0,1.067,0.0,0.0,0.0,0.0
2023,12219,"Edwards, Mario",DT+DE,0,13,0.0,2.667,0.0,35.5,0.0,3.12
2023,13455,"Ricard, Patrick",RB,0,13,0.0,0.254,0.0,0.0,0.0,0.0
2023,15849,"McCreary, Roger",CB+S,0,11,0.0,4.552,0.0,88.8,0.0,7.81
2023,14893,"Baun, Zack",LB,0,13,0.0,1.077,0.0,28.0,0.0,2.46
2023,13203,,DT+DE,0,8,0.0,1.324,0.0,16.0,0.0,1.41
2023,12317,,TE,0,12,0.0,1.308,0.0,0.0,0.0,0.0
2023,16409,,RB,0,4,0.0,0.094,0.0,0.0,0.0,0.0
2023,16293,"Phillips, Clark",CB+S,0,7,0.0,0.996,0.0,18.0,0.0,1.58
2023,14922,,DT+DE,0,2,0.0,0.037,0.0,0.5,0.0,0.04
2023,16202,"Bell, Ronnie",WR,0,13,0.0,0.864,0.0,1.1,0.0,0.1
2023,16393,"Bobo, Jake",WR,0,14,0.0,1.757,0.0,8.3,0.0,0.73
2023,9200,,WR,0,13,0.0,0.244,0.0,0.0,0.0,0.0
2023,15935,"Goode, Cameron",DT+DE,0,13,0.0,0.419,0.0,3.5,0.0,0.31
2023,13744,"Shepherd, Nathan",DT+DE,0,13,0.0,3.551,0.0,50.5,0.0,4.44
2023,12955,"Manhertz, Chris",TE,0,13,0.0,0.461,0.0,0.0,0.0,0.0
2023,14211,,CB+S,0,11,0.0,0.833,0.0,24.2,0.0,2.13
2023,8269,"Lewis, Marcedes",TE,0,13,0.0,0.381,0.0,0.0,0.0,0.0
2023,14954,"Hawkins, Jaylinn",CB+S,0,12,0.0,0.133,0.0,6.6,0.0,0.58
2023,15761,"Shakir, Khalil",WR,0,13,0.0,3.3,0.0,18.8,0.0,1.66
2023,12378,,TE,0,13,0.0,0.918,0.0,0.0,0.0,0.0
2023,15824,"Tindall, Channing",LB,0,13,0.0,0.073,0.0,3.5,0.0,0.31
2023,16327,,CB+S,0,13,0.0,0.233,0.0,15.9,0.0,1.4
2023,15950,"Watson, Jaylen",CB+S,0,12,0.0,1.504,0.0,34.0,0.0,2.99
2023,16314,"Dennis, SirVocea",LB,0,9,0.0,0.589,0.0,11.5,0.0,1.01
2023,14239,"Moreau, Foster",TE,0,11,0.0,1.503,0.0,0.0,0.0,0.0
2023,14979,"Strnad, Justin",LB,0,13,0.0,0.017,0.0,2.5,0.0,0.22
2023,16058,"Herring, Malik",DT+DE,0,6,0.0,0.614,0.0,8.5,0.0,0.75
2023,16358,,CB+S,0,4,0.0,0.067,0.0,3.9,0.0,0.34
2023,12188,"Dorsett, Phillip",WR,0,1,0.0,0.026,0.0,0.0,0.0,0.0
2023,16212,"Mayer, Michael",TE,0,13,0.0,3.347,0.0,5.3,0.0,0.46
2023,15726,"Rivers, Ronnie",RB,0,7,0.0,0.364,0.0,0.0,0.0,0.0
2023,13678,"Thomas, Ian",TE,0,9,0.0,0.548,0.0,0.0,0.0,0.0
2023,16072,"Cochrane, Jack",LB,0,13,0.0,0.865,0.0,20.5,0.0,1.8
2023,16132,,CB+S,0,5,0.0,0.208,0.0,5.5,0.0,0.48
2023,15854,,CB+S,0,13,0.0,0.136,0.0,6.0,0.0,0.53
2023,16357,"Jones, Andre",DT+DE,0,12,0.0,0.594,0.0,5.5,0.0,0.48
2023,14037,"Davis, Jalen",CB+S,0,13,0.0,0.084,0.0,4.9,0.0,0.43
2023,15758,"Bell, David",WR,0,14,0.0,1.047,0.0,0.6,0.0,0.05
2023,13234,,RB,0,2,0.0,0.0,0.0,0.0,0.0,0.0
2023,15929,"Kieft, Ko",TE,0,13,0.0,0.458,0.0,0.0,0.0,0.0
2023,15382,"Onwuzurike, Levi",DT+DE,0,7,0.0,0.255,0.0,3.5,0.0,0.31
2023,12834,,CB+S,0,7,0.0,0.198,0.0,7.9,0.0,0.7
2023,16026,"Jones, Jaylon",CB+S,0,13,0.0,0.941,0.0,21.6,0.0,1.9
2023,13448,"Butler, Adam",DT+DE,0,13,0.0,2.755,0.0,40.0,0.0,3.52
2023,14231,,TE,0,13,0.0,0.284,0.0,0.0,0.0,0.0
2023,13838,,RB,0,13,0.0,0.233,0.0,0.0,0.0,0.0
2023,15903,"Anderson, Tycen",CB+S,0,7,0.0,0.203,0.0,8.9,0.0,0.78
2023,16305,"Abdullah, Yasir",LB,0,5,0.0,0.0,0.0,1.5,0.0,0.13
2023,16005,"Jones, Tim",WR,0,13,0.0,0.495,0.0,0.0,0.0,0.0
2023,14552,,RB,0,12,0.0,0.263,0.0,0.0,0.0,0.0
2023,16334,"Reed, Jerrick",CB+S,0,10,0.0,0.321,0.0,13.3,0.0,1.17
2023,15837,,CB+S,0,6,0.0,0.033,0.0,0.0,0.0,0.0
2023,14125,,WR,0,13,0.0,0.279,0.0,0.0,0.0,0.0
2023,16313,"Clifford, Sean",QB,0,1,0.0,0.083,0.0,0.0,0.0,0.0
2023,15915,,DT+DE,0,13,0.0,1.56,0.0,25.0,0.0,2.2
2023,14506,"Pittman, Anthony",LB,0,13,0.0,0.017,0.0,3.0,0.0,0.26
2023,15335,"Farrell, Luke",TE,0,13,0.0,1.45,0.0,0.0,0.0,0.0
2023,16273,"Young, Byron",DT+DE,0,6,0.0,0.347,0.0,6.0,0.0,0.53
2023,15921,"Jackson, Theo",CB+S,0,13,0.0,0.933,0.0,27.2,0.0,2.39
2023,15528,,WR,0,2,0.0,0.026,0.0,0.0,0.0,0.0
2023,13085,"Fox, Morgan",DT+DE,0,13,0.0,3.108,0.0,42.5,0.0,3.74
2023,14901,"Gallimore, Neville",DT+DE,0,13,0.0,1.61,0.0,21.5,0.0,1.89
2023,14024,,CB+S,0,13,0.0,1.435,0.0,32.3,0.0,2.84
2023,16221,"Schoonmaker, Luke",TE,0,13,0.0,1.628,0.0,0.3,0.0,0.03
2023,14962,"Gipson, Trevis",DT+DE,0,7,0.0,0.854,0.0,9.0,0.0,0.79
2023,10308,,WR,0,8,0.0,0.577,0.0,0.0,0.0,0.0
2023,15973,"Blackshear, Raheem",RB,0,8,0.0,0.647,0.0,0.0,0.0,0.0
2023,13769,"Street, Kentavius",DT+DE,0,13,0.0,2.314,0.0,35.0,0.0,3.08
2023,14495,"Gifford, Luke",LB,0,10,0.0,0.036,0.0,3.5,0.0,0.31
2023,16195,"Wicks, Dontayvion",WR,0,14,0.0,3.698,0.0,10.1,0.0,0.89
2023,12311,,CB+S,0,9,0.0,0.153,0.0,2.8,0.0,0.25
2023,16439,"Diabate, Mohamoud",LB,0,12,0.0,0.017,0.0,3.5,0.0,0.31
2023,14938,,LB,0,10,0.0,0.052,0.0,2.0,0.0,0.18
2023,14278,,CB+S,0,11,0.0,0.871,0.0,16.9,0.0,1.49
2023,11239,,WR,0,9,0.0,0.304,0.0,0.0,0.0,0.0
2023,15285,"Wallace, Tylan",WR,0,7,0.0,0.634,0.0,1.1,0.0,0.1
2023,16345,"Speed, Ameer",CB+S,0,9,0.0,0.188,0.0,6.5,0.0,0.57
2023,14860,"Jennings, Jauan",WR,0,12,0.0,1.644,0.0,4.0,0.0,0.35
2023,13811,"Smith, Tremon",CB+S,0,13,0.0,0.205,0.0,9.2,0.0,0.81
2023,15431,"Fields, Tony",LB,0,13,0.0,0.939,0.0,22.5,0.0,1.98
2023,9853,,DT+DE,0,13,0.0,2.601,0.0,37.5,0.0,3.3
2023,14472,"Dodson, Tyrel",LB,0,13,0.0,3.605,0.0,69.0,0.0,6.07
2023,14319,"Beck, Andrew",RB,0,12,0.0,0.727,0.0,0.0,0.0,0.0
2023,16462,,PN,0,5,0.0,0.633,0.0,17.0,0.0,1.5
2023,15344,"Bates, John",TE,0,13,0.0,1.602,0.0,0.0,0.0,0.0
2023,16284,"Williams, Dorian",LB,0,13,0.0,0.976,0.0,31.5,0.0,2.77
2023,14123,"Renfrow, Hunter",WR,0,13,0.0,1.481,0.0,0.0,0.0,0.0
2023,11286,"Jenkins, John",DT+DE,0,13,0.0,3.918,0.0,57.0,0.0,5.02
2023,16183,"Hyatt, Jalin",WR,0,13,0.0,1.91,0.0,8.6,0.0,0.76
2023,14198,"Ya-Sin, Rock",CB+S,0,11,0.0,0.204,0.0,10.8,0.0,0.95
2023,15002,,LB,0,13,0.0,0.036,0.0,7.0,0.0,0.62
2023,16269,"Strange, Brenton",TE,0,11,0.0,0.961,0.0,0.9,0.0,0.08
2023,13994,"Brown, Pharaoh",TE,0,13,0.0,1.931,0.0,6.3,0.0,0.56
2023,15595,"Campbell, Elijah",CB+S,0,13,0.0,0.467,0.0,14.2,0.0,1.25
2023,14509,,LB,0,9,0.0,0.036,0.0,5.4,0.0,0.48
2023,13491,,CB+S,0,7,0.0,0.033,0.0,3.4,0.0,0.3
2023,15333,,TE,0,6,0.0,0.071,0.0,0.0,0.0,0.0
2023,15830,"Muma, Chad",LB,0,13,0.0,0.453,0.0,14.5,0.0,1.28
2023,14964,,CB+S,0,9,0.0,1.758,0.0,25.1,0.0,2.21
2023,15103,"Gilliam, Reggie",RB,0,13,0.0,0.246,0.0,0.0,0.0,0.0
2023,15481,"Johnson, Patrick",DT+DE,0,11,0.0,0.382,0.0,4.5,0.0,0.4
2023,15449,"Britt, K.J.",LB,0,13,0.0,0.457,0.0,16.0,0.0,1.41
2023,12181,"Agholor, Nelson",WR,0,13,0.0,2.773,0.0,7.9,0.0,0.7
2023,13687,"Lewis, Tyquan",DT+DE,0,13,0.0,3.812,0.0,51.5,0.0,4.53
2023,16102,"Pola-Mao, Isaiah",CB+S,0,12,0.0,1.091,0.0,20.7,0.0,1.82
2023,16234,"Simpson, Trenton",LB,0,11,0.0,0.056,0.0,3.5,0.0,0.31
2023,16193,"Boutte, Kayshon",WR,0,3,0.0,0.1,0.0,0.0,0.0,0.0
2023,14911,"Davis, Ashtyn",CB+S,0,13,0.0,2.456,0.0,55.5,0.0,4.88
2023,15383,,CB+S,0,4,0.0,0.049,0.0,2.6,0.0,0.23
2023,16243,"Smith, Cam",CB+S,0,12,0.0,0.05,0.0,2.1,0.0,0.18
2023,14727,"Reynolds, Craig",RB,0,13,0.0,1.321,0.0,0.2,0.0,0.01
2023,15909,"Mitchell, James",TE,0,11,0.0,0.21,0.0,0.0,0.0,0.0
2023,14321,,WR,0,6,0.0,0.172,0.0,0.0,0.0,0.0
2023,16306,"Henry, K.J.",DT+DE,0,6,0.0,1.327,0.0,20.0,0.0,1.76
2023,16198,,WR,0,10,0.0,0.314,0.0,0.0,0.0,0.0
2023,16224,"Murphy, Myles",DT+DE,0,13,0.0,1.688,0.0,24.5,0.0,2.16
2023,15353,"Surratt, Chazz",LB,0,10,0.0,0.087,0.0,5.5,0.0,0.48
2023,14401,,LB,0,12,0.0,0.072,0.0,7.5,0.0,0.66
2023,16138,"Olubi, Segun",LB,0,13,0.0,1.283,0.0,22.0,0.0,1.94
2023,16270,"Pickens, Zacch",DT+DE,0,13,0.0,1.604,0.0,23.0,0.0,2.02
2023,16319,"Smith, Terell",CB+S,0,8,0.0,2.839,0.0,52.7,0.0,4.64
2023,16352,"Hellams, DeMarcco",CB+S,0,12,0.0,0.527,0.0,21.2,0.0,1.87
2023,14067,"Minshew, Gardner",QB,8,16,2.651,5.747,0.0,50.9,0.0,4.48
2023,16019,"Hansen, Jake",LB,0,10,0.0,0.09,0.0,7.0,0.0,0.62
2023,15371,,DT+DE,0,8,0.0,0.834,0.0,9.5,0.0,0.84
2023,16265,"Dexter, Gervon",DT+DE,0,13,0.0,1.422,0.0,24.0,0.0,2.11
2023,16310,"Robinson, Jammie",CB+S,0,12,0.0,0.607,0.0,17.0,0.0,1.5
2023,16391,"Luepke, Hunter",RB,0,13,0.0,0.4,0.0,0.0,0.0,0.0
2023,15965,"Chestnut, Julius",RB,0,3,0.0,0.062,0.0,0.0,0.0,0.0
2023,15804,"Calcaterra, Grant",TE,0,11,0.0,0.243,0.0,0.0,0.0,0.0
2023,15140,"Lewis, Cam",CB+S,0,13,0.0,0.465,0.0,16.4,0.0,1.44
2023,15398,"Jones, Patrick",DT+DE,0,13,0.0,1.4,0.0,21.0,0.0,1.85
2023,16216,"Washington, Darnell",TE,0,13,0.0,0.965,0.0,0.0,0.0,0.0
2023,12212,,TE,0,7,0.0,0.181,0.0,0.0,0.0,0.0
2023,12481,"Hewitt, Neville",LB,0,12,0.0,0.074,0.0,7.5,0.0,0.66
2023,14213,"Harris, Will",CB+S,0,13,0.0,2.124,0.0,33.4,0.0,2.94
2023,14652,"Givens, Kevin",DT+DE,0,13,0.0,1.765,0.0,26.5,0.0,2.33
2023,16461,"Sewell, Nephi",LB,0,13,0.0,0.759,0.0,17.0,0.0,1.5
2023,15541,"Stoll, Jack",TE,0,13,0.0,0.74,0.0,0.0,0.0,0.0
2023,13918,,CB+S,0,13,0.0,1.036,0.0,21.6,0.0,1.9
2023,14013,,CB+S,0,13,0.0,1.245,0.0,29.3,0.0,2.58
2023,16222,"Kraft, Tucker",TE,0,13,0.0,2.375,0.0,1.3,0.0,0.12
2023,16000,,TE,0,4,0.0,0.036,0.0,0.0,0.0,0.0
2023,10368,,RB,0,2,0.0,0.016,0.0,0.0,0.0,0.0
2023,14266,,CB+S,0,13,0.0,0.366,0.0,13.7,0.0,1.21
2023,13124,"Rush, Cooper",QB,0,7,0.0,0.214,0.0,0.0,0.0,0.0
2023,14944,"Holmes, Darnay",CB+S,0,12,0.0,1.967,0.0,37.6,0.0,3.31
2023,15919,,CB+S,0,6,0.0,0.904,0.0,16.8,0.0,1.48
2023,15330,"Jordan, Brevin",TE,0,10,0.0,1.968,0.0,0.0,0.0,0.0
2023,16207,"Iosivas, Andrei",WR,0,13,0.0,0.84,0.0,0.0,0.0,0.0
2023,16263,"Martin, Quan",CB+S,0,12,0.0,1.402,0.0,33.6,0.0,2.96
2023,13906,,LB,0,4,0.0,0.036,0.0,2.0,0.0,0.18
2023,14592,"Zaccheaus, Olamide",WR,0,13,0.0,1.28,0.0,3.5,0.0,0.31
2023,16231,"Sanders, Drew",LB,0,13,0.0,0.349,0.0,15.0,0.0,1.32
2023,13940,"Mundt, Johnny",TE,0,13,0.0,0.465,0.0,0.0,0.0,0.0
2023,15124,"Pierre, James",CB+S,0,12,0.0,0.24,0.0,8.1,0.0,0.71
2023,15117,"Flannigan-Fowles, Demetrius",LB,0,12,0.0,0.113,0.0,7.5,0.0,0.66
2023,16278,"Diaby, YaYa",DT+DE,0,13,0.0,4.082,0.0,59.5,0.0,5.24
2023,14267,,WR,0,7,0.0,0.075,0.0,0.0,0.0,0.0
2023,15893,"Turner-Yell, Delarrin",CB+S,0,13,0.0,2.017,0.0,41.4,0.0,3.64
2023,14958,,DT+DE,0,13,0.0,0.33,0.0,2.0,0.0,0.18
2023,9714,,QB,0,3,0.0,0.217,0.0,0.0,0.0,0.0
2023,12760,,CB+S,0,9,0.0,0.568,0.0,12.5,0.0,1.1
2023,14551,,WR,0,12,0.0,1.955,0.0,12.2,0.0,1.08
2023,16318,"Hampton, Nick",LB,0,6,0.0,0.0,0.0,0.5,0.0,0.04
2023,16219,"Allen, Davis",TE,0,14,0.0,1.825,0.0,5.4,0.0,0.48
2023,13963,"Hodge, KhaDarel",WR,0,13,0.0,1.333,0.0,0.2,0.0,0.02
2023,14957,"Robertson, Amik",CB+S,0,13,0.0,3.195,0.0,60.3,0.0,5.31
2023,13748,"Jones, Justin",DT+DE,0,13,0.0,5.296,0.0,78.5,0.0,6.91
2023,14150,,DT+DE,0,2,0.0,0.0,0.0,0.5,0.0,0.04
2023,14878,"Gross-Matos, Yetur",DT+DE,0,8,0.0,2.366,0.0,33.5,0.0,2.95
2023,15341,"Morris, Quintin",TE,0,11,0.0,0.915,0.0,0.0,0.0,0.0
2023,13893,"Sherfield, Trent",WR,0,13,0.0,0.462,0.0,0.0,0.0,0.0
2023,16387,"Brooks, Chris",RB,0,7,0.0,0.285,0.0,0.0,0.0,0.0
2023,14943,"Davis-Gaither, Akeem",LB,0,9,0.0,0.052,0.0,9.5,0.0,0.84
2023,12608,"Winchester, James",TE,0,13,0.0,0.281,0.0,0.0,0.0,0.0
2023,10514,"Bellore, Nick",RB,0,12,0.0,0.405,0.0,0.0,0.0,0.0
2023,14841,"Claypool, Chase",WR,0,8,0.0,0.541,0.0,2.3,0.0,0.2
2023,15137,,CB+S,0,8,0.0,1.14,0.0,23.9,0.0,2.1
2023,15081,"Wharton, Tershawn",DT+DE,0,13,0.0,1.687,0.0,21.5,0.0,1.89
2023,13939,"Odum, George",CB+S,0,11,0.0,0.324,0.0,12.6,0.0,1.11
2023,11807,"Urban, Brent",DT+DE,0,13,0.0,2.477,0.0,36.5,0.0,3.21
2023,15049,"Bachie, Joe",LB,0,13,0.0,0.017,0.0,1.5,0.0,0.13
2023,16191,"Tillman, Cedric",WR,0,10,0.0,0.862,0.0,0.0,0.0,0.0
2023,15796,"Ruckert, Jeremy",TE,0,13,0.0,1.686,0.0,0.0,0.0,0.0
2023,13930,,LB,0,12,0.0,0.337,0.0,13.4,0.0,1.18
2023,13270,"Moreau, Fabian",CB+S,0,12,0.0,1.651,0.0,42.1,0.0,3.7
2023,14328,"Wingard, Andrew",CB+S,0,13,0.0,1.969,0.0,45.3,0.0,3.99
2023,14242,,LB,0,1,0.0,0.0,0.0,0.0,0.0,0.0
2023,14975,"Murchison, Larrell",DT+DE,0,11,0.0,0.912,0.0,11.5,0.0,1.01
2023,16023,"Bell, D'Anthony",CB+S,0,13,0.0,0.134,0.0,7.3,0.0,0.64
2023,13444,,LB,0,4,0.0,0.0,0.0,1.0,0.0,0.09
2023,15456,"Niemann, Nick",LB,0,13,0.0,0.83,0.0,19.0,0.0,1.67
2023,13246,"Alie-Cox, Mo",TE,0,13,0.0,1.683,0.0,0.5,0.0,0.05
2023,16298,"Robinson, Tavius",DT+DE,0,13,0.0,1.877,0.0,26.0,0.0,2.29
2023,16238,"Sewell, Noah",LB,0,11,0.0,0.16,0.0,8.5,0.0,0.75
2023,11367,"Juszczyk, Kyle",RB,0,13,0.0,1.071,0.0,0.8,0.0,0.07
2023,13988,"Dwelley, Ross",TE,0,12,0.0,0.412,0.0,0.0,0.0,0.0
2023,14359,"Johnson, Jakob",RB,0,9,0.0,0.05,0.0,0.0,0.0,0.0
2023,16099,,LB,0,8,0.0,0.304,0.0,9.0,0.0,0.79
2023,15485,,DT+DE,0,1,0.0,0.0,0.0,0.0,0.0,0.0
2023,15936,"Robinson, Mark",LB,0,13,0.0,0.702,0.0,15.0,0.0,1.32
2023,15506,,TE,0,1,0.0,0.036,0.0,0.0,0.0,0.0
2023,13276,,CB+S,0,13,0.0,2.786,0.0,59.3,0.0,5.22
2023,16297,,DT+DE,0,12,0.0,1.327,0.0,14.5,0.0,1.28
2023,13882,,WR,0,10,0.0,0.254,0.0,0.0,0.0,0.0
2023,16118,"Brown, Mike",CB+S,0,6,0.0,0.123,0.0,3.6,0.0,0.32
2023,15046,,WR,0,2,0.0,0.026,0.0,0.0,0.0,0.0
2023,16460,"Hickman, Ronnie",CB+S,0,6,0.0,0.314,0.0,10.1,0.0,0.89
2023,16413,"Heath, Malik",WR,0,9,0.0,0.908,0.0,0.0,0.0,0.0
2023,13764,"Johnson, Taron",CB+S,0,13,0.0,5.691,0.0,105.8,0.0,9.31
2023,12785,"Robinson, Demarcus",WR,0,14,0.0,2.793,0.0,17.1,0.0,1.51
2023,15867,"Malone, DeAngelo",DT+DE,0,13,0.0,0.543,0.0,5.5,0.0,0.48
2023,15450,"McGrone, Cameron",LB,0,9,0.0,0.017,0.0,1.0,0.0,0.09
2023,16311,"Howden, Jordan",CB+S,1,13,0.0,2.33,0.0,44.8,0.0,3.94
2023,14888,"Chaisson, K'Lavon",DT+DE,0,13,0.0,2.05,0.0,29.0,0.0,2.55
2023,15347,,DT+DE,0,11,0.0,1.497,0.0,21.0,0.0,1.85
2023,14113,"Hardman, Mecole",WR,0,9,0.0,0.47,0.0,0.0,0.0,0.0
2023,14256,"Bailey, Jake",PN,0,13,0.0,3.466,0.0,65.0,0.0,5.72
2023,15998,"Ray, LaBryan",DT+DE,0,13,0.0,0.91,0.0,12.0,0.0,1.06
2023,13592,"Darnold, Sam",QB,0,6,0.0,0.168,0.0,0.0,0.0,0.0
2023,15734,"Ingram, Keaontay",RB,0,8,0.0,0.459,0.0,0.0,0.0,0.0
2023,12176,,WR,0,12,0.0,2.291,0.0,3.1,0.0,0.28
2023,16029,"Avery, Tre",CB+S,0,12,0.0,1.609,0.0,32.9,0.0,2.9
2023,13840,,CB+S,0,7,0.0,1.652,0.0,34.7,0.0,3.05
2023,16220,"Mallory, Will",TE,0,8,0.0,1.518,0.0,0.0,0.0,0.0
2023,16241,"Witherspoon, Devon",CB+S,0,12,0.0,6.423,0.0,129.0,0.0,11.35
2023,14207,"Thornhill, Juan",CB+S,0,10,0.0,3.239,0.0,61.5,0.0,5.41
2023,16475,,CB+S,0,4,0.0,0.125,0.0,5.5,0.0,0.48
2023,16287,"Tucker, Tre",WR,0,14,0.0,1.426,0.0,0.0,0.0,0.0
2023,14258,,PK,0,1,0.0,0.083,0.0,4.4,0.0,0.39
2023,14269,,DT+DE,0,11,0.0,0.761,0.0,11.0,0.0,0.97
2023,15759,"Metchie, John",WR,0,12,0.0,0.889,0.0,0.0,0.0,0.0
2023,15436,,CB+S,0,11,0.0,0.87,0.0,24.1,0.0,2.12
2023,13608,,RB,0,2,0.0,0.062,0.0,0.0,0.0,0.0
2023,12813,,CB+S,0,9,0.0,1.685,0.0,37.1,0.0,3.26
2023,13202,"Lawson, Carl",DT+DE,0,6,0.0,0.334,0.0,3.0,0.0,0.26
2023,13731,"Hughes, Mike",CB+S,0,11,0.0,0.518,0.0,16.5,0.0,1.45
2023,14220,,DT+DE,0,3,0.0,0.259,0.0,4.0,0.0,0.35
2023,15548,,DT+DE,0,3,0.0,0.283,0.0,3.0,0.0,0.26
2023,15464,"Echols, Brandin",CB+S,0,10,0.0,1.543,0.0,28.3,0.0,2.49
2023,13942,"Gray, J.T.",CB+S,0,10,0.0,0.101,0.0,10.5,0.0,0.92
2023,16477,,CB+S,0,9,0.0,0.401,0.0,8.9,0.0,0.78
2023,16349,,WR,0,8,0.0,0.073,0.0,0.0,0.0,0.0
2023,16476,"Jones, Cam",LB,0,12,0.0,0.017,0.0,3.0,0.0,0.26
2023,16344,"Stills, Dante",DT+DE,0,12,0.0,3.963,0.0,59.0,0.0,5.19
2023,13836,,LB,0,7,0.0,0.942,0.0,15.5,0.0,1.36
2023,16431,,CB+S,0,12,0.0,0.217,0.0,10.9,0.0,0.96
2023,15945,"Lucas, Chase",CB+S,0,11,0.0,0.145,0.0,3.4,0.0,0.3
2023,13148,"Ogunbowale, Dare",RB,0,8,0.0,0.458,0.0,0.0,0.0,0.0
2023,15891,"Davidson, D.J.",DT+DE,0,11,0.0,1.137,0.0,16.0,0.0,1.41
2023,13423,,LB,0,12,0.0,0.017,0.0,2.0,0.0,0.18
2023,16302,"Lacy, Tyler",DT+DE,0,11,0.0,0.591,0.0,9.5,0.0,0.84
2023,16120,"Trammell, Austin",WR,0,12,0.0,0.621,0.0,0.0,0.0,0.0
2023,15896,,DT+DE,0,1,0.0,0.037,0.0,0.5,0.0,0.04
2023,14306,,DT+DE,0,1,0.0,0.037,0.0,0.5,0.0,0.04
2023,12948,,DT+DE,0,12,0.0,1.018,0.0,14.0,0.0,1.23
2023,16432,"Wilson, Emanuel",RB,0,7,0.0,0.553,0.0,0.0,0.0,0.0
2023,15709,,RB,0,6,0.0,0.23,0.0,0.0,0.0,0.0
2023,16181,"Brown, Chase",RB,0,8,0.0,1.108,0.0,9.2,0.0,0.81
2023,16335,"Matlock, Scott",DT+DE,0,7,0.0,0.518,0.0,8.0,0.0,0.7
2023,12845,,RB,0,11,0.0,0.16,0.0,0.0,0.0,0.0
2023,16454,,CB+S,0,12,0.0,0.421,0.0,18.1,0.0,1.59
2023,15879,"Armour-Davis, Jalyn",CB+S,0,8,0.0,0.173,0.0,5.0,0.0,0.44
2023,16229,,DT+DE,0,9,0.0,0.113,0.0,0.5,0.0,0.04
2023,14176,,DT+DE,0,3,0.0,0.231,0.0,2.0,0.0,0.18
2023,16449,,CB+S,0,8,0.0,0.844,0.0,22.0,0.0,1.94
2023,14097,,RB,0,2,0.0,0.016,0.0,0.0,0.0,0.0
2023,16145,"McMillian, Ja'Quan",CB+S,0,12,0.0,5.524,0.0,95.1,0.0,8.37
2023,13929,,DT+DE,0,6,0.0,0.218,0.0,2.0,0.0,0.18
2023,16094,,LB,0,6,0.0,0.833,0.0,12.0,0.0,1.06
2023,16490,,CB+S,0,2,0.0,0.083,0.0,2.6,0.0,0.23
2023,13227,"Lewis, Jourdan",CB+S,0,12,0.0,2.378,0.0,55.8,0.0,4.91
2023,16260,"Foskey, Isaiah",DT+DE,0,9,0.0,0.843,0.0,11.0,0.0,0.97
2023,14081,"Gaskin, Myles",RB,0,2,0.0,0.033,0.0,0.0,0.0,0.0
2023,13688,"Davenport, Marcus",DT+DE,0,4,0.0,1.357,0.0,17.5,0.0,1.54
2023,13683,"Hand, Da'Shawn",DT+DE,0,12,0.0,1.324,0.0,18.0,0.0,1.58
2023,16483,"Sims, Ben",TE,0,12,0.0,0.581,0.0,0.0,0.0,0.0
2023,13781,,DT+DE,0,2,0.0,0.018,0.0,0.0,0.0,0.0
2023,10313,"Dalton, Andy",QB,0,3,0.0,0.835,0.0,14.7,0.0,1.29
2023,16474,"Adkins, Nate",TE,0,8,0.0,0.455,0.0,0.0,0.0,0.0
2023,16316,"Kelly, Kyu Blu",CB+S,0,6,0.0,0.05,0.0,0.0,0.0,0.0
2023,16485,"Incoom, Thomas",LB,0,3,0.0,0.019,0.0,1.0,0.0,0.09
2023,14292,"Summers, Ty",LB,0,11,0.0,0.017,0.0,1.5,0.0,0.13
2023,12486,,CB+S,0,12,0.0,3.077,0.0,49.6,0.0,4.36
2023,16482,,CB+S,0,3,0.0,0.033,0.0,0.0,0.0,0.0
2023,16336,"Braswell, Christian",CB+S,0,3,0.0,0.017,0.0,0.0,0.0,0.0
2023,15925,"FitzPatrick, John",TE,0,8,0.0,0.214,0.0,0.0,0.0,0.0
2023,16403,"Tinsley, Mitchell",WR,0,1,0.0,0.0,0.0,0.0,0.0,0.0
2023,16237,"Pappoe, Owen",LB,0,12,0.0,0.034,0.0,2.0,0.0,0.18
2023,16484,,CB+S,0,12,0.0,0.185,0.0,10.2,0.0,0.9
2023,16364,"Brooks, Jalen",WR,0,5,0.0,0.47,0.0,0.0,0.0,0.0
2023,13365,,DT+DE,0,6,0.0,0.447,0.0,5.0,0.0,0.44
2023,13879,"Allen, Kyle",QB,0,5,0.0,0.062,0.0,0.0,0.0,0.0
2023,15767,"Jones, Velus",WR,0,10,0.0,0.469,0.0,0.0,0.0,0.0
2023,14555,"Olszewski, Gunner",WR,0,8,0.0,0.156,0.0,0.0,0.0,0.0
2023,12930,"Chosen, Robbie",WR,0,5,0.0,0.752,0.0,4.3,0.0,0.38
2023,16261,"Brents, Julius",CB+S,0,8,0.0,2.56,0.0,43.7,0.0,3.85
2023,13598,"White, Mike",QB,0,5,0.0,0.208,0.0,0.0,0.0,0.0
2023,12745,"Jones, Deion",LB,0,9,0.0,1.207,0.0,31.0,0.0,2.73
2023,11768,"Ward, Jimmie",CB+S,0,8,0.0,4.212,0.0,63.6,0.0,5.6
2023,14894,"Jennings, Anfernee",DT+DE,0,11,0.0,5.104,0.0,78.0,0.0,6.86
2023,12151,,RB,0,2,0.0,0.433,0.0,0.0,0.0,0.0
2023,14263,"Ballentine, Corey",CB+S,0,10,0.0,2.204,0.0,46.8,0.0,4.12
2023,15757,"Robinson, Wan'Dale",WR,0,11,0.0,3.128,0.0,15.1,0.0,1.33
2023,14283,"Wilson, Donovan",CB+S,0,11,0.0,4.085,0.0,73.1,0.0,6.43
2023,16091,,DT+DE,0,4,0.0,0.677,0.0,13.5,0.0,1.19
2023,16171,"Miller, Kendre",RB,0,7,0.0,0.97,0.0,1.2,0.0,0.1
2023,14985,"Mann, Braden",PN,0,11,0.0,3.049,0.0,61.3,0.0,5.39
2023,12140,"Winston, Jameis",QB,0,6,0.0,0.626,0.0,0.0,0.0,0.0
2023,16494,,LB,0,4,0.0,0.204,0.0,6.5,0.0,0.57
2023,14987,,DT+DE,0,11,0.0,2.562,0.0,38.5,0.0,3.39
2023,15257,"Sermon, Trey",RB,0,11,0.0,0.116,0.0,0.0,0.0,0.0
2023,12630,,RB,0,2,0.0,0.05,0.0,0.0,0.0,0.0
2023,15920,"Roberts, Sam",DT+DE,0,7,0.0,0.312,0.0,4.5,0.0,0.4
2023,16486,,DT+DE,0,2,0.0,0.111,0.0,2.0,0.0,0.18
2023,13286,,DT+DE,0,8,0.0,1.392,0.0,21.0,0.0,1.85
2023,15930,,LB,0,4,0.0,0.074,0.0,2.0,0.0,0.18
2023,15900,,WR,0,5,0.0,0.121,0.0,0.0,0.0,0.0
2023,16496,"Russell, Brady",TE,0,11,0.0,0.312,0.0,0.0,0.0,0.0
2023,15727,"Knight, Bam",RB,0,2,0.0,0.069,0.0,0.0,0.0,0.0
2023,15536,,CB+S,0,8,0.0,0.945,0.0,21.2,0.0,1.87
2023,14980,,LB,0,11,0.0,0.072,0.0,8.5,0.0,0.75
2023,16024,,DT+DE,0,3,0.0,0.248,0.0,3.5,0.0,0.31
2023,16493,,CB+S,0,7,0.0,0.051,0.0,5.0,0.0,0.44
2023,15535,"Kinsey, Mason",WR,0,2,0.0,0.098,0.0,0.0,0.0,0.0
2023,13125,,QB,0,5,0.0,0.063,0.0,0.0,0.0,0.0
2023,14160,,DT+DE,0,7,0.0,1.386,0.0,19.0,0.0,1.67
2023,16055,,DT+DE,0,10,0.0,0.537,0.0,7.0,0.0,0.62
2023,15844,,WR,0,2,0.0,0.036,0.0,0.0,0.0,0.0
2023,13652,"Wilson, Cedrick",WR,0,12,0.0,2.192,0.0,0.4,0.0,0.04
2023,14859,,WR,0,6,0.0,0.204,0.0,0.0,0.0,0.0
2023,16274,"Williams, Garrett",CB+S,0,8,0.0,1.094,0.0,28.9,0.0,2.54
2023,16491,,CB+S,0,5,0.0,0.033,0.0,0.0,0.0,0.0
2023,13232,,CB+S,0,7,0.0,1.724,0.0,29.8,0.0,2.62
2023,16418,"Land, Isaiah",LB,0,5,0.0,0.167,0.0,6.5,0.0,0.57
2023,15425,,WR,0,2,0.0,0.024,0.0,0.0,0.0,0.0
2023,14843,,WR,0,11,0.0,0.754,0.0,0.0,0.0,0.0
2023,13259,,CB+S,0,1,0.0,0.017,0.0,0.0,0.0,0.0
2023,15440,"Taylor, Keith",CB+S,0,1,0.0,0.017,0.0,0.0,0.0,0.0
2023,13326,,RB,0,4,0.0,0.131,0.0,0.0,0.0,0.0
2023,16367,"Willis, Brayden",TE,0,3,0.0,0.0,0.0,0.0,0.0,0.0
2023,14939,,TE,0,2,0.0,0.0,0.0,0.0,0.0,0.0
2023,16158,,QB,0,8,0.0,0.629,0.0,0.4,0.0,0.04
2023,16360,,RB,0,1,0.0,0.0,0.0,0.0,0.0,0.0
2023,15194,"Christiansen, Cole",LB,0,2,0.0,0.0,0.0,0.0,0.0,0.0
2023,16455,"Cox, Brenton",LB,0,4,0.0,0.0,0.0,0.0,0.0,0.0
2023,16425,"Hill, Julian",TE,0,11,0.0,0.517,0.0,0.0,0.0,0.0
2023,15413,"Rumph, Chris",DT+DE,0,6,0.0,1.007,0.0,10.5,0.0,0.92
2023,14810,,RB,0,6,0.0,0.195,0.0,0.0,0.0,0.0
2023,15883,,DT+DE,0,2,0.0,0.0,0.0,0.0,0.0,0.0
2023,12257,,WR,0,4,0.0,0.06,0.0,0.0,0.0,0.0
2023,16346,"Winters, Dee",LB,0,11,0.0,0.201,0.0,8.0,0.0,0.7
2023,14902,"Okudah, Jeff",CB+S,0,10,0.0,2.953,0.0,54.3,0.0,4.78
2023,16376,"Johnson, Desjuan",DT+DE,0,9,0.0,0.761,0.0,10.5,0.0,0.92
2023,16308,"Roy, Jaquelin",DT+DE,0,10,0.0,0.847,0.0,9.0,0.0,0.79
2023,14935,,CB+S,0,2,0.0,0.017,0.0,0.0,0.0,0.0
2023,15388,"Ossai, Joseph",DT+DE,0,10,0.0,0.908,0.0,12.0,0.0,1.06
2023,16279,"Moss, Riley",CB+S,0,10,0.0,0.103,0.0,2.9,0.0,0.26
2023,15451,,CB+S,0,5,0.0,0.154,0.0,4.7,0.0,0.41
2023,15694,"Willis, Malik",QB,0,3,0.0,0.083,0.0,0.0,0.0,0.0
2023,14184,,CB+S,0,5,0.0,0.29,0.0,12.3,0.0,1.08
2023,13547,"Maulet, Art",CB+S,0,11,0.0,2.316,0.0,50.1,0.0,4.41
2023,13797,,CB+S,0,4,0.0,0.153,0.0,6.5,0.0,0.57
2023,16492,"Cherelus, Claudin",LB,0,5,0.0,0.017,0.0,0.0,0.0,0.0
2023,14121,,WR,0,3,0.0,0.012,0.0,0.0,0.0,0.0
2023,16371,"Austin, Alex",CB+S,0,4,0.0,0.017,0.0,0.0,0.0,0.0
2023,16280,"Henley, Daiyan",LB,0,11,0.0,0.107,0.0,6.5,0.0,0.57
2023,16088,,DT+DE,0,1,0.0,0.0,0.0,0.0,0.0,0.0
2023,10262,,QB,0,1,0.0,0.042,0.0,0.0,0.0,0.0
2023,14228,,CB+S,0,3,0.0,0.281,0.0,6.7,0.0,0.59
2023,11443,,PN,0,2,0.0,0.727,0.0,13.0,0.0,1.14
2023,14057,"Lock, Drew",QB,0,4,0.0,0.985,0.0,5.3,0.0,0.47
2023,13637,,WR,0,5,0.0,0.266,0.0,0.0,0.0,0.0
2023,15461,"Lopez, Roy",DT+DE,0,10,0.0,2.481,0.0,32.0,0.0,2.82
2023,11723,"Van Noy, Kyle",LB,0,10,0.0,2.718,0.0,55.0,0.0,4.84
2023,11951,,WR,0,3,0.0,0.086,0.0,0.0,0.0,0.0
2023,16355,,DT+DE,0,2,0.0,0.153,0.0,2.0,0.0,0.18
2023,16277,"Johnson, DJ",DT+DE,0,9,0.0,0.993,0.0,16.0,0.0,1.41
2023,15866,"Flott, Cordale",CB+S,0,10,0.0,1.5,0.0,42.3,0.0,3.72
2023,15303,"Fehoko, Simi",WR,0,6,0.0,0.287,0.0,0.0,0.0,0.0
2023,12645,"Treadwell, Laquon",WR,0,2,0.0,0.098,0.0,0.0,0.0,0.0
2023,16501,,LB,0,6,0.0,0.0,0.0,2.0,0.0,0.18
2023,16354,"Dowell, Colton",WR,0,7,0.0,0.204,0.0,0.0,0.0,0.0
2023,13115,"Trubisky, Mitchell",QB,0,5,0.0,1.317,0.0,10.2,0.0,0.9
2023,14789,"Huntley, Tyler",QB,0,3,0.0,0.208,0.0,0.0,0.0,0.0
2023,16500,,CB+S,0,2,0.0,0.0,0.0,2.9,0.0,0.26
2023,15533,,RB,0,3,0.0,0.15,0.0,0.0,0.0,0.0
2023,16502,,LB,0,4,0.0,0.0,0.0,0.5,0.0,0.04
2023,16192,"Washington, Parker",WR,0,8,0.0,1.538,0.0,10.5,0.0,0.93
2023,14317,,WR,0,3,0.0,0.024,0.0,0.0,0.0,0.0
2023,14821,,RB,0,3,0.0,0.017,0.0,0.0,0.0,0.0
2023,16505,,CB+S,0,1,0.0,0.0,0.0,0.0,0.0,0.0
2023,13913,,LB,0,4,0.0,0.0,0.0,0.0,0.0,0.0
2023,15407,,WR,0,1,0.0,0.012,0.0,0.0,0.0,0.0
2023,14101,,WR,0,9,0.0,0.097,0.0,0.0,0.0,0.0
2023,15151,"Welch, Kristian",LB,0,10,0.0,0.017,0.0,3.5,0.0,0.31
2023,16321,"Smith, Christopher",CB+S,0,8,0.0,0.051,0.0,0.0,0.0,0.0
2023,14363,,TE,0,10,0.0,0.319,0.0,0.0,0.0,0.0
2023,14201,,CB+S,0,5,0.0,0.177,0.0,3.6,0.0,0.32
2023,15142,,CB+S,0,9,0.0,1.177,0.0,20.1,0.0,1.77
2023,16504,,CB+S,0,2,0.0,0.017,0.0,0.0,0.0,0.0
2023,12990,,CB+S,0,5,0.0,0.707,0.0,11.2,0.0,0.99
2023,16440,"Murphy, Caleb",LB,0,1,0.0,0.0,0.0,0.0,0.0,0.0
2023,13136,,RB,0,4,0.0,0.0,0.0,0.0,0.0,0.0
2023,15097,"McKeon, Sean",TE,0,9,0.0,0.248,0.0,0.0,0.0,0.0
2023,15297,,WR,0,3,0.0,0.048,0.0,0.0,0.0,0.0
2023,15469,"Hamlin, Damar",CB+S,0,3,0.0,0.102,0.0,2.6,0.0,0.23
2023,16291,"Adebawore, Adetomiwa",DT+DE,0,9,0.0,0.798,0.0,14.5,0.0,1.28
2023,15642,,CB+S,0,1,0.0,0.0,0.0,0.0,0.0,0.0
2023,16370,"Jones, Nic",CB+S,0,7,0.0,0.033,0.0,0.0,0.0,0.0
2023,15847,"Elam, Kaiir",CB+S,0,4,0.0,1.017,0.0,16.2,0.0,1.43
2023,13223,"Humphrey, Marlon",CB+S,0,7,0.0,0.951,0.0,26.9,0.0,2.37
2023,15499,"Gillikin, Blake",PN,0,9,0.0,2.5,0.0,50.7,0.0,4.46
2023,13698,,LB,0,2,0.0,0.0,0.0,3.5,0.0,0.31
2023,15746,,RB,0,1,0.0,0.069,0.0,0.0,0.0,0.0
2023,16075,"Blount, Joey",CB+S,0,8,0.0,0.153,0.0,9.5,0.0,0.84
2023,15132,,DT+DE,0,2,0.0,0.13,0.0,2.0,0.0,0.18
2023,15400,,DT+DE,0,5,0.0,0.911,0.0,13.5,0.0,1.19
2023,11735,,CB+S,0,6,0.0,1.2,0.0,27.2,0.0,2.39
2023,16507,,WR,0,1,0.0,0.049,0.0,0.0,0.0,0.0
2023,15901,,WR,0,8,0.0,1.211,0.0,0.7,0.0,0.06
2023,13396,,TE,0,2,0.0,0.071,0.0,0.0,0.0,0.0
2023,10267,"Miller, Von",DT+DE,0,9,0.0,0.187,0.0,3.5,0.0,0.31
2023,13460,,DT+DE,0,1,0.0,0.0,0.0,0.5,0.0,0.04
2023,16510,"Pharms, Jeremiah",DT+DE,0,7,0.0,0.294,0.0,2.5,0.0,0.22
2023,16369,"Ojomo, Moro",DT+DE,0,4,0.0,0.072,0.0,0.0,0.0,0.0
2023,13784,,CB+S,0,2,0.0,0.0,0.0,0.0,0.0,0.0
2023,15984,,WR,0,8,0.0,0.18,0.0,0.0,0.0,0.0
2023,16366,"Ivey, DJ",CB+S,0,7,0.0,0.317,0.0,8.1,0.0,0.71
2023,16320,,DT+DE,0,1,0.0,0.0,0.0,0.0,0.0,0.0
2023,16329,,DT+DE,0,7,0.0,0.203,0.0,2.5,0.0,0.22
2023,16163,,RB,0,8,0.0,0.0,0.0,0.0,0.0,0.0
2023,11956,,CB+S,0,3,0.0,0.017,0.0,0.0,0.0,0.0
2023,16117,,CB+S,0,1,0.0,0.0,0.0,0.0,0.0,0.0
2023,13998,,CB+S,0,1,0.0,0.0,0.0,0.0,0.0,0.0
2023,16052,,CB+S,0,2,0.0,0.017,0.0,0.0,0.0,0.0
2023,16246,"Johnson, Antonio",CB+S,0,9,0.0,1.181,0.0,24.0,0.0,2.11
2023,14929,,DT+DE,0,7,0.0,1.255,0.0,20.5,0.0,1.8
2023,16429,"Drummond, Dylan",WR,0,1,0.0,0.024,0.0,0.0,0.0,0.0
2023,11640,"Bridgewater, Teddy",QB,0,1,0.0,0.043,0.0,0.0,0.0,0.0
2023,11886,,RB,0,3,0.0,0.207,0.0,0.0,0.0,0.0
2023,15191,,CB+S,0,4,0.0,0.378,0.0,8.7,0.0,0.77
2023,14808,,RB,0,6,0.0,1.349,0.0,1.4,0.0,0.12
2023,15321,,WR,0,1,0.0,0.024,0.0,0.0,0.0,0.0
2023,14027,,CB+S,0,1,0.0,0.0,0.0,2.8,0.0,0.25
2023,14741,,CB+S,0,1,0.0,0.0,0.0,2.6,0.0,0.23
2023,14096,,RB,0,3,0.0,0.052,0.0,0.0,0.0,0.0
2023,13267,"Smoot, Dawuane",DT+DE,0,8,0.0,1.263,0.0,16.0,0.0,1.41
2023,16218,"Durham, Payne",TE,0,9,0.0,0.787,0.0,0.0,0.0,0.0
2023,14942,"Burgess, Terrell",CB+S,0,8,0.0,0.247,0.0,7.6,0.0,0.67
2023,15787,"Thornton, Tyquan",WR,0,6,0.0,0.536,0.0,0.0,0.0,0.0
2023,15093,,DT+DE,0,1,0.0,0.143,0.0,1.5,0.0,0.13
2023,16516,"Wheat, Tyrus",DT+DE,0,8,0.0,0.291,0.0,3.0,0.0,0.26
2023,15932,,CB+S,0,5,0.0,0.033,0.0,1.3,0.0,0.11
2023,14624,,CB+S,0,8,0.0,0.101,0.0,6.5,0.0,0.57
2023,16515,,CB+S,0,7,0.0,0.017,0.0,2.1,0.0,0.18
2023,16424,"Mims, Jordan",RB,0,1,0.0,0.0,0.0,0.0,0.0,0.0
2023,16513,"London, LaCale",DT+DE,0,3,0.0,0.646,0.0,8.5,0.0,0.75
2023,15063,,LB,0,6,0.0,0.017,0.0,0.5,0.0,0.04
2023,13989,,DT+DE,0,2,0.0,0.368,0.0,5.0,0.0,0.44
2023,16059,"Ingram, Ja'Marcus",CB+S,0,2,0.0,0.017,0.0,0.0,0.0,0.0
2023,15401,"Wright, Nahshon",CB+S,0,8,0.0,0.189,0.0,3.6,0.0,0.32
2023,15026,,TE,0,7,0.0,1.023,0.0,0.0,0.0,0.0
2023,16453,"Cooks, Elijah",WR,0,5,0.0,0.036,0.0,0.0,0.0,0.0
2023,11359,,CB+S,0,3,0.0,0.431,0.0,8.8,0.0,0.77
2023,15939,"Spector, Baylon",LB,0,5,0.0,0.0,0.0,1.0,0.0,0.09
2023,14372,,TE,0,1,0.0,0.0,0.0,0.0,0.0,0.0
2023,15738,"Davis, Malik",RB,0,1,0.0,0.0,0.0,0.0,0.0,0.0
2023,14839,"Reagor, Jalen",WR,0,7,0.0,0.311,0.0,0.0,0.0,0.0
2023,16157,"Cunningham, Malik",QB,0,1,0.0,0.0,0.0,0.0,0.0,0.0
2023,14254,"Omenihu, Charles",DT+DE,0,7,0.0,2.637,0.0,39.5,0.0,3.48
2023,16519,,CB+S,0,7,0.0,0.93,0.0,23.5,0.0,2.07
2023,15881,"Jones, Jack",CB+S,0,7,0.0,1.259,0.0,31.1,0.0,2.74
2023,14095,"Johnson, Ty",RB,0,7,0.0,0.885,0.0,3.7,0.0,0.32
2023,15356,"Browning, Baron",DT+DE,0,7,0.0,2.989,0.0,49.5,0.0,4.36
2023,16520,"Durden, Cory",DT+DE,0,3,0.0,0.148,0.0,2.5,0.0,0.22
2023,14955,,CB+S,0,4,0.0,0.033,0.0,2.1,0.0,0.18
2023,10271,,WR,0,7,0.0,0.333,0.0,0.0,0.0,0.0
2023,15414,"Nwangwu, Kene",RB,0,5,0.0,0.191,0.0,0.0,0.0,0.0
2023,16517,,LB,0,2,0.0,0.0,0.0,1.0,0.0,0.09
2023,16333,"Higgins, Elijah",TE,0,8,0.0,0.937,0.0,0.0,0.0,0.0
2023,16172,,RB,0,1,0.0,0.094,0.0,0.0,0.0,0.0
2023,15377,"Stokes, Eric",CB+S,0,1,0.0,0.017,0.0,0.0,0.0,0.0
2023,16362,,CB+S,0,8,0.0,1.633,0.0,26.0,0.0,2.29
2023,16402,,RB,0,2,0.0,0.017,0.0,0.0,0.0,0.0
2023,15991,"Conner, Tanner",TE,0,2,0.0,0.1,0.0,0.0,0.0,0.0
2023,11555,,CB+S,0,7,0.0,0.067,0.0,2.6,0.0,0.23
2023,16343,,DT+DE,0,1,0.0,0.0,0.0,0.0,0.0,0.0
2023,14206,,DT+DE,0,1,0.0,0.0,0.0,0.0,0.0,0.0
2023,16003,,DT+DE,0,2,0.0,0.0,0.0,0.0,0.0,0.0
2023,16382,,WR,0,2,0.0,0.0,0.0,0.0,0.0,0.0
2023,15529,,WR,0,1,0.0,0.0,0.0,0.0,0.0,0.0
2023,16372,,CB+S,0,2,0.0,0.267,0.0,4.8,0.0,0.42
2023,13127,,QB,0,1,0.0,0.05,0.0,0.0,0.0,0.0
2023,14411,,CB+S,0,2,0.0,0.0,0.0,0.0,0.0,0.0
2023,16043,"Havrisik, Lucas",PK,0,6,0.0,3.083,0.0,47.2,0.0,4.15
2023,12711,"Ramsey, Jalen",CB+S,0,6,0.0,1.464,0.0,32.6,0.0,2.87
2023,16337,,LB,0,3,0.0,0.281,0.0,10.5,0.0,0.92
2023,15820,"Mathis, Phidarian",DT+DE,0,6,0.0,0.415,0.0,6.5,0.0,0.57
2023,15684,,CB+S,0,7,0.0,0.068,0.0,7.6,0.0,0.67
2023,14880,"Kareem, Khalid",DT+DE,0,1,0.0,0.212,0.0,3.0,0.0,0.26
2023,10851,,CB+S,0,3,0.0,0.034,0.0,4.7,0.0,0.41
2023,13751,,DT+DE,0,2,0.0,0.077,0.0,1.5,0.0,0.13
2023,14937,,DT+DE,0,1,0.0,0.077,0.0,1.5,0.0,0.13
2023,16259,"Martin, Brodric",DT+DE,0,2,0.0,0.077,0.0,1.5,0.0,0.13
2023,15729,,RB,0,3,0.0,0.164,0.0,0.0,0.0,0.0
2023,14065,"Rypien, Brett",QB,0,2,0.0,0.096,0.0,0.0,0.0,0.0
2023,14452,"Lammons, Chris",CB+S,0,2,0.0,0.0,0.0,2.6,0.0,0.23
2023,16524,,TE,0,7,0.0,0.317,0.0,0.0,0.0,0.0
2023,13699,,LB,0,7,0.0,0.052,0.0,4.0,0.0,0.35
2023,15995,"Turner, DJ",WR,0,6,0.0,0.12,0.0,0.0,0.0,0.0
2023,16037,"Baccellia, Andre",WR,0,5,0.0,0.071,0.0,0.0,0.0,0.0
2023,12762,,LB,0,5,0.0,0.034,0.0,0.5,0.0,0.04
2023,13543,,LB,0,4,0.0,0.034,0.0,1.0,0.0,0.09
2023,15302,"Eskridge, Dee",WR,0,4,0.0,0.179,0.0,0.0,0.0,0.0
2023,16523,"Wright, Owen",RB,0,1,0.0,0.017,0.0,0.0,0.0,0.0
2023,14533,,WR,0,3,0.0,0.096,0.0,0.0,0.0,0.0
2023,15996,,WR,0,1,0.0,0.0,0.0,0.0,0.0,0.0
2023,15474,,CB+S,0,1,0.0,0.0,0.0,0.0,0.0,0.0
2023,13645,,WR,0,1,0.0,0.0,0.0,0.0,0.0,0.0
2023,12783,,CB+S,0,2,0.0,0.0,0.0,0.0,0.0,0.0
2023,11375,,LB,0,2,0.0,0.017,0.0,0.0,0.0,0.0
2023,15472,,DT+DE,0,1,0.0,0.0,0.0,0.0,0.0,0.0
2023,16249,"Kuntz, Zack",TE,0,1,0.0,0.036,0.0,0.0,0.0,0.0
2023,16196,"Perry, A.T.",WR,0,6,0.0,0.98,0.0,2.5,0.0,0.22
2023,15410,,LB,0,6,0.0,0.017,0.0,0.0,0.0,0.0
2023,16423,"Brownlee, Jason",WR,0,4,0.0,0.143,0.0,0.0,0.0,0.0
2023,14930,"Hamilton, Davon",DT+DE,0,4,0.0,0.148,0.0,1.0,0.0,0.09
2023,15042,,RB,0,4,0.0,0.017,0.0,0.0,0.0,0.0
2023,14722,,CB+S,0,6,0.0,0.067,0.0,5.0,0.0,0.44
2023,13315,"Saubert, Eric",TE,0,6,0.0,0.243,0.0,0.0,0.0,0.0
2023,16528,,CB+S,0,6,0.0,0.717,0.0,12.0,0.0,1.06
2023,16307,"Rush, Darius",CB+S,0,3,0.0,0.267,0.0,4.9,0.0,0.43
2023,15898,"Ogbonnia, Otito",DT+DE,0,5,0.0,0.969,0.0,11.5,0.0,1.01
2023,9904,,DT+DE,0,5,0.0,0.907,0.0,13.0,0.0,1.14
2023,14848,"Proche, James",WR,0,6,0.0,0.25,0.0,0.0,0.0,0.0
2023,12701,,LB,0,1,0.0,0.038,0.0,2.0,0.0,0.18
2023,15676,"Anderson, Zayne",CB+S,0,6,0.0,0.104,0.0,3.4,0.0,0.3
2023,15653,,DT+DE,0,1,0.0,0.019,0.0,0.5,0.0,0.04
2023,16529,"Leota, Eku",LB,0,5,0.0,0.018,0.0,3.5,0.0,0.31
2023,14806,,RB,0,2,0.0,0.0,0.0,0.0,0.0,0.0
2023,14276,,CB+S,0,1,0.0,0.0,0.0,0.0,0.0,0.0
2023,14873,"Okwuegbunam, Albert",TE,0,4,0.0,0.141,0.0,0.0,0.0,0.0
2023,15810,,DT+DE,0,3,0.0,0.056,0.0,0.0,0.0,0.0
2023,16527,"VanSumeren, Ben",LB,0,5,0.0,0.0,0.0,1.5,0.0,0.13
2023,14337,,WR,0,5,0.0,0.755,0.0,3.8,0.0,0.34
2023,16328,"Barnes, Zaire",LB,0,4,0.0,0.0,0.0,0.0,0.0,0.0
2023,14131,,WR,0,2,0.0,0.036,0.0,0.0,0.0,0.0
2023,10862,,PK,0,5,0.0,1.417,0.0,25.5,0.0,2.24
2023,12464,,WR,0,1,0.0,0.024,0.0,0.0,0.0,0.0
2023,15420,,CB+S,0,6,0.0,0.121,0.0,2.6,0.0,0.23
2023,14543,,LB,0,5,0.0,0.0,0.0,0.0,0.0,0.0
2023,14384,,DT+DE,0,4,0.0,0.168,0.0,2.5,0.0,0.22
2023,16155,,QB,0,1,0.0,0.0,0.0,0.0,0.0,0.0
2023,12680,"Vannett, Nick",TE,0,4,0.0,0.036,0.0,0.0,0.0,0.0
2023,16300,"McGuire, Isaiah",DT+DE,0,1,0.0,0.0,0.0,0.0,0.0,0.0
2023,15523,,PK,0,5,0.0,2.125,0.0,31.0,0.0,2.73
2023,15478,,WR,0,4,0.0,0.26,0.0,0.0,0.0,0.0
2023,16446,"Watts, Markees",DT+DE,0,5,0.0,0.315,0.0,3.5,0.0,0.31
2023,13771,,DT+DE,0,4,0.0,1.176,0.0,21.5,0.0,1.89
2023,16531,,CB+S,0,5,0.0,0.568,0.0,8.8,0.0,0.77
2023,16533,"Jackson, Shedrick",WR,0,2,0.0,0.037,0.0,0.0,0.0,0.0
2023,16535,,DT+DE,0,5,0.0,0.507,0.0,7.5,0.0,0.66
2023,15938,,LB,0,3,0.0,0.0,0.0,1.5,0.0,0.13
2023,14676,,DT+DE,0,2,0.0,0.113,0.0,2.0,0.0,0.18
2023,15304,,WR,0,1,0.0,0.013,0.0,0.0,0.0,0.0
2023,14110,"Sills, David",WR,0,3,0.0,0.024,0.0,0.0,0.0,0.0
2023,15941,"Young, Dareke",WR,0,2,0.0,0.024,0.0,0.0,0.0,0.0
2023,16116,,CB+S,0,1,0.0,0.017,0.0,0.0,0.0,0.0
2023,11676,,WR,0,1,0.0,0.013,0.0,0.0,0.0,0.0
2023,15970,"Krull, Lucas",TE,0,3,0.0,0.144,0.0,0.0,0.0,0.0
2023,14060,"Jackson, Tyree",TE,0,2,0.0,0.0,0.0,0.0,0.0,0.0
2023,15242,"Trask, Kyle",QB,0,2,0.0,0.0,0.0,0.0,0.0,0.0
2023,16537,,CB+S,0,4,0.0,1.555,0.0,27.0,0.0,2.38
2023,14613,"Sims, Steven",WR,0,2,0.0,0.167,0.0,0.0,0.0,0.0
2023,15479,,DT+DE,0,3,0.0,0.287,0.0,5.0,0.0,0.44
2023,15460,,DT+DE,0,3,0.0,0.644,0.0,9.0,0.0,0.79
2023,16168,"Abanikanda, Israel",RB,0,3,0.0,0.167,0.0,0.0,0.0,0.0
2023,12913,,WR,0,4,0.0,0.262,0.0,0.0,0.0,0.0
2023,11720,,LB,0,2,0.0,0.074,0.0,5.0,0.0,0.44
2023,14948,"Walker, Mykal",LB,0,4,0.0,1.236,0.0,22.5,0.0,1.98
2023,16121,,DT+DE,0,4,0.0,0.233,0.0,3.0,0.0,0.26
2023,15252,"Mills, Davis",QB,0,3,0.0,0.089,0.0,0.0,0.0,0.0
2023,15442,,CB+S,0,1,0.0,0.0,0.0,0.0,0.0,0.0
2023,16338,"Bernard-Converse, Jarrick",CB+S,0,4,0.0,0.033,0.0,1.3,0.0,0.11
2023,15443,"Wallow, Garret",LB,0,1,0.0,0.0,0.0,0.0,0.0,0.0
2023,14245,"Oruwariye, Amani",CB+S,0,1,0.0,0.0,0.0,0.0,0.0,0.0
2023,16063,"McCrary-Ball, Marcelino",LB,0,1,0.0,0.0,0.0,0.0,0.0,0.0
2023,16008,,LB,0,3,0.0,0.0,0.0,0.0,0.0,0.0
2023,14368,,RB,0,1,0.0,0.0,0.0,0.0,0.0,0.0
2023,16247,"Skinner, JL",CB+S,0,1,0.0,0.0,0.0,0.0,0.0,0.0
2023,15326,,WR,0,1,0.0,0.012,0.0,0.0,0.0,0.0
2023,16368,,CB+S,0,2,0.0,0.0,0.0,0.0,0.0,0.0
2023,16315,"Luter, Darrell",CB+S,0,3,0.0,0.033,0.0,2.1,0.0,0.18
2023,14780,,QB,0,2,0.0,0.022,0.0,0.0,0.0,0.0
2023,14264,,CB+S,0,1,0.0,0.0,0.0,0.0,0.0,0.0
2023,15334,"Long, Hunter",TE,0,4,0.0,0.172,0.0,0.0,0.0,0.0
2023,13873,,QB,0,3,0.0,0.048,0.0,0.0,0.0,0.0
2023,12771,,DT+DE,0,2,0.0,0.61,0.0,10.5,0.0,0.92
2023,13715,"Harrison, Ronnie",CB+S,0,3,0.0,1.154,0.0,24.1,0.0,2.12
2023,9833,,DT+DE,0,3,0.0,0.092,0.0,2.0,0.0,0.18
2023,16542,,DT+DE,0,2,0.0,0.199,0.0,3.0,0.0,0.26
2023,16545,,LB,0,2,0.0,0.038,0.0,5.5,0.0,0.48
2023,16546,,CB+S,0,2,0.0,0.123,0.0,6.0,0.0,0.53
2023,16541,,CB+S,0,1,0.0,0.033,0.0,1.3,0.0,0.11
2023,15229,,CB+S,0,2,0.0,0.033,0.0,1.3,0.0,0.11
2023,15421,,LB,0,2,0.0,0.135,0.0,6.5,0.0,0.57
2023,13324,,DT+DE,0,1,0.0,0.037,0.0,0.5,0.0,0.04
2023,13212,,DT+DE,0,3,0.0,0.055,0.0,0.5,0.0,0.04
2023,15080,,TE,0,1,0.0,0.038,0.0,0.0,0.0,0.0
2023,12610,"Wentz, Carson",QB,0,1,0.0,0.0,0.0,0.0,0.0,0.0
2023,13348,"Moore, David",WR,0,3,0.0,0.083,0.0,0.0,0.0,0.0
2023,15125,,CB+S,0,1,0.0,0.017,0.0,0.0,0.0,0.0
2023,16170,"McIntosh, Kenny",RB,0,3,0.0,0.0,0.0,0.0,0.0,0.0
2023,15785,"Melton, Bo",WR,0,1,0.0,0.0,0.0,0.0,0.0,0.0
2023,15203,,LB,0,3,0.0,0.0,0.0,2.0,0.0,0.18
2023,12998,,CB+S,0,1,0.0,0.017,0.0,0.0,0.0,0.0
2023,14230,,CB+S,0,1,0.0,0.017,0.0,0.0,0.0,0.0
2023,16499,"Blair, Chris",WR,0,1,0.0,0.0,0.0,0.0,0.0,0.0
2023,14519,,LB,0,3,0.0,0.0,0.0,1.0,0.0,0.09
2023,15406,,CB+S,0,1,0.0,0.017,0.0,0.0,0.0,0.0
2023,10766,,DT+DE,0,1,0.0,0.536,0.0,6.5,0.0,0.57
2023,15931,"Davis, Kalia",DT+DE,0,2,0.0,0.536,0.0,6.5,0.0,0.57
2023,15730,"Goodson, Tyler",RB,0,2,0.0,0.067,0.0,0.0,0.0,0.0
2023,15816,,DT+DE,0,1,0.0,0.25,0.0,2.5,0.0,0.22
2023,12141,"Mariota, Marcus",QB,0,2,0.0,0.045,0.0,0.0,0.0,0.0
2023,16550,,DT+DE,0,1,0.0,0.125,0.0,1.5,0.0,0.13
2023,14813,,RB,0,1,0.0,0.0,0.0,0.0,0.0,0.0
2023,12381,,QB,0,1,0.0,0.0,0.0,0.0,0.0,0.0
2023,16532,"Nowaske, Trevor",LB,0,1,0.0,0.0,0.0,0.0,0.0,0.0
2023,12910,,CB+S,0,2,0.0,0.0,0.0,0.0,0.0,0.0
2023,12859,,TE,0,2,0.0,0.067,0.0,0.0,0.0,0.0
2023,15057,,WR,0,1,0.0,0.036,0.0,0.0,0.0,0.0
2023,15034,,WR,0,2,0.0,0.048,0.0,0.0,0.0,0.0
2023,16544,,RB,0,1,0.0,0.0,0.0,0.0,0.0,0.0
2023,15912,,LB,0,2,0.0,0.0,0.0,0.0,0.0,0.0
2023,16361,,CB+S,0,1,0.0,0.0,0.0,0.0,0.0,0.0
2023,15457,,CB+S,0,1,0.0,0.0,0.0,0.0,0.0,0.0
2023,12616,"Brissett, Jacoby",QB,0,3,0.0,0.626,0.0,4.2,0.0,0.37
2023,14680,,DT+DE,0,1,0.0,0.018,0.0,0.0,0.0,0.0
2023,14486,"Montgomery, D.J.",WR,0,2,0.0,0.048,0.0,0.0,0.0,0.0
2023,12788,,LB,0,1,0.0,0.019,0.0,3.0,0.0,0.26
2023,16348,,DT+DE,0,1,0.0,0.036,0.0,1.5,0.0,0.13
2023,16373,"Graham, Jalen",LB,0,1,0.0,0.0,0.0,1.0,0.0,0.09
2023,14883,,DT+DE,0,1,0.0,0.0,0.0,0.5,0.0,0.04
2023,15637,,DT+DE,0,1,0.0,0.0,0.0,0.5,0.0,0.04
2023,15827,,LB,0,1,0.0,0.0,0.0,0.5,0.0,0.04
2023,13755,"Holmes, Jalyn",DT+DE,0,1,0.0,0.0,0.0,0.5,0.0,0.04
2023,11643,,QB,0,1,0.0,0.045,0.0,0.0,0.0,0.0
2023,11316,,CB+S,0,1,0.0,0.0,0.0,0.0,0.0,0.0
2023,13143,"McNichols, Jeremy",RB,0,1,0.0,0.0,0.0,0.0,0.0,0.0
2023,16114,,DT+DE,0,1,0.0,0.0,0.0,0.0,0.0,0.0
2023,15250,"Ehlinger, Sam",QB,0,1,0.0,0.045,0.0,0.0,0.0,0.0
2023,14310,"Bell, Quinton",DT+DE,0,1,0.0,0.0,0.0,0.0,0.0,0.0
2023,15339,,TE,0,1,0.0,0.0,0.0,0.0,0.0,0.0
2023,12275,,CB+S,0,1,0.0,0.0,0.0,0.0,0.0,0.0
2023,16380,"Prince, Deneric",RB,0,2,0.0,0.031,0.0,0.0,0.0,0.0
2023,14800,"Dobbins, J.K.",RB,1,1,0.533,0.533,-0.1,0.0,-0.01,0.0
2023,14069,"Stick, Easton",QB,2,4,0.409,0.932,-0.1,3.2,-0.01,0.28
2023,15288,"Moore, Elijah",WR,2,16,0.89,5.069,-0.2,19.3,-0.02,1.7
2023,15293,"Bateman, Rashod",WR,1,15,0.41,2.415,-0.5,0.0,-0.04,0.0
2023,9694,"Gano, Graham",PK,1,8,0.0,3.125,-0.9,52.6,-0.08,4.63
2023,15756,"Williams, Jameson",WR,2,12,0.724,2.974,-1.3,4.9,-0.11,0.43
2023,13176,"Jones, Zay",WR,1,8,0.39,2.881,-1.4,10.7,-0.12,0.95
2023,13236,"Everett, Gerald",TE,1,14,0.5,5.773,-1.4,9.0,-0.12,0.8
2023,15331,"Freiermuth, Pat",TE,1,11,0.731,3.9,-1.7,17.6,-0.15,1.55
2023,14799,"Akers, Cam",RB,1,7,0.4,1.914,-1.9,0.0,-0.17,0.0
2023,15254,"Harris, Najee",RB,8,16,3.646,6.914,-2.2,39.7,-0.19,3.5
2023,16384,"Bagent, Tyson",QB,1,5,0.273,1.698,-2.3,10.0,-0.2,0.88
2023,13416,,QB,1,6,0.227,0.361,-2.4,0.0,-0.21,0.0
2023,11674,"Cooks, Brandin",WR,5,15,1.867,5.395,-2.5,55.7,-0.22,4.9
2023,11647,,TE,1,15,0.154,6.424,-2.9,24.0,-0.25,2.11
2023,13156,"Smith-Schuster, JuJu",WR,1,11,0.243,2.306,-3.2,4.9,-0.28,0.43
2023,14370,"Hudson, Tanner",TE,2,8,0.929,3.113,-3.1,0.3,-0.28,0.03
2023,13066,"Raymond, Kalif",WR,1,13,0.282,3.04,-3.3,9.5,-0.29,0.84
2023,11679,"Beckham, Odell",WR,4,14,1.523,4.313,-3.8,22.7,-0.33,2.0
2023,15696,"Zappe, Bailey",QB,1,9,0.19,1.62,-4.1,18.1,-0.36,1.59
2023,16441,"DeVito, Tommy",QB,6,9,2.13,2.512,-4.1,19.7,-0.36,1.74
2023,12187,"Lockett, Tyler",WR,8,16,2.437,6.802,-4.2,61.1,-0.37,5.38
2023,11247,"Ertz, Zach",TE,1,7,0.417,2.894,-4.8,3.4,-0.42,0.3
2023,15239,"Wilson, Zach",QB,3,12,0.939,3.108,-5.3,19.8,-0.46,1.75
2023,14141,"Smith, Irv",TE,1,11,0.308,1.581,-5.5,1.8,-0.48,0.16
2023,13638,"Berrios, Braxton",WR,1,12,0.1,2.155,-5.6,9.6,-0.49,0.85
2023,14087,,RB,3,4,1.291,1.853,-5.8,3.2,-0.51,0.28
2023,15768,"Pierce, Alec",WR,5,16,1.644,3.162,-6.0,14.0,-0.53,1.23
2023,11761,,RB,1,12,0.143,3.237,-7.2,13.8,-0.64,1.21
2023,11228,,WR,2,13,0.504,2.944,-7.7,6.2,-0.68,0.55
2023,13418,"Bourne, Kendrick",WR,4,8,1.098,3.668,-7.9,32.6,-0.69,2.87
2023,15766,"Moore, Skyy",WR,2,14,0.36,1.816,-8.0,5.7,-0.7,0.5
2023,15289,"Toney, Kadarius",WR,1,13,0.05,1.93,-8.2,0.0,-0.72,0.0
2023,15332,"Tremble, Tommy",TE,1,12,0.25,2.263,-8.5,0.0,-0.74,0.0
2023,13632,"Lazard, Allen",WR,2,14,0.303,2.034,-8.8,5.0,-0.77,0.44
2023,15798,"Likely, Isaiah",TE,1,16,0.077,4.39,-8.8,27.4,-0.77,2.41
2023,13133,"Perine, Samaje",RB,1,16,0.034,4.101,-9.4,4.2,-0.83,0.37
2023,15802,"Otton, Cade",TE,8,16,3.196,5.345,-9.6,14.1,-0.85,1.24
2023,15733,"Strong Jr., Pierre",RB,1,13,0.0,1.636,-9.6,0.0,-0.85,0.0
2023,14331,"Johnson, D'Ernest",RB,1,16,0.0,1.18,-9.7,0.0,-0.86,0.0
2023,13676,"Smythe, Durham",TE,1,12,0.036,2.296,-10.2,0.0,-0.89,0.0
2023,16178,"Mitchell, Keaton",RB,3,8,0.821,2.994,-10.3,13.8,-0.91,1.21
2023,14017,"Wilson, Jeffery",RB,1,9,0.097,1.307,-10.4,0.0,-0.92,0.0
2023,14974,"Mooney, Darnell",WR,1,13,0.013,2.829,-10.7,9.2,-0.94,0.81
2023,13814,,RB,1,11,0.0,0.616,-10.6,0.0,-0.94,0.0
2023,13646,,WR,3,13,0.693,3.045,-10.8,15.4,-0.95,1.36
2023,13617,,RB,2,10,0.574,1.955,-10.8,2.7,-0.95,0.23
2023,13793,"Valdes-Scantling, Marquez",WR,2,13,0.269,1.72,-10.9,7.3,-0.96,0.64
2023,14803,"Edwards-Helaire, Clyde",RB,1,14,0.048,2.257,-11.1,10.3,-0.98,0.91
2023,15972,"Mason, Jordan",RB,1,16,0.048,1.777,-11.1,3.1,-0.98,0.27
2023,12652,,WR,10,10,3.376,3.376,-11.9,8.2,-1.05,0.72
2023,15337,"Gray, Noah",TE,2,15,0.357,3.784,-11.9,1.4,-1.05,0.13
2023,15752,"Burks, Treylon",WR,2,10,0.213,1.248,-11.9,0.1,-1.05,0.01
2023,15889,"Okonkwo, Chigoziem",TE,2,16,0.391,5.762,-12.1,9.0,-1.07,0.79
2023,14977,"Osborn, K.J.",WR,3,15,0.606,4.125,-12.8,21.2,-1.12,1.87
2023,15283,"Moore, Rondale",WR,7,16,2.39,3.54,-13.2,8.1,-1.16,0.72
2023,14086,"Hill, Justice",RB,2,15,0.454,4.111,-14.5,15.8,-1.27,1.39
2023,15797,"Dulcich, Greg",TE,2,2,0.276,0.276,-14.4,0.0,-1.27,0.0
2023,14137,"Fant, Noah",TE,3,16,0.846,4.022,-14.4,1.3,-1.27,0.12
2023,13138,"Hunt, Kareem",RB,7,14,2.779,4.85,-14.8,11.8,-1.3,1.04
2023,10413,"Taylor, Tyrod",QB,2,7,0.306,1.368,-15.0,10.5,-1.32,0.93
2023,11225,"Patterson, Cordarrelle",RB,2,13,0.323,1.164,-15.1,0.0,-1.33,0.0
2023,7836,"Rodgers, Aaron",QB,1,1,0.043,0.043,-15.7,0.0,-1.38,0.0
2023,14341,"Parham, Donald",TE,2,13,0.143,3.925,-15.9,11.3,-1.4,1.0
2023,13675,"Conklin, Tyler",TE,3,16,0.551,5.677,-16.4,8.4,-1.44,0.74
2023,14805,"Dillon, AJ",RB,4,15,0.958,4.655,-17.8,3.2,-1.56,0.28
2023,16154,,QB,1,3,0.0,0.053,-17.8,0.0,-1.57,0.0
2023,13193,"Smith, Jonnu",TE,9,16,2.82,5.618,-18.8,26.7,-1.65,2.35
2023,16149,"Levis, Will",QB,4,9,0.57,2.554,-18.8,30.3,-1.65,2.66
2023,14858,"Jefferson, Van",WR,2,13,0.013,0.728,-19.5,0.0,-1.71,0.0
2023,16080,"Shaheed, Rashid",WR,4,15,0.707,5.913,-19.8,52.5,-1.74,4.62
2023,14807,,RB,3,14,0.373,2.386,-20.6,7.3,-1.81,0.64
2023,13378,,RB,3,16,0.582,1.892,-21.1,1.0,-1.86,0.08
2023,15241,"Jones, Mac",QB,6,11,1.652,3.332,-21.5,33.6,-1.89,2.95
2023,16385,"Demercado, Emari",RB,4,13,0.862,2.764,-21.7,4.0,-1.91,0.35
2023,14833,"Jeudy, Jerry",WR,8,15,2.258,4.706,-22.5,9.0,-1.98,0.79
2023,13668,"Chark, D.J.",WR,4,14,0.651,3.785,-22.5,29.7,-1.98,2.62
2023,13134,"Foreman, D'Onta",RB,3,9,0.446,3.242,-22.6,29.1,-1.99,2.56
2023,14223,"Mattison, Alexander",RB,10,15,3.683,5.163,-23.6,14.4,-2.08,1.27
2023,14059,"Jones, Daniel",QB,5,6,1.267,1.267,-24.1,25.1,-2.12,2.21
2023,15256,"Williams, Javonte",RB,8,15,2.76,6.332,-24.2,25.3,-2.13,2.23
2023,13168,"Reynolds, Josh",WR,7,13,1.606,3.963,-24.7,26.8,-2.18,2.36
2023,15692,"Pickett, Kenny",QB,6,12,1.285,2.782,-25.9,11.8,-2.28,1.04
2023,15755,"Dotson, Jahan",WR,14,16,4.396,4.588,-26.8,27.3,-2.36,2.4
2023,14823,"Dowdle, Rico",RB,4,15,0.566,2.671,-28.4,6.6,-2.5,0.58
2023,10697,,QB,4,9,0.711,1.381,-29.6,6.2,-2.61,0.55
2023,16159,"O'Connell, Aidan",QB,3,10,0.37,3.119,-29.8,35.6,-2.62,3.14
2023,12676,"Henry, Hunter",TE,4,14,0.49,5.816,-31.3,39.1,-2.75,3.44
2023,15697,"Ridder, Desmond",QB,6,14,1.422,4.85,-31.3,57.0,-2.76,5.01
2023,14079,"Sanders, Miles",RB,7,15,1.654,3.245,-38.2,5.4,-3.36,0.47
2023,13139,"Williams, Jamaal",RB,5,12,0.679,1.591,-38.7,0.0,-3.4,0.0
2023,13128,"Cook, Dalvin",RB,5,15,0.475,1.17,-39.7,0.0,-3.49,0.0
2023,12678,"Higbee, Tyler",TE,9,15,2.351,5.942,-43.9,19.7,-3.86,1.74
2023,14143,"Knox, Dawson",TE,8,11,1.542,2.301,-51.5,0.2,-4.53,0.02
2023,16148,"Young, Bryce",QB,6,15,0.463,3.405,-65.7,27.5,-5.78,2.42
2023,15717,"Pierce, Dameon",RB,11,13,2.076,3.242,-65.9,6.4,-5.8,0.56
2023,11390,,RB,12,16,2.272,2.939,-69.7,4.3,-6.13,0.38
2024,13593,"Jackson, Lamar",QB,16,16,12.552,12.552,269.5,269.5,23.72,23.72
2024,15281,"Chase, Ja'Marr",WR,15,16,11.646,12.289,264.4,270.3,23.27,23.79
2024,13589,"Allen, Josh",QB,16,16,10.55,10.55,225.8,238.6,19.87,21.0
2024,14777,"Burrow, Joe",QB,16,16,10.914,10.914,219.0,226.2,19.27,19.9
2024,13604,"Barkley, Saquon",RB,15,16,10.48,11.48,208.4,236.4,18.34,20.8
2024,13590,"Mayfield, Baker",QB,16,16,11.115,11.115,198.7,213.2,17.49,18.76
2024,13251,"Baker, Budda",DB,16,16,11.6,11.6,198.0,198.0,17.42,17.42
2024,14836,"Jefferson, Justin",WR,16,16,11.717,11.717,187.5,191.8,16.5,16.88
2024,15287,"St. Brown, Amon-Ra",WR,16,16,11.111,11.111,187.5,191.7,16.5,16.87
2024,12626,"Henry, Derrick",RB,16,16,10.794,10.794,182.2,184.1,16.04,16.2
2024,16414,"Aubrey, Brandon",PK,15,16,10.264,10.68,181.5,190.1,15.97,16.73
2024,14249,"Van Ginkel, Andrew",DL,16,16,10.905,10.905,181.0,181.0,15.93,15.93
2024,13869,"Bojorquez, Corey",PN,16,16,10.491,10.491,178.0,178.0,15.66,15.66
2024,16162,"Gibbs, Jahmyr",RB,16,16,11.613,11.613,177.0,177.0,15.58,15.58
2024,13214,"Watt, T.J.",DL,16,16,9.796,9.796,173.0,173.0,15.22,15.22
2024,12860,"Fairbairn, Ka'imi",PK,16,16,9.227,9.227,172.7,172.7,15.2,15.2
2024,15839,"Cross, Nick",DB,15,16,10.33,11.263,170.5,185.7,15.0,16.34
2024,16161,"Robinson, Bijan",RB,16,16,11.349,11.349,168.7,168.7,14.85,14.85
2024,11936,"Boswell, Chris",PK,15,16,8.991,9.991,163.8,191.1,14.41,16.82
2024,13198,"Garrett, Myles",DL,16,16,9.635,9.635,161.5,161.5,14.21,14.21
2024,15834,"Hamilton, Kyle",DB,16,16,9.3,9.3,160.7,160.7,14.14,14.14
2024,16244,"Branch, Brian",DB,14,15,9.18,10.164,159.2,178.9,14.01,15.74
2024,14179,"Love, Julian",DB,16,16,9.097,9.097,156.3,156.3,13.75,13.75
2024,16724,"Taylor, Tory",PN,16,16,8.936,8.936,151.0,151.0,13.29,13.29
2024,13714,"James, Derwin",DB,15,15,8.789,8.789,151.0,151.0,13.29,13.29
2024,15871,"Joseph, Kerby",DB,16,16,8.35,8.35,150.1,150.1,13.21,13.21
2024,13299,"Kittle, George",TE,14,14,11.208,11.208,149.3,154.1,13.14,13.56
2024,14908,"McKinney, Xavier",DB,16,16,9.334,9.334,149.2,149.2,13.13,13.13
2024,12611,"Goff, Jared",QB,14,16,8.266,9.766,149.1,187.1,13.12,16.46
2024,16581,"Daniels, Jayden",QB,14,16,8.96,10.446,149.0,194.5,13.11,17.12
2024,14832,"Lamb, CeeDee",WR,15,15,9.917,9.917,148.2,151.3,13.04,13.31
2024,13837,"Franklin, Zaire",LB,14,16,9.154,10.608,148.0,170.0,13.02,14.96
2024,16330,"Baringer, Bryce",PN,16,16,8.536,8.536,144.0,144.0,12.67,12.67
2024,13284,"Hendrickson, Trey",DL,16,16,9.367,9.367,143.5,143.5,12.63,12.63
2024,10768,"David, Lavonte",LB,16,16,8.227,8.227,143.0,143.0,12.58,12.58
2024,14073,"Jacobs, Josh",RB,16,16,10.431,10.431,142.8,146.6,12.57,12.9
2024,10976,"Tucker, Justin",PK,16,16,6.936,6.936,142.3,142.3,12.52,12.52
2024,14322,"Edwards, T.J.",LB,16,16,8.009,8.009,138.0,138.0,12.14,12.14
2024,13132,"Kamara, Alvin",RB,14,14,9.221,9.221,137.6,139.8,12.11,12.3
2024,13743,"Warner, Fred",LB,16,16,7.837,7.837,137.5,137.5,12.1,12.1
2024,15710,"Williams, Kyren",RB,16,16,10.082,10.082,135.8,136.2,11.95,11.99
2024,14910,"Jones, Brandon",DB,12,15,7.748,9.742,134.8,167.2,11.86,14.71
2024,12221,"Hunter, Danielle",DL,16,16,8.091,8.091,133.5,133.5,11.75,11.75
2024,13700,"Landry, Harold",DL,16,16,9.319,9.319,133.0,133.0,11.7,11.7
2024,14882,"Greenard, Jonathan",DL,15,16,8.547,9.336,133.0,143.5,11.7,12.63
2024,14147,"Bosa, Nick",DL,13,13,8.352,8.352,132.0,132.0,11.62,11.62
2024,15051,"Townsend, Tommy",PN,11,16,8.227,10.545,132.0,173.0,11.62,15.22
2024,16641,"Bowers, Brock",TE,14,16,9.739,11.656,131.1,151.1,11.54,13.3
2024,15794,"McBride, Trey",TE,15,15,10.806,10.806,130.1,134.1,11.45,11.8
2024,10775,"Wagner, Bobby",LB,16,16,8.301,8.301,130.0,130.0,11.44,11.44
2024,16167,"Achane, De'Von",RB,16,16,9.999,9.999,129.3,144.5,11.38,12.71
2024,14783,"Hurts, Jalen",QB,15,15,9.538,9.538,129.0,142.8,11.35,12.57
2024,13696,"Smith, Roquan",LB,14,15,7.824,8.382,128.5,137.0,11.31,12.06
2024,16211,"Nacua, Puka",WR,11,11,7.639,7.639,128.4,135.0,11.3,11.88
2024,13131,"Mixon, Joe",RB,13,13,8.402,8.402,126.6,134.0,11.14,11.79
2024,13737,"Bates, Jessie",DB,13,16,6.754,9.237,125.9,162.1,11.08,14.26
2024,14835,"Higgins, Tee",WR,11,11,7.359,7.359,125.8,132.3,11.07,11.65
2024,15715,"Cook, James",RB,15,15,9.447,9.447,124.8,133.8,10.98,11.78
2024,16280,"Henley, Daiyan",LB,15,16,7.561,8.33,124.0,134.0,10.91,11.79
2024,16615,"Nabers, Malik",WR,13,14,8.795,9.748,123.5,146.7,10.87,12.91
2024,13987,"Spillane, Robert",LB,14,16,7.903,9.607,123.5,149.5,10.87,13.16
2024,14109,"McLaurin, Terry",WR,16,16,10.184,10.184,123.0,143.8,10.83,12.65
2024,12956,"Lutz, Wil",PK,12,16,6.045,7.894,121.8,161.9,10.72,14.25
2024,14893,"Baun, Zack",LB,13,16,7.333,10.217,121.0,170.5,10.65,15.0
2024,11675,"Adams, Davante",WR,13,13,8.299,8.299,120.1,122.1,10.57,10.74
2024,11671,"Evans, Mike",WR,13,13,8.05,8.05,119.9,129.2,10.55,11.37
2024,14104,"Brown, A.J.",WR,13,13,8.619,8.619,119.7,123.2,10.53,10.84
2024,14257,"Speed, E.J.",LB,12,14,7.645,8.185,119.0,128.0,10.47,11.26
2024,13592,"Darnold, Sam",QB,14,16,7.958,9.458,118.5,153.1,10.42,13.48
2024,13146,"Conner, James",RB,16,16,9.606,9.606,118.4,135.5,10.42,11.93
2024,14210,"Pratt, Germaine",LB,14,16,7.175,8.659,117.0,143.0,10.3,12.58
2024,15911,"Araiza, Matt",PN,16,16,7.409,7.409,117.0,117.0,10.3,10.3
2024,14802,"Taylor, Jonathan",RB,13,13,7.625,7.625,117.0,126.1,10.29,11.1
2024,14225,"Crosby, Maxx",DL,12,12,7.639,7.639,116.0,116.0,10.21,10.21
2024,16618,"Thomas Jr., Brian",WR,12,16,7.595,10.079,115.5,151.2,10.16,13.31
2024,15290,"Collins, Nico",WR,11,11,7.574,7.574,115.3,115.3,10.14,10.14
2024,15751,"London, Drake",WR,16,16,9.218,9.218,114.1,121.2,10.04,10.67
2024,16018,"Blankenship, Reed",DB,14,15,6.527,6.608,114.0,117.4,10.03,10.33
2024,14892,"Brooks, Jordyn",LB,12,16,6.992,9.279,113.0,148.5,9.94,13.07
2024,13952,"Luvu, Frankie",LB,14,16,6.358,7.819,111.0,135.0,9.77,11.88
2024,12752,"Byard, Kevin",DB,11,16,6.462,9.359,109.7,160.3,9.65,14.11
2024,13116,"Mahomes, Patrick",QB,16,16,9.057,9.057,108.2,110.1,9.52,9.69
2024,16286,"Moody, Jake",PK,13,13,5.1,5.1,107.8,107.8,9.49,9.49
2024,15856,"Taylor, Alontae",DB,13,16,6.492,8.821,107.4,152.6,9.45,13.43
2024,13806,"Elliott, DeShon",DB,10,14,6.599,9.059,106.0,149.0,9.33,13.11
2024,12842,"Dixon, Riley",PN,13,16,7.145,9.895,105.5,148.6,9.28,13.08
2024,15869,"Bernard, Terrel",LB,13,13,6.222,6.222,105.5,105.5,9.28,9.28
2024,14907,"Delpit, Grant",DB,12,15,6.306,8.239,104.9,138.1,9.23,12.15
2024,13832,"Sanders, Jason",PK,10,16,5.136,9.136,103.8,166.7,9.13,14.67
2024,14303,"Elliss, Kaden",LB,10,16,6.593,9.87,103.0,157.0,9.06,13.82
2024,14218,"Okereke, Bobby",LB,12,12,6.235,6.235,101.5,101.5,8.93,8.93
2024,15821,"Dean, Nakobe",LB,9,15,6.095,8.895,100.5,145.0,8.84,12.76
2024,14171,"Burns, Brian",DL,11,16,6.874,10.372,100.0,146.5,8.8,12.89
2024,14167,"Hines-Allen, Josh",DL,15,16,6.9,7.439,99.5,106.0,8.76,9.33
2024,14153,"Allen, Zach",DL,11,15,6.261,8.967,99.0,133.0,8.71,11.7
2024,16846,"Bates, Jake",PK,10,16,5.591,8.72,98.7,158.7,8.69,13.97
2024,14928,"Wilson, Logan",LB,11,11,6.368,6.368,97.0,97.0,8.54,8.54
2024,16181,"Brown, Chase",RB,10,16,6.904,9.418,96.9,123.8,8.53,10.89
2024,14983,"Bass, Tyler",PK,12,16,5.164,7.664,96.4,141.3,8.48,12.43
2024,13403,"Koo, Younghoe",PK,12,14,4.736,6.07,95.9,121.1,8.44,10.66
2024,16598,"Irving, Bucky",RB,12,16,7.252,8.197,95.4,107.7,8.4,9.48
2024,16886,"Hayball, Matthew",PN,9,16,6.818,10.326,95.3,162.3,8.39,14.28
2024,15261,"Hubbard, Chuba",RB,12,15,7.148,8.399,95.3,125.5,8.39,11.05
2024,15850,"Pitre, Jalen",DB,11,12,5.348,5.761,95.1,102.0,8.37,8.98
2024,15846,"Walker, Quay",LB,12,13,5.967,6.852,94.5,108.0,8.32,9.5
2024,15346,"Rousseau, Gregory",DL,12,16,6.431,8.787,94.0,137.0,8.27,12.06
2024,13813,"Oluokun, Foyesade",LB,11,13,5.612,6.112,94.0,101.5,8.27,8.93
2024,15404,"Jones, Ernest",LB,12,15,6.068,7.707,94.0,118.0,8.27,10.38
2024,14717,"McLaughlin, Chase",PK,10,16,5.182,8.398,93.4,151.2,8.22,13.31
2024,15753,"Wilson, Garrett",WR,15,16,8.455,9.384,93.1,121.5,8.2,10.69
2024,14071,"Montgomery, David",RB,14,14,8.162,8.162,92.8,101.2,8.16,8.91
2024,15350,"Parsons, Micah",DL,11,12,6.144,6.966,92.0,105.5,8.1,9.28
2024,14518,"Thompson, Jalen",DB,12,14,5.289,6.317,91.9,109.4,8.09,9.63
2024,14909,"Winfield, Antoine",DB,9,9,5.557,5.557,90.5,90.5,7.96,7.96
2024,14221,"Williams, Quincy",LB,13,16,5.627,7.353,90.5,121.5,7.96,10.69
2024,13844,"Cooke, Logan",PN,10,16,5.636,9.867,90.0,158.0,7.92,13.9
2024,13431,"Sanchez, Rigoberto",PN,11,13,5.068,6.527,90.0,116.0,7.92,10.21
2024,9596,"Morstead, Thomas",PN,16,16,5.518,5.518,90.0,90.0,7.92,7.92
2024,13713,"Fitzpatrick, Minkah",DB,12,16,5.463,7.077,89.6,118.1,7.88,10.39
2024,15355,"Bolton, Nick",LB,12,16,5.378,8.344,89.5,136.0,7.88,11.97
2024,16350,"Jones, Jaylon",DB,12,16,5.178,7.871,89.0,135.8,7.83,11.95
2024,12801,"Hill, Tyreek",WR,16,16,8.38,8.38,88.7,101.2,7.81,8.9
2024,11721,"Mack, Khalil",DL,13,15,6.264,6.668,88.5,94.0,7.79,8.27
2024,11244,"Kelce, Travis",TE,16,16,9.795,9.795,88.5,100.5,7.79,8.84
2024,13163,"Godwin, Chris",WR,7,7,5.064,5.064,87.3,87.3,7.68,7.68
2024,15365,"Moehrig, Trevon",DB,9,16,4.362,8.083,87.2,151.6,7.67,13.34
2024,15979,"Dicker, Cameron",PK,8,16,4.227,8.856,82.8,167.4,7.29,14.73
2024,15708,"Hall, Breece",RB,15,15,7.45,7.45,82.4,96.7,7.25,8.51
2024,15418,"Bynum, Camryn",DB,12,16,4.635,7.908,82.0,131.2,7.22,11.55
2024,16653,"Verse, Jared",DL,10,16,5.996,8.631,81.0,121.5,7.13,10.69
2024,14630,"Cole, A.J.",PN,11,13,5.318,6.902,80.6,104.6,7.09,9.2
2024,13354,"Butker, Harrison",PK,9,10,4.818,4.818,80.4,81.8,7.08,7.2
2024,15711,"Walker III, Kenneth",RB,11,11,6.081,6.081,80.0,83.5,7.04,7.35
2024,16190,"Flowers, Zay",WR,15,16,7.762,8.333,78.9,100.8,6.95,8.87
2024,15808,"Karlaftis, George",DL,14,16,5.411,6.834,79.0,97.5,6.95,8.58
2024,12239,"Kendricks, Eric",LB,8,14,4.973,8.525,78.5,137.5,6.91,12.1
2024,16262,"White, Keion",DL,13,16,5.975,7.058,78.0,101.0,6.86,8.89
2024,15698,"Purdy, Brock",QB,11,15,6.288,8.502,78.0,132.4,6.86,11.65
2024,16679,"Nubin, Tyler",DB,8,13,4.682,7.034,77.9,120.4,6.86,10.6
2024,13164,"Kupp, Cooper",WR,12,12,6.518,6.518,77.6,101.0,6.83,8.89
2024,13635,"Moore, D.J.",WR,15,16,7.66,8.256,76.7,93.6,6.75,8.24
2024,14489,"Gillan, Jamie",PN,9,12,4.282,6.74,73.0,110.0,6.42,9.68
2024,14833,"Jeudy, Jerry",WR,7,16,4.004,8.413,72.7,126.8,6.4,11.16
2024,15484,"Cooper, Jonathon",DL,11,16,4.952,8.325,72.5,116.5,6.38,10.25
2024,13319,"Jones, Aaron",RB,14,16,6.908,7.893,72.4,92.0,6.37,8.09
2024,16223,"Anderson, Will",DL,10,14,4.959,7.488,72.0,121.0,6.34,10.65
2024,14258,,PK,6,9,4.364,6.856,72.0,115.2,6.34,10.14
2024,15282,"Smith, DeVonta",WR,12,13,6.421,7.325,71.4,109.5,6.28,9.63
2024,15923,"Lake, Quentin",DB,9,16,3.959,8.396,70.5,141.3,6.2,12.43
2024,14921,"Dugger, Kyle",DB,7,12,3.965,6.736,69.9,113.2,6.15,9.96
2024,14056,"Murray, Kyler",QB,16,16,7.643,7.643,67.9,99.1,5.98,8.72
2024,15756,"Williams, Jameson",WR,12,14,6.172,7.668,67.6,111.2,5.95,9.78
2024,15861,"Bonitto, Nik",DL,6,16,3.68,9.503,67.0,149.0,5.9,13.11
2024,16184,"Reed, Jayden",WR,15,16,7.089,7.351,65.8,91.7,5.79,8.07
2024,16627,"McConkey, Ladd",WR,7,15,4.647,8.977,65.7,114.3,5.78,10.06
2024,15815,"Walker, Travon",DL,8,16,4.211,7.916,65.5,126.0,5.76,11.09
2024,13325,"Woods, Xavier",DB,7,16,3.986,8.555,65.5,148.7,5.76,13.09
2024,15805,"Hutchinson, Aidan",DL,5,5,3.403,3.403,65.0,65.0,5.72,5.72
2024,15448,"Pinnock, Jason",DB,9,12,3.006,4.041,64.9,81.2,5.71,7.15
2024,16185,"Smith-Njigba, Jaxon",WR,12,16,6.524,9.393,63.6,135.4,5.6,11.91
2024,16582,"Nix, Bo",QB,6,16,3.519,8.157,63.5,118.5,5.58,10.43
2024,14779,"Herbert, Justin",QB,16,16,7.179,7.179,62.8,79.8,5.53,7.02
2024,11938,"Thielen, Adam",WR,7,9,4.358,4.977,62.7,62.9,5.52,5.54
2024,15368,"McPherson, Evan",PK,9,12,3.5,5.235,62.7,95.4,5.52,8.4
2024,14472,"Dodson, Tyrel",LB,10,14,3.799,5.628,62.5,91.0,5.5,8.01
2024,14933,"Blackmon, Julian",DB,8,12,3.726,6.229,62.3,101.5,5.48,8.93
2024,14217,"Barton, Cody",LB,7,13,2.952,4.475,62.0,93.5,5.46,8.23
2024,11313,,DB,9,13,3.28,4.338,61.5,82.8,5.41,7.29
2024,12795,"Judon, Matt",DL,13,16,4.686,6.563,61.0,92.5,5.37,8.14
2024,10783,"Smith, Harrison",DB,8,14,3.749,7.596,60.6,122.2,5.33,10.75
2024,15835,"Brisker, Jaquan",DB,5,6,3.013,3.013,60.5,60.5,5.32,5.32
2024,15822,"Lloyd, Devin",LB,8,12,3.444,4.973,60.5,86.5,5.32,7.61
2024,14102,"Metcalf, DK",WR,12,14,6.268,7.02,60.2,72.6,5.3,6.39
2024,15469,"Hamlin, Damar",DB,7,13,3.43,7.121,60.2,117.9,5.3,10.38
2024,13288,"Jenkins, Rayshawn",DB,9,12,3.46,4.499,59.7,79.6,5.25,7.0
2024,13702,"Jewell, Josey",LB,5,12,3.619,7.289,59.5,116.0,5.24,10.21
2024,14251,"Cashman, Blake",LB,7,12,3.54,6.777,59.5,114.5,5.24,10.08
2024,14778,"Tagovailoa, Tua",QB,8,11,4.689,5.916,59.3,93.0,5.22,8.18
2024,16252,"McDonald, Will",DL,11,16,4.597,6.603,59.0,96.5,5.19,8.49
2024,14974,"Mooney, Darnell",WR,14,16,6.778,7.588,57.1,88.6,5.03,7.8
2024,15428,"Sherwood, Jamien",LB,6,16,3.683,8.771,57.0,145.0,5.02,12.76
2024,13193,"Smith, Jonnu",TE,12,16,6.934,9.583,57.0,117.6,5.02,10.35
2024,15351,"Owusu-Koramoah, Jeremiah",LB,5,8,3.569,5.329,56.5,81.5,4.97,7.17
2024,12186,"Diggs, Stefon",WR,8,8,5.227,5.227,56.0,58.6,4.93,5.16
2024,16284,"Williams, Dorian",LB,8,13,3.457,6.25,53.5,95.0,4.71,8.36
2024,14940,"Highsmith, Alex",DL,7,10,3.512,5.606,53.5,86.0,4.71,7.57
2024,14889,"Murray, Kenneth",LB,6,14,3.166,6.319,53.0,106.0,4.66,9.33
2024,14797,"Swift, D'Andre",RB,16,16,7.378,7.378,52.5,70.9,4.62,6.24
2024,16186,"Addison, Jordan",WR,7,14,3.606,7.728,51.2,110.3,4.51,9.7
2024,14669,"Nixon, Keisean",DB,5,16,3.389,8.558,51.1,149.1,4.5,13.12
2024,16010,"Wright, Ryan",PN,7,16,3.091,7.606,51.0,128.0,4.49,11.26
2024,16279,"Moss, Riley",DB,7,12,2.933,6.145,50.9,106.8,4.48,9.4
2024,15802,"Otton, Cade",TE,9,14,4.752,6.786,50.6,67.4,4.45,5.93
2024,14896,"Queen, Patrick",LB,8,16,2.634,6.463,50.5,114.5,4.44,10.08
2024,14085,"Pollard, Tony",RB,9,15,4.489,6.499,50.2,70.7,4.42,6.22
2024,16383,"Pace, Ivan",LB,5,9,2.854,4.297,50.0,73.0,4.4,6.42
2024,15445,"Lenoir, Deommodore",DB,7,15,2.91,7.38,48.7,127.0,4.29,11.18
2024,14405,"Granderson, Carl",DL,9,13,3.737,6.192,48.0,87.5,4.22,7.7
2024,13303,"Elliott, Jake",PK,5,15,2.109,6.359,47.7,124.9,4.2,10.99
2024,13138,"Hunt, Kareem",RB,10,13,5.017,5.627,47.3,58.3,4.16,5.13
2024,14159,"Lawrence, Dexter",DL,7,12,3.123,6.153,47.0,95.5,4.14,8.4
2024,16245,"Battle, Jordan",DB,9,16,2.587,4.067,46.4,75.1,4.08,6.61
2024,14182,"Hooker, Amani",DB,6,14,2.614,7.247,45.8,124.8,4.03,10.98
2024,13630,"Sutton, Courtland",WR,8,16,4.192,8.525,45.5,111.7,4.01,9.83
2024,14590,"Al-Shaair, Azeez",LB,5,10,2.925,4.897,45.5,83.0,4.0,7.3
2024,10266,"Heyward, Cameron",DL,6,16,3.224,9.703,44.5,134.0,3.92,11.79
2024,16722,"Knight, Tyrice",LB,6,15,2.329,3.963,44.0,71.5,3.87,6.29
2024,13762,"White, Kyzir",LB,6,16,2.364,7.049,43.5,121.0,3.83,10.65
2024,14894,"Jennings, Anfernee",DL,5,12,3.028,6.411,42.0,87.5,3.7,7.7
2024,13470,"Moore, Kenny",DB,6,14,2.047,6.337,41.8,120.0,3.68,10.56
2024,15860,"Cook, Bryan",DB,5,13,2.448,4.599,41.3,83.7,3.63,7.37
2024,15001,"Curl, Kamren",DB,6,16,2.166,6.396,41.2,120.2,3.63,10.58
2024,16620,"Worthy, Xavier",WR,5,16,2.992,7.332,40.7,78.5,3.58,6.91
2024,12688,"Buckner, DeForest",DL,5,8,2.668,4.649,39.5,72.0,3.48,6.34
2024,16194,"Rice, Rashee",WR,4,4,2.644,2.644,39.4,45.5,3.46,4.01
2024,13223,"Humphrey, Marlon",DB,4,12,2.456,6.014,39.3,105.4,3.46,9.28
2024,14800,"Dobbins, J.K.",RB,9,12,4.423,6.981,38.8,75.9,3.41,6.68
2024,15721,"White, Rachaad",RB,13,15,5.802,7.08,38.7,70.0,3.4,6.16
2024,15762,"Pickens, George",WR,11,13,5.4,6.787,38.6,64.9,3.39,5.71
2024,16614,"Harrison Jr., Marvin",WR,15,16,6.104,6.841,38.4,81.4,3.38,7.17
2024,15076,"Rozeboom, Christian",LB,5,16,2.202,7.092,38.0,120.0,3.34,10.56
2024,16011,"Stonehouse, Ryan",PN,5,13,1.886,5.928,38.0,94.0,3.34,8.27
2024,13782,"Dickson, Michael",PN,5,13,2.682,6.538,38.0,109.0,3.34,9.59
2024,16014,"Adams, Tony",DB,5,11,1.816,4.203,36.9,79.9,3.25,7.03
2024,14860,"Jennings, Jauan",WR,8,14,3.501,6.524,36.6,99.5,3.22,8.75
2024,14163,"Simmons, Jeffery",DL,5,15,2.777,9.238,36.0,129.5,3.17,11.4
2024,11150,"Smith, Geno",QB,10,16,4.884,6.822,36.0,66.6,3.16,5.86
2024,13764,"Johnson, Taron",DB,4,12,2.089,6.669,35.3,111.5,3.11,9.81
2024,12225,"Williams, Leonard",DL,3,15,2.251,8.272,34.5,141.5,3.04,12.45
2024,16295,"Conner, Chamarri",DB,4,14,2.124,6.42,34.2,122.1,3.01,10.74
2024,13674,"Goedert, Dallas",TE,9,9,5.297,5.297,34.2,43.6,3.01,3.84
2024,14782,"Love, Jordan",QB,10,14,4.45,6.934,34.1,92.2,3.0,8.11
2024,15238,"Fields, Justin",QB,5,10,2.731,3.111,34.1,35.7,3.0,3.14
2024,14867,"Kmet, Cole",TE,7,16,3.417,5.487,33.8,46.6,2.98,4.1
2024,16282,"Turner, Kobie",DL,6,15,2.357,6.88,33.5,107.5,2.95,9.46
2024,15868,"Jones, Marcus",DB,3,14,2.089,7.063,33.3,118.0,2.93,10.38
2024,15890,"McFadden, Micah",LB,6,14,1.524,6.224,33.0,111.0,2.9,9.77
2024,14127,"Meyers, Jakobi",WR,8,14,3.792,7.422,32.5,82.0,2.86,7.21
2024,15394,"Adebo, Paulson",DB,3,7,1.613,4.684,32.5,92.1,2.86,8.1
2024,14236,"Amadi, Ugo",DB,3,9,1.92,4.877,32.5,87.7,2.86,7.72
2024,14927,"Chinn, Jeremy",DB,4,15,1.91,7.566,32.2,142.4,2.83,12.53
2024,13268,"Anzalone, Alex",LB,5,9,1.906,3.944,32.0,66.0,2.82,5.81
2024,12437,"Myers, Jason",PK,4,14,1.773,6.625,31.6,122.3,2.78,10.76
2024,16405,"Romo, John Parker",PK,3,4,1.955,2.788,31.6,46.4,2.78,4.08
2024,15859,"Taylor-Britt, Cam",DB,4,16,1.8,7.559,31.4,132.5,2.76,11.66
2024,11945,"Santos, Cairo",PK,3,13,1.791,4.958,31.2,88.8,2.75,7.81
2024,9431,"Stafford, Matthew",QB,15,16,6.157,6.248,31.2,78.8,2.74,6.93
2024,14412,"Singleton, Alex",LB,3,3,2.149,2.149,31.0,31.0,2.73,2.73
2024,12686,"Bosa, Joey",DL,5,10,1.902,3.233,30.5,45.0,2.68,3.96
2024,12287,,LB,6,10,1.589,3.584,30.5,60.5,2.68,5.32
2024,10814,"Anger, Bryan",PN,4,16,1.955,7.553,30.0,117.2,2.64,10.31
2024,7836,"Rodgers, Aaron",QB,16,16,6.27,6.27,29.1,74.0,2.56,6.51
2024,16698,"Sainristil, Mike",DB,4,14,1.426,5.935,28.5,106.3,2.51,9.35
2024,14995,"Metellus, Josh",DB,5,16,1.474,7.434,28.0,129.9,2.46,11.43
2024,14180,"Murphy, Byron",DB,4,16,1.778,8.221,26.8,142.2,2.36,12.51
2024,14136,"Samuel, Deebo",WR,11,15,4.652,6.33,26.5,69.5,2.33,6.12
2024,14157,"Williams, Quinnen",DL,6,13,2.082,5.578,26.5,79.5,2.33,7.0
2024,14842,"Pittman, Michael",WR,14,15,5.926,6.283,26.4,50.4,2.32,4.44
2024,13404,"Ekeler, Austin",RB,8,11,3.606,4.831,26.1,45.8,2.29,4.03
2024,11222,"Allen, Keenan",WR,6,14,2.58,6.897,25.7,79.6,2.26,7.0
2024,16747,"Tracy, Tyrone",RB,7,16,3.412,6.551,25.2,65.7,2.22,5.79
2024,16579,"Williams, Caleb",QB,13,16,5.197,6.113,25.0,94.3,2.2,8.3
2024,16235,"Hall, Derick",DL,4,13,1.823,5.866,24.5,79.0,2.16,6.95
2024,16191,"Tillman, Cedric",WR,4,11,2.094,3.003,24.6,41.5,2.16,3.66
2024,14138,"Hockenson, T.J.",TE,9,9,4.496,4.496,24.3,33.0,2.14,2.91
2024,12620,"Prescott, Dak",QB,8,8,3.759,3.759,24.2,41.1,2.13,3.62
2024,12140,"Winston, Jameis",QB,2,12,1.35,4.128,24.2,65.9,2.13,5.8
2024,15259,"Stevenson, Rhamondre",RB,10,15,4.559,6.585,24.1,68.6,2.12,6.04
2024,12741,"Jones, Chris",DL,5,13,1.724,4.867,24.0,69.5,2.11,6.12
2024,13791,"Scott, J.K.",PN,3,13,1.682,7.03,24.0,113.1,2.11,9.95
2024,15284,"Waddle, Jaylen",WR,14,15,5.704,5.704,23.7,48.1,2.09,4.23
2024,14943,"Davis-Gaither, Akeem",LB,3,16,1.525,3.209,23.5,67.0,2.07,5.9
2024,13189,"Engram, Evan",TE,7,9,3.1,4.056,23.3,34.8,2.05,3.06
2024,10313,"Dalton, Andy",QB,2,6,1.211,1.795,23.1,29.5,2.03,2.59
2024,16236,"To'oTo'o, Henry",LB,3,15,1.517,5.536,23.0,99.5,2.02,8.76
2024,14219,"Dean, Jamel",DB,3,9,1.518,4.044,23.0,69.6,2.02,6.12
2024,16188,"Johnston, Quentin",WR,10,14,4.053,5.457,22.9,55.5,2.01,4.89
2024,16681,"Reichard, Will",PK,2,10,1.227,5.489,22.7,94.6,2.0,8.32
2024,16580,"Maye, Drake",QB,10,13,4.199,4.881,22.7,46.0,1.99,4.05
2024,16145,"McMillian, Ja'Quan",DB,1,13,1.0,6.139,22.5,110.9,1.98,9.76
2024,16254,"Kancey, Calijah",DL,3,11,1.488,5.857,22.5,87.0,1.98,7.66
2024,14947,"Wonnum, D.J.",DL,3,7,1.726,3.952,22.5,57.5,1.98,5.06
2024,13697,"Edmunds, Tremaine",LB,4,16,1.018,5.374,22.0,102.0,1.94,8.98
2024,13717,"Reid, Justin",DB,4,13,0.921,5.748,21.6,100.6,1.9,8.85
2024,13760,"Whitehead, Jordan",DB,3,11,1.172,5.456,21.6,92.3,1.9,8.12
2024,13839,"Sieler, Zach",DL,3,14,1.509,8.204,21.5,113.5,1.89,9.99
2024,16873,,PK,3,6,0.818,2.795,21.4,56.8,1.88,5.0
2024,13629,"Ridley, Calvin",WR,14,16,5.73,7.488,21.2,80.1,1.87,7.04
2024,11247,"Ertz, Zach",TE,8,16,3.143,7.549,21.1,70.8,1.85,6.23
2024,14823,"Dowdle, Rico",RB,9,15,3.666,7.137,20.9,61.5,1.84,5.41
2024,15889,"Okonkwo, Chigoziem",TE,3,15,1.614,5.491,20.2,32.2,1.78,2.84
2024,10816,"Davis, Demario",LB,2,14,1.511,6.195,20.0,103.5,1.76,9.11
2024,13682,"Key, Arden",DL,3,16,1.222,6.473,20.0,97.5,1.76,8.58
2024,16688,"Guerendo, Isaac",RB,2,15,1.4,3.778,19.7,35.2,1.74,3.1
2024,16444,"Grupe, Blake",PK,4,13,1.045,5.394,19.5,107.7,1.72,9.48
2024,9064,"Flacco, Joe",QB,1,7,0.857,2.605,19.3,33.7,1.7,2.97
2024,16152,"Richardson, Anthony",QB,11,11,4.342,4.342,18.8,50.9,1.65,4.48
2024,15237,"Lawrence, Trevor",QB,8,10,3.743,4.326,18.7,47.9,1.65,4.21
2024,15894,"Woolen, Tariq",DB,4,11,0.912,3.941,18.7,67.7,1.65,5.96
2024,16266,"Tuipulotu, Tuli",DL,3,16,1.382,7.063,18.5,102.0,1.63,8.98
2024,15972,"Mason, Jordan",RB,8,12,3.496,4.629,18.5,42.9,1.62,3.78
2024,13192,"Njoku, David",TE,4,11,2.038,6.951,18.3,83.5,1.61,7.35
2024,16164,"Bigsby, Tank",RB,2,15,1.116,4.001,18.0,43.3,1.59,3.81
2024,12217,"Fowler, Dante",DL,2,13,1.006,5.848,18.0,94.5,1.58,8.32
2024,15887,,PN,3,4,1.045,1.379,18.0,22.0,1.58,1.94
2024,11644,"Carr, Derek",QB,5,10,2.095,4.508,17.8,53.3,1.57,4.69
2024,15757,"Robinson, Wan'Dale",WR,7,16,3.548,6.965,17.8,44.1,1.57,3.88
2024,16165,"Spears, Tyjae",RB,3,12,1.463,4.005,17.8,39.6,1.56,3.48
2024,15884,"Stout, Jordan",PN,4,13,1.045,5.22,17.0,78.0,1.5,6.86
2024,15779,"Doubs, Romeo",WR,6,13,2.613,5.268,16.9,41.0,1.49,3.61
2024,13124,"Rush, Cooper",QB,7,12,2.831,3.081,16.9,27.8,1.49,2.45
2024,16239,"Campbell, Jack",LB,2,16,1.084,7.284,16.5,117.0,1.45,10.3
2024,16708,"Smith, Tykee",DB,3,9,0.876,4.671,16.5,80.5,1.45,7.08
2024,14991,"Fuller, Jordan",DB,3,7,0.714,2.328,16.0,44.6,1.41,3.92
2024,16187,"Downs, Josh",WR,6,13,2.388,6.781,16.0,84.8,1.41,7.46
2024,15761,"Shakir, Khalil",WR,3,15,1.719,7.595,15.2,72.1,1.34,6.34
2024,16278,"Diaby, YaYa",DL,3,16,1.042,7.198,15.0,97.5,1.32,8.58
2024,15668,"Waitman, Corliss",PN,3,12,1.182,5.996,15.0,94.0,1.32,8.27
2024,15293,"Bateman, Rashod",WR,6,16,2.557,6.464,14.9,55.2,1.31,4.86
2024,15853,"Mafe, Boye",DL,3,11,1.059,5.015,14.5,70.0,1.28,6.16
2024,14186,"Rapp, Taylor",DB,1,12,0.897,5.884,14.4,103.0,1.27,9.06
2024,14426,"Wright, Matthew",PK,1,3,0.818,2.568,14.4,45.6,1.27,4.01
2024,13671,"Andrews, Mark",TE,9,16,4.328,8.754,14.2,86.2,1.25,7.59
2024,13430,"Haack, Matt",PN,2,4,1.091,2.633,14.0,40.0,1.23,3.52
2024,16283,"Overshown, DeMarvion",LB,2,13,0.508,6.745,12.5,120.5,1.1,10.6
2024,16009,"Gibbens, Jack",LB,2,10,0.719,2.073,12.5,37.0,1.1,3.26
2024,16204,"Dell, Tank",WR,10,14,4.042,5.836,11.7,50.3,1.03,4.43
2024,12697,"Robinson, A'Shawn",DL,1,14,0.904,7.79,11.5,114.5,1.01,10.08
2024,15254,"Harris, Najee",RB,5,16,2.018,6.902,11.5,58.8,1.01,5.18
2024,16214,"LaPorta, Sam",TE,5,15,2.736,8.454,11.4,75.9,1.01,6.68
2024,16169,"Charbonnet, Zach",RB,5,16,1.942,5.765,11.0,69.8,0.97,6.14
2024,16887,"Rehkow, Ryan",PN,4,13,0.818,6.318,11.0,103.0,0.97,9.06
2024,11728,,LB,2,4,0.625,0.66,11.0,15.0,0.97,1.32
2024,13632,"Lazard, Allen",WR,2,11,0.995,4.356,10.9,51.4,0.96,4.52
2024,16680,"Little, Cam",PK,3,13,0.409,4.216,10.1,85.1,0.89,7.49
2024,14244,"Gay, Matt",PK,2,12,0.273,5.485,10.1,100.3,0.89,8.83
2024,13130,"McCaffrey, Christian",RB,4,4,1.774,1.774,10.1,12.1,0.89,1.07
2024,14200,"Tavai, Jahlani",LB,2,13,0.456,4.471,10.0,88.5,0.88,7.79
2024,11723,"Van Noy, Kyle",LB,4,12,0.213,3.827,10.0,70.0,0.88,6.16
2024,12231,"Thompson, Shaq",LB,2,4,0.319,1.692,9.5,29.5,0.84,2.6
2024,16148,"Young, Bryce",QB,9,13,3.515,4.265,9.5,39.6,0.84,3.48
2024,15875,"Belton, Dane",DB,2,15,0.373,2.421,9.6,52.6,0.84,4.63
2024,14979,"Strnad, Justin",LB,1,13,0.741,3.661,9.5,67.5,0.84,5.94
2024,15806,"Thibodeaux, Kayvon",DL,2,11,0.521,4.628,9.5,59.5,0.84,5.24
2024,15933,"Brown, Montaric",DB,2,13,0.571,5.407,9.4,95.4,0.83,8.4
2024,13231,"Peppers, Jabrill",DB,1,6,0.633,3.02,9.1,54.0,0.8,4.75
2024,15345,"Paye, Kwity",DL,3,11,0.664,4.876,9.0,75.5,0.79,6.64
2024,15768,"Pierce, Alec",WR,2,15,0.889,6.24,8.8,75.1,0.78,6.61
2024,13253,"Williams, Marcus",DB,1,11,0.586,2.211,8.8,47.9,0.77,4.22
2024,15003,"Stone, Geno",DB,1,15,0.468,5.454,8.8,108.0,0.77,9.5
2024,15749,"Pacheco, Isiah",RB,4,7,1.372,1.577,8.6,13.1,0.76,1.16
2024,14798,"Moss, Zack",RB,4,9,1.635,2.67,8.7,25.4,0.76,2.23
2024,13595,"Rudolph, Mason",QB,4,6,1.482,2.047,8.6,19.7,0.76,1.73
2024,15257,"Sermon, Trey",RB,1,16,0.839,1.909,8.5,8.5,0.75,0.75
2024,16677,"Bullard, Javon",DB,2,14,0.329,5.849,8.4,100.5,0.74,8.84
2024,15716,"Robinson, Brian",RB,7,13,2.705,6.22,8.2,56.0,0.73,4.93
2024,15832,"Stingley Jr., Derek",DB,2,13,0.276,4.449,8.0,85.3,0.7,7.51
2024,13888,"Gardeck, Dennis",DL,2,7,0.897,3.507,8.0,57.0,0.7,5.02
2024,15754,"Olave, Chris",WR,8,8,3.145,3.145,7.8,40.1,0.69,3.53
2024,9051,"Campbell, Calais",DL,2,14,0.58,6.94,7.5,93.5,0.66,8.23
2024,15387,"Werner, Pete",LB,1,10,0.519,2.952,7.5,57.5,0.66,5.06
2024,15777,"Austin III, Calvin",WR,4,15,1.416,4.693,7.3,40.9,0.64,3.6
2024,16676,"Kinchens, Kamren",DB,1,13,0.468,3.473,7.3,72.2,0.64,6.35
2024,16617,"Coleman, Keon",WR,6,12,2.379,4.144,7.2,26.1,0.63,2.3
2024,13848,"Johnston, Cam",PN,1,1,0.409,0.409,7.0,7.0,0.62,0.62
2024,12238,"Perryman, Denzel",LB,1,10,0.38,2.892,7.0,52.5,0.62,4.62
2024,11383,"Martin, Sam",PN,2,13,0.636,5.962,7.0,96.0,0.62,8.45
2024,12155,"Abdullah, Ameer",RB,3,16,1.265,4.929,7.1,45.5,0.62,4.01
2024,13710,"Davis, Carlton",DB,2,12,0.327,5.775,6.9,101.7,0.61,8.95
2024,15799,"Ferguson, Jake",TE,5,13,2.393,5.361,6.7,31.9,0.59,2.8
2024,14169,"Wilson, Mack",LB,1,13,0.444,4.564,6.5,84.0,0.57,7.39
2024,15352,"Collins, Zaven",DL,1,13,0.635,5.563,6.5,79.0,0.57,6.95
2024,16281,"Brown, Ji'Ayir",DB,1,13,0.258,4.797,6.5,86.4,0.57,7.6
2024,11985,"Way, Tress",PN,3,13,0.227,5.068,6.0,78.0,0.53,6.86
2024,15301,"Atwell, Tutu",WR,3,13,1.183,3.595,5.9,15.8,0.52,1.39
2024,15789,"Watson, Christian",WR,4,14,1.581,4.276,5.8,29.8,0.51,2.62
2024,16759,"Muasau, Darius",LB,1,12,0.423,1.687,5.5,30.5,0.48,2.68
2024,15378,"Oweh, Odafe",DL,2,13,0.514,5.6,5.5,82.0,0.48,7.22
2024,11017,,DB,2,13,0.089,3.197,5.4,64.4,0.48,5.67
2024,15398,"Jones, Patrick",DL,2,12,0.468,5.125,5.0,77.5,0.44,6.82
2024,15819,"Wyatt, Devonte",DL,1,11,0.596,3.783,5.0,50.0,0.44,4.4
2024,14162,"Wilkins, Christian",DL,1,5,0.288,2.314,5.0,31.5,0.44,2.77
2024,16296,"Miller, Ventrell",LB,1,13,0.06,4.142,5.0,74.5,0.44,6.56
2024,10945,"Hekker, Johnny",PN,1,13,0.364,5.295,5.0,87.0,0.44,7.66
2024,14888,"Chaisson, K'Lavon",DL,1,12,0.36,4.247,5.0,52.0,0.44,4.58
2024,16222,"Kraft, Tucker",TE,5,16,1.747,7.846,4.7,64.8,0.42,5.7
2024,15713,"Ford, Jerome",RB,6,14,1.78,4.919,4.5,44.1,0.4,3.88
2024,15939,"Spector, Baylon",LB,1,9,0.222,2.14,4.5,37.0,0.4,3.26
2024,15499,"Gillikin, Blake",PN,1,13,0.0,6.223,4.0,104.0,0.35,9.15
2024,15812,"Hall, Logan",DL,2,12,0.354,3.628,4.0,43.0,0.35,3.78
2024,15331,"Freiermuth, Pat",TE,4,16,1.881,7.978,3.9,46.4,0.34,4.08
2024,14840,"Aiyuk, Brandon",WR,7,7,2.748,2.748,3.9,18.1,0.34,1.6
2024,12187,"Lockett, Tyler",WR,3,16,1.151,4.478,3.7,27.3,0.33,2.4
2024,16703,"Phillips, Andru",DB,1,11,0.065,4.034,3.7,77.5,0.33,6.82
2024,14923,"Taylor, Darrell",DL,2,12,0.212,2.745,3.5,43.5,0.31,3.83
2024,12301,,DL,1,13,0.188,6.02,3.5,77.0,0.31,6.78
2024,14900,"Madubuike, Nnamdi",DL,1,13,0.38,4.528,3.5,64.0,0.31,5.63
2024,13641,"McCloud, Ray-Ray",WR,2,16,0.785,5.589,3.0,28.7,0.27,2.53
2024,12754,"Collins, Maliek",DL,2,13,0.336,5.112,3.0,66.5,0.26,5.85
2024,16287,"Tucker, Tre",WR,4,16,1.243,5.161,3.0,38.5,0.26,3.39
2024,15809,"Johnson, Jermaine",DL,1,2,0.26,0.501,3.0,7.5,0.26,0.66
2024,14148,"Sweat, Montez",DL,2,12,0.281,4.614,3.0,58.0,0.26,5.1
2024,13610,"Chubb, Nick",RB,3,8,1.1,2.303,2.9,15.2,0.25,1.33
2024,16305,"Abdullah, Yasir",LB,1,10,0.056,0.27,2.5,15.0,0.22,1.32
2024,15388,"Ossai, Joseph",DL,1,16,0.24,6.069,2.5,82.5,0.22,7.26
2024,16693,"Sweat, T'Vondre",DL,1,16,0.25,4.903,2.5,61.0,0.22,5.37
2024,13172,"Brown, Noah",WR,2,11,0.85,3.653,2.2,16.7,0.2,1.47
2024,15337,"Gray, Noah",TE,2,16,0.5,5.418,2.2,37.9,0.19,3.33
2024,14149,"Gary, Rashan",DL,1,13,0.154,5.653,2.0,71.5,0.18,6.29
2024,12175,"Cooper, Amari",WR,11,14,3.625,4.426,1.8,41.6,0.16,3.66
2024,13168,"Reynolds, Josh",WR,2,5,0.768,1.625,1.3,5.6,0.12,0.5
2024,13672,"Gesicki, Mike",TE,9,16,3.264,6.309,1.3,55.5,0.12,4.88
2024,16752,"Davis, Isaiah",RB,2,16,0.515,1.963,1.3,8.5,0.12,0.75
2024,15730,"Goodson, Tyler",RB,2,12,0.757,1.715,1.3,3.3,0.12,0.29
2024,15329,"Pitts, Kyle",TE,11,16,4.082,6.741,1.3,51.6,0.11,4.54
2024,15032,"Fox, Jack",PN,1,13,0.0,5.917,1.0,100.9,0.09,8.88
2024,13692,"Vea, Vita",DL,1,12,0.167,5.752,1.0,78.5,0.09,6.91
2024,12676,"Henry, Hunter",TE,7,16,2.278,7.402,1.0,63.1,0.09,5.55
2024,13772,"Schultz, Dalton",TE,6,16,2.753,5.994,0.9,25.6,0.08,2.25
2024,14143,"Knox, Dawson",TE,1,16,0.667,3.358,0.9,2.4,0.08,0.21
2024,14799,"Akers, Cam",RB,1,15,0.452,2.413,0.8,6.0,0.07,0.52
2024,14057,"Lock, Drew",QB,1,5,0.286,0.373,0.7,0.7,0.06,0.06
2024,14331,"Johnson, D'Ernest",RB,1,11,0.448,1.035,0.6,0.6,0.05,0.05
2024,13298,"Stewart, Grover",DL,1,13,0.06,5.921,0.5,81.5,0.04,7.17
2024,11706,"Clowney, Jadeveon",DL,1,10,0.04,4.534,0.5,60.5,0.04,5.32
2024,15915,,DL,1,2,0.096,0.846,0.5,10.5,0.04,0.92
2024,16342,"Douglas, Demario",WR,7,16,2.486,5.402,0.2,36.2,0.02,3.19
2024,16150,"Stroud, C.J.",QB,16,16,5.794,5.794,0.0,48.4,0.0,4.26
2024,16080,"Shaheed, Rashid",WR,0,6,0.0,3.51,0.0,49.2,0.0,4.33
2024,11769,"Lawrence, Demarcus",DL,0,4,0.0,2.352,0.0,33.5,0.0,2.95
2024,16267,"Stevenson, Tyrique",DB,0,12,0.0,5.058,0.0,91.6,0.0,8.06
2024,15836,"Hill, Daxton",DB,0,5,0.0,2.067,0.0,38.0,0.0,3.34
2024,14924,"Johnson, Jaylon",DB,0,13,0.0,3.691,0.0,71.6,0.0,6.3
2024,15950,"Watson, Jaylen",DB,0,6,0.0,2.473,0.0,45.1,0.0,3.97
2024,13731,"Hughes, Mike",DB,0,11,0.0,3.696,0.0,64.8,0.0,5.7
2024,14315,"Dulin, Ashton",WR,0,12,0.0,1.277,0.0,4.4,0.0,0.39
2024,14864,"Johnson, Tyler",WR,0,13,0.0,2.159,0.0,4.8,0.0,0.43
2024,14256,"Bailey, Jake",PN,0,13,0.0,4.045,0.0,74.0,0.0,6.51
2024,14903,"Diggs, Trevon",DB,0,11,0.0,4.023,0.0,75.6,0.0,6.65
2024,14207,"Thornhill, Juan",DB,0,8,0.0,2.412,0.0,42.0,0.0,3.7
2024,12305,"Jarrett, Grady",DL,0,13,0.0,5.245,0.0,68.5,0.0,6.03
2024,13933,"Ford, Poona",DL,0,13,0.0,5.063,0.0,65.5,0.0,5.76
2024,15253,"Etienne, Travis",RB,10,14,3.277,3.941,-0.0,18.6,-0.0,1.64
2024,13730,"Alexander, Jaire",DB,0,7,0.0,2.464,0.0,48.8,0.0,4.29
2024,13774,"Reed, D.J.",DB,0,11,0.0,4.783,0.0,80.0,0.0,7.04
2024,16788,"Vele, Devaughn",WR,0,9,0.0,3.553,0.0,19.1,0.0,1.68
2024,13687,"Lewis, Tyquan",DL,0,6,0.0,2.488,0.0,33.5,0.0,2.95
2024,15140,"Lewis, Cam",DB,0,13,0.0,3.764,0.0,72.3,0.0,6.36
2024,13810,"Joseph-Day, Sebastian",DL,0,13,0.0,3.644,0.0,47.5,0.0,4.18
2024,13775,"Bentley, Ja'Whaun",LB,0,2,0.0,0.838,0.0,11.5,0.0,1.01
2024,14600,"Slye, Joey",PK,0,13,0.0,4.731,0.0,94.8,0.0,8.34
2024,13289,"Hollins, Mack",WR,0,13,0.0,3.362,0.0,20.0,0.0,1.76
2024,13274,,DB,0,2,0.0,0.804,0.0,13.9,0.0,1.22
2024,16263,"Martin, Quan",DB,0,13,0.0,4.708,0.0,88.3,0.0,7.77
2024,16246,"Johnson, Antonio",DB,0,13,0.0,4.106,0.0,74.8,0.0,6.58
2024,12276,,DB,0,13,0.0,3.685,0.0,72.8,0.0,6.41
2024,14252,"Jackson, Michael",DB,0,13,0.0,4.683,0.0,89.8,0.0,7.9
2024,16529,"Leota, Eku",LB,0,3,0.0,0.802,0.0,11.5,0.0,1.01
2024,16314,"Dennis, SirVocea",LB,0,5,0.0,1.395,0.0,22.5,0.0,1.98
2024,15849,"McCreary, Roger",DB,0,12,0.0,3.997,0.0,73.1,0.0,6.43
2024,16628,"McMillan, Jalen",WR,0,9,0.0,2.555,0.0,15.9,0.0,1.4
2024,16671,"Arnold, Terrion",DB,0,12,0.0,3.497,0.0,64.6,0.0,5.68
2024,15862,"Emerson, Martin",DB,0,13,0.0,5.934,0.0,97.3,0.0,8.56
2024,14815,"Dallas, DeeJay",RB,0,13,0.0,0.703,0.0,0.5,0.0,0.05
2024,13693,"Phillips, Harrison",DL,0,13,0.0,4.474,0.0,56.0,0.0,4.93
2024,15379,"Tryon, Joe",DL,0,12,0.0,2.654,0.0,36.0,0.0,3.17
2024,13798,"Fatukasi, Foley",DL,0,10,0.0,2.829,0.0,37.0,0.0,3.26
2024,12616,"Brissett, Jacoby",QB,0,7,0.0,0.47,0.0,0.0,0.0,0.0
2024,16241,"Witherspoon, Devon",DB,0,13,0.0,6.02,0.0,100.5,0.0,8.84
2024,16265,"Dexter, Gervon",DL,0,13,0.0,6.266,0.0,83.5,0.0,7.35
2024,16650,"Turner, Dallas",DL,0,12,0.0,1.482,0.0,19.0,0.0,1.67
2024,12691,"Ogbah, Emmanuel",DL,0,12,0.0,4.949,0.0,66.5,0.0,5.85
2024,15833,"Gardner, Sauce",DB,0,12,0.0,3.008,0.0,59.7,0.0,5.25
2024,14871,"Parkinson, Colby",TE,0,13,0.0,3.711,0.0,8.7,0.0,0.76
2024,16016,"Kohou, Kader",DB,0,11,0.0,2.599,0.0,55.3,0.0,4.87
2024,13738,"Jackson, Donte",DB,0,13,0.0,3.835,0.0,74.3,0.0,6.54
2024,16276,"Young, Byron",DL,0,13,0.0,6.356,0.0,91.0,0.0,8.01
2024,13706,"Baker, Jerome",LB,0,8,0.0,3.227,0.0,57.0,0.0,5.02
2024,16690,"Mitchell, Quinyon",DB,0,13,0.0,3.243,0.0,62.5,0.0,5.5
2024,15831,"Chenal, Leo",LB,0,13,0.0,2.723,0.0,57.5,0.0,5.06
2024,10413,"Taylor, Tyrod",QB,0,1,0.0,0.146,0.0,0.0,0.0,0.0
2024,16775,"Karty, Joshua",PK,0,13,0.0,4.125,0.0,83.1,0.0,7.31
2024,16639,"Legette, Xavier",WR,0,13,0.0,4.617,0.0,28.0,0.0,2.46
2024,15461,"Lopez, Roy",DL,0,12,0.0,3.643,0.0,41.5,0.0,3.65
2024,13275,,DL,0,7,0.0,1.161,0.0,14.0,0.0,1.23
2024,12219,"Edwards, Mario",DL,0,9,0.0,3.332,0.0,44.5,0.0,3.92
2024,16311,"Howden, Jordan",DB,0,13,0.0,2.679,0.0,51.9,0.0,4.57
2024,15362,"Surtain II, Patrick",DB,0,13,0.0,3.77,0.0,70.3,0.0,6.19
2024,16753,"Carson, Caelen",DB,0,6,0.0,2.308,0.0,39.6,0.0,3.48
2024,10267,"Miller, Von",DL,0,10,0.0,3.183,0.0,37.5,0.0,3.3
2024,14151,"Ferrell, Clelin",DL,0,10,0.0,2.453,0.0,34.5,0.0,3.04
2024,15392,"St-Juste, Benjamin",DB,0,13,0.0,4.7,0.0,86.6,0.0,7.62
2024,10700,"Cousins, Kirk",QB,14,14,4.922,4.922,-0.0,70.1,-0.0,6.17
2024,8930,"Prater, Matt",PK,0,4,0.0,1.818,0.0,35.2,0.0,3.1
2024,14672,"Reeder, Troy",LB,0,6,0.0,2.187,0.0,38.5,0.0,3.39
2024,15926,"Taylor, Ja'Sir",DB,0,11,0.0,1.246,0.0,33.7,0.0,2.97
2024,16705,"Bullock, Calen",DB,0,13,0.0,3.715,0.0,75.4,0.0,6.64
2024,15366,"Holland, Jevon",DB,0,11,0.0,3.441,0.0,64.3,0.0,5.66
2024,14268,,LB,0,11,0.0,2.09,0.0,40.0,0.0,3.52
2024,15007,,DL,0,10,0.0,3.362,0.0,38.5,0.0,3.39
2024,13260,"Tomlinson, Dalvin",DL,0,13,0.0,2.889,0.0,41.5,0.0,3.65
2024,16234,"Simpson, Trenton",LB,0,13,0.0,3.958,0.0,78.5,0.0,6.91
2024,9694,"Gano, Graham",PK,0,7,0.0,1.125,0.0,28.9,0.0,2.54
2024,15384,"Samuel, Asante",DB,0,4,0.0,0.844,0.0,18.9,0.0,1.66
2024,14213,"Harris, Will",DB,0,10,0.0,3.128,0.0,57.8,0.0,5.09
2024,16261,"Brents, Julius",DB,0,1,0.0,0.367,0.0,7.1,0.0,0.62
2024,11387,"Hopkins, Dustin",PK,0,13,0.0,4.027,0.0,81.4,0.0,7.16
2024,12734,"Floyd, Leonard",DL,0,13,0.0,6.652,0.0,87.0,0.0,7.66
2024,14985,"Mann, Braden",PN,0,13,0.0,4.591,0.0,84.0,0.0,7.39
2024,15349,"Phillips, Jaelan",DL,1,5,0.0,1.243,0.0,13.5,0.0,1.19
2024,15878,"Clemons, Micheal",DL,0,13,0.0,4.189,0.0,54.5,0.0,4.8
2024,16257,"Anudike-Uzomah, Felix",DL,0,13,0.0,3.538,0.0,42.0,0.0,3.7
2024,13085,"Fox, Morgan",DL,0,13,0.0,3.754,0.0,49.0,0.0,4.31
2024,16325,"Clark, Kei'Trel",DB,0,11,0.0,0.42,0.0,11.8,0.0,1.04
2024,12714,,DB,0,9,0.0,3.272,0.0,60.3,0.0,5.31
2024,13754,"Yiadom, Isaac",DB,0,13,0.0,2.913,0.0,61.0,0.0,5.37
2024,16255,"Banks, Deonte",DB,0,11,0.0,3.311,0.0,64.9,0.0,5.71
2024,15441,"Hobbs, Nate",DB,0,9,0.0,3.553,0.0,63.4,0.0,5.58
2024,15117,"Flannigan-Fowles, Demetrius",LB,0,9,0.0,0.573,0.0,14.5,0.0,1.28
2024,15851,"Ebiketie, Arnold",DL,0,13,0.0,4.679,0.0,61.5,0.0,5.41
2024,12394,"Carter, DeAndre",WR,0,13,0.0,1.435,0.0,0.0,0.0,0.0
2024,14918,"Terrell, A.J.",DB,0,13,0.0,4.806,0.0,85.6,0.0,7.53
2024,12218,"Armstead, Arik",DL,0,13,0.0,3.382,0.0,40.5,0.0,3.56
2024,13744,"Shepherd, Nathan",DL,0,13,0.0,3.325,0.0,39.0,0.0,3.43
2024,15807,"Ojabo, David",DL,0,9,0.0,1.181,0.0,12.0,0.0,1.06
2024,13703,,DL,0,9,0.0,3.126,0.0,32.5,0.0,2.86
2024,11317,"Poyer, Jordan",DB,0,12,0.0,4.781,0.0,83.8,0.0,7.37
2024,12718,"Bell, Vonn",DB,0,13,0.0,2.665,0.0,58.7,0.0,5.17
2024,15094,"Locke, P.J.",DB,0,11,0.0,4.19,0.0,76.6,0.0,6.74
2024,16457,"Izien, Christian",DB,0,12,0.0,4.504,0.0,84.3,0.0,7.42
2024,8851,"Folk, Nick",PK,0,13,0.0,5.098,0.0,108.6,0.0,9.56
2024,13748,"Jones, Justin",DL,0,3,0.0,0.854,0.0,11.0,0.0,0.97
2024,13691,,DL,0,8,0.0,2.231,0.0,25.0,0.0,2.2
2024,15321,,WR,0,8,0.0,0.799,0.0,0.0,0.0,0.0
2024,16699,"Kneeland, Marshawn",DL,0,7,0.0,1.876,0.0,18.5,0.0,1.63
2024,14414,"Owens, Jonathan",DB,0,13,0.0,2.618,0.0,45.3,0.0,3.99
2024,15858,"Andersen, Troy",LB,0,7,0.0,2.358,0.0,50.5,0.0,4.44
2024,12361,"Nunez-Roches, Rakeem",DL,0,12,0.0,3.545,0.0,43.5,0.0,3.83
2024,13249,"White, Tre'Davious",DB,0,7,0.0,0.981,0.0,25.0,0.0,2.2
2024,13322,"Clark, Chuck",DB,0,9,0.0,3.22,0.0,64.6,0.0,5.68
2024,14270,"Epps, Marcus",DB,0,3,0.0,1.278,0.0,26.2,0.0,2.31
2024,13227,"Lewis, Jourdan",DB,0,12,0.0,3.994,0.0,71.1,0.0,6.26
2024,13680,"Hurst, Hayden",TE,0,7,0.0,1.363,0.0,0.0,0.0,0.0
2024,13447,"Wilson, Eric",LB,0,13,0.0,2.697,0.0,59.0,0.0,5.19
2024,15359,"Tufele, Jay",DL,0,9,0.0,1.611,0.0,16.0,0.0,1.41
2024,13448,"Butler, Adam",DL,0,13,0.0,5.988,0.0,76.0,0.0,6.69
2024,15380,"Campbell, Tyson",DB,0,8,0.0,2.199,0.0,48.6,0.0,4.28
2024,11768,"Ward, Jimmie",DB,0,8,0.0,3.413,0.0,68.3,0.0,6.01
2024,16519,,DB,0,13,0.0,2.558,0.0,56.2,0.0,4.95
2024,11348,"Slay, Darius",DB,0,11,0.0,3.625,0.0,65.9,0.0,5.8
2024,15423,"Brown, Tre",DB,0,10,0.0,1.33,0.0,27.3,0.0,2.4
2024,13719,"Pineiro, Eddy",PK,0,13,0.0,4.667,0.0,91.2,0.0,8.03
2024,16247,"Skinner, JL",DB,0,10,0.0,0.376,0.0,11.6,0.0,1.02
2024,14954,"Hawkins, Jaylinn",DB,0,13,0.0,2.529,0.0,53.7,0.0,4.73
2024,14977,"Osborn, K.J.",WR,0,7,0.0,0.997,0.0,1.6,0.0,0.14
2024,15405,"Stephens, Brandon",DB,0,13,0.0,5.243,0.0,90.9,0.0,8.0
2024,16865,"Bishop, Beanie",DB,0,13,0.0,3.657,0.0,73.6,0.0,6.48
2024,12650,"Boyd, Tyler",WR,0,13,0.0,2.598,0.0,3.6,0.0,0.32
2024,15473,"McDuffie, Isaiah",LB,0,13,0.0,3.771,0.0,74.5,0.0,6.56
2024,14904,"Fulton, Kristian",DB,0,11,0.0,2.84,0.0,52.8,0.0,4.65
2024,13199,"Thomas, Solomon",DL,0,12,0.0,3.131,0.0,38.0,0.0,3.34
2024,16635,"McCaffrey, Luke",WR,0,13,0.0,1.146,0.0,0.0,0.0,0.0
2024,16364,"Brooks, Jalen",WR,0,11,0.0,0.889,0.0,0.0,0.0,0.0
2024,16696,"Cooper, Edgerrin",LB,0,12,0.0,5.6,0.0,88.5,0.0,7.79
2024,14978,"Danna, Michael",DL,0,9,0.0,3.596,0.0,44.5,0.0,3.92
2024,14224,"Gardner-Johnson, Chauncey",DB,0,13,0.0,4.813,0.0,89.0,0.0,7.83
2024,11872,"Harris, Shelby",DL,0,13,0.0,4.237,0.0,51.0,0.0,4.49
2024,15356,"Browning, Baron",DL,0,9,0.0,1.579,0.0,19.0,0.0,1.67
2024,15244,"Franks, Feleipe",TE,0,12,0.0,1.203,0.0,0.0,0.0,0.0
2024,14199,"Murphy-Bunting, Sean",DB,0,11,0.0,2.975,0.0,58.0,0.0,5.1
2024,16013,"Landman, Nate",LB,0,9,0.0,2.865,0.0,50.5,0.0,4.44
2024,15787,"Thornton, Tyquan",WR,0,6,0.0,0.412,0.0,0.0,0.0,0.0
2024,13920,"Ward, Charvarius",DB,0,9,0.0,3.447,0.0,61.0,0.0,5.37
2024,15888,"Durant, Decobie",DB,0,13,0.0,3.357,0.0,71.0,0.0,6.25
2024,14956,"Sneed, L'Jarius",DB,0,6,0.0,1.612,0.0,30.9,0.0,2.72
2024,15845,"McDuffie, Trent",DB,0,13,0.0,4.005,0.0,73.3,0.0,6.45
2024,14982,"Gilman, Alohi",DB,0,10,0.0,3.458,0.0,67.6,0.0,5.95
2024,12349,"Diggs, Quandre",DB,0,8,0.0,2.506,0.0,51.1,0.0,4.5
2024,15881,"Jones, Jack",DB,0,13,0.0,5.381,0.0,100.7,0.0,8.86
2024,13273,"Griffin, Shaq",DB,0,13,0.0,2.775,0.0,54.0,0.0,4.75
2024,10789,,DB,0,12,0.0,3.455,0.0,69.6,0.0,6.12
2024,16758,"Jackson, Jha'Quan",WR,0,12,0.0,0.824,0.0,0.0,0.0,0.0
2024,12589,,DB,0,8,0.0,1.937,0.0,38.6,0.0,3.4
2024,12699,"Billings, Andrew",DL,0,8,0.0,2.009,0.0,25.0,0.0,2.2
2024,16694,"Fiske, Braden",DL,0,13,0.0,5.75,0.0,79.0,0.0,6.95
2024,13770,"Franklin-Myers, John",DL,0,13,0.0,5.147,0.0,63.0,0.0,5.54
2024,13707,"Ward, Denzel",DB,0,13,0.0,4.503,0.0,83.9,0.0,7.38
2024,14161,"Tillery, Jerry",DL,0,13,0.0,2.703,0.0,30.5,0.0,2.68
2024,16197,"Mingo, Jonathan",WR,0,13,0.0,1.007,0.0,0.0,0.0,0.0
2024,13684,,DL,0,13,0.0,4.661,0.0,70.0,0.0,6.16
2024,14899,"Kinlaw, Javon",DL,0,13,0.0,4.562,0.0,57.5,0.0,5.06
2024,11286,"Jenkins, John",DL,0,13,0.0,3.17,0.0,38.5,0.0,3.39
2024,12711,"Ramsey, Jalen",DB,0,13,0.0,4.824,0.0,89.7,0.0,7.89
2024,16385,"Demercado, Emari",RB,0,13,0.0,1.802,0.0,10.2,0.0,0.9
2024,12988,"Jones, Jonathan",DB,0,13,0.0,3.114,0.0,61.5,0.0,5.41
2024,15364,"Cisco, Andre",DB,0,13,0.0,3.478,0.0,74.5,0.0,6.56
2024,13718,"Carlson, Daniel",PK,0,13,0.0,6.068,0.0,109.5,0.0,9.64
2024,16253,"Forbes, Emmanuel",DB,0,6,0.0,0.53,0.0,12.1,0.0,1.06
2024,15852,"Gordon, Kyler",DB,0,11,0.0,5.172,0.0,84.6,0.0,7.44
2024,13228,"Hooker, Malik",DB,0,13,0.0,4.254,0.0,82.8,0.0,7.29
2024,16189,"Mims, Marvin",WR,0,16,0.0,5.071,0.0,51.5,0.0,4.53
2024,16736,"Brownlee, Jarvis",DB,0,13,0.0,4.895,0.0,88.0,0.0,7.74
2024,15874,"Butler, Percy",DB,0,13,0.0,1.566,0.0,44.8,0.0,3.94
2024,16324,"Brooks, Karl",DL,0,13,0.0,3.442,0.0,37.5,0.0,3.3
2024,15965,"Chestnut, Julius",RB,0,13,0.0,0.701,0.0,0.0,0.0,0.0
2024,13755,"Holmes, Jalyn",DL,0,12,0.0,1.972,0.0,20.0,0.0,1.76
2024,14838,"Shenault, Laviska",WR,0,11,0.0,1.132,0.0,0.5,0.0,0.05
2024,16452,"Whelan, Daniel",PN,0,13,0.0,6.307,0.0,94.0,0.0,8.27
2024,13332,"Jones, D.J.",DL,0,13,0.0,3.615,0.0,41.5,0.0,3.65
2024,13742,"Hill, B.J.",DL,0,11,0.0,4.864,0.0,60.0,0.0,5.28
2024,16436,"Orji, Anfernee",LB,0,13,0.0,0.998,0.0,23.0,0.0,2.02
2024,13688,"Davenport, Marcus",DL,0,2,0.0,0.535,0.0,5.5,0.0,0.48
2024,15449,"Britt, K.J.",LB,0,12,0.0,2.424,0.0,54.0,0.0,4.75
2024,16665,"Colson, Junior",LB,0,8,0.0,0.379,0.0,14.0,0.0,1.23
2024,12952,,DL,0,7,0.0,1.805,0.0,18.5,0.0,1.63
2024,16199,"Palmer, Trey",WR,0,11,0.0,1.52,0.0,3.3,0.0,0.29
2024,16603,"Davis, Ray",RB,0,13,0.0,3.197,0.0,26.0,0.0,2.29
2024,13301,"Kazee, Damontae",DB,0,11,0.0,0.902,0.0,25.3,0.0,2.23
2024,12767,"Simmons, Justin",DB,0,12,0.0,2.755,0.0,64.6,0.0,5.68
2024,13939,"Odum, George",DB,0,12,0.0,1.064,0.0,25.8,0.0,2.27
2024,16026,"Jones, Jaylon",DB,0,8,0.0,1.033,0.0,21.5,0.0,1.89
2024,16274,"Williams, Garrett",DB,0,12,0.0,3.634,0.0,66.1,0.0,5.82
2024,15913,"Benford, Christian",DB,0,12,0.0,4.511,0.0,87.1,0.0,7.66
2024,16045,"Schooler, Brenden",DB,0,13,0.0,1.028,0.0,23.7,0.0,2.09
2024,15742,"Warren, Jaylen",RB,0,14,0.0,4.246,0.0,24.0,0.0,2.11
2024,13776,"Watson, Justin",WR,0,13,0.0,1.644,0.0,0.0,0.0,0.0
2024,14957,"Robertson, Amik",DB,0,13,0.0,2.892,0.0,55.7,0.0,4.9
2024,16391,"Luepke, Hunter",RB,0,12,0.0,0.857,0.0,0.0,0.0,0.0
2024,16059,"Ingram, Ja'Marcus",DB,0,13,0.0,1.719,0.0,43.3,0.0,3.81
2024,13940,"Mundt, Johnny",TE,0,13,0.0,2.17,0.0,3.1,0.0,0.28
2024,13208,"Allen, Jonathan",DL,0,6,0.0,2.553,0.0,32.5,0.0,2.86
2024,14235,"Tranquill, Drue",LB,0,13,0.0,3.548,0.0,75.5,0.0,6.64
2024,15081,"Wharton, Tershawn",DL,0,13,0.0,4.25,0.0,55.0,0.0,4.84
2024,13265,"Ogunjobi, Larry",DL,0,13,0.0,4.187,0.0,48.0,0.0,4.22
2024,15382,"Onwuzurike, Levi",DL,0,12,0.0,2.79,0.0,30.0,0.0,2.64
2024,11281,,DL,0,13,0.0,3.72,0.0,41.5,0.0,3.65
2024,15373,"Davis, Jamin",LB,0,8,0.0,0.475,0.0,17.0,0.0,1.5
2024,13157,"Samuel, Curtis",WR,0,12,0.0,1.824,0.0,8.2,0.0,0.72
2024,15943,"Hardy, Daniel",DL,0,13,0.0,1.624,0.0,15.5,0.0,1.36
2024,13690,"Sweat, Josh",DL,0,13,0.0,5.892,0.0,81.0,0.0,7.13
2024,15409,"Barnes, Derrick",LB,0,3,0.0,0.376,0.0,10.5,0.0,0.92
2024,12779,,LB,0,13,0.0,3.028,0.0,68.0,0.0,5.98
2024,15446,"Slaton, Tedarrell",DL,0,13,0.0,2.376,0.0,26.5,0.0,2.33
2024,13258,"Walker, DeMarcus",DL,0,13,0.0,4.951,0.0,59.0,0.0,5.19
2024,12981,,DL,0,5,0.0,0.502,0.0,4.5,0.0,0.4
2024,16240,"Porter Jr., Joey",DB,0,13,0.0,4.423,0.0,78.8,0.0,6.93
2024,13348,"Moore, David",WR,0,13,0.0,2.245,0.0,12.5,0.0,1.1
2024,13414,"Hilton, Mike",DB,0,12,0.0,3.697,0.0,72.0,0.0,6.34
2024,16333,"Higgins, Elijah",TE,0,13,0.0,2.337,0.0,1.5,0.0,0.14
2024,14950,"Wallace, K'Von",DB,0,9,0.0,0.497,0.0,18.5,0.0,1.63
2024,15595,"Campbell, Elijah",DB,0,13,0.0,0.313,0.0,10.8,0.0,0.95
2024,15797,"Dulcich, Greg",TE,0,5,0.0,0.872,0.0,0.0,0.0,0.0
2024,12680,"Vannett, Nick",TE,0,13,0.0,2.068,0.0,5.9,0.0,0.52
2024,14283,"Wilson, Donovan",DB,0,13,0.0,5.776,0.0,105.2,0.0,9.26
2024,16672,"Lassiter, Kamari",DB,0,10,0.0,4.384,0.0,76.8,0.0,6.76
2024,16173,"Gray, Eric",RB,0,13,0.0,0.498,0.0,0.0,0.0,0.0
2024,13793,"Valdes-Scantling, Marquez",WR,0,13,0.0,2.842,0.0,32.4,0.0,2.85
2024,14137,"Fant, Noah",TE,0,13,0.0,4.327,0.0,18.8,0.0,1.66
2024,16277,"Johnson, DJ",DL,0,11,0.0,3.462,0.0,40.0,0.0,3.52
2024,15826,"Clark, Damone",LB,0,11,0.0,1.233,0.0,26.0,0.0,2.29
2024,15386,"Odeyingbo, Dayo",DL,0,13,0.0,4.252,0.0,59.5,0.0,5.24
2024,14227,"Wishnowsky, Mitch",PN,0,9,0.0,2.75,0.0,51.6,0.0,4.54
2024,16716,"Wilson, Payton",LB,0,13,0.0,3.398,0.0,66.5,0.0,5.85
2024,15565,"Hoecht, Michael",DL,0,13,0.0,5.144,0.0,62.0,0.0,5.46
2024,16230,"Van Ness, Lukas",DL,0,13,0.0,4.828,0.0,58.5,0.0,5.15
2024,12758,"Bullard, Jonathan",DL,0,13,0.0,3.824,0.0,44.0,0.0,3.87
2024,15010,,DL,0,13,0.0,2.463,0.0,28.0,0.0,2.46
2024,12771,,DL,0,8,0.0,1.56,0.0,22.5,0.0,1.98
2024,16896,"Shrader, Spencer",PK,0,4,0.0,1.417,0.0,25.7,0.0,2.26
2024,12764,"Hargrave, Javon",DL,0,3,0.0,1.103,0.0,12.5,0.0,1.1
2024,15914,"Rodriguez, Malcolm",LB,0,10,0.0,2.884,0.0,49.5,0.0,4.36
2024,15863,"Jones, Travis",DL,0,13,0.0,3.635,0.0,43.5,0.0,3.83
2024,12323,"Pinion, Bradley",PN,0,13,0.0,3.356,0.0,54.0,0.0,4.75
2024,16649,"Johnson, Theo",TE,0,12,0.0,3.683,0.0,14.0,0.0,1.23
2024,15393,"Odighizuwa, Osa",DL,0,13,0.0,5.272,0.0,62.5,0.0,5.5
2024,16260,"Foskey, Isaiah",DL,0,13,0.0,1.193,0.0,11.0,0.0,0.97
2024,14930,"Hamilton, Davon",DL,0,13,0.0,4.338,0.0,53.5,0.0,4.71
2024,14197,"Savage, Darnell",DB,0,10,0.0,2.787,0.0,54.8,0.0,4.82
2024,15864,"Wright, Alex",DL,0,4,0.0,0.973,0.0,16.0,0.0,1.41
2024,14310,"Bell, Quinton",DL,0,13,0.0,2.692,0.0,31.5,0.0,2.77
2024,15866,"Flott, Cordale",DB,0,11,0.0,3.467,0.0,63.0,0.0,5.54
2024,13942,"Gray, J.T.",DB,0,13,0.0,0.962,0.0,28.4,0.0,2.5
2024,15375,"Newsome, Greg",DB,0,13,0.0,1.731,0.0,45.1,0.0,3.97
2024,15361,"Horn, Jaycee",DB,0,13,0.0,6.13,0.0,104.1,0.0,9.16
2024,16594,"Benson, Trey",RB,0,13,0.0,1.374,0.0,6.0,0.0,0.53
2024,14017,"Wilson, Jeffery",RB,0,6,0.0,0.299,0.0,0.0,0.0,0.0
2024,14592,"Zaccheaus, Olamide",WR,0,13,0.0,2.473,0.0,7.3,0.0,0.64
2024,16596,"Allen, Braelon",RB,0,13,0.0,2.446,0.0,13.4,0.0,1.18
2024,16732,"Gould, Anthony",WR,0,4,0.0,0.107,0.0,0.0,0.0,0.0
2024,15614,"McCloud, Nick",DB,0,11,0.0,0.973,0.0,24.2,0.0,2.13
2024,15432,"Carter, Michael",DB,0,11,0.0,1.34,0.0,35.4,0.0,3.12
2024,16695,"Melton, Max",DB,0,13,0.0,2.669,0.0,58.3,0.0,5.13
2024,14202,,DB,0,1,0.0,0.033,0.0,2.6,0.0,0.23
2024,13224,"Lattimore, Marshon",DB,0,7,0.0,1.93,0.0,38.0,0.0,3.34
2024,15985,"Bell, Markquese",DB,0,9,0.0,0.152,0.0,7.3,0.0,0.64
2024,16889,"Duck, Storm",DB,0,10,0.0,1.544,0.0,29.6,0.0,2.6
2024,14911,"Davis, Ashtyn",DB,0,11,0.0,1.53,0.0,28.8,0.0,2.53
2024,13229,,DB,0,9,0.0,1.882,0.0,36.5,0.0,3.21
2024,16251,"Gonzalez, Christian",DB,0,13,0.0,5.705,0.0,99.0,0.0,8.71
2024,13226,"Jackson, Adoree",DB,0,10,0.0,1.256,0.0,27.1,0.0,2.38
2024,15412,"Brown, Bobby",DL,0,13,0.0,2.627,0.0,35.0,0.0,3.08
2024,16237,"Pappoe, Owen",LB,0,12,0.0,0.813,0.0,21.5,0.0,1.89
2024,14897,"Brown, Derrick",DL,0,1,0.0,0.154,0.0,2.5,0.0,0.22
2024,12735,"Rankins, Sheldon",DL,0,7,0.0,1.874,0.0,24.0,0.0,2.11
2024,11793,"Jones, DaQuan",DL,0,13,0.0,3.194,0.0,39.5,0.0,3.48
2024,16264,"Benton, Keeanu",DL,0,13,0.0,3.901,0.0,45.5,0.0,4.0
2024,15726,"Rivers, Ronnie",RB,0,13,0.0,0.324,0.0,0.0,0.0,0.0
2024,16212,"Mayer, Michael",TE,0,7,0.0,1.635,0.0,6.7,0.0,0.59
2024,15788,"Tolbert, Jalen",WR,0,13,0.0,4.136,0.0,27.1,0.0,2.38
2024,15995,"Turner, DJ",WR,0,12,0.0,2.24,0.0,5.5,0.0,0.49
2024,13767,"Maddox, Avonte",DB,0,13,0.0,0.847,0.0,23.0,0.0,2.02
2024,16299,"Davis, Derius",WR,0,11,0.0,0.961,0.0,0.0,0.0,0.0
2024,14919,"Igbinoghene, Noah",DB,0,13,0.0,2.5,0.0,60.3,0.0,5.31
2024,16213,"Kincaid, Dalton",TE,11,13,4.122,5.173,0.0,23.0,0.0,2.02
2024,14083,"Homer, Travis",RB,0,10,0.0,0.28,0.0,0.0,0.0,0.0
2024,16673,"Wiggins, Nate",DB,0,11,0.0,1.906,0.0,43.1,0.0,3.79
2024,13281,"Douglas, Rasul",DB,0,13,0.0,4.511,0.0,81.0,0.0,7.13
2024,15377,"Stokes, Eric",DB,0,13,0.0,1.583,0.0,37.9,0.0,3.34
2024,16416,"Gipson, Xavier",WR,0,13,0.0,1.144,0.0,1.7,0.0,0.15
2024,16012,"Alford, Dee",DB,0,12,0.0,4.674,0.0,88.3,0.0,7.77
2024,15422,"Wilson, Marco",DB,0,12,0.0,0.548,0.0,20.3,0.0,1.79
2024,16670,"McKinstry, Kool-Aid",DB,0,11,0.0,2.245,0.0,41.6,0.0,3.66
2024,15089,"Roach, Malcolm",DL,0,13,0.0,4.153,0.0,56.0,0.0,4.93
2024,15109,"Westbrook-Ikhine, Nick",WR,0,15,0.0,4.941,0.0,42.9,0.0,3.78
2024,15538,"Rhattigan, Jon",LB,0,12,0.0,0.073,0.0,8.5,0.0,0.75
2024,16510,"Pharms, Jeremiah",DL,0,12,0.0,2.214,0.0,28.5,0.0,2.51
2024,14670,"Ekuale, Daniel",DL,0,12,0.0,3.466,0.0,47.5,0.0,4.18
2024,16322,"Beal, Robert",DL,0,13,0.0,1.561,0.0,17.5,0.0,1.54
2024,12782,"Onyemata, David",DL,0,13,0.0,4.412,0.0,55.5,0.0,4.88
2024,13683,"Hand, Da'Shawn",DL,0,13,0.0,4.082,0.0,49.5,0.0,4.36
2024,15396,"Deablo, Divine",LB,0,10,0.0,2.153,0.0,45.6,0.0,4.01
2024,16138,"Olubi, Segun",LB,0,13,0.0,0.952,0.0,15.5,0.0,1.36
2024,16077,"Okuayinonu, Sam",DL,0,12,0.0,4.642,0.0,54.0,0.0,4.75
2024,15882,"York, Cade",PK,0,2,0.0,0.583,0.0,11.6,0.0,1.02
2024,15941,"Young, Dareke",WR,0,10,0.0,0.204,0.0,0.0,0.0,0.0
2024,16707,"Liufau, Marist",LB,0,13,0.0,1.459,0.0,36.5,0.0,3.21
2024,13133,"Perine, Samaje",RB,0,13,0.0,1.846,0.0,4.7,0.0,0.42
2024,16056,,DL,0,10,0.0,2.21,0.0,28.0,0.0,2.46
2024,12270,"Smith, Preston",DL,0,14,0.0,3.157,0.0,43.5,0.0,3.83
2024,15870,"Carter, Zachary",DL,0,8,0.0,1.524,0.0,17.0,0.0,1.5
2024,16233,"Carter, Jalen",DL,0,13,0.0,6.036,0.0,86.5,0.0,7.61
2024,14154,"Nelson, Anthony",DL,0,13,0.0,5.091,0.0,67.0,0.0,5.9
2024,16227,"Harrison, Zach",DL,0,13,0.0,1.539,0.0,14.5,0.0,1.28
2024,16689,"Murphy, Byron",DL,0,10,0.0,2.287,0.0,31.0,0.0,2.73
2024,12739,"Clark, Kenny",DL,0,13,0.0,4.231,0.0,51.5,0.0,4.53
2024,15132,,DL,0,1,0.0,0.115,0.0,2.0,0.0,0.18
2024,15151,"Welch, Kristian",LB,0,10,0.0,0.178,0.0,9.0,0.0,0.79
2024,12271,"Goldman, Eddie",DL,0,13,0.0,1.82,0.0,19.0,0.0,1.67
2024,16232,"Morris, Mike",DL,0,11,0.0,0.606,0.0,5.5,0.0,0.48
2024,15898,"Ogbonnia, Otito",DL,0,13,0.0,2.339,0.0,26.0,0.0,2.29
2024,14987,,DL,0,12,0.0,1.918,0.0,23.0,0.0,2.02
2024,12309,,TE,0,8,0.0,0.474,0.0,0.0,0.0,0.0
2024,14551,,WR,0,7,0.0,0.279,0.0,0.0,0.0,0.0
2024,11232,"Hopkins, DeAndre",WR,13,16,4.261,5.457,-0.0,47.9,-0.0,4.22
2024,14370,"Hudson, Tanner",TE,0,9,0.0,2.309,0.0,9.6,0.0,0.85
2024,16885,"Codrington, Brandon",DB,0,13,0.0,0.71,0.0,24.3,0.0,2.14
2024,16595,"Estime, Audric",RB,0,9,0.0,0.357,0.0,0.0,0.0,0.0
2024,12181,"Agholor, Nelson",WR,0,13,0.0,1.768,0.0,4.0,0.0,0.35
2024,16631,"Polk, Ja'Lynn",WR,0,12,0.0,1.193,0.0,0.2,0.0,0.02
2024,12325,"Burton, Michael",RB,0,13,0.0,0.467,0.0,0.0,0.0,0.0
2024,16425,"Hill, Julian",TE,0,12,0.0,1.353,0.0,0.0,0.0,0.0
2024,14926,"Gay, Willie",LB,0,12,0.0,2.458,0.0,40.5,0.0,3.56
2024,12184,,WR,0,2,0.0,0.024,0.0,0.0,0.0,0.0
2024,15330,"Jordan, Brevin",TE,0,2,0.0,0.115,0.0,0.0,0.0,0.0
2024,15390,"McNeill, Alim",DL,0,13,0.0,4.04,0.0,57.0,0.0,5.02
2024,14891,"Harrison, Malik",LB,0,11,0.0,1.682,0.0,33.5,0.0,2.95
2024,15492,"Tonga, Khyiris",DL,0,10,0.0,1.305,0.0,13.0,0.0,1.14
2024,16363,"Riley, Jordon",DL,0,9,0.0,0.751,0.0,8.5,0.0,0.75
2024,16216,"Washington, Darnell",TE,0,13,0.0,2.199,0.0,0.8,0.0,0.07
2024,16875,"Chatman, Elijah",DL,0,13,0.0,2.094,0.0,24.5,0.0,2.16
2024,13317,"Godchaux, Davon",DL,0,13,0.0,3.67,0.0,42.5,0.0,3.74
2024,15867,"Malone, DeAngelo",DL,0,13,0.0,1.176,0.0,12.5,0.0,1.1
2024,15510,"Washington, Ar'Darius",DB,0,13,0.0,4.488,0.0,81.2,0.0,7.15
2024,13723,"Payne, Da'Ron",DL,0,13,0.0,4.085,0.0,51.5,0.0,4.53
2024,12234,"Dupree, Bud",DL,0,13,0.0,4.623,0.0,63.0,0.0,5.54
2024,15376,"Turner, Payton",DL,0,12,0.0,3.017,0.0,39.0,0.0,3.43
2024,16289,"Bennett, Jakorian",DB,0,10,0.0,1.735,0.0,40.3,0.0,3.55
2024,14302,"Scott, Nick",DB,0,7,0.0,1.743,0.0,32.9,0.0,2.9
2024,14948,"Walker, Mykal",LB,0,13,0.0,0.22,0.0,15.0,0.0,1.32
2024,15082,"Barnes, Krys",LB,0,13,0.0,1.47,0.0,31.0,0.0,2.73
2024,12762,,LB,0,12,0.0,0.088,0.0,7.0,0.0,0.62
2024,12796,"Jefferson, Quinton",DL,0,9,0.0,1.516,0.0,19.0,0.0,1.67
2024,16767,"Davis, Tyler",DL,0,12,0.0,2.401,0.0,27.5,0.0,2.42
2024,15818,"Leal, DeMarvin",DL,0,5,0.0,0.362,0.0,4.5,0.0,0.4
2024,14253,,DL,0,11,0.0,2.011,0.0,24.0,0.0,2.11
2024,16897,,DB,0,12,0.0,0.239,0.0,9.9,0.0,0.87
2024,15515,"Snowden, Charles",DL,0,13,0.0,3.73,0.0,44.5,0.0,3.92
2024,14170,"Bush, Devin",LB,0,13,0.0,2.816,0.0,59.0,0.0,5.19
2024,15585,"Williams, Chris",DL,0,13,0.0,2.728,0.0,32.5,0.0,2.86
2024,16800,"Harrell, Jaylen",DL,0,13,0.0,1.397,0.0,16.0,0.0,1.41
2024,15431,"Fields, Tony",LB,0,1,0.0,0.0,0.0,1.5,0.0,0.13
2024,16303,"Herbig, Nick",DL,1,9,0.019,3.828,0.0,55.0,0.0,4.84
2024,15385,"Ojulari, Azeez",DL,0,11,0.0,4.49,0.0,63.5,0.0,5.59
2024,16439,"Diabate, Mohamoud",LB,0,9,0.0,2.139,0.0,46.5,0.0,4.09
2024,13769,"Street, Kentavius",DL,0,9,0.0,1.067,0.0,12.0,0.0,1.06
2024,12700,"Johnson, Austin",DL,0,12,0.0,2.222,0.0,26.5,0.0,2.33
2024,14164,"Jones, Dre'Mont",DL,0,13,0.0,4.591,0.0,54.5,0.0,4.8
2024,14984,"Woerner, Charlie",TE,0,12,0.0,0.778,0.0,0.0,0.0,0.0
2024,15454,"Williams, Avery",RB,0,13,0.0,0.507,0.0,0.0,0.0,0.0
2024,16725,"Mustapha, Malik",DB,0,13,0.0,3.971,0.0,76.1,0.0,6.7
2024,16139,"Baker, Darrell",DB,0,13,0.0,2.279,0.0,50.2,0.0,4.42
2024,15872,"Bryant, Coby",DB,0,13,0.0,4.554,0.0,83.4,0.0,7.34
2024,15177,"Bryant, Myles",DB,0,7,0.0,0.253,0.0,7.3,0.0,0.64
2024,15895,"McCollum, Zyon",DB,0,13,0.0,6.185,0.0,101.7,0.0,8.95
2024,16472,"Thomas, Juanyeh",DB,0,11,0.0,1.313,0.0,29.8,0.0,2.62
2024,15752,"Burks, Treylon",WR,0,5,0.0,0.281,0.0,0.0,0.0,0.0
2024,15885,"Williams, Joshua",DB,0,13,0.0,1.017,0.0,22.9,0.0,2.02
2024,16201,"Hutchinson, Xavier",WR,0,12,0.0,0.648,0.0,0.0,0.0,0.0
2024,13263,"Awuzie, Chidobe",DB,0,4,0.0,0.804,0.0,13.6,0.0,1.2
2024,15873,"Bellinger, Daniel",TE,0,13,0.0,1.321,0.0,2.6,0.0,0.23
2024,15959,"Johnson, Nazeeh",DB,0,12,0.0,2.655,0.0,53.9,0.0,4.74
2024,15879,"Armour-Davis, Jalyn",DB,0,8,0.0,0.391,0.0,10.9,0.0,0.96
2024,15676,"Anderson, Zayne",DB,0,13,0.0,0.303,0.0,14.6,0.0,1.28
2024,16293,"Phillips, Clark",DB,0,13,0.0,2.794,0.0,54.9,0.0,4.83
2024,15956,"Hicks, Elijah",DB,0,10,0.0,2.831,0.0,49.5,0.0,4.36
2024,15944,"Leonard, Deane",DB,0,7,0.0,0.161,0.0,7.0,0.0,0.62
2024,16702,"Green, Renardo",DB,0,13,0.0,3.989,0.0,65.3,0.0,5.75
2024,16268,"Turner, DJ",DB,0,11,0.0,2.235,0.0,48.7,0.0,4.29
2024,15921,"Jackson, Theo",DB,0,13,0.0,0.377,0.0,14.5,0.0,1.28
2024,11225,"Patterson, Cordarrelle",RB,0,9,0.0,0.981,0.0,0.0,0.0,0.0
2024,15626,"Wright, Brock",TE,0,13,0.0,2.162,0.0,1.1,0.0,0.1
2024,16626,"Mitchell, Adonai",WR,0,13,0.0,2.027,0.0,5.5,0.0,0.49
2024,14420,"Ingold, Alec",RB,0,11,0.0,0.745,0.0,0.0,0.0,0.0
2024,16424,"Mims, Jordan",RB,0,9,0.0,0.374,0.0,0.0,0.0,0.0
2024,14858,"Jefferson, Van",WR,0,13,0.0,2.023,0.0,2.3,0.0,0.21
2024,15767,"Jones, Velus",WR,0,1,0.0,0.0,0.0,0.0,0.0,0.0
2024,13963,"Hodge, KhaDarel",WR,0,13,0.0,1.31,0.0,8.2,0.0,0.72
2024,16318,"Hampton, Nick",LB,0,13,0.0,0.088,0.0,4.0,0.0,0.35
2024,14877,"Young, Chase",DL,0,13,0.0,4.978,0.0,58.0,0.0,5.1
2024,15991,"Conner, Tanner",TE,0,8,0.0,0.613,0.0,0.0,0.0,0.0
2024,14292,"Summers, Ty",LB,0,12,0.0,0.071,0.0,6.0,0.0,0.53
2024,15110,,DL,0,9,0.0,1.436,0.0,17.0,0.0,1.5
2024,16008,,LB,0,13,0.0,0.143,0.0,5.5,0.0,0.48
2024,16019,"Hansen, Jake",LB,0,12,0.0,0.87,0.0,22.0,0.0,1.94
2024,14879,"Epenesa, A.J.",DL,0,13,0.0,5.138,0.0,66.0,0.0,5.81
2024,15353,"Surratt, Chazz",LB,0,13,0.0,0.787,0.0,20.0,0.0,1.76
2024,12229,"Phillips, Jordan",DL,0,5,0.0,0.516,0.0,5.0,0.0,0.44
2024,16856,,WR,0,3,0.0,0.12,0.0,0.0,0.0,0.0
2024,16492,"Cherelus, Claudin",LB,0,12,0.0,0.217,0.0,14.0,0.0,1.23
2024,16337,,LB,0,13,0.0,0.588,0.0,15.5,0.0,1.36
2024,12744,"Ward, Jihad",DL,0,13,0.0,1.93,0.0,23.5,0.0,2.07
2024,16440,"Murphy, Caleb",LB,0,5,0.0,0.071,0.0,2.5,0.0,0.22
2024,16601,"Shipley, Will",RB,0,13,0.0,0.493,0.0,0.0,0.0,0.0
2024,15622,"Robinson, Curtis",LB,0,3,0.0,0.017,0.0,1.0,0.0,0.09
2024,14280,"Miller, Scotty",WR,0,10,0.0,0.412,0.0,0.0,0.0,0.0
2024,16228,"Smith, Nolan",DL,0,13,0.0,4.524,0.0,58.0,0.0,5.1
2024,13759,"Armstrong, Dorance",DL,0,12,0.0,3.671,0.0,46.0,0.0,4.05
2024,12851,,LB,0,7,0.0,0.141,0.0,4.0,0.0,0.35
2024,15521,"Ogbongbemiga, Amen",LB,0,13,0.0,0.356,0.0,13.0,0.0,1.14
2024,16496,"Russell, Brady",TE,0,11,0.0,0.852,0.0,0.0,0.0,0.0
2024,10868,,PK,0,8,0.0,1.682,0.0,37.0,0.0,3.26
2024,16351,"Evans, Ethan",PN,0,12,0.0,6.182,0.0,95.0,0.0,8.36
2024,16816,"Brooks, British",RB,0,5,0.0,0.088,0.0,0.0,0.0,0.0
2024,15830,"Muma, Chad",LB,0,13,0.0,0.881,0.0,21.5,0.0,1.89
2024,16733,"Bertrand, JD",LB,0,9,0.0,0.183,0.0,8.5,0.0,0.75
2024,11970,"Pennel, Mike",DL,0,13,0.0,2.531,0.0,27.5,0.0,2.42
2024,14901,"Gallimore, Neville",DL,0,10,0.0,1.4,0.0,15.0,0.0,1.32
2024,15335,"Farrell, Luke",TE,0,13,0.0,1.084,0.0,0.0,0.0,0.0
2024,14953,"Dye, Troy",LB,0,13,0.0,1.35,0.0,32.5,0.0,2.86
2024,14675,"Tuttle, Shy",DL,0,11,0.0,3.555,0.0,48.5,0.0,4.27
2024,16094,,LB,0,12,0.0,0.504,0.0,21.0,0.0,1.85
2024,13236,"Everett, Gerald",TE,0,13,0.0,0.635,0.0,0.0,0.0,0.0
2024,16741,"Smith-Wade, Chau",DB,0,12,0.0,2.517,0.0,45.2,0.0,3.98
2024,16054,"Blackwell, Josh",DB,0,13,0.0,0.756,0.0,20.3,0.0,1.79
2024,14266,,DB,0,10,0.0,1.059,0.0,18.9,0.0,1.66
2024,16701,"Rakestraw, Ennis",DB,0,8,0.0,0.217,0.0,6.8,0.0,0.6
2024,16118,"Brown, Mike",DB,0,13,0.0,2.033,0.0,36.4,0.0,3.2
2024,15402,"Molden, Elijah",DB,0,13,0.0,5.853,0.0,95.1,0.0,8.37
2024,15129,"Dorsey, Khalil",DB,0,13,0.0,1.154,0.0,23.0,0.0,2.02
2024,14286,,DB,0,13,0.0,0.281,0.0,7.4,0.0,0.65
2024,16640,"Cowing, Jacob",WR,0,11,0.0,0.676,0.0,0.0,0.0,0.0
2024,13250,,DB,0,13,0.0,0.206,0.0,9.7,0.0,0.85
2024,16714,"Jones, Jarrian",DB,0,13,0.0,2.056,0.0,46.3,0.0,4.07
2024,14847,"Duvernay, Devin",WR,0,9,0.0,0.505,0.0,0.0,0.0,0.0
2024,14113,"Hardman, Mecole",WR,0,12,0.0,1.699,0.0,6.8,0.0,0.6
2024,12923,"Ham, C.J.",RB,0,13,0.0,0.606,0.0,0.0,0.0,0.0
2024,16166,"Tucker, Sean",RB,0,13,0.0,2.078,0.0,28.4,0.0,2.5
2024,16203,"Jones, Charlie",WR,0,8,0.0,0.838,0.0,2.3,0.0,0.2
2024,16901,,DL,0,5,0.0,1.225,0.0,16.0,0.0,1.41
2024,13434,"Robertson-Harris, Roy",DL,0,13,0.0,2.987,0.0,37.5,0.0,3.3
2024,16780,"Jean-Baptiste, Javontae",DL,0,8,0.0,1.277,0.0,13.5,0.0,1.19
2024,16450,"Thomas, Drake",LB,0,13,0.0,0.214,0.0,8.0,0.0,0.7
2024,13201,"Barnett, Derek",DL,0,12,0.0,3.531,0.0,50.0,0.0,4.4
2024,15397,"Golston, Chauncey",DL,0,13,0.0,4.334,0.0,57.0,0.0,5.02
2024,16091,,DL,0,6,0.0,1.241,0.0,13.5,0.0,1.19
2024,16331,,DL,0,11,0.0,1.012,0.0,9.0,0.0,0.79
2024,10292,"Jordan, Cameron",DL,0,13,0.0,2.766,0.0,34.5,0.0,3.04
2024,16762,"Wingo, Mekhi",DL,0,11,0.0,0.829,0.0,6.0,0.0,0.53
2024,16516,"Wheat, Tyrus",DL,0,8,0.0,1.68,0.0,16.5,0.0,1.45
2024,15820,"Mathis, Phidarian",DL,0,12,0.0,1.969,0.0,21.0,0.0,1.85
2024,16770,"Boyd, Khristian",DL,0,6,0.0,0.286,0.0,3.5,0.0,0.31
2024,15892,"Booker, Thomas",DL,0,13,0.0,1.599,0.0,18.5,0.0,1.63
2024,16908,,DL,0,2,0.0,0.138,0.0,1.0,0.0,0.09
2024,15429,"Graham, Ta'Quon",DL,0,10,0.0,1.294,0.0,12.5,0.0,1.1
2024,15391,"Williams, Milton",DL,0,13,0.0,3.842,0.0,51.5,0.0,4.53
2024,16656,"Braswell, Chris",DL,0,13,0.0,2.106,0.0,23.0,0.0,2.02
2024,16466,,DL,0,3,0.0,0.132,0.0,1.0,0.0,0.09
2024,14220,,DL,0,3,0.0,0.116,0.0,0.5,0.0,0.04
2024,9826,"Graham, Brandon",DL,0,11,0.0,3.927,0.0,53.0,0.0,4.66
2024,14934,"Elliott, Jordan",DL,0,11,0.0,1.688,0.0,19.5,0.0,1.72
2024,14467,"Phillips, Del'Shawn",LB,0,13,0.0,0.143,0.0,4.5,0.0,0.4
2024,13926,"Board, Chris",LB,0,13,0.0,0.47,0.0,17.0,0.0,1.5
2024,11265,,DL,0,13,0.0,1.573,0.0,18.5,0.0,1.63
2024,14237,"Gaines, Greg",DL,0,11,0.0,1.247,0.0,15.0,0.0,1.32
2024,16593,"Corum, Blake",RB,0,13,0.0,0.729,0.0,0.0,0.0,0.0
2024,16004,,LB,0,4,0.0,0.66,0.0,13.5,0.0,1.19
2024,15121,"Huff, Bryce",DL,0,11,0.0,2.221,0.0,26.0,0.0,2.29
2024,13293,"Reeves-Maybin, Jalen",LB,0,8,0.0,0.203,0.0,11.1,0.0,0.98
2024,16369,"Ojomo, Moro",DL,0,13,0.0,1.241,0.0,12.0,0.0,1.06
2024,14971,"Washington, Broderick",DL,0,11,0.0,2.325,0.0,30.0,0.0,2.64
2024,16176,"Vaughn, Deuce",RB,0,6,0.0,0.349,0.0,0.0,0.0,0.0
2024,14558,,WR,0,5,0.0,0.14,0.0,0.0,0.0,0.0
2024,13638,"Berrios, Braxton",WR,0,6,0.0,0.262,0.0,0.0,0.0,0.0
2024,16017,"Hummel, Jake",LB,0,13,0.0,0.236,0.0,7.0,0.0,0.62
2024,15341,"Morris, Quintin",TE,0,12,0.0,0.99,0.0,0.0,0.0,0.0
2024,13296,"Wise, Deatrich",DL,0,11,0.0,4.234,0.0,55.5,0.0,4.88
2024,13893,"Sherfield, Trent",WR,0,13,0.0,0.895,0.0,0.0,0.0,0.0
2024,15650,"Prentice, Adam",RB,0,13,0.0,0.224,0.0,0.0,0.0,0.0
2024,15586,"Johnson, Caleb",LB,0,13,0.0,0.105,0.0,5.5,0.0,0.48
2024,13695,"Bryan, Taven",DL,0,13,0.0,2.811,0.0,32.5,0.0,2.86
2024,14958,,LB,0,8,0.0,0.196,0.0,5.0,0.0,0.44
2024,16219,"Allen, Davis",TE,0,11,0.0,0.627,0.0,1.3,0.0,0.12
2024,16379,"Ford-Wheaton, Bryce",WR,0,10,0.0,0.323,0.0,0.0,0.0,0.0
2024,16789,,DL,0,5,0.0,0.364,0.0,4.5,0.0,0.4
2024,9904,,DL,0,13,0.0,1.755,0.0,19.5,0.0,1.72
2024,15910,"Ridgeway, John",DL,0,11,0.0,1.291,0.0,13.0,0.0,1.14
2024,16291,"Adebawore, Adetomiwa",DL,0,13,0.0,1.479,0.0,17.0,0.0,1.5
2024,16474,"Adkins, Nate",TE,0,13,0.0,1.82,0.0,1.0,0.0,0.09
2024,16675,"DeJean, Cooper",DB,0,14,0.0,5.644,0.0,87.6,0.0,7.71
2024,14503,"Kennedy, Tom",WR,0,2,0.0,0.048,0.0,0.0,0.0,0.0
2024,14624,,DB,0,6,0.0,0.053,0.0,2.4,0.0,0.21
2024,13716,,DB,0,6,0.0,0.258,0.0,8.1,0.0,0.71
2024,13685,"Okoronkwo, Ogbonnia",DL,0,13,0.0,3.392,0.0,45.5,0.0,4.0
2024,13709,"Oliver, Isaiah",DB,0,13,0.0,2.579,0.0,51.5,0.0,4.53
2024,13910,,WR,0,13,0.0,0.559,0.0,0.0,0.0,0.0
2024,15165,"Jones, Benito",DL,0,13,0.0,1.889,0.0,21.0,0.0,1.85
2024,14944,"Holmes, Darnay",DB,0,13,0.0,2.129,0.0,35.7,0.0,3.14
2024,12257,,WR,0,11,0.0,0.165,0.0,0.0,0.0,0.0
2024,15906,"Womack, Samuel",DB,0,13,0.0,1.841,0.0,39.1,0.0,3.44
2024,16799,"Bethune, Tatum",LB,0,9,0.0,0.214,0.0,5.0,0.0,0.44
2024,16309,"Mitchell, Cameron",DB,0,13,0.0,0.26,0.0,15.1,0.0,1.33
2024,14902,"Okudah, Jeff",DB,0,3,0.0,0.139,0.0,5.2,0.0,0.46
2024,13919,"Firkser, Anthony",TE,0,5,0.0,0.108,0.0,0.0,0.0,0.0
2024,16738,"Carlies, Jaylon",LB,0,8,0.0,1.031,0.0,23.5,0.0,2.07
2024,16645,"All, Erick",TE,0,9,0.0,2.306,0.0,0.0,0.0,0.0
2024,11228,,WR,0,11,0.0,0.981,0.0,0.0,0.0,0.0
2024,16798,"Kane, Sanoussi",DB,0,12,0.0,0.198,0.0,7.1,0.0,0.62
2024,16723,"Barner, AJ",TE,0,13,0.0,2.855,0.0,6.4,0.0,0.57
2024,16894,"McGregor, Braiden",DL,0,6,0.0,0.514,0.0,6.0,0.0,0.53
2024,16632,"Burton, Jermaine",WR,0,11,0.0,0.64,0.0,0.0,0.0,0.0
2024,15468,"Dimukeje, Victor",DL,0,8,0.0,1.378,0.0,19.0,0.0,1.67
2024,12481,"Hewitt, Neville",LB,0,13,0.0,2.791,0.0,48.5,0.0,4.27
2024,15564,,TE,0,7,0.0,0.259,0.0,0.0,0.0,0.0
2024,15917,,LB,0,1,0.0,0.0,0.0,0.0,0.0,0.0
2024,15421,,DL,0,9,0.0,0.889,0.0,8.0,0.0,0.7
2024,14652,"Givens, Kevin",DL,0,8,0.0,2.035,0.0,28.0,0.0,2.46
2024,16171,"Miller, Kendre",RB,0,7,0.0,1.016,0.0,1.2,0.0,0.11
2024,15918,"Jackson, Jordan",DL,0,13,0.0,1.047,0.0,9.5,0.0,0.84
2024,16737,"Newton, Josh",DB,0,13,0.0,1.002,0.0,21.7,0.0,1.91
2024,16307,"Rush, Darius",DB,0,2,0.0,0.035,0.0,0.0,0.0,0.0
2024,14205,"Johnson, Lonnie",DB,0,12,0.0,0.189,0.0,6.0,0.0,0.53
2024,12773,"Moore, Chris",WR,0,5,0.0,0.024,0.0,0.0,0.0,0.0
2024,15916,"Ogletree, Drew",TE,0,13,0.0,1.574,0.0,1.2,0.0,0.11
2024,14543,,LB,0,2,0.0,0.0,0.0,0.0,0.0,0.0
2024,14817,"Taylor, Patrick",RB,0,11,0.0,0.586,0.0,0.0,0.0,0.0
2024,16884,,LB,0,13,0.0,0.106,0.0,3.0,0.0,0.26
2024,16483,"Sims, Ben",TE,0,13,0.0,0.785,0.0,0.0,0.0,0.0
2024,16218,"Durham, Payne",TE,0,12,0.0,0.759,0.0,0.0,0.0,0.0
2024,16319,"Smith, Terell",DB,0,10,0.0,1.339,0.0,25.7,0.0,2.26
2024,15829,"Asamoah, Brian",LB,0,13,0.0,0.183,0.0,6.0,0.0,0.53
2024,13777,"Nichols, Bilal",DL,0,6,0.0,1.393,0.0,13.0,0.0,1.14
2024,16306,"Henry, K.J.",DL,0,4,0.0,0.614,0.0,7.5,0.0,0.66
2024,15946,"Thomas II, Rodney",DB,0,13,0.0,0.497,0.0,8.1,0.0,0.71
2024,16651,"Latu, Laiatu",DL,0,13,0.0,4.716,0.0,63.5,0.0,5.59
2024,14401,,LB,0,13,0.0,0.199,0.0,10.0,0.0,0.88
2024,16787,"Laulu, Jonah",DL,0,13,0.0,1.709,0.0,20.0,0.0,1.76
2024,12623,"Driskel, Jeff",QB,0,2,0.0,0.0,0.0,0.0,0.0,0.0
2024,14870,"Trautman, Adam",TE,0,13,0.0,1.215,0.0,11.8,0.0,1.04
2024,14158,"Oliver, Ed",DL,0,11,0.0,2.191,0.0,30.0,0.0,2.64
2024,14727,"Reynolds, Craig",RB,0,14,0.0,0.418,0.0,0.0,0.0,0.0
2024,12698,"Reed, Jarran",DL,0,13,0.0,3.994,0.0,48.0,0.0,4.22
2024,16642,"Stover, Cade",TE,0,13,0.0,1.76,0.0,7.3,0.0,0.65
2024,13694,"Settle, Tim",DL,0,13,0.0,5.05,0.0,65.0,0.0,5.72
2024,13711,,DB,0,13,0.0,1.907,0.0,35.4,0.0,3.12
2024,15252,"Mills, Davis",QB,0,3,0.0,0.0,0.0,0.0,0.0,0.0
2024,16828,"Njongmeta, Maema",LB,0,13,0.0,0.294,0.0,10.5,0.0,0.92
2024,14951,"Lynch, James",DL,0,13,0.0,1.019,0.0,12.0,0.0,1.06
2024,16717,"Taylor-Demerson, Dadrion",DB,0,13,0.0,1.941,0.0,37.5,0.0,3.3
2024,14966,,LB,0,13,0.0,0.108,0.0,6.0,0.0,0.53
2024,14887,"Simmons, Isaiah",DB,0,13,0.0,0.718,0.0,23.8,0.0,2.09
2024,13065,,TE,0,8,0.0,0.33,0.0,0.0,0.0,0.0
2024,13252,"Maye, Marcus",DB,0,13,0.0,3.02,0.0,48.9,0.0,4.3
2024,15937,,TE,0,4,0.0,0.042,0.0,0.0,0.0,0.0
2024,16754,"Stiggers, Qwan'tez",DB,0,11,0.0,0.104,0.0,3.9,0.0,0.34
2024,16484,,DB,0,8,0.0,0.07,0.0,1.3,0.0,0.11
2024,16460,"Hickman, Ronnie",DB,0,10,0.0,2.07,0.0,43.0,0.0,3.78
2024,16170,"McIntosh, Kenny",RB,0,14,0.0,0.555,0.0,0.0,0.0,0.0
2024,12831,"Roberts, Elandon",LB,0,13,0.0,1.447,0.0,37.5,0.0,3.3
2024,16355,,DL,0,7,0.0,0.544,0.0,6.0,0.0,0.53
2024,14898,,DL,0,13,0.0,1.679,0.0,16.5,0.0,1.45
2024,16883,"Johnson, Kameron",WR,0,5,0.0,0.069,0.0,0.0,0.0,0.0
2024,11676,,TE,0,4,0.0,0.071,0.0,0.0,0.0,0.0
2024,15755,"Dotson, Jahan",WR,0,13,0.0,0.774,0.0,0.0,0.0,0.0
2024,13988,"Dwelley, Ross",TE,0,13,0.0,0.452,0.0,0.0,0.0,0.0
2024,13222,,LB,0,9,0.0,1.718,0.0,37.5,0.0,3.3
2024,15936,"Robinson, Mark",LB,0,13,0.0,0.106,0.0,2.0,0.0,0.18
2024,16298,"Robinson, Tavius",DL,0,13,0.0,3.442,0.0,45.5,0.0,4.0
2024,14967,"Vildor, Kindle",DB,0,13,0.0,0.614,0.0,14.8,0.0,1.3
2024,13953,"Thomas, Tavierre",DB,0,13,0.0,0.317,0.0,17.0,0.0,1.5
2024,14012,"Ford, Mike",DB,0,13,0.0,0.171,0.0,6.0,0.0,0.53
2024,16571,"McCollum, Tristin",DB,0,10,0.0,1.545,0.0,22.6,0.0,1.99
2024,14452,"Lammons, Chris",DB,0,12,0.0,1.479,0.0,29.6,0.0,2.6
2024,15813,"Enagbare, Kingsley",DL,0,13,0.0,3.801,0.0,46.0,0.0,4.05
2024,13246,"Alie-Cox, Mo",TE,0,13,0.0,2.079,0.0,5.5,0.0,0.48
2024,16804,,QB,0,1,0.0,0.0,0.0,0.0,0.0,0.0
2024,16023,"Bell, D'Anthony",DB,0,13,0.0,0.61,0.0,18.8,0.0,1.65
2024,16644,"Sinnott, Ben",TE,0,13,0.0,0.903,0.0,1.3,0.0,0.12
2024,15433,"Loudermilk, Isaiahh",DL,0,13,0.0,1.569,0.0,16.5,0.0,1.45
2024,16731,"Hart, Cam",DB,0,11,0.0,2.581,0.0,50.4,0.0,4.44
2024,12772,"Murray, Eric",DB,0,13,0.0,4.657,0.0,79.2,0.0,6.97
2024,16710,"Hopper, Ty'Ron",LB,0,13,0.0,0.107,0.0,5.0,0.0,0.44
2024,15381,"Grant, Richie",DB,0,13,0.0,0.561,0.0,18.1,0.0,1.59
2024,16900,"Pettus, Dell",DB,0,13,0.0,1.927,0.0,37.2,0.0,3.27
2024,15955,,DB,0,3,0.0,0.017,0.0,0.0,0.0,0.0
2024,16658,"Thomas, Xavier",DL,0,10,0.0,1.537,0.0,23.0,0.0,2.02
2024,16719,"Williams, Evan",DB,0,12,0.0,3.704,0.0,62.0,0.0,5.46
2024,15796,"Ruckert, Jeremy",TE,0,13,0.0,1.162,0.0,0.0,0.0,0.0
2024,15049,"Bachie, Joe",LB,0,12,0.0,0.054,0.0,3.0,0.0,0.26
2024,16706,"Reiman, Tip",TE,0,13,0.0,0.493,0.0,0.0,0.0,0.0
2024,13426,,LB,0,11,0.0,0.072,0.0,1.5,0.0,0.13
2024,15186,,DL,0,1,0.0,0.0,0.0,0.0,0.0,0.0
2024,13306,"Walker, Anthony",LB,0,12,0.0,2.434,0.0,47.5,0.0,4.18
2024,16371,"Austin, Alex",DB,0,5,0.0,0.191,0.0,4.3,0.0,0.38
2024,10514,"Bellore, Nick",RB,0,12,0.0,0.571,0.0,0.0,0.0,0.0
2024,12608,"Winchester, James",TE,0,13,0.0,0.424,0.0,0.0,0.0,0.0
2024,16036,"Tonges, Jake",TE,0,13,0.0,0.378,0.0,0.0,0.0,0.0
2024,16242,"Ringo, Kelee",DB,0,13,0.0,0.609,0.0,18.0,0.0,1.58
2024,15929,"Kieft, Ko",TE,0,13,0.0,0.375,0.0,0.0,0.0,0.0
2024,15772,"Covey, Britain",WR,0,5,0.0,0.609,0.0,0.8,0.0,0.07
2024,16636,"Corley, Malachi",WR,0,8,0.0,0.134,0.0,0.0,0.0,0.0
2024,16326,"Hayes, Josh",DB,0,11,0.0,1.474,0.0,30.0,0.0,2.64
2024,13205,,DL,0,7,0.0,1.142,0.0,12.5,0.0,1.1
2024,16072,"Cochrane, Jack",LB,0,13,0.0,0.052,0.0,3.0,0.0,0.26
2024,15800,"Heyward, Connor",TE,0,13,0.0,1.457,0.0,3.0,0.0,0.27
2024,16782,"Anthony, Daijahn",DB,0,9,0.0,0.195,0.0,2.8,0.0,0.25
2024,13619,,RB,0,2,0.0,0.0,0.0,0.0,0.0,0.0
2024,13488,"Pascal, Zach",WR,0,13,0.0,0.154,0.0,0.0,0.0,0.0
2024,15681,"Elliss, Christian",LB,0,12,0.0,3.584,0.0,61.0,0.0,5.37
2024,16058,"Herring, Malik",DL,0,11,0.0,1.178,0.0,12.0,0.0,1.06
2024,13156,"Smith-Schuster, JuJu",WR,0,10,0.0,1.503,0.0,14.3,0.0,1.26
2024,16356,"Valentine, Carrington",DB,0,11,0.0,0.827,0.0,23.5,0.0,2.07
2024,8269,"Lewis, Marcedes",TE,0,13,0.0,0.547,0.0,0.0,0.0,0.0
2024,13676,"Smythe, Durham",TE,0,13,0.0,0.623,0.0,0.0,0.0,0.0
2024,16697,"Smith, Maason",DL,0,7,0.0,1.494,0.0,16.0,0.0,1.41
2024,15817,"Davis, Jordan",DL,0,13,0.0,2.724,0.0,30.0,0.0,2.64
2024,16880,"Owens, Tyler",DB,0,11,0.0,0.137,0.0,9.6,0.0,0.84
2024,16476,"Jones, Cam",LB,0,13,0.0,0.088,0.0,2.0,0.0,0.18
2024,15303,"Fehoko, Simi",WR,0,8,0.0,0.906,0.0,0.0,0.0,0.0
2024,15498,"Stuard, Grant",LB,0,13,0.0,1.316,0.0,29.5,0.0,2.6
2024,12930,"Chosen, Robbie",WR,0,2,0.0,0.06,0.0,0.0,0.0,0.0
2024,12955,"Manhertz, Chris",TE,0,13,0.0,0.732,0.0,0.0,0.0,0.0
2024,15847,"Elam, Kaiir",DB,0,10,0.0,1.085,0.0,19.2,0.0,1.69
2024,16344,"Stills, Dante",DL,0,12,0.0,4.793,0.0,58.5,0.0,5.15
2024,16393,"Bobo, Jake",WR,0,13,0.0,0.574,0.0,0.0,0.0,0.0
2024,16361,,DB,0,3,0.0,0.48,0.0,8.1,0.0,0.71
2024,16302,"Lacy, Tyler",DL,0,11,0.0,1.89,0.0,20.5,0.0,1.8
2024,15785,"Melton, Bo",WR,0,13,0.0,0.83,0.0,0.0,0.0,0.0
2024,16446,"Watts, Markees",DL,0,6,0.0,0.096,0.0,0.0,0.0,0.0
2024,16202,"Bell, Ronnie",WR,0,9,0.0,0.284,0.0,0.0,0.0,0.0
2024,13455,"Ricard, Patrick",RB,0,13,0.0,0.373,0.0,0.0,0.0,0.0
2024,15720,"Haskins, Hassan",RB,0,13,0.0,0.426,0.0,0.0,0.0,0.0
2024,16374,,WR,0,2,0.0,0.06,0.0,0.0,0.0,0.0
2024,16655,"Robinson, Chop",DL,1,16,0.0,4.569,0.0,66.5,0.0,5.85
2024,16454,,DB,0,5,0.0,0.033,0.0,0.8,0.0,0.07
2024,13785,"Neal, Siran",DB,0,13,0.0,0.365,0.0,15.0,0.0,1.32
2024,16888,,DL,0,7,0.0,0.384,0.0,2.5,0.0,0.22
2024,15292,"Brown, Dyami",WR,0,13,0.0,1.865,0.0,5.0,0.0,0.44
2024,16113,"Smartt, Stone",TE,0,11,0.0,0.976,0.0,1.5,0.0,0.14
2024,16256,"Bresee, Bryan",DL,0,13,0.0,5.092,0.0,70.5,0.0,6.2
2024,14146,"Sample, Drew",TE,0,13,0.0,1.92,0.0,4.3,0.0,0.38
2024,14434,"Reaves, Jeremy",DB,0,13,0.0,0.523,0.0,18.8,0.0,1.65
2024,15795,"Kolar, Charlie",TE,0,12,0.0,1.779,0.0,8.7,0.0,0.77
2024,16527,"VanSumeren, Ben",LB,0,11,0.0,0.091,0.0,4.0,0.0,0.35
2024,16418,"Land, Isaiah",DL,0,10,0.0,0.393,0.0,3.5,0.0,0.31
2024,13750,"Burks, Oren",LB,0,13,0.0,0.302,0.0,12.5,0.0,1.1
2024,16258,"Smith, Mazi",DL,0,13,0.0,3.761,0.0,39.0,0.0,3.43
2024,16312,"Whyle, Josh",TE,0,13,0.0,2.244,0.0,1.4,0.0,0.13
2024,16664,"Trotter Jr., Jeremiah",LB,0,13,0.0,0.197,0.0,9.0,0.0,0.79
2024,15334,"Long, Hunter",TE,0,13,0.0,0.728,0.0,0.0,0.0,0.0
2024,16713,"Carter, DeWayne",DL,0,8,0.0,1.954,0.0,21.0,0.0,1.85
2024,16734,"Booker, Austin",DL,0,13,0.0,2.915,0.0,32.0,0.0,2.82
2024,15891,"Davidson, D.J.",DL,0,12,0.0,3.117,0.0,41.5,0.0,3.65
2024,16304,"Ward, Jay",DB,0,10,0.0,0.208,0.0,5.2,0.0,0.46
2024,16226,"Wilson, Tyree",DL,0,12,0.0,2.871,0.0,40.0,0.0,3.52
2024,16898,"Yankoff, Colson",TE,0,6,0.0,0.374,0.0,0.0,0.0,0.0
2024,15464,"Echols, Brandin",DB,0,13,0.0,2.838,0.0,54.3,0.0,4.78
2024,16625,"Wilson, Johnny",WR,0,12,0.0,0.431,0.0,0.0,0.0,0.0
2024,15876,,DB,0,7,0.0,0.12,0.0,3.1,0.0,0.27
2024,14118,"Humphrey, Lil'Jordan",WR,0,13,0.0,2.715,0.0,7.3,0.0,0.65
2024,16335,"Matlock, Scott",DL,0,13,0.0,1.458,0.0,16.3,0.0,1.43
2024,14925,"Uche, Josh",DL,0,12,0.0,2.67,0.0,30.0,0.0,2.64
2024,15855,"Paschal, Josh",DL,0,10,0.0,2.831,0.0,38.5,0.0,3.39
2024,14076,"Williams, Trayveon",RB,0,13,0.0,0.255,0.0,0.0,0.0,0.0
2024,16102,"Pola-Mao, Isaiah",DB,0,13,0.0,4.128,0.0,72.8,0.0,6.41
2024,16294,"Wooden, Colby",DL,0,9,0.0,1.712,0.0,20.5,0.0,1.8
2024,15766,"Moore, Skyy",WR,0,6,0.0,0.082,0.0,0.0,0.0,0.0
2024,15481,"Johnson, Patrick",DL,0,10,0.0,0.521,0.0,3.5,0.0,0.31
2024,15103,"Gilliam, Reggie",RB,0,11,0.0,0.176,0.0,0.0,0.0,0.0
2024,14964,,DB,0,1,0.0,0.017,0.0,0.0,0.0,0.0
2024,12776,"Killebrew, Miles",DB,0,13,0.0,0.263,0.0,9.7,0.0,0.85
2024,15984,,WR,0,13,0.0,0.276,0.0,0.0,0.0,0.0
2024,16156,"Haener, Jake",QB,0,7,0.0,0.227,0.0,0.0,0.0,0.0
2024,16678,"Vaki, Sione",RB,0,14,0.0,0.487,0.0,0.0,0.0,0.0
2024,15975,"Sanborn, Jack",LB,0,13,0.0,1.069,0.0,33.5,0.0,2.95
2024,16756,,DB,0,13,0.0,0.146,0.0,7.8,0.0,0.69
2024,11754,,WR,0,10,0.0,0.106,0.0,0.0,0.0,0.0
2024,16727,"Hicks, Jaden",DB,0,13,0.0,1.014,0.0,25.6,0.0,2.25
2024,16870,"Speights, Omar",LB,1,13,0.0,1.742,0.0,35.5,0.0,3.12
2024,16321,"Smith, Christopher",DB,0,13,0.0,0.138,0.0,5.0,0.0,0.44
2024,15344,"Bates, John",TE,0,13,0.0,0.931,0.0,0.0,0.0,0.0
2024,14198,"Ya-Sin, Rock",DB,0,11,0.0,0.153,0.0,4.1,0.0,0.36
2024,15002,,LB,0,1,0.0,0.0,0.0,0.0,0.0,0.0
2024,16183,"Hyatt, Jalin",WR,0,12,0.0,0.465,0.0,0.0,0.0,0.0
2024,9853,,DL,0,6,0.0,0.4,0.0,4.0,0.0,0.35
2024,15491,"Skowronek, Ben",WR,0,8,0.0,0.425,0.0,0.0,0.0,0.0
2024,14875,"Bryant, Harrison",TE,0,9,0.0,1.109,0.0,0.0,0.0,0.0
2024,13745,"Nnadi, Derrick",DL,0,13,0.0,0.546,0.0,5.5,0.0,0.48
2024,15173,"Tart, Teair",DL,0,13,0.0,3.338,0.0,45.0,0.0,3.96
2024,13811,"Smith, Tremon",DB,0,13,0.0,0.139,0.0,9.0,0.0,0.79
2024,15285,"Wallace, Tylan",WR,0,13,0.0,1.574,0.0,14.7,0.0,1.29
2024,15476,"Mukuamu, Israel",DB,0,13,0.0,1.035,0.0,20.4,0.0,1.8
2024,15880,"Evans, Akayleb",DB,0,8,0.0,0.054,0.0,2.1,0.0,0.18
2024,16793,"Williams, James",LB,0,9,0.0,0.128,0.0,5.0,0.0,0.44
2024,13220,,LB,0,13,0.0,0.149,0.0,6.5,0.0,0.57
2024,13913,,LB,0,13,0.0,0.217,0.0,9.5,0.0,0.84
2024,16728,"Pritchett, Nehemiah",DB,0,8,0.0,0.397,0.0,8.3,0.0,0.73
2024,14155,"Collier, L.J.",DL,0,13,0.0,3.629,0.0,46.0,0.0,4.05
2024,12311,,DB,0,2,0.0,0.017,0.0,0.0,0.0,0.0
2024,16499,"Blair, Chris",WR,0,1,0.0,0.0,0.0,0.0,0.0,0.0
2024,16646,"Bell, Jaheim",TE,0,11,0.0,0.295,0.0,0.0,0.0,0.0
2024,13134,"Foreman, D'Onta",RB,0,8,0.0,0.901,0.0,0.0,0.0,0.0
2024,12828,,LB,0,13,0.0,1.245,0.0,26.0,0.0,2.29
2024,14613,"Sims, Steven",WR,0,7,0.0,0.308,0.0,0.0,0.0,0.0
2024,16075,"Blount, Joey",DB,0,13,0.0,0.069,0.0,2.9,0.0,0.26
2024,14495,"Gifford, Luke",LB,0,13,0.0,0.883,0.0,22.5,0.0,1.98
2024,16774,,LB,0,10,0.0,0.129,0.0,5.5,0.0,0.48
2024,16215,"Musgrave, Luke",TE,0,5,0.0,0.67,0.0,0.0,0.0,0.0
2024,14206,,DL,0,2,0.0,0.0,0.0,0.0,0.0,0.0
2024,14442,"Kuntz, Christian",LB,0,13,0.0,0.052,0.0,0.5,0.0,0.04
2024,16654,"Elliss, Jonah",DL,0,13,0.0,4.606,0.0,61.0,0.0,5.37
2024,14962,"Gipson, Trevis",DL,0,6,0.0,0.077,0.0,0.0,0.0,0.0
2024,16221,"Schoonmaker, Luke",TE,0,13,0.0,3.209,0.0,17.7,0.0,1.56
2024,14222,"Edwards, Mike",DB,0,5,0.0,0.288,0.0,7.8,0.0,0.69
2024,16750,"Oladapo, Kitan",DB,0,5,0.0,0.033,0.0,0.8,0.0,0.07
2024,16647,"Spann-Ford, Brevyn",TE,0,13,0.0,1.424,0.0,1.5,0.0,0.14
2024,16174,"Rodriguez, Chris",RB,0,6,0.0,0.88,0.0,6.8,0.0,0.6
2024,13479,"Davis, Michael",DB,0,13,0.0,0.267,0.0,8.4,0.0,0.74
2024,16515,,DB,0,10,0.0,0.362,0.0,11.0,0.0,0.97
2024,16891,,DL,0,2,0.0,0.0,0.0,0.0,0.0,0.0
2024,14552,,RB,0,3,0.0,0.11,0.0,0.0,0.0,0.0
2024,16005,"Jones, Tim",WR,0,13,0.0,0.28,0.0,0.0,0.0,0.0
2024,16704,"Wallace, Trevin",LB,0,13,0.0,3.401,0.0,63.5,0.0,5.59
2024,15932,,DB,0,2,0.0,0.035,0.0,0.0,0.0,0.0
2024,14263,"Ballentine, Corey",DB,0,11,0.0,0.357,0.0,9.0,0.0,0.79
2024,15527,"Key, Devon",DB,0,13,0.0,1.676,0.0,33.7,0.0,2.97
2024,15903,"Anderson, Tycen",DB,0,13,0.0,0.471,0.0,12.5,0.0,1.1
2024,12978,"Goodwin, C.J.",DB,0,13,0.0,0.235,0.0,9.8,0.0,0.86
2024,16648,"Wiley, Jared",TE,0,7,0.0,0.276,0.0,0.0,0.0,0.0
2024,16545,,LB,0,2,0.0,0.017,0.0,0.0,0.0,0.0
2024,12621,"Allen, Brandon",QB,0,3,0.0,0.136,0.0,0.0,0.0,0.0
2024,15242,"Trask, Kyle",QB,0,2,0.0,0.043,0.0,0.0,0.0,0.0
2024,14081,"Gaskin, Myles",RB,0,5,0.0,0.119,0.0,0.0,0.0,0.0
2024,15694,"Willis, Malik",QB,0,5,0.0,1.255,0.0,12.9,0.0,1.13
2024,13652,"Wilson, Cedrick",WR,0,11,0.0,1.425,0.0,9.1,0.0,0.8
2024,16895,,DB,0,12,0.0,0.411,0.0,13.9,0.0,1.22
2024,15758,"Bell, David",WR,0,1,0.0,0.238,0.0,0.0,0.0,0.0
2024,15332,"Tremble, Tommy",TE,0,8,0.0,2.167,0.0,6.1,0.0,0.54
2024,15699,"Thompson, Skylar",QB,0,3,0.0,0.042,0.0,0.0,0.0,0.0
2024,11807,"Urban, Brent",DL,0,9,0.0,1.523,0.0,18.0,0.0,1.58
2024,15612,,DL,0,7,0.0,0.47,0.0,5.5,0.0,0.48
2024,16700,"Bishop, Cole",DB,0,12,0.0,0.78,0.0,23.2,0.0,2.04
2024,16604,"Lloyd, MarShawn",RB,0,1,0.0,0.034,0.0,0.0,0.0,0.0
2024,16916,,DB,0,8,0.0,0.178,0.0,7.6,0.0,0.67
2024,13778,"Flowers, Tre",DB,0,4,0.0,0.037,0.0,3.9,0.0,0.34
2024,13336,,DL,0,11,0.0,4.204,0.0,48.0,0.0,4.22
2024,16376,"Johnson, Desjuan",DL,0,6,0.0,0.469,0.0,4.0,0.0,0.35
2024,15998,"Ray, LaBryan",DL,0,12,0.0,3.429,0.0,38.0,0.0,3.34
2024,16912,"McCollough, Jaylen",DB,0,12,0.0,2.932,0.0,56.8,0.0,5.0
2024,16913,,DB,0,9,0.0,0.071,0.0,1.3,0.0,0.11
2024,14963,"Thomas, Daniel",DB,0,11,0.0,0.517,0.0,10.3,0.0,0.91
2024,16064,"Flowers, Dallis",DB,0,5,0.0,0.524,0.0,14.0,0.0,1.23
2024,16338,"Bernard-Converse, Jarrick",DB,0,6,0.0,0.088,0.0,3.4,0.0,0.3
2024,14848,"Proche, James",WR,0,5,0.0,0.277,0.0,0.0,0.0,0.0
2024,13230,"Adams, Jamal",DB,0,4,0.0,0.225,0.0,5.5,0.0,0.48
2024,15902,"Otomewo, Esezi",DL,0,4,0.0,0.473,0.0,4.5,0.0,0.4
2024,14929,,DL,0,9,0.0,1.114,0.0,11.0,0.0,0.97
2024,16739,,DB,0,8,0.0,0.054,0.0,2.1,0.0,0.18
2024,15559,"Williams, Jonah",DL,0,8,0.0,0.681,0.0,5.0,0.0,0.44
2024,12802,"Reader, D.J.",DL,0,11,0.0,3.091,0.0,38.0,0.0,3.34
2024,16055,,DL,0,2,0.0,0.093,0.0,0.5,0.0,0.04
2024,16000,,TE,0,5,0.0,0.297,0.0,0.0,0.0,0.0
2024,14878,"Gross-Matos, Yetur",DL,0,7,0.0,2.55,0.0,41.0,0.0,3.61
2024,16911,"Stalbird, Isaiah",LB,0,3,0.0,0.033,0.0,2.0,0.0,0.18
2024,16610,"Wright, Jaylen",RB,0,12,0.0,0.978,0.0,0.0,0.0,0.0
2024,16608,"Holani, George",RB,0,2,0.0,0.033,0.0,0.0,0.0,0.0
2024,16205,"Scott, Tyler",WR,0,7,0.0,0.094,0.0,0.0,0.0,0.0
2024,13204,,DL,0,10,0.0,3.264,0.0,44.0,0.0,3.87
2024,16619,"Franklin, Troy",WR,0,12,0.0,2.123,0.0,4.5,0.0,0.4
2024,16712,"Hunt, Jalyx",DL,0,12,0.0,2.091,0.0,23.0,0.0,2.02
2024,13968,"Mullens, Nick",QB,0,5,0.0,0.0,0.0,0.0,0.0,0.0
2024,16637,"Baker, Javon",WR,0,8,0.0,0.121,0.0,0.0,0.0,0.0
2024,16463,"Merriweather, Kaevon",DB,0,10,0.0,0.836,0.0,14.0,0.0,1.23
2024,14859,,WR,0,2,0.0,0.012,0.0,0.0,0.0,0.0
2024,14337,,WR,0,1,0.0,0.012,0.0,0.0,0.0,0.0
2024,15854,,DB,0,4,0.0,0.371,0.0,7.3,0.0,0.64
2024,16175,"Johnson, Roschon",RB,0,13,0.0,2.416,0.0,8.3,0.0,0.73
2024,15928,"Houston, James",DL,0,8,0.0,1.101,0.0,14.5,0.0,1.28
2024,12750,,DB,0,1,0.0,0.019,0.0,0.0,0.0,0.0
2024,14359,"Johnson, Jakob",RB,0,2,0.0,0.031,0.0,0.0,0.0,0.0
2024,16030,"Fox, Tomon",DL,0,7,0.0,1.157,0.0,14.0,0.0,1.23
2024,14853,,WR,0,5,0.0,0.107,0.0,0.0,0.0,0.0
2024,16907,"Roland-Wallace, Chris",DB,0,12,0.0,1.01,0.0,21.9,0.0,1.93
2024,16341,"Hawkins, Tre",DB,0,3,0.0,1.11,0.0,19.0,0.0,1.67
2024,16413,"Heath, Malik",WR,0,11,0.0,0.713,0.0,0.7,0.0,0.06
2024,16336,"Braswell, Christian",DB,0,3,0.0,0.225,0.0,4.5,0.0,0.4
2024,11327,"Jefferson, Tony",DB,0,3,0.0,0.612,0.0,10.2,0.0,0.9
2024,16300,"McGuire, Isaiah",DL,0,12,0.0,3.176,0.0,36.5,0.0,3.21
2024,14112,"Campbell, Parris",WR,0,5,0.0,0.48,0.0,2.7,0.0,0.24
2024,16892,,DB,0,9,0.0,0.833,0.0,18.4,0.0,1.62
2024,16459,,LB,0,12,0.0,0.906,0.0,17.5,0.0,1.54
2024,16310,"Robinson, Jammie",DB,0,8,0.0,0.142,0.0,3.4,0.0,0.3
2024,15371,,DL,0,4,0.0,0.67,0.0,6.5,0.0,0.57
2024,16052,,DB,0,8,0.0,0.035,0.0,0.8,0.0,0.07
2024,16666,"Eichenberg, Tommy",LB,0,11,0.0,0.273,0.0,10.0,0.0,0.88
2024,16270,"Pickens, Zacch",DL,0,7,0.0,1.061,0.0,9.5,0.0,0.84
2024,15191,,DB,0,2,0.0,0.019,0.0,0.8,0.0,0.07
2024,13211,"Watkins, Carlos",DL,0,12,0.0,0.834,0.0,7.5,0.0,0.66
2024,16692,"Newton, Jer'Zhan",DL,0,12,0.0,3.545,0.0,43.5,0.0,3.83
2024,13119,"Dobbs, Joshua",QB,0,1,0.0,0.0,0.0,0.0,0.0,0.0
2024,13115,"Trubisky, Mitchell",QB,0,7,0.0,0.043,0.0,0.0,0.0,0.0
2024,16160,"Tune, Clayton",QB,0,4,0.0,0.0,0.0,0.0,0.0,0.0
2024,16923,"Tillman, Dondrea",LB,0,8,0.0,1.095,0.0,20.0,0.0,1.76
2024,16749,"Solomon, Javon",DL,0,10,0.0,1.993,0.0,20.5,0.0,1.8
2024,15452,"Hufanga, Talanoa",DB,0,4,0.0,0.663,0.0,13.9,0.0,1.22
2024,16927,"Redmond, Jalen",DL,0,10,0.0,2.496,0.0,31.0,0.0,2.73
2024,15302,"Eskridge, Dee",WR,0,5,0.0,0.28,0.0,0.0,0.0,0.0
2024,13970,,DB,0,6,0.0,0.241,0.0,7.0,0.0,0.62
2024,13873,,QB,0,2,0.0,0.091,0.0,0.0,0.0,0.0
2024,13898,"Joseph, Greg",PK,0,6,0.0,2.917,0.0,54.6,0.0,4.8
2024,16817,"Taylor, Leonard",DL,0,10,0.0,2.6,0.0,28.5,0.0,2.51
2024,16777,"Johnson, Cedric",DL,0,5,0.0,0.374,0.0,3.0,0.0,0.26
2024,14876,"Deguara, Josiah",TE,0,11,0.0,0.606,0.0,0.0,0.0,0.0
2024,12979,,DL,0,10,0.0,1.367,0.0,16.0,0.0,1.41
2024,16869,"Richter, Bo",LB,0,10,0.0,0.238,0.0,9.5,0.0,0.84
2024,13994,"Brown, Pharaoh",TE,0,11,0.0,0.903,0.0,0.0,0.0,0.0
2024,14827,,RB,0,5,0.0,0.261,0.0,0.0,0.0,0.0
2024,16428,"Smith, Xavier",WR,0,11,0.0,0.621,0.0,0.0,0.0,0.0
2024,14737,"Giles-Harris, Joe",LB,0,3,0.0,0.107,0.0,3.0,0.0,0.26
2024,16357,"Jones, Andre",DL,0,2,0.0,0.093,0.0,1.5,0.0,0.13
2024,16662,"Jenkins, Kris",DL,0,11,0.0,1.98,0.0,25.0,0.0,2.2
2024,16872,"Andreessen, Joe",LB,0,9,0.0,0.128,0.0,5.5,0.0,0.48
2024,16193,"Boutte, Kayshon",WR,0,11,0.0,2.635,0.0,6.2,0.0,0.55
2024,12976,"Hamilton, Antonio",DB,0,9,0.0,0.166,0.0,8.6,0.0,0.76
2024,16928,"Harper, Thomas",DB,0,11,0.0,0.388,0.0,16.2,0.0,1.43
2024,15684,,DB,0,7,0.0,0.808,0.0,15.4,0.0,1.36
2024,15420,,DB,0,7,0.0,0.159,0.0,5.3,0.0,0.47
2024,16926,"Reid, Winston",LB,0,11,0.0,1.022,0.0,23.0,0.0,2.02
2024,16925,,LB,0,10,0.0,0.371,0.0,11.5,0.0,1.01
2024,16524,,TE,0,6,0.0,0.336,0.0,0.0,0.0,0.0
2024,15541,"Stoll, Jack",TE,0,8,0.0,0.602,0.0,0.0,0.0,0.0
2024,15434,"Smith-Marsette, Ihmir",WR,0,11,0.0,0.528,0.0,0.0,0.0,0.0
2024,16922,"Green, Art",DB,0,5,0.0,0.065,0.0,4.9,0.0,0.43
2024,16563,,DB,0,3,0.0,0.0,0.0,0.8,0.0,0.07
2024,15897,"Johnson, Eric",DL,0,7,0.0,0.446,0.0,4.0,0.0,0.35
2024,15734,"Ingram, Keaontay",RB,0,1,0.0,0.031,0.0,0.0,0.0,0.0
2024,10457,,DL,0,4,0.0,0.131,0.0,1.0,0.0,0.09
2024,12791,,DL,0,10,0.0,0.859,0.0,9.5,0.0,0.84
2024,16501,,LB,0,8,0.0,0.073,0.0,2.5,0.0,0.22
2024,16387,"Brooks, Chris",RB,0,11,0.0,0.581,0.0,0.0,0.0,0.0
2024,14997,"Rodgers, Isaiah",DB,0,11,0.0,1.828,0.0,34.2,0.0,3.01
2024,15194,"Christiansen, Cole",LB,0,9,0.0,0.036,0.0,2.0,0.0,0.18
2024,13256,,DL,0,9,0.0,1.151,0.0,11.5,0.0,1.01
2024,16810,"Collier, Chris",RB,0,5,0.0,0.095,0.0,0.0,0.0,0.0
2024,13202,"Lawson, Carl",DL,0,11,0.0,2.679,0.0,35.5,0.0,3.12
2024,14938,,LB,0,4,0.0,0.0,0.0,0.5,0.0,0.04
2024,16532,"Nowaske, Trevor",LB,0,11,0.0,1.681,0.0,29.0,0.0,2.55
2024,14063,"Stidham, Jarrett",QB,0,3,0.0,0.0,0.0,0.0,0.0,0.0
2024,16367,"Willis, Brayden",TE,0,6,0.0,0.234,0.0,0.0,0.0,0.0
2024,16505,,DB,0,11,0.0,1.036,0.0,17.4,0.0,1.53
2024,12658,"Shepard, Sterling",WR,0,11,0.0,2.748,0.0,4.4,0.0,0.39
2024,16760,"Washington, Casey",WR,0,8,0.0,0.282,0.0,0.0,0.0,0.0
2024,13267,"Smoot, Dawuane",DL,0,7,0.0,2.517,0.0,26.5,0.0,2.33
2024,16743,"Ulofoshio, Edefuan",LB,0,2,0.0,0.0,0.0,0.0,0.0,0.0
2024,16623,"Rice, Brenden",WR,0,3,0.0,0.012,0.0,0.0,0.0,0.0
2024,15462,"Brightwell, Gary",RB,0,2,0.0,0.088,0.0,0.0,0.0,0.0
2024,12378,,TE,0,8,0.0,0.333,0.0,0.0,0.0,0.0
2024,16589,,QB,0,1,0.0,0.0,0.0,0.0,0.0,0.0
2024,13427,"Tonyan, Robert",TE,0,5,0.0,0.192,0.0,0.0,0.0,0.0
2024,13736,"Stewart, M.J.",DB,0,11,0.0,0.239,0.0,7.4,0.0,0.65
2024,13930,,LB,0,6,0.0,0.165,0.0,7.5,0.0,0.66
2024,11678,,WR,0,9,0.0,0.194,0.0,0.0,0.0,0.0
2024,15780,,WR,0,1,0.0,0.0,0.0,0.0,0.0,0.0
2024,16443,"O'Connell, Patrick",LB,0,4,0.0,0.089,0.0,1.0,0.0,0.09
2024,16063,"McCrary-Ball, Marcelino",LB,0,8,0.0,0.146,0.0,3.0,0.0,0.26
2024,16815,"Jacobs, Curtis",LB,0,9,0.0,0.071,0.0,3.0,0.0,0.26
2024,16346,"Winters, Dee",LB,0,11,0.0,0.461,0.0,21.5,0.0,1.89
2024,15124,"Pierre, James",DB,0,11,0.0,1.22,0.0,24.9,0.0,2.19
2024,16669,"Ford, Jaylan",LB,0,5,0.0,0.0,0.0,1.0,0.0,0.09
2024,12476,"Heinicke, Taylor",QB,0,2,0.0,0.0,0.0,0.0,0.0,0.0
2024,14245,"Oruwariye, Amani",DB,0,5,0.0,2.064,0.0,34.5,0.0,3.04
2024,14789,"Huntley, Tyler",QB,0,3,0.0,0.568,0.0,0.0,0.0,0.0
2024,16940,"Whiteheart, Blake",TE,0,5,0.0,0.762,0.0,3.0,0.0,0.27
2024,16942,,DL,0,8,0.0,2.741,0.0,31.5,0.0,2.77
2024,16729,"Still, Tarheeb",DB,0,10,0.0,4.364,0.0,80.1,0.0,7.05
2024,16711,"Isaac, Adisa",DL,0,4,0.0,0.735,0.0,7.0,0.0,0.62
2024,15957,,PN,0,8,0.0,2.97,0.0,39.5,0.0,3.48
2024,13922,,DL,0,3,0.0,0.241,0.0,2.5,0.0,0.22
2024,16485,"Incoom, Thomas",LB,0,7,0.0,0.074,0.0,7.5,0.0,0.66
2024,14548,"Bachman, Alex",WR,0,6,0.0,0.371,0.0,0.0,0.0,0.0
2024,15899,"Jackson, D'Marco",LB,0,10,0.0,0.222,0.0,11.0,0.0,0.97
2024,13155,,WR,0,1,0.0,0.0,0.0,0.0,0.0,0.0
2024,16684,"Washington, Malik",WR,0,10,0.0,1.266,0.0,2.8,0.0,0.25
2024,12292,,DL,0,1,0.0,0.13,0.0,1.5,0.0,0.13
2024,16941,,DB,0,3,0.0,0.034,0.0,2.9,0.0,0.26
2024,14278,,DB,0,1,0.0,0.0,0.0,1.3,0.0,0.11
2024,16933,"Richardson, Demani",DB,0,10,0.0,1.687,0.0,30.0,0.0,2.64
2024,13266,"Witherspoon, Ahkello",DB,0,9,0.0,0.582,0.0,18.4,0.0,1.62
2024,16893,,DL,0,10,0.0,1.111,0.0,10.0,0.0,0.88
2024,16726,"Tampa, T.J.",DB,0,4,0.0,0.017,0.0,0.8,0.0,0.07
2024,16932,,RB,0,3,0.0,0.123,0.0,0.0,0.0,0.0
2024,12751,"Gotsis, Adam",DL,0,5,0.0,0.737,0.0,9.0,0.0,0.79
2024,14215,"Saunders, Khalen",DL,0,9,0.0,3.407,0.0,44.5,0.0,3.92
2024,16486,,DL,0,5,0.0,0.331,0.0,2.0,0.0,0.18
2024,16776,"Hadden, Kamal",DB,0,2,0.0,0.0,0.0,0.0,0.0,0.0
2024,15563,,TE,0,2,0.0,0.115,0.0,0.0,0.0,0.0
2024,15347,,DL,0,3,0.0,0.059,0.0,0.0,0.0,0.0
2024,16238,"Sewell, Noah",LB,0,9,0.0,0.166,0.0,5.5,0.0,0.48
2024,15693,"Howell, Sam",QB,0,2,0.0,0.0,0.0,0.0,0.0,0.0
2024,13752,,DB,0,8,0.0,0.295,0.0,9.1,0.0,0.8
2024,16938,,DB,0,2,0.0,0.0,0.0,0.0,0.0,0.0
2024,16613,"Laube, Dylan",RB,0,6,0.0,0.156,0.0,0.0,0.0,0.0
2024,15814,"Thomas, Cameron",DL,0,6,0.0,0.486,0.0,4.0,0.0,0.35
2024,15424,"Johnson, Buddy",LB,0,10,0.0,0.108,0.0,4.5,0.0,0.4
2024,15203,,LB,0,1,0.0,0.0,0.0,0.0,0.0,0.0
2024,16029,"Avery, Tre",DB,0,9,0.0,0.134,0.0,3.9,0.0,0.34
2024,16836,"Bailey, Levelle",LB,0,10,0.0,0.125,0.0,3.0,0.0,0.26
2024,16447,"Vokolek, Travis",TE,0,1,0.0,0.115,0.0,0.0,0.0,0.0
2024,16556,"Bonner, Ethan",DB,0,4,0.0,0.017,0.0,0.0,0.0,0.0
2024,9207,"Johnson, Josh",QB,0,3,0.0,0.0,0.0,0.0,0.0,0.0
2024,16477,,DB,0,1,0.0,0.0,0.0,0.0,0.0,0.0
2024,16220,"Mallory, Will",TE,0,8,0.0,0.301,0.0,0.0,0.0,0.0
2024,14211,,DB,0,9,0.0,0.017,0.0,0.0,0.0,0.0
2024,15824,"Tindall, Channing",LB,0,8,0.0,0.036,0.0,2.5,0.0,0.22
2024,16292,"Ryland, Chad",PK,0,9,0.0,4.667,0.0,80.9,0.0,7.12
2024,16275,"Mapu, Marte",DB,0,7,0.0,2.588,0.0,44.0,0.0,3.87
2024,16308,"Roy, Jaquelin",DL,0,6,0.0,2.37,0.0,32.0,0.0,2.82
2024,14184,,DB,0,3,0.0,1.551,0.0,26.4,0.0,2.32
2024,15618,"Jones, Naquan",DL,0,8,0.0,2.462,0.0,30.0,0.0,2.64
2024,16365,,DB,0,9,0.0,0.177,0.0,6.1,0.0,0.54
2024,13704,"Nwosu, Uchenna",DL,0,2,0.0,0.547,0.0,4.5,0.0,0.4
2024,16224,"Murphy, Myles",DL,0,9,0.0,2.211,0.0,23.0,0.0,2.02
2024,16768,"Logue, Zion",DL,0,2,0.0,0.3,0.0,3.0,0.0,0.26
2024,13959,"Williams, Darious",DB,0,9,0.0,2.638,0.0,48.7,0.0,4.29
2024,16954,"Wallace, Josh",DB,0,9,0.0,0.168,0.0,6.4,0.0,0.56
2024,15958,,DL,0,9,0.0,3.075,0.0,41.0,0.0,3.61
2024,16691,"Orhorhoro, Ruke",DL,0,4,0.0,0.55,0.0,5.0,0.0,0.44
2024,15437,,DB,0,6,0.0,0.103,0.0,5.0,0.0,0.44
2024,14037,"Davis, Jalen",DB,0,2,0.0,0.033,0.0,3.4,0.0,0.3
2024,15987,,WR,0,3,0.0,0.048,0.0,0.0,0.0,0.0
2024,15070,,TE,0,3,0.0,0.0,0.0,0.0,0.0,0.0
2024,15970,"Krull, Lucas",TE,0,9,0.0,0.518,0.0,0.0,0.0,0.0
2024,16082,"Mosby, Arron",DL,0,9,0.0,0.981,0.0,12.0,0.0,1.06
2024,12834,,DB,0,2,0.0,0.0,0.0,1.3,0.0,0.11
2024,16949,"Tremayne, Brycen",WR,0,1,0.0,0.024,0.0,0.0,0.0,0.0
2024,16951,,TE,0,4,0.0,0.067,0.0,0.0,0.0,0.0
2024,13879,"Allen, Kyle",QB,0,1,0.0,0.0,0.0,0.0,0.0,0.0
2024,13826,,LB,0,9,0.0,0.0,0.0,3.5,0.0,0.31
2024,16494,,LB,0,9,0.0,0.125,0.0,7.0,0.0,0.62
2024,15042,,RB,0,4,0.0,0.108,0.0,0.0,0.0,0.0
2024,14722,,DB,0,2,0.0,0.017,0.0,0.8,0.0,0.07
2024,12474,,DL,0,2,0.0,0.302,0.0,3.0,0.0,0.26
2024,14321,,WR,0,1,0.0,0.024,0.0,0.0,0.0,0.0
2024,12756,,DL,0,8,0.0,1.31,0.0,15.0,0.0,1.32
2024,16290,"Horton, Dylan",DL,0,9,0.0,0.805,0.0,7.0,0.0,0.62
2024,16099,,LB,0,3,0.0,0.268,0.0,5.5,0.0,0.48
2024,16761,"Hill, Jamal",LB,0,5,0.0,0.018,0.0,1.5,0.0,0.13
2024,15653,,DL,0,3,0.0,0.136,0.0,1.0,0.0,0.09
2024,12141,"Mariota, Marcus",QB,0,2,0.0,0.864,0.0,10.3,0.0,0.91
2024,14260,"Holcomb, Cole",LB,0,1,0.0,0.0,0.0,0.0,0.0,0.0
2024,13781,,DL,0,1,0.0,0.04,0.0,0.0,0.0,0.0
2024,16329,,DL,0,6,0.0,0.479,0.0,5.5,0.0,0.48
2024,16493,,DB,0,1,0.0,0.0,0.0,0.0,0.0,0.0
2024,15142,,DB,0,1,0.0,0.0,0.0,0.0,0.0,0.0
2024,14808,,RB,0,2,0.0,0.033,0.0,0.0,0.0,0.0
2024,16755,,DL,0,3,0.0,0.059,0.0,0.0,0.0,0.0
2024,16715,"Jackson, McKinnley",DL,0,9,0.0,0.596,0.0,5.5,0.0,0.48
2024,16687,"Miller, Dante",RB,0,2,0.0,0.077,0.0,0.0,0.0,0.0
2024,16803,"Watson, Blake",RB,0,2,0.0,0.016,0.0,0.0,0.0,0.0
2024,14849,"Hodgins, Isaiah",WR,0,3,0.0,0.155,0.0,0.0,0.0,0.0
2024,15931,"Davis, Kalia",DL,0,9,0.0,1.27,0.0,12.0,0.0,1.06
2024,11679,"Beckham, Odell",WR,0,9,0.0,0.468,0.0,0.0,0.0,0.0
2024,16778,"Flournoy, Ryan",WR,0,8,0.0,0.377,0.0,0.0,0.0,0.0
2024,16807,,TE,0,8,0.0,0.295,0.0,0.0,0.0,0.0
2024,16451,"Shavers, Tyrell",WR,0,2,0.0,0.012,0.0,0.0,0.0,0.0
2024,14379,"Woods, Josh",LB,0,2,0.0,0.0,0.0,0.0,0.0,0.0
2024,13316,"Taylor, Trent",WR,0,1,0.0,0.012,0.0,0.0,0.0,0.0
2024,14319,"Beck, Andrew",RB,0,3,0.0,0.038,0.0,0.0,0.0,0.0
2024,14837,,WR,0,1,0.0,0.012,0.0,0.0,0.0,0.0
2024,16332,,DL,0,4,0.0,0.154,0.0,0.5,0.0,0.04
2024,16373,"Graham, Jalen",LB,0,5,0.0,0.111,0.0,5.0,0.0,0.44
2024,15406,,DB,0,4,0.0,0.017,0.0,1.3,0.0,0.11
2024,16384,"Bagent, Tyson",QB,0,4,0.0,0.043,0.0,0.0,0.0,0.0
2024,16586,"Rattler, Spencer",QB,0,3,0.0,0.182,0.0,0.0,0.0,0.0
2024,16757,"Vidal, Kimani",RB,0,6,0.0,0.802,0.0,3.5,0.0,0.31
2024,15528,,WR,0,3,0.0,0.455,0.0,1.0,0.0,0.09
2024,16958,"Miller, Ryan",WR,0,7,0.0,0.811,0.0,0.0,0.0,0.0
2024,12738,,DB,0,1,0.0,0.2,0.0,4.3,0.0,0.38
2024,16315,"Luter, Darrell",DB,0,3,0.0,0.167,0.0,4.9,0.0,0.43
2024,16961,,DL,0,2,0.0,0.356,0.0,3.5,0.0,0.31
2024,15908,"Butler, Matthew",DL,0,6,0.0,0.847,0.0,8.5,0.0,0.75
2024,16661,"Hall Jr., Michael",DL,0,4,0.0,0.616,0.0,7.0,0.0,0.62
2024,15877,"Uwazurike, Eyioma",DL,0,3,0.0,0.396,0.0,7.0,0.0,0.62
2024,15348,"Basham, Carlos",DL,0,1,0.0,0.2,0.0,2.0,0.0,0.18
2024,15453,,DL,0,3,0.0,0.174,0.0,1.5,0.0,0.13
2024,13771,,DL,0,2,0.0,0.416,0.0,6.5,0.0,0.57
2024,16860,,RB,0,1,0.0,0.077,0.0,0.0,0.0,0.0
2024,16957,"Jennings, Terrell",RB,0,1,0.0,0.077,0.0,0.0,0.0,0.0
2024,12716,"Mills, Jalen",DB,0,8,0.0,2.515,0.0,49.0,0.0,4.31
2024,16572,"Okada, Ty",DB,0,4,0.0,0.089,0.0,2.9,0.0,0.26
2024,16820,"Brade, Beau",DB,0,7,0.0,0.0,0.0,0.8,0.0,0.07
2024,13929,,DL,0,6,0.0,0.5,0.0,4.0,0.0,0.35
2024,16721,"Jefferson, Jordan",DL,0,6,0.0,1.31,0.0,15.0,0.0,1.32
2024,14212,"Takitaki, Sione",LB,0,7,0.0,0.091,0.0,4.0,0.0,0.35
2024,13678,"Thomas, Ian",TE,0,5,0.0,0.102,0.0,0.0,0.0,0.0
2024,15912,,LB,0,2,0.0,0.0,0.0,0.0,0.0,0.0
2024,14946,"Fotu, Leki",DL,0,2,0.0,0.204,0.0,2.5,0.0,0.22
2024,16151,"Hooker, Hendon",QB,0,3,0.0,0.0,0.0,0.0,0.0,0.0
2024,16720,"Richardson, Decamerion",DB,0,8,0.0,1.815,0.0,31.0,0.0,2.73
2024,16455,"Cox, Brenton",DL,0,5,0.0,1.531,0.0,22.0,0.0,1.94
2024,16956,,LB,0,4,0.0,0.018,0.0,1.0,0.0,0.09
2024,16607,,RB,0,1,0.0,0.038,0.0,0.0,0.0,0.0
2024,14377,,DL,0,3,0.0,0.054,0.0,0.0,0.0,0.0
2024,13637,,WR,0,3,0.0,0.07,0.0,0.0,0.0,0.0
2024,15905,"Quitoriano, Teagan",TE,0,7,0.0,0.141,0.0,0.0,0.0,0.0
2024,14247,"Greenlaw, Dre",LB,0,1,0.0,0.0,0.0,0.0,0.0,0.0
2024,16634,"Weaver, Xavier",WR,0,1,0.0,0.045,0.0,0.0,0.0,0.0
2024,14806,,RB,0,1,0.0,0.038,0.0,0.0,0.0,0.0
2024,16531,,DB,0,1,0.0,0.0,0.0,0.0,0.0,0.0
2024,15536,,DB,0,6,0.0,0.069,0.0,3.4,0.0,0.3
2024,15456,"Niemann, Nick",LB,0,9,0.0,0.674,0.0,16.5,0.0,1.45
2024,16362,,DB,0,5,0.0,0.017,0.0,0.0,0.0,0.0
2024,16781,,DB,0,6,0.0,0.034,0.0,0.0,0.0,0.0
2024,16154,,QB,0,1,0.0,0.0,0.0,0.0,0.0,0.0
2024,16297,,DL,0,1,0.0,0.0,0.0,0.0,0.0,0.0
2024,16746,"Ali, Rasheen",RB,0,2,0.0,0.038,0.0,0.0,0.0,0.0
2024,16629,"Wilson, Roman",WR,0,1,0.0,0.045,0.0,0.0,0.0,0.0
2024,15989,"Jobe, Josh",DB,0,7,0.0,2.271,0.0,40.2,0.0,3.54
2024,11947,"McManus, Brandon",PK,0,7,0.0,3.333,0.0,59.2,0.0,5.21
2024,16339,"Carlson, Anders",PK,0,5,0.0,3.083,0.0,55.7,0.0,4.9
2024,15016,"Jackson, Dane",DB,0,5,0.0,1.08,0.0,21.0,0.0,1.85
2024,16622,"Pearsall, Ricky",WR,0,7,0.0,1.666,0.0,11.6,0.0,1.02
2024,12233,,LB,0,4,0.0,0.55,0.0,12.5,0.0,1.1
2024,16158,,QB,0,3,0.0,0.114,0.0,0.0,0.0,0.0
2024,16964,,WR,0,4,0.0,0.433,0.0,0.0,0.0,0.0
2024,14839,"Reagor, Jalen",WR,0,8,0.0,0.699,0.0,0.0,0.0,0.0
2024,16271,"Brown, Sydney",DB,0,7,0.0,0.282,0.0,8.7,0.0,0.77
2024,14228,,DB,0,3,0.0,0.12,0.0,2.9,0.0,0.26
2024,16605,"McClellan, Jase",RB,0,2,0.0,0.152,0.0,0.0,0.0,0.0
2024,16740,"Jackson, Brennan",DL,0,4,0.0,0.301,0.0,3.0,0.0,0.26
2024,15383,,DB,0,2,0.0,0.069,0.0,1.3,0.0,0.11
2024,16621,"Walker, Devontez",WR,0,5,0.0,0.142,0.0,0.0,0.0,0.0
2024,13365,,DL,0,8,0.0,1.223,0.0,13.5,0.0,1.19
2024,16025,,RB,0,2,0.0,0.016,0.0,0.0,0.0,0.0
2024,16967,"Windmon, Jacoby",LB,0,4,0.0,0.018,0.0,1.5,0.0,0.13
2024,16742,"Kamara, Mohamed",DL,0,4,0.0,0.189,0.0,1.0,0.0,0.09
2024,15940,,DB,0,2,0.0,0.034,0.0,2.1,0.0,0.18
2024,16583,"Penix Jr., Michael",QB,0,2,0.0,0.0,0.0,0.0,0.0,0.0
2024,12083,"Autry, Denico",DL,0,7,0.0,2.278,0.0,34.5,0.0,3.04
2024,13232,,DB,0,1,0.0,0.034,0.0,0.1,0.0,0.01
2024,16796,"Culp, Devin",TE,0,2,0.0,0.0,0.0,0.0,0.0,0.0
2024,13176,"Jones, Zay",WR,0,7,0.0,0.146,0.0,0.0,0.0,0.0
2024,16007,,DL,0,7,0.0,0.48,0.0,3.5,0.0,0.31
2024,12687,,DL,0,1,0.0,0.019,0.0,0.0,0.0,0.0
2024,16180,"Hull, Evan",RB,0,1,0.0,0.0,0.0,0.0,0.0,0.0
2024,16210,"Shorter, Justin",WR,0,6,0.0,0.073,0.0,0.0,0.0,0.0
2024,16764,,DB,0,1,0.0,0.017,0.0,0.0,0.0,0.0
2024,15604,"Zylstra, Shane",TE,0,8,0.0,0.308,0.0,0.0,0.0,0.0
2024,13270,"Moreau, Fabian",DB,0,6,0.0,0.451,0.0,7.5,0.0,0.66
2024,12610,"Wentz, Carson",QB,0,1,0.0,0.0,0.0,0.0,0.0,0.0
2024,16970,,DB,0,1,0.0,0.017,0.0,0.0,0.0,0.0
2024,15000,,LB,0,1,0.0,0.0,0.0,0.0,0.0,0.0
2024,12381,,QB,0,1,0.0,0.0,0.0,0.0,0.0,0.0
2024,16343,,DL,0,1,0.0,0.019,0.0,0.0,0.0,0.0
2024,15447,,DL,0,3,0.0,0.094,0.0,0.0,0.0,0.0
2024,16663,"Eboigbe, Justin",DL,0,4,0.0,0.095,0.0,0.5,0.0,0.04
2024,16366,"Ivey, DJ",DB,0,7,0.0,0.084,0.0,3.9,0.0,0.34
2024,15212,,DL,0,2,0.0,0.233,0.0,2.0,0.0,0.18
2024,15692,"Pickett, Kenny",QB,0,3,0.0,0.0,0.0,0.0,0.0,0.0
2024,16198,,WR,0,6,0.0,0.599,0.0,0.2,0.0,0.02
2024,15934,,DL,0,2,0.0,0.522,0.0,5.5,0.0,0.48
2024,16243,"Smith, Cam",DB,0,6,0.0,0.625,0.0,19.3,0.0,1.7
2024,13802,"Martin, Jake",DL,0,7,0.0,2.02,0.0,28.5,0.0,2.51
2024,14681,,DL,0,4,0.0,0.539,0.0,5.0,0.0,0.44
2024,14269,,DL,0,4,0.0,0.716,0.0,9.0,0.0,0.79
2024,13128,"Cook, Dalvin",RB,0,2,0.0,0.095,0.0,0.0,0.0,0.0
2024,13840,,DB,0,3,0.0,0.101,0.0,5.2,0.0,0.46
2024,16630,"Williams, Isaiah",WR,0,4,0.0,0.125,0.0,0.0,0.0,0.0
2024,14168,"White, Devin",LB,0,6,0.0,0.275,0.0,11.0,0.0,0.97
2024,13460,,DL,0,2,0.0,0.294,0.0,3.5,0.0,0.31
2024,15360,,DB,0,5,0.0,0.213,0.0,9.4,0.0,0.83
2024,13547,"Maulet, Art",DB,0,4,0.0,0.128,0.0,6.0,0.0,0.53
2024,16334,"Reed, Jerrick",DB,0,5,0.0,0.11,0.0,3.4,0.0,0.3
2024,15900,,WR,0,1,0.0,0.025,0.0,0.0,0.0,0.0
2024,12308,,DB,0,1,0.0,0.0,0.0,0.0,0.0,0.0
2024,16686,"Smith, Ainias",WR,0,5,0.0,0.153,0.0,0.0,0.0,0.0
2024,15148,"Franklin, Sam",DB,0,6,0.0,0.277,0.0,6.3,0.0,0.55
2024,15883,,DL,0,7,0.0,0.37,0.0,2.5,0.0,0.22
2024,16730,"Magee, Jordan",LB,0,6,0.0,0.109,0.0,4.5,0.0,0.4
2024,15935,"Goode, Cameron",DL,0,1,0.0,0.036,0.0,0.0,0.0,0.0
2024,13245,"Reddick, Haason",DL,0,6,0.0,1.179,0.0,14.0,0.0,1.23
2024,14702,,DB,0,3,0.0,0.0,0.0,0.0,0.0,0.0
2024,15450,"McGrone, Cameron",LB,0,6,0.0,0.036,0.0,2.0,0.0,0.18
2024,15440,"Taylor, Keith",DB,0,7,0.0,0.017,0.0,0.8,0.0,0.07
2024,13276,,DB,0,6,0.0,0.439,0.0,7.5,0.0,0.66
2024,15535,"Kinsey, Mason",WR,0,2,0.0,0.036,0.0,0.0,0.0,0.0
2024,15141,,DL,0,6,0.0,0.85,0.0,9.5,0.0,0.84
2024,15996,,WR,0,6,0.0,0.105,0.0,0.0,0.0,0.0
2024,15697,"Ridder, Desmond",QB,0,5,0.0,0.346,0.0,0.0,0.0,0.0
2024,15925,"FitzPatrick, John",TE,0,5,0.0,0.113,0.0,0.0,0.0,0.0
2024,14358,"Browning, Jake",QB,0,2,0.0,0.0,0.0,0.0,0.0,0.0
2024,16795,,DL,0,1,0.0,0.036,0.0,0.0,0.0,0.0
2024,16462,,PN,0,2,0.0,0.75,0.0,10.0,0.0,0.88
2024,15589,"White, Cody",WR,0,4,0.0,0.452,0.0,0.0,0.0,0.0
2024,15451,,DB,0,5,0.0,0.852,0.0,16.0,0.0,1.41
2024,16120,"Trammell, Austin",WR,0,1,0.0,0.184,0.0,0.0,0.0,0.0
2024,16848,"McAtamney, Jude",PK,0,1,0.0,0.25,0.0,4.1,0.0,0.36
2024,15339,,TE,0,5,0.0,1.02,0.0,0.8,0.0,0.07
2024,16878,"Steward, Reddy",DB,0,1,0.0,0.094,0.0,3.3,0.0,0.29
2024,15369,"Patterson, Riley",PK,0,1,0.0,0.208,0.0,3.0,0.0,0.26
2024,16015,,WR,0,1,0.0,0.105,0.0,0.0,0.0,0.0
2024,13212,,DL,0,2,0.0,0.159,0.0,3.0,0.0,0.26
2024,12715,"Apple, Eli",DB,0,4,0.0,0.129,0.0,4.1,0.0,0.36
2024,16976,"Brooks, Natrone",DB,0,3,0.0,0.201,0.0,5.4,0.0,0.48
2024,15907,"Robinson, Dominique",DL,0,2,0.0,0.279,0.0,3.5,0.0,0.31
2024,16863,,WR,0,4,0.0,0.112,0.0,0.0,0.0,0.0
2024,16974,,DB,0,1,0.0,0.0,0.0,1.6,0.0,0.14
2024,16975,"Oliver, Bryce",WR,0,6,0.0,0.454,0.0,0.0,0.0,0.0
2024,14716,,DL,0,5,0.0,0.774,0.0,7.0,0.0,0.62
2024,16114,,LB,0,5,0.0,0.13,0.0,5.0,0.0,0.44
2024,15034,,WR,0,2,0.0,0.013,0.0,0.0,0.0,0.0
2024,13914,,DB,0,1,0.0,0.0,0.0,0.0,0.0,0.0
2024,13681,"Chubb, Bradley",DL,0,1,0.0,0.04,0.0,0.0,0.0,0.0
2024,13699,,LB,0,2,0.0,0.036,0.0,0.0,0.0,0.0
2024,13715,"Harrison, Ronnie",DB,0,5,0.0,0.069,0.0,4.6,0.0,0.4
2024,16606,"Milton, Kendall",RB,0,1,0.0,0.032,0.0,0.0,0.0,0.0
2024,16453,"Cooks, Elijah",WR,0,2,0.0,0.013,0.0,0.0,0.0,0.0
2024,15763,"Ross, Justyn",WR,0,2,0.0,0.013,0.0,0.0,0.0,0.0
2024,13965,,DL,0,3,0.0,0.808,0.0,9.5,0.0,0.84
2024,14807,,RB,0,2,0.0,0.049,0.0,0.0,0.0,0.0
2024,13330,"Muhammad, Al-Quadin",DL,0,4,0.0,1.322,0.0,14.5,0.0,1.28
2024,16370,"Jones, Nic",DB,0,1,0.0,0.0,0.0,0.0,0.0,0.0
2024,15977,"Thompkins, Deven",WR,0,5,0.0,0.167,0.0,0.0,0.0,0.0
2024,13347,"Gonzalez, Zane",PK,0,3,0.0,1.375,0.0,23.4,0.0,2.06
2024,15765,"Austin, Kevin",WR,0,4,0.0,0.593,0.0,0.0,0.0,0.0
2024,15358,"Togiai, Tommy",DL,0,4,0.0,1.247,0.0,16.5,0.0,1.45
2024,14880,"Kareem, Khalid",DL,0,2,0.0,0.363,0.0,4.0,0.0,0.35
2024,13634,"Pettis, Dante",WR,0,4,0.0,0.205,0.0,0.0,0.0,0.0
2024,15240,"Lance, Trey",QB,0,2,0.0,0.0,0.0,0.0,0.0,0.0
2024,16981,,DB,0,1,0.0,0.034,0.0,1.3,0.0,0.11
2024,14328,"Wingard, Andrew",DB,0,4,0.0,0.051,0.0,1.3,0.0,0.11
2024,16979,"Grandy, Cam",TE,0,4,0.0,0.119,0.0,0.0,0.0,0.0
2024,16982,"Butler, Josh",DB,0,4,0.0,1.656,0.0,35.8,0.0,3.15
2024,13491,,DB,0,4,0.0,0.049,0.0,1.3,0.0,0.11
2024,13862,"Cracraft, River",WR,0,4,0.0,0.083,0.0,0.0,0.0,0.0
2024,12645,"Treadwell, Laquon",WR,0,2,0.0,0.0,0.0,0.0,0.0,0.0
2024,16557,"Fisk, Tucker",TE,0,5,0.0,0.237,0.0,0.0,0.0,0.0
2024,11010,,DB,0,5,0.0,0.017,0.0,0.0,0.0,0.0
2024,16395,"Cropper, Jalen",WR,0,1,0.0,0.0,0.0,0.0,0.0,0.0
2024,13125,,QB,0,1,0.0,0.0,0.0,0.0,0.0,0.0
2024,13668,"Chark, D.J.",WR,0,6,0.0,0.13,0.0,0.0,0.0,0.0
2024,12760,,DB,0,5,0.0,1.91,0.0,31.4,0.0,2.76
2024,16546,,DB,0,1,0.0,0.0,0.0,0.0,0.0,0.0
2024,15357,"Barmore, Christian",DL,0,3,0.0,1.192,0.0,14.0,0.0,1.23
2024,11840,"O'Donnell, Pat",PN,0,4,0.0,1.167,0.0,18.0,0.0,1.58
2024,13216,"Cunningham, Zach",LB,0,3,0.0,0.125,0.0,2.0,0.0,0.18
2024,15343,,TE,0,3,0.0,0.157,0.0,0.0,0.0,0.0
2024,15547,,DB,0,4,0.0,0.085,0.0,4.7,0.0,0.41
2024,14506,"Pittman, Anthony",LB,0,1,0.0,0.089,0.0,1.0,0.0,0.09
2024,16657,"Dorlus, Brandon",DL,0,2,0.0,0.327,0.0,2.5,0.0,0.22
2024,15411,,DL,0,2,0.0,0.154,0.0,2.0,0.0,0.18
2024,15308,"Marshall, Terrace",WR,0,3,0.0,0.036,0.0,0.0,0.0,0.0
2024,15286,,WR,0,2,0.0,0.024,0.0,0.0,0.0,0.0
2024,16986,,TE,0,4,0.0,0.157,0.0,0.0,0.0,0.0
2024,15909,"Mitchell, James",TE,0,1,0.0,0.038,0.0,0.0,0.0,0.0
2024,16461,"Sewell, Nephi",LB,0,3,0.0,0.055,0.0,1.0,0.0,0.09
2024,15289,"Toney, Kadarius",WR,0,3,0.0,0.024,0.0,0.0,0.0,0.0
2024,15904,"Bland, DaRon",DB,0,3,0.0,1.749,0.0,24.5,0.0,2.16
2024,16989,,DB,0,2,0.0,0.032,0.0,2.1,0.0,0.18
2024,16667,"Gray, Cedric",LB,0,3,0.0,0.038,0.0,3.0,0.0,0.26
2024,12317,,TE,0,3,0.0,0.119,0.0,0.0,0.0,0.0
2024,15568,,DB,0,1,0.0,0.0,0.0,0.0,0.0,0.0
2024,16879,,WR,0,1,0.0,0.024,0.0,0.0,0.0,0.0
2024,16316,"Kelly, Kyu Blu",DB,0,1,0.0,0.0,0.0,0.0,0.0,0.0
2024,13998,,DB,0,1,0.0,0.0,0.0,0.0,0.0,0.0
2024,15414,"Nwangwu, Kene",RB,0,2,0.0,0.515,0.0,4.3,0.0,0.38
2024,15792,,WR,0,2,0.0,0.311,0.0,0.0,0.0,0.0
2024,13307,"Milano, Matt",LB,0,2,0.0,0.188,0.0,7.5,0.0,0.66
2024,16066,"Alexander, Maurice",WR,0,2,0.0,0.012,0.0,0.0,0.0,0.0
2024,15057,,WR,0,2,0.0,0.012,0.0,0.0,0.0,0.0
2024,16735,"Abrams-Draine, Kris",DB,0,1,0.0,0.0,0.0,0.8,0.0,0.07
2024,16794,"Briggs, Jowon",DL,0,2,0.0,0.299,0.0,3.0,0.0,0.26
2024,12227,,DL,0,1,0.0,0.077,0.0,0.5,0.0,0.04
2024,14254,"Omenihu, Charles",DL,0,2,0.0,0.262,0.0,2.0,0.0,0.18
2024,16769,,DB,0,2,0.0,0.017,0.0,0.0,0.0,0.0
2024,16259,"Martin, Brodric",DL,0,2,0.0,0.13,0.0,0.5,0.0,0.04
2024,16660,"Robinson, Darius",DL,0,2,0.0,0.13,0.0,0.5,0.0,0.04
2024,15401,"Wright, Nahshon",DB,0,1,0.0,0.0,0.0,0.0,0.0,0.0
2024,16748,"Robinson, Keilan",RB,0,2,0.0,0.067,0.0,0.0,0.0,0.0
2024,15026,,TE,0,1,0.0,0.042,0.0,0.0,0.0,0.0
2024,16520,"Durden, Cory",DL,0,1,0.0,0.5,0.0,5.0,0.0,0.44
2024,16144,"Garcia, Elijah",DL,0,1,0.0,0.315,0.0,3.5,0.0,0.31
2024,16422,"Remigio, Nikko",WR,0,1,0.0,0.071,0.0,0.0,0.0,0.0
2024,16994,,DL,0,1,0.0,0.204,0.0,2.0,0.0,0.18
2024,16659,"Murphy, Gabriel",DL,0,1,0.0,0.204,0.0,2.0,0.0,0.18
2024,16771,"Crumedy, Jaden",DL,0,1,0.0,0.185,0.0,1.5,0.0,0.13
2024,16993,,LB,0,1,0.0,0.019,0.0,1.0,0.0,0.09
2024,16995,,DB,0,1,0.0,0.033,0.0,0.8,0.0,0.07
2024,14810,,RB,0,1,0.0,0.033,0.0,0.0,0.0,0.0
2024,16890,"McGlothern, Dwight",DB,0,1,0.0,0.017,0.0,0.0,0.0,0.0
2024,16998,,TE,0,1,0.0,0.038,0.0,0.0,0.0,0.0
2024,16851,,PN,0,1,0.0,0.083,0.0,0.0,0.0,0.0
2024,15260,"Patterson, Jaret",RB,0,1,0.0,0.033,0.0,0.0,0.0,0.0
2024,13622,"Hines, Nyheim",RB,0,1,0.0,0.033,0.0,0.0,0.0,0.0
2024,16831,"Martin-Robinson, David",TE,0,1,0.0,0.038,0.0,0.0,0.0,0.0
2024,15258,"Carter, Michael",RB,0,2,0.0,0.495,0.0,1.1,0.0,0.1
2024,15837,,DB,0,1,0.0,0.017,0.0,0.0,0.0,0.0
2024,15981,"Turpin, KaVontae",WR,1,13,0.308,4.514,-0.5,27.1,-0.04,2.39
2024,14845,"Davis, Gabriel",WR,2,10,0.866,2.318,-0.9,13.7,-0.08,1.21
2024,14209,"Oliver, Josh",TE,1,11,0.5,3.511,-0.9,20.2,-0.08,1.78
2024,16206,"Wilson, Michael",WR,2,16,0.917,5.311,-1.2,24.1,-0.1,2.12
2024,14239,"Moreau, Foster",TE,1,13,0.333,3.812,-1.3,12.2,-0.11,1.08
2024,13154,"Williams, Mike",WR,2,17,0.507,2.17,-1.4,3.3,-0.12,0.29
2024,13315,"Saubert, Eric",TE,1,13,0.5,1.378,-1.4,0.0,-0.12,0.0
2024,14095,"Johnson, Ty",RB,2,14,0.452,1.974,-1.5,8.7,-0.13,0.77
2024,13675,"Conklin, Tyler",TE,1,13,0.417,4.039,-1.6,22.0,-0.14,1.94
2024,10703,"Wilson, Russell",QB,2,10,0.769,4.384,-2.2,47.8,-0.2,4.2
2024,15712,"Allgeier, Tyler",RB,1,16,0.065,3.102,-2.6,18.2,-0.23,1.6
2024,14852,"Gibson, Antonio",RB,2,16,0.507,3.196,-2.6,9.3,-0.23,0.81
2024,15241,"Jones, Mac",QB,2,9,0.493,2.223,-3.1,29.2,-0.28,2.57
2024,15743,"McCormick, Sincere",RB,2,5,0.344,0.741,-3.4,1.7,-0.3,0.15
2024,12625,"Elliott, Ezekiel",RB,1,12,0.143,1.436,-3.9,4.9,-0.34,0.43
2024,14223,"Mattison, Alexander",RB,6,13,1.674,4.238,-4.0,31.4,-0.35,2.77
2024,15804,"Calcaterra, Grant",TE,1,14,0.091,3.006,-4.1,10.1,-0.36,0.89
2024,16751,"Means, Bub",WR,1,7,0.154,1.302,-4.4,7.1,-0.39,0.63
2024,12785,"Robinson, Demarcus",WR,1,16,0.079,4.263,-4.8,36.0,-0.42,3.17
2024,14086,"Hill, Justice",RB,3,15,0.657,4.162,-5.0,32.8,-0.44,2.89
2024,13377,"Patrick, Tim",WR,2,15,0.415,3.334,-5.0,20.3,-0.44,1.78
2024,16441,"DeVito, Tommy",QB,1,3,0.048,0.091,-5.0,0.0,-0.44,0.0
2024,13753,"Akins, Jordan",TE,1,13,0.091,3.308,-5.3,6.3,-0.46,0.55
2024,15288,"Moore, Elijah",WR,2,16,0.329,4.705,-5.3,34.1,-0.46,3.0
2024,14079,"Sanders, Miles",RB,2,10,0.339,1.565,-5.5,2.1,-0.48,0.19
2024,16192,"Washington, Parker",WR,2,16,0.422,3.797,-5.8,29.2,-0.51,2.57
2024,14861,"Johnson, Juwan",TE,2,16,0.405,5.598,-5.9,26.3,-0.52,2.31
2024,14122,"Slayton, Darius",WR,4,12,1.374,3.66,-6.3,32.4,-0.56,2.85
2024,15255,"Gainwell, Kenneth",RB,1,16,0.0,2.129,-6.4,1.2,-0.56,0.11
2024,16207,"Iosivas, Andrei",WR,3,16,0.988,4.595,-6.5,23.7,-0.57,2.08
2024,13763,"Dissly, Will",TE,3,14,0.826,5.15,-6.5,25.0,-0.57,2.2
2024,15419,"Granson, Kylen",TE,1,13,0.0,1.401,-6.5,0.0,-0.57,0.0
2024,14108,"Dortch, Greg",WR,2,13,0.357,2.347,-6.9,3.0,-0.6,0.27
2024,12447,"Mostert, Raheem",RB,6,12,1.439,1.939,-6.8,9.6,-0.6,0.85
2024,15759,"Metchie, John",WR,2,12,0.315,1.984,-7.1,10.8,-0.62,0.95
2024,13143,"McNichols, Jeremy",RB,1,16,0.036,2.353,-7.2,16.1,-0.63,1.42
2024,15973,"Blackshear, Raheem",RB,1,15,0.04,0.945,-7.6,0.0,-0.67,0.0
2024,15733,"Strong Jr., Pierre",RB,1,11,0.0,0.947,-7.7,0.8,-0.68,0.07
2024,11367,"Juszczyk, Kyle",RB,1,13,0.097,1.2,-8.2,0.6,-0.72,0.05
2024,14059,"Jones, Daniel",QB,4,10,1.023,3.836,-8.2,45.0,-0.72,3.96
2024,13868,,RB,1,3,0.0,0.0,-8.3,0.0,-0.73,0.0
2024,15798,"Likely, Isaiah",TE,2,15,0.53,5.943,-8.5,48.4,-0.75,4.26
2024,13424,"Hill, Taysom",QB,1,8,0.091,2.081,-8.5,31.5,-0.75,2.77
2024,16390,"McLaughlin, Jaleel",RB,2,15,0.233,3.182,-8.8,6.0,-0.77,0.53
2024,16159,"O'Connell, Aidan",QB,1,8,0.0,1.528,-8.9,17.9,-0.78,1.57
2024,15786,"Nailor, Jalen",WR,1,13,0.0,3.112,-9.2,13.0,-0.81,1.14
2024,14080,"Singletary, Devin",RB,7,14,1.635,2.815,-9.2,18.1,-0.81,1.59
2024,16432,"Wilson, Emanuel",RB,2,16,0.297,2.561,-9.2,11.3,-0.81,0.99
2024,16624,"Thrash, Jamari",WR,1,5,0.012,0.108,-9.2,0.0,-0.81,0.0
2024,12677,"Hooper, Austin",TE,2,16,0.506,5.496,-9.3,24.4,-0.82,2.15
2024,14821,,RB,1,13,0.0,1.073,-9.6,5.5,-0.84,0.49
2024,16178,"Mitchell, Keaton",RB,1,4,0.0,0.408,-9.6,0.0,-0.84,0.0
2024,16633,"Whittington, Jordan",WR,3,14,0.756,1.924,-9.7,11.1,-0.85,0.98
2024,13148,"Ogunbowale, Dare",RB,1,13,0.0,1.743,-9.7,10.6,-0.85,0.94
2024,14208,"Johnson, Diontae",WR,8,11,2.595,3.568,-9.8,44.7,-0.86,3.94
2024,16597,"Brooks, Jonathon",RB,1,3,0.0,0.183,-9.9,0.0,-0.87,0.0
2024,13139,"Williams, Jamaal",RB,3,10,0.567,1.089,-10.0,3.9,-0.88,0.34
2024,16612,"Steele, Carson",RB,2,13,0.448,0.845,-10.4,0.0,-0.91,0.0
2024,15718,"Badie, Tyler",RB,1,3,0.015,0.331,-10.4,0.0,-0.91,0.0
2024,13633,"Kirk, Christian",WR,4,8,1.23,3.19,-10.5,22.6,-0.93,1.99
2024,16809,"Coker, Jalen",WR,3,10,0.482,2.978,-11.5,28.0,-1.01,2.47
2024,11674,"Cooks, Brandin",WR,3,7,0.321,1.852,-12.3,8.3,-1.08,0.73
2024,15256,"Williams, Javonte",RB,3,16,0.246,4.13,-12.4,39.4,-1.09,3.47
2024,16643,"Sanders, Ja'Tavion",TE,4,15,0.665,3.066,-12.5,15.9,-1.1,1.4
2024,16195,"Wicks, Dontayvion",WR,3,16,0.503,3.812,-12.6,26.3,-1.1,2.31
2024,16269,"Strange, Brenton",TE,2,15,0.045,3.416,-12.5,13.6,-1.1,1.2
2024,13850,"Edwards, Gus",RB,2,11,0.111,1.677,-12.9,11.3,-1.13,1.0
2024,16858,"Tipton, Mason",WR,2,10,0.103,1.001,-15.0,1.8,-1.32,0.16
2024,13418,"Bourne, Kendrick",WR,3,8,0.538,1.872,-15.7,9.6,-1.38,0.85
2024,15723,"Chandler, Ty",RB,3,16,0.441,1.052,-16.2,0.0,-1.43,0.0
2024,13066,"Raymond, Kalif",WR,3,11,0.405,2.996,-16.8,25.4,-1.47,2.24
2024,15717,"Pierce, Dameon",RB,2,10,0.017,0.803,-17.6,7.1,-1.55,0.63
2024,15271,"Herbert, Khalil",RB,2,10,0.036,0.663,-18.5,0.0,-1.62,0.0
2024,16149,"Levis, Will",QB,5,11,1.373,2.353,-20.3,15.5,-1.78,1.36
2024,16616,"Odunze, Rome",WR,9,16,1.825,5.228,-21.3,43.4,-1.87,3.82
2024,15319,"Palmer, Joshua",WR,11,15,2.807,3.936,-21.3,13.4,-1.88,1.18
2024,15714,"White, Zamir",RB,4,8,0.503,0.868,-24.7,0.0,-2.18,0.0
2024,14067,"Minshew, Gardner",QB,5,10,0.764,2.242,-28.2,14.2,-2.48,1.25
2024,13113,"Watson, Deshaun",QB,7,7,1.634,1.634,-32.2,1.5,-2.84,0.13
2025,13130,"McCaffrey, Christian",RB,16,16,13.306,13.306,278.3,278.3,24.49,24.49
2025,16211,"Nacua, Puka",WR,15,15,12.139,12.139,255.2,258.5,22.46,22.75
2025,16185,"Smith-Njigba, Jaxon",WR,16,16,13.037,13.037,250.3,254.0,22.02,22.36
2025,14802,"Taylor, Jonathan",RB,16,16,11.096,11.096,241.5,242.2,21.25,21.31
2025,16161,"Robinson, Bijan",RB,15,16,11.047,11.95,222.9,247.0,19.62,21.74
2025,16162,"Gibbs, Jahmyr",RB,16,16,10.182,10.182,219.1,225.4,19.28,19.83
2025,13198,"Garrett, Myles",DL,16,16,10.899,10.899,211.5,211.5,18.61,18.61
2025,15281,"Chase, Ja'Marr",WR,15,15,10.701,10.701,198.0,205.0,17.43,18.04
2025,15794,"McBride, Trey",TE,16,16,13.27,13.27,197.8,200.3,17.41,17.63
2025,16167,"Achane, De'Von",RB,16,16,11.796,11.796,196.9,196.9,17.33,17.33
2025,13589,"Allen, Josh",QB,16,16,9.795,9.795,193.7,216.8,17.05,19.08
2025,16414,"Aubrey, Brandon",PK,16,16,9.455,9.455,191.0,191.0,16.81,16.81
2025,15287,"St. Brown, Amon-Ra",WR,16,16,10.842,10.842,189.8,199.8,16.7,17.58
2025,14171,"Burns, Brian",DL,16,16,11.567,11.567,187.0,187.0,16.46,16.46
2025,15715,"Cook, James",RB,16,16,10.775,10.775,184.4,187.7,16.23,16.52
2025,16580,"Maye, Drake",QB,16,16,10.225,10.225,180.7,181.5,15.9,15.97
2025,14225,"Crosby, Maxx",DL,15,15,10.82,10.82,180.5,180.5,15.88,15.88
2025,15979,"Dicker, Cameron",PK,16,16,9.0,9.0,178.2,178.2,15.68,15.68
2025,14892,"Brooks, Jordyn",LB,16,16,11.417,11.417,170.5,170.5,15.0,15.0
2025,12620,"Prescott, Dak",QB,16,16,10.083,10.083,167.7,182.0,14.76,16.02
2025,15762,"Pickens, George",WR,13,16,9.094,10.751,162.4,185.8,14.29,16.35
2025,9431,"Stafford, Matthew",QB,13,16,8.97,10.778,160.7,205.0,14.14,18.04
2025,16245,"Battle, Jordan",DB,16,16,10.401,10.401,159.1,159.1,14.0,14.0
2025,16681,"Reichard, Will",PK,16,16,8.273,8.273,158.4,158.4,13.94,13.94
2025,10775,"Wagner, Bobby",LB,16,16,10.675,10.675,157.5,157.5,13.86,13.86
2025,15839,"Cross, Nick",DB,16,16,9.888,9.888,157.2,157.2,13.83,13.83
2025,15868,"Jones, Marcus",DB,16,16,8.594,8.594,156.3,156.3,13.75,13.75
2025,16223,"Anderson, Will",DL,16,16,9.448,9.448,155.5,155.5,13.68,13.68
2025,12437,"Myers, Jason",PK,12,16,8.909,11.576,155.4,207.0,13.68,18.22
2025,12626,"Henry, Derrick",RB,16,16,9.368,9.368,153.2,160.1,13.48,14.09
2025,15805,"Hutchinson, Aidan",DL,16,16,10.001,10.001,153.0,153.0,13.46,13.46
2025,14717,"McLaughlin, Chase",PK,16,16,7.364,7.364,152.8,152.8,13.45,13.45
2025,15452,"Hufanga, Talanoa",DB,16,16,9.304,9.304,149.9,149.9,13.19,13.19
2025,13714,"James, Derwin",DB,16,16,8.355,8.355,143.7,143.7,12.65,12.65
2025,15365,"Moehrig, Trevon",DB,15,15,8.882,8.882,142.1,142.1,12.5,12.5
2025,14908,"McKinney, Xavier",DB,16,16,8.598,8.598,141.6,141.6,12.46,12.46
2025,16239,"Campbell, Jack",LB,13,16,9.422,11.544,138.5,170.0,12.19,14.96
2025,13116,"Mahomes, Patrick",QB,14,14,8.426,8.426,138.0,153.5,12.14,13.51
2025,14893,"Baun, Zack",LB,16,16,8.856,8.856,138.0,138.0,12.14,12.14
2025,12752,"Byard, Kevin",DB,16,16,8.316,8.316,138.0,138.0,12.14,12.14
2025,16579,"Williams, Caleb",QB,16,16,8.64,8.64,136.7,152.7,12.03,13.44
2025,17241,"Crawshaw, Jeremy",PN,16,16,9.818,9.818,135.5,135.5,11.92,11.92
2025,16846,"Bates, Jake",PK,15,16,6.682,7.432,135.0,147.8,11.88,13.01
2025,15834,"Hamilton, Kyle",DB,15,15,7.98,7.98,134.8,134.8,11.86,11.86
2025,14783,"Hurts, Jalen",QB,16,16,9.232,9.232,133.3,148.2,11.73,13.04
2025,15001,"Curl, Kamren",DB,14,16,7.976,9.667,132.0,158.1,11.62,13.91
2025,15051,"Townsend, Tommy",PN,15,16,9.091,9.716,132.0,137.0,11.62,12.06
2025,11936,"Boswell, Chris",PK,15,16,6.636,7.553,131.0,147.2,11.53,12.95
2025,14168,"White, Devin",LB,13,16,8.324,10.266,130.5,156.0,11.48,13.73
2025,12611,"Goff, Jared",QB,16,16,8.355,8.355,129.1,146.6,11.36,12.9
2025,15754,"Olave, Chris",WR,11,16,7.35,10.175,127.2,153.0,11.19,13.47
2025,16708,"Smith, Tykee",DB,13,15,8.051,9.702,127.0,153.5,11.18,13.51
2025,15710,"Williams, Kyren",RB,16,16,9.672,9.672,126.1,128.3,11.1,11.29
2025,16680,"Little, Cam",PK,12,16,7.0,8.833,125.3,158.5,11.03,13.95
2025,16181,"Brown, Chase",RB,15,16,8.527,9.237,124.3,135.9,10.94,11.96
2025,14669,"Nixon, Keisean",DB,16,16,8.025,8.025,124.0,124.0,10.91,10.91
2025,13696,"Smith, Roquan",LB,14,14,7.475,7.475,123.5,123.5,10.87,10.87
2025,17222,"Loop, Tyler",PK,14,16,6.864,7.53,122.5,139.7,10.78,12.29
2025,16013,"Landman, Nate",LB,14,16,7.844,9.448,122.0,142.5,10.74,12.54
2025,13813,"Oluokun, Foyesade",LB,15,16,8.068,9.068,121.5,136.5,10.69,12.01
2025,16266,"Tuipulotu, Tuli",DL,13,16,6.958,8.769,121.0,152.5,10.65,13.42
2025,15253,"Etienne, Travis",RB,16,16,9.183,9.183,119.8,124.6,10.54,10.96
2025,15404,"Jones, Ernest",LB,12,14,6.705,7.573,119.5,133.0,10.52,11.7
2025,13713,"Fitzpatrick, Minkah",DB,13,14,6.955,7.697,118.4,130.1,10.42,11.45
2025,11675,"Adams, Davante",WR,14,14,8.679,8.679,117.4,119.6,10.33,10.52
2025,16653,"Verse, Jared",DL,14,16,7.236,7.871,117.0,123.0,10.3,10.82
2025,15290,"Collins, Nico",WR,15,15,9.252,9.252,116.6,121.0,10.26,10.65
2025,15355,"Bolton, Nick",LB,14,16,7.288,8.931,116.5,137.5,10.25,12.1
2025,13214,"Watt, T.J.",DL,12,13,7.596,8.281,115.5,122.0,10.16,10.74
2025,14927,"Chinn, Jeremy",DB,13,15,7.007,8.455,114.8,138.2,10.1,12.16
2025,14073,"Jacobs, Josh",RB,15,15,8.297,8.297,113.8,129.0,10.01,11.36
2025,14249,"Van Ginkel, Andrew",DL,11,11,7.693,7.693,113.5,113.5,9.99,9.99
2025,16244,"Branch, Brian",DB,11,12,7.147,7.612,113.4,121.0,9.98,10.65
2025,13251,"Baker, Budda",DB,12,15,7.217,8.548,113.0,134.3,9.94,11.82
2025,10768,"David, Lavonte",LB,15,16,7.23,7.675,113.0,120.0,9.94,10.56
2025,14163,"Simmons, Jeffery",DL,10,14,6.818,9.468,112.8,154.3,9.93,13.58
2025,14104,"Brown, A.J.",WR,15,15,8.437,8.437,112.5,130.6,9.9,11.49
2025,14779,"Herbert, Justin",QB,16,16,8.104,8.104,112.4,129.4,9.89,11.39
2025,15698,"Purdy, Brock",QB,8,8,5.669,5.669,112.2,115.0,9.87,10.12
2025,12225,"Williams, Leonard",DL,16,16,7.983,7.983,111.0,111.0,9.77,9.77
2025,13604,"Barkley, Saquon",RB,16,16,8.447,8.447,106.4,113.4,9.36,9.98
2025,15418,"Bynum, Camryn",DB,14,16,6.534,7.843,106.2,126.3,9.35,11.11
2025,15861,"Bonitto, Nik",DL,12,16,7.14,8.864,105.5,125.5,9.28,11.04
2025,10816,"Davis, Demario",LB,14,16,6.656,7.79,105.5,121.0,9.28,10.65
2025,15237,"Lawrence, Trevor",QB,12,16,6.558,8.62,104.5,155.5,9.2,13.68
2025,16582,"Nix, Bo",QB,14,16,6.966,8.56,104.6,153.3,9.2,13.49
2025,14823,"Dowdle, Rico",RB,11,16,6.357,7.146,104.0,108.4,9.15,9.54
2025,15256,"Williams, Javonte",RB,15,16,8.733,9.612,103.9,120.1,9.14,10.57
2025,17042,"Jeanty, Ashton",RB,16,16,7.621,7.621,101.8,112.8,8.96,9.93
2025,16724,"Taylor, Tory",PN,15,16,8.318,8.902,101.0,109.0,8.89,9.59
2025,15872,"Bryant, Coby",DB,14,14,5.935,5.935,100.3,100.3,8.83,8.83
2025,14909,"Winfield, Antoine",DB,12,16,6.286,8.44,99.4,133.5,8.75,11.75
2025,15757,"Robinson, Wan'Dale",WR,16,16,7.903,7.903,99.1,112.3,8.72,9.89
2025,16672,"Lassiter, Kamari",DB,10,16,6.324,9.722,98.4,156.3,8.66,13.75
2025,14797,"Swift, D'Andre",RB,13,15,7.252,8.024,97.6,112.2,8.59,9.87
2025,13987,"Spillane, Robert",LB,13,13,5.739,5.739,97.0,97.0,8.54,8.54
2025,16276,"Young, Byron",DL,12,16,6.827,9.78,96.5,149.5,8.49,13.16
2025,14472,"Dodson, Tyrel",LB,10,13,6.571,8.374,96.0,123.5,8.45,10.87
2025,14910,"Jones, Brandon",DB,12,14,5.592,6.172,94.0,104.9,8.27,9.23
2025,12616,"Brissett, Jacoby",QB,11,13,6.45,6.45,93.4,97.5,8.22,8.58
2025,17032,"Dart, Jaxson",QB,11,13,5.876,5.876,91.9,108.6,8.09,9.56
2025,15808,"Karlaftis, George",DL,15,16,6.418,7.043,91.0,100.5,8.01,8.84
2025,15428,"Sherwood, Jamien",LB,11,16,5.504,8.341,91.0,136.0,8.01,11.97
2025,16675,"DeJean, Cooper",DB,10,16,5.442,9.032,90.9,146.9,8.0,12.93
2025,16194,"Rice, Rashee",WR,8,8,5.655,5.655,90.3,91.2,7.95,8.02
2025,15846,"Walker, Quay",LB,11,14,5.671,7.822,90.0,119.5,7.92,10.52
2025,14303,"Elliss, Kaden",LB,13,16,5.409,7.243,90.0,118.0,7.92,10.38
2025,13782,"Dickson, Michael",PN,13,13,6.682,6.682,88.0,88.0,7.74,7.74
2025,14251,"Cashman, Blake",LB,9,12,6.064,7.91,88.0,109.5,7.74,9.64
2025,16641,"Bowers, Brock",TE,12,12,8.167,8.167,84.7,91.7,7.45,8.07
2025,14896,"Queen, Patrick",LB,14,16,5.386,7.053,84.5,112.5,7.44,9.9
2025,13697,"Edmunds, Tremaine",LB,9,12,5.906,7.794,84.5,120.0,7.44,10.56
2025,15708,"Hall, Breece",RB,16,16,7.562,7.562,84.4,97.4,7.43,8.57
2025,11985,"Way, Tress",PN,11,16,6.773,10.023,84.0,128.0,7.39,11.26
2025,14907,"Delpit, Grant",DB,11,16,4.686,6.409,82.9,119.7,7.3,10.53
2025,16241,"Witherspoon, Devon",DB,10,11,5.243,6.243,82.3,101.9,7.24,8.97
2025,13590,"Mayfield, Baker",QB,16,16,8.134,8.134,82.2,110.4,7.23,9.72
2025,14832,"Lamb, CeeDee",WR,11,13,6.74,8.358,82.0,120.0,7.21,10.56
2025,13700,"Landry, Harold",DL,12,15,5.808,7.275,80.5,103.0,7.08,9.06
2025,15923,"Lake, Quentin",DB,8,10,4.724,5.929,80.0,99.3,7.04,8.74
2025,12860,"Fairbairn, Ka'imi",PK,6,14,4.5,9.625,79.9,176.5,7.03,15.53
2025,14136,"Samuel, Deebo",WR,15,15,7.895,7.895,78.9,88.0,6.95,7.74
2025,14835,"Higgins, Tee",WR,11,14,6.089,7.192,78.7,93.4,6.92,8.22
2025,12221,"Hunter, Danielle",DL,12,16,5.129,8.285,78.5,139.5,6.91,12.28
2025,15751,"London, Drake",WR,10,11,5.609,6.609,78.3,122.7,6.89,10.8
2025,14842,"Pittman, Michael",WR,16,16,7.815,7.815,75.9,98.7,6.68,8.69
2025,13299,"Kittle, George",TE,10,10,6.431,6.431,75.7,89.2,6.66,7.85
2025,15282,"Smith, DeVonta",WR,15,16,7.497,7.659,75.5,91.1,6.65,8.02
2025,17112,"Carter, Abdul",DL,10,16,4.544,6.152,75.0,92.0,6.6,8.1
2025,15284,"Waddle, Jaylen",WR,16,16,8.239,8.239,74.8,93.0,6.58,8.19
2025,14182,"Hooker, Amani",DB,11,14,4.677,6.709,74.7,108.3,6.57,9.53
2025,17147,"Schwesinger, Carson",LB,8,16,5.268,9.798,74.5,147.0,6.56,12.94
2025,16206,"Wilson, Michael",WR,6,16,4.219,7.059,74.2,106.7,6.53,9.39
2025,17043,"Henderson, TreVeyon",RB,14,16,5.93,6.215,74.1,90.5,6.52,7.96
2025,16330,"Baringer, Bryce",PN,11,13,5.636,6.97,74.0,89.0,6.51,7.83
2025,13869,"Bojorquez, Corey",PN,11,13,5.773,6.856,74.0,84.0,6.51,7.39
2025,13719,"Pineiro, Eddy",PK,8,13,4.682,8.39,74.0,139.7,6.51,12.29
2025,13354,"Butker, Harrison",PK,9,13,3.818,5.443,73.5,103.1,6.47,9.07
2025,15484,"Cooper, Jonathon",DL,13,16,5.643,7.499,73.0,97.5,6.42,8.58
2025,16280,"Henley, Daiyan",LB,11,16,3.529,6.278,72.0,112.5,6.34,9.9
2025,14590,"Al-Shaair, Azeez",LB,10,15,4.823,7.092,71.0,104.5,6.25,9.2
2025,14954,"Hawkins, Jaylinn",DB,10,14,4.277,7.016,70.9,115.0,6.24,10.12
2025,14940,"Highsmith, Alex",DL,7,12,4.621,7.536,70.0,117.0,6.16,10.3
2025,14059,"Jones, Daniel",QB,12,13,5.998,6.873,69.9,105.2,6.15,9.26
2025,14149,"Gary, Rashan",DL,12,15,5.271,7.214,69.5,97.0,6.12,8.54
2025,11769,"Lawrence, Demarcus",DL,11,15,5.022,8.053,69.5,125.5,6.12,11.04
2025,16667,"Gray, Cedric",LB,7,15,4.896,9.573,68.5,146.5,6.03,12.89
2025,15380,"Campbell, Tyson",DB,9,15,3.99,8.074,67.8,129.0,5.97,11.35
2025,13630,"Sutton, Courtland",WR,11,16,6.124,9.038,67.4,114.1,5.93,10.04
2025,15003,"Stone, Geno",DB,7,16,3.47,8.15,67.4,144.8,5.93,12.74
2025,17132,"Starks, Malaki",DB,11,16,3.606,6.23,67.0,105.6,5.9,9.29
2025,15394,"Adebo, Paulson",DB,7,9,4.063,5.165,66.4,84.3,5.84,7.42
2025,14782,"Love, Jordan",QB,14,15,6.535,7.209,66.2,108.3,5.83,9.53
2025,17071,"McMillan, Tetairoa",WR,10,16,5.626,8.09,65.1,94.1,5.73,8.28
2025,15350,"Parsons, Micah",DL,8,14,3.907,6.953,65.0,113.5,5.72,9.99
2025,15756,"Williams, Jameson",WR,13,16,6.573,8.332,64.8,120.3,5.7,10.59
2025,17081,"Egbuka, Emeka",WR,14,16,6.582,7.621,64.5,92.6,5.68,8.15
2025,14210,"Pratt, Germaine",LB,8,15,4.2,8.347,64.0,128.0,5.63,11.26
2025,17044,"Hampton, Omarion",RB,9,9,4.636,4.636,63.5,68.7,5.59,6.05
2025,17068,"Harvey, RJ",RB,10,16,4.979,7.147,63.5,91.5,5.59,8.05
2025,16252,"McDonald, Will",DL,12,15,3.751,5.574,62.5,90.5,5.5,7.96
2025,13837,"Franklin, Zaire",LB,9,15,4.063,6.741,62.5,104.5,5.5,9.2
2025,16190,"Flowers, Zay",WR,11,16,5.794,8.648,62.3,106.3,5.48,9.36
2025,14412,"Singleton, Alex",LB,9,13,3.76,5.787,62.0,89.0,5.46,7.83
2025,15032,"Fox, Jack",PN,9,16,4.364,8.572,62.0,127.0,5.46,11.18
2025,16295,"Conner, Chamarri",DB,8,16,3.716,8.967,61.7,146.9,5.43,12.93
2025,14836,"Jefferson, Justin",WR,16,16,7.749,7.749,61.4,77.3,5.4,6.8
2025,15850,"Pitre, Jalen",DB,7,12,3.924,6.579,61.3,106.7,5.39,9.39
2025,12323,"Pinion, Bradley",PN,6,16,3.818,9.943,61.0,141.0,5.37,12.41
2025,16700,"Bishop, Cole",DB,8,16,3.599,7.982,60.7,130.0,5.34,11.44
2025,12842,"Dixon, Riley",PN,8,16,4.409,8.576,60.0,116.0,5.28,10.21
2025,16696,"Cooper, Edgerrin",LB,8,15,4.128,6.719,59.0,104.5,5.19,9.2
2025,14489,"Gillan, Jamie",PN,12,15,4.955,5.788,58.7,71.0,5.17,6.25
2025,16627,"McConkey, Ladd",WR,16,16,7.31,7.31,58.5,82.9,5.15,7.29
2025,14218,"Okereke, Bobby",LB,9,13,3.579,6.165,58.0,94.5,5.1,8.32
2025,11383,"Martin, Sam",PN,7,16,4.864,9.822,58.0,126.0,5.1,11.09
2025,13268,"Anzalone, Alex",LB,9,16,3.613,6.525,58.0,105.5,5.1,9.28
2025,14148,"Sweat, Montez",DL,7,16,3.713,8.859,57.5,132.0,5.06,11.62
2025,16616,"Odunze, Rome",WR,12,12,5.716,5.716,56.0,78.0,4.93,6.86
2025,15387,"Werner, Pete",LB,11,16,2.907,5.572,56.0,95.0,4.93,8.36
2025,15742,"Warren, Jaylen",RB,13,15,6.279,7.693,55.6,85.4,4.89,7.51
2025,15255,"Gainwell, Kenneth",RB,6,16,3.501,7.093,55.0,95.7,4.84,8.42
2025,16598,"Irving, Bucky",RB,9,9,4.69,4.69,54.1,55.6,4.76,4.9
2025,13743,"Warner, Fred",LB,6,6,3.099,3.099,54.0,54.0,4.75,4.75
2025,13592,"Darnold, Sam",QB,13,16,5.757,7.06,53.8,109.9,4.73,9.67
2025,11244,"Kelce, Travis",TE,14,16,8.26,9.29,53.1,76.2,4.67,6.7
2025,17171,"Dike, Chimere",WR,6,16,3.928,6.677,52.3,73.9,4.61,6.5
2025,15799,"Ferguson, Jake",TE,15,16,8.769,9.126,51.7,79.8,4.55,7.02
2025,16192,"Washington, Parker",WR,6,15,3.699,7.273,51.7,90.0,4.55,7.92
2025,13674,"Goedert, Dallas",TE,14,15,7.784,8.451,51.1,78.5,4.5,6.91
2025,17051,"Judkins, Quinshon",RB,11,14,4.874,5.94,51.1,72.1,4.5,6.34
2025,16222,"Kraft, Tucker",TE,7,8,4.236,4.636,50.8,60.7,4.47,5.35
2025,16799,"Bethune, Tatum",LB,6,13,3.592,4.609,50.5,69.5,4.44,6.12
2025,13593,"Jackson, Lamar",QB,12,12,5.485,5.485,50.3,90.6,4.43,7.97
2025,17339,"McNamara, Austin",PN,6,16,3.545,9.837,50.3,135.3,4.43,11.91
2025,14322,"Edwards, T.J.",LB,6,9,2.564,3.521,49.0,68.0,4.31,5.98
2025,14102,"Metcalf, DK",WR,11,15,5.76,8.17,48.1,86.0,4.23,7.57
2025,14217,"Barton, Cody",LB,10,16,2.617,5.704,48.0,98.5,4.22,8.67
2025,17103,"Fannin, Harold",TE,12,16,6.864,8.86,47.7,67.5,4.2,5.94
2025,14882,"Greenard, Jonathan",DL,6,11,3.173,4.896,47.5,68.0,4.18,5.98
2025,14127,"Meyers, Jakobi",WR,9,15,5.351,7.189,46.6,52.9,4.1,4.66
2025,15368,"McPherson, Evan",PK,6,16,2.636,7.386,46.0,141.8,4.05,12.48
2025,16843,"Mevis, Harrison",PK,5,8,2.591,3.758,45.4,67.6,4.0,5.95
2025,16150,"Stroud, C.J.",QB,13,13,5.273,5.273,45.2,71.7,3.98,6.31
2025,12186,"Diggs, Stefon",WR,13,16,5.656,8.154,44.8,104.9,3.94,9.23
2025,14179,"Love, Julian",DB,4,5,2.612,2.719,44.7,47.0,3.93,4.14
2025,15753,"Wilson, Garrett",WR,7,7,3.674,3.674,44.6,56.2,3.92,4.95
2025,16314,"Dennis, SirVocea",LB,7,15,3.109,7.575,44.5,114.5,3.92,10.08
2025,13980,"Badgley, Mike",PK,5,7,3.0,3.667,43.7,55.4,3.85,4.88
2025,16581,"Daniels, Jayden",QB,6,7,2.962,3.067,43.6,43.6,3.84,3.84
2025,17144,"Emmanwori, Nick",DB,5,13,2.775,7.513,43.4,127.2,3.82,11.19
2025,15761,"Shakir, Khalil",WR,15,16,6.513,7.063,43.2,70.3,3.81,6.18
2025,13284,"Hendrickson, Trey",DL,7,7,3.119,3.119,43.0,43.0,3.78,3.78
2025,13690,"Sweat, Josh",DL,7,14,3.159,7.46,43.0,106.0,3.78,9.33
2025,14877,"Young, Chase",DL,3,10,2.512,6.013,43.0,93.0,3.78,8.18
2025,13635,"Moore, D.J.",WR,16,16,6.741,6.741,42.9,74.2,3.77,6.53
2025,17102,"Warren, Tyler",TE,16,16,9.175,9.175,42.7,61.3,3.76,5.39
2025,11222,"Allen, Keenan",WR,11,16,4.627,6.855,42.6,67.1,3.74,5.91
2025,17045,"Skattebo, Cam",RB,5,8,2.696,3.897,42.5,63.9,3.74,5.63
2025,16676,"Kinchens, Kamren",DB,7,14,2.274,6.301,42.4,106.0,3.73,9.33
2025,14860,"Jennings, Jauan",WR,9,14,4.608,6.554,40.8,68.8,3.59,6.06
2025,9064,"Flacco, Joe",QB,9,12,3.715,3.804,40.4,74.4,3.56,6.55
2025,17131,"Watts, Xavier",DB,4,16,2.358,7.739,40.4,133.7,3.56,11.77
2025,10945,"Hekker, Johnny",PN,7,13,3.136,6.72,40.0,86.0,3.52,7.57
2025,14085,"Pollard, Tony",RB,6,16,3.006,6.342,39.7,60.4,3.5,5.31
2025,13737,"Bates, Jessie",DB,7,15,1.877,6.495,39.2,115.9,3.45,10.2
2025,14147,"Bosa, Nick",DL,3,3,2.08,2.08,39.0,39.0,3.43,3.43
2025,14928,"Wilson, Logan",LB,7,12,2.332,2.675,39.0,52.0,3.43,4.58
2025,15789,"Watson, Christian",WR,6,10,3.3,5.228,38.1,65.0,3.36,5.72
2025,16677,"Bullard, Javon",DB,7,16,1.953,5.693,38.0,100.0,3.34,8.8
2025,17167,"Sanker, Jonas",DB,6,16,2.103,6.249,37.9,110.4,3.34,9.72
2025,15238,"Fields, Justin",QB,7,9,3.647,3.927,37.6,65.1,3.31,5.73
2025,16703,"Phillips, Andru",DB,8,16,1.646,6.214,36.9,114.4,3.25,10.07
2025,12688,"Buckner, DeForest",DL,4,9,2.618,5.293,36.5,79.0,3.21,6.95
2025,13759,"Armstrong, Dorance",DL,5,7,2.552,4.129,35.5,58.5,3.12,5.15
2025,12686,"Bosa, Joey",DL,8,13,2.826,5.508,35.5,74.5,3.12,6.56
2025,14256,"Bailey, Jake",PN,6,13,2.636,6.386,35.0,93.0,3.08,8.18
2025,15821,"Dean, Nakobe",LB,4,10,2.396,5.075,35.0,70.0,3.08,6.16
2025,15869,"Bernard, Terrel",LB,4,10,2.037,4.091,34.5,72.5,3.04,6.38
2025,14995,"Metellus, Josh",DB,5,13,1.825,6.382,34.3,103.2,3.02,9.08
2025,16757,"Vidal, Kimani",RB,7,12,3.346,4.438,34.3,61.6,3.02,5.42
2025,14861,"Johnson, Juwan",TE,12,16,7.04,8.898,34.1,57.6,3.0,5.07
2025,13806,"Elliott, DeShon",DB,4,5,2.128,3.128,34.1,55.4,3.0,4.88
2025,15076,"Rozeboom, Christian",LB,6,14,1.928,6.201,34.0,101.0,2.99,8.89
2025,14405,"Granderson, Carl",DL,11,15,2.604,5.333,33.5,86.0,2.95,7.57
2025,16614,"Harrison Jr., Marvin",WR,11,12,4.684,4.942,32.4,54.0,2.85,4.76
2025,14071,"Montgomery, David",RB,10,16,3.532,5.294,31.6,58.7,2.78,5.16
2025,14921,"Dugger, Kyle",DB,3,12,1.771,2.544,31.2,58.5,2.75,5.15
2025,14800,"Dobbins, J.K.",RB,9,10,3.624,4.279,31.1,42.8,2.74,3.76
2025,17185,"Buchanan, Teddye",LB,5,13,1.887,5.049,31.0,81.0,2.73,7.13
2025,16450,"Thomas, Drake",LB,3,16,2.189,6.564,31.0,104.5,2.73,9.2
2025,12956,"Lutz, Wil",PK,5,13,1.182,5.182,30.7,102.8,2.7,9.05
2025,14169,"Wilson, Mack",LB,4,8,1.954,4.156,30.5,65.5,2.68,5.76
2025,14897,"Brown, Derrick",DL,7,14,2.605,6.012,30.5,81.5,2.68,7.17
2025,15241,"Jones, Mac",QB,6,10,2.765,4.109,30.4,64.7,2.68,5.69
2025,16615,"Nabers, Malik",WR,4,4,1.748,1.748,30.4,38.8,2.67,3.42
2025,16148,"Young, Bryce",QB,14,15,5.317,5.4,30.3,73.8,2.67,6.49
2025,15473,"McDuffie, Isaiah",LB,3,13,2.165,4.245,29.5,66.0,2.6,5.81
2025,15884,"Stout, Jordan",PN,6,13,2.5,7.875,29.0,103.0,2.55,9.06
2025,16712,"Hunt, Jalyx",DL,3,15,2.224,7.355,29.0,99.0,2.55,8.71
2025,14170,"Bush, Devin",LB,3,16,1.901,8.329,28.5,131.5,2.51,11.57
2025,15822,"Lloyd, Devin",LB,5,14,1.286,6.373,28.5,110.5,2.51,9.72
2025,12141,"Mariota, Marcus",QB,5,11,2.626,3.958,28.4,43.7,2.5,3.85
2025,11945,"Santos, Cairo",PK,4,11,1.273,5.106,28.3,107.8,2.49,9.49
2025,17277,"Fitzgerald, Ryan",PK,6,13,1.409,5.034,27.9,88.8,2.46,7.81
2025,14600,"Slye, Joey",PK,4,12,1.818,6.402,27.7,113.1,2.44,9.95
2025,11671,"Evans, Mike",WR,7,7,3.705,3.705,27.3,35.7,2.4,3.14
2025,15711,"Walker III, Kenneth",RB,14,16,4.467,5.755,26.7,67.6,2.35,5.95
2025,16186,"Addison, Jordan",WR,9,13,3.67,5.777,26.1,48.6,2.3,4.28
2025,12801,"Hill, Tyreek",WR,4,4,2.274,2.274,26.0,26.0,2.29,2.29
2025,16351,"Evans, Ethan",PN,4,13,2.0,6.792,26.0,91.0,2.29,8.01
2025,15835,"Brisker, Jaquan",DB,4,13,1.467,5.165,25.8,88.7,2.27,7.81
2025,16188,"Johnston, Quentin",WR,7,14,3.105,6.985,25.6,85.7,2.25,7.54
2025,15259,"Stevenson, Rhamondre",RB,10,13,3.315,4.311,25.4,61.5,2.24,5.42
2025,14227,"Wishnowsky, Mitch",PN,5,9,2.045,4.462,25.0,55.0,2.2,4.84
2025,16169,"Charbonnet, Zach",RB,7,15,2.728,5.525,24.9,62.9,2.19,5.54
2025,15815,"Walker, Travon",DL,5,13,1.532,4.696,24.5,66.0,2.16,5.81
2025,17207,"Sigle, Marques",DB,3,11,1.323,3.39,24.2,62.0,2.13,5.46
2025,16896,"Shrader, Spencer",PK,3,5,1.273,3.106,24.0,59.6,2.11,5.24
2025,16214,"LaPorta, Sam",TE,8,9,4.577,5.444,23.9,42.5,2.1,3.74
2025,16618,"Thomas Jr., Brian",WR,10,13,3.932,5.107,23.5,38.8,2.07,3.41
2025,13303,"Elliott, Jake",PK,4,13,1.5,5.417,23.2,98.8,2.04,8.69
2025,17352,"Kroeger, Kai",PN,6,13,1.773,5.773,23.0,73.0,2.02,6.42
2025,13844,"Cooke, Logan",PN,4,14,1.273,6.106,23.0,81.0,2.02,7.13
2025,17186,"Moore, Malachi",DB,2,15,1.541,5.943,23.0,101.6,2.02,8.94
2025,15875,"Belton, Dane",DB,3,15,1.255,7.53,22.8,123.2,2.01,10.84
2025,15401,"Wright, Nahshon",DB,3,13,1.456,8.167,22.7,125.3,2.0,11.03
2025,14221,"Williams, Quincy",LB,3,12,1.494,6.281,22.5,91.0,1.98,8.01
2025,14630,"Cole, A.J.",PN,6,13,1.727,6.394,21.0,91.0,1.85,8.01
2025,17201,"James, Shemar",LB,3,10,1.044,2.874,21.0,55.5,1.85,4.88
2025,16102,"Pola-Mao, Isaiah",DB,2,13,1.141,5.232,20.6,95.0,1.81,8.36
2025,16432,"Wilson, Emanuel",RB,1,16,0.967,2.983,20.5,33.1,1.81,2.91
2025,15694,"Willis, Malik",QB,1,3,0.905,1.038,20.5,20.5,1.8,1.8
2025,15668,"Waitman, Corliss",PN,3,13,1.591,6.466,20.0,79.0,1.76,6.95
2025,12772,"Murray, Eric",DB,3,8,1.063,2.97,19.9,52.8,1.75,4.65
2025,15252,"Mills, Davis",QB,1,5,0.9,1.987,19.2,26.5,1.69,2.33
2025,16080,"Shaheed, Rashid",WR,12,17,4.709,7.455,19.1,70.3,1.68,6.18
2025,16747,"Tracy, Tyrone",RB,4,14,1.869,4.33,19.0,41.9,1.67,3.69
2025,15911,"Araiza, Matt",PN,4,16,1.182,7.348,19.0,106.0,1.67,9.33
2025,17124,"Carter, Barrett",LB,3,14,1.281,4.228,19.0,73.5,1.67,6.47
2025,16228,"Smith, Nolan",DL,4,11,1.422,3.614,19.0,45.5,1.67,4.0
2025,16927,"Redmond, Jalen",DL,2,15,1.117,7.991,18.5,114.5,1.63,10.08
2025,14518,"Thompson, Jalen",DB,3,13,0.786,6.247,18.2,105.0,1.6,9.24
2025,13681,"Chubb, Bradley",DL,3,13,1.539,5.804,18.0,78.0,1.58,6.86
2025,13447,"Wilson, Eric",LB,3,15,0.741,7.79,18.0,125.0,1.58,11.0
2025,16303,"Herbig, Nick",DL,2,12,1.212,6.823,18.0,101.5,1.58,8.93
2025,15972,"Mason, Jordan",RB,7,15,2.416,3.904,17.8,33.4,1.57,2.94
2025,11721,"Mack, Khalil",DL,3,10,1.183,4.995,17.5,62.0,1.54,5.46
2025,14167,"Hines-Allen, Josh",DL,4,16,1.345,8.002,17.5,111.5,1.54,9.81
2025,14244,"Gay, Matt",PK,3,12,0.909,5.242,17.4,93.3,1.53,8.21
2025,14109,"McLaurin, Terry",WR,7,9,2.931,4.467,17.1,39.6,1.5,3.48
2025,14888,"Chaisson, K'Lavon",DL,5,12,1.331,5.01,17.0,76.5,1.5,6.73
2025,15864,"Wright, Alex",DL,2,10,1.105,3.942,17.0,56.0,1.5,4.93
2025,15261,"Hubbard, Chuba",RB,6,13,2.177,4.248,16.9,38.3,1.49,3.37
2025,15712,"Allgeier, Tyler",RB,6,16,2.397,4.285,16.9,32.6,1.49,2.87
2025,16655,"Robinson, Chop",DL,7,15,1.256,3.606,16.5,45.5,1.45,4.0
2025,14153,"Allen, Zach",DL,4,13,1.344,5.639,16.0,75.0,1.41,6.6
2025,15349,"Phillips, Jaelan",DL,3,14,1.335,6.603,16.0,86.0,1.41,7.57
2025,10703,"Wilson, Russell",QB,2,6,1.0,1.319,15.3,24.6,1.35,2.16
2025,14056,"Murray, Kyler",QB,5,5,1.874,1.874,15.2,15.6,1.34,1.37
2025,17104,"Loveland, Colston",TE,4,15,2.514,6.385,15.1,51.5,1.33,4.53
2025,15817,"Davis, Jordan",DL,3,16,1.139,8.156,15.0,116.0,1.32,10.21
2025,16887,"Rehkow, Ryan",PN,4,14,0.727,6.936,15.0,104.0,1.32,9.15
2025,14224,"Gardner-Johnson, Chauncey",DB,3,12,0.826,5.423,14.0,104.0,1.23,9.15
2025,14157,"Williams, Quinnen",DL,3,12,1.263,5.528,13.5,76.0,1.19,6.69
2025,17220,"Borregales, Andres",PK,1,14,0.909,6.076,13.3,118.8,1.17,10.45
2025,16725,"Mustapha, Malik",DB,2,10,0.914,5.026,13.3,79.8,1.17,7.02
2025,10292,"Jordan, Cameron",DL,5,13,1.078,5.204,13.0,80.0,1.14,7.04
2025,14777,"Burrow, Joe",QB,5,7,2.07,3.631,12.2,62.0,1.07,5.46
2025,14108,"Dortch, Greg",WR,1,12,0.744,3.955,12.1,36.3,1.07,3.19
2025,12676,"Henry, Hunter",TE,12,16,5.382,7.183,12.1,61.7,1.06,5.43
2025,16018,"Blankenship, Reed",DB,3,13,0.408,5.766,12.0,98.1,1.06,8.63
2025,13704,"Nwosu, Uchenna",DL,2,12,1.093,5.179,12.0,64.0,1.06,5.63
2025,11150,"Smith, Geno",QB,3,15,1.081,4.159,11.9,46.2,1.05,4.07
2025,17256,"Croskey-Merritt, Jacory",RB,7,16,2.328,4.272,11.8,54.0,1.04,4.75
2025,17046,"Neal, Devin",RB,3,10,1.254,1.926,11.8,13.9,1.03,1.22
2025,15388,"Ossai, Joseph",DL,2,14,0.84,6.5,11.5,83.0,1.01,7.3
2025,16452,"Whelan, Daniel",PN,1,13,0.818,6.527,11.0,77.0,0.97,6.78
2025,15499,"Gillikin, Blake",PN,1,5,0.727,3.102,11.0,47.0,0.97,4.14
2025,13791,"Scott, J.K.",PN,2,15,0.636,6.886,11.0,90.0,0.97,7.92
2025,15721,"White, Rachaad",RB,5,16,1.86,4.051,11.0,33.2,0.97,2.92
2025,16010,"Wright, Ryan",PN,3,15,0.864,7.864,11.0,106.0,0.97,9.33
2025,14158,"Oliver, Ed",DL,1,3,0.808,2.452,10.5,40.0,0.92,3.52
2025,16670,"McKinstry, Kool-Aid",DB,1,14,0.633,6.77,9.8,110.7,0.86,9.74
2025,16189,"Mims, Marvin",WR,4,14,1.678,5.059,9.5,30.2,0.84,2.66
2025,10700,"Cousins, Kirk",QB,7,9,2.745,2.828,9.4,31.7,0.83,2.79
2025,11247,"Ertz, Zach",TE,12,13,5.534,6.068,9.2,42.2,0.81,3.72
2025,14789,"Huntley, Tyler",QB,2,3,0.779,0.866,8.6,8.6,0.76,0.76
2025,13146,"Conner, James",RB,3,3,0.985,0.985,8.2,9.8,0.72,0.87
2025,14328,"Wingard, Andrew",DB,1,12,0.483,5.636,8.1,99.1,0.71,8.72
2025,16679,"Nubin, Tyler",DB,1,11,0.552,4.737,7.9,79.7,0.7,7.01
2025,13952,"Luvu, Frankie",LB,2,13,0.353,4.657,8.0,76.0,0.7,6.69
2025,15258,"Carter, Michael",RB,2,12,0.992,3.4,7.4,17.7,0.65,1.56
2025,17053,"Marks, Woody",RB,10,15,3.217,4.858,7.0,48.6,0.62,4.27
2025,16288,"Blackmon, Mekhi",DB,1,13,0.536,4.877,6.9,86.4,0.61,7.6
2025,16694,"Fiske, Braden",DL,2,13,0.4,3.497,6.5,41.5,0.57,3.65
2025,16586,"Rattler, Spencer",QB,1,9,0.381,2.578,6.4,21.2,0.56,1.87
2025,13470,"Moore, Kenny",DB,1,10,0.345,4.369,6.4,73.5,0.56,6.47
2025,17074,"Hunter, Travis",WR,4,7,1.41,2.898,6.4,27.1,0.56,2.39
2025,15779,"Doubs, Romeo",WR,5,16,1.872,7.01,6.3,65.8,0.56,5.79
2025,16282,"Turner, Kobie",DL,1,14,0.35,4.874,6.0,66.0,0.53,5.81
2025,16234,"Simpson, Trenton",LB,3,13,0.037,1.751,6.0,36.5,0.53,3.21
2025,13289,"Hollins, Mack",WR,1,14,0.566,4.294,6.0,27.9,0.53,2.45
2025,14833,"Jeudy, Jerry",WR,11,16,3.539,4.802,5.8,33.1,0.51,2.92
2025,15768,"Pierce, Alec",WR,5,14,1.72,6.264,5.7,73.3,0.5,6.45
2025,15904,"Bland, DaRon",DB,1,12,0.317,6.018,5.7,105.4,0.5,9.28
2025,16719,"Williams, Evan",DB,1,14,0.233,7.88,5.5,125.1,0.48,11.01
2025,16594,"Benson, Trey",RB,1,4,0.429,1.073,5.2,5.2,0.46,0.46
2025,15352,"Collins, Zaven",DL,1,13,0.404,4.805,5.0,61.0,0.44,5.37
2025,10814,"Anger, Bryan",PN,2,16,0.318,6.527,5.0,83.0,0.44,7.3
2025,13610,"Chubb, Nick",RB,4,15,0.922,2.111,4.6,12.0,0.4,1.05
2025,13138,"Hunt, Kareem",RB,1,16,0.538,4.884,4.3,48.6,0.38,4.27
2025,13164,"Kupp, Cooper",WR,4,15,1.537,4.708,4.3,22.7,0.38,2.0
2025,15856,"Taylor, Alontae",DB,1,13,0.161,5.968,4.1,98.0,0.36,8.62
2025,14997,"Rodgers, Isaiah",DB,1,13,0.258,4.372,4.1,94.5,0.36,8.32
2025,13193,"Smith, Jonnu",TE,1,16,0.714,3.558,4.0,7.1,0.35,0.63
2025,17136,"Nolen, Walter",DL,2,5,0.321,2.569,4.0,33.5,0.35,2.95
2025,13319,"Jones, Aaron",RB,2,12,0.885,4.419,3.8,34.0,0.34,2.99
2025,16036,"Tonges, Jake",TE,2,16,0.667,4.437,3.9,34.2,0.34,3.01
2025,16187,"Downs, Josh",WR,11,15,3.943,5.4,3.8,36.1,0.33,3.17
2025,16775,"Karty, Joshua",PK,1,8,0.136,2.636,3.7,53.8,0.33,4.73
2025,14213,"Harris, Will",DB,1,5,0.067,1.694,3.6,30.7,0.32,2.7
2025,16236,"To'oTo'o, Henry",LB,1,13,0.115,4.464,3.5,70.5,0.31,6.2
2025,16346,"Winters, Dee",LB,1,13,0.038,5.29,3.5,82.0,0.31,7.22
2025,16383,"Pace, Ivan",LB,1,13,0.148,2.328,3.5,48.5,0.31,4.27
2025,16492,"Cherelus, Claudin",LB,1,11,0.12,0.77,3.5,16.5,0.31,1.45
2025,16619,"Franklin, Troy",WR,4,16,1.548,6.847,3.2,71.3,0.28,6.27
2025,16174,"Rodriguez, Chris",RB,2,12,0.625,2.351,3.1,15.3,0.28,1.34
2025,13772,"Schultz, Dalton",TE,5,16,2.075,8.276,2.9,64.4,0.26,5.66
2025,16207,"Iosivas, Andrei",WR,1,14,0.436,2.883,2.9,20.2,0.26,1.78
2025,13227,"Lewis, Jourdan",DB,1,10,0.129,3.863,2.6,69.4,0.23,6.11
2025,15391,"Williams, Milton",DL,1,11,0.346,4.455,2.5,54.0,0.22,4.75
2025,14247,"Greenlaw, Dre",LB,1,6,0.077,2.72,2.5,35.5,0.22,3.12
2025,8930,"Prater, Matt",PK,1,13,0.0,5.25,2.0,102.5,0.18,9.02
2025,16292,"Ryland, Chad",PK,1,13,0.182,6.015,2.0,101.8,0.18,8.96
2025,15622,"Robinson, Curtis",LB,1,13,0.02,1.328,2.0,26.5,0.18,2.33
2025,16178,"Mitchell, Keaton",RB,3,12,0.848,2.016,1.7,6.2,0.15,0.54
2025,17135,"Ezeiruaku, Donovan",DL,1,14,0.125,5.512,1.5,66.5,0.13,5.85
2025,17115,"Pearce, James",DL,1,14,0.075,4.826,1.5,61.0,0.13,5.37
2025,16663,"Eboigbe, Justin",DL,1,13,0.2,4.797,1.5,64.0,0.13,5.63
2025,14122,"Slayton, Darius",WR,1,13,0.389,3.304,1.4,15.6,0.13,1.37
2025,16278,"Diaby, YaYa",DL,1,13,0.173,5.656,1.0,80.5,0.09,7.08
2025,15802,"Otton, Cade",TE,3,15,1.519,5.201,1.0,23.5,0.09,2.07
2025,17174,"Walker, Deone",DL,1,13,0.12,4.067,1.0,53.0,0.09,4.66
2025,16622,"Pearsall, Ricky",WR,1,9,0.333,3.896,0.7,40.7,0.06,3.58
2025,16699,"Kneeland, Marshawn",DL,1,7,0.1,2.072,0.5,26.0,0.04,2.29
2025,14254,"Omenihu, Charles",DL,1,13,0.038,3.059,0.5,35.0,0.04,3.08
2025,15345,"Paye, Kwity",DL,1,13,0.1,3.841,0.5,55.0,0.04,4.84
2025,16583,"Penix Jr., Michael",QB,8,9,2.531,3.156,0.0,44.2,0.0,3.89
2025,15777,"Austin III, Calvin",WR,0,11,0.0,2.645,0.0,16.3,0.0,1.43
2025,15329,"Pitts, Kyle",TE,12,16,5.247,8.79,-0.0,102.9,-0.0,9.05
2025,16191,"Tillman, Cedric",WR,0,9,0.0,2.131,0.0,10.4,0.0,0.91
2025,17047,"Sampson, Dylan",RB,0,13,0.0,2.691,0.0,21.4,0.0,1.88
2025,12764,"Hargrave, Javon",DL,0,13,0.0,4.612,0.0,60.5,0.0,5.32
2025,16736,"Brownlee, Jarvis",DB,1,9,0.0,4.434,0.0,70.9,0.0,6.24
2025,15491,"Skowronek, Ben",WR,0,13,0.0,1.346,0.0,5.9,0.0,0.52
2025,13132,"Kamara, Alvin",RB,10,11,2.608,3.072,0.0,25.4,0.0,2.24
2025,16300,"McGuire, Isaiah",DL,0,13,0.0,4.117,0.0,54.0,0.0,4.75
2025,14235,"Tranquill, Drue",LB,0,13,0.0,4.044,0.0,70.5,0.0,6.2
2025,15895,"McCollum, Zyon",DB,0,12,0.0,5.933,0.0,89.0,0.0,7.83
2025,13723,"Payne, Da'Ron",DL,0,12,0.0,4.97,0.0,65.0,0.0,5.72
2025,14219,"Dean, Jamel",DB,0,11,0.0,4.662,0.0,81.5,0.0,7.17
2025,16316,"Kelly, Kyu Blu",DB,0,13,0.0,4.48,0.0,74.0,0.0,6.51
2025,14900,"Madubuike, Nnamdi",DL,0,2,0.0,1.385,0.0,19.0,0.0,1.67
2025,17172,"Woodson, Craig",DB,0,13,0.0,4.853,0.0,81.4,0.0,7.16
2025,15319,"Palmer, Joshua",WR,0,8,0.0,1.658,0.0,3.2,0.0,0.28
2025,11232,"Hopkins, DeAndre",WR,0,13,0.0,2.068,0.0,9.5,0.0,0.84
2025,15849,"McCreary, Roger",DB,0,12,0.0,2.677,0.0,48.9,0.0,4.3
2025,13742,"Hill, B.J.",DL,0,13,0.0,5.255,0.0,64.5,0.0,5.68
2025,16279,"Moss, Riley",DB,0,13,0.0,5.7,0.0,89.8,0.0,7.9
2025,13718,"Carlson, Daniel",PK,0,13,0.0,4.792,0.0,82.7,0.0,7.28
2025,13322,"Clark, Chuck",DB,0,11,0.0,3.028,0.0,52.3,0.0,4.6
2025,14918,"Terrell, A.J.",DB,0,11,0.0,4.189,0.0,75.1,0.0,6.61
2025,13156,"Smith-Schuster, JuJu",WR,0,13,0.0,2.529,0.0,10.2,0.0,0.9
2025,13403,"Koo, Younghoe",PK,0,5,0.0,1.625,0.0,30.7,0.0,2.7
2025,8851,"Folk, Nick",PK,0,13,0.0,6.542,0.0,111.9,0.0,9.85
2025,17125,"Knight, Demetrius",LB,0,13,0.0,5.595,0.0,87.5,0.0,7.7
2025,16212,"Mayer, Michael",TE,0,9,0.0,2.554,0.0,8.7,0.0,0.77
2025,16690,"Mitchell, Quinyon",DB,0,13,0.0,3.665,0.0,71.2,0.0,6.27
2025,11947,"McManus, Brandon",PK,0,10,0.0,4.458,0.0,81.7,0.0,7.19
2025,15395,"Koonce, Malcolm",DL,0,13,0.0,3.311,0.0,41.5,0.0,3.65
2025,15836,"Hill, Daxton",DB,0,13,0.0,6.532,0.0,105.7,0.0,9.3
2025,13226,"Jackson, Adoree",DB,0,11,0.0,3.946,0.0,66.9,0.0,5.89
2025,15292,"Brown, Dyami",WR,0,14,0.0,1.979,0.0,11.5,0.0,1.01
2025,16654,"Elliss, Jonah",DL,1,9,0.022,2.552,0.0,31.5,0.0,2.77
2025,16294,"Wooden, Colby",DL,0,13,0.0,4.219,0.0,52.0,0.0,4.58
2025,15366,"Holland, Jevon",DB,0,11,0.0,3.835,0.0,65.7,0.0,5.78
2025,15881,"Jones, Jack",DB,0,13,0.0,4.254,0.0,75.8,0.0,6.67
2025,13228,"Hooker, Malik",DB,0,8,0.0,1.99,0.0,37.6,0.0,3.31
2025,14982,"Gilman, Alohi",DB,0,13,0.0,5.221,0.0,85.4,0.0,7.52
2025,14207,"Thornhill, Juan",DB,0,9,0.0,2.476,0.0,44.9,0.0,3.95
2025,16145,"McMillian, Ja'Quan",DB,0,13,0.0,3.928,0.0,87.9,0.0,7.74
2025,14933,"Blackmon, Julian",DB,0,1,0.0,0.516,0.0,9.1,0.0,0.8
2025,15755,"Dotson, Jahan",WR,0,13,0.0,1.417,0.0,3.3,0.0,0.29
2025,15386,"Odeyingbo, Dayo",DL,0,8,0.0,2.649,0.0,29.0,0.0,2.55
2025,14985,"Mann, Braden",PN,0,13,0.0,6.542,0.0,88.6,0.0,7.8
2025,14979,"Strnad, Justin",LB,0,13,0.0,3.664,0.0,60.0,0.0,5.28
2025,16226,"Wilson, Tyree",DL,0,13,0.0,4.461,0.0,52.0,0.0,4.58
2025,16219,"Allen, Davis",TE,0,13,0.0,2.183,0.0,0.0,0.0,0.0
2025,16912,"McCollough, Jaylen",DB,0,13,0.0,2.667,0.0,58.9,0.0,5.18
2025,13675,"Conklin, Tyler",TE,0,12,0.0,0.673,0.0,0.0,0.0,0.0
2025,15950,"Watson, Jaylen",DB,0,13,0.0,4.486,0.0,83.9,0.0,7.38
2025,13404,"Ekeler, Austin",RB,0,2,0.0,0.345,0.0,0.1,0.0,0.01
2025,13641,"McCloud, Ray-Ray",WR,0,6,0.0,0.65,0.0,0.2,0.0,0.02
2025,16268,"Turner, DJ",DB,0,13,0.0,4.731,0.0,81.2,0.0,7.15
2025,17157,"TeSlaa, Isaac",WR,0,13,0.0,1.838,0.0,5.2,0.0,0.45
2025,13798,"Fatukasi, Foley",DL,0,4,0.0,1.2,0.0,16.0,0.0,1.41
2025,16371,"Austin, Alex",DB,0,12,0.0,0.76,0.0,18.4,0.0,1.62
2025,13810,"Joseph-Day, Sebastian",DL,0,13,0.0,4.884,0.0,59.5,0.0,5.24
2025,16265,"Dexter, Gervon",DL,0,13,0.0,4.473,0.0,56.5,0.0,4.97
2025,15819,"Wyatt, Devonte",DL,0,10,0.0,4.108,0.0,56.0,0.0,4.93
2025,16642,"Stover, Cade",TE,0,5,0.0,0.443,0.0,0.0,0.0,0.0
2025,15334,"Long, Hunter",TE,0,9,0.0,1.226,0.0,2.0,0.0,0.18
2025,16695,"Melton, Max",DB,0,9,0.0,1.919,0.0,44.3,0.0,3.9
2025,14252,"Jackson, Michael",DB,0,13,0.0,5.463,0.0,91.6,0.0,8.06
2025,15888,"Durant, Decobie",DB,0,13,0.0,3.265,0.0,68.6,0.0,6.04
2025,15913,"Benford, Christian",DB,0,12,0.0,4.939,0.0,90.2,0.0,7.94
2025,15396,"Deablo, Divine",LB,0,9,0.0,3.355,0.0,52.5,0.0,4.62
2025,16238,"Sewell, Noah",LB,0,10,0.0,2.757,0.0,49.0,0.0,4.31
2025,16767,"Davis, Tyler",DL,0,13,0.0,3.752,0.0,43.5,0.0,3.83
2025,15356,"Browning, Baron",DL,0,11,0.0,3.242,0.0,44.5,0.0,3.92
2025,16671,"Arnold, Terrion",DB,0,8,0.0,2.927,0.0,52.3,0.0,4.6
2025,15363,"Melifonwu, Ifeatu",DB,0,12,0.0,3.055,0.0,52.9,0.0,4.66
2025,17179,"Bowman, Billy",DB,0,6,0.0,2.833,0.0,44.3,0.0,3.9
2025,15432,"Carter, Michael",DB,0,10,0.0,0.971,0.0,21.5,0.0,1.89
2025,15989,"Jobe, Josh",DB,0,12,0.0,3.986,0.0,74.3,0.0,6.54
2025,15361,"Horn, Jaycee",DB,0,12,0.0,2.721,0.0,56.5,0.0,4.97
2025,9694,"Gano, Graham",PK,0,5,0.0,2.0,0.0,39.8,0.0,3.5
2025,12697,"Robinson, A'Shawn",DL,0,13,0.0,4.928,0.0,61.5,0.0,5.41
2025,13683,"Hand, Da'Shawn",DL,0,9,0.0,2.635,0.0,35.5,0.0,3.12
2025,13294,"Ebukam, Samson",DL,0,10,0.0,3.254,0.0,41.0,0.0,3.61
2025,15845,"McDuffie, Trent",DB,0,13,0.0,5.217,0.0,95.9,0.0,8.44
2025,13262,"Kpassagnon, Tanoh",DL,0,4,0.0,0.923,0.0,12.0,0.0,1.06
2025,10266,"Heyward, Cameron",DL,0,13,0.0,6.1,0.0,79.0,0.0,6.95
2025,13245,"Reddick, Haason",DL,0,9,0.0,2.607,0.0,35.5,0.0,3.12
2025,12658,"Shepard, Sterling",WR,0,13,0.0,3.116,0.0,10.2,0.0,0.89
2025,15857,"Williams, Sam",DL,0,13,0.0,4.352,0.0,53.0,0.0,4.66
2025,13307,"Milano, Matt",LB,0,9,0.0,1.47,0.0,36.5,0.0,3.21
2025,16304,"Ward, Jay",DB,0,13,0.0,0.681,0.0,16.5,0.0,1.45
2025,13710,"Davis, Carlton",DB,0,13,0.0,3.592,0.0,69.1,0.0,6.08
2025,16702,"Green, Renardo",DB,0,12,0.0,3.503,0.0,65.9,0.0,5.8
2025,16596,"Allen, Braelon",RB,0,4,0.0,0.351,0.0,0.0,0.0,0.0
2025,13325,"Woods, Xavier",DB,0,10,0.0,3.156,0.0,58.2,0.0,5.12
2025,15981,"Turpin, KaVontae",WR,0,11,0.0,3.862,0.0,20.8,0.0,1.83
2025,15851,"Ebiketie, Arnold",DL,0,13,0.0,4.055,0.0,46.0,0.0,4.05
2025,13199,"Thomas, Solomon",DL,0,12,0.0,2.041,0.0,25.0,0.0,2.2
2025,16651,"Latu, Laiatu",DL,0,12,0.0,5.794,0.0,88.5,0.0,7.79
2025,17163,"Parrish, Jacob",DB,0,13,0.0,6.137,0.0,97.3,0.0,8.56
2025,15377,"Stokes, Eric",DB,0,12,0.0,2.319,0.0,50.9,0.0,4.48
2025,13267,"Smoot, Dawuane",DL,0,13,0.0,2.189,0.0,23.0,0.0,2.02
2025,16460,"Hickman, Ronnie",DB,0,13,0.0,6.073,0.0,99.0,0.0,8.71
2025,17087,"Thornton, Dont'e",WR,0,11,0.0,0.734,0.0,0.0,0.0,0.0
2025,16717,"Taylor-Demerson, Dadrion",DB,0,9,0.0,2.753,0.0,52.8,0.0,4.65
2025,16760,"Washington, Casey",WR,0,7,0.0,0.508,0.0,0.0,0.0,0.0
2025,15375,"Newsome, Greg",DB,0,13,0.0,4.025,0.0,68.6,0.0,6.04
2025,12711,"Ramsey, Jalen",DB,0,13,0.0,5.744,0.0,98.4,0.0,8.66
2025,14186,"Rapp, Taylor",DB,0,6,0.0,1.297,0.0,29.3,0.0,2.58
2025,15847,"Elam, Kaiir",DB,0,11,0.0,1.413,0.0,34.2,0.0,3.01
2025,13920,"Ward, Charvarius",DB,0,7,0.0,2.525,0.0,43.0,0.0,3.78
2025,17062,"Sanders, Raheim",RB,0,2,0.0,0.203,0.0,0.0,0.0,0.0
2025,16444,"Grupe, Blake",PK,0,12,0.0,4.208,0.0,87.0,0.0,7.66
2025,16684,"Washington, Malik",WR,0,13,0.0,4.894,0.0,24.8,0.0,2.18
2025,16298,"Robinson, Tavius",DL,0,6,0.0,2.101,0.0,32.0,0.0,2.82
2025,16230,"Van Ness, Lukas",DL,0,6,0.0,1.826,0.0,23.5,0.0,2.07
2025,14302,"Scott, Nick",DB,0,14,0.0,5.617,0.0,99.6,0.0,8.76
2025,16673,"Wiggins, Nate",DB,0,13,0.0,5.416,0.0,91.9,0.0,8.09
2025,14943,"Davis-Gaither, Akeem",LB,0,13,0.0,5.039,0.0,81.0,0.0,7.13
2025,11348,"Slay, Darius",DB,0,10,0.0,2.4,0.0,52.8,0.0,4.65
2025,14889,"Murray, Kenneth",LB,0,13,0.0,3.591,0.0,69.5,0.0,6.12
2025,16063,"McCrary-Ball, Marcelino",LB,0,5,0.0,0.766,0.0,20.0,0.0,1.76
2025,15681,"Elliss, Christian",LB,0,11,0.0,3.119,0.0,55.5,0.0,4.88
2025,17083,"Higgins, Jayden",WR,0,13,0.0,3.842,0.0,25.3,0.0,2.23
2025,16014,"Adams, Tony",DB,0,11,0.0,3.727,0.0,66.3,0.0,5.83
2025,13717,"Reid, Justin",DB,0,12,0.0,4.322,0.0,84.0,0.0,7.39
2025,15405,"Stephens, Brandon",DB,0,13,0.0,4.69,0.0,86.8,0.0,7.64
2025,15894,"Woolen, Tariq",DB,0,12,0.0,3.26,0.0,62.3,0.0,5.48
2025,15409,"Barnes, Derrick",LB,0,13,0.0,4.616,0.0,76.5,0.0,6.73
2025,15346,"Rousseau, Gregory",DL,0,13,0.0,5.123,0.0,66.5,0.0,5.85
2025,15832,"Stingley Jr., Derek",DB,0,13,0.0,3.276,0.0,62.1,0.0,5.46
2025,13774,"Reed, D.J.",DB,0,7,0.0,2.897,0.0,58.4,0.0,5.14
2025,16263,"Martin, Quan",DB,0,13,0.0,5.709,0.0,97.5,0.0,8.58
2025,11674,"Cooks, Brandin",WR,0,12,0.0,1.208,0.0,0.0,0.0,0.0
2025,13224,"Lattimore, Marshon",DB,0,9,0.0,2.424,0.0,49.6,0.0,4.36
2025,16428,"Smith, Xavier",WR,0,12,0.0,1.593,0.0,3.1,0.0,0.27
2025,16201,"Hutchinson, Xavier",WR,0,16,0.0,3.456,0.0,18.7,0.0,1.65
2025,17127,"Johnson, Will",DB,0,8,0.0,2.371,0.0,45.8,0.0,4.03
2025,15302,"Eskridge, Dee",WR,0,11,0.0,0.691,0.0,0.0,0.0,0.0
2025,13263,"Awuzie, Chidobe",DB,0,11,0.0,2.302,0.0,48.7,0.0,4.29
2025,16746,"Ali, Rasheen",RB,0,11,0.0,0.404,0.0,0.0,0.0,0.0
2025,16716,"Wilson, Payton",LB,0,13,0.0,6.66,0.0,107.5,0.0,9.46
2025,9051,"Campbell, Calais",DL,0,13,0.0,5.238,0.0,76.0,0.0,6.69
2025,15806,"Thibodeaux, Kayvon",DL,0,10,0.0,3.482,0.0,48.0,0.0,4.22
2025,11367,"Juszczyk, Kyle",RB,0,13,0.0,0.453,0.0,0.0,0.0,0.0
2025,16689,"Murphy, Byron",DL,0,13,0.0,5.664,0.0,79.5,0.0,7.0
2025,12698,"Reed, Jarran",DL,0,9,0.0,2.053,0.0,24.5,0.0,2.16
2025,16722,"Knight, Tyrice",LB,0,12,0.0,2.979,0.0,61.5,0.0,5.41
2025,13296,"Wise, Deatrich",DL,0,2,0.0,0.462,0.0,6.0,0.0,0.53
2025,16267,"Stevenson, Tyrique",DB,0,10,0.0,4.873,0.0,84.3,0.0,7.42
2025,14956,"Sneed, L'Jarius",DB,0,7,0.0,1.692,0.0,34.3,0.0,3.02
2025,13738,"Jackson, Donte",DB,0,13,0.0,2.743,0.0,60.1,0.0,5.29
2025,15946,"Thomas II, Rodney",DB,0,13,0.0,0.329,0.0,19.8,0.0,1.74
2025,14864,"Johnson, Tyler",WR,0,12,0.0,1.685,0.0,8.4,0.0,0.74
2025,17128,"Barron, Jahdae",DB,0,13,0.0,1.711,0.0,43.0,0.0,3.78
2025,15402,"Molden, Elijah",DB,0,10,0.0,2.593,0.0,49.8,0.0,4.38
2025,15991,"Conner, Tanner",TE,0,9,0.0,0.524,0.0,0.0,0.0,0.0
2025,15448,"Pinnock, Jason",DB,0,13,0.0,1.348,0.0,37.3,0.0,3.28
2025,13223,"Humphrey, Marlon",DB,0,12,0.0,6.188,0.0,105.8,0.0,9.31
2025,16731,"Hart, Cam",DB,0,12,0.0,3.19,0.0,65.9,0.0,5.8
2025,16714,"Jones, Jarrian",DB,0,13,0.0,3.736,0.0,68.0,0.0,5.98
2025,14180,"Murphy, Byron",DB,0,13,0.0,3.754,0.0,73.4,0.0,6.46
2025,16077,"Okuayinonu, Sam",DL,0,12,0.0,3.916,0.0,47.0,0.0,4.14
2025,9596,"Morstead, Thomas",PN,0,13,0.0,6.0,0.0,81.0,0.0,7.13
2025,16704,"Wallace, Trevin",LB,0,11,0.0,4.078,0.0,66.0,0.0,5.81
2025,16787,"Laulu, Jonah",DL,0,13,0.0,4.77,0.0,65.0,0.0,5.72
2025,17123,"Campbell, Jihaad",LB,0,13,0.0,2.854,0.0,54.5,0.0,4.8
2025,15975,"Sanborn, Jack",LB,0,6,0.0,1.616,0.0,27.5,0.0,2.42
2025,15796,"Ruckert, Jeremy",TE,0,13,0.0,1.596,0.0,0.0,0.0,0.0
2025,15364,"Cisco, Andre",DB,0,8,0.0,2.735,0.0,52.8,0.0,4.65
2025,15863,"Jones, Travis",DL,0,12,0.0,4.525,0.0,58.0,0.0,5.1
2025,14899,"Kinlaw, Javon",DL,0,13,0.0,2.908,0.0,31.0,0.0,2.73
2025,13776,"Watson, Justin",WR,0,2,0.0,0.187,0.0,0.0,0.0,0.0
2025,13172,"Brown, Noah",WR,0,3,0.0,0.264,0.0,0.0,0.0,0.0
2025,16171,"Miller, Kendre",RB,0,7,0.0,1.247,0.0,6.1,0.0,0.54
2025,13066,"Raymond, Kalif",WR,0,11,0.0,1.735,0.0,9.5,0.0,0.84
2025,16139,"Baker, Darrell",DB,0,13,0.0,2.433,0.0,55.3,0.0,4.87
2025,16727,"Hicks, Jaden",DB,0,13,0.0,1.676,0.0,40.8,0.0,3.59
2025,15921,"Jackson, Theo",DB,0,10,0.0,2.296,0.0,48.7,0.0,4.29
2025,17153,"Mukuba, Andrew",DB,0,11,0.0,3.546,0.0,67.8,0.0,5.97
2025,12394,"Carter, DeAndre",WR,0,4,0.0,0.203,0.0,0.0,0.0,0.0
2025,12773,"Moore, Chris",WR,0,11,0.0,1.56,0.0,5.7,0.0,0.5
2025,15833,"Gardner, Sauce",DB,0,10,0.0,2.498,0.0,51.4,0.0,4.52
2025,17213,"Hawes, Jackson",TE,0,14,0.0,1.641,0.0,0.0,0.0,0.0
2025,17360,"Price, Myles",WR,0,13,0.0,1.176,0.0,0.0,0.0,0.0
2025,15173,"Tart, Teair",DL,0,13,0.0,4.006,0.0,44.5,0.0,3.92
2025,13839,"Sieler, Zach",DL,0,13,0.0,5.505,0.0,72.5,0.0,6.38
2025,12739,"Clark, Kenny",DL,0,13,0.0,4.048,0.0,47.0,0.0,4.14
2025,15892,"Booker, Thomas",DL,0,13,0.0,3.611,0.0,42.0,0.0,3.7
2025,17196,"Phillips, Jordan",DL,0,13,0.0,2.127,0.0,20.5,0.0,1.8
2025,11970,"Pennel, Mike",DL,0,13,0.0,1.911,0.0,16.5,0.0,1.45
2025,15928,"Houston, James",DL,0,13,0.0,4.908,0.0,62.5,0.0,5.5
2025,15826,"Clark, Damone",LB,0,9,0.0,0.278,0.0,11.0,0.0,0.97
2025,17060,"Giddens, DJ",RB,0,7,0.0,0.048,0.0,0.0,0.0,0.0
2025,16284,"Williams, Dorian",LB,0,12,0.0,2.252,0.0,44.5,0.0,3.92
2025,17075,"Golden, Matthew",WR,0,10,0.0,2.24,0.0,12.0,0.0,1.05
2025,16626,"Mitchell, Adonai",WR,0,12,0.0,2.235,0.0,23.0,0.0,2.03
2025,13754,"Yiadom, Isaac",DB,0,10,0.0,0.921,0.0,28.4,0.0,2.5
2025,16274,"Williams, Garrett",DB,0,8,0.0,2.921,0.0,51.0,0.0,4.49
2025,15903,"Anderson, Tycen",DB,0,13,0.0,0.282,0.0,19.2,0.0,1.69
2025,13707,"Ward, Denzel",DB,0,13,0.0,3.532,0.0,63.9,0.0,5.62
2025,17130,"Amos, Trey",DB,0,10,0.0,1.88,0.0,45.6,0.0,4.01
2025,13266,"Witherspoon, Ahkello",DB,0,4,0.0,0.386,0.0,10.1,0.0,0.89
2025,15492,"Tonga, Khyiris",DL,0,12,0.0,2.775,0.0,25.5,0.0,2.24
2025,17367,"Mausi, Dorian",LB,0,13,0.0,0.258,0.0,10.0,0.0,0.88
2025,12742,,DB,0,4,0.0,0.615,0.0,16.3,0.0,1.43
2025,14095,"Johnson, Ty",RB,0,16,0.0,2.454,0.0,8.7,0.0,0.76
2025,14079,"Sanders, Miles",RB,0,4,0.0,0.577,0.0,2.3,0.0,0.21
2025,16256,"Bresee, Bryan",DL,0,13,0.0,4.837,0.0,56.5,0.0,4.97
2025,16639,"Legette, Xavier",WR,0,11,0.0,2.5,0.0,30.0,0.0,2.64
2025,14953,"Dye, Troy",LB,0,12,0.0,2.928,0.0,54.0,0.0,4.75
2025,16347,"Robbins, Brad",PN,0,1,0.0,0.292,0.0,4.0,0.0,0.35
2025,15786,"Nailor, Jalen",WR,0,15,0.0,3.116,0.0,18.6,0.0,1.64
2025,16289,"Bennett, Jakorian",DB,0,7,0.0,0.339,0.0,9.3,0.0,0.82
2025,16705,"Bullock, Calen",DB,0,13,0.0,4.405,0.0,84.1,0.0,7.4
2025,16784,"Harden, Myles",DB,0,13,0.0,1.787,0.0,47.9,0.0,4.22
2025,14957,"Robertson, Amik",DB,0,13,0.0,4.23,0.0,78.1,0.0,6.87
2025,16729,"Still, Tarheeb",DB,0,11,0.0,3.33,0.0,62.6,0.0,5.51
2025,16737,"Newton, Josh",DB,0,12,0.0,0.563,0.0,21.0,0.0,1.85
2025,14847,"Duvernay, Devin",WR,0,13,0.0,0.953,0.0,0.0,0.0,0.0
2025,13168,"Reynolds, Josh",WR,0,5,0.0,0.814,0.0,0.0,0.0,0.0
2025,13246,"Alie-Cox, Mo",TE,0,13,0.0,0.411,0.0,0.0,0.0,0.0
2025,16889,"Duck, Storm",DB,0,2,0.0,0.049,0.0,3.6,0.0,0.32
2025,15866,"Flott, Cordale",DB,0,12,0.0,3.45,0.0,67.1,0.0,5.9
2025,16419,"Szmyt, Andre",PK,0,13,0.0,4.375,0.0,83.4,0.0,7.34
2025,16416,"Gipson, Xavier",WR,0,6,0.0,0.421,0.0,0.0,0.0,0.0
2025,13953,"Thomas, Tavierre",DB,0,13,0.0,0.265,0.0,20.4,0.0,1.8
2025,17122,"Walker, Jalon",DL,0,11,0.0,5.074,0.0,70.5,0.0,6.2
2025,16692,"Newton, Jer'Zhan",DL,0,13,0.0,3.508,0.0,39.0,0.0,3.43
2025,17078,"Bech, Jack",WR,0,13,0.0,1.331,0.0,2.9,0.0,0.26
2025,16344,"Stills, Dante",DL,0,13,0.0,3.189,0.0,33.5,0.0,2.95
2025,14123,"Renfrow, Hunter",WR,0,6,0.0,1.061,0.0,16.1,0.0,1.42
2025,13763,"Dissly, Will",TE,0,5,0.0,0.183,0.0,0.0,0.0,0.0
2025,16870,"Speights, Omar",LB,0,12,0.0,2.386,0.0,49.0,0.0,4.31
2025,17073,"Ayomanor, Elic",WR,0,12,0.0,3.085,0.0,15.1,0.0,1.33
2025,14978,"Danna, Michael",DL,0,11,0.0,2.245,0.0,27.5,0.0,2.42
2025,16885,"Codrington, Brandon",DB,0,4,0.0,0.116,0.0,12.5,0.0,1.1
2025,16800,"Harrell, Jaylen",DL,0,13,0.0,2.211,0.0,22.0,0.0,1.94
2025,15357,"Barmore, Christian",DL,0,13,0.0,3.099,0.0,34.0,0.0,2.99
2025,13230,"Adams, Jamal",LB,0,13,0.0,1.34,0.0,34.5,0.0,3.04
2025,15359,"Tufele, Jay",DL,0,10,0.0,1.015,0.0,9.0,0.0,0.79
2025,13688,"Davenport, Marcus",DL,0,4,0.0,1.033,0.0,12.5,0.0,1.1
2025,16786,"Drake-Rodriguez, Levi",DL,0,12,0.0,4.009,0.0,46.5,0.0,4.09
2025,15049,"Bachie, Joe",LB,0,11,0.0,0.88,0.0,21.0,0.0,1.85
2025,16253,"Forbes, Emmanuel",DB,0,13,0.0,3.827,0.0,72.9,0.0,6.42
2025,13730,"Alexander, Jaire",DB,0,2,0.0,0.132,0.0,6.0,0.0,0.53
2025,13133,"Perine, Samaje",RB,0,12,0.0,1.782,0.0,9.7,0.0,0.86
2025,17202,"Trader, Dante",DB,0,13,0.0,2.159,0.0,50.5,0.0,4.44
2025,15860,"Cook, Bryan",DB,0,13,0.0,3.746,0.0,68.5,0.0,6.03
2025,12349,"Diggs, Quandre",DB,0,10,0.0,1.208,0.0,34.0,0.0,2.99
2025,13148,"Ogunbowale, Dare",RB,0,13,0.0,0.322,0.0,0.1,0.0,0.01
2025,14315,"Dulin, Ashton",WR,0,10,0.0,1.065,0.0,1.0,0.0,0.09
2025,17105,"Helm, Gunnar",TE,0,16,0.0,4.164,0.0,9.3,0.0,0.82
2025,16601,"Shipley, Will",RB,0,11,0.0,0.422,0.0,0.0,0.0,0.0
2025,15718,"Badie, Tyler",RB,0,12,0.0,0.717,0.0,0.0,0.0,0.0
2025,13731,"Hughes, Mike",DB,0,11,0.0,4.396,0.0,78.3,0.0,6.89
2025,17048,"Johnson, Kaleb",RB,0,10,0.0,0.141,0.0,0.0,0.0,0.0
2025,13672,"Gesicki, Mike",TE,0,12,0.0,2.705,0.0,16.2,0.0,1.43
2025,15873,"Bellinger, Daniel",TE,0,12,0.0,1.418,0.0,8.9,0.0,0.78
2025,16296,"Miller, Ventrell",LB,0,13,0.0,1.128,0.0,30.0,0.0,2.64
2025,15931,"Davis, Kalia",DL,0,13,0.0,2.606,0.0,27.0,0.0,2.38
2025,17097,"Felton, Tai",WR,0,13,0.0,0.479,0.0,0.0,0.0,0.0
2025,17138,"Grant, Kenneth",DL,0,13,0.0,3.2,0.0,34.0,0.0,2.99
2025,16440,"Murphy, Caleb",LB,0,10,0.0,0.278,0.0,11.5,0.0,1.01
2025,11793,"Jones, DaQuan",DL,0,10,0.0,2.937,0.0,37.5,0.0,3.3
2025,15908,"Butler, Matthew",DL,0,10,0.0,1.478,0.0,12.5,0.0,1.1
2025,13693,"Phillips, Harrison",DL,0,13,0.0,4.225,0.0,48.0,0.0,4.22
2025,16662,"Jenkins, Kris",DL,0,13,0.0,3.872,0.0,44.0,0.0,3.87
2025,15081,"Wharton, Tershawn",DL,0,9,0.0,3.441,0.0,41.0,0.0,3.61
2025,15293,"Bateman, Rashod",WR,0,13,0.0,1.948,0.0,10.8,0.0,0.95
2025,13888,"Gardeck, Dennis",DL,0,13,0.0,5.038,0.0,65.0,0.0,5.72
2025,11723,"Van Noy, Kyle",DL,0,11,0.0,3.399,0.0,37.5,0.0,3.3
2025,14161,"Tillery, Jerry",DL,0,13,0.0,2.307,0.0,26.0,0.0,2.29
2025,15890,"McFadden, Micah",LB,0,1,0.0,0.148,0.0,3.0,0.0,0.26
2025,15393,"Odighizuwa, Osa",DL,0,13,0.0,4.961,0.0,59.5,0.0,5.24
2025,16693,"Sweat, T'Vondre",DL,0,8,0.0,3.046,0.0,35.5,0.0,3.12
2025,16203,"Jones, Charlie",WR,0,13,0.0,1.063,0.0,3.6,0.0,0.32
2025,12735,"Rankins, Sheldon",DL,0,13,0.0,4.474,0.0,55.0,0.0,4.84
2025,16707,"Liufau, Marist",LB,0,13,0.0,1.255,0.0,28.5,0.0,2.51
2025,12271,"Goldman, Eddie",DL,0,12,0.0,2.518,0.0,28.0,0.0,2.46
2025,15874,"Butler, Percy",DB,0,12,0.0,0.202,0.0,15.2,0.0,1.34
2025,13308,"Agnew, Jamal",WR,0,11,0.0,0.703,0.0,0.0,0.0,0.0
2025,13281,"Douglas, Rasul",DB,0,11,0.0,5.097,0.0,83.2,0.0,7.32
2025,14919,"Igbinoghene, Noah",DB,0,11,0.0,1.772,0.0,31.0,0.0,2.73
2025,14911,"Davis, Ashtyn",DB,0,11,0.0,3.781,0.0,59.5,0.0,5.24
2025,17169,"Stout, Upton",DB,0,12,0.0,5.464,0.0,84.2,0.0,7.41
2025,14434,"Reaves, Jeremy",DB,0,13,0.0,5.893,0.0,93.3,0.0,8.21
2025,12677,"Hooper, Austin",TE,0,12,0.0,1.584,0.0,0.0,0.0,0.0
2025,17080,"Noel, Jaylin",WR,0,13,0.0,2.592,0.0,11.0,0.0,0.97
2025,16706,"Reiman, Tip",TE,0,4,0.0,0.098,0.0,0.0,0.0,0.0
2025,16883,"Johnson, Kameron",WR,0,13,0.0,1.736,0.0,9.6,0.0,0.85
2025,15445,"Lenoir, Deommodore",DB,0,13,0.0,3.659,0.0,73.1,0.0,6.43
2025,16387,"Brooks, Chris",RB,0,13,0.0,0.411,0.0,0.0,0.0,0.0
2025,16726,"Tampa, T.J.",DB,0,13,0.0,1.255,0.0,35.7,0.0,3.14
2025,15766,"Moore, Skyy",WR,0,13,0.0,1.284,0.0,0.0,0.0,0.0
2025,15419,"Granson, Kylen",TE,0,13,0.0,0.415,0.0,0.0,0.0,0.0
2025,14414,"Owens, Jonathan",DB,0,13,0.0,0.185,0.0,18.9,0.0,1.66
2025,17200,"Marshall, Jason",DB,0,8,0.0,0.636,0.0,15.0,0.0,1.32
2025,14902,"Okudah, Jeff",DB,0,6,0.0,0.817,0.0,21.2,0.0,1.87
2025,17217,"Strong, Dorian",DB,0,4,0.0,0.441,0.0,12.5,0.0,1.1
2025,13764,"Johnson, Taron",DB,0,10,0.0,3.532,0.0,57.2,0.0,5.03
2025,15464,"Echols, Brandin",DB,0,13,0.0,4.831,0.0,79.6,0.0,7.0
2025,15140,"Lewis, Cam",DB,0,13,0.0,1.918,0.0,47.3,0.0,4.16
2025,16286,"Moody, Jake",PK,0,5,0.0,2.417,0.0,44.2,0.0,3.89
2025,16650,"Turner, Dallas",DL,0,13,0.0,5.88,0.0,88.0,0.0,7.74
2025,13750,"Burks, Oren",LB,0,13,0.0,1.748,0.0,38.0,0.0,3.34
2025,14495,"Gifford, Luke",LB,0,13,0.0,0.488,0.0,24.5,0.0,2.16
2025,15413,"Rumph, Chris",DL,0,13,0.0,4.084,0.0,50.5,0.0,4.44
2025,14154,"Nelson, Anthony",DL,0,13,0.0,4.778,0.0,72.0,0.0,6.34
2025,13317,"Godchaux, Davon",DL,0,13,0.0,2.996,0.0,34.5,0.0,3.04
2025,13744,"Shepherd, Nathan",DL,0,13,0.0,4.472,0.0,55.0,0.0,4.84
2025,15943,"Hardy, Daniel",DL,0,13,0.0,1.836,0.0,17.5,0.0,1.54
2025,12305,"Jarrett, Grady",DL,0,10,0.0,1.969,0.0,21.0,0.0,1.85
2025,15412,"Brown, Bobby",DL,0,13,0.0,2.28,0.0,19.0,0.0,1.67
2025,15456,"Niemann, Nick",LB,0,7,0.0,0.262,0.0,8.5,0.0,0.75
2025,16439,"Diabate, Mohamoud",LB,0,13,0.0,0.922,0.0,27.0,0.0,2.38
2025,13208,"Allen, Jonathan",DL,0,13,0.0,5.389,0.0,69.0,0.0,6.07
2025,16593,"Corum, Blake",RB,0,13,0.0,2.561,0.0,31.7,0.0,2.79
2025,15288,"Moore, Elijah",WR,0,9,0.0,1.069,0.0,2.6,0.0,0.23
2025,16752,"Davis, Isaiah",RB,0,16,0.0,2.115,0.0,14.9,0.0,1.31
2025,13893,"Sherfield, Trent",WR,0,11,0.0,0.312,0.0,0.0,0.0,0.0
2025,17184,"Lane, Jaylin",WR,0,13,0.0,2.115,0.0,7.0,0.0,0.62
2025,16850,"Saylors, Jacob",RB,0,12,0.0,0.372,0.0,0.0,0.0,0.0
2025,16333,"Higgins, Elijah",TE,0,13,0.0,1.298,0.0,0.0,0.0,0.0
2025,17072,"Harris, Tre",WR,0,13,0.0,1.546,0.0,0.5,0.0,0.05
2025,15713,"Ford, Jerome",RB,0,13,0.0,1.032,0.0,3.0,0.0,0.27
2025,15239,"Wilson, Zach",QB,0,3,0.0,0.089,0.0,0.0,0.0,0.0
2025,17108,"Arroyo, Elijah",TE,0,13,0.0,1.588,0.0,0.7,0.0,0.06
2025,17066,"Monangai, Kyle",RB,0,13,0.0,4.13,0.0,46.1,0.0,4.06
2025,17164,"Williams, Nohl",DB,0,13,0.0,1.7,0.0,36.9,0.0,3.25
2025,15392,"St-Juste, Benjamin",DB,0,13,0.0,1.879,0.0,38.7,0.0,3.41
2025,15335,"Farrell, Luke",TE,0,13,0.0,1.537,0.0,0.0,0.0,0.0
2025,16698,"Sainristil, Mike",DB,0,13,0.0,5.339,0.0,94.8,0.0,8.34
2025,17096,"Williams, Savion",WR,0,11,0.0,1.309,0.0,2.0,0.0,0.18
2025,15723,"Chandler, Ty",RB,0,1,0.0,0.0,0.0,0.0,0.0,0.0
2025,15970,"Krull, Lucas",TE,0,3,0.0,0.067,0.0,0.0,0.0,0.0
2025,17061,"Allen, LeQuint",RB,0,13,0.0,0.554,0.0,0.0,0.0,0.0
2025,15956,"Hicks, Elijah",DB,0,13,0.0,0.208,0.0,13.4,0.0,1.18
2025,16900,"Pettus, Dell",DB,0,13,0.0,0.641,0.0,17.6,0.0,1.55
2025,17168,"Smith, Jaylin",DB,0,4,0.0,0.35,0.0,10.3,0.0,0.91
2025,15926,"Taylor, Ja'Sir",DB,0,13,0.0,0.164,0.0,14.6,0.0,1.28
2025,16271,"Brown, Sydney",DB,0,13,0.0,1.429,0.0,31.2,0.0,2.75
2025,14944,"Holmes, Darnay",DB,0,10,0.0,0.243,0.0,17.0,0.0,1.5
2025,13448,"Butler, Adam",DL,0,12,0.0,4.52,0.0,52.0,0.0,4.58
2025,16425,"Hill, Julian",TE,0,10,0.0,0.778,0.0,0.0,0.0,0.0
2025,15515,"Snowden, Charles",DL,0,11,0.0,3.123,0.0,41.5,0.0,3.65
2025,15853,"Mafe, Boye",DL,0,13,0.0,3.288,0.0,35.5,0.0,3.12
2025,16224,"Murphy, Myles",DL,0,13,0.0,4.132,0.0,50.0,0.0,4.4
2025,16235,"Hall, Derick",DL,0,11,0.0,2.539,0.0,33.0,0.0,2.9
2025,16262,"White, Keion",DL,0,10,0.0,2.145,0.0,24.0,0.0,2.11
2025,13332,"Jones, D.J.",DL,0,12,0.0,3.537,0.0,38.0,0.0,3.34
2025,14870,"Trautman, Adam",TE,0,13,0.0,1.605,0.0,0.5,0.0,0.04
2025,16911,"Stalbird, Isaiah",LB,0,13,0.0,0.831,0.0,22.5,0.0,1.98
2025,12795,"Judon, Matt",DL,0,12,0.0,2.107,0.0,22.5,0.0,1.98
2025,17146,"Williams, Tyleik",DL,0,13,0.0,2.079,0.0,19.5,0.0,1.72
2025,17161,"Burch, Jordan",DL,0,13,0.0,1.714,0.0,19.0,0.0,1.67
2025,17350,"Huntington, Adin",DL,0,10,0.0,1.131,0.0,13.0,0.0,1.14
2025,14209,"Oliver, Josh",TE,0,11,0.0,1.763,0.0,7.7,0.0,0.68
2025,13692,"Vea, Vita",DL,0,13,0.0,4.592,0.0,59.0,0.0,5.19
2025,16264,"Benton, Keeanu",DL,0,13,0.0,5.072,0.0,63.5,0.0,5.59
2025,15446,"Slaton, Tedarrell",DL,0,13,0.0,3.682,0.0,43.5,0.0,3.83
2025,17188,"Hyppolite, Ruben",LB,0,7,0.0,0.019,0.0,4.5,0.0,0.4
2025,11938,"Thielen, Adam",WR,0,12,0.0,0.673,0.0,0.0,0.0,0.0
2025,14951,"Lynch, James",DL,0,13,0.0,2.631,0.0,27.0,0.0,2.38
2025,10267,"Miller, Von",DL,0,13,0.0,4.008,0.0,48.5,0.0,4.27
2025,12744,"Ward, Jihad",DL,0,13,0.0,4.673,0.0,57.0,0.0,5.02
2025,16164,"Bigsby, Tank",RB,0,16,0.0,1.175,0.0,5.3,0.0,0.47
2025,15109,"Westbrook-Ikhine, Nick",WR,0,13,0.0,0.706,0.0,0.0,0.0,0.0
2025,15254,"Harris, Najee",RB,0,3,0.0,0.207,0.0,0.0,0.0,0.0
2025,15337,"Gray, Noah",TE,0,12,0.0,0.974,0.0,0.0,0.0,0.0
2025,17070,"Burden, Luther",WR,0,14,0.0,5.257,0.0,49.8,0.0,4.38
2025,16975,"Oliver, Bryce",WR,0,2,0.0,0.062,0.0,0.0,0.0,0.0
2025,16422,"Remigio, Nikko",WR,0,12,0.0,0.683,0.0,0.0,0.0,0.0
2025,16976,"Brooks, Natrone",DB,0,13,0.0,0.672,0.0,19.0,0.0,1.67
2025,15925,"FitzPatrick, John",TE,0,13,0.0,1.08,0.0,0.0,0.0,0.0
2025,15332,"Tremble, Tommy",TE,0,13,0.0,2.188,0.0,6.7,0.0,0.59
2025,16613,"Laube, Dylan",RB,0,13,0.0,0.276,0.0,0.0,0.0,0.0
2025,17366,,DB,0,2,0.0,0.016,0.0,2.9,0.0,0.26
2025,16624,"Thrash, Jamari",WR,0,9,0.0,0.502,0.0,0.0,0.0,0.0
2025,17049,"Smith, Brashard",RB,0,13,0.0,1.316,0.0,5.0,0.0,0.44
2025,17052,"Tuten, Bhayshul",RB,0,13,0.0,2.221,0.0,18.1,0.0,1.59
2025,16754,"Stiggers, Qwan'tez",DB,0,12,0.0,0.549,0.0,15.0,0.0,1.32
2025,15714,"White, Zamir",RB,0,4,0.0,0.103,0.0,0.0,0.0,0.0
2025,16026,"Jones, Jaylon",DB,0,11,0.0,0.36,0.0,13.3,0.0,1.17
2025,14155,"Collier, L.J.",DL,0,2,0.0,0.154,0.0,1.5,0.0,0.13
2025,14670,"Ekuale, Daniel",DL,0,7,0.0,0.99,0.0,9.0,0.0,0.79
2025,14971,"Washington, Broderick",DL,0,3,0.0,0.346,0.0,4.5,0.0,0.4
2025,16831,"Martin-Robinson, David",TE,0,13,0.0,0.462,0.0,0.0,0.0,0.0
2025,13745,"Nnadi, Derrick",DL,0,13,0.0,1.423,0.0,11.5,0.0,1.01
2025,16666,"Eichenberg, Tommy",LB,0,13,0.0,0.113,0.0,13.5,0.0,1.19
2025,14901,"Gallimore, Neville",DL,0,13,0.0,4.038,0.0,49.0,0.0,4.31
2025,17193,"Ingram-Dawkins, Tyrion",DL,0,10,0.0,1.559,0.0,17.0,0.0,1.5
2025,17160,"Umanmielen, Princely",DL,0,12,0.0,3.22,0.0,32.5,0.0,2.86
2025,15831,"Chenal, Leo",LB,0,13,0.0,2.642,0.0,55.5,0.0,4.88
2025,16898,"Yankoff, Colson",TE,0,11,0.0,0.318,0.0,0.0,0.0,0.0
2025,15877,"Uwazurike, Eyioma",DL,0,13,0.0,3.89,0.0,43.5,0.0,3.83
2025,15813,"Enagbare, Kingsley",DL,0,13,0.0,3.749,0.0,42.5,0.0,3.74
2025,14891,"Harrison, Malik",LB,0,7,0.0,0.775,0.0,23.0,0.0,2.02
2025,17369,"Ajiake, Austin",LB,0,12,0.0,0.802,0.0,23.0,0.0,2.02
2025,15589,"White, Cody",WR,0,7,0.0,0.923,0.0,7.4,0.0,0.65
2025,15809,"Johnson, Jermaine",DL,0,10,0.0,4.397,0.0,53.5,0.0,4.71
2025,14947,"Wonnum, D.J.",DL,0,12,0.0,3.545,0.0,40.0,0.0,3.52
2025,17118,"Stewart, Josaiah",DL,0,13,0.0,3.03,0.0,33.5,0.0,2.95
2025,16759,"Muasau, Darius",LB,0,8,0.0,1.211,0.0,30.0,0.0,2.64
2025,12234,"Dupree, Bud",DL,0,13,0.0,2.339,0.0,28.5,0.0,2.51
2025,16009,"Gibbens, Jack",LB,0,13,0.0,2.451,0.0,49.0,0.0,4.31
2025,15362,"Surtain II, Patrick",DB,0,10,0.0,3.174,0.0,56.7,0.0,4.99
2025,15897,"Johnson, Eric",DL,0,9,0.0,0.794,0.0,7.0,0.0,0.62
2025,15398,"Jones, Patrick",DL,0,4,0.0,1.546,0.0,19.0,0.0,1.67
2025,12700,"Johnson, Austin",DL,0,11,0.0,1.376,0.0,15.5,0.0,1.36
2025,10514,"Bellore, Nick",LB,0,13,0.0,0.209,0.0,7.5,0.0,0.66
2025,13298,"Stewart, Grover",DL,0,13,0.0,5.218,0.0,69.5,0.0,6.12
2025,17120,"Green, Mike",DL,0,13,0.0,4.267,0.0,56.5,0.0,4.97
2025,14467,"Phillips, Del'Shawn",LB,0,13,0.0,0.66,0.0,18.0,0.0,1.58
2025,15936,"Robinson, Mark",LB,0,8,0.0,0.036,0.0,4.5,0.0,0.4
2025,15812,"Hall, Logan",DL,0,13,0.0,3.181,0.0,32.0,0.0,2.82
2025,13315,"Saubert, Eric",TE,0,7,0.0,0.081,0.0,0.0,0.0,0.0
2025,13682,"Key, Arden",DL,0,9,0.0,2.812,0.0,41.0,0.0,3.61
2025,17155,"Gillotte, Ashton",DL,0,13,0.0,3.019,0.0,32.5,0.0,2.86
2025,17265,"Dolac, Shaun",LB,0,13,0.0,0.632,0.0,20.5,0.0,1.8
2025,14934,"Elliott, Jordan",DL,0,13,0.0,2.274,0.0,24.5,0.0,2.16
2025,14923,"Taylor, Darrell",DL,0,4,0.0,0.286,0.0,2.5,0.0,0.22
2025,14879,"Epenesa, A.J.",DL,0,12,0.0,4.274,0.0,55.5,0.0,4.88
2025,14159,"Lawrence, Dexter",DL,0,13,0.0,3.568,0.0,38.5,0.0,3.39
2025,16958,"Miller, Ryan",WR,0,13,0.0,0.838,0.0,1.7,0.0,0.15
2025,16949,"Tremayne, Brycen",WR,0,12,0.0,1.157,0.0,1.2,0.0,0.11
2025,16290,"Horton, Dylan",DL,0,12,0.0,1.825,0.0,21.0,0.0,1.85
2025,17121,"Graham, Mason",DL,0,13,0.0,4.418,0.0,56.5,0.0,4.97
2025,17056,"Etienne, Trevor",RB,0,13,0.0,0.444,0.0,0.0,0.0,0.0
2025,17236,"Peebles, Aeneas",DL,0,6,0.0,0.633,0.0,5.5,0.0,0.48
2025,15585,"Williams, Chris",DL,0,10,0.0,1.261,0.0,13.5,0.0,1.19
2025,16144,"Garcia, Elijah",DL,0,5,0.0,0.827,0.0,10.0,0.0,0.88
2025,17150,"Oladejo, Oluwafemi",DL,0,6,0.0,1.417,0.0,15.5,0.0,1.36
2025,13176,"Jones, Zay",WR,0,8,0.0,1.345,0.0,5.8,0.0,0.51
2025,15129,"Dorsey, Khalil",DB,0,7,0.0,0.033,0.0,8.6,0.0,0.76
2025,15148,"Franklin, Sam",DB,0,13,0.0,0.217,0.0,10.7,0.0,0.94
2025,14903,"Diggs, Trevon",DB,0,6,0.0,0.803,0.0,22.4,0.0,1.97
2025,16240,"Porter Jr., Joey",DB,0,10,0.0,3.939,0.0,71.5,0.0,6.29
2025,16728,"Pritchett, Nehemiah",DB,0,13,0.0,0.476,0.0,19.7,0.0,1.73
2025,17368,"Martin, Keyon",DB,0,12,0.0,1.867,0.0,35.4,0.0,3.12
2025,15945,"Lucas, Chase",DB,0,13,0.0,0.083,0.0,10.1,0.0,0.89
2025,16764,,DB,0,1,0.0,0.0,0.0,1.3,0.0,0.11
2025,14904,"Fulton, Kristian",DB,0,4,0.0,0.086,0.0,3.9,0.0,0.34
2025,13767,"Maddox, Avonte",DB,0,11,0.0,1.606,0.0,26.9,0.0,2.37
2025,16741,"Smith-Wade, Chau",DB,0,12,0.0,3.055,0.0,61.7,0.0,5.43
2025,12776,"Killebrew, Miles",DB,0,5,0.0,0.033,0.0,5.5,0.0,0.48
2025,16246,"Johnson, Antonio",DB,0,13,0.0,4.556,0.0,74.1,0.0,6.52
2025,15527,"Key, Devon",DB,0,13,0.0,0.503,0.0,27.3,0.0,2.4
2025,16720,"Richardson, Decamerion",DB,0,11,0.0,0.134,0.0,9.9,0.0,0.87
2025,15871,"Joseph, Kerby",DB,0,6,0.0,2.074,0.0,39.4,0.0,3.47
2025,16370,"Jones, Nic",DB,0,13,0.0,0.134,0.0,9.4,0.0,0.83
2025,16735,"Abrams-Draine, Kris",DB,0,13,0.0,1.89,0.0,31.5,0.0,2.77
2025,17059,"Gordon, Ollie",RB,0,13,0.0,1.713,0.0,11.4,0.0,1.0
2025,16356,"Valentine, Carrington",DB,0,13,0.0,1.28,0.0,36.3,0.0,3.19
2025,15880,"Evans, Akayleb",DB,0,12,0.0,0.192,0.0,8.4,0.0,0.74
2025,17365,"McMillon, Donovan",DB,0,13,0.0,0.37,0.0,16.3,0.0,1.43
2025,15650,"Prentice, Adam",RB,0,13,0.0,0.219,0.0,0.0,0.0,0.0
2025,14805,"Dillon, AJ",RB,0,6,0.0,0.134,0.0,0.0,0.0,0.0
2025,14555,"Olszewski, Gunner",WR,0,13,0.0,1.224,0.0,4.1,0.0,0.36
2025,12831,"Roberts, Elandon",LB,0,13,0.0,2.276,0.0,53.0,0.0,4.66
2025,16210,"Shorter, Justin",WR,0,7,0.0,0.132,0.0,0.0,0.0,0.0
2025,16476,"Jones, Cam",LB,0,6,0.0,0.0,0.0,2.5,0.0,0.22
2025,12231,"Thompson, Shaq",LB,0,9,0.0,3.047,0.0,50.0,0.0,4.4
2025,16749,"Solomon, Javon",DL,0,13,0.0,2.118,0.0,19.0,0.0,1.67
2025,15450,"McGrone, Cameron",LB,0,5,0.0,0.0,0.0,1.5,0.0,0.13
2025,15244,"Franks, Feleipe",TE,0,13,0.0,0.245,0.0,0.0,0.0,0.0
2025,17355,"Chambliss, Chaz",LB,0,9,0.0,0.556,0.0,11.0,0.0,0.97
2025,17209,"Black, Yahya",DL,0,13,0.0,2.261,0.0,28.0,0.0,2.46
2025,15378,"Oweh, Odafe",DL,0,13,0.0,4.565,0.0,57.5,0.0,5.06
2025,15541,"Stoll, Jack",TE,0,12,0.0,0.793,0.0,0.9,0.0,0.08
2025,16369,"Ojomo, Moro",DL,0,13,0.0,4.123,0.0,52.0,0.0,4.58
2025,16138,"Olubi, Segun",LB,0,13,0.0,0.164,0.0,12.0,0.0,1.06
2025,16496,"Russell, Brady",RB,0,13,0.0,0.019,0.0,0.0,0.0,0.0
2025,17126,"Stutsman, Danny",LB,0,13,0.0,0.668,0.0,26.0,0.0,2.29
2025,15823,"Harris, Christian",LB,0,11,0.0,0.037,0.0,5.0,0.0,0.44
2025,17358,"Bullock, John",LB,0,13,0.0,0.0,0.0,6.0,0.0,0.53
2025,16227,"Harrison, Zach",DL,0,7,0.0,3.786,0.0,49.0,0.0,4.31
2025,13940,"Mundt, Johnny",TE,0,12,0.0,0.759,0.0,0.0,0.0,0.0
2025,14164,"Jones, Dre'Mont",DL,0,14,0.0,5.289,0.0,73.0,0.0,6.42
2025,14215,"Saunders, Khalen",DL,0,5,0.0,0.245,0.0,4.0,0.0,0.35
2025,16017,"Hummel, Jake",LB,0,13,0.0,0.185,0.0,13.0,0.0,1.14
2025,15285,"Wallace, Tylan",WR,0,12,0.0,0.881,0.0,4.4,0.0,0.39
2025,14727,"Reynolds, Craig",RB,0,7,0.0,0.067,0.0,0.0,0.0,0.0
2025,12741,"Jones, Chris",DL,0,13,0.0,4.65,0.0,57.0,0.0,5.02
2025,13434,"Robertson-Harris, Roy",DL,0,13,0.0,2.799,0.0,29.0,0.0,2.55
2025,14672,"Reeder, Troy",LB,0,13,0.0,0.604,0.0,19.5,0.0,1.72
2025,16691,"Orhorhoro, Ruke",DL,0,13,0.0,3.323,0.0,31.0,0.0,2.73
2025,12218,"Armstead, Arik",DL,0,12,0.0,4.431,0.0,55.5,0.0,4.88
2025,15929,"Kieft, Ko",TE,0,3,0.0,0.0,0.0,0.0,0.0,0.0
2025,16275,"Mapu, Marte",LB,0,13,0.0,1.233,0.0,29.0,0.0,2.55
2025,17178,"Simon, Cody",LB,0,12,0.0,2.042,0.0,37.0,0.0,3.26
2025,16664,"Trotter Jr., Jeremiah",LB,0,13,0.0,0.165,0.0,12.5,0.0,1.1
2025,15767,"Jones, Velus",WR,0,7,0.0,0.325,0.0,0.0,0.0,0.0
2025,14506,"Pittman, Anthony",LB,0,1,0.0,0.0,0.0,1.0,0.0,0.09
2025,17058,"Brooks, Tahj",RB,0,15,0.0,0.259,0.0,0.0,0.0,0.0
2025,16710,"Hopper, Ty'Ron",LB,0,13,0.0,0.355,0.0,15.5,0.0,1.36
2025,15916,"Ogletree, Drew",TE,0,13,0.0,0.714,0.0,0.0,0.0,0.0
2025,16635,"McCaffrey, Luke",WR,0,9,0.0,2.625,0.0,22.0,0.0,1.94
2025,14420,"Ingold, Alec",RB,0,13,0.0,0.137,0.0,0.0,0.0,0.0
2025,16603,"Davis, Ray",RB,0,13,0.0,1.322,0.0,3.3,0.0,0.29
2025,17181,"Ransom, Lathan",DB,0,12,0.0,2.507,0.0,54.5,0.0,4.8
2025,14263,"Ballentine, Corey",DB,0,3,0.0,0.034,0.0,1.6,0.0,0.14
2025,16933,"Richardson, Demani",DB,0,13,0.0,0.404,0.0,11.1,0.0,0.98
2025,17175,"Smith, Arian",WR,0,12,0.0,0.481,0.0,0.0,0.0,0.0
2025,14283,"Wilson, Donovan",DB,0,11,0.0,4.654,0.0,72.6,0.0,6.39
2025,15414,"Nwangwu, Kene",RB,0,8,0.0,0.283,0.0,2.0,0.0,0.18
2025,16375,"Williamson, Kendall",DB,0,13,0.0,0.207,0.0,11.0,0.0,0.97
2025,16750,"Oladapo, Kitan",DB,0,13,0.0,0.033,0.0,5.5,0.0,0.48
2025,17229,"Lane, Rayuan",DB,0,13,0.0,0.755,0.0,20.7,0.0,1.82
2025,15859,"Taylor-Britt, Cam",DB,0,8,0.0,1.607,0.0,32.3,0.0,2.84
2025,15498,"Stuard, Grant",LB,0,13,0.0,0.13,0.0,12.8,0.0,1.13
2025,17098,"Horton, Tory",WR,0,8,0.0,2.876,0.0,38.8,0.0,3.41
2025,11872,"Harris, Shelby",DL,0,13,0.0,3.704,0.0,42.0,0.0,3.7
2025,16072,"Cochrane, Jack",LB,0,13,0.0,0.5,0.0,12.0,0.0,1.06
2025,13706,"Baker, Jerome",LB,0,13,0.0,0.915,0.0,24.5,0.0,2.16
2025,14237,"Gaines, Greg",DL,0,13,0.0,2.686,0.0,31.5,0.0,2.77
2025,16608,"Holani, George",RB,0,11,0.0,0.618,0.0,2.8,0.0,0.25
2025,16669,"Ford, Jaylan",LB,0,13,0.0,0.228,0.0,5.0,0.0,0.44
2025,17191,"Farmer, Joshua",DL,0,11,0.0,2.113,0.0,19.5,0.0,1.72
2025,17208,"Mauigoa, Francisco",LB,0,12,0.0,1.101,0.0,30.5,0.0,2.68
2025,16794,"Briggs, Jowon",DL,0,13,0.0,3.362,0.0,49.5,0.0,4.36
2025,16872,"Andreessen, Joe",LB,0,13,0.0,0.465,0.0,19.0,0.0,1.67
2025,13694,"Settle, Tim",DL,0,12,0.0,2.031,0.0,26.0,0.0,2.29
2025,15353,"Surratt, Chazz",LB,0,11,0.0,0.209,0.0,7.5,0.0,0.66
2025,15717,"Pierce, Dameon",RB,0,4,0.0,0.031,0.0,0.0,0.0,0.0
2025,13201,"Barnett, Derek",DL,0,13,0.0,2.529,0.0,28.0,0.0,2.46
2025,17330,"Stackhouse, Nazir",DL,0,12,0.0,0.654,0.0,7.0,0.0,0.62
2025,14548,"Bachman, Alex",WR,0,10,0.0,0.368,0.0,0.0,0.0,0.0
2025,17116,"Sawyer, Jack",DL,0,13,0.0,3.198,0.0,38.0,0.0,3.34
2025,16520,"Durden, Cory",DL,0,13,0.0,1.699,0.0,16.5,0.0,1.45
2025,16923,"Tillman, Dondrea",DL,0,13,0.0,4.13,0.0,50.5,0.0,4.44
2025,17148,"Collins, Alfred",DL,0,12,0.0,1.796,0.0,19.0,0.0,1.67
2025,17356,"McDonald, Cooper",LB,0,13,0.0,0.247,0.0,11.0,0.0,0.97
2025,13330,"Muhammad, Al-Quadin",DL,0,13,0.0,4.856,0.0,69.5,0.0,6.12
2025,12217,"Fowler, Dante",DL,0,13,0.0,3.713,0.0,40.0,0.0,3.52
2025,13933,"Ford, Poona",DL,0,13,0.0,3.635,0.0,44.0,0.0,3.87
2025,16291,"Adebawore, Adetomiwa",DL,0,13,0.0,3.521,0.0,42.5,0.0,3.74
2025,13802,"Martin, Jake",DL,0,13,0.0,4.541,0.0,56.0,0.0,4.93
2025,16318,"Hampton, Nick",LB,0,12,0.0,0.094,0.0,7.0,0.0,0.62
2025,15461,"Lopez, Roy",DL,0,13,0.0,2.627,0.0,31.0,0.0,2.73
2025,12361,"Nunez-Roches, Rakeem",DL,0,9,0.0,2.854,0.0,34.5,0.0,3.04
2025,14925,"Uche, Josh",DL,0,11,0.0,2.634,0.0,29.0,0.0,2.55
2025,12745,"Jones, Deion",LB,0,13,0.0,0.359,0.0,16.0,0.0,1.41
2025,13687,"Lewis, Tyquan",DL,0,9,0.0,1.734,0.0,27.0,0.0,2.38
2025,14878,"Gross-Matos, Yetur",DL,0,5,0.0,0.573,0.0,5.0,0.0,0.44
2025,13770,"Franklin-Myers, John",DL,0,13,0.0,3.984,0.0,49.5,0.0,4.36
2025,16273,"Young, Byron",DL,0,13,0.0,2.607,0.0,33.5,0.0,2.95
2025,16237,"Pappoe, Owen",LB,0,13,0.0,0.798,0.0,14.0,0.0,1.23
2025,17000,"Heyward, Shaka",LB,0,8,0.0,0.148,0.0,7.0,0.0,0.62
2025,12691,"Ogbah, Emmanuel",DL,0,11,0.0,2.064,0.0,20.0,0.0,1.76
2025,17247,"Bruener, Carson",LB,0,13,0.0,0.088,0.0,10.5,0.0,0.92
2025,16218,"Durham, Payne",TE,0,13,0.0,0.184,0.0,0.0,0.0,0.0
2025,17113,"Williams, Mykel",DL,0,9,0.0,2.629,0.0,31.5,0.0,2.77
2025,15918,"Jackson, Jordan",DL,0,4,0.0,0.46,0.0,5.0,0.0,0.44
2025,17242,"Toia, Jay",DL,0,5,0.0,0.471,0.0,3.0,0.0,0.26
2025,15559,"Williams, Jonah",DL,0,11,0.0,1.172,0.0,14.0,0.0,1.23
2025,16688,"Guerendo, Isaac",RB,0,13,0.0,0.056,0.0,0.0,0.0,0.0
2025,16299,"Davis, Derius",WR,0,10,0.0,0.562,0.0,0.0,0.0,0.0
2025,17232,"Wester, LaJohntay",WR,0,13,0.0,0.408,0.0,0.0,0.0,0.0
2025,13811,"Smith, Tremon",DB,0,13,0.0,1.011,0.0,26.7,0.0,2.35
2025,15965,"Chestnut, Julius",RB,0,13,0.0,0.185,0.0,0.0,0.0,0.0
2025,17033,"Milroe, Jalen",QB,0,3,0.0,0.042,0.0,0.0,0.0,0.0
2025,16350,"Jones, Jaylon",DB,0,6,0.0,0.965,0.0,19.4,0.0,1.71
2025,16255,"Banks, Deonte",DB,0,12,0.0,2.376,0.0,47.5,0.0,4.18
2025,15907,"Robinson, Dominique",DL,0,9,0.0,2.458,0.0,25.5,0.0,2.24
2025,16309,"Mitchell, Cameron",DB,0,6,0.0,0.206,0.0,10.3,0.0,0.91
2025,17230,"King, Kobe",LB,0,10,0.0,0.019,0.0,6.5,0.0,0.57
2025,17340,"Martin-Scott, Bam",LB,0,13,0.0,0.509,0.0,15.0,0.0,1.32
2025,17362,"Reid, Karene",LB,0,10,0.0,0.036,0.0,4.5,0.0,0.4
2025,13301,"Kazee, Damontae",DB,0,4,0.0,0.0,0.0,0.0,0.0,0.0
2025,16423,"Brownlee, Jason",WR,0,5,0.0,0.09,0.0,0.0,0.0,0.0
2025,17156,"Porter, Darien",DB,0,13,0.0,2.011,0.0,36.7,0.0,3.23
2025,13709,"Oliver, Isaiah",DB,0,13,0.0,3.367,0.0,61.7,0.0,5.43
2025,14110,"Sills, David",WR,0,13,0.0,1.224,0.0,2.5,0.0,0.22
2025,14963,"Thomas, Daniel",DB,0,8,0.0,0.267,0.0,8.3,0.0,0.73
2025,16315,"Luter, Darrell",DB,0,13,0.0,0.951,0.0,25.7,0.0,2.26
2025,15165,"Jones, Benito",DL,0,12,0.0,2.112,0.0,20.5,0.0,1.8
2025,17221,"Harris, Marcus",DB,0,12,0.0,1.482,0.0,30.5,0.0,2.68
2025,17050,"Mullings, Kalel",RB,0,5,0.0,0.0,0.0,0.0,0.0,0.0
2025,16907,"Roland-Wallace, Chris",DB,0,11,0.0,2.499,0.0,45.2,0.0,3.98
2025,14926,"Gay, Willie",LB,0,13,0.0,1.2,0.0,23.0,0.0,2.02
2025,12678,"Higbee, Tyler",TE,0,9,0.0,2.503,0.0,5.8,0.0,0.51
2025,17082,"Bryant, Pat",WR,0,13,0.0,2.736,0.0,10.9,0.0,0.96
2025,15469,"Hamlin, Damar",DB,0,5,0.0,0.017,0.0,1.3,0.0,0.11
2025,15814,"Thomas, Cameron",DL,0,13,0.0,2.408,0.0,26.5,0.0,2.33
2025,17333,"Cooper, Darius",WR,0,9,0.0,0.203,0.0,0.0,0.0,0.0
2025,14370,"Hudson, Tanner",TE,0,11,0.0,1.39,0.0,1.8,0.0,0.16
2025,15867,"Malone, DeAngelo",DL,0,9,0.0,1.323,0.0,11.5,0.0,1.01
2025,17215,"Ouzts, Robbie",RB,0,9,0.0,0.019,0.0,0.0,0.0,0.0
2025,16118,"Brown, Mike",DB,0,8,0.0,0.047,0.0,3.9,0.0,0.34
2025,14257,"Speed, E.J.",LB,0,13,0.0,1.925,0.0,41.0,0.0,3.61
2025,16321,"Smith, Christopher",DB,0,9,0.0,0.033,0.0,2.9,0.0,0.26
2025,15899,"Jackson, D'Marco",LB,0,12,0.0,1.19,0.0,26.5,0.0,2.33
2025,12955,"Manhertz, Chris",TE,0,13,0.0,0.146,0.0,0.0,0.0,0.0
2025,12988,"Jones, Jonathan",DB,0,9,0.0,2.088,0.0,38.0,0.0,3.34
2025,14198,"Ya-Sin, Rock",DB,0,13,0.0,1.906,0.0,43.5,0.0,3.83
2025,17353,"Walker, Jahdae",WR,0,6,0.0,0.113,0.0,0.0,0.0,0.0
2025,16761,"Hill, Jamal",LB,0,10,0.0,0.038,0.0,3.5,0.0,0.31
2025,17307,"Bentley, Ulysses",RB,0,1,0.0,0.0,0.0,0.0,0.0,0.0
2025,15369,"Patterson, Riley",PK,0,13,0.0,7.5,0.0,119.6,0.0,10.52
2025,16634,"Weaver, Xavier",WR,0,7,0.0,0.305,0.0,0.0,0.0,0.0
2025,15397,"Golston, Chauncey",DL,0,6,0.0,0.921,0.0,9.0,0.0,0.79
2025,16233,"Carter, Jalen",DL,0,11,0.0,5.056,0.0,64.5,0.0,5.68
2025,15408,"Sample, Cameron",DL,0,10,0.0,1.29,0.0,12.0,0.0,1.06
2025,15898,"Ogbonnia, Otito",DL,0,5,0.0,0.611,0.0,6.0,0.0,0.53
2025,16732,"Gould, Anthony",WR,0,11,0.0,0.656,0.0,0.0,0.0,0.0
2025,12802,"Reader, D.J.",DL,0,13,0.0,1.986,0.0,21.5,0.0,1.89
2025,14984,"Woerner, Charlie",TE,0,13,0.0,0.465,0.0,0.0,0.0,0.0
2025,12608,"Winchester, James",TE,0,13,0.0,0.146,0.0,0.0,0.0,0.0
2025,16771,"Crumedy, Jaden",DL,0,3,0.0,0.077,0.0,1.0,0.0,0.09
2025,14280,"Miller, Scotty",WR,0,9,0.0,0.174,0.0,0.0,0.0,0.0
2025,15379,"Tryon, Joe",DL,0,13,0.0,1.39,0.0,13.5,0.0,1.19
2025,16621,"Walker, Devontez",WR,0,8,0.0,1.074,0.0,8.5,0.0,0.75
2025,11286,"Jenkins, John",DL,0,13,0.0,3.469,0.0,43.5,0.0,3.83
2025,15103,"Gilliam, Reggie",RB,0,13,0.0,0.09,0.0,0.0,0.0,0.0
2025,15924,"Kendrick, Derion",DB,0,11,0.0,1.522,0.0,25.9,0.0,2.28
2025,14442,"Kuntz, Christian",LB,0,13,0.0,0.0,0.0,1.0,0.0,0.09
2025,16413,"Heath, Malik",WR,0,11,0.0,0.382,0.0,0.0,0.0,0.0
2025,16940,"Whiteheart, Blake",TE,0,13,0.0,0.253,0.0,0.0,0.0,0.0
2025,14359,"Johnson, Jakob",RB,0,7,0.0,0.034,0.0,0.0,0.0,0.0
2025,16277,"Johnson, DJ",DL,0,4,0.0,0.346,0.0,3.0,0.0,0.26
2025,17139,"Sanders, T.J.",DL,0,8,0.0,1.032,0.0,10.0,0.0,0.88
2025,16366,"Ivey, DJ",DB,0,13,0.0,0.067,0.0,9.4,0.0,0.83
2025,13260,"Tomlinson, Dalvin",DL,0,13,0.0,2.138,0.0,25.0,0.0,2.2
2025,13365,,DL,0,8,0.0,1.255,0.0,11.5,0.0,1.01
2025,13348,"Moore, David",WR,0,4,0.0,0.05,0.0,0.0,0.0,0.0
2025,17254,"Mumpfield, Konata",WR,0,14,0.0,0.867,0.0,0.0,0.0,0.0
2025,15785,"Melton, Bo",DB,0,12,0.0,1.593,0.0,32.4,0.0,2.85
2025,16254,"Kancey, Calijah",DL,0,2,0.0,0.346,0.0,3.0,0.0,0.26
2025,14236,"Amadi, Ugo",DB,0,6,0.0,0.017,0.0,0.0,0.0,0.0
2025,17244,"Lindenberg, Cody",LB,0,13,0.0,0.018,0.0,5.0,0.0,0.44
2025,13427,"Tonyan, Robert",TE,0,13,0.0,0.146,0.0,0.0,0.0,0.0
2025,12978,"Goodwin, C.J.",DB,0,13,0.0,0.271,0.0,16.0,0.0,1.41
2025,15433,"Loudermilk, Isaiahh",DL,0,2,0.0,0.038,0.0,0.0,0.0,0.0
2025,14260,"Holcomb, Cole",LB,0,10,0.0,1.701,0.0,31.0,0.0,2.73
2025,14012,"Ford, Mike",DB,0,13,0.0,0.524,0.0,19.7,0.0,1.73
2025,16954,"Wallace, Josh",DB,0,13,0.0,0.773,0.0,16.8,0.0,1.48
2025,14270,"Epps, Marcus",DB,0,9,0.0,0.3,0.0,11.2,0.0,0.99
2025,17343,"Jules, PJ",DB,0,13,0.0,0.476,0.0,18.8,0.0,1.65
2025,16472,"Thomas, Juanyeh",DB,0,7,0.0,1.233,0.0,28.8,0.0,2.53
2025,15614,"McCloud, Nick",DB,0,13,0.0,1.562,0.0,31.0,0.0,2.73
2025,17119,"Scourton, Nic",DL,0,13,0.0,4.514,0.0,53.0,0.0,4.66
2025,12699,"Billings, Andrew",DL,0,13,0.0,2.824,0.0,31.5,0.0,2.77
2025,14017,"Wilson, Jeffery",RB,0,2,0.0,0.0,0.0,0.0,0.0,0.0
2025,14991,"Fuller, Jordan",DB,0,6,0.0,0.052,0.0,2.6,0.0,0.23
2025,13216,"Cunningham, Zach",LB,0,4,0.0,0.113,0.0,7.0,0.0,0.62
2025,16045,"Schooler, Brenden",DB,0,12,0.0,0.343,0.0,13.1,0.0,1.15
2025,16869,"Richter, Bo",DL,0,13,0.0,1.17,0.0,10.0,0.0,0.88
2025,13926,"Board, Chris",LB,0,2,0.0,0.0,0.0,2.5,0.0,0.22
2025,16324,"Brooks, Karl",DL,0,12,0.0,2.349,0.0,22.0,0.0,1.94
2025,15344,"Bates, John",TE,0,12,0.0,0.634,0.0,0.0,0.0,0.0
2025,17214,"Burke, Denzel",DB,0,13,0.0,3.221,0.0,58.2,0.0,5.12
2025,16644,"Sinnott, Ben",TE,0,12,0.0,0.666,0.0,0.0,0.0,0.0
2025,16793,"Williams, James",LB,0,12,0.0,0.208,0.0,8.0,0.0,0.7
2025,17190,"Hemingway, Tonka",DL,0,5,0.0,0.964,0.0,12.0,0.0,1.06
2025,13963,"Hodge, KhaDarel",WR,0,11,0.0,0.429,0.0,0.0,0.0,0.0
2025,15878,"Clemons, Micheal",DL,0,13,0.0,2.638,0.0,30.0,0.0,2.64
2025,14319,"Beck, Andrew",RB,0,13,0.0,0.336,0.0,0.0,0.0,0.0
2025,15117,"Flannigan-Fowles, Demetrius",LB,0,7,0.0,1.663,0.0,24.5,0.0,2.16
2025,16221,"Schoonmaker, Luke",TE,0,13,0.0,0.614,0.0,0.0,0.0,0.0
2025,15795,"Kolar, Charlie",TE,0,13,0.0,1.315,0.0,0.3,0.0,0.03
2025,14858,"Jefferson, Van",WR,0,13,0.0,2.192,0.0,7.0,0.0,0.61
2025,17354,"Wax, Marlowe",LB,0,13,0.0,0.055,0.0,9.5,0.0,0.84
2025,17286,"Higgins, Jay",LB,0,9,0.0,0.108,0.0,6.5,0.0,0.57
2025,14197,"Savage, Darnell",DB,0,10,0.0,0.529,0.0,21.3,0.0,1.87
2025,17165,"Caldwell, Jamaree",DL,0,13,0.0,2.966,0.0,33.0,0.0,2.9
2025,16451,"Shavers, Tyrell",WR,0,13,0.0,1.731,0.0,11.1,0.0,0.98
2025,16335,"Matlock, Scott",RB,0,12,0.0,0.296,0.0,0.0,0.0,0.0
2025,17173,"Kiser, Jack",LB,0,13,0.0,0.034,0.0,7.0,0.0,0.62
2025,12758,"Bullard, Jonathan",DL,0,11,0.0,1.799,0.0,20.0,0.0,1.76
2025,16455,"Cox, Brenton",DL,0,1,0.0,0.0,0.0,0.0,0.0,0.0
2025,16620,"Worthy, Xavier",WR,13,14,4.005,4.215,0.0,23.0,0.0,2.02
2025,17255,"Lovett, Dominic",WR,0,12,0.0,0.195,0.0,0.0,0.0,0.0
2025,12782,"Onyemata, David",DL,0,13,0.0,4.91,0.0,56.0,0.0,4.93
2025,16012,"Alford, Dee",DB,0,12,0.0,5.595,0.0,97.2,0.0,8.55
2025,17140,"Mondon, Smael",LB,0,13,0.0,0.036,0.0,4.5,0.0,0.4
2025,16242,"Ringo, Kelee",DB,0,13,0.0,1.571,0.0,39.7,0.0,3.49
2025,13678,"Thomas, Ian",TE,0,13,0.0,1.142,0.0,0.0,0.0,0.0
2025,16629,"Wilson, Roman",WR,0,12,0.0,1.633,0.0,13.7,0.0,1.21
2025,17205,"Lambert-Smith, KeAndre",WR,0,7,0.0,0.243,0.0,0.0,0.0,0.0
2025,16113,"Smartt, Stone",TE,0,11,0.0,0.086,0.0,0.0,0.0,0.0
2025,13676,"Smythe, Durham",TE,0,13,0.0,0.174,0.0,0.0,0.0,0.0
2025,12754,"Collins, Maliek",DL,0,12,0.0,4.766,0.0,68.0,0.0,5.98
2025,17177,"West, CJ",DL,0,10,0.0,1.656,0.0,15.5,0.0,1.36
2025,16776,"Hadden, Kamal",DB,0,7,0.0,0.188,0.0,3.7,0.0,0.33
2025,16403,"Tinsley, Mitchell",WR,0,13,0.0,1.049,0.0,2.8,0.0,0.25
2025,17203,"Bassa, Jeffrey",LB,0,13,0.0,0.412,0.0,9.5,0.0,0.84
2025,16247,"Skinner, JL",DB,0,13,0.0,0.348,0.0,17.5,0.0,1.54
2025,15891,"Davidson, D.J.",DL,0,13,0.0,1.506,0.0,13.0,0.0,1.14
2025,17216,"Baron, Tyler",DL,0,6,0.0,1.091,0.0,11.0,0.0,0.97
2025,16864,"Washington, Carlos",RB,0,1,0.0,0.0,0.0,0.0,0.0,0.0
2025,16326,"Hayes, Josh",DB,0,13,0.0,0.358,0.0,16.7,0.0,1.47
2025,16059,"Ingram, Ja'Marcus",DB,0,7,0.0,0.051,0.0,7.3,0.0,0.64
2025,16730,"Magee, Jordan",LB,0,13,0.0,1.011,0.0,29.5,0.0,2.6
2025,16836,"Bailey, Levelle",LB,0,1,0.0,0.0,0.0,0.0,0.0,0.0
2025,16839,"Westover, Jack",TE,0,13,0.0,0.176,0.0,0.0,0.0,0.0
2025,15626,"Wright, Brock",TE,0,11,0.0,1.756,0.0,2.3,0.0,0.2
2025,16858,"Tipton, Mason",WR,0,12,0.0,0.971,0.0,0.1,0.0,0.01
2025,15449,"Britt, K.J.",LB,0,13,0.0,0.75,0.0,20.0,0.0,1.76
2025,17107,"Ferguson, Terrance",TE,0,11,0.0,0.925,0.0,0.0,0.0,0.0
2025,15985,"Bell, Markquese",DB,0,13,0.0,2.25,0.0,42.0,0.0,3.7
2025,17114,"Stewart, Shemar",DL,0,5,0.0,0.689,0.0,5.5,0.0,0.48
2025,17263,"Bridges, Trikweze",DB,0,12,0.0,1.258,0.0,26.8,0.0,2.36
2025,16463,"Merriweather, Kaevon",DB,0,11,0.0,0.507,0.0,11.9,0.0,1.05
2025,12238,"Perryman, Denzel",LB,0,8,0.0,1.851,0.0,33.0,0.0,2.9
2025,16657,"Dorlus, Brandon",DL,0,12,0.0,4.203,0.0,60.0,0.0,5.28
2025,15804,"Calcaterra, Grant",TE,0,11,0.0,0.194,0.0,0.0,0.0,0.0
2025,15121,"Huff, Bryce",DL,0,11,0.0,4.452,0.0,58.0,0.0,5.1
2025,15885,"Williams, Joshua",DB,0,11,0.0,0.068,0.0,3.4,0.0,0.3
2025,16281,"Brown, Ji'Ayir",DB,0,13,0.0,4.163,0.0,75.4,0.0,6.64
2025,12734,"Floyd, Leonard",DL,0,11,0.0,2.712,0.0,32.0,0.0,2.82
2025,13288,"Jenkins, Rayshawn",DB,0,13,0.0,1.687,0.0,45.3,0.0,3.99
2025,16305,"Abdullah, Yasir",LB,0,7,0.0,0.131,0.0,6.0,0.0,0.53
2025,12187,"Lockett, Tyler",WR,0,13,0.0,2.364,0.0,6.8,0.0,0.6
2025,14930,"Hamilton, Davon",DL,0,13,0.0,2.816,0.0,34.5,0.0,3.04
2025,16446,"Watts, Markees",DL,0,11,0.0,0.96,0.0,7.0,0.0,0.62
2025,15800,"Heyward, Connor",TE,0,13,0.0,0.543,0.0,0.0,0.0,0.0
2025,17246,"Crawford, Kitan",DB,0,12,0.0,0.572,0.0,18.5,0.0,1.63
2025,16336,"Braswell, Christian",DB,0,13,0.0,0.934,0.0,18.8,0.0,1.65
2025,16019,"Hansen, Jake",LB,0,13,0.0,0.211,0.0,12.0,0.0,1.06
2025,14146,"Sample, Drew",TE,0,13,0.0,0.859,0.0,0.0,0.0,0.0
2025,17197,"McWilliams, Mac",DB,0,4,0.0,0.033,0.0,1.3,0.0,0.11
2025,16890,"McGlothern, Dwight",DB,0,8,0.0,0.034,0.0,0.0,0.0,0.0
2025,17259,"Matavao, Moliki",TE,0,3,0.0,0.0,0.0,0.0,0.0,0.0
2025,13377,"Patrick, Tim",WR,0,12,0.0,2.365,0.0,16.2,0.0,1.42
2025,16232,"Morris, Mike",DL,0,13,0.0,1.961,0.0,20.5,0.0,1.8
2025,16733,"Bertrand, JD",LB,0,13,0.0,1.292,0.0,24.5,0.0,2.16
2025,16338,"Bernard-Converse, Jarrick",DB,0,9,0.0,0.017,0.0,3.2,0.0,0.28
2025,17204,"Roberts, Elijah",DL,0,13,0.0,3.201,0.0,35.5,0.0,3.12
2025,16647,"Spann-Ford, Brevyn",TE,0,13,0.0,1.092,0.0,0.0,0.0,0.0
2025,16798,"Kane, Sanoussi",DB,0,7,0.0,0.017,0.0,0.8,0.0,0.07
2025,16485,"Incoom, Thomas",LB,0,13,0.0,0.111,0.0,11.0,0.0,0.97
2025,17285,"Yurosek, Ben",TE,0,8,0.0,0.161,0.0,0.0,0.0,0.0
2025,12219,"Edwards, Mario",DL,0,13,0.0,1.818,0.0,20.0,0.0,1.76
2025,16005,"Jones, Tim",WR,0,4,0.0,0.1,0.0,0.0,0.0,0.0
2025,17143,"Thomas, Azareye'h",DB,0,12,0.0,2.12,0.0,37.6,0.0,3.31
2025,13736,"Stewart, M.J.",DB,0,9,0.0,1.711,0.0,32.5,0.0,2.86
2025,16391,"Luepke, Hunter",RB,0,13,0.0,0.843,0.0,0.0,0.0,0.0
2025,16527,"VanSumeren, Ben",LB,0,1,0.0,0.0,0.0,0.0,0.0,0.0
2025,16660,"Robinson, Darius",DL,0,11,0.0,2.509,0.0,29.0,0.0,2.55
2025,15595,"Campbell, Elijah",DB,0,10,0.0,0.033,0.0,6.0,0.0,0.53
2025,17303,"Collins, Beaux",WR,0,9,0.0,0.304,0.0,0.0,0.0,0.0
2025,15481,"Johnson, Patrick",DL,0,9,0.0,1.346,0.0,14.5,0.0,1.28
2025,13793,"Valdes-Scantling, Marquez",WR,0,6,0.0,0.231,0.0,0.0,0.0,0.0
2025,17357,"Thornton, Corey",DB,0,12,0.0,1.139,0.0,21.7,0.0,1.91
2025,13211,"Watkins, Carlos",DL,0,3,0.0,0.0,0.0,0.0,0.0,0.0
2025,16600,"Schrader, Cody",RB,0,1,0.0,0.0,0.0,0.0,0.0,0.0
2025,16656,"Braswell, Chris",DL,0,13,0.0,3.342,0.0,37.0,0.0,3.26
2025,13809,"Gage, Russell",WR,0,1,0.0,0.013,0.0,0.0,0.0,0.0
2025,16216,"Washington, Darnell",TE,0,13,0.0,2.578,0.0,1.7,0.0,0.15
2025,16755,,DL,0,4,0.0,0.168,0.0,2.0,0.0,0.18
2025,16447,"Vokolek, Travis",TE,0,5,0.0,0.062,0.0,0.0,0.0,0.0
2025,15094,"Locke, P.J.",DB,0,12,0.0,0.119,0.0,7.0,0.0,0.62
2025,16880,"Owens, Tyler",DB,0,13,0.0,0.137,0.0,13.6,0.0,1.2
2025,13785,"Neal, Siran",DB,0,13,0.0,0.12,0.0,13.2,0.0,1.16
2025,15905,"Quitoriano, Teagan",TE,0,13,0.0,0.115,0.0,0.0,0.0,0.0
2025,17187,"Riley, Quincy",DB,0,13,0.0,1.649,0.0,42.6,0.0,3.75
2025,13431,"Sanchez, Rigoberto",PN,0,13,0.0,5.708,0.0,79.0,0.0,6.95
2025,15124,"Pierre, James",DB,0,13,0.0,3.092,0.0,60.4,0.0,5.32
2025,16075,"Blount, Joey",DB,0,1,0.0,0.0,0.0,0.0,0.0,0.0
2025,16317,"Scott, Daniel",DB,0,4,0.0,0.0,0.0,2.6,0.0,0.23
2025,15604,"Zylstra, Shane",TE,0,2,0.0,0.0,0.0,0.0,0.0,0.0
2025,17109,"Evans, Mitchell",TE,0,13,0.0,1.592,0.0,1.8,0.0,0.16
2025,17361,"Ponder, Elijah",LB,0,11,0.0,2.048,0.0,33.5,0.0,2.95
2025,14358,"Browning, Jake",QB,0,5,0.0,1.269,0.0,20.7,0.0,1.82
2025,16405,"Romo, John Parker",PK,0,7,0.0,2.583,0.0,50.7,0.0,4.46
2025,11327,"Jefferson, Tony",DB,0,9,0.0,3.866,0.0,61.6,0.0,5.42
2025,10413,"Taylor, Tyrod",QB,0,6,0.0,1.811,0.0,12.5,0.0,1.1
2025,17152,"Norman-Lott, Omarr",DL,0,5,0.0,0.906,0.0,11.5,0.0,1.01
2025,13848,"Johnston, Cam",PN,0,3,0.0,0.875,0.0,9.0,0.0,0.79
2025,12301,,DL,0,5,0.0,1.301,0.0,17.0,0.0,1.5
2025,17037,"Gabriel, Dillon",QB,0,9,0.0,1.626,0.0,13.9,0.0,1.22
2025,13249,"White, Tre'Davious",DB,0,12,0.0,2.71,0.0,55.4,0.0,4.88
2025,16878,"Steward, Reddy",DB,0,12,0.0,4.043,0.0,68.4,0.0,6.02
2025,15618,"Jones, Naquan",DL,0,8,0.0,1.476,0.0,14.0,0.0,1.23
2025,16768,"Logue, Zion",DL,0,3,0.0,0.516,0.0,5.5,0.0,0.48
2025,16894,"McGregor, Braiden",DL,0,9,0.0,1.635,0.0,17.5,0.0,1.54
2025,16325,"Clark, Kei'Trel",DB,0,12,0.0,1.546,0.0,33.7,0.0,2.97
2025,16817,"Taylor, Leonard",DL,0,2,0.0,0.596,0.0,6.5,0.0,0.57
2025,14946,"Fotu, Leki",DL,0,6,0.0,1.461,0.0,15.0,0.0,1.32
2025,14894,"Jennings, Anfernee",DL,0,10,0.0,2.519,0.0,27.0,0.0,2.38
2025,14924,"Johnson, Jaylon",DB,0,3,0.0,0.105,0.0,6.0,0.0,0.53
2025,17182,"Sorrell, Barryn",DL,0,12,0.0,0.776,0.0,6.5,0.0,0.57
2025,16553,"Mustipher, P.J.",DL,0,12,0.0,2.463,0.0,27.5,0.0,2.42
2025,16352,"Hellams, DeMarcco",DB,0,11,0.0,0.357,0.0,14.0,0.0,1.23
2025,17373,"Jenkins, Keonta",DB,0,2,0.0,0.033,0.0,4.2,0.0,0.37
2025,16778,"Flournoy, Ryan",WR,0,14,0.0,4.27,0.0,38.8,0.0,3.42
2025,16384,"Bagent, Tyson",QB,0,3,0.0,0.043,0.0,0.0,0.0,0.0
2025,14379,"Woods, Josh",LB,0,9,0.0,0.227,0.0,7.5,0.0,0.66
2025,16780,"Jean-Baptiste, Javontae",DL,0,3,0.0,0.827,0.0,10.0,0.0,0.88
2025,15935,"Goode, Cameron",LB,0,12,0.0,0.093,0.0,10.0,0.0,0.88
2025,16630,"Williams, Isaiah",WR,0,13,0.0,3.135,0.0,22.2,0.0,1.95
2025,17374,"Ravenell, C.J.",DL,0,10,0.0,0.747,0.0,5.5,0.0,0.48
2025,16762,"Wingo, Mekhi",DL,0,1,0.0,0.192,0.0,1.5,0.0,0.13
2025,13959,"Williams, Darious",DB,0,10,0.0,2.139,0.0,42.6,0.0,3.75
2025,17158,"Broughton, Vernon",DL,0,1,0.0,0.192,0.0,1.5,0.0,0.13
2025,14675,"Tuttle, Shy",DL,0,10,0.0,1.469,0.0,13.0,0.0,1.14
2025,16922,"Green, Art",DB,0,7,0.0,0.034,0.0,6.3,0.0,0.55
2025,16457,"Izien, Christian",DB,0,10,0.0,0.961,0.0,16.4,0.0,1.44
2025,15441,"Hobbs, Nate",DB,0,8,0.0,0.943,0.0,24.0,0.0,2.11
2025,14452,"Lammons, Chris",DB,0,10,0.0,1.567,0.0,30.6,0.0,2.69
2025,17376,"Knowles, Kevin",DB,0,9,0.0,0.207,0.0,12.2,0.0,1.07
2025,16023,"Bell, D'Anthony",DB,0,12,0.0,0.89,0.0,20.5,0.0,1.8
2025,16054,"Blackwell, Josh",DB,0,11,0.0,0.309,0.0,15.8,0.0,1.39
2025,16572,"Okada, Ty",DB,0,12,0.0,5.383,0.0,85.4,0.0,7.52
2025,13115,"Trubisky, Mitchell",QB,0,3,0.0,0.091,0.0,0.0,0.0,0.0
2025,17199,"Hamilton, Ty",DL,0,11,0.0,0.703,0.0,5.5,0.0,0.48
2025,14876,"Deguara, Josiah",TE,0,8,0.0,0.115,0.0,0.0,0.0,0.0
2025,16175,"Johnson, Roschon",RB,0,7,0.0,0.0,0.0,0.0,0.0,0.0
2025,15341,"Morris, Quintin",TE,0,10,0.0,0.193,0.0,0.0,0.0,0.0
2025,16424,"Mims, Jordan",RB,0,1,0.0,0.0,0.0,0.0,0.0,0.0
2025,15399,"Rice, Monty",LB,0,1,0.0,0.0,0.0,1.0,0.0,0.09
2025,15830,"Muma, Chad",LB,0,5,0.0,0.036,0.0,4.0,0.0,0.35
2025,17372,,DB,0,3,0.0,0.0,0.0,1.6,0.0,0.14
2025,16820,"Brade, Beau",DB,0,11,0.0,0.034,0.0,2.1,0.0,0.18
2025,15420,,DB,0,3,0.0,0.0,0.0,2.1,0.0,0.18
2025,13595,"Rudolph, Mason",QB,0,5,0.0,0.699,0.0,0.0,0.0,0.0
2025,16740,"Jackson, Brennan",DL,0,3,0.0,0.349,0.0,3.5,0.0,0.31
2025,17154,"Alexander, Darius",DL,0,12,0.0,1.999,0.0,27.0,0.0,2.38
2025,15443,"Wallow, Garret",LB,0,7,0.0,0.019,0.0,2.0,0.0,0.18
2025,14975,"Murchison, Larrell",DL,0,12,0.0,1.547,0.0,15.5,0.0,1.36
2025,16697,"Smith, Maason",DL,0,12,0.0,1.263,0.0,11.0,0.0,0.97
2025,17010,"Bozeman, Swayze",LB,0,6,0.0,0.057,0.0,3.5,0.0,0.31
2025,15941,"Young, Dareke",WR,0,6,0.0,0.608,0.0,2.7,0.0,0.24
2025,12680,"Vannett, Nick",TE,0,6,0.0,0.096,0.0,0.0,0.0,0.0
2025,13231,"Peppers, Jabrill",DB,0,10,0.0,1.18,0.0,19.5,0.0,1.72
2025,16571,"McCollum, Tristin",DB,0,12,0.0,0.432,0.0,15.0,0.0,1.32
2025,17257,"Black, Korie",DB,0,7,0.0,1.192,0.0,20.9,0.0,1.84
2025,17261,"Biggers, Zeek",DL,0,5,0.0,1.145,0.0,11.5,0.0,1.01
2025,16217,"Latu, Cameron",TE,0,12,0.0,0.225,0.0,0.0,0.0,0.0
2025,15303,"Fehoko, Simi",WR,0,8,0.0,0.251,0.0,0.0,0.0,0.0
2025,16261,"Brents, Julius",DB,0,7,0.0,1.171,0.0,21.7,0.0,1.91
2025,16393,"Bobo, Jake",WR,0,8,0.0,0.24,0.0,0.0,0.0,0.0
2025,13879,"Allen, Kyle",QB,0,3,0.0,0.0,0.0,0.0,0.0,0.0
2025,15538,"Rhattigan, Jon",LB,0,9,0.0,0.038,0.0,2.5,0.0,0.22
2025,17176,"Robinson, Ty",DL,0,7,0.0,0.506,0.0,2.0,0.0,0.18
2025,17064,"Hunter, Jarquez",RB,0,5,0.0,0.0,0.0,0.0,0.0,0.0
2025,17337,"Scott, Zavier",RB,0,12,0.0,0.78,0.0,8.2,0.0,0.72
2025,17375,"Mitchell-Paden, Zaire",TE,0,7,0.0,0.163,0.0,0.0,0.0,0.0
2025,16659,"Murphy, Gabriel",DL,0,1,0.0,0.038,0.0,0.0,0.0,0.0
2025,14967,"Vildor, Kindle",DB,0,8,0.0,1.504,0.0,22.1,0.0,1.94
2025,17348,"Carter, Nathan",RB,0,5,0.0,0.0,0.0,0.0,0.0,0.0
2025,17239,"Mickens, R.J.",DB,0,10,0.0,1.978,0.0,39.0,0.0,3.43
2025,16816,"Brooks, British",RB,0,11,0.0,0.154,0.0,0.0,0.0,0.0
2025,17264,"Minor, Kobee",DB,0,2,0.0,0.0,0.0,0.0,0.0,0.0
2025,14875,"Bryant, Harrison",TE,0,8,0.0,0.246,0.0,0.0,0.0,0.0
2025,16311,"Howden, Jordan",DB,0,12,0.0,1.898,0.0,37.9,0.0,3.34
2025,13632,"Lazard, Allen",WR,0,9,0.0,0.777,0.0,1.0,0.0,0.09
2025,13270,"Moreau, Fabian",DB,0,7,0.0,0.397,0.0,16.6,0.0,1.46
2025,17262,"Diggs, Fadil",DL,0,3,0.0,0.08,0.0,0.0,0.0,0.0
2025,17194,"Jackson, Cam",DL,0,5,0.0,0.295,0.0,2.5,0.0,0.22
2025,16367,"Willis, Brayden",TE,0,5,0.0,0.062,0.0,0.0,0.0,0.0
2025,17129,"Morrison, Benjamin",DB,0,7,0.0,1.179,0.0,21.9,0.0,1.93
2025,17149,"Tuimoloau, JT",DL,0,10,0.0,1.261,0.0,15.0,0.0,1.32
2025,13273,"Griffin, Shaq",DB,0,2,0.0,0.672,0.0,9.1,0.0,0.8
2025,13124,"Rush, Cooper",QB,0,4,0.0,0.042,0.0,0.0,0.0,0.0
2025,17137,"Harmon, Derrick",DL,0,9,0.0,3.152,0.0,35.0,0.0,3.08
2025,16532,"Nowaske, Trevor",LB,0,11,0.0,0.928,0.0,23.0,0.0,2.02
2025,16513,"London, LaCale",DL,0,7,0.0,2.739,0.0,41.0,0.0,3.61
2025,17371,"Keys, Austin",LB,0,9,0.0,0.316,0.0,9.5,0.0,0.84
2025,15358,"Togiai, Tommy",DL,0,11,0.0,4.687,0.0,56.5,0.0,4.97
2025,15422,"Wilson, Marco",DB,0,4,0.0,0.0,0.0,3.9,0.0,0.34
2025,16334,"Reed, Jerrick",DB,0,6,0.0,0.017,0.0,4.2,0.0,0.37
2025,13762,"White, Kyzir",LB,0,1,0.0,0.037,0.0,2.5,0.0,0.22
2025,17382,"Wright, Jacardia",RB,0,1,0.0,0.0,0.0,0.0,0.0,0.0
2025,17381,"Clark, Dean",DB,0,8,0.0,0.051,0.0,4.7,0.0,0.41
2025,16979,"Grandy, Cam",TE,0,3,0.0,0.05,0.0,0.0,0.0,0.0
2025,14942,"Burgess, Terrell",DB,0,11,0.0,0.766,0.0,23.2,0.0,2.04
2025,15676,"Anderson, Zayne",DB,0,11,0.0,0.409,0.0,14.3,0.0,1.26
2025,14799,"Akers, Cam",RB,0,3,0.0,0.188,0.0,0.0,0.0,0.0
2025,15818,"Leal, DeMarvin",DL,0,3,0.0,0.157,0.0,2.0,0.0,0.18
2025,12481,"Hewitt, Neville",LB,0,11,0.0,0.111,0.0,7.5,0.0,0.66
2025,16828,"Njongmeta, Maema",LB,0,11,0.0,0.073,0.0,5.5,0.0,0.48
2025,17380,,DL,0,1,0.0,0.058,0.0,1.5,0.0,0.13
2025,17383,"Jones, Carl",LB,0,8,0.0,0.152,0.0,6.5,0.0,0.57
2025,10783,"Smith, Harrison",DB,0,11,0.0,4.52,0.0,67.9,0.0,5.98
2025,16302,"Lacy, Tyler",DL,0,9,0.0,1.85,0.0,18.5,0.0,1.63
2025,17282,"Brosmer, Max",QB,0,5,0.0,0.098,0.0,0.0,0.0,0.0
2025,16064,"Flowers, Dallis",DB,0,1,0.0,0.0,0.0,1.3,0.0,0.11
2025,15879,"Armour-Davis, Jalyn",DB,0,9,0.0,1.952,0.0,38.6,0.0,3.4
2025,17378,,DB,0,5,0.0,0.103,0.0,6.0,0.0,0.53
2025,16913,,DB,0,10,0.0,0.131,0.0,8.3,0.0,0.73
2025,13818,,DB,0,3,0.0,0.017,0.0,2.1,0.0,0.18
2025,16877,"Davis, Kaden",WR,0,2,0.0,0.025,0.0,0.0,0.0,0.0
2025,17379,"Mascarenas-Arnold, Easton",LB,0,10,0.0,0.152,0.0,4.5,0.0,0.4
2025,17325,"Campbell, Dalevon",WR,0,2,0.0,0.025,0.0,0.0,0.0,0.0
2025,16678,"Vaki, Sione",RB,0,7,0.0,0.104,0.0,0.0,0.0,0.0
2025,14057,"Lock, Drew",QB,0,5,0.0,0.042,0.0,0.0,0.0,0.0
2025,15730,"Goodson, Tyler",RB,0,8,0.0,0.074,0.0,0.0,0.0,0.0
2025,17384,"Goodlow, Anthony",DL,0,3,0.0,0.329,0.0,4.5,0.0,0.4
2025,13755,"Holmes, Jalyn",DL,0,7,0.0,1.177,0.0,11.0,0.0,0.97
2025,11807,"Urban, Brent",DL,0,11,0.0,2.032,0.0,19.5,0.0,1.72
2025,17183,"Kennard, Kyle",DL,0,3,0.0,0.302,0.0,2.0,0.0,0.18
2025,16152,"Richardson, Anthony",QB,0,2,0.0,0.0,0.0,0.0,0.0,0.0
2025,15257,"Sermon, Trey",RB,0,4,0.0,0.09,0.0,0.0,0.0,0.0
2025,16474,"Adkins, Nate",TE,0,6,0.0,0.715,0.0,0.1,0.0,0.01
2025,16556,"Bonner, Ethan",DB,0,10,0.0,1.45,0.0,28.0,0.0,2.46
2025,16585,"Milton, Joe",QB,0,2,0.0,0.19,0.0,0.0,0.0,0.0
2025,17326,"Reed, Nikko",DB,0,4,0.0,0.034,0.0,3.6,0.0,0.32
2025,15177,"Bryant, Myles",DB,0,7,0.0,1.986,0.0,30.9,0.0,2.72
2025,17039,"Shough, Tyler",QB,0,7,0.0,2.184,0.0,21.7,0.0,1.91
2025,16483,"Sims, Ben",TE,0,7,0.0,0.036,0.0,0.0,0.0,0.0
2025,15684,,DB,0,6,0.0,0.016,0.0,1.3,0.0,0.11
2025,16557,"Fisk, Tucker",TE,0,10,0.0,0.226,0.0,0.0,0.0,0.0
2025,16258,"Smith, Mazi",DL,0,7,0.0,0.289,0.0,1.5,0.0,0.13
2025,16516,"Wheat, Tyrus",DL,0,11,0.0,1.898,0.0,22.0,0.0,1.94
2025,17151,"Turner, Shemar",DL,0,5,0.0,1.086,0.0,12.0,0.0,1.06
2025,13988,"Dwelley, Ross",TE,0,11,0.0,0.182,0.0,0.0,0.0,0.0
2025,16709,"Jones, Elijah",DB,0,7,0.0,0.017,0.0,0.0,0.0,0.0
2025,16058,"Herring, Malik",DL,0,2,0.0,0.042,0.0,0.0,0.0,0.0
2025,16183,"Hyatt, Jalin",WR,0,7,0.0,0.493,0.0,0.0,0.0,0.0
2025,16030,"Fox, Tomon",DL,0,5,0.0,0.473,0.0,3.5,0.0,0.31
2025,12976,"Hamilton, Antonio",DB,0,11,0.0,0.299,0.0,10.2,0.0,0.9
2025,15765,"Austin, Kevin",WR,0,4,0.0,0.063,0.0,0.0,0.0,0.0
2025,15933,"Brown, Montaric",DB,0,11,0.0,3.232,0.0,56.2,0.0,4.95
2025,17287,"Ivey, Jared",LB,0,2,0.0,0.0,0.0,0.0,0.0,0.0
2025,16376,"Johnson, Desjuan",DL,0,2,0.0,0.204,0.0,3.5,0.0,0.31
2025,15423,"Brown, Tre",DB,0,6,0.0,0.017,0.0,0.0,0.0,0.0
2025,15807,"Ojabo, David",DL,0,10,0.0,1.27,0.0,11.0,0.0,0.97
2025,14065,"Rypien, Brett",QB,0,1,0.0,0.0,0.0,0.0,0.0,0.0
2025,12447,"Mostert, Raheem",RB,0,12,0.0,1.102,0.0,2.7,0.0,0.24
2025,13414,"Hilton, Mike",DB,0,2,0.0,0.569,0.0,9.5,0.0,0.84
2025,16848,"McAtamney, Jude",PK,0,4,0.0,0.375,0.0,11.3,0.0,0.99
2025,17386,"Williams, Elijah",DL,0,4,0.0,0.719,0.0,8.5,0.0,0.75
2025,17389,"Okoye, CJ",DL,0,10,0.0,1.404,0.0,16.0,0.0,1.41
2025,15909,"Mitchell, James",TE,0,4,0.0,0.216,0.0,0.0,0.0,0.0
2025,13157,"Samuel, Curtis",WR,0,6,0.0,0.939,0.0,4.6,0.0,0.41
2025,16251,"Gonzalez, Christian",DB,0,10,0.0,4.48,0.0,72.2,0.0,6.35
2025,12785,"Robinson, Demarcus",WR,0,10,0.0,1.157,0.0,0.0,0.0,0.0
2025,17388,,DL,0,7,0.0,0.5,0.0,5.5,0.0,0.48
2025,13797,,DB,0,5,0.0,0.175,0.0,2.6,0.0,0.23
2025,15771,"Martin, Tay",WR,0,3,0.0,0.094,0.0,0.0,0.0,0.0
2025,11706,"Clowney, Jadeveon",DL,0,9,0.0,4.073,0.0,58.5,0.0,5.15
2025,17390,"Edwards, Johnathan",DB,0,8,0.0,0.824,0.0,21.8,0.0,1.92
2025,16029,"Avery, Tre",DB,0,6,0.0,0.162,0.0,6.6,0.0,0.58
2025,12229,"Phillips, Jordan",DL,0,9,0.0,1.714,0.0,17.5,0.0,1.54
2025,17086,"Royals, Jalen",WR,0,4,0.0,0.069,0.0,0.0,0.0,0.0
2025,14543,,LB,0,3,0.0,0.019,0.0,3.0,0.0,0.26
2025,13965,,DL,0,2,0.0,0.287,0.0,1.5,0.0,0.13
2025,16293,"Phillips, Clark",DB,0,1,0.0,0.016,0.0,1.3,0.0,0.11
2025,15348,"Basham, Carlos",DL,0,3,0.0,0.519,0.0,3.0,0.0,0.26
2025,17211,"Hancock, Jordan",DB,0,9,0.0,0.522,0.0,14.7,0.0,1.29
2025,17219,"Pegues, JJ",DL,0,5,0.0,0.71,0.0,6.5,0.0,0.57
2025,14948,"Walker, Mykal",LB,0,10,0.0,0.461,0.0,12.0,0.0,1.06
2025,16770,"Boyd, Khristian",DL,0,2,0.0,0.178,0.0,1.5,0.0,0.13
2025,16486,,DL,0,10,0.0,0.973,0.0,8.0,0.0,0.7
2025,16461,"Sewell, Nephi",LB,0,3,0.0,0.0,0.0,0.0,0.0,0.0
2025,16721,"Jefferson, Jordan",DL,0,2,0.0,0.042,0.0,0.0,0.0,0.0
2025,17385,"Runyon, Carter",TE,0,9,0.0,0.246,0.0,0.0,0.0,0.0
2025,12715,"Apple, Eli",DB,0,1,0.0,0.0,0.0,0.0,0.0,0.0
2025,16796,"Culp, Devin",TE,0,10,0.0,0.153,0.0,0.0,0.0,0.0
2025,16322,"Beal, Robert",DL,0,6,0.0,0.623,0.0,7.5,0.0,0.66
2025,15798,"Likely, Isaiah",TE,0,13,0.0,2.819,0.0,7.3,0.0,0.64
2025,16395,"Cropper, Jalen",WR,0,3,0.0,0.078,0.0,0.0,0.0,0.0
2025,16928,"Harper, Thomas",DB,0,10,0.0,1.972,0.0,42.1,0.0,3.7
2025,17170,"Jones, Sai'vion",DL,0,2,0.0,0.079,0.0,0.0,0.0,0.0
2025,17351,"Green, B.J.",DL,0,10,0.0,0.826,0.0,8.0,0.0,0.7
2025,16815,"Jacobs, Curtis",LB,0,3,0.0,0.0,0.0,0.0,0.0,0.0
2025,17334,"Meeks, Jackson",WR,0,2,0.0,0.0,0.0,0.0,0.0,0.0
2025,13685,"Okoronkwo, Ogbonnia",DL,0,1,0.0,0.042,0.0,0.0,0.0,0.0
2025,17233,"Medrano, Kain",LB,0,5,0.0,0.02,0.0,4.0,0.0,0.35
2025,13119,"Dobbs, Joshua",QB,0,2,0.0,0.042,0.0,0.0,0.0,0.0
2025,14873,"Okwuegbunam, Albert",TE,0,1,0.0,0.312,0.0,0.1,0.0,0.01
2025,12155,"Abdullah, Ameer",RB,0,9,0.0,0.65,0.0,0.0,0.0,0.0
2025,16962,"Bates, Brenden",TE,0,4,0.0,0.175,0.0,0.0,0.0,0.0
2025,15454,"Williams, Avery",RB,0,1,0.0,0.156,0.0,0.0,0.0,0.0
2025,17234,"Horn, Jimmy",WR,0,9,0.0,0.626,0.0,0.0,0.0,0.0
2025,14815,"Dallas, DeeJay",RB,0,3,0.0,0.078,0.0,0.0,0.0,0.0
2025,15385,"Ojulari, Azeez",DL,0,3,0.0,0.722,0.0,7.0,0.0,0.62
2025,17394,"Lowery, Reuben",DB,0,1,0.0,0.3,0.0,4.5,0.0,0.4
2025,14962,"Gipson, Trevis",DL,0,9,0.0,1.468,0.0,13.5,0.0,1.19
2025,17359,"Williams, Josh",RB,0,3,0.0,0.062,0.0,0.0,0.0,0.0
2025,15870,"Carter, Zachary",DL,0,2,0.0,0.574,0.0,6.5,0.0,0.57
2025,15998,"Ray, LaBryan",DL,0,9,0.0,1.069,0.0,10.5,0.0,0.92
2025,15820,"Mathis, Phidarian",DL,0,3,0.0,0.261,0.0,3.5,0.0,0.31
2025,15240,"Lance, Trey",QB,0,3,0.0,0.083,0.0,0.0,0.0,0.0
2025,14906,,DB,0,2,0.0,0.1,0.0,3.9,0.0,0.34
2025,17392,"Washington, Trey",DB,0,4,0.0,0.118,0.0,3.2,0.0,0.28
2025,16636,"Corley, Malachi",WR,0,9,0.0,0.91,0.0,0.0,0.0,0.0
2025,17349,"Larvadain, Gage",WR,0,9,0.0,0.651,0.0,0.0,0.0,0.0
2025,12716,"Mills, Jalen",DB,0,4,0.0,0.102,0.0,3.7,0.0,0.33
2025,12270,"Smith, Preston",DL,0,9,0.0,1.418,0.0,16.5,0.0,1.45
2025,14200,"Tavai, Jahlani",LB,0,8,0.0,0.832,0.0,17.5,0.0,1.54
2025,17069,"Blue, Jaydon",RB,0,4,0.0,0.105,0.0,0.0,0.0,0.0
2025,17319,"Clark, Alijah",DB,0,8,0.0,0.749,0.0,18.8,0.0,1.65
2025,17001,"Brooks, Kendell",DB,0,7,0.0,0.206,0.0,5.5,0.0,0.48
2025,16364,"Brooks, Jalen",WR,0,2,0.0,0.232,0.0,0.0,0.0,0.0
2025,15082,"Barnes, Krys",LB,0,4,0.0,0.462,0.0,9.5,0.0,0.84
2025,17393,,DB,0,1,0.0,0.033,0.0,0.8,0.0,0.07
2025,15406,,DB,0,8,0.0,0.211,0.0,7.9,0.0,0.7
2025,15271,"Herbert, Khalil",RB,0,3,0.0,0.03,0.0,0.0,0.0,0.0
2025,16715,"Jackson, McKinnley",DL,0,5,0.0,0.224,0.0,1.5,0.0,0.13
2025,16529,"Leota, Eku",LB,0,3,0.0,0.0,0.0,0.5,0.0,0.04
2025,12923,"Ham, C.J.",RB,0,7,0.0,0.0,0.0,0.0,0.0,0.0
2025,14151,"Ferrell, Clelin",DL,0,5,0.0,2.269,0.0,36.5,0.0,3.21
2025,17270,,DB,0,2,0.0,0.05,0.0,2.1,0.0,0.18
2025,15458,"Tuipulotu, Marlon",DL,0,2,0.0,0.111,0.0,0.5,0.0,0.04
2025,17145,"Winston, Kevin",DB,0,9,0.0,3.112,0.0,50.4,0.0,4.44
2025,14292,"Summers, Ty",LB,0,5,0.0,0.0,0.0,0.5,0.0,0.04
2025,16056,,DL,0,5,0.0,0.578,0.0,6.0,0.0,0.53
2025,13669,"Turner, Malik",WR,0,2,0.0,0.128,0.0,0.0,0.0,0.0
2025,16792,"Washington, Tahj",WR,0,4,0.0,0.076,0.0,0.0,0.0,0.0
2025,13777,"Nichols, Bilal",DL,0,4,0.0,0.186,0.0,1.5,0.0,0.13
2025,14239,"Moreau, Foster",TE,0,9,0.0,0.488,0.0,0.0,0.0,0.0
2025,13778,"Flowers, Tre",DB,0,2,0.0,0.017,0.0,0.0,0.0,0.0
2025,16220,"Mallory, Will",TE,0,1,0.0,0.031,0.0,0.0,0.0,0.0
2025,17243,"Fidone, Thomas",TE,0,7,0.0,0.186,0.0,0.0,0.0,0.0
2025,17117,"Jackson, Landon",DL,0,3,0.0,0.037,0.0,0.0,0.0,0.0
2025,16043,"Havrisik, Lucas",PK,0,3,0.0,1.75,0.0,23.4,0.0,2.06
2025,14118,"Humphrey, Lil'Jordan",WR,0,6,0.0,0.761,0.0,1.4,0.0,0.13
2025,15920,"Roberts, Sam",DL,0,5,0.0,1.886,0.0,20.5,0.0,1.8
2025,15852,"Gordon, Kyler",DB,0,3,0.0,0.774,0.0,17.1,0.0,1.5
2025,14426,"Wright, Matthew",PK,0,4,0.0,1.542,0.0,22.8,0.0,2.01
2025,11840,"O'Donnell, Pat",PN,0,5,0.0,1.292,0.0,13.0,0.0,1.14
2025,15089,"Roach, Malcolm",DL,0,8,0.0,3.082,0.0,38.0,0.0,3.34
2025,17269,"Chism, Efton",WR,0,7,0.0,1.035,0.0,3.9,0.0,0.35
2025,15424,"Johnson, Buddy",LB,0,8,0.0,0.326,0.0,11.0,0.0,0.97
2025,13547,"Maulet, Art",DB,0,6,0.0,1.062,0.0,23.7,0.0,2.09
2025,17396,"Williams, Ke'Shawn",WR,0,8,0.0,0.477,0.0,0.0,0.0,0.0
2025,13622,"Hines, Nyheim",RB,0,3,0.0,0.033,0.0,0.0,0.0,0.0
2025,17189,"Robinson, Quandarrius",DL,0,5,0.0,1.572,0.0,14.5,0.0,1.28
2025,17317,"Castro, Sebastian",DB,0,5,0.0,0.016,0.0,2.6,0.0,0.23
2025,17398,"Jackson, Keondre",DB,0,8,0.0,0.483,0.0,18.0,0.0,1.58
2025,11317,"Poyer, Jordan",DB,0,8,0.0,3.55,0.0,58.2,0.0,5.12
2025,14112,"Campbell, Parris",WR,0,1,0.0,0.026,0.0,0.0,0.0,0.0
2025,16328,"Barnes, Zaire",LB,0,7,0.0,1.381,0.0,28.0,0.0,2.46
2025,17397,"Striggow, Danny",DL,0,8,0.0,1.815,0.0,20.5,0.0,1.8
2025,15977,"Thompkins, Deven",WR,0,3,0.0,0.535,0.0,0.0,0.0,0.0
2025,16957,"Jennings, Terrell",RB,0,7,0.0,0.591,0.0,4.6,0.0,0.41
2025,12796,"Jefferson, Quinton",DL,0,1,0.0,0.0,0.0,0.0,0.0,0.0
2025,16658,"Thomas, Xavier",DL,0,4,0.0,0.037,0.0,0.0,0.0,0.0
2025,17228,"Brinson, Warren",DL,0,7,0.0,1.183,0.0,11.0,0.0,0.97
2025,13479,"Davis, Michael",DB,0,8,0.0,0.051,0.0,3.4,0.0,0.3
2025,14310,"Bell, Quinton",DL,0,3,0.0,0.019,0.0,0.5,0.0,0.04
2025,17315,,DB,0,3,0.0,0.0,0.0,1.3,0.0,0.11
2025,16340,"Hallett, Erick",DB,0,2,0.0,0.55,0.0,9.4,0.0,0.83
2025,15906,"Womack, Samuel",DB,0,5,0.0,0.258,0.0,5.7,0.0,0.5
2025,15440,"Taylor, Keith",DB,0,2,0.0,0.397,0.0,6.8,0.0,0.6
2025,16523,"Wright, Owen",RB,0,3,0.0,0.016,0.0,0.0,0.0,0.0
2025,15902,"Otomewo, Esezi",DL,0,8,0.0,0.613,0.0,5.5,0.0,0.48
2025,12083,"Autry, Denico",DL,0,8,0.0,1.57,0.0,18.5,0.0,1.63
2025,12930,"Chosen, Robbie",WR,0,3,0.0,0.373,0.0,0.0,0.0,0.0
2025,17404,"Whiteside, Nick",DB,0,5,0.0,0.233,0.0,7.9,0.0,0.7
2025,15429,"Graham, Ta'Quon",DL,0,2,0.0,0.519,0.0,6.5,0.0,0.57
2025,12771,,DL,0,7,0.0,1.393,0.0,12.0,0.0,1.06
2025,15468,"Dimukeje, Victor",DL,0,5,0.0,0.65,0.0,4.0,0.0,0.35
2025,12645,"Treadwell, Laquon",WR,0,6,0.0,0.277,0.0,0.0,0.0,0.0
2025,15738,"Davis, Malik",RB,0,8,0.0,0.574,0.0,2.8,0.0,0.25
2025,13638,"Berrios, Braxton",WR,0,4,0.0,0.418,0.0,0.9,0.0,0.08
2025,15390,"McNeill, Alim",DL,0,7,0.0,1.763,0.0,19.5,0.0,1.72
2025,17402,,LB,0,1,0.0,0.038,0.0,1.0,0.0,0.09
2025,17400,"Batty, Tyler",LB,0,8,0.0,0.36,0.0,8.0,0.0,0.7
2025,17034,"Ewers, Quinn",QB,0,1,0.0,0.042,0.0,0.0,0.0,0.0
2025,17159,"Martin, Nick",LB,0,7,0.0,0.544,0.0,11.5,0.0,1.01
2025,15535,"Kinsey, Mason",WR,0,6,0.0,0.317,0.0,0.0,0.0,0.0
2025,14083,"Homer, Travis",RB,0,7,0.0,0.074,0.0,0.0,0.0,0.0
2025,17401,,LB,0,3,0.0,0.0,0.0,1.0,0.0,0.09
2025,15726,"Rivers, Ronnie",RB,0,7,0.0,0.14,0.0,0.0,0.0,0.0
2025,14228,,DB,0,2,0.0,0.034,0.0,1.3,0.0,0.11
2025,17223,"Reed, Jaylen",DB,0,7,0.0,0.955,0.0,19.7,0.0,1.73
2025,16533,"Jackson, Shedrick",WR,0,2,0.0,0.479,0.0,1.2,0.0,0.11
2025,16925,,LB,0,2,0.0,0.0,0.0,1.0,0.0,0.09
2025,14652,"Givens, Kevin",DL,0,4,0.0,0.115,0.0,2.0,0.0,0.18
2025,16082,"Mosby, Arron",DL,0,8,0.0,0.806,0.0,6.5,0.0,0.57
2025,16610,"Wright, Jaylen",RB,0,6,0.0,0.884,0.0,10.5,0.0,0.93
2025,14331,"Johnson, D'Ernest",RB,0,3,0.0,0.0,0.0,0.0,0.0,0.0
2025,16260,"Foskey, Isaiah",DL,0,5,0.0,0.229,0.0,2.0,0.0,0.18
2025,16753,"Carson, Caelen",DB,0,6,0.0,0.627,0.0,12.9,0.0,1.14
2025,16919,"Jenkins, E.J.",TE,0,1,0.0,0.05,0.0,0.0,0.0,0.0
2025,11640,"Bridgewater, Teddy",QB,0,4,0.0,0.189,0.0,0.0,0.0,0.0
2025,11760,"Garoppolo, Jimmy",QB,0,2,0.0,0.042,0.0,0.0,0.0,0.0
2025,15565,"Hoecht, Michael",DL,0,2,0.0,1.256,0.0,15.0,0.0,1.32
2025,17011,"Wayne, Jared",WR,0,1,0.0,0.077,0.0,0.0,0.0,0.0
2025,15260,"Patterson, Jaret",RB,0,4,0.0,0.603,0.0,3.4,0.0,0.3
2025,13265,"Ogunjobi, Larry",DL,0,7,0.0,1.476,0.0,13.5,0.0,1.19
2025,14737,"Giles-Harris, Joe",LB,0,6,0.0,0.204,0.0,10.0,0.0,0.88
2025,17192,"Watkins, Jordan",WR,0,3,0.0,0.164,0.0,0.0,0.0,0.0
2025,13715,"Harrison, Ronnie",DB,0,7,0.0,1.873,0.0,42.5,0.0,3.74
2025,17409,,LB,0,3,0.0,0.0,0.0,1.5,0.0,0.13
2025,16132,,DB,0,1,0.0,0.034,0.0,1.3,0.0,0.11
2025,15381,"Grant, Richie",DB,0,1,0.0,0.034,0.0,1.3,0.0,0.11
2025,17141,"Hairston, Maxwell",DB,0,7,0.0,1.304,0.0,22.8,0.0,2.01
2025,13652,"Wilson, Cedrick",WR,0,6,0.0,0.206,0.0,0.0,0.0,0.0
2025,17408,"Turner, Jordan",LB,0,3,0.0,0.0,0.0,1.5,0.0,0.13
2025,17407,"Rucci, Hayden",TE,0,4,0.0,0.029,0.0,0.0,0.0,0.0
2025,15910,"Ridgeway, John",DL,0,1,0.0,0.074,0.0,0.5,0.0,0.04
2025,15942,,DL,0,5,0.0,0.227,0.0,2.0,0.0,0.18
2025,17035,"Leonard, Riley",QB,0,2,0.0,0.258,0.0,0.0,0.0,0.0
2025,14848,"Proche, James",WR,0,5,0.0,0.403,0.0,0.0,0.0,0.0
2025,13695,"Bryan, Taven",DL,0,5,0.0,0.339,0.0,3.0,0.0,0.26
2025,16742,"Kamara, Mohamed",DL,0,3,0.0,0.019,0.0,0.0,0.0,0.0
2025,16429,"Drummond, Dylan",WR,0,5,0.0,0.431,0.0,0.0,0.0,0.0
2025,16661,"Hall Jr., Michael",DL,0,6,0.0,1.416,0.0,16.0,0.0,1.41
2025,15797,"Dulcich, Greg",TE,0,7,0.0,2.303,0.0,9.7,0.0,0.86
2025,17405,,WR,0,1,0.0,0.013,0.0,0.0,0.0,0.0
2025,13455,"Ricard, Patrick",RB,0,7,0.0,0.019,0.0,0.0,0.0,0.0
2025,14063,"Stidham, Jarrett",QB,0,1,0.0,0.048,0.0,0.0,0.0,0.0
2025,15702,"McKee, Tanner",QB,0,3,0.0,0.176,0.0,0.0,0.0,0.0
2025,15953,"Brown, Brittain",RB,0,2,0.0,0.444,0.0,2.1,0.0,0.19
2025,16734,"Booker, Austin",DL,0,6,0.0,2.506,0.0,31.0,0.0,2.73
2025,17412,"O'Toole, Connor",LB,0,2,0.0,0.107,0.0,5.5,0.0,0.48
2025,15752,"Burks, Treylon",WR,0,4,0.0,0.894,0.0,0.7,0.0,0.06
2025,15016,"Jackson, Dane",DB,0,2,0.0,0.0,0.0,2.4,0.0,0.21
2025,15671,"Bandy, Michael",WR,0,2,0.0,0.063,0.0,0.0,0.0,0.0
2025,16120,"Trammell, Austin",WR,0,6,0.0,0.564,0.0,0.0,0.0,0.0
2025,17332,"Vance, Greedy",DB,0,3,0.0,0.0,0.0,2.6,0.0,0.23
2025,16777,"Johnson, Cedric",DL,0,5,0.0,1.804,0.0,20.5,0.0,1.8
2025,17410,"Combs, Branson",LB,0,5,0.0,0.153,0.0,6.0,0.0,0.53
2025,16359,"Nichols, Lew",RB,0,1,0.0,0.056,0.0,0.0,0.0,0.0
2025,16986,,TE,0,1,0.0,0.059,0.0,0.0,0.0,0.0
2025,14803,"Edwards-Helaire, Clyde",RB,0,2,0.0,0.152,0.0,0.0,0.0,0.0
2025,16494,,LB,0,1,0.0,0.0,0.0,0.0,0.0,0.0
2025,17084,"White, Ricky",WR,0,2,0.0,0.038,0.0,0.0,0.0,0.0
2025,15829,"Asamoah, Brian",LB,0,4,0.0,0.0,0.0,0.0,0.0,0.0
2025,15151,"Welch, Kristian",LB,0,6,0.0,0.0,0.0,1.5,0.0,0.13
2025,8269,"Lewis, Marcedes",TE,0,4,0.0,0.029,0.0,0.0,0.0,0.0
2025,13942,"Gray, J.T.",DB,0,1,0.0,0.0,0.0,0.0,0.0,0.0
2025,17251,"Robinson, Micah",DB,0,5,0.0,0.231,0.0,5.5,0.0,0.48
2025,16897,,DB,0,5,0.0,0.031,0.0,2.9,0.0,0.26
2025,16868,"Martinez, Adrian",QB,0,1,0.0,0.0,0.0,0.0,0.0,0.0
2025,13347,"Gonzalez, Zane",PK,0,5,0.0,3.5,0.0,53.8,0.0,4.73
2025,14205,"Johnson, Lonnie",DB,0,5,0.0,0.683,0.0,13.3,0.0,1.17
2025,16443,"O'Connell, Patrick",LB,0,5,0.0,0.846,0.0,16.0,0.0,1.41
2025,17415,,LB,0,1,0.0,0.0,0.0,2.0,0.0,0.18
2025,13726,"Edmonds, Chase",RB,0,2,0.0,0.0,0.0,0.0,0.0,0.0
2025,14076,"Williams, Trayveon",RB,0,3,0.0,0.0,0.0,0.0,0.0,0.0
2025,13634,"Pettis, Dante",WR,0,4,0.0,0.33,0.0,0.0,0.0,0.0
2025,15939,"Spector, Baylon",LB,0,3,0.0,0.0,0.0,2.5,0.0,0.22
2025,9826,"Graham, Brandon",DL,0,5,0.0,0.095,0.0,0.5,0.0,0.04
2025,15057,,WR,0,1,0.0,0.013,0.0,0.0,0.0,0.0
2025,16595,"Estime, Audric",RB,0,3,0.0,0.03,0.0,0.0,0.0,0.0
2025,16312,"Whyle, Josh",TE,0,5,0.0,0.697,0.0,0.0,0.0,0.0
2025,17414,"Kallerup, Nick",TE,0,5,0.0,0.071,0.0,0.0,0.0,0.0
2025,16682,"Slovis, Kedon",QB,0,2,0.0,0.05,0.0,0.0,0.0,0.0
2025,15521,"Ogbongbemiga, Amen",LB,0,5,0.0,0.697,0.0,12.5,0.0,1.1
2025,15944,"Leonard, Deane",DB,0,4,0.0,0.0,0.0,2.1,0.0,0.18
2025,17341,"Jackson, Nick",LB,0,2,0.0,0.0,0.0,1.0,0.0,0.09
2025,12140,"Winston, Jameis",QB,0,2,0.0,1.333,0.0,25.1,0.0,2.21
2025,14849,"Hodgins, Isaiah",WR,0,3,0.0,1.08,0.0,7.1,0.0,0.63
2025,14845,"Davis, Gabriel",WR,0,4,0.0,0.713,0.0,0.0,0.0,0.0
2025,13769,"Street, Kentavius",DL,0,4,0.0,1.607,0.0,18.0,0.0,1.58
2025,17416,"Jones, Jacoby",WR,0,1,0.0,0.132,0.0,0.0,0.0,0.0
2025,17419,"Latu, Keleki",TE,0,3,0.0,0.095,0.0,0.0,0.0,0.0
2025,16037,"Baccellia, Andre",WR,0,4,0.0,0.26,0.0,0.0,0.0,0.0
2025,14880,"Kareem, Khalid",DL,0,1,0.0,0.389,0.0,3.0,0.0,0.26
2025,16283,"Overshown, DeMarvion",LB,0,5,0.0,0.735,0.0,17.0,0.0,1.5
2025,15373,"Davis, Jamin",LB,0,1,0.0,0.037,0.0,2.0,0.0,0.18
2025,17421,,LB,0,3,0.0,0.037,0.0,3.0,0.0,0.26
2025,17418,,WR,0,3,0.0,0.064,0.0,0.0,0.0,0.0
2025,17295,"Bryant, Cobee",DB,0,3,0.0,0.034,0.0,1.3,0.0,0.11
2025,17142,"Revel, Shavon",DB,0,4,0.0,1.108,0.0,18.0,0.0,1.58
2025,17272,"Johnson, Amar",RB,0,1,0.0,0.0,0.0,0.0,0.0,0.0
2025,17417,,DL,0,3,0.0,0.269,0.0,3.0,0.0,0.26
2025,17016,,DL,0,4,0.0,0.113,0.0,1.0,0.0,0.09
2025,16875,"Chatman, Elijah",DL,0,1,0.0,0.037,0.0,0.5,0.0,0.04
2025,16431,,DB,0,1,0.0,0.0,0.0,0.5,0.0,0.04
2025,16606,"Milton, Kendall",RB,0,1,0.0,0.0,0.0,0.0,0.0,0.0
2025,15263,"Mitchell, Elijah",RB,0,1,0.0,0.0,0.0,0.0,0.0,0.0
2025,13968,"Mullens, Nick",QB,0,3,0.0,0.042,0.0,0.0,0.0,0.0
2025,16341,"Hawkins, Tre",DB,0,1,0.0,0.0,0.0,0.0,0.0,0.0
2025,15476,"Mukuamu, Israel",DB,0,1,0.0,0.0,0.0,0.0,0.0,0.0
2025,16225,"Ojulari, BJ",DL,0,4,0.0,0.532,0.0,4.5,0.0,0.4
2025,13994,"Brown, Pharaoh",TE,0,4,0.0,0.036,0.0,0.0,0.0,0.0
2025,16310,"Robinson, Jammie",DB,0,2,0.0,0.0,0.0,0.0,0.0,0.0
2025,14113,"Hardman, Mecole",WR,0,1,0.0,0.0,0.0,0.0,0.0,0.0
2025,17031,"Sanders, Shedeur",QB,0,4,0.0,1.539,0.0,28.1,0.0,2.47
2025,13430,"Haack, Matt",PN,0,3,0.0,2.083,0.0,29.0,0.0,2.55
2025,14037,"Davis, Jalen",DB,0,3,0.0,0.752,0.0,15.7,0.0,1.38
2025,17077,"Restrepo, Xavier",WR,0,2,0.0,0.279,0.0,0.0,0.0,0.0
2025,13927,,DL,0,3,0.0,0.568,0.0,6.0,0.0,0.53
2025,16135,"Kalinic, Nikola",TE,0,1,0.0,0.125,0.0,0.0,0.0,0.0
2025,15914,"Rodriguez, Malcolm",LB,0,3,0.0,0.017,0.0,3.0,0.0,0.26
2025,16891,,DL,0,1,0.0,0.24,0.0,1.5,0.0,0.13
2025,17198,"Swinson, Bradyn",DL,0,1,0.0,0.24,0.0,1.5,0.0,0.13
2025,17422,,DB,0,3,0.0,0.016,0.0,2.1,0.0,0.18
2025,16173,"Gray, Eric",RB,0,2,0.0,0.0,0.0,0.0,0.0,0.0
2025,16510,"Pharms, Jeremiah",DL,0,2,0.0,0.391,0.0,4.0,0.0,0.35
2025,15460,,DL,0,2,0.0,0.179,0.0,1.5,0.0,0.13
2025,14245,"Oruwariye, Amani",DB,0,1,0.0,0.0,0.0,0.8,0.0,0.07
2025,15462,"Brightwell, Gary",RB,0,2,0.0,0.0,0.0,0.0,0.0,0.0
2025,15262,"Jefferson, Jermar",RB,0,2,0.0,0.0,0.0,0.0,0.0,0.0
2025,15824,"Tindall, Channing",LB,0,3,0.0,0.034,0.0,3.5,0.0,0.31
2025,13919,"Firkser, Anthony",TE,0,3,0.0,0.071,0.0,0.0,0.0,0.0
2025,17321,"Presley, Brennan",WR,0,1,0.0,0.025,0.0,0.0,0.0,0.0
2025,17423,,DB,0,1,0.0,0.0,0.0,0.0,0.0,0.0
2025,16373,"Graham, Jalen",LB,0,2,0.0,0.0,0.0,0.5,0.0,0.04
2025,16197,"Mingo, Jonathan",WR,0,2,0.0,0.038,0.0,0.0,0.0,0.0
2025,16052,,DB,0,3,0.0,0.036,0.0,1.6,0.0,0.14
2025,14503,"Kennedy, Tom",WR,0,2,0.0,0.667,0.0,2.6,0.0,0.23
2025,13212,,DL,0,2,0.0,0.573,0.0,9.5,0.0,0.84
2025,14222,"Edwards, Mike",DB,0,2,0.0,1.136,0.0,15.8,0.0,1.39
2025,17424,"Smyth, Charlie",PK,0,2,0.0,0.417,0.0,11.6,0.0,1.02
2025,16893,,DL,0,1,0.0,0.231,0.0,3.5,0.0,0.31
2025,15384,"Samuel, Asante",DB,0,2,0.0,0.0,0.0,2.9,0.0,0.26
2025,16648,"Wiley, Jared",TE,0,2,0.0,0.071,0.0,0.0,0.0,0.0
2025,17427,,DB,0,1,0.0,0.0,0.0,1.3,0.0,0.11
2025,16345,"Speed, Ameer",DB,0,2,0.0,0.0,0.0,2.1,0.0,0.18
2025,15772,"Covey, Britain",WR,0,2,0.0,0.18,0.0,0.0,0.0,0.0
2025,15586,"Johnson, Caleb",LB,0,2,0.0,0.0,0.0,1.5,0.0,0.13
2025,13939,"Odum, George",DB,0,1,0.0,0.0,0.0,0.8,0.0,0.07
2025,14081,"Gaskin, Myles",RB,0,1,0.0,0.0,0.0,0.0,0.0,0.0
2025,13202,"Lawson, Carl",DL,0,1,0.0,0.019,0.0,0.5,0.0,0.04
2025,14887,"Simmons, Isaiah",LB,0,1,0.0,0.0,0.0,0.5,0.0,0.04
2025,15612,,DL,0,2,0.0,0.278,0.0,4.5,0.0,0.4
2025,17426,,DL,0,1,0.0,0.019,0.0,0.5,0.0,0.04
2025,16782,"Anthony, Daijahn",DB,0,2,0.0,0.0,0.0,0.8,0.0,0.07
2025,16259,"Martin, Brodric",DL,0,1,0.0,0.0,0.0,0.0,0.0,0.0
2025,13293,"Reeves-Maybin, Jalen",LB,0,2,0.0,0.0,0.0,0.0,0.0,0.0
2025,17428,,DB,0,1,0.0,0.107,0.0,2.6,0.0,0.23
2025,17040,"Cook, Brady",QB,0,3,0.0,0.129,0.0,0.0,0.0,0.0
2025,13258,"Walker, DeMarcus",DL,0,1,0.0,0.074,0.0,1.0,0.0,0.09
2025,16685,,DL,0,1,0.0,0.074,0.0,0.5,0.0,0.04
2025,16157,"Cunningham, Malik",WR,0,1,0.0,0.026,0.0,0.0,0.0,0.0
2025,15995,"Turner, DJ",WR,0,1,0.0,0.013,0.0,0.0,0.0,0.0
2025,16418,"Land, Isaiah",DL,0,1,0.0,0.037,0.0,0.0,0.0,0.0
2025,16363,"Riley, Jordon",DL,0,1,0.0,0.037,0.0,0.0,0.0,0.0
2025,14722,,DB,0,1,0.0,0.0,0.0,0.0,0.0,0.0
2025,16306,"Henry, K.J.",DL,0,1,0.0,0.037,0.0,0.0,0.0,0.0
2025,13085,"Fox, Morgan",DL,0,1,0.0,0.037,0.0,0.0,0.0,0.0
2025,14905,"Henderson, CJ",DB,0,1,0.0,0.0,0.0,0.0,0.0,0.0
2025,16738,"Carlies, Jaylon",LB,0,1,0.0,0.0,0.0,0.0,0.0,0.0
2025,16773,"Jordan, Jawhar",,0,1,0.0,0.0,0.0,11.8,0.0,1.04
2025,14105,"Brown, Marquise",WR,1,15,0.2,5.017,-0.1,35.3,-0.01,3.11
2025,13671,"Andrews, Mark",TE,12,16,4.916,5.766,-0.1,37.5,-0.01,3.3
2025,13418,"Bourne, Kendrick",WR,5,14,1.381,3.196,-0.1,32.8,-0.01,2.89
2025,16788,"Vele, Devaughn",WR,1,13,0.263,2.535,-0.9,21.2,-0.08,1.87
2025,16165,"Spears, Tyjae",RB,3,12,0.83,3.349,-1.7,23.0,-0.15,2.02
2025,16342,"Douglas, Demario",WR,1,16,0.297,3.676,-2.0,23.1,-0.17,2.04
2025,14080,"Singletary, Devin",RB,2,16,0.263,3.172,-2.0,32.1,-0.17,2.82
2025,13163,"Godwin, Chris",WR,4,8,1.28,3.333,-2.3,29.9,-0.2,2.63
2025,16166,"Tucker, Sean",RB,1,16,0.167,3.104,-2.8,34.8,-0.24,3.06
2025,12610,"Wentz, Carson",QB,2,5,0.412,1.816,-2.7,16.2,-0.24,1.43
2025,16193,"Boutte, Kayshon",WR,6,13,1.681,4.51,-3.0,49.2,-0.26,4.33
2025,17134,"Williams, Kyle",WR,1,14,0.316,1.8,-3.1,9.4,-0.27,0.83
2025,17106,"Taylor, Mason",TE,2,13,0.667,4.195,-3.2,23.3,-0.28,2.05
2025,16287,"Tucker, Tre",WR,9,16,2.846,5.906,-3.3,63.7,-0.29,5.6
2025,13633,"Kirk, Christian",WR,1,9,0.139,1.625,-3.3,10.6,-0.29,0.94
2025,15759,"Metchie, John",WR,2,13,0.56,2.673,-3.7,16.4,-0.32,1.45
2025,14852,"Gibson, Antonio",RB,1,5,0.065,0.547,-3.8,7.7,-0.33,0.68
2025,16617,"Coleman, Keon",WR,2,12,0.232,3.343,-4.1,29.1,-0.36,2.56
2025,15716,"Robinson, Brian",RB,1,16,0.138,1.756,-4.1,8.0,-0.36,0.71
2025,16390,"McLaughlin, Jaleel",RB,1,4,0.031,0.299,-4.3,0.0,-0.38,0.0
2025,16269,"Strange, Brenton",TE,9,11,4.216,5.263,-4.7,24.7,-0.42,2.18
2025,14137,"Fant, Noah",TE,4,14,1.518,3.197,-5.0,9.8,-0.44,0.86
2025,9207,"Johnson, Josh",QB,1,3,0.143,0.143,-5.0,0.0,-0.44,0.0
2025,15720,"Haskins, Hassan",RB,1,11,0.034,0.365,-5.1,0.0,-0.45,0.0
2025,14138,"Hockenson, T.J.",TE,6,15,2.558,5.804,-5.4,17.6,-0.47,1.55
2025,16633,"Whittington, Jordan",WR,1,13,0.118,1.176,-5.4,0.0,-0.47,0.0
2025,17079,"Johnson, Tez",WR,2,15,0.317,3.264,-5.5,30.9,-0.48,2.72
2025,15749,"Pacheco, Isiah",RB,2,13,0.184,2.398,-6.2,14.0,-0.54,1.23
2025,14871,"Parkinson, Colby",TE,1,14,0.188,5.357,-6.3,34.2,-0.55,3.01
2025,14086,"Hill, Justice",RB,1,10,0.0,1.831,-6.6,24.9,-0.58,2.19
2025,14592,"Zaccheaus, Olamide",WR,1,13,0.053,2.982,-7.0,13.5,-0.61,1.19
2025,17076,"Bond, Isaiah",WR,1,15,0.026,1.924,-7.5,3.5,-0.66,0.31
2025,15889,"Okonkwo, Chigoziem",TE,7,16,2.875,6.019,-7.7,19.6,-0.68,1.73
2025,16180,"Hull, Evan",RB,1,3,0.0,0.03,-8.3,0.0,-0.73,0.0
2025,16723,"Barner, AJ",TE,2,16,0.558,6.765,-8.4,45.8,-0.74,4.03
2025,16184,"Reed, Jayden",WR,1,6,0.0,2.274,-8.5,10.4,-0.75,0.91
2025,15787,"Thornton, Tyquan",WR,1,14,0.0,3.85,-8.5,24.1,-0.75,2.12
2025,16195,"Wicks, Dontayvion",WR,1,14,0.0,2.64,-8.5,21.4,-0.75,1.88
2025,15788,"Tolbert, Jalen",WR,1,11,0.0,1.543,-8.5,6.6,-0.75,0.58
2025,15301,"Atwell, Tutu",WR,1,6,0.029,0.89,-8.5,9.6,-0.75,0.85
2025,14778,"Tagovailoa, Tua",QB,3,14,1.115,4.837,-9.7,59.1,-0.85,5.2
2025,16385,"Demercado, Emari",RB,3,12,0.336,1.345,-10.1,6.8,-0.89,0.59
2025,16215,"Musgrave, Luke",TE,2,13,0.544,1.161,-10.4,0.0,-0.91,0.0
2025,16809,"Coker, Jalen",WR,2,10,0.311,3.261,-10.4,19.2,-0.91,1.69
2025,17099,"Gadsden, Oronde",TE,6,14,2.116,5.874,-11.1,49.3,-0.97,4.33
2025,7836,"Rodgers, Aaron",QB,6,15,1.589,5.526,-11.4,73.7,-1.0,6.49
2025,14143,"Knox, Dawson",TE,2,16,0.392,4.082,-11.4,19.1,-1.0,1.68
2025,13424,"Hill, Taysom",TE,1,10,0.0,0.72,-11.4,0.0,-1.0,0.0
2025,15727,"Knight, Bam",RB,3,12,0.514,3.795,-12.4,28.6,-1.09,2.52
2025,13192,"Njoku, David",TE,8,12,2.736,3.824,-13.4,15.9,-1.18,1.4
2025,14067,"Minshew, Gardner",QB,1,3,0.048,0.089,-13.5,0.0,-1.19,0.0
2025,16643,"Sanders, Ja'Tavion",TE,2,13,0.167,2.785,-15.4,5.1,-1.35,0.45
2025,16649,"Johnson, Theo",TE,6,15,2.103,5.712,-15.7,32.2,-1.38,2.83
2025,10313,"Dalton, Andy",QB,1,5,0.0,0.125,-15.8,0.0,-1.39,0.0
2025,14974,"Mooney, Darnell",WR,4,14,0.763,3.086,-15.9,11.0,-1.4,0.97
2025,16584,"McCarthy, J.J.",QB,5,9,1.616,3.326,-16.2,45.9,-1.43,4.04
2025,15692,"Pickett, Kenny",QB,1,5,0.0,0.252,-16.3,0.0,-1.43,0.0
2025,15331,"Freiermuth, Pat",TE,4,16,0.971,4.71,-16.8,26.4,-1.48,2.33
2025,16213,"Kincaid, Dalton",TE,4,11,1.054,5.722,-19.9,48.7,-1.75,4.29
2025,13629,"Ridley, Calvin",WR,5,7,0.686,1.657,-20.7,13.2,-1.82,1.17
2025,14867,"Kmet, Cole",TE,5,15,1.635,3.481,-20.8,3.7,-1.83,0.33
2025,12263,"Waller, Darren",TE,6,9,1.869,3.835,-21.5,38.0,-1.89,3.35
2025,13189,"Engram, Evan",TE,5,13,1.193,4.022,-24.8,12.9,-2.18,1.14
2025,13143,"McNichols, Jeremy",RB,5,16,0.296,1.988,-30.7,9.8,-2.7,0.87
2025,17030,"Ward, Cam",QB,6,16,0.753,4.096,-47.6,27.6,-4.19,2.43
