season,player_id,player,pos,actor_fid,owner,bid_k,seq,hour_et,t_remaining_h,t_to_close_h,forced,is_overtake,victim_fid,is_final
2014,10074,"Church, Barry",S,0002,Derrick Whitman,4.0,1,6,,25.27,0,0,,0
2014,10074,"Church, Barry",S,0004,Brian Cutting,2.0,2,7,22.83,24.1,1,0,,0
2014,10074,"Church, Barry",S,0004,Brian Cutting,3.0,3,7,23.99,24.09,1,0,,0
2014,10074,"Church, Barry",S,0004,Brian Cutting,4.0,4,7,23.98,24.07,0,1,0002,0
2014,10074,"Church, Barry",S,0004,Brian Cutting,5.0,5,7,23.93,24.0,0,0,,0
2014,10074,"Church, Barry",S,0004,Brian Cutting,5.0,6,7,0.0,0.0,0,0,,1
2014,10080,"Cruz, Victor",WR,0005,Kyle Creelman,1.0,1,8,,63.67,0,0,,0
2014,10080,"Cruz, Victor",WR,0006,Steve Bousquet,2.0,2,8,23.74,63.41,0,1,0005,0
2014,10080,"Cruz, Victor",WR,0006,Steve Bousquet,9.0,3,9,23.68,63.09,0,0,,0
2014,10080,"Cruz, Victor",WR,0011,Eric Mannila,8.0,4,9,23.67,62.76,1,0,,0
2014,10080,"Cruz, Victor",WR,0006,Steve Bousquet,15.0,5,9,23.99,62.75,0,0,,0
2014,10080,"Cruz, Victor",WR,0011,Eric Mannila,10.0,6,9,24.0,62.75,1,0,,0
2014,10080,"Cruz, Victor",WR,0011,Eric Mannila,11.0,7,9,23.98,62.74,1,0,,0
2014,10080,"Cruz, Victor",WR,0003,Kris Lake,15.0,8,9,23.89,62.63,0,1,0006,0
2014,10080,"Cruz, Victor",WR,0010,Shawn Blake,30.0,9,9,23.94,62.57,0,1,0003,0
2014,10080,"Cruz, Victor",WR,0006,Steve Bousquet,21.0,10,9,23.96,62.52,1,0,,0
2014,10080,"Cruz, Victor",WR,0006,Steve Bousquet,22.0,11,9,23.98,62.5,1,0,,0
2014,10080,"Cruz, Victor",WR,0011,Eric Mannila,23.0,12,14,18.87,57.37,1,0,,0
2014,10080,"Cruz, Victor",WR,0008,Keith Creelman,25.0,13,15,23.6,56.96,1,0,,0
2014,10080,"Cruz, Victor",WR,0008,Keith Creelman,28.0,14,15,23.99,56.95,1,0,,0
2014,10080,"Cruz, Victor",WR,0006,Steve Bousquet,30.0,15,15,23.48,56.43,0,1,0010,0
2014,10080,"Cruz, Victor",WR,0008,Keith Creelman,31.0,16,16,23.61,56.04,0,1,0006,0
2014,10080,"Cruz, Victor",WR,0008,Keith Creelman,35.0,17,18,21.37,53.41,0,0,,0
2014,10080,"Cruz, Victor",WR,0012,Chris Klingenberg,35.0,18,23,18.91,48.32,0,1,0008,0
2014,10080,"Cruz, Victor",WR,0012,Chris Klingenberg,40.0,19,23,23.97,48.29,0,0,,0
2014,10080,"Cruz, Victor",WR,0006,Steve Bousquet,37.0,20,0,23.33,47.62,1,0,,0
2014,10080,"Cruz, Victor",WR,0008,Keith Creelman,40.0,21,1,22.77,46.4,0,1,0012,0
2014,10080,"Cruz, Victor",WR,0006,Steve Bousquet,41.0,22,22,3.48,25.87,0,1,0008,0
2014,10080,"Cruz, Victor",WR,0012,Chris Klingenberg,45.0,23,0,22.15,24.02,0,1,0006,0
2014,10080,"Cruz, Victor",WR,0012,Chris Klingenberg,42.0,24,0,0.0,0.0,0,0,,1
2014,10106,"Galette, Junior",LB,0003,Kris Lake,1.0,1,8,,24.03,0,0,,0
2014,10106,"Galette, Junior",LB,0003,Kris Lake,1.0,2,8,0.0,0.0,0,0,,1
2014,10260,"Peterson, Patrick",CB,0004,Brian Cutting,2.0,1,8,,24.62,0,0,,0
2014,10260,"Peterson, Patrick",CB,0006,Steve Bousquet,2.0,2,8,23.94,24.56,0,1,0004,0
2014,10260,"Peterson, Patrick",CB,0002,Derrick Whitman,3.0,3,9,23.7,24.26,0,1,0006,0
2014,10260,"Peterson, Patrick",CB,0004,Brian Cutting,4.0,4,9,23.77,24.03,0,1,0002,0
2014,10260,"Peterson, Patrick",CB,0004,Brian Cutting,5.0,5,10,23.15,23.18,0,0,,0
2014,10260,"Peterson, Patrick",CB,0004,Brian Cutting,4.0,6,9,0.82,0.0,0,0,,1
2014,10267,"Miller, Von",LB,0009,Bear Dunn,4.0,1,7,,24.35,0,0,,0
2014,10267,"Miller, Von",LB,0004,Brian Cutting,6.0,2,7,23.71,24.06,0,1,0009,0
2014,10267,"Miller, Von",LB,0004,Brian Cutting,5.0,3,7,0.0,0.0,0,0,,1
2014,10276,"Ingram, Mark",RB,0002,Derrick Whitman,9.0,1,0,,24.0,0,0,,0
2014,10276,"Ingram, Mark",RB,0012,Chris Klingenberg,5.0,2,0,23.83,23.83,1,0,,0
2014,10276,"Ingram, Mark",RB,0011,Eric Mannila,7.0,3,7,16.76,16.59,1,0,,0
2014,10276,"Ingram, Mark",RB,0011,Eric Mannila,8.0,4,7,23.99,16.58,1,0,,0
2014,10276,"Ingram, Mark",RB,0002,Derrick Whitman,10.0,5,7,23.9,16.48,0,0,,0
2014,10276,"Ingram, Mark",RB,0008,Keith Creelman,9.0,6,23,8.6,1.07,1,0,,0
2014,10276,"Ingram, Mark",RB,0008,Keith Creelman,10.0,7,23,23.99,1.06,0,1,0002,0
2014,10276,"Ingram, Mark",RB,0002,Derrick Whitman,11.0,8,23,23.97,1.03,0,1,0008,0
2014,10276,"Ingram, Mark",RB,0002,Derrick Whitman,10.0,9,0,22.97,0.0,0,0,,1
2014,10281,"Leshoure, Mikel",RB,0009,Bear Dunn,1.0,1,7,,31.31,0,0,,0
2014,10281,"Leshoure, Mikel",RB,0012,Chris Klingenberg,2.0,2,14,16.97,24.28,0,1,0009,0
2014,10281,"Leshoure, Mikel",RB,0012,Chris Klingenberg,2.0,3,14,0.0,0.0,0,0,,1
2014,10292,"Jordan, Cameron",DE,0001,Ryan Bousquet,3.0,1,7,,24.0,0,0,,0
2014,10292,"Jordan, Cameron",DE,0012,Chris Klingenberg,2.0,2,9,22.18,22.19,1,0,,0
2014,10292,"Jordan, Cameron",DE,0001,Ryan Bousquet,2.0,3,7,1.81,0.0,0,0,,1
2014,10300,"Rodgers, Jacquizz",RB,0004,Brian Cutting,1.0,1,7,,32.69,0,0,,0
2014,10300,"Rodgers, Jacquizz",RB,0004,Brian Cutting,2.0,2,7,23.86,32.55,0,0,,0
2014,10300,"Rodgers, Jacquizz",RB,0011,Eric Mannila,2.0,3,7,23.96,32.52,0,1,0004,0
2014,10300,"Rodgers, Jacquizz",RB,0011,Eric Mannila,3.0,4,16,15.7,24.22,0,0,,0
2014,10300,"Rodgers, Jacquizz",RB,0011,Eric Mannila,3.0,5,16,0.0,0.0,0,0,,1
2014,10301,"Todman, Jordan",RB,0009,Bear Dunn,2.0,1,8,,24.04,0,0,,0
2014,10301,"Todman, Jordan",RB,0009,Bear Dunn,1.0,2,8,0.0,0.0,0,0,,1
2014,10302,"Murray, DeMarco",RB,0003,Kris Lake,1.0,1,8,,58.26,0,0,,0
2014,10302,"Murray, DeMarco",RB,0006,Steve Bousquet,25.0,2,8,23.99,58.25,0,1,0003,0
2014,10302,"Murray, DeMarco",RB,0003,Kris Lake,25.0,3,8,23.74,57.99,0,1,0006,0
2014,10302,"Murray, DeMarco",RB,0003,Kris Lake,30.0,4,8,23.97,57.96,0,0,,0
2014,10302,"Murray, DeMarco",RB,0006,Steve Bousquet,29.0,5,9,23.94,57.9,1,0,,0
2014,10302,"Murray, DeMarco",RB,0006,Steve Bousquet,31.0,6,9,24.0,57.89,0,1,0003,0
2014,10302,"Murray, DeMarco",RB,0010,Shawn Blake,41.0,7,9,23.49,57.38,0,1,0006,0
2014,10302,"Murray, DeMarco",RB,0009,Bear Dunn,46.0,8,10,22.94,56.32,0,1,0010,0
2014,10302,"Murray, DeMarco",RB,0010,Shawn Blake,45.0,9,14,20.17,52.49,1,0,,0
2014,10302,"Murray, DeMarco",RB,0008,Keith Creelman,50.0,10,20,17.63,46.12,0,1,0009,0
2014,10302,"Murray, DeMarco",RB,0009,Bear Dunn,48.0,11,18,2.06,24.18,1,0,,0
2014,10302,"Murray, DeMarco",RB,0009,Bear Dunn,49.0,12,18,23.94,24.12,1,0,,0
2014,10302,"Murray, DeMarco",RB,0009,Bear Dunn,50.0,13,18,23.96,24.08,0,1,0008,0
2014,10302,"Murray, DeMarco",RB,0009,Bear Dunn,52.0,14,18,23.95,24.03,0,0,,0
2014,10302,"Murray, DeMarco",RB,0009,Bear Dunn,51.0,15,18,0.0,0.0,0,0,,1
2014,10303,"Vereen, Shane",RB,0011,Eric Mannila,3.0,1,0,,77.64,0,0,,0
2014,10303,"Vereen, Shane",RB,0006,Steve Bousquet,2.0,2,0,23.94,77.57,1,0,,0
2014,10303,"Vereen, Shane",RB,0006,Steve Bousquet,4.0,3,0,24.0,77.57,0,1,0011,0
2014,10303,"Vereen, Shane",RB,0006,Steve Bousquet,15.0,4,0,23.95,77.52,0,0,,0
2014,10303,"Vereen, Shane",RB,0011,Eric Mannila,5.0,5,0,23.79,77.31,1,0,,0
2014,10303,"Vereen, Shane",RB,0010,Shawn Blake,10.0,6,0,23.58,76.88,1,0,,0
2014,10303,"Vereen, Shane",RB,0008,Keith Creelman,15.0,7,1,22.83,75.71,0,1,0006,0
2014,10303,"Vereen, Shane",RB,0010,Shawn Blake,18.0,8,6,19.41,71.12,0,1,0008,0
2014,10303,"Vereen, Shane",RB,0011,Eric Mannila,17.0,9,13,17.33,64.45,1,0,,0
2014,10303,"Vereen, Shane",RB,0011,Eric Mannila,18.0,10,13,23.62,64.07,0,1,0010,0
2014,10303,"Vereen, Shane",RB,0008,Keith Creelman,19.0,11,19,18.45,58.51,0,1,0011,0
2014,10303,"Vereen, Shane",RB,0007,Josh Martel,22.0,12,20,23.0,57.51,0,1,0008,0
2014,10303,"Vereen, Shane",RB,0011,Eric Mannila,21.0,13,21,23.14,56.65,1,0,,0
2014,10303,"Vereen, Shane",RB,0011,Eric Mannila,22.0,14,21,23.99,56.63,0,1,0007,0
2014,10303,"Vereen, Shane",RB,0006,Steve Bousquet,24.0,15,22,22.88,55.52,0,1,0011,0
2014,10303,"Vereen, Shane",RB,0006,Steve Bousquet,25.0,16,0,21.97,53.48,0,0,,0
2014,10303,"Vereen, Shane",RB,0008,Keith Creelman,25.0,17,2,22.13,51.61,0,1,0006,0
2014,10303,"Vereen, Shane",RB,0010,Shawn Blake,26.0,18,6,19.97,47.59,0,1,0008,0
2014,10303,"Vereen, Shane",RB,0011,Eric Mannila,27.0,19,5,0.49,24.08,0,1,0010,0
2014,10303,"Vereen, Shane",RB,0011,Eric Mannila,27.0,20,5,0.0,0.0,0,0,,1
2014,10312,"Rudolph, Kyle",TE,0010,Shawn Blake,8.0,1,0,,68.18,0,0,,0
2014,10312,"Rudolph, Kyle",TE,0008,Keith Creelman,7.0,2,0,23.85,68.04,1,0,,0
2014,10312,"Rudolph, Kyle",TE,0002,Derrick Whitman,8.0,3,3,20.77,64.8,0,1,0010,0
2014,10312,"Rudolph, Kyle",TE,0002,Derrick Whitman,9.0,4,3,24.0,64.8,0,0,,0
2014,10312,"Rudolph, Kyle",TE,0002,Derrick Whitman,10.0,5,3,23.98,64.78,0,0,,0
2014,10312,"Rudolph, Kyle",TE,0010,Shawn Blake,10.0,6,6,21.69,62.47,0,1,0002,0
2014,10312,"Rudolph, Kyle",TE,0010,Shawn Blake,12.0,7,6,23.95,62.42,0,0,,0
2014,10312,"Rudolph, Kyle",TE,0002,Derrick Whitman,13.0,8,6,23.66,62.08,0,1,0010,0
2014,10312,"Rudolph, Kyle",TE,0006,Steve Bousquet,14.0,9,6,23.93,62.02,0,1,0002,0
2014,10312,"Rudolph, Kyle",TE,0010,Shawn Blake,15.0,10,6,23.81,61.83,0,1,0006,0
2014,10312,"Rudolph, Kyle",TE,0006,Steve Bousquet,16.0,11,6,23.86,61.69,0,1,0010,0
2014,10312,"Rudolph, Kyle",TE,0010,Shawn Blake,17.0,12,9,21.08,58.77,0,1,0006,0
2014,10312,"Rudolph, Kyle",TE,0005,Kyle Creelman,18.0,13,9,0.43,35.2,0,1,0010,0
2014,10312,"Rudolph, Kyle",TE,0010,Shawn Blake,19.0,14,9,23.92,35.12,0,1,0005,0
2014,10312,"Rudolph, Kyle",TE,0005,Kyle Creelman,20.0,15,19,13.44,24.56,0,1,0010,0
2014,10312,"Rudolph, Kyle",TE,0010,Shawn Blake,22.0,16,20,23.44,24.0,0,1,0005,0
2014,10312,"Rudolph, Kyle",TE,0005,Kyle Creelman,22.0,17,9,10.63,10.63,0,1,0010,0
2014,10312,"Rudolph, Kyle",TE,0010,Shawn Blake,22.0,18,20,13.37,0.0,0,1,0005,1
2014,10350,"Wright, K.J.",LB,0007,Josh Martel,2.0,1,0,,25.15,0,0,,0
2014,10350,"Wright, K.J.",LB,0007,Josh Martel,1.0,2,1,0.0,0.0,0,0,,1
2014,10362,"Shorts, Cecil",WR,0006,Steve Bousquet,1.0,1,0,,24.03,0,0,,0
2014,10362,"Shorts, Cecil",WR,0006,Steve Bousquet,2.0,2,0,23.99,24.01,0,0,,0
2014,10362,"Shorts, Cecil",WR,0006,Steve Bousquet,4.0,3,0,23.99,24.01,0,0,,0
2014,10362,"Shorts, Cecil",WR,0004,Brian Cutting,2.0,4,6,17.63,17.64,1,0,,0
2014,10362,"Shorts, Cecil",WR,0001,Ryan Bousquet,4.0,5,12,17.76,11.4,0,1,0006,0
2014,10362,"Shorts, Cecil",WR,0006,Steve Bousquet,4.0,6,0,12.6,0.0,0,1,0001,1
2014,10365,"Henery, Alex",PK,0008,Keith Creelman,1.0,1,23,,24.04,0,0,,0
2014,10365,"Henery, Alex",PK,0008,Keith Creelman,1.0,2,0,23.96,24.0,0,0,,0
2014,10365,"Henery, Alex",PK,0008,Keith Creelman,1.0,3,0,0.0,0.0,0,0,,1
2014,10388,"Moore, Denarius",WR,0011,Eric Mannila,1.0,1,5,,24.63,0,0,,0
2014,10388,"Moore, Denarius",WR,0011,Eric Mannila,1.0,2,5,0.0,0.0,0,0,,1
2014,10409,"Clay, Charles",TE,0002,Derrick Whitman,6.0,1,3,,44.86,0,0,,0
2014,10409,"Clay, Charles",TE,0011,Eric Mannila,3.0,2,5,22.08,42.94,1,0,,0
2014,10409,"Clay, Charles",TE,0011,Eric Mannila,4.0,3,5,23.92,42.86,1,0,,0
2014,10409,"Clay, Charles",TE,0011,Eric Mannila,5.0,4,5,24.0,42.85,1,0,,0
2014,10409,"Clay, Charles",TE,0006,Steve Bousquet,7.0,5,6,23.08,41.94,0,1,0002,0
2014,10409,"Clay, Charles",TE,0002,Derrick Whitman,8.0,6,6,23.94,41.87,0,1,0006,0
2014,10409,"Clay, Charles",TE,0002,Derrick Whitman,9.0,7,6,23.97,41.85,0,0,,0
2014,10409,"Clay, Charles",TE,0002,Derrick Whitman,10.0,8,8,22.24,40.09,0,0,,0
2014,10409,"Clay, Charles",TE,0001,Ryan Bousquet,10.0,9,8,23.67,39.76,0,1,0002,0
2014,10409,"Clay, Charles",TE,0002,Derrick Whitman,11.0,10,9,22.83,38.6,0,1,0001,0
2014,10409,"Clay, Charles",TE,0012,Chris Klingenberg,12.0,11,0,9.41,24.0,0,1,0002,0
2014,10409,"Clay, Charles",TE,0012,Chris Klingenberg,12.0,12,0,0.0,0.0,0,0,,1
2014,10527,"Baldwin, Doug",WR,0003,Kris Lake,1.0,1,8,,24.23,0,0,,0
2014,10527,"Baldwin, Doug",WR,0010,Shawn Blake,3.0,2,8,23.84,24.07,0,1,0003,0
2014,10527,"Baldwin, Doug",WR,0010,Shawn Blake,2.0,3,9,0.0,0.0,0,0,,1
2014,10601,"Hawkins, Andrew",WR,0010,Shawn Blake,1.0,1,6,,26.71,0,0,,0
2014,10601,"Hawkins, Andrew",WR,0006,Steve Bousquet,4.0,2,8,21.35,24.06,0,1,0010,0
2014,10601,"Hawkins, Andrew",WR,0010,Shawn Blake,3.0,3,8,23.92,23.98,1,0,,0
2014,10601,"Hawkins, Andrew",WR,0006,Steve Bousquet,3.0,4,8,0.02,0.0,0,0,,1
2014,10642,"Jones, Chris",PN,0003,Kris Lake,1.0,1,10,,24.29,0,0,,0
2014,10642,"Jones, Chris",PN,0003,Kris Lake,1.0,2,10,0.0,0.0,0,0,,1
2014,10674,"Holmes, Andre",WR,0005,Kyle Creelman,2.0,1,0,,45.93,0,0,,0
2014,10674,"Holmes, Andre",WR,0010,Shawn Blake,2.0,2,2,22.12,44.05,0,1,0005,0
2014,10674,"Holmes, Andre",WR,0010,Shawn Blake,3.0,3,2,23.92,43.97,0,0,,0
2014,10674,"Holmes, Andre",WR,0006,Steve Bousquet,4.0,4,8,17.37,37.34,0,1,0010,0
2014,10674,"Holmes, Andre",WR,0005,Kyle Creelman,5.0,5,22,10.67,24.01,0,1,0006,0
2014,10674,"Holmes, Andre",WR,0005,Kyle Creelman,5.0,6,22,0.0,0.0,0,0,,1
2014,10699,"Foles, Nick",QB,0010,Shawn Blake,10.0,1,6,,32.72,0,0,,0
2014,10699,"Foles, Nick",QB,0004,Brian Cutting,4.0,2,7,22.85,31.57,1,0,,0
2014,10699,"Foles, Nick",QB,0006,Steve Bousquet,10.0,3,8,22.89,30.45,0,1,0010,0
2014,10699,"Foles, Nick",QB,0006,Steve Bousquet,15.0,4,9,23.16,29.62,0,0,,0
2014,10699,"Foles, Nick",QB,0010,Shawn Blake,15.0,5,13,20.51,26.13,0,1,0006,0
2014,10699,"Foles, Nick",QB,0010,Shawn Blake,20.0,6,14,22.62,24.75,0,0,,0
2014,10699,"Foles, Nick",QB,0008,Keith Creelman,22.0,7,15,23.25,24.0,0,1,0010,0
2014,10699,"Foles, Nick",QB,0008,Keith Creelman,30.0,8,18,20.46,20.47,0,0,,0
2014,10699,"Foles, Nick",QB,0006,Steve Bousquet,22.0,9,0,18.55,15.02,1,0,,0
2014,10699,"Foles, Nick",QB,0007,Josh Martel,25.0,10,15,9.07,0.09,1,0,,0
2014,10699,"Foles, Nick",QB,0007,Josh Martel,27.0,11,15,23.98,0.07,1,0,,0
2014,10699,"Foles, Nick",QB,0007,Josh Martel,28.0,12,15,23.98,0.06,1,0,,0
2014,10699,"Foles, Nick",QB,0007,Josh Martel,29.0,13,15,23.98,0.04,1,0,,0
2014,10699,"Foles, Nick",QB,0008,Keith Creelman,29.0,14,15,23.96,0.0,0,0,,1
2014,10700,"Cousins, Kirk",QB,0002,Derrick Whitman,2.0,1,14,,24.25,0,0,,0
2014,10700,"Cousins, Kirk",QB,0002,Derrick Whitman,1.0,2,14,0.0,0.0,0,0,,1
2014,10710,"Polk, Chris",RB,0005,Kyle Creelman,4.0,1,0,,25.05,0,0,,0
2014,10710,"Polk, Chris",RB,0010,Shawn Blake,2.0,2,16,7.47,8.52,1,0,,0
2014,10710,"Polk, Chris",RB,0005,Kyle Creelman,2.0,3,1,15.48,0.0,0,0,,1
2014,10713,"Pierce, Bernard",RB,0002,Derrick Whitman,3.0,1,8,,31.92,0,0,,0
2014,10713,"Pierce, Bernard",RB,0006,Steve Bousquet,4.0,2,8,23.96,31.88,0,1,0002,0
2014,10713,"Pierce, Bernard",RB,0010,Shawn Blake,5.0,3,8,23.89,31.76,0,1,0006,0
2014,10713,"Pierce, Bernard",RB,0006,Steve Bousquet,6.0,4,8,23.96,31.73,0,1,0010,0
2014,10713,"Pierce, Bernard",RB,0003,Kris Lake,7.0,5,13,18.86,26.58,0,1,0006,0
2014,10713,"Pierce, Bernard",RB,0011,Eric Mannila,9.0,6,16,21.63,24.22,0,1,0003,0
2014,10713,"Pierce, Bernard",RB,0006,Steve Bousquet,9.0,7,11,5.04,5.26,0,1,0011,0
2014,10713,"Pierce, Bernard",RB,0011,Eric Mannila,9.0,8,16,18.74,0.0,0,1,0006,1
2014,10714,"Turbin, Robert",RB,0006,Steve Bousquet,1.0,1,11,,31.26,0,0,,0
2014,10714,"Turbin, Robert",RB,0006,Steve Bousquet,2.0,2,11,24.0,31.26,0,0,,0
2014,10714,"Turbin, Robert",RB,0008,Keith Creelman,2.0,3,16,18.73,25.99,0,1,0006,0
2014,10714,"Turbin, Robert",RB,0008,Keith Creelman,3.0,4,16,24.0,25.99,0,0,,0
2014,10714,"Turbin, Robert",RB,0006,Steve Bousquet,4.0,5,17,22.46,24.45,0,1,0008,0
2014,10714,"Turbin, Robert",RB,0006,Steve Bousquet,4.0,6,18,0.0,0.0,0,0,,1
2014,10715,"Ballard, Vick",RB,0004,Brian Cutting,1.0,1,8,,24.31,0,0,,0
2014,10715,"Ballard, Vick",RB,0004,Brian Cutting,1.0,2,8,0.0,0.0,0,0,,1
2014,10718,"Pead, Isaiah",RB,0002,Derrick Whitman,1.0,1,15,,24.35,0,0,,0
2014,10718,"Pead, Isaiah",RB,0002,Derrick Whitman,1.0,2,15,0.0,0.0,0,0,,1
2014,10719,"Blackmon, Justin",WR,0007,Josh Martel,1.0,1,13,,28.86,0,0,,0
2014,10719,"Blackmon, Justin",WR,0006,Steve Bousquet,4.0,2,13,23.88,28.74,0,1,0007,0
2014,10719,"Blackmon, Justin",WR,0009,Bear Dunn,3.0,3,18,19.39,24.13,1,0,,0
2014,10719,"Blackmon, Justin",WR,0009,Bear Dunn,4.0,4,18,23.99,24.12,0,1,0006,0
2014,10719,"Blackmon, Justin",WR,0009,Bear Dunn,6.0,5,18,23.98,24.11,0,0,,0
2014,10719,"Blackmon, Justin",WR,0009,Bear Dunn,5.0,6,18,0.0,0.0,0,0,,1
2014,10723,"Sanu, Mohamed",WR,0009,Bear Dunn,3.0,1,7,,24.02,0,0,,0
2014,10723,"Sanu, Mohamed",WR,0001,Ryan Bousquet,3.0,2,23,7.5,7.52,0,1,0009,0
2014,10723,"Sanu, Mohamed",WR,0009,Bear Dunn,3.0,3,7,16.48,0.0,0,1,0001,1
2014,10735,"Quick, Brian",WR,0007,Josh Martel,1.0,1,6,,31.41,0,0,,0
2014,10735,"Quick, Brian",WR,0010,Shawn Blake,3.0,2,10,20.07,27.48,0,1,0007,0
2014,10735,"Quick, Brian",WR,0007,Josh Martel,5.0,3,13,20.56,24.04,0,1,0010,0
2014,10735,"Quick, Brian",WR,0010,Shawn Blake,5.0,4,20,16.81,16.85,0,1,0007,0
2014,10735,"Quick, Brian",WR,0007,Josh Martel,5.0,5,13,7.15,0.0,0,1,0010,1
2014,10738,"Jones, Marvin",WR,0006,Steve Bousquet,1.0,1,8,,25.81,0,0,,0
2014,10738,"Jones, Marvin",WR,0006,Steve Bousquet,4.0,2,8,24.0,25.81,0,0,,0
2014,10738,"Jones, Marvin",WR,0005,Kyle Creelman,3.0,3,9,23.3,25.11,1,0,,0
2014,10738,"Jones, Marvin",WR,0010,Shawn Blake,6.0,4,9,24.0,25.11,0,1,0006,0
2014,10738,"Jones, Marvin",WR,0001,Ryan Bousquet,8.0,5,9,23.89,25.0,0,1,0010,0
2014,10738,"Jones, Marvin",WR,0001,Ryan Bousquet,9.0,6,9,23.95,24.95,0,0,,0
2014,10738,"Jones, Marvin",WR,0011,Eric Mannila,8.0,7,9,23.56,24.5,1,0,,0
2014,10738,"Jones, Marvin",WR,0011,Eric Mannila,9.0,8,9,23.99,24.5,0,1,0001,0
2014,10738,"Jones, Marvin",WR,0011,Eric Mannila,10.0,9,9,23.99,24.49,0,0,,0
2014,10738,"Jones, Marvin",WR,0008,Keith Creelman,15.0,10,10,23.51,24.0,0,1,0011,0
2014,10738,"Jones, Marvin",WR,0005,Kyle Creelman,13.0,11,12,22.06,22.06,1,0,,0
2014,10738,"Jones, Marvin",WR,0005,Kyle Creelman,15.0,12,12,23.62,21.68,0,1,0008,0
2014,10738,"Jones, Marvin",WR,0008,Keith Creelman,19.0,13,13,23.22,20.9,0,1,0005,0
2014,10738,"Jones, Marvin",WR,0011,Eric Mannila,17.0,14,15,22.39,19.29,1,0,,0
2014,10738,"Jones, Marvin",WR,0010,Shawn Blake,18.0,15,20,19.06,14.35,1,0,,0
2014,10738,"Jones, Marvin",WR,0008,Keith Creelman,21.0,16,10,9.99,0.34,0,0,,0
2014,10738,"Jones, Marvin",WR,0008,Keith Creelman,18.0,17,10,23.66,0.0,0,0,,1
2014,10742,"Allen, Dwayne",TE,0002,Derrick Whitman,3.0,1,0,,54.44,0,0,,0
2014,10742,"Allen, Dwayne",TE,0002,Derrick Whitman,3.0,2,8,15.73,46.17,0,0,,0
2014,10742,"Allen, Dwayne",TE,0006,Steve Bousquet,2.0,3,8,23.77,45.94,1,0,,0
2014,10742,"Allen, Dwayne",TE,0001,Ryan Bousquet,4.0,4,8,23.79,45.72,0,1,0002,0
2014,10742,"Allen, Dwayne",TE,0001,Ryan Bousquet,6.0,5,8,23.98,45.71,0,0,,0
2014,10742,"Allen, Dwayne",TE,0002,Derrick Whitman,5.0,6,8,23.93,45.64,1,0,,0
2014,10742,"Allen, Dwayne",TE,0005,Kyle Creelman,7.0,7,10,22.85,44.49,0,1,0001,0
2014,10742,"Allen, Dwayne",TE,0001,Ryan Bousquet,8.0,8,6,3.59,24.08,0,1,0005,0
2014,10742,"Allen, Dwayne",TE,0001,Ryan Bousquet,8.0,9,6,0.0,0.0,0,0,,1
2014,10743,"Fleener, Coby",TE,0011,Eric Mannila,1.0,1,7,,32.46,0,0,,0
2014,10743,"Fleener, Coby",TE,0002,Derrick Whitman,2.0,2,8,22.92,31.39,0,1,0011,0
2014,10743,"Fleener, Coby",TE,0008,Keith Creelman,3.0,3,14,17.93,25.31,0,1,0002,0
2014,10743,"Fleener, Coby",TE,0011,Eric Mannila,5.0,4,16,22.89,24.21,0,1,0008,0
2014,10743,"Fleener, Coby",TE,0002,Derrick Whitman,5.0,5,12,3.56,3.77,0,1,0011,0
2014,10743,"Fleener, Coby",TE,0011,Eric Mannila,5.0,6,16,20.23,0.0,0,1,0002,1
2014,10744,"Green, Ladarius",TE,0006,Steve Bousquet,1.0,1,7,,35.32,0,0,,0
2014,10744,"Green, Ladarius",TE,0006,Steve Bousquet,4.0,2,7,23.97,35.28,0,0,,0
2014,10744,"Green, Ladarius",TE,0001,Ryan Bousquet,6.0,3,7,23.83,35.11,0,1,0006,0
2014,10744,"Green, Ladarius",TE,0006,Steve Bousquet,7.0,4,7,23.98,35.09,0,1,0001,0
2014,10744,"Green, Ladarius",TE,0010,Shawn Blake,10.0,5,7,23.82,34.91,0,1,0006,0
2014,10744,"Green, Ladarius",TE,0008,Keith Creelman,10.0,6,12,19.61,30.52,0,1,0010,0
2014,10744,"Green, Ladarius",TE,0008,Keith Creelman,11.0,7,12,24.0,30.52,0,0,,0
2014,10744,"Green, Ladarius",TE,0007,Josh Martel,20.0,8,18,17.5,24.01,0,1,0008,0
2014,10744,"Green, Ladarius",TE,0002,Derrick Whitman,13.0,9,3,15.36,15.38,1,0,,0
2014,10744,"Green, Ladarius",TE,0010,Shawn Blake,14.0,10,9,17.99,9.37,1,0,,0
2014,10744,"Green, Ladarius",TE,0007,Josh Martel,14.0,11,18,14.63,0.0,0,0,,1
2014,10753,"Jones, Chandler",DE,0004,Brian Cutting,3.0,1,7,,24.03,0,0,,0
2014,10753,"Jones, Chandler",DE,0006,Steve Bousquet,5.0,2,7,23.98,24.02,0,1,0004,0
2014,10753,"Jones, Chandler",DE,0001,Ryan Bousquet,5.0,3,9,22.46,22.47,0,1,0006,0
2014,10753,"Jones, Chandler",DE,0006,Steve Bousquet,5.0,4,7,1.53,0.0,0,1,0001,1
2014,10775,"Wagner, Bobby",LB,0001,Ryan Bousquet,3.0,1,6,,24.03,0,0,,0
2014,10775,"Wagner, Bobby",LB,0004,Brian Cutting,2.0,2,6,23.93,23.97,1,0,,0
2014,10775,"Wagner, Bobby",LB,0001,Ryan Bousquet,2.0,3,6,0.03,0.0,0,0,,1
2014,10782,"Barron, Mark",S,0002,Derrick Whitman,2.0,1,16,,24.06,0,0,,0
2014,10782,"Barron, Mark",S,0002,Derrick Whitman,1.0,2,16,0.0,0.0,0,0,,1
2014,10800,"Hill, Stephen",WR,0008,Keith Creelman,4.0,1,6,,24.01,0,0,,0
2014,10800,"Hill, Stephen",WR,0010,Shawn Blake,3.0,2,6,23.44,23.45,1,0,,0
2014,10800,"Hill, Stephen",WR,0008,Keith Creelman,5.0,3,20,9.85,9.3,0,0,,0
2014,10800,"Hill, Stephen",WR,0010,Shawn Blake,5.0,4,20,23.88,9.18,0,1,0008,0
2014,10800,"Hill, Stephen",WR,0008,Keith Creelman,5.0,5,6,14.82,0.0,0,1,0010,1
2014,10812,"Hillman, Ronnie",RB,0012,Chris Klingenberg,1.0,1,10,,27.09,0,0,,0
2014,10812,"Hillman, Ronnie",RB,0004,Brian Cutting,2.0,2,10,23.83,26.91,0,1,0012,0
2014,10812,"Hillman, Ronnie",RB,0012,Chris Klingenberg,5.0,3,13,21.14,24.05,0,1,0004,0
2014,10812,"Hillman, Ronnie",RB,0008,Keith Creelman,4.0,4,10,2.98,3.03,1,0,,0
2014,10812,"Hillman, Ronnie",RB,0012,Chris Klingenberg,4.0,5,13,20.97,0.0,0,0,,1
2014,10814,"Anger, Bryan",PN,0005,Kyle Creelman,1.0,1,9,,26.22,0,0,,0
2014,10814,"Anger, Bryan",PN,0012,Chris Klingenberg,2.0,2,11,21.83,24.05,0,1,0005,0
2014,10814,"Anger, Bryan",PN,0012,Chris Klingenberg,2.0,3,11,0.0,0.0,0,0,,1
2014,10815,"Vernon, Olivier",DE,0008,Keith Creelman,1.0,1,8,,25.23,0,0,,0
2014,10815,"Vernon, Olivier",DE,0001,Ryan Bousquet,2.0,2,9,23.22,24.45,0,1,0008,0
2014,10815,"Vernon, Olivier",DE,0011,Eric Mannila,3.0,3,9,23.57,24.02,0,1,0001,0
2014,10815,"Vernon, Olivier",DE,0011,Eric Mannila,3.0,4,9,0.0,0.0,0,0,,1
2014,10868,"Zuerlein, Greg",PK,0010,Shawn Blake,1.0,1,5,,24.43,0,0,,0
2014,10868,"Zuerlein, Greg",PK,0010,Shawn Blake,1.0,2,6,0.0,0.0,0,0,,1
2014,10872,"Walsh, Blair",PK,0001,Ryan Bousquet,1.0,1,10,,24.13,0,0,,0
2014,10872,"Walsh, Blair",PK,0001,Ryan Bousquet,1.0,2,10,0.0,0.0,0,0,,1
2014,10879,"Trevathan, Danny",LB,0008,Keith Creelman,2.0,1,7,,29.77,0,0,,0
2014,10879,"Trevathan, Danny",LB,0001,Ryan Bousquet,2.0,2,7,23.77,29.54,0,1,0008,0
2014,10879,"Trevathan, Danny",LB,0009,Bear Dunn,3.0,3,13,18.72,24.26,0,1,0001,0
2014,10879,"Trevathan, Danny",LB,0009,Bear Dunn,3.0,4,13,0.0,0.0,0,0,,1
2014,10905,"Brown, Bryce",RB,0007,Josh Martel,2.0,1,1,,31.79,0,0,,0
2014,10905,"Brown, Bryce",RB,0002,Derrick Whitman,3.0,2,8,17.51,25.3,0,1,0007,0
2014,10905,"Brown, Bryce",RB,0002,Derrick Whitman,4.0,3,8,23.84,25.13,0,0,,0
2014,10905,"Brown, Bryce",RB,0007,Josh Martel,5.0,4,9,23.02,24.16,0,1,0002,0
2014,10905,"Brown, Bryce",RB,0002,Derrick Whitman,6.0,5,9,23.91,24.07,0,1,0007,0
2014,10905,"Brown, Bryce",RB,0002,Derrick Whitman,7.0,6,9,23.99,24.06,0,0,,0
2014,10905,"Brown, Bryce",RB,0002,Derrick Whitman,6.0,7,9,0.0,0.0,0,0,,1
2014,10944,"Lanning, Spencer",PN,0004,Brian Cutting,1.0,1,7,,24.01,0,0,,0
2014,10944,"Lanning, Spencer",PN,0004,Brian Cutting,1.0,2,7,0.0,0.0,0,0,,1
2014,10955,"Streater, Rod",WR,0009,Bear Dunn,2.0,1,8,,25.88,0,0,,0
2014,10955,"Streater, Rod",WR,0011,Eric Mannila,5.0,2,9,22.3,24.18,0,1,0009,0
2014,10955,"Streater, Rod",WR,0011,Eric Mannila,3.0,3,10,0.0,0.0,0,0,,1
2014,10961,"Dunbar, Lance",RB,0007,Josh Martel,1.0,1,13,,34.22,0,0,,0
2014,10961,"Dunbar, Lance",RB,0010,Shawn Blake,2.0,2,13,23.56,33.78,0,1,0007,0
2014,10961,"Dunbar, Lance",RB,0008,Keith Creelman,3.0,3,14,22.95,32.73,0,1,0010,0
2014,10961,"Dunbar, Lance",RB,0008,Keith Creelman,4.0,4,14,23.99,32.72,0,0,,0
2014,10961,"Dunbar, Lance",RB,0010,Shawn Blake,4.0,5,14,23.96,32.68,0,1,0008,0
2014,10961,"Dunbar, Lance",RB,0010,Shawn Blake,5.0,6,15,23.3,31.98,0,0,,0
2014,10961,"Dunbar, Lance",RB,0005,Kyle Creelman,6.0,7,23,16.38,24.36,0,1,0010,0
2014,10961,"Dunbar, Lance",RB,0005,Kyle Creelman,6.0,8,23,0.0,0.0,0,0,,1
2014,10975,"Grimes, Jonathan",RB,0010,Shawn Blake,1.0,1,6,,26.7,0,0,,0
2014,10975,"Grimes, Jonathan",RB,0006,Steve Bousquet,2.0,2,9,21.32,24.02,0,1,0010,0
2014,10975,"Grimes, Jonathan",RB,0006,Steve Bousquet,2.0,3,9,0.0,0.0,0,0,,1
2014,10978,"Cadet, Travaris",RB,0006,Steve Bousquet,1.0,1,21,,24.19,0,0,,0
2014,10978,"Cadet, Travaris",RB,0006,Steve Bousquet,1.0,2,21,0.0,0.0,0,0,,1
2014,10982,"Freeman, Jerrell",LB,0003,Kris Lake,1.0,1,10,,24.25,0,0,,0
2014,10982,"Freeman, Jerrell",LB,0008,Keith Creelman,2.0,2,10,23.99,24.25,0,1,0003,0
2014,10982,"Freeman, Jerrell",LB,0008,Keith Creelman,2.0,3,10,0.0,0.0,0,0,,1
2014,10998,"Asiata, Matt",RB,0004,Brian Cutting,1.0,1,18,,24.96,0,0,,0
2014,10998,"Asiata, Matt",RB,0004,Brian Cutting,1.0,2,19,0.0,0.0,0,0,,1
2014,11076,"Kearse, Jermaine",WR,0005,Kyle Creelman,1.0,1,10,,24.08,0,0,,0
2014,11076,"Kearse, Jermaine",WR,0005,Kyle Creelman,1.0,2,10,0.0,0.0,0,0,,1
2014,11125,"Bostick, Brandon",TE,0008,Keith Creelman,2.0,1,6,,24.0,0,0,,0
2014,11125,"Bostick, Brandon",TE,0009,Bear Dunn,2.0,2,7,22.79,22.8,0,1,0008,0
2014,11125,"Bostick, Brandon",TE,0008,Keith Creelman,2.0,3,6,1.2,0.0,0,1,0009,1
2014,11188,"Riddick, Theo",RB,0001,Ryan Bousquet,4.0,1,4,,25.1,0,0,,0
2014,11188,"Riddick, Theo",RB,0001,Ryan Bousquet,7.0,2,4,23.81,24.9,0,0,,0
2014,11188,"Riddick, Theo",RB,0001,Ryan Bousquet,1.0,3,5,0.0,0.0,0,0,,1
2014,11219,"King, Tavarres",WR,0002,Derrick Whitman,1.0,1,17,,24.29,0,0,,0
2014,11219,"King, Tavarres",WR,0002,Derrick Whitman,1.0,2,17,0.0,0.0,0,0,,1
2014,11251,"Escobar, Gavin",TE,0007,Josh Martel,2.0,1,3,,25.82,0,0,,0
2014,11251,"Escobar, Gavin",TE,0010,Shawn Blake,2.0,2,6,21.16,22.97,0,1,0007,0
2014,11251,"Escobar, Gavin",TE,0007,Josh Martel,2.0,3,5,1.03,0.0,0,1,0010,1
2014,11252,"Toilolo, Levine",TE,0012,Chris Klingenberg,1.0,1,0,,33.68,0,0,,0
2014,11252,"Toilolo, Levine",TE,0009,Bear Dunn,3.0,2,9,14.7,24.37,0,1,0012,0
2014,11252,"Toilolo, Levine",TE,0012,Chris Klingenberg,3.0,3,9,23.7,24.07,0,1,0009,0
2014,11252,"Toilolo, Levine",TE,0012,Chris Klingenberg,5.0,4,9,24.0,24.07,0,0,,0
2014,11252,"Toilolo, Levine",TE,0012,Chris Klingenberg,4.0,5,9,0.0,0.0,0,0,,1
2014,11257,"McDonald, Vance",TE,0008,Keith Creelman,2.0,1,8,,24.01,0,0,,0
2014,11257,"McDonald, Vance",TE,0008,Keith Creelman,1.0,2,8,0.0,0.0,0,0,,1
2014,11258,"Rivera, Mychal",TE,0001,Ryan Bousquet,2.0,1,6,,24.13,0,0,,0
2014,11258,"Rivera, Mychal",TE,0001,Ryan Bousquet,1.0,2,7,0.0,0.0,0,0,,1
2014,11343,"Momah, Ifeanyi",WR,0009,Bear Dunn,1.0,1,8,,24.36,0,0,,0
2014,11343,"Momah, Ifeanyi",WR,0009,Bear Dunn,1.0,2,9,0.0,0.0,0,0,,1
2014,11345,"King, Marquette",PN,0001,Ryan Bousquet,1.0,1,0,,24.78,0,0,,0
2014,11345,"King, Marquette",PN,0001,Ryan Bousquet,1.0,2,1,0.0,0.0,0,0,,1
2014,11349,"Collins, Jamie",LB,0007,Josh Martel,4.0,1,1,,27.99,0,0,,0
2014,11349,"Collins, Jamie",LB,0001,Ryan Bousquet,2.0,2,14,11.17,15.16,1,0,,0
2014,11349,"Collins, Jamie",LB,0007,Josh Martel,2.0,3,5,8.84,0.0,0,0,,1
2014,11399,"Griffin, Ryan",TE,0005,Kyle Creelman,1.0,1,9,,48.35,0,0,,0
2014,11399,"Griffin, Ryan",TE,0003,Kris Lake,2.0,2,9,0.11,24.46,0,1,0005,0
2014,11399,"Griffin, Ryan",TE,0003,Kris Lake,2.0,3,9,0.0,0.0,0,0,,1
2014,11409,"Johnson, Charles",WR,0005,Kyle Creelman,3.0,1,9,,24.02,0,0,,0
2014,11409,"Johnson, Charles",WR,0010,Shawn Blake,3.0,2,16,16.87,16.9,0,1,0005,0
2014,11409,"Johnson, Charles",WR,0005,Kyle Creelman,4.0,3,16,23.9,16.8,0,1,0010,0
2014,11409,"Johnson, Charles",WR,0010,Shawn Blake,4.0,4,20,20.88,13.68,0,1,0005,0
2014,11409,"Johnson, Charles",WR,0005,Kyle Creelman,4.0,5,9,10.32,0.0,0,1,0010,1
2014,11432,"Cunningham, Benny",RB,0002,Derrick Whitman,2.0,1,12,,24.12,0,0,,0
2014,11432,"Cunningham, Benny",RB,0002,Derrick Whitman,3.0,2,13,23.94,24.06,0,0,,0
2014,11432,"Cunningham, Benny",RB,0002,Derrick Whitman,1.0,3,13,0.0,0.0,0,0,,1
2014,11440,"Thompkins, Kenbrell",WR,0009,Bear Dunn,1.0,1,7,,41.82,0,0,,0
2014,11440,"Thompkins, Kenbrell",WR,0001,Ryan Bousquet,2.0,2,23,7.38,25.2,0,1,0009,0
2014,11440,"Thompkins, Kenbrell",WR,0001,Ryan Bousquet,2.0,3,1,0.0,0.0,0,0,,1
2014,11454,"Anderson, C.J.",RB,0012,Chris Klingenberg,1.0,1,23,,27.6,0,0,,0
2014,11454,"Anderson, C.J.",RB,0012,Chris Klingenberg,1.0,2,0,23.26,26.86,0,0,,0
2014,11454,"Anderson, C.J.",RB,0008,Keith Creelman,5.0,3,0,23.84,26.7,0,1,0012,0
2014,11454,"Anderson, C.J.",RB,0002,Derrick Whitman,3.0,4,6,17.88,20.58,1,0,,0
2014,11454,"Anderson, C.J.",RB,0002,Derrick Whitman,4.0,5,6,23.87,20.45,1,0,,0
2014,11454,"Anderson, C.J.",RB,0012,Chris Klingenberg,5.0,6,9,21.74,18.19,0,1,0008,0
2014,11454,"Anderson, C.J.",RB,0008,Keith Creelman,7.0,7,9,23.88,18.07,0,1,0012,0
2014,11454,"Anderson, C.J.",RB,0012,Chris Klingenberg,6.0,8,15,17.26,11.32,1,0,,0
2014,11454,"Anderson, C.J.",RB,0008,Keith Creelman,6.0,9,3,12.68,0.0,0,0,,1
2014,11457,"Worrilow, Paul",LB,0001,Ryan Bousquet,3.0,1,0,,31.34,0,0,,0
2014,11457,"Worrilow, Paul",LB,0009,Bear Dunn,3.0,2,7,16.72,24.06,0,1,0001,0
2014,11457,"Worrilow, Paul",LB,0009,Bear Dunn,4.0,3,7,23.97,24.03,0,0,,0
2014,11457,"Worrilow, Paul",LB,0009,Bear Dunn,4.0,4,7,0.0,0.0,0,0,,1
2014,11466,"Robinson, Khiry",RB,0007,Josh Martel,8.0,1,17,,24.01,0,0,,0
2014,11466,"Robinson, Khiry",RB,0004,Brian Cutting,2.0,2,18,23.56,23.57,1,0,,0
2014,11466,"Robinson, Khiry",RB,0010,Shawn Blake,4.0,3,18,23.88,23.45,1,0,,0
2014,11466,"Robinson, Khiry",RB,0008,Keith Creelman,5.0,4,0,17.91,17.36,1,0,,0
2014,11466,"Robinson, Khiry",RB,0008,Keith Creelman,7.0,5,0,23.99,17.35,1,0,,0
2014,11466,"Robinson, Khiry",RB,0007,Josh Martel,10.0,6,12,11.48,4.83,0,0,,0
2014,11466,"Robinson, Khiry",RB,0008,Keith Creelman,8.0,7,12,23.85,4.68,1,0,,0
2014,11466,"Robinson, Khiry",RB,0008,Keith Creelman,9.0,8,12,24.0,4.68,1,0,,0
2014,11466,"Robinson, Khiry",RB,0007,Josh Martel,9.0,9,17,19.32,0.0,0,0,,1
2014,11510,"Williams, Brandon",TE,0010,Shawn Blake,2.0,1,6,,24.07,0,0,,0
2014,11510,"Williams, Brandon",TE,0010,Shawn Blake,1.0,2,6,0.0,0.0,0,0,,1
2014,11526,"Wright, Tim",TE,0008,Keith Creelman,1.0,1,8,,24.01,0,0,,0
2014,11526,"Wright, Tim",TE,0008,Keith Creelman,1.0,2,8,0.0,0.0,0,0,,1
2014,11663,"Johnson, Storm",RB,0007,Josh Martel,1.0,1,6,,40.18,0,0,,0
2014,11663,"Johnson, Storm",RB,0010,Shawn Blake,2.0,2,6,23.66,39.85,0,1,0007,0
2014,11663,"Johnson, Storm",RB,0011,Eric Mannila,3.0,3,9,21.52,37.37,0,1,0010,0
2014,11663,"Johnson, Storm",RB,0010,Shawn Blake,4.0,4,21,12.0,25.36,0,1,0011,0
2014,11663,"Johnson, Storm",RB,0011,Eric Mannila,5.0,5,22,22.84,24.21,0,1,0010,0
2014,11663,"Johnson, Storm",RB,0011,Eric Mannila,5.0,6,22,0.0,0.0,0,0,,1
2014,11698,"Fiedorowicz, C.J.",TE,0002,Derrick Whitman,2.0,1,12,,24.14,0,0,,0
2014,11698,"Fiedorowicz, C.J.",TE,0002,Derrick Whitman,3.0,2,13,23.76,23.9,0,0,,0
2014,11698,"Fiedorowicz, C.J.",TE,0002,Derrick Whitman,1.0,3,12,0.1,0.0,0,0,,1
2014,11720,"Barr, Anthony",LB,0003,Kris Lake,3.0,1,9,,24.36,0,0,,0
2014,11720,"Barr, Anthony",LB,0003,Kris Lake,1.0,2,9,0.0,0.0,0,0,,1
2014,11737,"Dennard, Darqueze",CB,0006,Steve Bousquet,1.0,1,6,,24.55,0,0,,0
2014,11737,"Dennard, Darqueze",CB,0006,Steve Bousquet,1.0,2,7,0.0,0.0,0,0,,1
2014,11772,"Kirksey, Christian",LB,0007,Josh Martel,3.0,1,0,,42.85,0,0,,0
2014,11772,"Kirksey, Christian",LB,0001,Ryan Bousquet,2.0,2,4,19.47,38.32,1,0,,0
2014,11772,"Kirksey, Christian",LB,0010,Shawn Blake,3.0,3,6,22.77,37.09,0,1,0007,0
2014,11772,"Kirksey, Christian",LB,0010,Shawn Blake,4.0,4,18,11.25,24.33,0,0,,0
2014,11772,"Kirksey, Christian",LB,0010,Shawn Blake,4.0,5,19,0.0,0.0,0,0,,1
2014,11783,"Brown, John",WR,0006,Steve Bousquet,1.0,1,0,,33.27,0,0,,0
2014,11783,"Brown, John",WR,0006,Steve Bousquet,2.0,2,0,23.99,33.26,0,0,,0
2014,11783,"Brown, John",WR,0004,Brian Cutting,2.0,3,7,16.32,25.58,0,1,0006,0
2014,11783,"Brown, John",WR,0007,Josh Martel,5.0,4,9,22.44,24.03,0,1,0004,0
2014,11783,"Brown, John",WR,0006,Steve Bousquet,4.0,5,23,10.36,10.38,1,0,,0
2014,11783,"Brown, John",WR,0007,Josh Martel,4.0,6,9,13.62,0.0,0,0,,1
2014,11785,"Rodgers, Richard",TE,0006,Steve Bousquet,1.0,1,21,,24.0,0,0,,0
2014,11785,"Rodgers, Richard",TE,0006,Steve Bousquet,2.0,2,21,24.0,24.0,0,0,,0
2014,11785,"Rodgers, Richard",TE,0006,Steve Bousquet,3.0,3,21,24.0,24.0,0,0,,0
2014,11785,"Rodgers, Richard",TE,0006,Steve Bousquet,1.0,4,21,0.0,0.0,0,0,,1
2014,11870,"Janis, Jeff",WR,0007,Josh Martel,2.0,1,3,,25.8,0,0,,0
2014,11870,"Janis, Jeff",WR,0007,Josh Martel,1.0,2,5,0.0,0.0,0,0,,1
2014,11895,"Bibbs, Kapri",RB,0010,Shawn Blake,1.0,1,6,,24.01,0,0,,0
2014,11895,"Bibbs, Kapri",RB,0010,Shawn Blake,1.0,2,6,0.0,0.0,0,0,,1
2014,11904,"Swoope, Erik",TE,0010,Shawn Blake,1.0,1,6,,24.03,0,0,,0
2014,11904,"Swoope, Erik",TE,0010,Shawn Blake,1.0,2,6,0.0,0.0,0,0,,1
2014,11925,"Hurns, Allen",WR,0003,Kris Lake,1.0,1,13,,0.0,0,0,,0
2014,11937,"Thompson, Juwan",RB,0006,Steve Bousquet,1.0,1,21,,24.03,0,0,,0
2014,11937,"Thompson, Juwan",RB,0006,Steve Bousquet,1.0,2,21,0.0,0.0,0,0,,1
2014,2842,"Vinatieri, Adam",PK,0003,Kris Lake,1.0,1,14,,24.11,0,0,,0
2014,2842,"Vinatieri, Adam",PK,0003,Kris Lake,1.0,2,14,0.0,0.0,0,0,,1
2014,3494,"Dawson, Phil",PK,0005,Kyle Creelman,1.0,1,0,,29.77,0,0,,0
2014,3494,"Dawson, Phil",PK,0005,Kyle Creelman,1.0,2,5,0.0,0.0,0,0,,1
2014,4923,"Wayne, Reggie",WR,0005,Kyle Creelman,1.0,1,11,,51.61,0,0,,0
2014,4923,"Wayne, Reggie",WR,0010,Shawn Blake,11.0,2,11,23.94,51.55,0,1,0005,0
2014,4923,"Wayne, Reggie",WR,0006,Steve Bousquet,5.0,3,11,23.92,51.47,1,0,,0
2014,4923,"Wayne, Reggie",WR,0006,Steve Bousquet,0.0,4,11,23.99,51.47,0,0,,0
2014,4923,"Wayne, Reggie",WR,0004,Brian Cutting,14.0,5,12,23.25,50.72,0,1,0010,0
2014,4923,"Wayne, Reggie",WR,0003,Kris Lake,25.0,6,12,23.84,50.56,0,1,0004,0
2014,4923,"Wayne, Reggie",WR,0010,Shawn Blake,21.0,7,12,23.34,49.9,1,0,,0
2014,4923,"Wayne, Reggie",WR,0006,Steve Bousquet,23.0,8,7,5.12,31.02,1,0,,0
2014,4923,"Wayne, Reggie",WR,0006,Steve Bousquet,24.0,9,8,22.94,29.96,1,0,,0
2014,4923,"Wayne, Reggie",WR,0006,Steve Bousquet,25.0,10,9,23.14,29.1,0,1,0003,0
2014,4923,"Wayne, Reggie",WR,0006,Steve Bousquet,26.0,11,9,23.68,28.77,0,0,,0
2014,4923,"Wayne, Reggie",WR,0003,Kris Lake,30.0,12,14,19.26,24.03,0,1,0006,0
2014,4923,"Wayne, Reggie",WR,0003,Kris Lake,27.0,13,14,0.0,0.0,0,0,,1
2014,4925,"Brees, Drew",QB,0009,Bear Dunn,6.0,1,2,,35.64,0,0,,0
2014,4925,"Brees, Drew",QB,0011,Eric Mannila,20.0,2,5,21.13,32.77,0,1,0009,0
2014,4925,"Brees, Drew",QB,0008,Keith Creelman,32.0,3,7,21.84,30.61,0,1,0011,0
2014,4925,"Brees, Drew",QB,0006,Steve Bousquet,25.0,4,8,23.02,29.63,1,0,,0
2014,4925,"Brees, Drew",QB,0007,Josh Martel,40.0,5,14,18.4,24.04,0,1,0008,0
2014,4925,"Brees, Drew",QB,0008,Keith Creelman,35.0,6,18,19.65,19.69,1,0,,0
2014,4925,"Brees, Drew",QB,0008,Keith Creelman,38.0,7,11,7.11,2.8,1,0,,0
2014,4925,"Brees, Drew",QB,0007,Josh Martel,38.0,8,14,21.2,0.0,0,0,,1
2014,4974,"Smith, Steve",WR,0006,Steve Bousquet,1.0,1,9,,33.34,0,0,,0
2014,4974,"Smith, Steve",WR,0006,Steve Bousquet,4.0,2,9,23.97,33.31,0,0,,0
2014,4974,"Smith, Steve",WR,0006,Steve Bousquet,5.0,3,9,23.9,33.22,0,0,,0
2014,4974,"Smith, Steve",WR,0003,Kris Lake,2.0,4,10,23.75,32.97,1,0,,0
2014,4974,"Smith, Steve",WR,0011,Eric Mannila,4.0,5,16,18.14,27.11,1,0,,0
2014,4974,"Smith, Steve",WR,0011,Eric Mannila,5.0,6,16,23.99,27.11,0,1,0006,0
2014,4974,"Smith, Steve",WR,0011,Eric Mannila,6.0,7,16,24.0,27.1,0,0,,0
2014,4974,"Smith, Steve",WR,0012,Chris Klingenberg,10.0,8,19,20.99,24.09,0,1,0011,0
2014,4974,"Smith, Steve",WR,0012,Chris Klingenberg,7.0,9,19,0.0,0.0,0,0,,1
2014,5791,"Lechler, Shane",PN,0008,Keith Creelman,1.0,1,7,,24.07,0,0,,0
2014,5791,"Lechler, Shane",PN,0008,Keith Creelman,1.0,2,7,0.0,0.0,0,0,,1
2014,5848,"Brady, Tom",QB,0006,Steve Bousquet,15.0,1,8,,39.04,0,0,,0
2014,5848,"Brady, Tom",QB,0011,Eric Mannila,5.0,2,9,23.48,38.52,1,0,,0
2014,5848,"Brady, Tom",QB,0012,Chris Klingenberg,1.0,3,22,10.68,25.2,1,0,,0
2014,5848,"Brady, Tom",QB,0008,Keith Creelman,2.0,4,22,23.81,25.01,1,0,,0
2014,5848,"Brady, Tom",QB,0007,Josh Martel,15.0,5,23,23.44,24.44,0,1,0006,0
2014,5848,"Brady, Tom",QB,0012,Chris Klingenberg,24.0,6,23,23.61,24.05,0,1,0007,0
2014,5848,"Brady, Tom",QB,0006,Steve Bousquet,17.0,7,0,23.67,23.72,1,0,,0
2014,5848,"Brady, Tom",QB,0011,Eric Mannila,18.0,8,0,23.82,23.54,1,0,,0
2014,5848,"Brady, Tom",QB,0006,Steve Bousquet,19.0,9,0,23.84,23.37,1,0,,0
2014,5848,"Brady, Tom",QB,0006,Steve Bousquet,20.0,10,8,15.96,15.33,1,0,,0
2014,5848,"Brady, Tom",QB,0008,Keith Creelman,21.0,11,19,13.41,4.75,1,0,,0
2014,5848,"Brady, Tom",QB,0004,Brian Cutting,22.0,12,19,23.56,4.31,1,0,,0
2014,5848,"Brady, Tom",QB,0012,Chris Klingenberg,22.0,13,23,19.69,0.0,0,0,,1
2014,6589,"McCown, Josh",QB,0002,Derrick Whitman,7.0,1,3,,26.64,0,0,,0
2014,6589,"McCown, Josh",QB,0004,Brian Cutting,2.0,2,7,19.86,22.5,1,0,,0
2014,6589,"McCown, Josh",QB,0010,Shawn Blake,3.0,3,13,18.03,16.53,1,0,,0
2014,6589,"McCown, Josh",QB,0002,Derrick Whitman,3.0,4,6,7.47,0.0,0,0,,1
2014,6620,"Zastudil, Dave",PN,0006,Steve Bousquet,1.0,1,0,,24.02,0,0,,0
2014,6620,"Zastudil, Dave",PN,0006,Steve Bousquet,1.0,2,0,0.0,0.0,0,0,,1
2014,6929,"Palmer, Carson",QB,0009,Bear Dunn,1.0,1,6,,25.62,0,0,,0
2014,6929,"Palmer, Carson",QB,0004,Brian Cutting,2.0,2,8,22.41,24.02,0,1,0009,0
2014,6929,"Palmer, Carson",QB,0004,Brian Cutting,2.0,3,8,0.0,0.0,0,0,,1
2014,6931,"Johnson, Andre",WR,0003,Kris Lake,25.0,1,10,,37.86,0,0,,0
2014,6931,"Johnson, Andre",WR,0006,Steve Bousquet,7.0,2,10,23.86,37.72,1,0,,0
2014,6931,"Johnson, Andre",WR,0006,Steve Bousquet,9.0,3,10,24.0,37.71,1,0,,0
2014,6931,"Johnson, Andre",WR,0006,Steve Bousquet,12.0,4,10,24.0,37.71,1,0,,0
2014,6931,"Johnson, Andre",WR,0006,Steve Bousquet,15.0,5,10,24.0,37.71,1,0,,0
2014,6931,"Johnson, Andre",WR,0006,Steve Bousquet,17.0,6,10,24.0,37.7,1,0,,0
2014,6931,"Johnson, Andre",WR,0006,Steve Bousquet,21.0,7,10,23.98,37.68,1,0,,0
2014,6931,"Johnson, Andre",WR,0006,Steve Bousquet,22.0,8,10,24.0,37.68,1,0,,0
2014,6931,"Johnson, Andre",WR,0006,Steve Bousquet,23.0,9,10,24.0,37.67,1,0,,0
2014,6931,"Johnson, Andre",WR,0006,Steve Bousquet,24.0,10,10,24.0,37.67,1,0,,0
2014,6931,"Johnson, Andre",WR,0003,Kris Lake,27.0,11,10,23.87,37.55,0,0,,0
2014,6931,"Johnson, Andre",WR,0008,Keith Creelman,32.0,12,11,22.94,36.48,0,1,0003,0
2014,6931,"Johnson, Andre",WR,0011,Eric Mannila,29.0,13,13,22.02,34.51,1,0,,0
2014,6931,"Johnson, Andre",WR,0003,Kris Lake,35.0,14,14,22.87,33.38,0,1,0008,0
2014,6931,"Johnson, Andre",WR,0008,Keith Creelman,38.0,15,19,19.57,28.94,0,1,0003,0
2014,6931,"Johnson, Andre",WR,0003,Kris Lake,42.0,16,20,22.41,27.35,0,1,0008,0
2014,6931,"Johnson, Andre",WR,0012,Chris Klingenberg,45.0,17,0,20.65,24.0,0,1,0003,0
2014,6931,"Johnson, Andre",WR,0006,Steve Bousquet,44.0,18,0,23.85,23.86,1,0,,0
2014,6931,"Johnson, Andre",WR,0008,Keith Creelman,45.0,19,10,13.83,13.69,0,1,0012,0
2014,6931,"Johnson, Andre",WR,0012,Chris Klingenberg,45.0,20,0,10.31,0.0,0,1,0008,1
2014,6938,"Suggs, Terrell",LB,0004,Brian Cutting,1.0,1,7,,24.08,0,0,,0
2014,6938,"Suggs, Terrell",LB,0004,Brian Cutting,1.0,2,7,0.0,0.0,0,0,,1
2014,6944,"Polamalu, Troy",S,0003,Kris Lake,1.0,1,9,,24.02,0,0,,0
2014,6944,"Polamalu, Troy",S,0003,Kris Lake,1.0,2,9,0.0,0.0,0,0,,1
2014,6982,"Boldin, Anquan",WR,0003,Kris Lake,1.0,1,10,,25.2,0,0,,0
2014,6982,"Boldin, Anquan",WR,0006,Steve Bousquet,4.0,2,10,23.89,25.09,0,1,0003,0
2014,6982,"Boldin, Anquan",WR,0001,Ryan Bousquet,7.0,3,11,23.9,24.99,0,1,0006,0
2014,6982,"Boldin, Anquan",WR,0006,Steve Bousquet,6.0,4,11,23.94,24.93,1,0,,0
2014,6982,"Boldin, Anquan",WR,0001,Ryan Bousquet,8.0,5,11,23.91,24.84,0,0,,0
2014,6982,"Boldin, Anquan",WR,0012,Chris Klingenberg,10.0,6,11,23.29,24.14,0,1,0001,0
2014,6982,"Boldin, Anquan",WR,0005,Kyle Creelman,12.0,7,12,23.86,24.0,0,1,0012,0
2014,6982,"Boldin, Anquan",WR,0012,Chris Klingenberg,12.0,8,12,23.57,23.57,0,1,0005,0
2014,6982,"Boldin, Anquan",WR,0005,Kyle Creelman,14.0,9,13,23.42,22.99,0,1,0012,0
2014,6982,"Boldin, Anquan",WR,0005,Kyle Creelman,12.0,10,12,1.01,0.0,0,0,,1
2014,7236,"Gates, Antonio",TE,0010,Shawn Blake,1.0,1,6,,37.99,0,0,,0
2014,7236,"Gates, Antonio",TE,0011,Eric Mannila,2.0,2,7,22.11,36.1,0,1,0010,0
2014,7236,"Gates, Antonio",TE,0010,Shawn Blake,3.0,3,9,22.61,34.71,0,1,0011,0
2014,7236,"Gates, Antonio",TE,0012,Chris Klingenberg,5.0,4,13,19.44,30.15,0,1,0010,0
2014,7236,"Gates, Antonio",TE,0010,Shawn Blake,6.0,5,20,17.87,24.02,0,1,0012,0
2014,7236,"Gates, Antonio",TE,0010,Shawn Blake,6.0,6,20,0.0,0.0,0,0,,1
2014,7260,"Romo, Tony",QB,0008,Keith Creelman,1.0,1,1,,43.4,0,0,,0
2014,7260,"Romo, Tony",QB,0006,Steve Bousquet,2.0,2,8,17.52,36.92,0,1,0008,0
2014,7260,"Romo, Tony",QB,0001,Ryan Bousquet,4.0,3,8,23.98,36.9,0,1,0006,0
2014,7260,"Romo, Tony",QB,0006,Steve Bousquet,5.0,4,10,21.77,34.66,0,1,0001,0
2014,7260,"Romo, Tony",QB,0006,Steve Bousquet,7.0,5,10,23.91,34.57,0,0,,0
2014,7260,"Romo, Tony",QB,0002,Derrick Whitman,7.0,6,10,23.77,34.34,0,1,0006,0
2014,7260,"Romo, Tony",QB,0006,Steve Bousquet,10.0,7,13,21.29,31.63,0,1,0002,0
2014,7260,"Romo, Tony",QB,0008,Keith Creelman,8.0,8,14,23.31,30.95,1,0,,0
2014,7260,"Romo, Tony",QB,0007,Josh Martel,10.0,9,15,22.88,29.82,0,1,0006,0
2014,7260,"Romo, Tony",QB,0007,Josh Martel,12.0,10,20,19.16,24.98,0,0,,0
2014,7260,"Romo, Tony",QB,0011,Eric Mannila,13.0,11,21,23.02,24.0,0,1,0007,0
2014,7260,"Romo, Tony",QB,0011,Eric Mannila,13.0,12,21,0.0,0.0,0,0,,1
2014,7391,"Manning, Eli",QB,0011,Eric Mannila,1.0,1,7,,25.81,0,0,,0
2014,7391,"Manning, Eli",QB,0005,Kyle Creelman,3.0,2,9,22.41,24.22,0,1,0011,0
2014,7391,"Manning, Eli",QB,0005,Kyle Creelman,2.0,3,9,0.0,0.0,0,0,,1
2014,7393,"Fitzgerald, Larry",WR,0001,Ryan Bousquet,4.0,1,4,,26.48,0,0,,0
2014,7393,"Fitzgerald, Larry",WR,0011,Eric Mannila,3.0,2,5,22.2,24.68,1,0,,0
2014,7393,"Fitzgerald, Larry",WR,0011,Eric Mannila,5.0,3,5,23.99,24.67,0,1,0001,0
2014,7393,"Fitzgerald, Larry",WR,0010,Shawn Blake,6.0,4,6,23.74,24.41,0,1,0011,0
2014,7393,"Fitzgerald, Larry",WR,0011,Eric Mannila,12.0,5,6,23.79,24.21,0,1,0010,0
2014,7393,"Fitzgerald, Larry",WR,0008,Keith Creelman,35.0,6,6,23.79,24.0,0,1,0011,0
2014,7393,"Fitzgerald, Larry",WR,0006,Steve Bousquet,15.0,7,7,22.9,22.91,1,0,,0
2014,7393,"Fitzgerald, Larry",WR,0006,Steve Bousquet,19.0,8,7,23.8,22.71,1,0,,0
2014,7393,"Fitzgerald, Larry",WR,0006,Steve Bousquet,20.0,9,8,22.99,21.7,1,0,,0
2014,7393,"Fitzgerald, Larry",WR,0006,Steve Bousquet,21.0,10,8,23.97,21.67,1,0,,0
2014,7393,"Fitzgerald, Larry",WR,0006,Steve Bousquet,23.0,11,8,23.98,21.65,1,0,,0
2014,7393,"Fitzgerald, Larry",WR,0006,Steve Bousquet,25.0,12,8,23.99,21.65,1,0,,0
2014,7393,"Fitzgerald, Larry",WR,0006,Steve Bousquet,27.0,13,9,23.62,21.27,1,0,,0
2014,7393,"Fitzgerald, Larry",WR,0006,Steve Bousquet,26.0,14,6,2.78,0.05,1,0,,0
2014,7393,"Fitzgerald, Larry",WR,0008,Keith Creelman,26.0,15,6,23.95,0.0,0,0,,1
2014,7401,"Roethlisberger, Ben",QB,0006,Steve Bousquet,1.0,1,0,,31.67,0,0,,0
2014,7401,"Roethlisberger, Ben",QB,0004,Brian Cutting,2.0,2,7,16.66,24.32,0,1,0006,0
2014,7401,"Roethlisberger, Ben",QB,0007,Josh Martel,8.0,3,7,23.79,24.12,0,1,0004,0
2014,7401,"Roethlisberger, Ben",QB,0006,Steve Bousquet,4.0,4,9,22.48,22.59,1,0,,0
2014,7401,"Roethlisberger, Ben",QB,0010,Shawn Blake,5.0,5,13,19.71,18.3,1,0,,0
2014,7401,"Roethlisberger, Ben",QB,0010,Shawn Blake,7.0,6,20,17.31,11.61,1,0,,0
2014,7401,"Roethlisberger, Ben",QB,0007,Josh Martel,7.0,7,8,12.39,0.0,0,0,,1
2014,7414,"Jackson, Steven",RB,0009,Bear Dunn,2.0,1,6,,47.59,0,0,,0
2014,7414,"Jackson, Steven",RB,0009,Bear Dunn,3.0,2,6,23.97,47.55,0,0,,0
2014,7414,"Jackson, Steven",RB,0006,Steve Bousquet,4.0,3,7,23.26,46.81,0,1,0009,0
2014,7414,"Jackson, Steven",RB,0004,Brian Cutting,6.0,4,7,23.64,46.45,0,1,0006,0
2014,7414,"Jackson, Steven",RB,0011,Eric Mannila,7.0,5,7,23.79,46.24,0,1,0004,0
2014,7414,"Jackson, Steven",RB,0004,Brian Cutting,8.0,6,8,23.77,46.01,0,1,0011,0
2014,7414,"Jackson, Steven",RB,0004,Brian Cutting,9.0,7,8,23.89,45.9,0,0,,0
2014,7414,"Jackson, Steven",RB,0011,Eric Mannila,9.0,8,16,16.04,37.94,0,1,0004,0
2014,7414,"Jackson, Steven",RB,0011,Eric Mannila,10.0,9,16,23.97,37.92,0,0,,0
2014,7414,"Jackson, Steven",RB,0006,Steve Bousquet,12.0,10,23,16.91,30.83,0,1,0011,0
2014,7414,"Jackson, Steven",RB,0011,Eric Mannila,12.0,11,5,17.38,24.21,0,1,0006,0
2014,7414,"Jackson, Steven",RB,0011,Eric Mannila,14.0,12,5,24.0,24.2,0,0,,0
2014,7414,"Jackson, Steven",RB,0011,Eric Mannila,13.0,13,6,0.0,0.0,0,0,,1
2014,7423,"Dansby, Karlos",LB,0004,Brian Cutting,2.0,1,8,,25.26,0,0,,0
2014,7423,"Dansby, Karlos",LB,0001,Ryan Bousquet,2.0,2,9,23.48,24.74,0,1,0004,0
2014,7423,"Dansby, Karlos",LB,0005,Kyle Creelman,5.0,3,9,23.32,24.06,0,1,0001,0
2014,7423,"Dansby, Karlos",LB,0006,Steve Bousquet,4.0,4,10,23.39,23.45,1,0,,0
2014,7423,"Dansby, Karlos",LB,0005,Kyle Creelman,4.0,5,10,0.55,0.0,0,0,,1
2014,7429,"Smith, Daryl",LB,0005,Kyle Creelman,1.0,1,7,,24.12,0,0,,0
2014,7429,"Smith, Daryl",LB,0005,Kyle Creelman,1.0,2,7,0.0,0.0,0,0,,1
2014,7498,"Cotchery, Jerricho",WR,0004,Brian Cutting,1.0,1,6,,24.01,0,0,,0
2014,7498,"Cotchery, Jerricho",WR,0004,Brian Cutting,1.0,2,6,0.0,0.0,0,0,,1
2014,7516,"Allen, Jared",DE,0004,Brian Cutting,1.0,1,7,,24.06,0,0,,0
2014,7516,"Allen, Jared",DE,0004,Brian Cutting,1.0,2,7,0.0,0.0,0,0,,1
2014,7614,"Jones, Donnie",PN,0010,Shawn Blake,1.0,1,2,,27.66,0,0,,0
2014,7614,"Jones, Donnie",PN,0010,Shawn Blake,1.0,2,5,0.0,0.0,0,0,,1
2014,7653,"Welker, Wes",WR,0003,Kris Lake,20.0,1,8,,27.55,0,0,,0
2014,7653,"Welker, Wes",WR,0006,Steve Bousquet,15.0,2,8,23.96,27.51,1,0,,0
2014,7653,"Welker, Wes",WR,0006,Steve Bousquet,18.0,3,8,23.98,27.49,1,0,,0
2014,7653,"Welker, Wes",WR,0006,Steve Bousquet,19.0,4,8,24.0,27.49,1,0,,0
2014,7653,"Welker, Wes",WR,0006,Steve Bousquet,20.0,5,8,23.96,27.45,0,1,0003,0
2014,7653,"Welker, Wes",WR,0006,Steve Bousquet,21.0,6,8,24.0,27.45,0,0,,0
2014,7653,"Welker, Wes",WR,0003,Kris Lake,25.0,7,9,23.84,27.29,0,1,0006,0
2014,7653,"Welker, Wes",WR,0006,Steve Bousquet,23.0,8,9,23.9,27.19,1,0,,0
2014,7653,"Welker, Wes",WR,0004,Brian Cutting,24.0,9,9,23.91,27.1,1,0,,0
2014,7653,"Welker, Wes",WR,0004,Brian Cutting,25.0,10,9,24.0,27.09,0,1,0003,0
2014,7653,"Welker, Wes",WR,0006,Steve Bousquet,26.0,11,9,23.95,27.04,0,1,0004,0
2014,7653,"Welker, Wes",WR,0004,Brian Cutting,27.0,12,12,21.22,24.26,0,1,0006,0
2014,7653,"Welker, Wes",WR,0003,Kris Lake,30.0,13,12,23.76,24.02,0,1,0004,0
2014,7653,"Welker, Wes",WR,0011,Eric Mannila,29.0,14,21,15.26,15.27,1,0,,0
2014,7653,"Welker, Wes",WR,0006,Steve Bousquet,30.0,15,7,13.32,4.59,0,1,0003,0
2014,7653,"Welker, Wes",WR,0003,Kris Lake,30.0,16,12,19.41,0.0,0,1,0006,1
2014,7813,"Smith, Alex",QB,0003,Kris Lake,1.0,1,9,,73.59,0,0,,0
2014,7813,"Smith, Alex",QB,0006,Steve Bousquet,2.0,2,16,16.38,65.97,0,1,0003,0
2014,7813,"Smith, Alex",QB,0003,Kris Lake,3.0,3,13,2.82,44.79,0,1,0006,0
2014,7813,"Smith, Alex",QB,0006,Steve Bousquet,4.0,4,13,23.97,44.76,0,1,0003,0
2014,7813,"Smith, Alex",QB,0003,Kris Lake,5.0,5,10,3.6,24.36,0,1,0006,0
2014,7813,"Smith, Alex",QB,0006,Steve Bousquet,6.0,6,10,23.64,24.0,0,1,0003,0
2014,7813,"Smith, Alex",QB,0006,Steve Bousquet,6.0,7,10,0.0,0.0,0,0,,1
2014,7820,"Rolle, Antrel",S,0005,Kyle Creelman,2.0,1,9,,24.05,0,0,,0
2014,7820,"Rolle, Antrel",S,0005,Kyle Creelman,1.0,2,9,0.0,0.0,0,0,,1
2014,7823,"Ware, Demarcus",DE,0004,Brian Cutting,1.0,1,6,,26.49,0,0,,0
2014,7823,"Ware, Demarcus",DE,0004,Brian Cutting,2.0,2,6,23.99,26.48,0,0,,0
2014,7823,"Ware, Demarcus",DE,0001,Ryan Bousquet,2.0,3,8,22.38,24.86,0,1,0004,0
2014,7823,"Ware, Demarcus",DE,0012,Chris Klingenberg,5.0,4,9,23.16,24.02,0,1,0001,0
2014,7823,"Ware, Demarcus",DE,0001,Ryan Bousquet,4.0,5,8,0.43,0.46,1,0,,0
2014,7823,"Ware, Demarcus",DE,0012,Chris Klingenberg,4.0,6,9,23.54,0.0,0,0,,1
2014,7826,"Davis, Thomas",LB,0005,Kyle Creelman,1.0,1,9,,24.32,0,0,,0
2014,7826,"Davis, Thomas",LB,0005,Kyle Creelman,1.0,2,10,0.0,0.0,0,0,,1
2014,7827,"Johnson, Derrick",LB,0009,Bear Dunn,3.0,1,7,,24.15,0,0,,0
2014,7827,"Johnson, Derrick",LB,0001,Ryan Bousquet,2.0,2,7,23.97,24.12,1,0,,0
2014,7827,"Johnson, Derrick",LB,0009,Bear Dunn,4.0,3,7,23.53,23.65,0,0,,0
2014,7827,"Johnson, Derrick",LB,0005,Kyle Creelman,3.0,4,9,22.51,22.16,1,0,,0
2014,7827,"Johnson, Derrick",LB,0009,Bear Dunn,3.0,5,7,1.84,0.0,0,0,,1
2014,7839,"White, Roddy",WR,0007,Josh Martel,10.0,1,12,,43.3,0,0,,0
2014,7839,"White, Roddy",WR,0001,Ryan Bousquet,8.0,2,13,23.66,42.96,1,0,,0
2014,7839,"White, Roddy",WR,0006,Steve Bousquet,10.0,3,13,23.96,42.93,0,1,0007,0
2014,7839,"White, Roddy",WR,0006,Steve Bousquet,19.0,4,13,23.99,42.92,0,0,,0
2014,7839,"White, Roddy",WR,0011,Eric Mannila,15.0,5,13,23.72,42.64,1,0,,0
2014,7839,"White, Roddy",WR,0011,Eric Mannila,16.0,6,13,23.99,42.64,1,0,,0
2014,7839,"White, Roddy",WR,0011,Eric Mannila,17.0,7,13,24.0,42.63,1,0,,0
2014,7839,"White, Roddy",WR,0011,Eric Mannila,19.0,8,13,24.0,42.63,0,1,0006,0
2014,7839,"White, Roddy",WR,0011,Eric Mannila,20.0,9,13,24.0,42.63,0,0,,0
2014,7839,"White, Roddy",WR,0008,Keith Creelman,32.0,10,13,23.79,42.42,0,1,0011,0
2014,7839,"White, Roddy",WR,0006,Steve Bousquet,22.0,11,13,23.98,42.4,1,0,,0
2014,7839,"White, Roddy",WR,0006,Steve Bousquet,24.0,12,13,23.98,42.38,1,0,,0
2014,7839,"White, Roddy",WR,0006,Steve Bousquet,25.0,13,14,23.79,42.17,1,0,,0
2014,7839,"White, Roddy",WR,0007,Josh Martel,27.0,14,15,22.77,40.94,1,0,,0
2014,7839,"White, Roddy",WR,0007,Josh Martel,30.0,15,18,20.38,37.32,1,0,,0
2014,7839,"White, Roddy",WR,0008,Keith Creelman,36.0,16,19,23.76,37.07,0,0,,0
2014,7839,"White, Roddy",WR,0007,Josh Martel,35.0,17,22,20.68,33.76,1,0,,0
2014,7839,"White, Roddy",WR,0007,Josh Martel,40.0,18,8,14.26,24.02,0,1,0008,0
2014,7839,"White, Roddy",WR,0008,Keith Creelman,38.0,19,10,21.8,21.82,1,0,,0
2014,7839,"White, Roddy",WR,0008,Keith Creelman,40.0,20,10,24.0,21.82,0,1,0007,0
2014,7839,"White, Roddy",WR,0007,Josh Martel,40.0,21,8,2.18,0.0,0,1,0008,1
2014,7842,"Miller, Heath",TE,0005,Kyle Creelman,4.0,1,10,,24.77,0,0,,0
2014,7842,"Miller, Heath",TE,0006,Steve Bousquet,4.0,2,11,23.85,24.62,0,1,0005,0
2014,7842,"Miller, Heath",TE,0006,Steve Bousquet,5.0,3,11,23.99,24.61,0,0,,0
2014,7842,"Miller, Heath",TE,0001,Ryan Bousquet,6.0,4,11,23.55,24.17,0,1,0006,0
2014,7842,"Miller, Heath",TE,0006,Steve Bousquet,8.0,5,11,23.84,24.0,0,1,0001,0
2014,7842,"Miller, Heath",TE,0006,Steve Bousquet,7.0,6,11,0.0,0.0,0,0,,1
2014,7877,"Gore, Frank",RB,0007,Josh Martel,1.0,1,0,,33.02,0,0,,0
2014,7877,"Gore, Frank",RB,0006,Steve Bousquet,7.0,2,0,23.97,32.99,0,1,0007,0
2014,7877,"Gore, Frank",RB,0001,Ryan Bousquet,4.0,3,0,23.95,32.94,1,0,,0
2014,7877,"Gore, Frank",RB,0004,Brian Cutting,5.0,4,7,16.95,25.89,1,0,,0
2014,7877,"Gore, Frank",RB,0002,Derrick Whitman,9.0,5,8,23.61,25.5,0,1,0006,0
2014,7877,"Gore, Frank",RB,0006,Steve Bousquet,10.0,6,8,23.24,24.74,0,1,0002,0
2014,7877,"Gore, Frank",RB,0002,Derrick Whitman,12.0,7,9,23.53,24.27,0,1,0006,0
2014,7877,"Gore, Frank",RB,0003,Kris Lake,15.0,8,9,23.73,24.0,0,1,0002,0
2014,7877,"Gore, Frank",RB,0010,Shawn Blake,15.0,9,14,19.11,19.11,0,1,0003,0
2014,7877,"Gore, Frank",RB,0003,Kris Lake,20.0,10,21,16.89,12.01,0,1,0010,0
2014,7877,"Gore, Frank",RB,0010,Shawn Blake,16.0,11,0,20.73,8.73,1,0,,0
2014,7877,"Gore, Frank",RB,0010,Shawn Blake,18.0,12,6,18.21,2.94,1,0,,0
2014,7877,"Gore, Frank",RB,0003,Kris Lake,18.0,13,9,21.06,0.0,0,0,,1
2014,7886,"Tuck, Justin",DE,0003,Kris Lake,1.0,1,9,,24.02,0,0,,0
2014,7886,"Tuck, Justin",DE,0003,Kris Lake,1.0,2,9,0.0,0.0,0,0,,1
2014,7942,"Sproles, Darren",RB,0007,Josh Martel,1.0,1,13,,35.16,0,0,,0
2014,7942,"Sproles, Darren",RB,0001,Ryan Bousquet,8.0,2,13,23.4,34.56,0,1,0007,0
2014,7942,"Sproles, Darren",RB,0004,Brian Cutting,4.0,3,14,23.47,34.03,1,0,,0
2014,7942,"Sproles, Darren",RB,0012,Chris Klingenberg,5.0,4,15,22.22,32.25,1,0,,0
2014,7942,"Sproles, Darren",RB,0011,Eric Mannila,6.0,5,17,22.65,30.9,1,0,,0
2014,7942,"Sproles, Darren",RB,0011,Eric Mannila,7.0,6,17,23.57,30.47,1,0,,0
2014,7942,"Sproles, Darren",RB,0012,Chris Klingenberg,10.0,7,0,17.54,24.01,0,1,0001,0
2014,7942,"Sproles, Darren",RB,0012,Chris Klingenberg,9.0,8,0,0.0,0.0,0,0,,1
2014,8062,"Fitzpatrick, Ryan",QB,0001,Ryan Bousquet,1.0,1,23,,31.59,0,0,,0
2014,8062,"Fitzpatrick, Ryan",QB,0001,Ryan Bousquet,1.0,2,6,0.0,0.0,0,0,,1
2014,8117,"Washington, Nate",WR,0003,Kris Lake,1.0,1,9,,24.01,0,0,,0
2014,8117,"Washington, Nate",WR,0003,Kris Lake,1.0,2,9,0.0,0.0,0,0,,1
2014,8144,"Novak, Nick",PK,0004,Brian Cutting,1.0,1,7,,24.03,0,0,,0
2014,8144,"Novak, Nick",PK,0004,Brian Cutting,1.0,2,7,0.0,0.0,0,0,,1
2014,8242,"Williams, Mario",DE,0008,Keith Creelman,2.0,1,7,,39.47,0,0,,0
2014,8242,"Williams, Mario",DE,0004,Brian Cutting,2.0,2,15,16.28,31.76,0,1,0008,0
2014,8242,"Williams, Mario",DE,0012,Chris Klingenberg,3.0,3,23,16.33,24.08,0,1,0004,0
2014,8242,"Williams, Mario",DE,0012,Chris Klingenberg,3.0,4,23,0.0,0.0,0,0,,1
2014,8243,"Bush, Reggie",RB,0004,Brian Cutting,5.0,1,7,,50.66,0,0,,0
2014,8243,"Bush, Reggie",RB,0009,Bear Dunn,23.0,2,7,23.93,50.59,0,1,0004,0
2014,8243,"Bush, Reggie",RB,0002,Derrick Whitman,20.0,3,8,23.43,50.03,1,0,,0
2014,8243,"Bush, Reggie",RB,0003,Kris Lake,21.0,4,8,23.62,49.64,1,0,,0
2014,8243,"Bush, Reggie",RB,0003,Kris Lake,25.0,5,8,23.71,49.35,0,1,0009,0
2014,8243,"Bush, Reggie",RB,0011,Eric Mannila,25.0,6,9,23.56,48.91,0,1,0003,0
2014,8243,"Bush, Reggie",RB,0011,Eric Mannila,27.0,7,9,23.99,48.9,0,0,,0
2014,8243,"Bush, Reggie",RB,0009,Bear Dunn,31.0,8,22,11.28,36.18,0,1,0011,0
2014,8243,"Bush, Reggie",RB,0011,Eric Mannila,30.0,9,23,23.12,35.3,1,0,,0
2014,8243,"Bush, Reggie",RB,0011,Eric Mannila,31.0,10,23,23.98,35.27,0,1,0009,0
2014,8243,"Bush, Reggie",RB,0011,Eric Mannila,32.0,11,0,23.01,34.28,0,0,,0
2014,8243,"Bush, Reggie",RB,0012,Chris Klingenberg,35.0,12,10,13.73,24.02,0,1,0011,0
2014,8243,"Bush, Reggie",RB,0012,Chris Klingenberg,33.0,13,10,0.0,0.0,0,0,,1
2014,8247,"Davis, Vernon",TE,0003,Kris Lake,30.0,1,6,,24.0,0,0,,0
2014,8247,"Davis, Vernon",TE,0006,Steve Bousquet,11.0,2,6,23.99,23.99,1,0,,0
2014,8247,"Davis, Vernon",TE,0006,Steve Bousquet,15.0,3,6,23.99,23.98,1,0,,0
2014,8247,"Davis, Vernon",TE,0006,Steve Bousquet,16.0,4,6,23.98,23.97,1,0,,0
2014,8247,"Davis, Vernon",TE,0006,Steve Bousquet,17.0,5,6,23.99,23.96,1,0,,0
2014,8247,"Davis, Vernon",TE,0012,Chris Klingenberg,20.0,6,9,21.72,21.68,1,0,,0
2014,8247,"Davis, Vernon",TE,0012,Chris Klingenberg,24.0,7,9,23.99,21.68,1,0,,0
2014,8247,"Davis, Vernon",TE,0012,Chris Klingenberg,25.0,8,11,21.12,18.8,1,0,,0
2014,8247,"Davis, Vernon",TE,0012,Chris Klingenberg,30.0,9,23,12.47,7.27,0,1,0003,0
2014,8247,"Davis, Vernon",TE,0003,Kris Lake,30.0,10,6,16.73,0.0,0,1,0012,1
2014,8252,"Cutler, Jay",QB,0009,Bear Dunn,1.0,1,0,,54.89,0,0,,0
2014,8252,"Cutler, Jay",QB,0006,Steve Bousquet,4.0,2,0,24.0,54.88,0,1,0009,0
2014,8252,"Cutler, Jay",QB,0001,Ryan Bousquet,4.0,3,0,23.68,54.57,0,1,0006,0
2014,8252,"Cutler, Jay",QB,0010,Shawn Blake,6.0,4,6,18.2,48.77,0,1,0001,0
2014,8252,"Cutler, Jay",QB,0006,Steve Bousquet,6.0,5,8,21.91,46.67,0,1,0010,0
2014,8252,"Cutler, Jay",QB,0010,Shawn Blake,8.0,6,8,23.86,46.53,0,1,0006,0
2014,8252,"Cutler, Jay",QB,0008,Keith Creelman,9.0,7,13,18.79,41.32,0,1,0010,0
2014,8252,"Cutler, Jay",QB,0006,Steve Bousquet,10.0,8,15,21.78,39.1,0,1,0008,0
2014,8252,"Cutler, Jay",QB,0008,Keith Creelman,12.0,9,6,8.9,24.01,0,1,0006,0
2014,8252,"Cutler, Jay",QB,0008,Keith Creelman,11.0,10,6,0.0,0.0,0,0,,1
2014,8258,"Greenway, Chad",LB,0008,Keith Creelman,2.0,1,7,,24.03,0,0,,0
2014,8258,"Greenway, Chad",LB,0004,Brian Cutting,2.0,2,7,23.67,23.7,0,1,0008,0
2014,8258,"Greenway, Chad",LB,0008,Keith Creelman,2.0,3,7,0.3,0.0,0,1,0004,1
2014,8261,"Hali, Tamba",LB,0003,Kris Lake,1.0,1,8,,40.56,0,0,,0
2014,8261,"Hali, Tamba",LB,0012,Chris Klingenberg,2.0,2,23,9.03,25.59,0,1,0003,0
2014,8261,"Hali, Tamba",LB,0012,Chris Klingenberg,2.0,3,1,0.0,0.0,0,0,,1
2014,8268,"Williams, DeAngelo",RB,0011,Eric Mannila,1.0,1,7,,95.79,0,0,,0
2014,8268,"Williams, DeAngelo",RB,0004,Brian Cutting,2.0,2,8,22.92,94.71,0,1,0011,0
2014,8268,"Williams, DeAngelo",RB,0001,Ryan Bousquet,3.0,3,7,1.46,72.16,0,1,0004,0
2014,8268,"Williams, DeAngelo",RB,0004,Brian Cutting,4.0,4,15,15.77,63.94,0,1,0001,0
2014,8268,"Williams, DeAngelo",RB,0003,Kris Lake,5.0,5,14,1.1,41.04,0,1,0004,0
2014,8268,"Williams, DeAngelo",RB,0004,Brian Cutting,6.0,6,7,7.02,24.05,0,1,0003,0
2014,8268,"Williams, DeAngelo",RB,0004,Brian Cutting,7.0,7,8,23.51,23.56,0,0,,0
2014,8268,"Williams, DeAngelo",RB,0004,Brian Cutting,6.0,8,7,0.44,0.0,0,0,,1
2014,8274,"Ryans, DeMeco",LB,0003,Kris Lake,1.0,1,8,,24.1,0,0,,0
2014,8274,"Ryans, DeMeco",LB,0003,Kris Lake,1.0,2,8,0.0,0.0,0,0,,1
2014,8275,"Jackson, D'Qwell",LB,0008,Keith Creelman,1.0,1,8,,24.03,0,0,,0
2014,8275,"Jackson, D'Qwell",LB,0008,Keith Creelman,1.0,2,8,0.0,0.0,0,0,,1
2014,8293,"Jennings, Greg",WR,0003,Kris Lake,1.0,1,14,,63.87,0,0,,0
2014,8293,"Jennings, Greg",WR,0006,Steve Bousquet,4.0,2,14,23.93,63.8,0,1,0003,0
2014,8293,"Jennings, Greg",WR,0004,Brian Cutting,3.0,3,15,23.31,63.11,1,0,,0
2014,8293,"Jennings, Greg",WR,0008,Keith Creelman,7.0,4,7,7.98,47.09,0,1,0006,0
2014,8293,"Jennings, Greg",WR,0001,Ryan Bousquet,8.0,5,6,0.96,24.05,0,1,0008,0
2014,8293,"Jennings, Greg",WR,0001,Ryan Bousquet,8.0,6,6,0.0,0.0,0,0,,1
2014,8295,"Pollard, Bernard",S,0001,Ryan Bousquet,3.0,1,4,,25.0,0,0,,0
2014,8295,"Pollard, Bernard",S,0001,Ryan Bousquet,1.0,2,5,0.0,0.0,0,0,,1
2014,8301,"Jones-Drew, Maurice",RB,0011,Eric Mannila,1.0,1,5,,53.11,0,0,,0
2014,8301,"Jones-Drew, Maurice",RB,0010,Shawn Blake,3.0,2,6,23.58,52.69,0,1,0011,0
2014,8301,"Jones-Drew, Maurice",RB,0009,Bear Dunn,6.0,3,6,23.2,51.88,0,1,0010,0
2014,8301,"Jones-Drew, Maurice",RB,0004,Brian Cutting,5.0,4,7,23.79,51.67,1,0,,0
2014,8301,"Jones-Drew, Maurice",RB,0004,Brian Cutting,6.0,5,7,23.96,51.63,0,1,0009,0
2014,8301,"Jones-Drew, Maurice",RB,0004,Brian Cutting,7.0,6,14,16.91,44.54,0,0,,0
2014,8301,"Jones-Drew, Maurice",RB,0009,Bear Dunn,8.0,7,10,3.56,24.1,0,1,0004,0
2014,8301,"Jones-Drew, Maurice",RB,0009,Bear Dunn,10.0,8,13,21.61,21.71,0,0,,0
2014,8301,"Jones-Drew, Maurice",RB,0009,Bear Dunn,13.0,9,13,24.0,21.71,0,0,,0
2014,8301,"Jones-Drew, Maurice",RB,0009,Bear Dunn,8.0,10,10,2.29,0.0,0,0,,1
2014,8350,"Avant, Jason",WR,0004,Brian Cutting,1.0,1,8,,24.26,0,0,,0
2014,8350,"Avant, Jason",WR,0004,Brian Cutting,1.0,2,8,0.0,0.0,0,0,,1
2014,8357,"Tulloch, Stephen",LB,0001,Ryan Bousquet,1.0,1,22,,24.37,0,0,,0
2014,8357,"Tulloch, Stephen",LB,0001,Ryan Bousquet,1.0,2,23,0.0,0.0,0,0,,1
2014,8359,"Gostkowski, Stephen",PK,0007,Josh Martel,1.0,1,7,,24.22,0,0,,0
2014,8359,"Gostkowski, Stephen",PK,0006,Steve Bousquet,2.0,2,7,23.78,24.0,0,1,0007,0
2014,8359,"Gostkowski, Stephen",PK,0006,Steve Bousquet,2.0,3,7,0.0,0.0,0,0,,1
2014,8360,"Marshall, Brandon",WR,0006,Steve Bousquet,1.0,1,0,,42.0,0,0,,0
2014,8360,"Marshall, Brandon",WR,0006,Steve Bousquet,4.0,2,0,23.98,41.98,0,0,,0
2014,8360,"Marshall, Brandon",WR,0001,Ryan Bousquet,31.0,3,0,23.97,41.95,0,1,0006,0
2014,8360,"Marshall, Brandon",WR,0006,Steve Bousquet,10.0,4,0,23.99,41.94,1,0,,0
2014,8360,"Marshall, Brandon",WR,0006,Steve Bousquet,12.0,5,0,23.99,41.93,1,0,,0
2014,8360,"Marshall, Brandon",WR,0006,Steve Bousquet,15.0,6,0,23.87,41.8,1,0,,0
2014,8360,"Marshall, Brandon",WR,0006,Steve Bousquet,19.0,7,0,23.99,41.78,1,0,,0
2014,8360,"Marshall, Brandon",WR,0007,Josh Martel,60.0,8,0,23.95,41.73,0,1,0001,0
2014,8360,"Marshall, Brandon",WR,0001,Ryan Bousquet,41.0,9,0,23.85,41.58,1,0,,0
2014,8360,"Marshall, Brandon",WR,0010,Shawn Blake,50.0,10,6,18.05,35.64,1,0,,0
2014,8360,"Marshall, Brandon",WR,0010,Shawn Blake,55.0,11,6,23.98,35.62,1,0,,0
2014,8360,"Marshall, Brandon",WR,0010,Shawn Blake,61.0,12,7,23.46,35.08,0,1,0007,0
2014,8360,"Marshall, Brandon",WR,0008,Keith Creelman,64.0,13,8,22.59,33.67,0,1,0010,0
2014,8360,"Marshall, Brandon",WR,0008,Keith Creelman,70.0,14,12,19.87,29.54,0,0,,0
2014,8360,"Marshall, Brandon",WR,0010,Shawn Blake,63.0,15,13,23.59,29.13,1,0,,0
2014,8360,"Marshall, Brandon",WR,0010,Shawn Blake,65.0,16,13,23.94,29.07,1,0,,0
2014,8360,"Marshall, Brandon",WR,0010,Shawn Blake,66.0,17,13,23.78,28.86,1,0,,0
2014,8360,"Marshall, Brandon",WR,0010,Shawn Blake,68.0,18,14,22.9,27.75,1,0,,0
2014,8360,"Marshall, Brandon",WR,0010,Shawn Blake,70.0,19,15,23.01,26.77,0,1,0008,0
2014,8360,"Marshall, Brandon",WR,0010,Shawn Blake,71.0,20,18,21.31,24.08,0,0,,0
2014,8360,"Marshall, Brandon",WR,0010,Shawn Blake,71.0,21,18,0.0,0.0,0,0,,1
2014,8416,"Walker, Delanie",TE,0002,Derrick Whitman,7.0,1,7,,31.44,0,0,,0
2014,8416,"Walker, Delanie",TE,0004,Brian Cutting,2.0,2,8,22.71,30.15,1,0,,0
2014,8416,"Walker, Delanie",TE,0005,Kyle Creelman,7.0,3,10,22.72,28.88,0,1,0002,0
2014,8416,"Walker, Delanie",TE,0002,Derrick Whitman,9.0,4,10,23.28,28.16,0,1,0005,0
2014,8416,"Walker, Delanie",TE,0005,Kyle Creelman,8.0,5,10,23.75,27.91,1,0,,0
2014,8416,"Walker, Delanie",TE,0005,Kyle Creelman,9.0,6,11,23.97,27.88,0,1,0002,0
2014,8416,"Walker, Delanie",TE,0002,Derrick Whitman,10.0,7,11,23.67,27.54,0,1,0005,0
2014,8416,"Walker, Delanie",TE,0005,Kyle Creelman,11.0,8,14,20.52,24.06,0,1,0002,0
2014,8416,"Walker, Delanie",TE,0005,Kyle Creelman,11.0,9,14,0.0,0.0,0,0,,1
2014,8444,"Koch, Sam",PN,0011,Eric Mannila,1.0,1,5,,24.67,0,0,,0
2014,8444,"Koch, Sam",PN,0011,Eric Mannila,1.0,2,5,0.0,0.0,0,0,,1
2014,8510,"Austin, Miles",WR,0009,Bear Dunn,1.0,1,8,,24.89,0,0,,0
2014,8510,"Austin, Miles",WR,0003,Kris Lake,2.0,2,8,23.31,24.19,0,1,0009,0
2014,8510,"Austin, Miles",WR,0008,Keith Creelman,4.0,3,9,23.81,24.0,0,1,0003,0
2014,8510,"Austin, Miles",WR,0008,Keith Creelman,3.0,4,9,0.0,0.0,0,0,,1
2014,8659,"Quinn, Brady",QB,0008,Keith Creelman,1.0,1,10,,0.14,0,0,,0
2014,8659,"Quinn, Brady",QB,0008,Keith Creelman,2.3,2,10,24.0,0.14,0,0,,0
2014,8659,"Quinn, Brady",QB,0008,Keith Creelman,1.0,3,10,23.92,0.06,0,0,,0
2014,8659,"Quinn, Brady",QB,0012,Chris Klingenberg,30.0,4,10,23.94,0.0,0,1,0008,0
2014,8662,"Revis, Darrelle",CB,0012,Chris Klingenberg,1.0,1,0,,39.71,0,0,,0
2014,8662,"Revis, Darrelle",CB,0004,Brian Cutting,2.0,2,7,16.48,32.19,0,1,0012,0
2014,8662,"Revis, Darrelle",CB,0012,Chris Klingenberg,3.0,3,15,15.82,24.01,0,1,0004,0
2014,8662,"Revis, Darrelle",CB,0012,Chris Klingenberg,3.0,4,15,0.0,0.0,0,0,,1
2014,8667,"Bowe, Dwayne",WR,0001,Ryan Bousquet,4.0,1,0,,56.95,0,0,,0
2014,8667,"Bowe, Dwayne",WR,0008,Keith Creelman,9.0,2,0,23.98,56.93,0,1,0001,0
2014,8667,"Bowe, Dwayne",WR,0011,Eric Mannila,6.0,3,5,18.55,51.48,1,0,,0
2014,8667,"Bowe, Dwayne",WR,0010,Shawn Blake,10.0,4,6,23.58,51.06,0,1,0008,0
2014,8667,"Bowe, Dwayne",WR,0004,Brian Cutting,11.0,5,7,22.95,50.01,0,1,0010,0
2014,8667,"Bowe, Dwayne",WR,0003,Kris Lake,14.0,6,14,16.39,42.39,0,1,0004,0
2014,8667,"Bowe, Dwayne",WR,0011,Eric Mannila,13.0,7,19,19.14,37.53,1,0,,0
2014,8667,"Bowe, Dwayne",WR,0012,Chris Klingenberg,15.0,8,9,10.49,24.02,0,1,0003,0
2014,8667,"Bowe, Dwayne",WR,0012,Chris Klingenberg,15.0,9,9,0.0,0.0,0,0,,1
2014,8669,"Posluszny, Paul",LB,0009,Bear Dunn,4.0,1,6,,29.39,0,0,,0
2014,8669,"Posluszny, Paul",LB,0002,Derrick Whitman,4.0,2,6,23.93,29.32,0,1,0009,0
2014,8669,"Posluszny, Paul",LB,0002,Derrick Whitman,5.0,3,12,18.74,24.05,0,0,,0
2014,8669,"Posluszny, Paul",LB,0002,Derrick Whitman,6.0,4,12,23.29,23.35,0,0,,0
2014,8669,"Posluszny, Paul",LB,0011,Eric Mannila,6.0,5,17,18.98,18.33,0,1,0002,0
2014,8669,"Posluszny, Paul",LB,0002,Derrick Whitman,7.0,6,23,18.35,12.68,0,1,0011,0
2014,8669,"Posluszny, Paul",LB,0004,Brian Cutting,7.0,7,7,15.88,4.56,0,1,0002,0
2014,8669,"Posluszny, Paul",LB,0002,Derrick Whitman,7.0,8,12,19.44,0.0,0,1,0004,1
2014,8673,"Ginn Jr., Ted",WR,0001,Ryan Bousquet,1.0,1,6,,24.12,0,0,,0
2014,8673,"Ginn Jr., Ted",WR,0001,Ryan Bousquet,1.0,2,7,0.0,0.0,0,0,,1
2014,8735,"Chandler, Scott",TE,0009,Bear Dunn,2.0,1,8,,24.32,0,0,,0
2014,8735,"Chandler, Scott",TE,0004,Brian Cutting,2.0,2,18,14.22,14.54,0,1,0009,0
2014,8735,"Chandler, Scott",TE,0009,Bear Dunn,2.0,3,9,9.46,0.0,0,1,0004,1
2014,8742,"Crosby, Mason",PK,0007,Josh Martel,1.0,1,0,,24.03,0,0,,0
2014,8742,"Crosby, Mason",PK,0007,Josh Martel,1.0,2,0,0.0,0.0,0,0,,1
2014,8776,"Jones, James",WR,0001,Ryan Bousquet,4.0,1,22,,25.21,0,0,,0
2014,8776,"Jones, James",WR,0012,Chris Klingenberg,2.0,2,23,22.85,24.05,1,0,,0
2014,8776,"Jones, James",WR,0012,Chris Klingenberg,3.0,3,23,23.98,24.03,1,0,,0
2014,8776,"Jones, James",WR,0012,Chris Klingenberg,5.0,4,23,24.0,24.03,0,1,0001,0
2014,8776,"Jones, James",WR,0012,Chris Klingenberg,5.0,5,23,0.0,0.0,0,0,,1
2014,8851,"Folk, Nick",PK,0011,Eric Mannila,1.0,1,5,,24.27,0,0,,0
2014,8851,"Folk, Nick",PK,0011,Eric Mannila,1.0,2,5,0.0,0.0,0,0,,1
2014,8894,"Fields, Brandon",PN,0006,Steve Bousquet,1.0,1,0,,31.35,0,0,,0
2014,8894,"Fields, Brandon",PN,0005,Kyle Creelman,2.0,2,7,16.69,24.04,0,1,0006,0
2014,8894,"Fields, Brandon",PN,0005,Kyle Creelman,2.0,3,7,0.0,0.0,0,0,,1
2014,8917,"Bradshaw, Ahmad",RB,0004,Brian Cutting,1.0,1,7,,26.21,0,0,,0
2014,8917,"Bradshaw, Ahmad",RB,0004,Brian Cutting,2.0,2,7,23.99,26.2,0,0,,0
2014,8917,"Bradshaw, Ahmad",RB,0011,Eric Mannila,2.0,3,9,22.63,24.83,0,1,0004,0
2014,8917,"Bradshaw, Ahmad",RB,0011,Eric Mannila,3.0,4,9,24.0,24.83,0,0,,0
2014,8917,"Bradshaw, Ahmad",RB,0005,Kyle Creelman,4.0,5,9,23.5,24.33,0,1,0011,0
2014,8917,"Bradshaw, Ahmad",RB,0004,Brian Cutting,5.0,6,10,23.68,24.01,0,1,0005,0
2014,8917,"Bradshaw, Ahmad",RB,0004,Brian Cutting,6.0,7,10,24.0,24.01,0,0,,0
2014,8917,"Bradshaw, Ahmad",RB,0005,Kyle Creelman,6.0,8,12,21.92,21.93,0,1,0004,0
2014,8917,"Bradshaw, Ahmad",RB,0004,Brian Cutting,6.0,9,10,2.07,0.0,0,1,0005,1
2014,8930,"Prater, Matt",PK,0010,Shawn Blake,1.0,1,6,,40.4,0,0,,0
2014,8930,"Prater, Matt",PK,0004,Brian Cutting,2.0,2,7,22.21,38.61,0,1,0010,0
2014,8930,"Prater, Matt",PK,0012,Chris Klingenberg,3.0,3,22,9.45,24.06,0,1,0004,0
2014,8930,"Prater, Matt",PK,0012,Chris Klingenberg,3.0,4,22,0.0,0.0,0,0,,1
2014,8931,"Thomas, Pierre",RB,0005,Kyle Creelman,1.0,1,12,,45.28,0,0,,0
2014,8931,"Thomas, Pierre",RB,0010,Shawn Blake,5.0,2,12,23.84,45.12,0,1,0005,0
2014,8931,"Thomas, Pierre",RB,0008,Keith Creelman,6.0,3,12,23.83,44.94,0,1,0010,0
2014,8931,"Thomas, Pierre",RB,0006,Steve Bousquet,0.0,4,12,23.99,44.93,0,0,,0
2014,8931,"Thomas, Pierre",RB,0002,Derrick Whitman,8.0,5,23,13.51,34.44,0,1,0008,0
2014,8931,"Thomas, Pierre",RB,0002,Derrick Whitman,9.0,6,23,23.99,34.44,0,0,,0
2014,8931,"Thomas, Pierre",RB,0008,Keith Creelman,10.0,7,9,13.6,24.04,0,1,0002,0
2014,8931,"Thomas, Pierre",RB,0008,Keith Creelman,13.0,8,9,24.0,24.03,0,0,,0
2014,8931,"Thomas, Pierre",RB,0008,Keith Creelman,15.0,9,9,23.99,24.03,0,0,,0
2014,8931,"Thomas, Pierre",RB,0008,Keith Creelman,16.0,10,9,23.99,24.02,0,0,,0
2014,8931,"Thomas, Pierre",RB,0008,Keith Creelman,18.0,11,9,23.99,24.01,0,0,,0
2014,8931,"Thomas, Pierre",RB,0008,Keith Creelman,20.0,12,9,23.99,24.01,0,0,,0
2014,8931,"Thomas, Pierre",RB,0008,Keith Creelman,21.0,13,9,23.96,23.97,0,0,,0
2014,8931,"Thomas, Pierre",RB,0008,Keith Creelman,20.0,14,9,0.03,0.0,0,0,,1
2014,9025,"Roach, Nick",LB,0005,Kyle Creelman,1.0,1,9,,48.15,0,0,,0
2014,9025,"Roach, Nick",LB,0003,Kris Lake,2.0,2,9,0.3,24.46,0,1,0005,0
2014,9025,"Roach, Nick",LB,0003,Kris Lake,2.0,3,9,0.0,0.0,0,0,,1
2014,9051,"Campbell, Calais",DE,0011,Eric Mannila,1.0,1,0,,43.96,0,0,,0
2014,9051,"Campbell, Calais",DE,0001,Ryan Bousquet,2.0,2,3,20.09,40.04,0,1,0011,0
2014,9051,"Campbell, Calais",DE,0001,Ryan Bousquet,3.0,3,10,17.34,33.38,0,0,,0
2014,9051,"Campbell, Calais",DE,0009,Bear Dunn,3.0,4,19,14.65,24.02,0,1,0001,0
2014,9051,"Campbell, Calais",DE,0009,Bear Dunn,4.0,5,19,23.99,24.02,0,0,,0
2014,9051,"Campbell, Calais",DE,0009,Bear Dunn,4.0,6,19,0.0,0.0,0,0,,1
2014,9064,"Flacco, Joe",QB,0008,Keith Creelman,3.0,1,5,,24.68,0,0,,0
2014,9064,"Flacco, Joe",QB,0002,Derrick Whitman,2.0,2,22,6.88,7.56,1,0,,0
2014,9064,"Flacco, Joe",QB,0008,Keith Creelman,2.0,3,6,16.44,0.0,0,0,,1
2014,9075,"Jackson, DeSean",WR,0001,Ryan Bousquet,4.0,1,0,,44.7,0,0,,0
2014,9075,"Jackson, DeSean",WR,0011,Eric Mannila,20.0,2,0,23.98,44.68,0,1,0001,0
2014,9075,"Jackson, DeSean",WR,0006,Steve Bousquet,9.0,3,0,23.86,44.55,1,0,,0
2014,9075,"Jackson, DeSean",WR,0006,Steve Bousquet,12.0,4,0,23.98,44.52,1,0,,0
2014,9075,"Jackson, DeSean",WR,0006,Steve Bousquet,14.0,5,0,24.0,44.52,1,0,,0
2014,9075,"Jackson, DeSean",WR,0006,Steve Bousquet,15.0,6,0,23.62,44.15,1,0,,0
2014,9075,"Jackson, DeSean",WR,0001,Ryan Bousquet,20.0,7,8,16.7,36.85,0,1,0011,0
2014,9075,"Jackson, DeSean",WR,0001,Ryan Bousquet,24.0,8,12,19.22,32.06,0,0,,0
2014,9075,"Jackson, DeSean",WR,0011,Eric Mannila,23.0,9,13,23.76,31.82,1,0,,0
2014,9075,"Jackson, DeSean",WR,0011,Eric Mannila,25.0,10,13,24.0,31.82,0,1,0001,0
2014,9075,"Jackson, DeSean",WR,0001,Ryan Bousquet,26.0,11,13,23.93,31.74,0,1,0011,0
2014,9075,"Jackson, DeSean",WR,0001,Ryan Bousquet,28.0,12,13,23.74,31.48,0,0,,0
2014,9075,"Jackson, DeSean",WR,0011,Eric Mannila,27.0,13,13,23.97,31.46,1,0,,0
2014,9075,"Jackson, DeSean",WR,0011,Eric Mannila,28.0,14,13,24.0,31.46,0,1,0001,0
2014,9075,"Jackson, DeSean",WR,0011,Eric Mannila,29.0,15,13,24.0,31.45,0,0,,0
2014,9075,"Jackson, DeSean",WR,0007,Josh Martel,30.0,16,18,18.65,26.1,0,1,0011,0
2014,9075,"Jackson, DeSean",WR,0011,Eric Mannila,31.0,17,20,21.91,24.01,0,1,0007,0
2014,9075,"Jackson, DeSean",WR,0011,Eric Mannila,31.0,18,21,0.0,0.0,0,0,,1
2014,9078,"Johnson, Chris",RB,0006,Steve Bousquet,1.0,1,0,,103.59,0,0,,0
2014,9078,"Johnson, Chris",RB,0009,Bear Dunn,11.0,2,6,18.86,98.45,0,1,0006,0
2014,9078,"Johnson, Chris",RB,0001,Ryan Bousquet,4.0,3,8,21.91,96.36,1,0,,0
2014,9078,"Johnson, Chris",RB,0002,Derrick Whitman,11.0,4,8,23.44,95.8,0,1,0009,0
2014,9078,"Johnson, Chris",RB,0002,Derrick Whitman,12.0,5,8,23.96,95.76,0,0,,0
2014,9078,"Johnson, Chris",RB,0002,Derrick Whitman,15.0,6,8,23.97,95.73,0,0,,0
2014,9078,"Johnson, Chris",RB,0004,Brian Cutting,13.0,7,10,22.46,94.19,1,0,,0
2014,9078,"Johnson, Chris",RB,0009,Bear Dunn,21.0,8,16,17.45,87.64,0,1,0002,0
2014,9078,"Johnson, Chris",RB,0008,Keith Creelman,19.0,9,10,6.59,70.23,1,0,,0
2014,9078,"Johnson, Chris",RB,0009,Bear Dunn,19.0,10,8,1.68,47.92,0,0,,0
2014,9078,"Johnson, Chris",RB,0009,Bear Dunn,20.0,11,8,24.0,47.91,0,0,,0
2014,9078,"Johnson, Chris",RB,0008,Keith Creelman,21.0,12,8,0.09,24.01,0,1,0009,0
2014,9078,"Johnson, Chris",RB,0008,Keith Creelman,21.0,13,8,0.0,0.0,0,0,,1
2014,9083,"Lofton, Curtis",LB,0005,Kyle Creelman,1.0,1,0,,41.27,0,0,,0
2014,9083,"Lofton, Curtis",LB,0010,Shawn Blake,2.0,2,17,6.92,24.19,0,1,0005,0
2014,9083,"Lofton, Curtis",LB,0010,Shawn Blake,2.0,3,17,0.0,0.0,0,0,,1
2014,9085,"Manningham, Mario",WR,0012,Chris Klingenberg,1.0,1,9,,24.04,0,0,,0
2014,9085,"Manningham, Mario",WR,0012,Chris Klingenberg,1.0,2,9,0.0,0.0,0,0,,1
2014,9087,"McFadden, Darren",RB,0011,Eric Mannila,1.0,1,5,,28.29,0,0,,0
2014,9087,"McFadden, Darren",RB,0004,Brian Cutting,2.0,2,6,23.12,27.41,0,1,0011,0
2014,9087,"McFadden, Darren",RB,0004,Brian Cutting,3.0,3,7,23.04,26.45,0,0,,0
2014,9087,"McFadden, Darren",RB,0011,Eric Mannila,3.0,4,7,23.67,26.12,0,1,0004,0
2014,9087,"McFadden, Darren",RB,0011,Eric Mannila,5.0,5,9,21.94,24.07,0,0,,0
2014,9087,"McFadden, Darren",RB,0011,Eric Mannila,4.0,6,9,0.0,0.0,0,0,,1
2014,9094,"Rice, Ray",RB,0002,Derrick Whitman,5.0,1,4,,82.23,0,0,,0
2014,9094,"Rice, Ray",RB,0011,Eric Mannila,2.0,2,5,22.51,80.74,1,0,,0
2014,9094,"Rice, Ray",RB,0011,Eric Mannila,3.0,3,5,24.0,80.74,1,0,,0
2014,9094,"Rice, Ray",RB,0011,Eric Mannila,5.0,4,5,23.99,80.74,0,1,0002,0
2014,9094,"Rice, Ray",RB,0010,Shawn Blake,6.0,5,6,23.75,80.49,0,1,0011,0
2014,9094,"Rice, Ray",RB,0006,Steve Bousquet,8.0,6,8,21.36,77.85,0,1,0010,0
2014,9094,"Rice, Ray",RB,0010,Shawn Blake,8.0,7,8,23.86,77.71,0,1,0006,0
2014,9094,"Rice, Ray",RB,0004,Brian Cutting,9.0,8,9,23.63,77.34,0,1,0010,0
2014,9094,"Rice, Ray",RB,0006,Steve Bousquet,10.0,9,11,22.18,75.53,0,1,0004,0
2014,9094,"Rice, Ray",RB,0002,Derrick Whitman,12.0,10,14,20.1,71.63,0,1,0006,0
2014,9094,"Rice, Ray",RB,0002,Derrick Whitman,13.0,11,15,23.25,70.88,0,0,,0
2014,9094,"Rice, Ray",RB,0004,Brian Cutting,15.0,12,18,21.59,68.47,0,1,0002,0
2014,9094,"Rice, Ray",RB,0008,Keith Creelman,15.0,13,12,5.2,49.67,0,1,0004,0
2014,9094,"Rice, Ray",RB,0008,Keith Creelman,16.0,14,15,21.38,47.05,0,0,,0
2014,9094,"Rice, Ray",RB,0008,Keith Creelman,19.0,15,15,23.99,47.04,0,0,,0
2014,9094,"Rice, Ray",RB,0004,Brian Cutting,17.0,16,19,20.14,43.18,1,0,,0
2014,9094,"Rice, Ray",RB,0004,Brian Cutting,18.0,17,19,24.0,43.18,1,0,,0
2014,9094,"Rice, Ray",RB,0004,Brian Cutting,19.0,18,19,23.95,43.13,0,1,0008,0
2014,9094,"Rice, Ray",RB,0004,Brian Cutting,20.0,19,7,11.83,30.96,0,0,,0
2014,9094,"Rice, Ray",RB,0011,Eric Mannila,22.0,20,14,17.05,24.01,0,1,0004,0
2014,9094,"Rice, Ray",RB,0011,Eric Mannila,21.0,21,14,0.0,0.0,0,0,,1
2014,9099,"Ryan, Matt",QB,0002,Derrick Whitman,1.0,1,7,,50.33,0,0,,0
2014,9099,"Ryan, Matt",QB,0005,Kyle Creelman,5.0,2,8,22.59,48.92,0,1,0002,0
2014,9099,"Ryan, Matt",QB,0003,Kris Lake,3.0,3,8,23.81,48.72,1,0,,0
2014,9099,"Ryan, Matt",QB,0006,Steve Bousquet,10.0,4,8,23.93,48.65,0,1,0005,0
2014,9099,"Ryan, Matt",QB,0005,Kyle Creelman,14.0,5,8,23.82,48.47,0,1,0006,0
2014,9099,"Ryan, Matt",QB,0006,Steve Bousquet,15.0,6,9,22.96,47.43,0,1,0005,0
2014,9099,"Ryan, Matt",QB,0008,Keith Creelman,22.0,7,15,18.84,42.27,0,1,0006,0
2014,9099,"Ryan, Matt",QB,0006,Steve Bousquet,17.0,8,0,14.96,33.23,1,0,,0
2014,9099,"Ryan, Matt",QB,0006,Steve Bousquet,18.0,9,0,23.97,33.2,1,0,,0
2014,9099,"Ryan, Matt",QB,0005,Kyle Creelman,20.0,10,2,21.19,30.39,1,0,,0
2014,9099,"Ryan, Matt",QB,0005,Kyle Creelman,23.0,11,9,17.67,24.06,0,1,0008,0
2014,9099,"Ryan, Matt",QB,0005,Kyle Creelman,23.0,12,9,0.0,0.0,0,0,,1
2014,9101,"Stewart, Jonathan",RB,0006,Steve Bousquet,1.0,1,23,,34.76,0,0,,0
2014,9101,"Stewart, Jonathan",RB,0010,Shawn Blake,2.0,2,6,17.2,27.96,0,1,0006,0
2014,9101,"Stewart, Jonathan",RB,0005,Kyle Creelman,3.0,3,10,20.29,24.26,0,1,0010,0
2014,9101,"Stewart, Jonathan",RB,0005,Kyle Creelman,3.0,4,10,0.0,0.0,0,0,,1
2014,9144,"Douglas, Harry",WR,0003,Kris Lake,1.0,1,8,,32.94,0,0,,0
2014,9144,"Douglas, Harry",WR,0006,Steve Bousquet,4.0,2,9,23.65,32.59,0,1,0003,0
2014,9144,"Douglas, Harry",WR,0005,Kyle Creelman,5.0,3,9,23.31,31.9,0,1,0006,0
2014,9144,"Douglas, Harry",WR,0005,Kyle Creelman,6.0,4,10,23.12,31.02,0,0,,0
2014,9144,"Douglas, Harry",WR,0012,Chris Klingenberg,7.0,5,11,23.53,30.55,0,1,0005,0
2014,9144,"Douglas, Harry",WR,0005,Kyle Creelman,9.0,6,17,17.68,24.23,0,1,0012,0
2014,9144,"Douglas, Harry",WR,0005,Kyle Creelman,8.0,7,17,0.0,0.0,0,0,,1
2014,9269,"Johnson, Stevie",WR,0004,Brian Cutting,1.0,1,7,,25.48,0,0,,0
2014,9269,"Johnson, Stevie",WR,0011,Eric Mannila,2.0,2,9,22.57,24.05,0,1,0004,0
2014,9269,"Johnson, Stevie",WR,0011,Eric Mannila,2.0,3,9,0.0,0.0,0,0,,1
2014,9272,"Hillis, Peyton",RB,0012,Chris Klingenberg,1.0,1,0,,24.0,0,0,,0
2014,9272,"Hillis, Peyton",RB,0012,Chris Klingenberg,1.0,2,0,0.0,0.0,0,0,,1
2014,9308,"Amendola, Danny",WR,0010,Shawn Blake,1.0,1,0,,35.34,0,0,,0
2014,9308,"Amendola, Danny",WR,0004,Brian Cutting,2.0,2,6,18.36,29.7,0,1,0010,0
2014,9308,"Amendola, Danny",WR,0004,Brian Cutting,3.0,3,6,23.92,29.62,0,0,,0
2014,9308,"Amendola, Danny",WR,0010,Shawn Blake,3.0,4,6,23.73,29.35,0,1,0004,0
2014,9308,"Amendola, Danny",WR,0010,Shawn Blake,4.0,5,6,23.99,29.34,0,0,,0
2014,9308,"Amendola, Danny",WR,0009,Bear Dunn,5.0,6,7,23.83,29.17,0,1,0010,0
2014,9308,"Amendola, Danny",WR,0011,Eric Mannila,7.0,7,7,23.52,28.69,0,1,0009,0
2014,9308,"Amendola, Danny",WR,0010,Shawn Blake,8.0,8,8,23.21,27.9,0,1,0011,0
2014,9308,"Amendola, Danny",WR,0011,Eric Mannila,9.0,9,12,20.27,24.17,0,1,0010,0
2014,9308,"Amendola, Danny",WR,0011,Eric Mannila,9.0,10,12,0.0,0.0,0,0,,1
2014,9319,"Hauschka, Steven",PK,0012,Chris Klingenberg,1.0,1,0,,24.02,0,0,,0
2014,9319,"Hauschka, Steven",PK,0012,Chris Klingenberg,1.0,2,0,0.0,0.0,0,0,,1
2014,9330,"Woodyard, Wesley",LB,0007,Josh Martel,2.0,1,9,,24.01,0,0,,0
2014,9330,"Woodyard, Wesley",LB,0008,Keith Creelman,2.0,2,10,23.22,23.23,0,1,0007,0
2014,9330,"Woodyard, Wesley",LB,0007,Josh Martel,2.0,3,9,0.77,0.0,0,1,0008,1
2014,9425,"Wake, Cameron",DE,0001,Ryan Bousquet,3.0,1,4,,32.4,0,0,,0
2014,9425,"Wake, Cameron",DE,0002,Derrick Whitman,3.0,2,12,16.4,24.8,0,1,0001,0
2014,9425,"Wake, Cameron",DE,0002,Derrick Whitman,4.0,3,13,23.21,24.01,0,0,,0
2014,9425,"Wake, Cameron",DE,0002,Derrick Whitman,5.0,4,19,17.65,17.65,0,0,,0
2014,9425,"Wake, Cameron",DE,0002,Derrick Whitman,4.0,5,13,6.35,0.0,0,0,,1
2014,9437,"Moreno, Knowshon",RB,0010,Shawn Blake,3.0,1,0,,46.2,0,0,,0
2014,9437,"Moreno, Knowshon",RB,0004,Brian Cutting,3.0,2,6,18.33,40.53,0,1,0010,0
2014,9437,"Moreno, Knowshon",RB,0004,Brian Cutting,4.0,3,6,24.0,40.53,0,0,,0
2014,9437,"Moreno, Knowshon",RB,0004,Brian Cutting,5.0,4,6,24.0,40.53,0,0,,0
2014,9437,"Moreno, Knowshon",RB,0010,Shawn Blake,5.0,5,6,23.67,40.19,0,1,0004,0
2014,9437,"Moreno, Knowshon",RB,0004,Brian Cutting,7.0,6,7,23.54,39.73,0,1,0010,0
2014,9437,"Moreno, Knowshon",RB,0010,Shawn Blake,6.0,7,8,23.09,38.82,1,0,,0
2014,9437,"Moreno, Knowshon",RB,0004,Brian Cutting,8.0,8,15,16.95,31.77,0,0,,0
2014,9437,"Moreno, Knowshon",RB,0001,Ryan Bousquet,7.0,9,22,16.95,24.72,1,0,,0
2014,9437,"Moreno, Knowshon",RB,0012,Chris Klingenberg,10.0,10,23,23.37,24.09,0,1,0004,0
2014,9437,"Moreno, Knowshon",RB,0004,Brian Cutting,10.0,11,7,15.43,15.53,0,1,0012,0
2014,9437,"Moreno, Knowshon",RB,0012,Chris Klingenberg,10.0,12,23,8.47,0.0,0,1,0004,1
2014,9439,"Laurinaitis, James",LB,0009,Bear Dunn,2.0,1,0,,37.05,0,0,,0
2014,9439,"Laurinaitis, James",LB,0001,Ryan Bousquet,3.0,2,4,19.57,32.62,0,1,0009,0
2014,9439,"Laurinaitis, James",LB,0004,Brian Cutting,4.0,3,6,21.92,30.54,0,1,0001,0
2014,9439,"Laurinaitis, James",LB,0004,Brian Cutting,5.0,4,7,23.03,29.57,0,0,,0
2014,9439,"Laurinaitis, James",LB,0002,Derrick Whitman,5.0,5,13,18.44,24.01,0,1,0004,0
2014,9439,"Laurinaitis, James",LB,0002,Derrick Whitman,6.0,6,13,23.99,24.0,0,0,,0
2014,9439,"Laurinaitis, James",LB,0002,Derrick Whitman,7.0,7,13,23.98,23.99,0,0,,0
2014,9439,"Laurinaitis, James",LB,0002,Derrick Whitman,6.0,8,13,0.01,0.0,0,0,,1
2014,9446,"Cushing, Brian",LB,0009,Bear Dunn,2.0,1,6,,24.11,0,0,,0
2014,9446,"Cushing, Brian",LB,0001,Ryan Bousquet,2.0,2,16,13.16,13.27,0,1,0009,0
2014,9446,"Cushing, Brian",LB,0009,Bear Dunn,2.0,3,6,10.73,0.0,0,1,0001,1
2014,9450,"Nicks, Hakeem",WR,0008,Keith Creelman,1.0,1,2,,45.66,0,0,,0
2014,9450,"Nicks, Hakeem",WR,0001,Ryan Bousquet,2.0,2,3,22.08,43.74,0,1,0008,0
2014,9450,"Nicks, Hakeem",WR,0010,Shawn Blake,3.0,3,8,19.08,38.82,0,1,0001,0
2014,9450,"Nicks, Hakeem",WR,0006,Steve Bousquet,4.0,4,12,20.43,35.25,0,1,0010,0
2014,9450,"Nicks, Hakeem",WR,0012,Chris Klingenberg,5.0,5,15,20.43,31.68,0,1,0006,0
2014,9450,"Nicks, Hakeem",WR,0011,Eric Mannila,6.0,6,21,18.95,26.63,0,1,0012,0
2014,9450,"Nicks, Hakeem",WR,0012,Chris Klingenberg,10.0,7,23,21.38,24.01,0,1,0011,0
2014,9450,"Nicks, Hakeem",WR,0012,Chris Klingenberg,7.0,8,23,0.0,0.0,0,0,,1
2014,9456,"Brown, Donald",RB,0011,Eric Mannila,1.0,1,5,,36.67,0,0,,0
2014,9456,"Brown, Donald",RB,0010,Shawn Blake,2.0,2,18,11.58,24.26,0,1,0011,0
2014,9456,"Brown, Donald",RB,0010,Shawn Blake,2.0,3,18,0.0,0.0,0,0,,1
2014,9458,"Greene, Shonn",RB,0003,Kris Lake,2.0,1,13,,24.4,0,0,,0
2014,9458,"Greene, Shonn",RB,0003,Kris Lake,1.0,2,13,0.0,0.0,0,0,,1
2014,9467,"Britt, Kenny",WR,0001,Ryan Bousquet,3.0,1,10,,46.34,0,0,,0
2014,9467,"Britt, Kenny",WR,0010,Shawn Blake,2.0,2,11,23.43,45.78,1,0,,0
2014,9467,"Britt, Kenny",WR,0009,Bear Dunn,4.0,3,12,22.99,44.76,0,1,0001,0
2014,9467,"Britt, Kenny",WR,0005,Kyle Creelman,5.0,4,14,21.58,42.35,0,1,0009,0
2014,9467,"Britt, Kenny",WR,0004,Brian Cutting,6.0,5,22,16.54,34.89,0,1,0005,0
2014,9467,"Britt, Kenny",WR,0003,Kris Lake,7.0,6,9,13.2,24.09,0,1,0004,0
2014,9467,"Britt, Kenny",WR,0004,Brian Cutting,8.0,7,9,23.91,24.0,0,1,0003,0
2014,9467,"Britt, Kenny",WR,0004,Brian Cutting,8.0,8,9,0.0,0.0,0,0,,1
2014,9474,"Cook, Jared",TE,0004,Brian Cutting,2.0,1,6,,57.67,0,0,,0
2014,9474,"Cook, Jared",TE,0011,Eric Mannila,2.0,2,7,23.06,56.73,0,1,0004,0
2014,9474,"Cook, Jared",TE,0011,Eric Mannila,4.0,3,7,23.99,56.72,0,0,,0
2014,9474,"Cook, Jared",TE,0012,Chris Klingenberg,5.0,4,23,8.51,41.23,0,1,0011,0
2014,9474,"Cook, Jared",TE,0011,Eric Mannila,6.0,5,16,6.94,24.17,0,1,0012,0
2014,9474,"Cook, Jared",TE,0011,Eric Mannila,6.0,6,16,0.0,0.0,0,0,,1
2014,9495,"Mitchell, Michael",S,0002,Derrick Whitman,3.0,1,0,,24.0,0,0,,0
2014,9495,"Mitchell, Michael",S,0002,Derrick Whitman,1.0,2,0,0.0,0.0,0,0,,1
2014,9525,"Wallace, Mike",WR,0002,Derrick Whitman,10.0,1,1,,102.9,0,0,,0
2014,9525,"Wallace, Mike",WR,0008,Keith Creelman,12.0,2,1,23.76,102.65,0,1,0002,0
2014,9525,"Wallace, Mike",WR,0004,Brian Cutting,13.0,3,8,17.02,95.67,0,1,0008,0
2014,9525,"Wallace, Mike",WR,0004,Brian Cutting,15.0,4,9,23.35,95.02,0,0,,0
2014,9525,"Wallace, Mike",WR,0001,Ryan Bousquet,16.0,5,13,19.84,90.86,0,1,0004,0
2014,9525,"Wallace, Mike",WR,0004,Brian Cutting,17.0,6,19,18.15,85.0,0,1,0001,0
2014,9525,"Wallace, Mike",WR,0004,Brian Cutting,18.0,7,19,24.0,85.0,0,0,,0
2014,9525,"Wallace, Mike",WR,0002,Derrick Whitman,18.0,8,20,22.76,83.76,0,1,0004,0
2014,9525,"Wallace, Mike",WR,0002,Derrick Whitman,20.0,9,20,23.99,83.75,0,0,,0
2014,9525,"Wallace, Mike",WR,0008,Keith Creelman,20.0,10,2,18.77,78.52,0,1,0002,0
2014,9525,"Wallace, Mike",WR,0008,Keith Creelman,21.0,11,14,11.9,66.42,0,0,,0
2014,9525,"Wallace, Mike",WR,0006,Steve Bousquet,23.0,12,7,6.36,48.79,0,1,0008,0
2014,9525,"Wallace, Mike",WR,0008,Keith Creelman,25.0,13,8,23.09,47.87,0,1,0006,0
2014,9525,"Wallace, Mike",WR,0004,Brian Cutting,25.0,14,19,13.27,37.14,0,1,0008,0
2014,9525,"Wallace, Mike",WR,0006,Steve Bousquet,29.0,15,8,10.86,24.01,0,1,0004,0
2014,9525,"Wallace, Mike",WR,0005,Kyle Creelman,27.0,16,13,18.76,18.76,1,0,,0
2014,9525,"Wallace, Mike",WR,0005,Kyle Creelman,28.0,17,15,22.79,17.56,1,0,,0
2014,9525,"Wallace, Mike",WR,0005,Kyle Creelman,29.0,18,15,23.53,17.08,0,1,0006,0
2014,9525,"Wallace, Mike",WR,0006,Steve Bousquet,30.0,19,15,23.49,16.57,0,1,0005,0
2014,9525,"Wallace, Mike",WR,0006,Steve Bousquet,31.0,20,16,23.96,16.54,0,0,,0
2014,9525,"Wallace, Mike",WR,0006,Steve Bousquet,32.0,21,16,23.92,16.46,0,0,,0
2014,9525,"Wallace, Mike",WR,0006,Steve Bousquet,29.0,22,8,7.54,0.0,0,0,,1
2014,9545,"Hartline, Brian",WR,0010,Shawn Blake,4.0,1,6,,24.12,0,0,,0
2014,9545,"Hartline, Brian",WR,0011,Eric Mannila,4.0,2,6,23.89,24.01,0,1,0010,0
2014,9545,"Hartline, Brian",WR,0011,Eric Mannila,6.0,3,6,24.0,24.0,0,0,,0
2014,9545,"Hartline, Brian",WR,0011,Eric Mannila,5.0,4,6,0.0,0.0,0,0,,1
2014,9565,"Brown, Andre",RB,0009,Bear Dunn,3.0,1,6,,32.78,0,0,,0
2014,9565,"Brown, Andre",RB,0004,Brian Cutting,2.0,2,9,20.57,29.35,1,0,,0
2014,9565,"Brown, Andre",RB,0004,Brian Cutting,3.0,3,12,21.54,26.89,0,1,0009,0
2014,9565,"Brown, Andre",RB,0008,Keith Creelman,5.0,4,15,21.14,24.03,0,1,0004,0
2014,9565,"Brown, Andre",RB,0008,Keith Creelman,4.0,5,15,0.0,0.0,0,0,,1
2014,9625,"Gibson, Brandon",WR,0011,Eric Mannila,1.0,1,17,,24.35,0,0,,0
2014,9625,"Gibson, Brandon",WR,0011,Eric Mannila,1.0,2,17,0.0,0.0,0,0,,1
2014,9632,"Myers, Brandon",TE,0004,Brian Cutting,1.0,1,6,,24.03,0,0,,0
2014,9632,"Myers, Brandon",TE,0004,Brian Cutting,1.0,2,6,0.0,0.0,0,0,,1
2014,9652,"McAfee, Pat",PN,0007,Josh Martel,1.0,1,8,,24.01,0,0,,0
2014,9652,"McAfee, Pat",PN,0007,Josh Martel,1.0,2,8,0.0,0.0,0,0,,1
2014,9662,"Edelman, Julian",WR,0011,Eric Mannila,1.0,1,5,,25.48,0,0,,0
2014,9662,"Edelman, Julian",WR,0010,Shawn Blake,5.0,2,7,22.56,24.03,0,1,0011,0
2014,9662,"Edelman, Julian",WR,0002,Derrick Whitman,15.0,3,7,23.99,24.02,0,1,0010,0
2014,9662,"Edelman, Julian",WR,0004,Brian Cutting,7.0,4,7,23.46,23.49,1,0,,0
2014,9662,"Edelman, Julian",WR,0004,Brian Cutting,10.0,5,7,23.95,23.44,1,0,,0
2014,9662,"Edelman, Julian",WR,0002,Derrick Whitman,20.0,6,8,23.15,22.58,0,0,,0
2014,9662,"Edelman, Julian",WR,0006,Steve Bousquet,12.0,7,8,23.79,22.38,1,0,,0
2014,9662,"Edelman, Julian",WR,0011,Eric Mannila,14.0,8,9,23.35,21.72,1,0,,0
2014,9662,"Edelman, Julian",WR,0011,Eric Mannila,15.0,9,9,23.97,21.7,1,0,,0
2014,9662,"Edelman, Julian",WR,0011,Eric Mannila,16.0,10,9,23.76,21.46,1,0,,0
2014,9662,"Edelman, Julian",WR,0002,Derrick Whitman,25.0,11,10,23.52,20.97,0,0,,0
2014,9662,"Edelman, Julian",WR,0008,Keith Creelman,22.0,12,10,23.54,20.52,1,0,,0
2014,9662,"Edelman, Julian",WR,0011,Eric Mannila,23.0,13,14,19.81,16.33,1,0,,0
2014,9662,"Edelman, Julian",WR,0002,Derrick Whitman,27.0,14,15,23.64,15.97,0,0,,0
2014,9662,"Edelman, Julian",WR,0011,Eric Mannila,24.0,15,16,22.48,14.45,1,0,,0
2014,9662,"Edelman, Julian",WR,0011,Eric Mannila,25.0,16,16,23.99,14.44,1,0,,0
2014,9662,"Edelman, Julian",WR,0011,Eric Mannila,26.0,17,16,23.98,14.42,1,0,,0
2014,9662,"Edelman, Julian",WR,0002,Derrick Whitman,29.0,18,18,22.3,12.72,0,0,,0
2014,9662,"Edelman, Julian",WR,0008,Keith Creelman,29.0,19,18,23.66,12.38,0,1,0002,0
2014,9662,"Edelman, Julian",WR,0002,Derrick Whitman,30.0,20,20,22.53,10.91,0,1,0008,0
2014,9662,"Edelman, Julian",WR,0011,Eric Mannila,30.0,21,23,21.18,8.08,0,1,0002,0
2014,9662,"Edelman, Julian",WR,0002,Derrick Whitman,31.0,22,1,21.34,5.42,0,1,0011,0
2014,9662,"Edelman, Julian",WR,0002,Derrick Whitman,30.0,23,7,18.58,0.0,0,0,,1
2014,9680,"Jennings, Rashad",RB,0010,Shawn Blake,1.0,1,0,,72.04,0,0,,0
2014,9680,"Jennings, Rashad",RB,0006,Steve Bousquet,2.0,2,0,23.95,71.99,0,1,0010,0
2014,9680,"Jennings, Rashad",RB,0006,Steve Bousquet,4.0,3,0,23.97,71.95,0,0,,0
2014,9680,"Jennings, Rashad",RB,0008,Keith Creelman,7.0,4,1,22.72,70.67,0,1,0006,0
2014,9680,"Jennings, Rashad",RB,0010,Shawn Blake,8.0,5,6,19.23,65.91,0,1,0008,0
2014,9680,"Jennings, Rashad",RB,0001,Ryan Bousquet,12.0,6,8,22.43,64.33,0,1,0010,0
2014,9680,"Jennings, Rashad",RB,0006,Steve Bousquet,10.0,7,8,23.54,63.87,1,0,,0
2014,9680,"Jennings, Rashad",RB,0006,Steve Bousquet,11.0,8,8,24.0,63.87,1,0,,0
2014,9680,"Jennings, Rashad",RB,0006,Steve Bousquet,13.0,9,8,24.0,63.87,0,1,0001,0
2014,9680,"Jennings, Rashad",RB,0001,Ryan Bousquet,16.0,10,13,18.88,58.74,0,1,0006,0
2014,9680,"Jennings, Rashad",RB,0006,Steve Bousquet,15.0,11,22,15.55,50.3,1,0,,0
2014,9680,"Jennings, Rashad",RB,0008,Keith Creelman,18.0,12,10,11.8,38.1,0,1,0001,0
2014,9680,"Jennings, Rashad",RB,0012,Chris Klingenberg,20.0,13,0,9.92,24.02,0,1,0008,0
2014,9680,"Jennings, Rashad",RB,0012,Chris Klingenberg,19.0,14,0,0.0,0.0,0,0,,1
2014,9690,"Foster, Arian",RB,0001,Ryan Bousquet,34.0,1,0,,78.99,0,0,,0
2014,9690,"Foster, Arian",RB,0006,Steve Bousquet,4.0,2,0,23.97,78.95,1,0,,0
2014,9690,"Foster, Arian",RB,0006,Steve Bousquet,9.0,3,0,23.95,78.9,1,0,,0
2014,9690,"Foster, Arian",RB,0006,Steve Bousquet,11.0,4,0,24.0,78.9,1,0,,0
2014,9690,"Foster, Arian",RB,0006,Steve Bousquet,12.0,5,0,23.99,78.89,1,0,,0
2014,9690,"Foster, Arian",RB,0006,Steve Bousquet,15.0,6,0,23.86,78.75,1,0,,0
2014,9690,"Foster, Arian",RB,0010,Shawn Blake,20.0,7,6,17.75,72.49,1,0,,0
2014,9690,"Foster, Arian",RB,0009,Bear Dunn,23.0,8,7,23.34,71.83,1,0,,0
2014,9690,"Foster, Arian",RB,0009,Bear Dunn,26.0,9,7,23.98,71.81,1,0,,0
2014,9690,"Foster, Arian",RB,0003,Kris Lake,27.0,10,8,22.62,70.44,1,0,,0
2014,9690,"Foster, Arian",RB,0003,Kris Lake,28.0,11,8,23.74,70.17,1,0,,0
2014,9690,"Foster, Arian",RB,0001,Ryan Bousquet,38.0,12,8,23.95,70.13,0,0,,0
2014,9690,"Foster, Arian",RB,0003,Kris Lake,30.0,13,9,23.46,69.59,1,0,,0
2014,9690,"Foster, Arian",RB,0003,Kris Lake,32.0,14,9,23.97,69.56,1,0,,0
2014,9690,"Foster, Arian",RB,0006,Steve Bousquet,33.0,15,11,22.5,68.06,1,0,,0
2014,9690,"Foster, Arian",RB,0006,Steve Bousquet,35.0,16,16,18.2,62.26,1,0,,0
2014,9690,"Foster, Arian",RB,0006,Steve Bousquet,36.0,17,16,23.96,62.22,1,0,,0
2014,9690,"Foster, Arian",RB,0010,Shawn Blake,38.0,18,20,20.51,58.73,0,1,0001,0
2014,9690,"Foster, Arian",RB,0001,Ryan Bousquet,40.0,19,20,23.58,58.32,0,1,0010,0
2014,9690,"Foster, Arian",RB,0003,Kris Lake,40.0,20,21,23.26,57.57,0,1,0001,0
2014,9690,"Foster, Arian",RB,0003,Kris Lake,41.0,21,21,23.98,57.55,0,0,,0
2014,9690,"Foster, Arian",RB,0006,Steve Bousquet,42.0,22,0,21.03,54.58,0,1,0003,0
2014,9690,"Foster, Arian",RB,0008,Keith Creelman,43.0,23,21,2.54,33.12,0,1,0006,0
2014,9690,"Foster, Arian",RB,0007,Josh Martel,46.0,24,22,23.54,32.66,0,1,0008,0
2014,9690,"Foster, Arian",RB,0006,Steve Bousquet,45.0,25,0,22.2,30.86,1,0,,0
2014,9690,"Foster, Arian",RB,0006,Steve Bousquet,48.0,26,7,17.15,24.02,0,1,0007,0
2014,9690,"Foster, Arian",RB,0008,Keith Creelman,48.0,27,6,0.58,0.6,0,1,0006,0
2014,9690,"Foster, Arian",RB,0006,Steve Bousquet,48.0,28,7,23.4,0.0,0,1,0008,1
2014,9693,"Woodhead, Danny",RB,0001,Ryan Bousquet,6.0,1,6,,30.47,0,0,,0
2014,9693,"Woodhead, Danny",RB,0004,Brian Cutting,2.0,2,7,23.53,30.0,1,0,,0
2014,9693,"Woodhead, Danny",RB,0011,Eric Mannila,5.0,3,7,23.81,29.81,1,0,,0
2014,9693,"Woodhead, Danny",RB,0011,Eric Mannila,6.0,4,7,23.99,29.8,0,1,0001,0
2014,9693,"Woodhead, Danny",RB,0011,Eric Mannila,7.0,5,7,23.99,29.79,0,0,,0
2014,9693,"Woodhead, Danny",RB,0001,Ryan Bousquet,8.0,6,7,23.75,29.54,0,1,0011,0
2014,9693,"Woodhead, Danny",RB,0011,Eric Mannila,9.0,7,12,19.75,25.29,0,1,0001,0
2014,9693,"Woodhead, Danny",RB,0006,Steve Bousquet,10.0,8,13,23.03,24.32,0,1,0011,0
2014,9693,"Woodhead, Danny",RB,0011,Eric Mannila,11.0,9,13,23.77,24.09,0,1,0006,0
2014,9693,"Woodhead, Danny",RB,0011,Eric Mannila,11.0,10,13,0.0,0.0,0,0,,1
2014,9714,"Hoyer, Brian",QB,0003,Kris Lake,1.0,1,9,,24.46,0,0,,0
2014,9714,"Hoyer, Brian",QB,0003,Kris Lake,1.0,2,9,0.0,0.0,0,0,,1
2014,9817,"Bradford, Sam",QB,0010,Shawn Blake,2.0,1,2,,27.61,0,0,,0
2014,9817,"Bradford, Sam",QB,0004,Brian Cutting,2.0,2,7,18.44,22.06,0,1,0010,0
2014,9817,"Bradford, Sam",QB,0010,Shawn Blake,2.0,3,5,1.94,0.0,0,1,0004,1
2014,9819,"McCoy, Gerald",DT,0004,Brian Cutting,1.0,1,19,,24.49,0,0,,0
2014,9819,"McCoy, Gerald",DT,0004,Brian Cutting,1.0,2,19,0.0,0.0,0,0,,1
2014,9820,"Haden, Joe",CB,0004,Brian Cutting,1.0,1,6,,24.18,0,0,,0
2014,9820,"Haden, Joe",CB,0004,Brian Cutting,1.0,2,6,0.0,0.0,0,0,,1
2014,9825,"Dunlap, Carlos",DE,0011,Eric Mannila,1.0,1,9,,24.25,0,0,,0
2014,9825,"Dunlap, Carlos",DE,0008,Keith Creelman,3.0,2,9,23.8,24.05,0,1,0011,0
2014,9825,"Dunlap, Carlos",DE,0011,Eric Mannila,3.0,3,9,23.77,23.82,0,1,0008,0
2014,9825,"Dunlap, Carlos",DE,0008,Keith Creelman,3.0,4,9,0.18,0.0,0,1,0011,1
2014,9843,"LaFell, Brandon",WR,0011,Eric Mannila,1.0,1,6,,27.31,0,0,,0
2014,9843,"LaFell, Brandon",WR,0003,Kris Lake,2.0,2,8,21.16,24.47,0,1,0011,0
2014,9843,"LaFell, Brandon",WR,0006,Steve Bousquet,3.0,3,9,23.57,24.03,0,1,0003,0
2014,9843,"LaFell, Brandon",WR,0006,Steve Bousquet,3.0,4,9,0.0,0.0,0,0,,1
2014,9851,"Mathews, Ryan",RB,0006,Steve Bousquet,1.0,1,7,,46.68,0,0,,0
2014,9851,"Mathews, Ryan",RB,0006,Steve Bousquet,11.0,2,7,23.99,46.67,0,0,,0
2014,9851,"Mathews, Ryan",RB,0004,Brian Cutting,3.0,3,7,23.85,46.52,1,0,,0
2014,9851,"Mathews, Ryan",RB,0004,Brian Cutting,4.0,4,7,23.91,46.43,1,0,,0
2014,9851,"Mathews, Ryan",RB,0004,Brian Cutting,5.0,5,7,24.0,46.42,1,0,,0
2014,9851,"Mathews, Ryan",RB,0004,Brian Cutting,6.0,6,7,24.0,46.42,1,0,,0
2014,9851,"Mathews, Ryan",RB,0004,Brian Cutting,7.0,7,7,24.0,46.41,1,0,,0
2014,9851,"Mathews, Ryan",RB,0004,Brian Cutting,8.0,8,7,24.0,46.41,1,0,,0
2014,9851,"Mathews, Ryan",RB,0003,Kris Lake,12.0,9,9,22.55,44.96,0,1,0006,0
2014,9851,"Mathews, Ryan",RB,0010,Shawn Blake,15.0,10,11,21.31,42.27,0,1,0003,0
2014,9851,"Mathews, Ryan",RB,0006,Steve Bousquet,17.0,11,12,23.41,41.68,0,1,0010,0
2014,9851,"Mathews, Ryan",RB,0010,Shawn Blake,20.0,12,6,6.33,24.01,0,1,0006,0
2014,9851,"Mathews, Ryan",RB,0006,Steve Bousquet,19.0,13,9,20.24,20.25,1,0,,0
2014,9851,"Mathews, Ryan",RB,0010,Shawn Blake,19.0,14,6,3.75,0.0,0,0,,1
2014,9856,"McCluster, Dexter",RB,0009,Bear Dunn,1.0,1,7,,24.2,0,0,,0
2014,9856,"McCluster, Dexter",RB,0009,Bear Dunn,1.0,2,7,0.0,0.0,0,0,,1
2014,9864,"Burnett, Morgan",S,0008,Keith Creelman,2.0,1,7,,24.07,0,0,,0
2014,9864,"Burnett, Morgan",S,0001,Ryan Bousquet,2.0,2,20,10.45,10.52,0,1,0008,0
2014,9864,"Burnett, Morgan",S,0008,Keith Creelman,2.0,3,7,13.48,0.0,0,1,0001,1
2014,9877,"Ward, T.J.",S,0005,Kyle Creelman,2.0,1,9,,31.54,0,0,,0
2014,9877,"Ward, T.J.",S,0002,Derrick Whitman,2.0,2,13,20.72,28.27,0,1,0005,0
2014,9877,"Ward, T.J.",S,0002,Derrick Whitman,3.0,3,13,23.99,28.26,0,0,,0
2014,9877,"Ward, T.J.",S,0011,Eric Mannila,4.0,4,17,19.75,24.01,0,1,0002,0
2014,9877,"Ward, T.J.",S,0011,Eric Mannila,4.0,5,17,0.0,0.0,0,0,,1
2014,9880,"Gerhart, Toby",RB,0008,Keith Creelman,6.0,1,0,,24.05,0,0,,0
2014,9880,"Gerhart, Toby",RB,0001,Ryan Bousquet,20.0,2,0,23.95,24.0,0,1,0008,0
2014,9880,"Gerhart, Toby",RB,0001,Ryan Bousquet,31.0,3,0,23.98,23.98,0,0,,0
2014,9880,"Gerhart, Toby",RB,0010,Shawn Blake,15.0,4,6,18.16,18.14,1,0,,0
2014,9880,"Gerhart, Toby",RB,0010,Shawn Blake,18.0,5,6,23.96,18.1,1,0,,0
2014,9880,"Gerhart, Toby",RB,0010,Shawn Blake,22.0,6,7,23.46,17.56,1,0,,0
2014,9880,"Gerhart, Toby",RB,0010,Shawn Blake,25.0,7,7,23.96,17.52,1,0,,0
2014,9880,"Gerhart, Toby",RB,0010,Shawn Blake,30.0,8,9,21.55,15.07,1,0,,0
2014,9880,"Gerhart, Toby",RB,0001,Ryan Bousquet,33.0,9,9,23.78,14.85,0,0,,0
2014,9880,"Gerhart, Toby",RB,0010,Shawn Blake,31.0,10,15,18.6,9.44,1,0,,0
2014,9880,"Gerhart, Toby",RB,0010,Shawn Blake,32.0,11,20,18.79,4.23,1,0,,0
2014,9880,"Gerhart, Toby",RB,0010,Shawn Blake,33.0,12,0,19.97,0.2,0,1,0001,0
2014,9880,"Gerhart, Toby",RB,0001,Ryan Bousquet,33.0,13,0,23.8,0.0,0,1,0010,1
2014,9881,"Decker, Eric",WR,0010,Shawn Blake,10.0,1,5,,31.65,0,0,,0
2014,9881,"Decker, Eric",WR,0011,Eric Mannila,5.0,2,6,23.92,31.57,1,0,,0
2014,9881,"Decker, Eric",WR,0008,Keith Creelman,15.0,3,6,23.56,31.13,0,1,0010,0
2014,9881,"Decker, Eric",WR,0010,Shawn Blake,15.0,4,8,21.64,28.77,0,1,0008,0
2014,9881,"Decker, Eric",WR,0001,Ryan Bousquet,21.0,5,10,22.26,27.03,0,1,0010,0
2014,9881,"Decker, Eric",WR,0008,Keith Creelman,18.0,6,10,23.92,26.95,1,0,,0
2014,9881,"Decker, Eric",WR,0008,Keith Creelman,20.0,7,10,24.0,26.95,1,0,,0
2014,9881,"Decker, Eric",WR,0010,Shawn Blake,21.0,8,12,22.29,25.24,0,1,0001,0
2014,9881,"Decker, Eric",WR,0010,Shawn Blake,22.0,9,12,23.54,24.78,0,0,,0
2014,9881,"Decker, Eric",WR,0001,Ryan Bousquet,23.0,10,13,23.23,24.01,0,1,0010,0
2014,9881,"Decker, Eric",WR,0001,Ryan Bousquet,23.0,11,13,0.0,0.0,0,0,,1
2014,9898,"Blount, LeGarrette",RB,0006,Steve Bousquet,1.0,1,9,,33.01,0,0,,0
2014,9898,"Blount, LeGarrette",RB,0006,Steve Bousquet,4.0,2,9,24.0,33.01,0,0,,0
2014,9898,"Blount, LeGarrette",RB,0001,Ryan Bousquet,2.0,3,10,22.55,31.56,1,0,,0
2014,9898,"Blount, LeGarrette",RB,0010,Shawn Blake,3.0,4,11,23.35,30.91,1,0,,0
2014,9898,"Blount, LeGarrette",RB,0009,Bear Dunn,4.0,5,12,23.01,29.92,0,1,0006,0
2014,9898,"Blount, LeGarrette",RB,0009,Bear Dunn,5.0,6,15,21.26,27.18,0,0,,0
2014,9898,"Blount, LeGarrette",RB,0006,Steve Bousquet,6.0,7,17,21.2,24.38,0,1,0009,0
2014,9898,"Blount, LeGarrette",RB,0006,Steve Bousquet,6.0,8,18,0.0,0.0,0,0,,1
2014,9907,"Tate, Ben",RB,0005,Kyle Creelman,1.0,1,3,,62.19,0,0,,0
2014,9907,"Tate, Ben",RB,0010,Shawn Blake,6.0,2,6,20.48,58.67,0,1,0005,0
2014,9907,"Tate, Ben",RB,0001,Ryan Bousquet,8.0,3,8,22.44,57.11,0,1,0010,0
2014,9907,"Tate, Ben",RB,0004,Brian Cutting,8.0,4,9,22.54,55.65,0,1,0001,0
2014,9907,"Tate, Ben",RB,0004,Brian Cutting,9.0,5,9,23.99,55.64,0,0,,0
2014,9907,"Tate, Ben",RB,0012,Chris Klingenberg,12.0,6,10,23.3,54.94,0,1,0004,0
2014,9907,"Tate, Ben",RB,0004,Brian Cutting,11.0,7,10,23.8,54.74,1,0,,0
2014,9907,"Tate, Ben",RB,0007,Josh Martel,15.0,8,19,14.57,45.31,0,1,0012,0
2014,9907,"Tate, Ben",RB,0012,Chris Klingenberg,15.0,9,0,19.86,41.17,0,1,0007,0
2014,9907,"Tate, Ben",RB,0012,Chris Klingenberg,17.0,10,0,23.93,41.1,0,0,,0
2014,9907,"Tate, Ben",RB,0007,Josh Martel,20.0,11,17,6.92,24.01,0,1,0012,0
2014,9907,"Tate, Ben",RB,0012,Chris Klingenberg,20.0,12,0,16.81,16.82,0,1,0007,0
2014,9907,"Tate, Ben",RB,0007,Josh Martel,25.0,13,12,11.64,4.46,0,1,0012,0
2014,9907,"Tate, Ben",RB,0008,Keith Creelman,21.0,14,12,23.86,4.32,1,0,,0
2014,9907,"Tate, Ben",RB,0008,Keith Creelman,22.0,15,12,24.0,4.31,1,0,,0
2014,9907,"Tate, Ben",RB,0007,Josh Martel,22.0,16,17,19.69,0.0,0,0,,1
2014,9918,"Sanders, Emmanuel",WR,0008,Keith Creelman,11.0,1,0,,32.12,0,0,,0
2014,9918,"Sanders, Emmanuel",WR,0001,Ryan Bousquet,4.0,2,0,23.94,32.07,1,0,,0
2014,9918,"Sanders, Emmanuel",WR,0010,Shawn Blake,10.0,3,6,18.07,26.14,1,0,,0
2014,9918,"Sanders, Emmanuel",WR,0004,Brian Cutting,11.0,4,7,22.95,25.09,0,1,0008,0
2014,9918,"Sanders, Emmanuel",WR,0010,Shawn Blake,16.0,5,7,23.74,24.83,0,1,0004,0
2014,9918,"Sanders, Emmanuel",WR,0006,Steve Bousquet,14.0,6,7,23.79,24.62,1,0,,0
2014,9918,"Sanders, Emmanuel",WR,0006,Steve Bousquet,15.0,7,7,23.98,24.6,1,0,,0
2014,9918,"Sanders, Emmanuel",WR,0008,Keith Creelman,20.0,8,8,23.4,24.0,0,1,0010,0
2014,9918,"Sanders, Emmanuel",WR,0008,Keith Creelman,25.0,9,8,23.52,23.52,0,0,,0
2014,9918,"Sanders, Emmanuel",WR,0004,Brian Cutting,18.0,10,19,13.29,12.81,1,0,,0
2014,9918,"Sanders, Emmanuel",WR,0004,Brian Cutting,19.0,11,19,23.99,12.81,1,0,,0
2014,9918,"Sanders, Emmanuel",WR,0012,Chris Klingenberg,20.0,12,23,19.96,8.77,1,0,,0
2014,9918,"Sanders, Emmanuel",WR,0008,Keith Creelman,20.0,13,8,15.23,0.0,0,0,,1
2014,9921,"Roberts, Andre",WR,0011,Eric Mannila,1.0,1,5,,39.82,0,0,,0
2014,9921,"Roberts, Andre",WR,0001,Ryan Bousquet,2.0,2,20,9.08,24.9,0,1,0011,0
2014,9921,"Roberts, Andre",WR,0011,Eric Mannila,3.0,3,21,23.21,24.1,0,1,0001,0
2014,9921,"Roberts, Andre",WR,0011,Eric Mannila,3.0,4,21,0.0,0.0,0,0,,1
2014,9927,"Williams, Mike",WR,0010,Shawn Blake,1.0,1,21,,37.52,0,0,,0
2014,9927,"Williams, Mike",WR,0011,Eric Mannila,2.0,2,22,23.05,36.57,0,1,0010,0
2014,9927,"Williams, Mike",WR,0010,Shawn Blake,3.0,3,10,11.48,24.05,0,1,0011,0
2014,9927,"Williams, Mike",WR,0010,Shawn Blake,3.0,4,10,0.0,0.0,0,0,,1
2014,9929,"Riley, Perry",LB,0009,Bear Dunn,2.0,1,6,,24.37,0,0,,0
2014,9929,"Riley, Perry",LB,0001,Ryan Bousquet,3.0,2,7,23.64,24.0,0,1,0009,0
2014,9929,"Riley, Perry",LB,0001,Ryan Bousquet,3.0,3,7,0.0,0.0,0,0,,1
2014,9936,"Graham, Garrett",TE,0009,Bear Dunn,5.0,1,8,,24.06,0,0,,0
2014,9936,"Graham, Garrett",TE,0001,Ryan Bousquet,2.0,2,10,21.54,21.6,1,0,,0
2014,9936,"Graham, Garrett",TE,0001,Ryan Bousquet,4.0,3,12,22.16,19.76,1,0,,0
2014,9936,"Graham, Garrett",TE,0009,Bear Dunn,4.0,4,8,4.24,0.0,0,0,,1
2014,9964,"Cooper, Riley",WR,0004,Brian Cutting,8.0,1,7,,24.04,0,0,,0
2014,9964,"Cooper, Riley",WR,0006,Steve Bousquet,4.0,2,7,23.57,23.62,1,0,,0
2014,9964,"Cooper, Riley",WR,0008,Keith Creelman,7.0,3,10,20.57,20.18,1,0,,0
2014,9964,"Cooper, Riley",WR,0004,Brian Cutting,9.0,4,14,20.77,16.95,0,0,,0
2014,9964,"Cooper, Riley",WR,0011,Eric Mannila,8.0,5,17,20.87,13.83,1,0,,0
2014,9964,"Cooper, Riley",WR,0011,Eric Mannila,9.0,6,17,23.54,13.36,0,1,0004,0
2014,9964,"Cooper, Riley",WR,0004,Brian Cutting,9.0,7,7,10.64,0.0,0,1,0011,1
2014,9987,"Starks, James",RB,0003,Kris Lake,2.0,1,13,,24.27,0,0,,0
2014,9987,"Starks, James",RB,0003,Kris Lake,1.0,2,13,0.0,0.0,0,0,,1
2015,10074,"Church, Barry",S,0011,Eric Mannila,1.0,1,4,,24.78,0,0,,0
2015,10074,"Church, Barry",S,0011,Eric Mannila,1.0,2,5,0.0,0.0,0,0,,1
2015,10077,"Ivory, Chris",RB,0002,Derrick Whitman,5.0,1,8,,29.5,0,0,,0
2015,10077,"Ivory, Chris",RB,0006,Steve Bousquet,4.0,2,8,23.93,29.43,1,0,,0
2015,10077,"Ivory, Chris",RB,0006,Steve Bousquet,5.0,3,8,24.0,29.42,0,1,0002,0
2015,10077,"Ivory, Chris",RB,0006,Steve Bousquet,6.0,4,8,24.0,29.42,0,0,,0
2015,10077,"Ivory, Chris",RB,0006,Steve Bousquet,9.0,5,8,23.86,29.28,0,0,,0
2015,10077,"Ivory, Chris",RB,0008,Keith Creelman,18.0,6,8,23.99,29.27,0,1,0006,0
2015,10077,"Ivory, Chris",RB,0010,Shawn Blake,12.0,7,8,23.79,29.06,1,0,,0
2015,10077,"Ivory, Chris",RB,0010,Shawn Blake,13.0,8,8,23.77,28.84,1,0,,0
2015,10077,"Ivory, Chris",RB,0003,Kris Lake,15.0,9,9,23.64,28.48,1,0,,0
2015,10077,"Ivory, Chris",RB,0003,Kris Lake,17.0,10,9,23.94,28.42,1,0,,0
2015,10077,"Ivory, Chris",RB,0003,Kris Lake,18.0,11,9,23.99,28.41,0,1,0008,0
2015,10077,"Ivory, Chris",RB,0008,Keith Creelman,22.0,12,12,21.14,25.55,0,1,0003,0
2015,10077,"Ivory, Chris",RB,0006,Steve Bousquet,22.0,13,13,22.51,24.06,0,1,0008,0
2015,10077,"Ivory, Chris",RB,0006,Steve Bousquet,25.0,14,13,23.99,24.06,0,0,,0
2015,10077,"Ivory, Chris",RB,0003,Kris Lake,24.0,15,9,3.98,4.04,1,0,,0
2015,10077,"Ivory, Chris",RB,0003,Kris Lake,25.0,16,13,20.15,0.19,0,1,0006,0
2015,10077,"Ivory, Chris",RB,0006,Steve Bousquet,25.0,17,13,23.81,0.0,0,1,0003,1
2015,10265,"Dareus, Marcell",DT,0002,Derrick Whitman,2.0,1,0,,24.01,0,0,,0
2015,10265,"Dareus, Marcell",DT,0002,Derrick Whitman,1.0,2,0,0.0,0.0,0,0,,1
2015,10267,"Miller, Von",LB,0011,Eric Mannila,1.0,1,6,,39.61,0,0,,0
2015,10267,"Miller, Von",LB,0004,Brian Cutting,2.0,2,9,21.24,36.85,0,1,0011,0
2015,10267,"Miller, Von",LB,0009,Bear Dunn,4.0,3,22,11.4,24.25,0,1,0004,0
2015,10267,"Miller, Von",LB,0001,Ryan Bousquet,4.0,4,0,21.45,21.7,0,1,0009,0
2015,10267,"Miller, Von",LB,0009,Bear Dunn,5.0,5,8,16.79,14.49,0,1,0001,0
2015,10267,"Miller, Von",LB,0009,Bear Dunn,4.0,6,22,9.51,0.0,0,0,,1
2015,10280,"Kerrigan, Ryan",LB,0002,Derrick Whitman,1.0,1,7,,24.01,0,0,,0
2015,10280,"Kerrigan, Ryan",LB,0002,Derrick Whitman,4.0,2,7,23.98,23.99,0,0,,0
2015,10280,"Kerrigan, Ryan",LB,0011,Eric Mannila,2.0,3,7,23.92,23.91,1,0,,0
2015,10280,"Kerrigan, Ryan",LB,0001,Ryan Bousquet,3.0,4,9,22.5,22.41,1,0,,0
2015,10280,"Kerrigan, Ryan",LB,0001,Ryan Bousquet,4.0,5,9,23.95,22.36,0,1,0002,0
2015,10280,"Kerrigan, Ryan",LB,0002,Derrick Whitman,5.0,6,17,15.82,14.18,0,1,0001,0
2015,10280,"Kerrigan, Ryan",LB,0002,Derrick Whitman,4.0,7,7,9.82,0.0,0,0,,1
2015,10289,"Smith, Torrey",WR,0011,Eric Mannila,1.0,1,6,,33.73,0,0,,0
2015,10289,"Smith, Torrey",WR,0010,Shawn Blake,3.0,2,10,19.19,28.92,0,1,0011,0
2015,10289,"Smith, Torrey",WR,0011,Eric Mannila,3.0,3,11,23.24,28.16,0,1,0010,0
2015,10289,"Smith, Torrey",WR,0011,Eric Mannila,4.0,4,13,22.7,26.86,0,0,,0
2015,10289,"Smith, Torrey",WR,0012,Chris Klingenberg,10.0,5,15,21.14,24.0,0,1,0011,0
2015,10289,"Smith, Torrey",WR,0010,Shawn Blake,6.0,6,6,9.6,9.6,1,0,,0
2015,10289,"Smith, Torrey",WR,0010,Shawn Blake,9.0,7,9,20.88,6.48,1,0,,0
2015,10289,"Smith, Torrey",WR,0012,Chris Klingenberg,9.0,8,15,17.52,0.0,0,0,,1
2015,10292,"Jordan, Cameron",DE,0010,Shawn Blake,1.0,1,6,,24.2,0,0,,0
2015,10292,"Jordan, Cameron",DE,0010,Shawn Blake,1.0,2,6,0.0,0.0,0,0,,1
2015,10301,"Todman, Jordan",RB,0009,Bear Dunn,3.0,1,7,,24.36,0,0,,0
2015,10301,"Todman, Jordan",RB,0009,Bear Dunn,1.0,2,8,0.0,0.0,0,0,,1
2015,10303,"Vereen, Shane",RB,0012,Chris Klingenberg,1.0,1,0,,73.13,0,0,,0
2015,10303,"Vereen, Shane",RB,0006,Steve Bousquet,7.0,2,0,23.95,73.08,0,1,0012,0
2015,10303,"Vereen, Shane",RB,0001,Ryan Bousquet,8.0,3,0,23.95,73.03,0,1,0006,0
2015,10303,"Vereen, Shane",RB,0006,Steve Bousquet,12.0,4,0,23.96,72.99,0,1,0001,0
2015,10303,"Vereen, Shane",RB,0001,Ryan Bousquet,11.0,5,0,23.74,72.74,1,0,,0
2015,10303,"Vereen, Shane",RB,0004,Brian Cutting,13.0,6,4,20.14,68.88,0,1,0006,0
2015,10303,"Vereen, Shane",RB,0010,Shawn Blake,18.0,7,6,22.55,67.43,0,1,0004,0
2015,10303,"Vereen, Shane",RB,0006,Steve Bousquet,15.0,8,8,21.88,65.31,1,0,,0
2015,10303,"Vereen, Shane",RB,0006,Steve Bousquet,16.0,9,8,23.95,65.26,1,0,,0
2015,10303,"Vereen, Shane",RB,0005,Kyle Creelman,19.0,10,9,22.65,63.91,0,1,0010,0
2015,10303,"Vereen, Shane",RB,0010,Shawn Blake,21.0,11,9,23.92,63.84,0,1,0005,0
2015,10303,"Vereen, Shane",RB,0005,Kyle Creelman,21.0,12,10,23.69,63.53,0,1,0010,0
2015,10303,"Vereen, Shane",RB,0005,Kyle Creelman,24.0,13,0,9.94,49.48,0,0,,0
2015,10303,"Vereen, Shane",RB,0003,Kris Lake,23.0,14,9,15.0,40.48,1,0,,0
2015,10303,"Vereen, Shane",RB,0003,Kris Lake,25.0,15,9,23.98,40.46,0,1,0005,0
2015,10303,"Vereen, Shane",RB,0006,Steve Bousquet,26.0,16,9,23.35,39.81,0,1,0003,0
2015,10303,"Vereen, Shane",RB,0005,Kyle Creelman,29.0,17,1,8.51,24.32,0,1,0006,0
2015,10303,"Vereen, Shane",RB,0008,Keith Creelman,28.0,18,13,11.57,11.89,1,0,,0
2015,10303,"Vereen, Shane",RB,0005,Kyle Creelman,30.0,19,14,23.65,11.54,0,0,,0
2015,10303,"Vereen, Shane",RB,0006,Steve Bousquet,29.0,20,15,22.63,10.17,1,0,,0
2015,10303,"Vereen, Shane",RB,0005,Kyle Creelman,29.0,21,1,13.83,0.0,0,0,,1
2015,10307,"Hankerson, Leonard",WR,0005,Kyle Creelman,1.0,1,0,,29.44,0,0,,0
2015,10307,"Hankerson, Leonard",WR,0005,Kyle Creelman,1.0,2,5,0.0,0.0,0,0,,1
2015,10313,"Dalton, Andy",QB,0008,Keith Creelman,3.0,1,6,,24.02,0,0,,0
2015,10313,"Dalton, Andy",QB,0010,Shawn Blake,2.0,2,7,23.12,23.14,1,0,,0
2015,10313,"Dalton, Andy",QB,0010,Shawn Blake,3.0,3,16,14.66,13.8,0,1,0008,0
2015,10313,"Dalton, Andy",QB,0008,Keith Creelman,5.0,4,18,22.44,12.25,0,1,0010,0
2015,10313,"Dalton, Andy",QB,0008,Keith Creelman,3.0,5,6,11.75,0.0,0,0,,1
2015,10334,"Ridley, Stevan",RB,0008,Keith Creelman,3.0,1,0,,33.37,0,0,,0
2015,10334,"Ridley, Stevan",RB,0001,Ryan Bousquet,2.0,2,0,23.74,33.11,1,0,,0
2015,10334,"Ridley, Stevan",RB,0004,Brian Cutting,3.0,3,7,17.04,26.15,0,1,0008,0
2015,10334,"Ridley, Stevan",RB,0004,Brian Cutting,4.0,4,7,23.99,26.14,0,0,,0
2015,10334,"Ridley, Stevan",RB,0003,Kris Lake,5.0,5,9,21.87,24.01,0,1,0004,0
2015,10334,"Ridley, Stevan",RB,0003,Kris Lake,5.0,6,9,0.0,0.0,0,0,,1
2015,10350,"Wright, K.J.",LB,0003,Kris Lake,1.0,1,21,,24.16,0,0,,0
2015,10350,"Wright, K.J.",LB,0003,Kris Lake,1.0,2,21,0.0,0.0,0,0,,1
2015,10355,"Helu, Roy",RB,0007,Josh Martel,10.0,1,11,,24.05,0,0,,0
2015,10355,"Helu, Roy",RB,0006,Steve Bousquet,4.0,2,11,23.94,23.99,1,0,,0
2015,10355,"Helu, Roy",RB,0002,Derrick Whitman,6.0,3,11,23.83,23.82,1,0,,0
2015,10355,"Helu, Roy",RB,0002,Derrick Whitman,8.0,4,11,23.99,23.82,1,0,,0
2015,10355,"Helu, Roy",RB,0007,Josh Martel,14.0,5,12,23.98,23.79,0,0,,0
2015,10355,"Helu, Roy",RB,0008,Keith Creelman,9.0,6,12,23.98,23.78,1,0,,0
2015,10355,"Helu, Roy",RB,0002,Derrick Whitman,10.0,7,12,23.23,23.01,1,0,,0
2015,10355,"Helu, Roy",RB,0002,Derrick Whitman,11.0,8,12,23.97,22.97,1,0,,0
2015,10355,"Helu, Roy",RB,0002,Derrick Whitman,12.0,9,18,18.37,17.34,1,0,,0
2015,10355,"Helu, Roy",RB,0007,Josh Martel,12.0,10,11,6.66,0.0,0,0,,1
2015,10362,"Shorts, Cecil",WR,0008,Keith Creelman,3.0,1,6,,24.04,0,0,,0
2015,10362,"Shorts, Cecil",WR,0005,Kyle Creelman,2.0,2,20,9.76,9.79,1,0,,0
2015,10362,"Shorts, Cecil",WR,0005,Kyle Creelman,3.0,3,22,21.96,7.75,0,1,0008,0
2015,10362,"Shorts, Cecil",WR,0008,Keith Creelman,3.0,4,6,16.25,0.0,0,1,0005,1
2015,10369,"Powell, Bilal",RB,0009,Bear Dunn,3.0,1,13,,24.08,0,0,,0
2015,10369,"Powell, Bilal",RB,0009,Bear Dunn,1.0,2,13,0.0,0.0,0,0,,1
2015,10402,"McPhee, Pernell",LB,0011,Eric Mannila,1.0,1,6,,24.03,0,0,,0
2015,10402,"McPhee, Pernell",LB,0011,Eric Mannila,1.0,2,6,0.0,0.0,0,0,,1
2015,10409,"Clay, Charles",TE,0009,Bear Dunn,4.0,1,6,,50.3,0,0,,0
2015,10409,"Clay, Charles",TE,0003,Kris Lake,2.0,2,12,18.47,44.77,1,0,,0
2015,10409,"Clay, Charles",TE,0004,Brian Cutting,3.0,3,17,18.46,39.23,1,0,,0
2015,10409,"Clay, Charles",TE,0001,Ryan Bousquet,4.0,4,21,20.0,35.23,0,1,0009,0
2015,10409,"Clay, Charles",TE,0003,Kris Lake,5.0,5,9,12.77,24.01,0,1,0001,0
2015,10409,"Clay, Charles",TE,0003,Kris Lake,5.0,6,9,0.0,0.0,0,0,,1
2015,10423,"Bosher, Matt",PN,0008,Keith Creelman,1.0,1,6,,24.69,0,0,,0
2015,10423,"Bosher, Matt",PN,0008,Keith Creelman,1.0,2,7,0.0,0.0,0,0,,1
2015,10432,"Green, Virgil",TE,0009,Bear Dunn,4.0,1,7,,24.14,0,0,,0
2015,10432,"Green, Virgil",TE,0001,Ryan Bousquet,2.0,2,7,23.98,24.13,1,0,,0
2015,10432,"Green, Virgil",TE,0009,Bear Dunn,2.0,3,7,0.0,0.0,0,0,,1
2015,10500,"Pryor, Terrelle",WR,0008,Keith Creelman,1.0,1,1,,25.91,0,0,,0
2015,10500,"Pryor, Terrelle",WR,0008,Keith Creelman,4.0,2,1,23.99,25.9,0,0,,0
2015,10500,"Pryor, Terrelle",WR,0001,Ryan Bousquet,2.0,3,1,23.9,25.8,1,0,,0
2015,10500,"Pryor, Terrelle",WR,0008,Keith Creelman,2.0,4,3,0.0,0.0,0,0,,1
2015,10506,"Bailey, Dan",PK,0011,Eric Mannila,1.0,1,21,,24.71,0,0,,0
2015,10506,"Bailey, Dan",PK,0009,Bear Dunn,2.0,2,21,23.47,24.18,0,1,0011,0
2015,10506,"Bailey, Dan",PK,0011,Eric Mannila,4.0,3,22,23.84,24.02,0,1,0009,0
2015,10506,"Bailey, Dan",PK,0011,Eric Mannila,3.0,4,22,0.0,0.0,0,0,,1
2015,10651,"Aiken, Kamar",WR,0003,Kris Lake,3.0,1,9,,24.17,0,0,,0
2015,10651,"Aiken, Kamar",WR,0008,Keith Creelman,2.0,2,14,19.2,19.37,1,0,,0
2015,10651,"Aiken, Kamar",WR,0008,Keith Creelman,3.0,3,14,24.0,19.37,0,1,0003,0
2015,10651,"Aiken, Kamar",WR,0003,Kris Lake,3.0,4,9,4.63,0.0,0,1,0008,1
2015,10696,"Griffin III, Robert",QB,0004,Brian Cutting,1.0,1,5,,38.41,0,0,,0
2015,10696,"Griffin III, Robert",QB,0003,Kris Lake,2.0,2,9,20.04,34.45,0,1,0004,0
2015,10696,"Griffin III, Robert",QB,0011,Eric Mannila,3.0,3,19,13.56,24.02,0,1,0003,0
2015,10696,"Griffin III, Robert",QB,0011,Eric Mannila,3.0,4,19,0.0,0.0,0,0,,1
2015,10699,"Foles, Nick",QB,0004,Brian Cutting,3.0,1,5,,24.0,0,0,,0
2015,10699,"Foles, Nick",QB,0004,Brian Cutting,1.0,2,5,0.0,0.0,0,0,,1
2015,10706,"Richardson, Trent",RB,0003,Kris Lake,1.0,1,21,,27.11,0,0,,0
2015,10706,"Richardson, Trent",RB,0002,Derrick Whitman,3.0,2,0,20.9,24.01,0,1,0003,0
2015,10706,"Richardson, Trent",RB,0003,Kris Lake,3.0,3,9,15.27,15.28,0,1,0002,0
2015,10706,"Richardson, Trent",RB,0002,Derrick Whitman,4.0,4,11,21.11,12.39,0,1,0003,0
2015,10706,"Richardson, Trent",RB,0002,Derrick Whitman,3.0,5,0,11.61,0.0,0,0,,1
2015,10708,"Miller, Lamar",RB,0002,Derrick Whitman,10.0,1,7,,33.69,0,0,,0
2015,10708,"Miller, Lamar",RB,0011,Eric Mannila,5.0,2,8,23.58,33.27,1,0,,0
2015,10708,"Miller, Lamar",RB,0004,Brian Cutting,10.0,3,8,23.62,32.88,0,1,0002,0
2015,10708,"Miller, Lamar",RB,0004,Brian Cutting,18.0,4,8,23.99,32.88,0,0,,0
2015,10708,"Miller, Lamar",RB,0004,Brian Cutting,20.0,5,9,23.03,31.9,0,0,,0
2015,10708,"Miller, Lamar",RB,0006,Steve Bousquet,25.0,6,9,23.94,31.84,0,1,0004,0
2015,10708,"Miller, Lamar",RB,0004,Brian Cutting,25.0,7,9,23.73,31.58,0,1,0006,0
2015,10708,"Miller, Lamar",RB,0004,Brian Cutting,30.0,8,9,23.99,31.57,0,0,,0
2015,10708,"Miller, Lamar",RB,0006,Steve Bousquet,27.0,9,9,23.89,31.46,1,0,,0
2015,10708,"Miller, Lamar",RB,0008,Keith Creelman,35.0,10,10,23.37,30.83,0,1,0004,0
2015,10708,"Miller, Lamar",RB,0004,Brian Cutting,35.0,11,11,23.52,30.35,0,1,0008,0
2015,10708,"Miller, Lamar",RB,0004,Brian Cutting,37.0,12,11,23.99,30.35,0,0,,0
2015,10708,"Miller, Lamar",RB,0004,Brian Cutting,40.0,13,13,21.77,28.12,0,0,,0
2015,10708,"Miller, Lamar",RB,0007,Josh Martel,40.0,14,16,20.8,24.91,0,1,0004,0
2015,10708,"Miller, Lamar",RB,0004,Brian Cutting,41.0,15,16,23.94,24.85,0,1,0007,0
2015,10708,"Miller, Lamar",RB,0008,Keith Creelman,45.0,16,17,23.15,24.0,0,1,0004,0
2015,10708,"Miller, Lamar",RB,0008,Keith Creelman,46.0,17,17,24.0,24.0,0,0,,0
2015,10708,"Miller, Lamar",RB,0004,Brian Cutting,43.0,18,5,12.37,12.37,1,0,,0
2015,10708,"Miller, Lamar",RB,0004,Brian Cutting,45.0,19,5,23.92,12.29,1,0,,0
2015,10708,"Miller, Lamar",RB,0004,Brian Cutting,46.0,20,11,17.8,6.09,0,1,0008,0
2015,10708,"Miller, Lamar",RB,0008,Keith Creelman,49.0,21,11,23.44,5.52,0,1,0004,0
2015,10708,"Miller, Lamar",RB,0008,Keith Creelman,46.0,22,17,18.48,0.0,0,0,,1
2015,10709,"Martin, Doug",RB,0002,Derrick Whitman,4.0,1,0,,31.94,0,0,,0
2015,10709,"Martin, Doug",RB,0008,Keith Creelman,4.0,2,3,21.66,29.59,0,1,0002,0
2015,10709,"Martin, Doug",RB,0004,Brian Cutting,5.0,3,4,22.33,27.93,0,1,0008,0
2015,10709,"Martin, Doug",RB,0006,Steve Bousquet,10.0,4,6,22.49,26.41,0,1,0004,0
2015,10709,"Martin, Doug",RB,0004,Brian Cutting,8.0,5,6,23.61,26.02,1,0,,0
2015,10709,"Martin, Doug",RB,0010,Shawn Blake,10.0,6,7,23.59,25.61,0,1,0006,0
2015,10709,"Martin, Doug",RB,0006,Steve Bousquet,14.0,7,7,23.68,25.3,0,1,0010,0
2015,10709,"Martin, Doug",RB,0010,Shawn Blake,14.0,8,7,23.58,24.87,0,1,0006,0
2015,10709,"Martin, Doug",RB,0004,Brian Cutting,15.0,9,8,23.9,24.77,0,1,0010,0
2015,10709,"Martin, Doug",RB,0006,Steve Bousquet,18.0,10,8,23.98,24.74,0,1,0004,0
2015,10709,"Martin, Doug",RB,0009,Bear Dunn,27.0,11,8,23.81,24.55,0,1,0006,0
2015,10709,"Martin, Doug",RB,0006,Steve Bousquet,20.0,12,8,23.97,24.52,1,0,,0
2015,10709,"Martin, Doug",RB,0006,Steve Bousquet,21.0,13,8,24.0,24.52,1,0,,0
2015,10709,"Martin, Doug",RB,0006,Steve Bousquet,25.0,14,8,23.99,24.51,1,0,,0
2015,10709,"Martin, Doug",RB,0006,Steve Bousquet,27.0,15,8,23.98,24.49,0,1,0009,0
2015,10709,"Martin, Doug",RB,0006,Steve Bousquet,28.0,16,8,24.0,24.49,0,0,,0
2015,10709,"Martin, Doug",RB,0006,Steve Bousquet,30.0,17,8,23.95,24.44,0,0,,0
2015,10709,"Martin, Doug",RB,0009,Bear Dunn,37.0,18,8,23.58,24.02,0,1,0006,0
2015,10709,"Martin, Doug",RB,0003,Kris Lake,32.0,19,9,23.74,23.76,1,0,,0
2015,10709,"Martin, Doug",RB,0003,Kris Lake,33.0,20,9,23.98,23.75,1,0,,0
2015,10709,"Martin, Doug",RB,0003,Kris Lake,35.0,21,9,23.99,23.74,1,0,,0
2015,10709,"Martin, Doug",RB,0003,Kris Lake,36.0,22,9,23.99,23.73,1,0,,0
2015,10709,"Martin, Doug",RB,0003,Kris Lake,37.0,23,9,23.99,23.72,0,1,0009,0
2015,10709,"Martin, Doug",RB,0009,Bear Dunn,37.0,24,8,0.28,0.0,0,1,0003,1
2015,10710,"Polk, Chris",RB,0001,Ryan Bousquet,4.0,1,0,,24.01,0,0,,0
2015,10710,"Polk, Chris",RB,0008,Keith Creelman,3.0,2,4,19.87,19.87,1,0,,0
2015,10710,"Polk, Chris",RB,0008,Keith Creelman,4.0,3,4,24.0,19.87,0,1,0001,0
2015,10710,"Polk, Chris",RB,0001,Ryan Bousquet,4.0,4,0,4.13,0.0,0,1,0008,1
2015,10714,"Turbin, Robert",RB,0011,Eric Mannila,1.0,1,11,,24.13,0,0,,0
2015,10714,"Turbin, Robert",RB,0006,Steve Bousquet,4.0,2,11,23.98,24.11,0,1,0011,0
2015,10714,"Turbin, Robert",RB,0006,Steve Bousquet,2.0,3,12,0.0,0.0,0,0,,1
2015,10721,"Floyd, Michael",WR,0010,Shawn Blake,10.0,1,6,,24.1,0,0,,0
2015,10721,"Floyd, Michael",WR,0006,Steve Bousquet,2.0,2,7,22.28,22.38,1,0,,0
2015,10721,"Floyd, Michael",WR,0003,Kris Lake,3.0,3,9,22.91,21.29,1,0,,0
2015,10721,"Floyd, Michael",WR,0003,Kris Lake,5.0,4,9,23.98,21.27,1,0,,0
2015,10721,"Floyd, Michael",WR,0003,Kris Lake,7.0,5,9,23.99,21.26,1,0,,0
2015,10721,"Floyd, Michael",WR,0003,Kris Lake,8.0,6,9,23.99,21.25,1,0,,0
2015,10721,"Floyd, Michael",WR,0003,Kris Lake,10.0,7,9,23.98,21.23,0,1,0010,0
2015,10721,"Floyd, Michael",WR,0010,Shawn Blake,10.0,8,6,2.77,0.0,0,1,0003,1
2015,10725,"Randle, Rueben",WR,0005,Kyle Creelman,1.0,1,0,,47.94,0,0,,0
2015,10725,"Randle, Rueben",WR,0002,Derrick Whitman,3.0,2,11,12.84,36.77,0,1,0005,0
2015,10725,"Randle, Rueben",WR,0001,Ryan Bousquet,4.0,3,17,17.61,30.39,0,1,0002,0
2015,10725,"Randle, Rueben",WR,0002,Derrick Whitman,5.0,4,18,23.16,29.55,0,1,0001,0
2015,10725,"Randle, Rueben",WR,0012,Chris Klingenberg,10.0,5,23,18.57,24.12,0,1,0002,0
2015,10725,"Randle, Rueben",WR,0012,Chris Klingenberg,6.0,6,23,0.0,0.0,0,0,,1
2015,10731,"Toon, Nick",WR,0006,Steve Bousquet,4.0,1,0,,24.6,0,0,,0
2015,10731,"Toon, Nick",WR,0010,Shawn Blake,2.0,2,11,13.2,13.8,1,0,,0
2015,10731,"Toon, Nick",WR,0006,Steve Bousquet,2.0,3,1,10.2,0.0,0,0,,1
2015,10736,"Givens, Chris",WR,0003,Kris Lake,3.0,1,11,,24.08,0,0,,0
2015,10736,"Givens, Chris",WR,0003,Kris Lake,1.0,2,11,0.0,0.0,0,0,,1
2015,10742,"Allen, Dwayne",TE,0008,Keith Creelman,1.0,1,0,,65.31,0,0,,0
2015,10742,"Allen, Dwayne",TE,0012,Chris Klingenberg,5.0,2,0,23.83,65.15,0,1,0008,0
2015,10742,"Allen, Dwayne",TE,0001,Ryan Bousquet,4.0,3,0,23.6,64.75,1,0,,0
2015,10742,"Allen, Dwayne",TE,0010,Shawn Blake,5.0,4,6,18.23,58.98,0,1,0012,0
2015,10742,"Allen, Dwayne",TE,0001,Ryan Bousquet,6.0,5,16,13.48,48.46,0,1,0010,0
2015,10742,"Allen, Dwayne",TE,0006,Steve Bousquet,8.0,6,21,19.81,44.27,0,1,0001,0
2015,10742,"Allen, Dwayne",TE,0010,Shawn Blake,8.0,7,21,23.57,43.84,0,1,0006,0
2015,10742,"Allen, Dwayne",TE,0012,Chris Klingenberg,10.0,8,16,4.84,24.68,0,1,0010,0
2015,10742,"Allen, Dwayne",TE,0006,Steve Bousquet,10.0,9,17,23.54,24.21,0,1,0012,0
2015,10742,"Allen, Dwayne",TE,0006,Steve Bousquet,12.0,10,17,23.87,24.08,0,0,,0
2015,10742,"Allen, Dwayne",TE,0006,Steve Bousquet,11.0,11,17,0.0,0.0,0,0,,1
2015,10769,"Robinson, Keenan",LB,0008,Keith Creelman,1.0,1,0,,24.06,0,0,,0
2015,10769,"Robinson, Keenan",LB,0008,Keith Creelman,1.0,2,0,0.0,0.0,0,0,,1
2015,10773,"Kuechly, Luke",LB,0001,Ryan Bousquet,10.0,1,12,,46.95,0,0,,0
2015,10773,"Kuechly, Luke",LB,0002,Derrick Whitman,5.0,2,13,23.36,46.31,1,0,,0
2015,10773,"Kuechly, Luke",LB,0004,Brian Cutting,7.0,3,13,23.86,46.17,1,0,,0
2015,10773,"Kuechly, Luke",LB,0002,Derrick Whitman,8.0,4,15,21.71,43.88,1,0,,0
2015,10773,"Kuechly, Luke",LB,0004,Brian Cutting,9.0,5,16,22.79,42.67,1,0,,0
2015,10773,"Kuechly, Luke",LB,0012,Chris Klingenberg,10.0,6,23,17.32,35.99,0,1,0001,0
2015,10773,"Kuechly, Luke",LB,0004,Brian Cutting,11.0,7,11,12.03,24.01,0,1,0012,0
2015,10773,"Kuechly, Luke",LB,0004,Brian Cutting,12.0,8,11,23.98,23.99,0,0,,0
2015,10773,"Kuechly, Luke",LB,0001,Ryan Bousquet,12.0,9,0,10.86,10.85,0,1,0004,0
2015,10773,"Kuechly, Luke",LB,0004,Brian Cutting,12.0,10,11,13.15,0.0,0,1,0001,1
2015,10774,"Hightower, Dont'a",LB,0003,Kris Lake,1.0,1,21,,24.18,0,0,,0
2015,10774,"Hightower, Dont'a",LB,0003,Kris Lake,1.0,2,21,0.0,0.0,0,0,,1
2015,10812,"Hillman, Ronnie",RB,0012,Chris Klingenberg,1.0,1,23,,40.35,0,0,,0
2015,10812,"Hillman, Ronnie",RB,0005,Kyle Creelman,2.0,2,8,14.66,31.01,0,1,0012,0
2015,10812,"Hillman, Ronnie",RB,0001,Ryan Bousquet,4.0,3,13,19.71,26.72,0,1,0005,0
2015,10812,"Hillman, Ronnie",RB,0012,Chris Klingenberg,5.0,4,15,21.28,24.0,0,1,0001,0
2015,10812,"Hillman, Ronnie",RB,0012,Chris Klingenberg,5.0,5,15,0.0,0.0,0,0,,1
2015,10816,"Davis, Demario",LB,0005,Kyle Creelman,2.0,1,12,,28.85,0,0,,0
2015,10816,"Davis, Demario",LB,0001,Ryan Bousquet,4.0,2,16,19.4,24.25,0,1,0005,0
2015,10816,"Davis, Demario",LB,0001,Ryan Bousquet,3.0,3,17,0.0,0.0,0,0,,1
2015,10827,"Bradham, Nigel",LB,0001,Ryan Bousquet,4.0,1,0,,24.05,0,0,,0
2015,10827,"Bradham, Nigel",LB,0001,Ryan Bousquet,1.0,2,0,0.0,0.0,0,0,,1
2015,10850,"Marshall, Brandon",LB,0005,Kyle Creelman,2.0,1,8,,24.0,0,0,,0
2015,10850,"Marshall, Brandon",LB,0005,Kyle Creelman,1.0,2,8,0.0,0.0,0,0,,1
2015,10868,"Zuerlein, Greg",PK,0004,Brian Cutting,1.0,1,9,,24.03,0,0,,0
2015,10868,"Zuerlein, Greg",PK,0004,Brian Cutting,1.0,2,9,0.0,0.0,0,0,,1
2015,10881,"Herron, Dan",RB,0008,Keith Creelman,3.0,1,0,,24.09,0,0,,0
2015,10881,"Herron, Dan",RB,0005,Kyle Creelman,3.0,2,0,23.92,24.01,0,1,0008,0
2015,10881,"Herron, Dan",RB,0005,Kyle Creelman,4.0,3,0,23.99,24.0,0,0,,0
2015,10881,"Herron, Dan",RB,0005,Kyle Creelman,4.0,4,0,0.0,0.0,0,0,,1
2015,10932,"Bolden, Brandon",RB,0006,Steve Bousquet,1.0,1,8,,24.01,0,0,,0
2015,10932,"Bolden, Brandon",RB,0006,Steve Bousquet,4.0,2,8,23.87,23.88,0,0,,0
2015,10932,"Bolden, Brandon",RB,0006,Steve Bousquet,1.0,3,8,0.12,0.0,0,0,,1
2015,10945,"Hekker, Johnny",PN,0007,Josh Martel,1.0,1,0,,24.02,0,0,,0
2015,10945,"Hekker, Johnny",PN,0007,Josh Martel,1.0,2,0,0.0,0.0,0,0,,1
2015,10973,"Beasley, Cole",WR,0008,Keith Creelman,6.0,1,0,,45.57,0,0,,0
2015,10973,"Beasley, Cole",WR,0001,Ryan Bousquet,2.0,2,0,23.4,44.97,1,0,,0
2015,10973,"Beasley, Cole",WR,0004,Brian Cutting,3.0,3,5,18.67,39.64,1,0,,0
2015,10973,"Beasley, Cole",WR,0010,Shawn Blake,5.0,4,7,22.69,38.33,1,0,,0
2015,10973,"Beasley, Cole",WR,0010,Shawn Blake,6.0,5,9,21.91,36.24,0,1,0008,0
2015,10973,"Beasley, Cole",WR,0010,Shawn Blake,7.0,6,21,11.87,24.11,0,0,,0
2015,10973,"Beasley, Cole",WR,0010,Shawn Blake,7.0,7,21,0.0,0.0,0,0,,1
2015,10997,"Butler, Drew",PN,0010,Shawn Blake,1.0,1,6,,24.03,0,0,,0
2015,10997,"Butler, Drew",PN,0010,Shawn Blake,1.0,2,6,0.0,0.0,0,0,,1
2015,10998,"Asiata, Matt",RB,0006,Steve Bousquet,2.0,1,1,,24.0,0,0,,0
2015,10998,"Asiata, Matt",RB,0006,Steve Bousquet,1.0,2,1,0.0,0.0,0,0,,1
2015,11188,"Riddick, Theo",RB,0004,Brian Cutting,5.0,1,4,,31.79,0,0,,0
2015,11188,"Riddick, Theo",RB,0009,Bear Dunn,4.0,2,6,21.76,29.55,1,0,,0
2015,11188,"Riddick, Theo",RB,0009,Bear Dunn,5.0,3,6,23.98,29.53,0,1,0004,0
2015,11188,"Riddick, Theo",RB,0006,Steve Bousquet,6.0,4,8,22.73,28.26,0,1,0009,0
2015,11188,"Riddick, Theo",RB,0004,Brian Cutting,7.0,5,11,20.77,25.04,0,1,0006,0
2015,11188,"Riddick, Theo",RB,0002,Derrick Whitman,8.0,6,12,22.99,24.02,0,1,0004,0
2015,11188,"Riddick, Theo",RB,0002,Derrick Whitman,9.0,7,12,24.0,24.02,0,0,,0
2015,11188,"Riddick, Theo",RB,0002,Derrick Whitman,8.0,8,12,0.0,0.0,0,0,,1
2015,11213,"Austin, Tavon",WR,0002,Derrick Whitman,3.0,1,7,,46.12,0,0,,0
2015,11213,"Austin, Tavon",WR,0011,Eric Mannila,2.0,2,10,21.66,43.78,1,0,,0
2015,11213,"Austin, Tavon",WR,0011,Eric Mannila,3.0,3,10,23.99,43.77,0,1,0002,0
2015,11213,"Austin, Tavon",WR,0002,Derrick Whitman,4.0,4,10,23.36,43.13,0,1,0011,0
2015,11213,"Austin, Tavon",WR,0012,Chris Klingenberg,5.0,5,0,10.31,29.44,0,1,0002,0
2015,11213,"Austin, Tavon",WR,0012,Chris Klingenberg,5.0,6,5,0.0,0.0,0,0,,1
2015,11258,"Rivera, Mychal",TE,0002,Derrick Whitman,2.0,1,7,,46.1,0,0,,0
2015,11258,"Rivera, Mychal",TE,0012,Chris Klingenberg,5.0,2,0,7.35,29.45,0,1,0002,0
2015,11258,"Rivera, Mychal",TE,0012,Chris Klingenberg,3.0,3,5,0.0,0.0,0,0,,1
2015,11305,"Jenkins, Jelani",LB,0009,Bear Dunn,4.0,1,0,,24.08,0,0,,0
2015,11305,"Jenkins, Jelani",LB,0010,Shawn Blake,2.0,2,7,16.59,16.67,1,0,,0
2015,11305,"Jenkins, Jelani",LB,0009,Bear Dunn,2.0,3,0,7.33,0.0,0,0,,1
2015,11308,"Alonso, Kiko",LB,0010,Shawn Blake,1.0,1,18,,24.05,0,0,,0
2015,11308,"Alonso, Kiko",LB,0010,Shawn Blake,4.0,2,18,23.99,24.04,0,0,,0
2015,11308,"Alonso, Kiko",LB,0004,Brian Cutting,2.0,3,20,22.32,22.36,1,0,,0
2015,11308,"Alonso, Kiko",LB,0001,Ryan Bousquet,4.0,4,13,6.99,5.35,0,1,0010,0
2015,11308,"Alonso, Kiko",LB,0010,Shawn Blake,4.0,5,18,18.65,0.0,0,1,0001,1
2015,11313,"Mathieu, Tyrann",S,0007,Josh Martel,3.0,1,7,,24.01,0,0,,0
2015,11313,"Mathieu, Tyrann",S,0004,Brian Cutting,2.0,2,9,22.06,22.06,1,0,,0
2015,11313,"Mathieu, Tyrann",S,0004,Brian Cutting,3.0,3,18,14.81,12.87,0,1,0007,0
2015,11313,"Mathieu, Tyrann",S,0007,Josh Martel,4.0,4,19,23.6,12.47,0,1,0004,0
2015,11313,"Mathieu, Tyrann",S,0006,Steve Bousquet,4.0,5,21,21.57,10.04,0,1,0007,0
2015,11313,"Mathieu, Tyrann",S,0007,Josh Martel,4.0,6,7,13.96,0.0,0,1,0006,1
2015,11345,"King, Marquette",PN,0003,Kris Lake,1.0,1,21,,24.09,0,0,,0
2015,11345,"King, Marquette",PN,0003,Kris Lake,1.0,2,21,0.0,0.0,0,0,,1
2015,11347,"Cyprien, Johnathan",S,0010,Shawn Blake,2.0,1,1,,29.71,0,0,,0
2015,11347,"Cyprien, Johnathan",S,0006,Steve Bousquet,2.0,2,2,23.12,28.83,0,1,0010,0
2015,11347,"Cyprien, Johnathan",S,0011,Eric Mannila,3.0,3,6,19.51,24.33,0,1,0006,0
2015,11347,"Cyprien, Johnathan",S,0011,Eric Mannila,3.0,4,7,0.0,0.0,0,0,,1
2015,11353,"Moore, Sio",LB,0001,Ryan Bousquet,3.0,1,1,,26.74,0,0,,0
2015,11353,"Moore, Sio",LB,0001,Ryan Bousquet,1.0,2,4,0.0,0.0,0,0,,1
2015,11383,"Martin, Sam",PN,0006,Steve Bousquet,1.0,1,0,,24.0,0,0,,0
2015,11383,"Martin, Sam",PN,0006,Steve Bousquet,1.0,2,0,0.0,0.0,0,0,,1
2015,11384,"Sturgis, Caleb",PK,0005,Kyle Creelman,1.0,1,0,,24.14,0,0,,0
2015,11384,"Sturgis, Caleb",PK,0005,Kyle Creelman,1.0,2,0,0.0,0.0,0,0,,1
2015,11457,"Worrilow, Paul",LB,0009,Bear Dunn,4.0,1,6,,24.25,0,0,,0
2015,11457,"Worrilow, Paul",LB,0006,Steve Bousquet,2.0,2,23,7.55,7.8,1,0,,0
2015,11457,"Worrilow, Paul",LB,0006,Steve Bousquet,3.0,3,23,23.97,7.77,1,0,,0
2015,11457,"Worrilow, Paul",LB,0001,Ryan Bousquet,4.0,4,0,22.45,6.22,0,1,0009,0
2015,11457,"Worrilow, Paul",LB,0009,Bear Dunn,4.0,5,7,17.78,0.0,0,1,0001,1
2015,11466,"Robinson, Khiry",RB,0010,Shawn Blake,2.0,1,6,,24.79,0,0,,0
2015,11466,"Robinson, Khiry",RB,0006,Steve Bousquet,4.0,2,6,23.56,24.35,0,1,0010,0
2015,11466,"Robinson, Khiry",RB,0001,Ryan Bousquet,4.0,3,7,23.57,23.92,0,1,0006,0
2015,11466,"Robinson, Khiry",RB,0006,Steve Bousquet,4.0,4,7,0.08,0.0,0,1,0001,1
2015,11481,"Brown, Marlon",WR,0005,Kyle Creelman,1.0,1,0,,24.09,0,0,,0
2015,11481,"Brown, Marlon",WR,0005,Kyle Creelman,1.0,2,0,0.0,0.0,0,0,,1
2015,11521,"Donnell, Larry",TE,0012,Chris Klingenberg,1.0,1,0,,33.56,0,0,,0
2015,11521,"Donnell, Larry",TE,0001,Ryan Bousquet,4.0,2,0,23.65,33.22,0,1,0012,0
2015,11521,"Donnell, Larry",TE,0008,Keith Creelman,4.0,3,4,19.83,29.05,0,1,0001,0
2015,11521,"Donnell, Larry",TE,0008,Keith Creelman,5.0,4,5,23.57,28.62,0,0,,0
2015,11521,"Donnell, Larry",TE,0001,Ryan Bousquet,6.0,5,9,19.42,24.04,0,1,0008,0
2015,11521,"Donnell, Larry",TE,0001,Ryan Bousquet,6.0,6,9,0.0,0.0,0,0,,1
2015,11529,"Hill, Josh",TE,0010,Shawn Blake,4.0,1,6,,88.56,0,0,,0
2015,11529,"Hill, Josh",TE,0008,Keith Creelman,7.0,2,6,23.69,88.25,0,1,0010,0
2015,11529,"Hill, Josh",TE,0010,Shawn Blake,8.0,3,6,23.96,88.21,0,1,0008,0
2015,11529,"Hill, Josh",TE,0008,Keith Creelman,12.0,4,6,23.84,88.06,0,1,0010,0
2015,11529,"Hill, Josh",TE,0010,Shawn Blake,10.0,5,7,23.06,87.11,1,0,,0
2015,11529,"Hill, Josh",TE,0010,Shawn Blake,12.0,6,8,23.48,86.59,0,1,0008,0
2015,11529,"Hill, Josh",TE,0008,Keith Creelman,15.0,7,8,23.47,86.06,0,1,0010,0
2015,11529,"Hill, Josh",TE,0010,Shawn Blake,15.0,8,8,23.82,85.88,0,1,0008,0
2015,11529,"Hill, Josh",TE,0010,Shawn Blake,16.0,9,16,16.25,78.13,0,0,,0
2015,11529,"Hill, Josh",TE,0010,Shawn Blake,17.0,10,16,23.89,78.01,0,0,,0
2015,11529,"Hill, Josh",TE,0008,Keith Creelman,18.0,11,16,23.91,77.92,0,1,0010,0
2015,11529,"Hill, Josh",TE,0003,Kris Lake,19.0,12,13,3.22,57.14,0,1,0008,0
2015,11529,"Hill, Josh",TE,0008,Keith Creelman,21.0,13,13,0.07,33.2,0,1,0003,0
2015,11529,"Hill, Josh",TE,0003,Kris Lake,21.0,14,22,15.0,24.2,0,1,0008,0
2015,11529,"Hill, Josh",TE,0003,Kris Lake,22.0,15,22,23.99,24.19,0,0,,0
2015,11529,"Hill, Josh",TE,0003,Kris Lake,22.0,16,22,0.0,0.0,0,0,,1
2015,11684,"Huff, Josh",WR,0003,Kris Lake,3.0,1,9,,24.21,0,0,,0
2015,11684,"Huff, Josh",WR,0006,Steve Bousquet,4.0,2,9,23.81,24.03,0,1,0003,0
2015,11684,"Huff, Josh",WR,0006,Steve Bousquet,4.0,3,9,0.0,0.0,0,0,,1
2015,11710,"Easley, Dominique",DT,0003,Kris Lake,1.0,1,21,,24.13,0,0,,0
2015,11710,"Easley, Dominique",DT,0003,Kris Lake,1.0,2,21,0.0,0.0,0,0,,1
2015,11740,"Clinton-Dix, Ha Ha",S,0003,Kris Lake,1.0,1,21,,24.23,0,0,,0
2015,11740,"Clinton-Dix, Ha Ha",S,0003,Kris Lake,1.0,2,21,0.0,0.0,0,0,,1
2015,11752,"Matthews, Chris",WR,0010,Shawn Blake,1.0,1,6,,32.32,0,0,,0
2015,11752,"Matthews, Chris",WR,0001,Ryan Bousquet,2.0,2,8,21.98,30.29,0,1,0010,0
2015,11752,"Matthews, Chris",WR,0007,Josh Martel,4.0,3,14,17.92,24.21,0,1,0001,0
2015,11752,"Matthews, Chris",WR,0007,Josh Martel,3.0,4,14,0.0,0.0,0,0,,1
2015,11754,"Coleman, Brandon",WR,0011,Eric Mannila,1.0,1,6,,25.13,0,0,,0
2015,11754,"Coleman, Brandon",WR,0006,Steve Bousquet,4.0,2,7,23.0,24.13,0,1,0011,0
2015,11754,"Coleman, Brandon",WR,0011,Eric Mannila,3.0,3,7,23.99,24.12,1,0,,0
2015,11754,"Coleman, Brandon",WR,0011,Eric Mannila,4.0,4,7,23.99,24.11,0,1,0006,0
2015,11754,"Coleman, Brandon",WR,0011,Eric Mannila,5.0,5,7,23.96,24.08,0,0,,0
2015,11754,"Coleman, Brandon",WR,0011,Eric Mannila,5.0,6,7,0.0,0.0,0,0,,1
2015,11785,"Rodgers, Richard",TE,0006,Steve Bousquet,2.0,1,15,,25.38,0,0,,0
2015,11785,"Rodgers, Richard",TE,0009,Bear Dunn,3.0,2,15,23.5,24.88,0,1,0006,0
2015,11785,"Rodgers, Richard",TE,0006,Steve Bousquet,4.0,3,15,23.63,24.51,0,1,0009,0
2015,11785,"Rodgers, Richard",TE,0006,Steve Bousquet,4.0,4,16,0.0,0.0,0,0,,1
2015,11786,"Gillmore, Crockett",TE,0008,Keith Creelman,2.0,1,1,,25.41,0,0,,0
2015,11786,"Gillmore, Crockett",TE,0008,Keith Creelman,1.0,2,3,0.0,0.0,0,0,,1
2015,11890,"Wilson, Albert",WR,0003,Kris Lake,2.0,1,9,,100.78,0,0,,0
2015,11890,"Wilson, Albert",WR,0003,Kris Lake,3.0,2,22,0.0,63.93,0,0,,0
2015,11890,"Wilson, Albert",WR,0010,Shawn Blake,6.0,3,1,21.08,61.01,0,1,0003,0
2015,11890,"Wilson, Albert",WR,0003,Kris Lake,5.0,4,5,19.39,56.39,1,0,,0
2015,11890,"Wilson, Albert",WR,0003,Kris Lake,6.0,5,21,8.8,41.19,0,1,0010,0
2015,11890,"Wilson, Albert",WR,0003,Kris Lake,7.0,6,21,23.95,41.14,0,0,,0
2015,11890,"Wilson, Albert",WR,0010,Shawn Blake,8.0,7,13,7.17,24.31,0,1,0003,0
2015,11890,"Wilson, Albert",WR,0010,Shawn Blake,8.0,8,14,0.0,0.0,0,0,,1
2015,11925,"Hurns, Allen",WR,0001,Ryan Bousquet,4.0,1,0,,24.05,0,0,,0
2015,11925,"Hurns, Allen",WR,0008,Keith Creelman,2.0,2,6,17.78,17.83,1,0,,0
2015,11925,"Hurns, Allen",WR,0007,Josh Martel,4.0,3,14,16.59,10.42,0,1,0001,0
2015,11925,"Hurns, Allen",WR,0001,Ryan Bousquet,4.0,4,0,13.58,0.0,0,1,0007,1
2015,11937,"Thompson, Juwan",RB,0006,Steve Bousquet,4.0,1,23,,24.14,0,0,,0
2015,11937,"Thompson, Juwan",RB,0006,Steve Bousquet,1.0,2,23,0.0,0.0,0,0,,1
2015,11959,"Leonhardt, Brian",TE,0009,Bear Dunn,1.0,1,16,,0.0,0,0,,0
2015,11966,"Parkey, Cody",PK,0007,Josh Martel,2.0,1,1,,24.26,0,0,,0
2015,11966,"Parkey, Cody",PK,0001,Ryan Bousquet,2.0,2,12,13.14,13.4,0,1,0007,0
2015,11966,"Parkey, Cody",PK,0007,Josh Martel,2.0,3,1,10.6,0.0,0,1,0001,1
2015,11980,"Schmidt, Colton",PN,0011,Eric Mannila,1.0,1,9,,24.02,0,0,,0
2015,11980,"Schmidt, Colton",PN,0011,Eric Mannila,1.0,2,9,0.0,0.0,0,0,,1
2015,12102,"Carter, Duron",WR,0001,Ryan Bousquet,5.0,1,20,,24.06,0,0,,0
2015,12102,"Carter, Duron",WR,0007,Josh Martel,2.0,2,8,11.79,11.85,1,0,,0
2015,12102,"Carter, Duron",WR,0007,Josh Martel,3.0,3,8,23.99,11.84,1,0,,0
2015,12102,"Carter, Duron",WR,0007,Josh Martel,4.0,4,8,23.97,11.81,1,0,,0
2015,12102,"Carter, Duron",WR,0001,Ryan Bousquet,4.0,5,20,12.19,0.0,0,0,,1
2015,12169,"Rawls, Thomas",RB,0010,Shawn Blake,1.0,1,6,,24.03,0,0,,0
2015,12169,"Rawls, Thomas",RB,0010,Shawn Blake,1.0,2,6,0.0,0.0,0,0,,1
2015,12184,"Crowder, Jamison",WR,0010,Shawn Blake,1.0,1,8,,24.2,0,0,,0
2015,12184,"Crowder, Jamison",WR,0010,Shawn Blake,1.0,2,8,0.0,0.0,0,0,,1
2015,12212,"Kroft, Tyler",TE,0011,Eric Mannila,1.0,1,15,,24.45,0,0,,0
2015,12212,"Kroft, Tyler",TE,0011,Eric Mannila,1.0,2,16,0.0,0.0,0,0,,1
2015,12234,"Dupree, Bud",LB,0011,Eric Mannila,2.0,1,9,,24.01,0,0,,0
2015,12234,"Dupree, Bud",LB,0011,Eric Mannila,1.0,2,9,0.0,0.0,0,0,,1
2015,12250,"Collins, Landon",S,0006,Steve Bousquet,2.0,1,9,,53.13,0,0,,0
2015,12250,"Collins, Landon",S,0001,Ryan Bousquet,2.0,2,9,23.52,52.65,0,1,0006,0
2015,12250,"Collins, Landon",S,0007,Josh Martel,3.0,3,10,22.83,51.48,0,1,0001,0
2015,12250,"Collins, Landon",S,0006,Steve Bousquet,4.0,4,15,19.38,46.85,0,1,0007,0
2015,12250,"Collins, Landon",S,0007,Josh Martel,5.0,5,14,1.36,24.21,0,1,0006,0
2015,12250,"Collins, Landon",S,0007,Josh Martel,5.0,6,14,0.0,0.0,0,0,,1
2015,12272,"McKinney, Benardrick",LB,0011,Eric Mannila,1.0,1,9,,24.57,0,0,,0
2015,12272,"McKinney, Benardrick",LB,0011,Eric Mannila,1.0,2,9,0.0,0.0,0,0,,1
2015,12309,"Pruitt, MyCole",TE,0007,Josh Martel,1.0,1,23,,24.42,0,0,,0
2015,12309,"Pruitt, MyCole",TE,0007,Josh Martel,1.0,2,0,0.0,0.0,0,0,,1
2015,12406,"Johnson, Gus",RB,0005,Kyle Creelman,1.0,1,0,,31.13,0,0,,0
2015,12406,"Johnson, Gus",RB,0001,Ryan Bousquet,2.0,2,0,23.57,30.69,0,1,0005,0
2015,12406,"Johnson, Gus",RB,0005,Kyle Creelman,3.0,3,1,22.81,29.5,0,1,0001,0
2015,12406,"Johnson, Gus",RB,0006,Steve Bousquet,4.0,4,7,18.58,24.08,0,1,0005,0
2015,12406,"Johnson, Gus",RB,0006,Steve Bousquet,4.0,5,7,0.0,0.0,0,0,,1
2015,2842,"Vinatieri, Adam",PK,0009,Bear Dunn,2.0,1,5,,24.02,0,0,,0
2015,2842,"Vinatieri, Adam",PK,0001,Ryan Bousquet,2.0,2,0,4.59,4.61,0,1,0009,0
2015,2842,"Vinatieri, Adam",PK,0009,Bear Dunn,2.0,3,5,19.39,0.0,0,1,0001,1
2015,3291,"Manning, Peyton",QB,0006,Steve Bousquet,1.0,1,0,,41.83,0,0,,0
2015,3291,"Manning, Peyton",QB,0006,Steve Bousquet,5.0,2,0,23.99,41.82,0,0,,0
2015,3291,"Manning, Peyton",QB,0009,Bear Dunn,5.0,3,7,16.28,34.1,0,1,0006,0
2015,3291,"Manning, Peyton",QB,0006,Steve Bousquet,7.0,4,9,22.6,32.71,0,1,0009,0
2015,3291,"Manning, Peyton",QB,0008,Keith Creelman,8.0,5,10,22.31,31.02,0,1,0006,0
2015,3291,"Manning, Peyton",QB,0004,Brian Cutting,9.0,6,11,23.56,30.58,0,1,0008,0
2015,3291,"Manning, Peyton",QB,0006,Steve Bousquet,10.0,7,12,22.64,29.21,0,1,0004,0
2015,3291,"Manning, Peyton",QB,0006,Steve Bousquet,12.0,8,17,19.24,24.45,0,0,,0
2015,3291,"Manning, Peyton",QB,0008,Keith Creelman,14.0,9,17,23.63,24.08,0,1,0006,0
2015,3291,"Manning, Peyton",QB,0006,Steve Bousquet,15.0,10,17,23.93,24.0,0,1,0008,0
2015,3291,"Manning, Peyton",QB,0006,Steve Bousquet,15.0,11,17,0.0,0.0,0,0,,1
2015,4925,"Brees, Drew",QB,0006,Steve Bousquet,1.0,1,23,,24.24,0,0,,0
2015,4925,"Brees, Drew",QB,0008,Keith Creelman,27.0,2,23,23.76,24.0,0,1,0006,0
2015,4925,"Brees, Drew",QB,0005,Kyle Creelman,3.0,3,0,23.29,23.29,1,0,,0
2015,4925,"Brees, Drew",QB,0005,Kyle Creelman,4.0,4,8,15.77,15.07,1,0,,0
2015,4925,"Brees, Drew",QB,0005,Kyle Creelman,6.0,5,8,23.79,14.85,1,0,,0
2015,4925,"Brees, Drew",QB,0010,Shawn Blake,8.0,6,8,23.82,14.67,1,0,,0
2015,4925,"Brees, Drew",QB,0002,Derrick Whitman,9.0,7,9,23.31,13.98,1,0,,0
2015,4925,"Brees, Drew",QB,0002,Derrick Whitman,10.0,8,9,24.0,13.98,1,0,,0
2015,4925,"Brees, Drew",QB,0002,Derrick Whitman,11.0,9,11,21.54,11.52,1,0,,0
2015,4925,"Brees, Drew",QB,0002,Derrick Whitman,12.0,10,17,18.77,6.29,1,0,,0
2015,4925,"Brees, Drew",QB,0011,Eric Mannila,13.0,11,20,20.69,2.98,1,0,,0
2015,4925,"Brees, Drew",QB,0009,Bear Dunn,19.0,12,22,22.12,1.1,1,0,,0
2015,4925,"Brees, Drew",QB,0009,Bear Dunn,22.0,13,22,23.96,1.07,1,0,,0
2015,4925,"Brees, Drew",QB,0009,Bear Dunn,25.0,14,22,23.77,0.84,1,0,,0
2015,4925,"Brees, Drew",QB,0008,Keith Creelman,25.0,15,23,23.16,0.0,0,0,,1
2015,4974,"Smith, Steve",WR,0005,Kyle Creelman,1.0,1,0,,85.28,0,0,,0
2015,4974,"Smith, Steve",WR,0006,Steve Bousquet,4.0,2,0,23.89,85.17,0,1,0005,0
2015,4974,"Smith, Steve",WR,0004,Brian Cutting,3.0,3,5,19.15,80.32,1,0,,0
2015,4974,"Smith, Steve",WR,0006,Steve Bousquet,5.0,4,8,20.93,77.25,0,0,,0
2015,4974,"Smith, Steve",WR,0004,Brian Cutting,5.0,5,11,20.76,74.01,0,1,0006,0
2015,4974,"Smith, Steve",WR,0004,Brian Cutting,6.0,6,11,23.95,73.96,0,0,,0
2015,4974,"Smith, Steve",WR,0006,Steve Bousquet,10.0,7,16,19.31,69.27,0,1,0004,0
2015,4974,"Smith, Steve",WR,0003,Kris Lake,8.0,8,12,3.81,49.08,1,0,,0
2015,4974,"Smith, Steve",WR,0008,Keith Creelman,9.0,9,13,23.13,48.22,1,0,,0
2015,4974,"Smith, Steve",WR,0008,Keith Creelman,11.0,10,13,24.0,48.21,0,1,0006,0
2015,4974,"Smith, Steve",WR,0006,Steve Bousquet,13.0,11,13,23.95,48.16,0,1,0008,0
2015,4974,"Smith, Steve",WR,0010,Shawn Blake,13.0,12,12,0.77,24.93,0,1,0006,0
2015,4974,"Smith, Steve",WR,0010,Shawn Blake,14.0,13,13,23.23,24.16,0,0,,0
2015,4974,"Smith, Steve",WR,0006,Steve Bousquet,15.0,14,13,23.93,24.09,0,1,0010,0
2015,4974,"Smith, Steve",WR,0006,Steve Bousquet,15.0,15,13,0.0,0.0,0,0,,1
2015,6789,"Bryant, Matt",PK,0003,Kris Lake,1.0,1,21,,24.11,0,0,,0
2015,6789,"Bryant, Matt",PK,0003,Kris Lake,1.0,2,21,0.0,0.0,0,0,,1
2015,6929,"Palmer, Carson",QB,0001,Ryan Bousquet,4.0,1,19,,24.01,0,0,,0
2015,6929,"Palmer, Carson",QB,0010,Shawn Blake,3.0,2,21,22.25,22.26,1,0,,0
2015,6929,"Palmer, Carson",QB,0001,Ryan Bousquet,3.0,3,19,1.74,0.0,0,0,,1
2015,6931,"Johnson, Andre",WR,0005,Kyle Creelman,10.0,1,21,,60.7,0,0,,0
2015,6931,"Johnson, Andre",WR,0005,Kyle Creelman,10.0,2,21,23.98,60.68,0,0,,0
2015,6931,"Johnson, Andre",WR,0005,Kyle Creelman,15.0,3,21,23.93,60.62,0,0,,0
2015,6931,"Johnson, Andre",WR,0012,Chris Klingenberg,5.0,4,23,21.95,58.57,1,0,,0
2015,6931,"Johnson, Andre",WR,0012,Chris Klingenberg,14.0,5,23,23.93,58.49,1,0,,0
2015,6931,"Johnson, Andre",WR,0006,Steve Bousquet,19.0,6,9,13.8,48.3,0,1,0005,0
2015,6931,"Johnson, Andre",WR,0006,Steve Bousquet,21.0,7,9,23.84,48.14,0,0,,0
2015,6931,"Johnson, Andre",WR,0006,Steve Bousquet,26.0,8,22,11.81,35.95,0,0,,0
2015,6931,"Johnson, Andre",WR,0006,Steve Bousquet,27.0,9,22,23.67,35.62,0,0,,0
2015,6931,"Johnson, Andre",WR,0005,Kyle Creelman,19.0,10,23,22.49,34.1,1,0,,0
2015,6931,"Johnson, Andre",WR,0005,Kyle Creelman,21.0,11,23,23.98,34.08,1,0,,0
2015,6931,"Johnson, Andre",WR,0005,Kyle Creelman,22.0,12,0,23.9,33.99,1,0,,0
2015,6931,"Johnson, Andre",WR,0005,Kyle Creelman,24.0,13,0,23.99,33.97,1,0,,0
2015,6931,"Johnson, Andre",WR,0005,Kyle Creelman,26.0,14,9,14.7,24.67,1,0,,0
2015,6931,"Johnson, Andre",WR,0006,Steve Bousquet,28.0,15,9,23.99,24.66,0,0,,0
2015,6931,"Johnson, Andre",WR,0007,Josh Martel,27.0,16,9,23.86,24.52,1,0,,0
2015,6931,"Johnson, Andre",WR,0007,Josh Martel,28.0,17,9,23.99,24.51,0,1,0006,0
2015,6931,"Johnson, Andre",WR,0006,Steve Bousquet,29.0,18,9,24.0,24.51,0,1,0007,0
2015,6931,"Johnson, Andre",WR,0007,Josh Martel,30.0,19,9,23.99,24.5,0,1,0006,0
2015,6931,"Johnson, Andre",WR,0006,Steve Bousquet,31.0,20,9,23.97,24.47,0,1,0007,0
2015,6931,"Johnson, Andre",WR,0007,Josh Martel,33.0,21,9,23.65,24.12,0,1,0006,0
2015,6931,"Johnson, Andre",WR,0007,Josh Martel,32.0,22,9,0.0,0.0,0,0,,1
2015,6996,"Briggs, Lance",LB,0006,Steve Bousquet,1.0,1,1,,0.0,0,0,,0
2015,6997,"Witten, Jason",TE,0001,Ryan Bousquet,4.0,1,0,,32.14,0,0,,0
2015,6997,"Witten, Jason",TE,0006,Steve Bousquet,4.0,2,0,23.94,32.08,0,1,0001,0
2015,6997,"Witten, Jason",TE,0001,Ryan Bousquet,5.0,3,1,22.4,30.48,0,1,0006,0
2015,6997,"Witten, Jason",TE,0004,Brian Cutting,5.0,4,4,20.99,27.48,0,1,0001,0
2015,6997,"Witten, Jason",TE,0009,Bear Dunn,7.0,5,8,20.56,24.03,0,1,0004,0
2015,6997,"Witten, Jason",TE,0009,Bear Dunn,8.0,6,17,14.21,14.25,0,0,,0
2015,6997,"Witten, Jason",TE,0006,Steve Bousquet,7.0,7,18,23.67,13.92,1,0,,0
2015,6997,"Witten, Jason",TE,0006,Steve Bousquet,8.0,8,23,19.15,9.07,0,1,0009,0
2015,6997,"Witten, Jason",TE,0009,Bear Dunn,8.0,9,8,14.93,0.0,0,1,0006,1
2015,7236,"Gates, Antonio",TE,0009,Bear Dunn,1.0,1,2,,31.01,0,0,,0
2015,7236,"Gates, Antonio",TE,0004,Brian Cutting,2.0,2,5,21.11,28.13,0,1,0009,0
2015,7236,"Gates, Antonio",TE,0001,Ryan Bousquet,3.0,3,7,21.54,25.66,0,1,0004,0
2015,7236,"Gates, Antonio",TE,0001,Ryan Bousquet,4.0,4,7,23.99,25.65,0,0,,0
2015,7236,"Gates, Antonio",TE,0003,Kris Lake,4.0,5,9,22.44,24.09,0,1,0001,0
2015,7236,"Gates, Antonio",TE,0003,Kris Lake,5.0,6,9,23.94,24.02,0,0,,0
2015,7236,"Gates, Antonio",TE,0003,Kris Lake,5.0,7,9,0.0,0.0,0,0,,1
2015,7260,"Romo, Tony",QB,0009,Bear Dunn,12.0,1,21,,24.04,0,0,,0
2015,7260,"Romo, Tony",QB,0001,Ryan Bousquet,5.0,2,21,23.71,23.75,1,0,,0
2015,7260,"Romo, Tony",QB,0008,Keith Creelman,7.0,3,23,22.06,21.8,1,0,,0
2015,7260,"Romo, Tony",QB,0009,Bear Dunn,17.0,4,8,14.86,12.67,0,0,,0
2015,7260,"Romo, Tony",QB,0010,Shawn Blake,8.0,5,8,23.73,12.4,1,0,,0
2015,7260,"Romo, Tony",QB,0002,Derrick Whitman,9.0,6,9,23.31,11.7,1,0,,0
2015,7260,"Romo, Tony",QB,0005,Kyle Creelman,10.0,7,13,20.17,7.88,1,0,,0
2015,7260,"Romo, Tony",QB,0011,Eric Mannila,11.0,8,20,17.02,0.9,1,0,,0
2015,7260,"Romo, Tony",QB,0011,Eric Mannila,12.0,9,20,23.99,0.89,1,0,,0
2015,7260,"Romo, Tony",QB,0011,Eric Mannila,13.0,10,20,23.99,0.88,1,0,,0
2015,7260,"Romo, Tony",QB,0011,Eric Mannila,14.0,11,20,23.99,0.87,1,0,,0
2015,7260,"Romo, Tony",QB,0011,Eric Mannila,16.0,12,20,23.99,0.87,1,0,,0
2015,7260,"Romo, Tony",QB,0011,Eric Mannila,17.0,13,20,23.89,0.75,0,1,0009,0
2015,7260,"Romo, Tony",QB,0009,Bear Dunn,19.0,14,20,23.87,0.62,0,1,0011,0
2015,7260,"Romo, Tony",QB,0009,Bear Dunn,17.0,15,21,23.38,0.0,0,0,,1
2015,7391,"Manning, Eli",QB,0007,Josh Martel,1.0,1,0,,57.16,0,0,,0
2015,7391,"Manning, Eli",QB,0001,Ryan Bousquet,2.0,2,1,22.93,56.09,0,1,0007,0
2015,7391,"Manning, Eli",QB,0004,Brian Cutting,3.0,3,5,20.02,52.12,0,1,0001,0
2015,7391,"Manning, Eli",QB,0009,Bear Dunn,6.0,4,6,22.3,50.41,0,1,0004,0
2015,7391,"Manning, Eli",QB,0008,Keith Creelman,7.0,5,7,23.2,49.61,0,1,0009,0
2015,7391,"Manning, Eli",QB,0009,Bear Dunn,8.0,6,16,14.59,40.21,0,1,0008,0
2015,7391,"Manning, Eli",QB,0003,Kris Lake,10.0,7,9,7.83,24.03,0,1,0009,0
2015,7391,"Manning, Eli",QB,0003,Kris Lake,9.0,8,9,0.0,0.0,0,0,,1
2015,7393,"Fitzgerald, Larry",WR,0011,Eric Mannila,1.0,1,6,,41.29,0,0,,0
2015,7393,"Fitzgerald, Larry",WR,0004,Brian Cutting,3.0,2,6,23.36,40.65,0,1,0011,0
2015,7393,"Fitzgerald, Larry",WR,0002,Derrick Whitman,3.0,3,10,20.66,37.31,0,1,0004,0
2015,7393,"Fitzgerald, Larry",WR,0003,Kris Lake,4.0,4,12,21.65,34.96,0,1,0002,0
2015,7393,"Fitzgerald, Larry",WR,0002,Derrick Whitman,5.0,5,15,20.98,31.93,0,1,0003,0
2015,7393,"Fitzgerald, Larry",WR,0002,Derrick Whitman,6.0,6,15,23.79,31.72,0,0,,0
2015,7393,"Fitzgerald, Larry",WR,0010,Shawn Blake,7.0,7,18,21.36,29.07,0,1,0002,0
2015,7393,"Fitzgerald, Larry",WR,0002,Derrick Whitman,8.0,8,21,21.34,26.41,0,1,0010,0
2015,7393,"Fitzgerald, Larry",WR,0012,Chris Klingenberg,10.0,9,23,21.63,24.05,0,1,0002,0
2015,7393,"Fitzgerald, Larry",WR,0012,Chris Klingenberg,9.0,10,23,0.0,0.0,0,0,,1
2015,7394,"Rivers, Philip",QB,0002,Derrick Whitman,1.0,1,7,,24.05,0,0,,0
2015,7394,"Rivers, Philip",QB,0002,Derrick Whitman,6.0,2,7,23.94,23.99,0,0,,0
2015,7394,"Rivers, Philip",QB,0001,Ryan Bousquet,4.0,3,7,23.41,23.4,1,0,,0
2015,7394,"Rivers, Philip",QB,0002,Derrick Whitman,7.0,4,8,23.13,22.53,0,0,,0
2015,7394,"Rivers, Philip",QB,0004,Brian Cutting,5.0,5,11,21.33,19.86,1,0,,0
2015,7394,"Rivers, Philip",QB,0009,Bear Dunn,6.0,6,19,15.4,11.26,1,0,,0
2015,7394,"Rivers, Philip",QB,0002,Derrick Whitman,6.0,7,7,12.74,0.0,0,0,,1
2015,7422,"Watson, Ben",TE,0008,Keith Creelman,1.0,1,9,,24.44,0,0,,0
2015,7422,"Watson, Ben",TE,0008,Keith Creelman,1.0,2,10,0.0,0.0,0,0,,1
2015,7423,"Dansby, Karlos",LB,0008,Keith Creelman,1.0,1,12,,24.02,0,0,,0
2015,7423,"Dansby, Karlos",LB,0008,Keith Creelman,1.0,2,12,0.0,0.0,0,0,,1
2015,7498,"Cotchery, Jerricho",WR,0004,Brian Cutting,1.0,1,11,,24.3,0,0,,0
2015,7498,"Cotchery, Jerricho",WR,0004,Brian Cutting,1.0,2,11,0.0,0.0,0,0,,1
2015,7578,"Lee, Andy",PN,0001,Ryan Bousquet,1.0,1,0,,24.03,0,0,,0
2015,7578,"Lee, Andy",PN,0001,Ryan Bousquet,1.0,2,0,0.0,0.0,0,0,,1
2015,7614,"Jones, Donnie",PN,0009,Bear Dunn,1.0,1,0,,24.0,0,0,,0
2015,7614,"Jones, Donnie",PN,0009,Bear Dunn,1.0,2,0,0.0,0.0,0,0,,1
2015,7813,"Smith, Alex",QB,0008,Keith Creelman,1.0,1,1,,26.09,0,0,,0
2015,7813,"Smith, Alex",QB,0008,Keith Creelman,1.0,2,3,0.0,0.0,0,0,,1
2015,7827,"Johnson, Derrick",LB,0008,Keith Creelman,1.0,1,0,,24.08,0,0,,0
2015,7827,"Johnson, Derrick",LB,0006,Steve Bousquet,2.0,2,0,23.96,24.04,0,1,0008,0
2015,7827,"Johnson, Derrick",LB,0006,Steve Bousquet,2.0,3,0,0.0,0.0,0,0,,1
2015,7839,"White, Roddy",WR,0006,Steve Bousquet,1.0,1,8,,47.13,0,0,,0
2015,7839,"White, Roddy",WR,0004,Brian Cutting,3.0,2,8,23.57,46.7,0,1,0006,0
2015,7839,"White, Roddy",WR,0006,Steve Bousquet,4.0,3,9,22.92,45.61,0,1,0004,0
2015,7839,"White, Roddy",WR,0002,Derrick Whitman,5.0,4,10,23.43,45.05,0,1,0006,0
2015,7839,"White, Roddy",WR,0002,Derrick Whitman,7.0,5,10,23.97,45.01,0,0,,0
2015,7839,"White, Roddy",WR,0006,Steve Bousquet,7.0,6,13,20.33,41.34,0,1,0002,0
2015,7839,"White, Roddy",WR,0006,Steve Bousquet,9.0,7,13,23.99,41.33,0,0,,0
2015,7839,"White, Roddy",WR,0002,Derrick Whitman,9.0,8,20,16.99,34.32,0,1,0006,0
2015,7839,"White, Roddy",WR,0002,Derrick Whitman,10.0,9,7,13.69,24.01,0,0,,0
2015,7839,"White, Roddy",WR,0002,Derrick Whitman,11.0,10,8,22.53,22.55,0,0,,0
2015,7839,"White, Roddy",WR,0002,Derrick Whitman,10.0,11,7,1.45,0.0,0,0,,1
2015,7842,"Miller, Heath",TE,0004,Brian Cutting,1.0,1,5,,50.54,0,0,,0
2015,7842,"Miller, Heath",TE,0010,Shawn Blake,2.0,2,19,9.2,35.74,0,1,0004,0
2015,7842,"Miller, Heath",TE,0001,Ryan Bousquet,3.0,3,7,12.32,24.07,0,1,0010,0
2015,7842,"Miller, Heath",TE,0001,Ryan Bousquet,3.0,4,7,0.0,0.0,0,0,,1
2015,7873,"Jackson, Vincent",WR,0012,Chris Klingenberg,1.0,1,22,,81.9,0,0,,0
2015,7873,"Jackson, Vincent",WR,0006,Steve Bousquet,9.0,2,23,23.46,81.36,0,1,0012,0
2015,7873,"Jackson, Vincent",WR,0012,Chris Klingenberg,10.0,3,23,23.78,81.14,0,1,0006,0
2015,7873,"Jackson, Vincent",WR,0006,Steve Bousquet,14.0,4,23,23.91,81.05,0,1,0012,0
2015,7873,"Jackson, Vincent",WR,0005,Kyle Creelman,14.0,5,23,23.67,80.72,0,1,0006,0
2015,7873,"Jackson, Vincent",WR,0006,Steve Bousquet,15.0,6,23,23.93,80.65,0,1,0005,0
2015,7873,"Jackson, Vincent",WR,0005,Kyle Creelman,16.0,7,0,23.75,80.4,0,1,0006,0
2015,7873,"Jackson, Vincent",WR,0006,Steve Bousquet,18.0,8,0,23.84,80.24,0,1,0005,0
2015,7873,"Jackson, Vincent",WR,0005,Kyle Creelman,19.0,9,9,14.96,71.2,0,1,0006,0
2015,7873,"Jackson, Vincent",WR,0012,Chris Klingenberg,20.0,10,21,11.52,58.72,0,1,0005,0
2015,7873,"Jackson, Vincent",WR,0005,Kyle Creelman,23.0,11,23,21.88,56.61,0,1,0012,0
2015,7873,"Jackson, Vincent",WR,0006,Steve Bousquet,22.0,12,9,14.1,46.7,1,0,,0
2015,7873,"Jackson, Vincent",WR,0006,Steve Bousquet,23.0,13,9,24.0,46.7,0,1,0005,0
2015,7873,"Jackson, Vincent",WR,0006,Steve Bousquet,24.0,14,9,23.99,46.69,0,0,,0
2015,7873,"Jackson, Vincent",WR,0005,Kyle Creelman,26.0,15,8,1.33,24.02,0,1,0006,0
2015,7873,"Jackson, Vincent",WR,0005,Kyle Creelman,25.0,16,8,0.0,0.0,0,0,,1
2015,7877,"Gore, Frank",RB,0008,Keith Creelman,20.0,1,20,,68.39,0,0,,0
2015,7877,"Gore, Frank",RB,0002,Derrick Whitman,4.0,2,20,23.12,67.51,1,0,,0
2015,7877,"Gore, Frank",RB,0005,Kyle Creelman,15.0,3,21,23.7,67.2,1,0,,0
2015,7877,"Gore, Frank",RB,0005,Kyle Creelman,20.0,4,21,23.95,67.15,0,1,0008,0
2015,7877,"Gore, Frank",RB,0005,Kyle Creelman,22.0,5,21,23.94,67.08,0,0,,0
2015,7877,"Gore, Frank",RB,0005,Kyle Creelman,25.0,6,21,23.84,66.92,0,0,,0
2015,7877,"Gore, Frank",RB,0004,Brian Cutting,22.0,7,18,3.08,46.0,1,0,,0
2015,7877,"Gore, Frank",RB,0008,Keith Creelman,24.0,8,19,22.84,44.84,1,0,,0
2015,7877,"Gore, Frank",RB,0007,Josh Martel,30.0,9,19,23.82,44.66,0,1,0005,0
2015,7877,"Gore, Frank",RB,0005,Kyle Creelman,29.0,10,23,20.11,40.77,1,0,,0
2015,7877,"Gore, Frank",RB,0005,Kyle Creelman,31.0,11,0,23.57,40.34,0,1,0007,0
2015,7877,"Gore, Frank",RB,0007,Josh Martel,33.0,12,2,22.05,38.39,0,1,0005,0
2015,7877,"Gore, Frank",RB,0005,Kyle Creelman,34.0,13,13,12.72,27.11,0,1,0007,0
2015,7877,"Gore, Frank",RB,0007,Josh Martel,40.0,14,16,20.92,24.03,0,1,0005,0
2015,7877,"Gore, Frank",RB,0004,Brian Cutting,40.0,15,11,5.18,5.21,0,1,0007,0
2015,7877,"Gore, Frank",RB,0007,Josh Martel,40.0,16,16,18.79,0.0,0,1,0004,1
2015,7911,"Colquitt, Dustin",PN,0005,Kyle Creelman,1.0,1,0,,24.0,0,0,,0
2015,7911,"Colquitt, Dustin",PN,0005,Kyle Creelman,1.0,2,0,0.0,0.0,0,0,,1
2015,7918,"Orton, Kyle",QB,0008,Keith Creelman,1.0,1,9,,24.01,0,0,,0
2015,7918,"Orton, Kyle",QB,0008,Keith Creelman,1.0,2,9,0.0,0.0,0,0,,1
2015,7942,"Sproles, Darren",RB,0004,Brian Cutting,8.0,1,5,,24.03,0,0,,0
2015,7942,"Sproles, Darren",RB,0006,Steve Bousquet,2.0,2,8,20.79,20.82,1,0,,0
2015,7942,"Sproles, Darren",RB,0008,Keith Creelman,4.0,3,9,22.62,19.44,1,0,,0
2015,7942,"Sproles, Darren",RB,0004,Brian Cutting,4.0,4,5,4.56,0.0,0,0,,1
2015,8062,"Fitzpatrick, Ryan",QB,0005,Kyle Creelman,1.0,1,0,,24.0,0,0,,0
2015,8062,"Fitzpatrick, Ryan",QB,0005,Kyle Creelman,1.0,2,0,0.0,0.0,0,0,,1
2015,8242,"Williams, Mario",DE,0006,Steve Bousquet,3.0,1,8,,39.59,0,0,,0
2015,8242,"Williams, Mario",DE,0010,Shawn Blake,2.0,2,13,18.97,34.56,1,0,,0
2015,8242,"Williams, Mario",DE,0010,Shawn Blake,3.0,3,13,23.99,34.54,0,1,0006,0
2015,8242,"Williams, Mario",DE,0012,Chris Klingenberg,5.0,4,0,13.47,24.01,0,1,0010,0
2015,8242,"Williams, Mario",DE,0006,Steve Bousquet,5.0,5,1,22.68,22.69,0,1,0012,0
2015,8242,"Williams, Mario",DE,0012,Chris Klingenberg,5.0,6,0,1.31,0.0,0,1,0006,1
2015,8243,"Bush, Reggie",RB,0007,Josh Martel,1.0,1,20,,25.0,0,0,,0
2015,8243,"Bush, Reggie",RB,0004,Brian Cutting,2.0,2,20,23.84,24.83,0,1,0007,0
2015,8243,"Bush, Reggie",RB,0005,Kyle Creelman,8.0,3,21,23.31,24.14,0,1,0004,0
2015,8243,"Bush, Reggie",RB,0005,Kyle Creelman,12.0,4,21,23.86,24.0,0,0,,0
2015,8243,"Bush, Reggie",RB,0006,Steve Bousquet,4.0,5,0,21.17,21.17,1,0,,0
2015,8243,"Bush, Reggie",RB,0009,Bear Dunn,6.0,6,8,15.78,12.94,1,0,,0
2015,8243,"Bush, Reggie",RB,0010,Shawn Blake,8.0,7,8,23.8,12.74,1,0,,0
2015,8243,"Bush, Reggie",RB,0010,Shawn Blake,9.0,8,19,13.22,1.97,1,0,,0
2015,8243,"Bush, Reggie",RB,0010,Shawn Blake,10.0,9,20,22.84,0.81,1,0,,0
2015,8243,"Bush, Reggie",RB,0005,Kyle Creelman,10.0,10,21,23.19,0.0,0,0,,1
2015,8247,"Davis, Vernon",TE,0012,Chris Klingenberg,1.0,1,0,,28.65,0,0,,0
2015,8247,"Davis, Vernon",TE,0008,Keith Creelman,3.0,2,4,19.47,24.11,0,1,0012,0
2015,8247,"Davis, Vernon",TE,0002,Derrick Whitman,3.0,3,7,21.1,21.21,0,1,0008,0
2015,8247,"Davis, Vernon",TE,0008,Keith Creelman,3.0,4,4,2.79,0.0,0,1,0002,1
2015,8268,"Williams, DeAngelo",RB,0006,Steve Bousquet,4.0,1,8,,32.33,0,0,,0
2015,8268,"Williams, DeAngelo",RB,0009,Bear Dunn,5.0,2,16,15.86,24.19,0,1,0006,0
2015,8268,"Williams, DeAngelo",RB,0009,Bear Dunn,5.0,3,16,0.0,0.0,0,0,,1
2015,8275,"Jackson, D'Qwell",LB,0002,Derrick Whitman,1.0,1,7,,24.0,0,0,,0
2015,8275,"Jackson, D'Qwell",LB,0002,Derrick Whitman,4.0,2,7,23.98,23.98,0,0,,0
2015,8275,"Jackson, D'Qwell",LB,0011,Eric Mannila,2.0,3,7,23.96,23.94,1,0,,0
2015,8275,"Jackson, D'Qwell",LB,0001,Ryan Bousquet,3.0,4,9,22.5,22.44,1,0,,0
2015,8275,"Jackson, D'Qwell",LB,0001,Ryan Bousquet,4.0,5,9,23.95,22.38,0,1,0002,0
2015,8275,"Jackson, D'Qwell",LB,0002,Derrick Whitman,5.0,6,17,15.82,14.21,0,1,0001,0
2015,8275,"Jackson, D'Qwell",LB,0002,Derrick Whitman,4.0,7,7,9.79,0.0,0,0,,1
2015,8293,"Jennings, Greg",WR,0003,Kris Lake,5.0,1,12,,24.02,0,0,,0
2015,8293,"Jennings, Greg",WR,0003,Kris Lake,1.0,2,12,0.0,0.0,0,0,,1
2015,8339,"Daniels, Owen",TE,0004,Brian Cutting,6.0,1,6,,30.23,0,0,,0
2015,8339,"Daniels, Owen",TE,0010,Shawn Blake,3.0,2,6,23.71,29.94,1,0,,0
2015,8339,"Daniels, Owen",TE,0001,Ryan Bousquet,4.0,3,9,21.06,27.0,1,0,,0
2015,8339,"Daniels, Owen",TE,0001,Ryan Bousquet,6.0,4,9,23.54,26.54,0,1,0004,0
2015,8339,"Daniels, Owen",TE,0005,Kyle Creelman,8.0,5,12,21.48,24.02,0,1,0001,0
2015,8339,"Daniels, Owen",TE,0005,Kyle Creelman,7.0,6,12,0.0,0.0,0,0,,1
2015,8357,"Tulloch, Stephen",LB,0008,Keith Creelman,1.0,1,10,,24.12,0,0,,0
2015,8357,"Tulloch, Stephen",LB,0008,Keith Creelman,1.0,2,10,0.0,0.0,0,0,,1
2015,8360,"Marshall, Brandon",WR,0002,Derrick Whitman,10.0,1,0,,87.77,0,0,,0
2015,8360,"Marshall, Brandon",WR,0005,Kyle Creelman,5.0,2,0,23.94,87.71,1,0,,0
2015,8360,"Marshall, Brandon",WR,0005,Kyle Creelman,8.0,3,0,23.99,87.7,1,0,,0
2015,8360,"Marshall, Brandon",WR,0003,Kris Lake,15.0,4,12,0.0,51.3,0,1,0002,0
2015,8360,"Marshall, Brandon",WR,0006,Steve Bousquet,4.0,5,13,23.35,50.65,1,0,,0
2015,8360,"Marshall, Brandon",WR,0002,Derrick Whitman,5.0,6,13,23.44,50.09,1,0,,0
2015,8360,"Marshall, Brandon",WR,0006,Steve Bousquet,8.0,7,13,23.87,49.97,1,0,,0
2015,8360,"Marshall, Brandon",WR,0006,Steve Bousquet,10.0,8,13,23.99,49.96,1,0,,0
2015,8360,"Marshall, Brandon",WR,0001,Ryan Bousquet,20.0,9,15,22.13,48.09,0,1,0003,0
2015,8360,"Marshall, Brandon",WR,0012,Chris Klingenberg,24.0,10,23,16.32,40.41,0,1,0001,0
2015,8360,"Marshall, Brandon",WR,0006,Steve Bousquet,24.0,11,8,14.83,31.24,0,1,0012,0
2015,8360,"Marshall, Brandon",WR,0006,Steve Bousquet,26.0,12,9,23.51,30.75,0,0,,0
2015,8360,"Marshall, Brandon",WR,0012,Chris Klingenberg,30.0,13,15,17.26,24.0,0,1,0006,0
2015,8360,"Marshall, Brandon",WR,0012,Chris Klingenberg,27.0,14,15,0.0,0.0,0,0,,1
2015,8376,"Ninkovich, Rob",DE,0010,Shawn Blake,2.0,1,1,,30.49,0,0,,0
2015,8376,"Ninkovich, Rob",DE,0006,Steve Bousquet,2.0,2,2,23.15,29.64,0,1,0010,0
2015,8376,"Ninkovich, Rob",DE,0006,Steve Bousquet,3.0,3,2,23.92,29.56,0,0,,0
2015,8376,"Ninkovich, Rob",DE,0011,Eric Mannila,4.0,4,7,18.55,24.11,0,1,0006,0
2015,8376,"Ninkovich, Rob",DE,0011,Eric Mannila,4.0,5,7,0.0,0.0,0,0,,1
2015,8444,"Koch, Sam",PN,0003,Kris Lake,1.0,1,22,,24.25,0,0,,0
2015,8444,"Koch, Sam",PN,0003,Kris Lake,1.0,2,23,0.0,0.0,0,0,,1
2015,8448,"Bethea, Antoine",S,0005,Kyle Creelman,1.0,1,0,,29.86,0,0,,0
2015,8448,"Bethea, Antoine",S,0005,Kyle Creelman,1.0,2,5,0.0,0.0,0,0,,1
2015,8493,"Colston, Marques",WR,0012,Chris Klingenberg,5.0,1,21,,74.54,0,0,,0
2015,8493,"Colston, Marques",WR,0012,Chris Klingenberg,1.0,2,15,0.0,32.41,0,0,,0
2015,8493,"Colston, Marques",WR,0005,Kyle Creelman,9.0,3,16,23.74,32.14,0,1,0012,0
2015,8493,"Colston, Marques",WR,0006,Steve Bousquet,3.0,4,16,23.93,32.07,1,0,,0
2015,8493,"Colston, Marques",WR,0004,Brian Cutting,5.0,5,17,22.62,30.68,1,0,,0
2015,8493,"Colston, Marques",WR,0012,Chris Klingenberg,10.0,6,21,20.01,26.69,0,1,0005,0
2015,8493,"Colston, Marques",WR,0005,Kyle Creelman,14.0,7,23,22.54,25.23,0,1,0012,0
2015,8493,"Colston, Marques",WR,0012,Chris Klingenberg,15.0,8,0,22.81,24.04,0,1,0005,0
2015,8493,"Colston, Marques",WR,0012,Chris Klingenberg,15.0,9,0,0.0,0.0,0,0,,1
2015,8501,"Ryan, Jon",PN,0004,Brian Cutting,1.0,1,9,,24.06,0,0,,0
2015,8501,"Ryan, Jon",PN,0004,Brian Cutting,1.0,2,9,0.0,0.0,0,0,,1
2015,8667,"Bowe, Dwayne",WR,0010,Shawn Blake,1.0,1,6,,24.05,0,0,,0
2015,8667,"Bowe, Dwayne",WR,0010,Shawn Blake,1.0,2,6,0.0,0.0,0,0,,1
2015,8668,"Nelson, Reggie",S,0010,Shawn Blake,1.0,1,6,,24.05,0,0,,0
2015,8668,"Nelson, Reggie",S,0010,Shawn Blake,1.0,2,6,0.0,0.0,0,0,,1
2015,8684,"Timmons, Lawrence",LB,0001,Ryan Bousquet,4.0,1,1,,26.76,0,0,,0
2015,8684,"Timmons, Lawrence",LB,0009,Bear Dunn,2.0,2,15,9.99,12.75,1,0,,0
2015,8684,"Timmons, Lawrence",LB,0009,Bear Dunn,3.0,3,15,23.99,12.74,1,0,,0
2015,8684,"Timmons, Lawrence",LB,0001,Ryan Bousquet,3.0,4,4,11.26,0.0,0,0,,1
2015,8697,"Harris, David",LB,0005,Kyle Creelman,1.0,1,0,,24.04,0,0,,0
2015,8697,"Harris, David",LB,0005,Kyle Creelman,1.0,2,0,0.0,0.0,0,0,,1
2015,8713,"Weddle, Eric",S,0006,Steve Bousquet,2.0,1,0,,35.32,0,0,,0
2015,8713,"Weddle, Eric",S,0001,Ryan Bousquet,2.0,2,0,23.34,34.66,0,1,0006,0
2015,8713,"Weddle, Eric",S,0010,Shawn Blake,3.0,3,1,23.38,34.04,0,1,0001,0
2015,8713,"Weddle, Eric",S,0006,Steve Bousquet,4.0,4,11,13.97,24.01,0,1,0010,0
2015,8713,"Weddle, Eric",S,0006,Steve Bousquet,4.0,5,11,0.0,0.0,0,0,,1
2015,8735,"Chandler, Scott",TE,0005,Kyle Creelman,3.0,1,0,,24.0,0,0,,0
2015,8735,"Chandler, Scott",TE,0006,Steve Bousquet,2.0,2,9,14.52,14.52,1,0,,0
2015,8735,"Chandler, Scott",TE,0006,Steve Bousquet,3.0,3,10,23.4,13.93,0,1,0005,0
2015,8735,"Chandler, Scott",TE,0005,Kyle Creelman,3.0,4,0,10.07,0.0,0,1,0006,1
2015,8742,"Crosby, Mason",PK,0008,Keith Creelman,1.0,1,1,,24.2,0,0,,0
2015,8742,"Crosby, Mason",PK,0008,Keith Creelman,1.0,2,2,0.0,0.0,0,0,,1
2015,8776,"Jones, James",WR,0009,Bear Dunn,1.0,1,8,,24.03,0,0,,0
2015,8776,"Jones, James",WR,0009,Bear Dunn,1.0,2,8,0.0,0.0,0,0,,1
2015,8843,"Graham, Corey",S,0008,Keith Creelman,1.0,1,10,,24.11,0,0,,0
2015,8843,"Graham, Corey",S,0008,Keith Creelman,1.0,2,10,0.0,0.0,0,0,,1
2015,9051,"Campbell, Calais",DE,0009,Bear Dunn,3.0,1,0,,35.1,0,0,,0
2015,9051,"Campbell, Calais",DE,0012,Chris Klingenberg,3.0,2,0,23.96,35.07,0,1,0009,0
2015,9051,"Campbell, Calais",DE,0006,Steve Bousquet,4.0,3,11,13.05,24.11,0,1,0012,0
2015,9051,"Campbell, Calais",DE,0006,Steve Bousquet,4.0,4,11,0.0,0.0,0,0,,1
2015,9078,"Johnson, Chris",RB,0007,Josh Martel,4.0,1,10,,24.3,0,0,,0
2015,9078,"Johnson, Chris",RB,0007,Josh Martel,1.0,2,10,0.0,0.0,0,0,,1
2015,9083,"Lofton, Curtis",LB,0005,Kyle Creelman,1.0,1,9,,24.23,0,0,,0
2015,9083,"Lofton, Curtis",LB,0005,Kyle Creelman,1.0,2,9,0.0,0.0,0,0,,1
2015,9086,"Mayo, Jerod",LB,0009,Bear Dunn,4.0,1,6,,24.3,0,0,,0
2015,9086,"Mayo, Jerod",LB,0004,Brian Cutting,2.0,2,9,21.08,21.38,1,0,,0
2015,9086,"Mayo, Jerod",LB,0001,Ryan Bousquet,3.0,3,0,8.83,6.21,1,0,,0
2015,9086,"Mayo, Jerod",LB,0001,Ryan Bousquet,4.0,4,1,23.8,6.01,0,1,0009,0
2015,9086,"Mayo, Jerod",LB,0009,Bear Dunn,4.0,5,7,17.99,0.0,0,1,0001,1
2015,9087,"McFadden, Darren",RB,0003,Kris Lake,5.0,1,9,,48.12,0,0,,0
2015,9087,"McFadden, Darren",RB,0006,Steve Bousquet,4.0,2,9,23.99,48.11,1,0,,0
2015,9087,"McFadden, Darren",RB,0004,Brian Cutting,6.0,3,13,19.87,43.97,0,1,0003,0
2015,9087,"McFadden, Darren",RB,0003,Kris Lake,7.0,4,9,4.11,24.09,0,1,0004,0
2015,9087,"McFadden, Darren",RB,0003,Kris Lake,7.0,5,9,0.0,0.0,0,0,,1
2015,9120,"Royal, Eddie",WR,0007,Josh Martel,6.0,1,23,,35.81,0,0,,0
2015,9120,"Royal, Eddie",WR,0001,Ryan Bousquet,4.0,2,0,22.74,34.55,1,0,,0
2015,9120,"Royal, Eddie",WR,0010,Shawn Blake,5.0,3,6,18.3,28.86,1,0,,0
2015,9120,"Royal, Eddie",WR,0010,Shawn Blake,6.0,4,7,22.56,27.42,0,1,0007,0
2015,9120,"Royal, Eddie",WR,0010,Shawn Blake,8.0,5,8,22.77,26.19,0,0,,0
2015,9120,"Royal, Eddie",WR,0007,Josh Martel,10.0,6,10,21.86,24.05,0,1,0010,0
2015,9120,"Royal, Eddie",WR,0007,Josh Martel,12.0,7,12,22.87,22.92,0,0,,0
2015,9120,"Royal, Eddie",WR,0007,Josh Martel,9.0,8,10,1.08,0.0,0,0,,1
2015,9144,"Douglas, Harry",WR,0010,Shawn Blake,1.0,1,6,,24.36,0,0,,0
2015,9144,"Douglas, Harry",WR,0010,Shawn Blake,1.0,2,6,0.0,0.0,0,0,,1
2015,9176,"Tamme, Jacob",TE,0012,Chris Klingenberg,1.0,1,0,,29.38,0,0,,0
2015,9176,"Tamme, Jacob",TE,0012,Chris Klingenberg,1.0,2,5,0.0,0.0,0,0,,1
2015,9269,"Johnson, Stevie",WR,0005,Kyle Creelman,8.0,1,16,,24.33,0,0,,0
2015,9269,"Johnson, Stevie",WR,0008,Keith Creelman,5.0,2,16,23.92,24.25,1,0,,0
2015,9269,"Johnson, Stevie",WR,0005,Kyle Creelman,5.0,3,16,0.0,0.0,0,0,,1
2015,9278,"Forsett, Justin",RB,0004,Brian Cutting,11.0,1,20,,84.06,0,0,,0
2015,9278,"Forsett, Justin",RB,0004,Brian Cutting,17.0,2,20,23.96,84.03,0,0,,0
2015,9278,"Forsett, Justin",RB,0009,Bear Dunn,7.0,3,21,23.57,83.6,1,0,,0
2015,9278,"Forsett, Justin",RB,0005,Kyle Creelman,15.0,4,21,23.82,83.42,1,0,,0
2015,9278,"Forsett, Justin",RB,0005,Kyle Creelman,25.0,5,21,23.99,83.41,0,1,0004,0
2015,9278,"Forsett, Justin",RB,0005,Kyle Creelman,31.0,6,21,23.9,83.32,0,0,,0
2015,9278,"Forsett, Justin",RB,0006,Steve Bousquet,20.0,7,0,21.11,80.43,1,0,,0
2015,9278,"Forsett, Justin",RB,0006,Steve Bousquet,21.0,8,0,23.97,80.41,1,0,,0
2015,9278,"Forsett, Justin",RB,0006,Steve Bousquet,22.0,9,0,23.54,79.95,1,0,,0
2015,9278,"Forsett, Justin",RB,0004,Brian Cutting,25.0,10,6,18.52,74.47,1,0,,0
2015,9278,"Forsett, Justin",RB,0004,Brian Cutting,26.0,11,10,19.9,70.37,1,0,,0
2015,9278,"Forsett, Justin",RB,0004,Brian Cutting,30.0,12,10,23.99,70.36,1,0,,0
2015,9278,"Forsett, Justin",RB,0004,Brian Cutting,33.0,13,10,23.99,70.35,0,1,0005,0
2015,9278,"Forsett, Justin",RB,0005,Kyle Creelman,36.0,14,11,22.65,69.01,0,1,0004,0
2015,9278,"Forsett, Justin",RB,0011,Eric Mannila,35.0,15,6,5.35,50.36,1,0,,0
2015,9278,"Forsett, Justin",RB,0011,Eric Mannila,37.0,16,6,23.94,50.3,0,1,0005,0
2015,9278,"Forsett, Justin",RB,0004,Brian Cutting,38.0,17,6,23.64,49.94,0,1,0011,0
2015,9278,"Forsett, Justin",RB,0004,Brian Cutting,40.0,18,8,22.27,48.21,0,0,,0
2015,9278,"Forsett, Justin",RB,0004,Brian Cutting,40.0,19,8,24.0,48.2,0,0,,0
2015,9278,"Forsett, Justin",RB,0004,Brian Cutting,40.0,20,8,24.0,48.2,0,0,,0
2015,9278,"Forsett, Justin",RB,0005,Kyle Creelman,41.0,21,8,23.81,48.01,0,1,0004,0
2015,9278,"Forsett, Justin",RB,0004,Brian Cutting,42.0,22,5,3.65,27.66,0,1,0005,0
2015,9278,"Forsett, Justin",RB,0005,Kyle Creelman,46.0,23,8,20.34,24.0,0,1,0004,0
2015,9278,"Forsett, Justin",RB,0004,Brian Cutting,45.0,24,11,21.39,21.39,1,0,,0
2015,9278,"Forsett, Justin",RB,0004,Brian Cutting,46.0,25,11,23.96,21.35,0,1,0005,0
2015,9278,"Forsett, Justin",RB,0005,Kyle Creelman,49.0,26,7,3.38,0.73,0,1,0004,0
2015,9278,"Forsett, Justin",RB,0005,Kyle Creelman,46.0,27,8,23.27,0.0,0,0,,1
2015,9299,"Carpenter, Dan",PK,0004,Brian Cutting,1.0,1,6,,27.28,0,0,,0
2015,9299,"Carpenter, Dan",PK,0001,Ryan Bousquet,2.0,2,9,20.88,24.16,0,1,0004,0
2015,9299,"Carpenter, Dan",PK,0001,Ryan Bousquet,2.0,3,9,0.0,0.0,0,0,,1
2015,9308,"Amendola, Danny",WR,0005,Kyle Creelman,1.0,1,8,,44.86,0,0,,0
2015,9308,"Amendola, Danny",WR,0006,Steve Bousquet,2.0,2,8,23.94,44.8,0,1,0005,0
2015,9308,"Amendola, Danny",WR,0007,Josh Martel,3.0,3,9,23.51,44.31,0,1,0006,0
2015,9308,"Amendola, Danny",WR,0006,Steve Bousquet,4.0,4,9,23.76,44.08,0,1,0007,0
2015,9308,"Amendola, Danny",WR,0011,Eric Mannila,5.0,5,4,4.69,24.77,0,1,0006,0
2015,9308,"Amendola, Danny",WR,0011,Eric Mannila,5.0,6,5,0.0,0.0,0,0,,1
2015,9360,"Hartley, Garrett",PK,0010,Shawn Blake,1.0,1,6,,24.05,0,0,,0
2015,9360,"Hartley, Garrett",PK,0010,Shawn Blake,1.0,2,6,0.0,0.0,0,0,,1
2015,9425,"Wake, Cameron",DE,0011,Eric Mannila,1.0,1,6,,26.76,0,0,,0
2015,9425,"Wake, Cameron",DE,0010,Shawn Blake,2.0,2,7,22.23,24.99,0,1,0011,0
2015,9425,"Wake, Cameron",DE,0011,Eric Mannila,3.0,3,8,23.02,24.01,0,1,0010,0
2015,9425,"Wake, Cameron",DE,0011,Eric Mannila,3.0,4,8,0.0,0.0,0,0,,1
2015,9429,"Sanchez, Mark",QB,0010,Shawn Blake,1.0,1,6,,24.77,0,0,,0
2015,9429,"Sanchez, Mark",QB,0010,Shawn Blake,1.0,2,7,0.0,0.0,0,0,,1
2015,9431,"Stafford, Matthew",QB,0008,Keith Creelman,1.0,1,1,,31.87,0,0,,0
2015,9431,"Stafford, Matthew",QB,0001,Ryan Bousquet,4.0,2,1,23.93,31.8,0,1,0008,0
2015,9431,"Stafford, Matthew",QB,0001,Ryan Bousquet,8.0,3,1,23.62,31.42,0,0,,0
2015,9431,"Stafford, Matthew",QB,0004,Brian Cutting,3.0,4,4,20.84,28.26,1,0,,0
2015,9431,"Stafford, Matthew",QB,0009,Bear Dunn,6.0,5,6,21.92,26.19,1,0,,0
2015,9431,"Stafford, Matthew",QB,0009,Bear Dunn,8.0,6,8,22.61,24.8,0,1,0001,0
2015,9431,"Stafford, Matthew",QB,0009,Bear Dunn,11.0,7,8,23.97,24.77,0,0,,0
2015,9431,"Stafford, Matthew",QB,0009,Bear Dunn,12.0,8,8,23.89,24.66,0,0,,0
2015,9431,"Stafford, Matthew",QB,0011,Eric Mannila,12.0,9,8,23.35,24.01,0,1,0009,0
2015,9431,"Stafford, Matthew",QB,0011,Eric Mannila,17.0,10,8,23.99,24.01,0,0,,0
2015,9431,"Stafford, Matthew",QB,0009,Bear Dunn,15.0,11,16,16.01,16.02,1,0,,0
2015,9431,"Stafford, Matthew",QB,0009,Bear Dunn,17.0,12,16,23.95,15.98,0,1,0011,0
2015,9431,"Stafford, Matthew",QB,0011,Eric Mannila,17.0,13,8,8.02,0.0,0,1,0009,1
2015,9441,"Harvin, Percy",WR,0011,Eric Mannila,1.0,1,6,,50.36,0,0,,0
2015,9441,"Harvin, Percy",WR,0001,Ryan Bousquet,4.0,2,13,16.91,43.27,0,1,0011,0
2015,9441,"Harvin, Percy",WR,0011,Eric Mannila,3.0,3,19,17.13,36.41,1,0,,0
2015,9441,"Harvin, Percy",WR,0009,Bear Dunn,4.0,4,8,11.8,24.2,0,1,0001,0
2015,9441,"Harvin, Percy",WR,0009,Bear Dunn,5.0,5,8,23.8,24.0,0,0,,0
2015,9441,"Harvin, Percy",WR,0009,Bear Dunn,5.0,6,8,0.0,0.0,0,0,,1
2015,9448,"McCoy, LeSean",RB,0002,Derrick Whitman,10.0,1,20,,62.99,0,0,,0
2015,9448,"McCoy, LeSean",RB,0004,Brian Cutting,10.0,2,20,23.63,62.62,0,1,0002,0
2015,9448,"McCoy, LeSean",RB,0004,Brian Cutting,15.0,3,20,24.0,62.61,0,0,,0
2015,9448,"McCoy, LeSean",RB,0004,Brian Cutting,35.0,4,20,23.92,62.53,0,0,,0
2015,9448,"McCoy, LeSean",RB,0002,Derrick Whitman,15.0,5,20,23.67,62.2,1,0,,0
2015,9448,"McCoy, LeSean",RB,0002,Derrick Whitman,24.0,6,23,21.63,59.82,1,0,,0
2015,9448,"McCoy, LeSean",RB,0006,Steve Bousquet,25.0,7,0,22.62,58.45,1,0,,0
2015,9448,"McCoy, LeSean",RB,0009,Bear Dunn,31.0,8,8,16.23,50.68,1,0,,0
2015,9448,"McCoy, LeSean",RB,0009,Bear Dunn,34.0,9,9,22.9,49.57,1,0,,0
2015,9448,"McCoy, LeSean",RB,0009,Bear Dunn,38.0,10,9,23.78,49.35,0,1,0004,0
2015,9448,"McCoy, LeSean",RB,0004,Brian Cutting,45.0,11,10,23.51,48.86,0,1,0009,0
2015,9448,"McCoy, LeSean",RB,0009,Bear Dunn,47.0,12,22,11.64,36.51,0,1,0004,0
2015,9448,"McCoy, LeSean",RB,0007,Josh Martel,52.0,13,2,20.58,33.08,0,1,0009,0
2015,9448,"McCoy, LeSean",RB,0011,Eric Mannila,50.0,14,6,20.06,29.14,1,0,,0
2015,9448,"McCoy, LeSean",RB,0011,Eric Mannila,55.0,15,6,23.71,28.85,0,1,0007,0
2015,9448,"McCoy, LeSean",RB,0004,Brian Cutting,55.0,16,9,20.99,25.84,0,1,0011,0
2015,9448,"McCoy, LeSean",RB,0004,Brian Cutting,56.0,17,9,23.99,25.83,0,0,,0
2015,9448,"McCoy, LeSean",RB,0004,Brian Cutting,59.0,18,9,23.99,25.82,0,0,,0
2015,9448,"McCoy, LeSean",RB,0004,Brian Cutting,60.0,19,9,23.93,25.75,0,0,,0
2015,9448,"McCoy, LeSean",RB,0011,Eric Mannila,60.0,20,9,23.92,25.67,0,1,0004,0
2015,9448,"McCoy, LeSean",RB,0011,Eric Mannila,62.0,21,9,23.99,25.67,0,0,,0
2015,9448,"McCoy, LeSean",RB,0007,Josh Martel,65.0,22,10,22.8,24.47,0,1,0011,0
2015,9448,"McCoy, LeSean",RB,0011,Eric Mannila,65.0,23,11,23.58,24.04,0,1,0007,0
2015,9448,"McCoy, LeSean",RB,0011,Eric Mannila,67.0,24,11,23.99,24.04,0,0,,0
2015,9448,"McCoy, LeSean",RB,0011,Eric Mannila,66.0,25,11,0.0,0.0,0,0,,1
2015,9464,"Matthews, Clay",LB,0011,Eric Mannila,1.0,1,15,,24.44,0,0,,0
2015,9464,"Matthews, Clay",LB,0011,Eric Mannila,1.0,2,16,0.0,0.0,0,0,,1
2015,9474,"Cook, Jared",TE,0004,Brian Cutting,2.0,1,11,,24.17,0,0,,0
2015,9474,"Cook, Jared",TE,0004,Brian Cutting,1.0,2,11,0.0,0.0,0,0,,1
2015,9494,"Barwin, Connor",LB,0003,Kris Lake,1.0,1,21,,24.2,0,0,,0
2015,9494,"Barwin, Connor",LB,0003,Kris Lake,1.0,2,21,0.0,0.0,0,0,,1
2015,9517,"Levy, DeAndre",LB,0001,Ryan Bousquet,5.0,1,10,,145.56,0,0,,0
2015,9517,"Levy, DeAndre",LB,0001,Ryan Bousquet,6.0,2,7,0.0,52.78,0,0,,0
2015,9517,"Levy, DeAndre",LB,0009,Bear Dunn,3.0,3,8,22.84,51.62,1,0,,0
2015,9517,"Levy, DeAndre",LB,0009,Bear Dunn,6.0,4,8,23.99,51.61,0,1,0001,0
2015,9517,"Levy, DeAndre",LB,0011,Eric Mannila,7.0,5,8,23.89,51.49,0,1,0009,0
2015,9517,"Levy, DeAndre",LB,0001,Ryan Bousquet,8.0,6,12,20.47,47.96,0,1,0011,0
2015,9517,"Levy, DeAndre",LB,0011,Eric Mannila,9.0,7,12,0.13,24.09,0,1,0001,0
2015,9517,"Levy, DeAndre",LB,0011,Eric Mannila,9.0,8,12,0.0,0.0,0,0,,1
2015,9525,"Wallace, Mike",WR,0002,Derrick Whitman,4.0,1,1,,55.01,0,0,,0
2015,9525,"Wallace, Mike",WR,0001,Ryan Bousquet,10.0,2,1,23.95,54.96,0,1,0002,0
2015,9525,"Wallace, Mike",WR,0010,Shawn Blake,10.0,3,6,18.98,49.94,0,1,0001,0
2015,9525,"Wallace, Mike",WR,0008,Keith Creelman,11.0,4,21,9.01,34.94,0,1,0010,0
2015,9525,"Wallace, Mike",WR,0004,Brian Cutting,12.0,5,8,13.06,24.0,0,1,0008,0
2015,9525,"Wallace, Mike",WR,0004,Brian Cutting,13.0,6,12,19.45,19.46,0,0,,0
2015,9525,"Wallace, Mike",WR,0008,Keith Creelman,13.0,7,12,23.83,19.29,0,1,0004,0
2015,9525,"Wallace, Mike",WR,0004,Brian Cutting,13.0,8,8,4.71,0.0,0,1,0008,1
2015,9535,"Johnson, Rashad",S,0004,Brian Cutting,2.0,1,5,,35.24,0,0,,0
2015,9535,"Johnson, Rashad",S,0010,Shawn Blake,2.0,2,6,22.9,34.14,0,1,0004,0
2015,9535,"Johnson, Rashad",S,0010,Shawn Blake,3.0,3,15,15.19,25.33,0,0,,0
2015,9535,"Johnson, Rashad",S,0004,Brian Cutting,4.0,4,16,22.72,24.05,0,1,0010,0
2015,9535,"Johnson, Rashad",S,0004,Brian Cutting,4.0,5,16,0.0,0.0,0,0,,1
2015,9577,"Huber, Kevin",PN,0008,Keith Creelman,1.0,1,9,,24.03,0,0,,0
2015,9577,"Huber, Kevin",PN,0008,Keith Creelman,1.0,2,9,0.0,0.0,0,0,,1
2015,9652,"McAfee, Pat",PN,0002,Derrick Whitman,1.0,1,7,,24.04,0,0,,0
2015,9652,"McAfee, Pat",PN,0002,Derrick Whitman,1.0,2,7,0.0,0.0,0,0,,1
2015,9690,"Foster, Arian",RB,0004,Brian Cutting,5.0,1,6,,73.37,0,0,,0
2015,9690,"Foster, Arian",RB,0008,Keith Creelman,18.0,2,8,22.57,71.93,0,1,0004,0
2015,9690,"Foster, Arian",RB,0004,Brian Cutting,10.0,3,8,23.76,71.69,1,0,,0
2015,9690,"Foster, Arian",RB,0004,Brian Cutting,12.0,4,8,23.99,71.68,1,0,,0
2015,9690,"Foster, Arian",RB,0004,Brian Cutting,15.0,5,8,24.0,71.68,1,0,,0
2015,9690,"Foster, Arian",RB,0004,Brian Cutting,16.0,6,9,22.72,70.4,1,0,,0
2015,9690,"Foster, Arian",RB,0004,Brian Cutting,20.0,7,9,23.98,70.37,0,1,0008,0
2015,9690,"Foster, Arian",RB,0004,Brian Cutting,22.0,8,9,23.99,70.37,0,0,,0
2015,9690,"Foster, Arian",RB,0006,Steve Bousquet,20.0,9,10,23.66,70.03,1,0,,0
2015,9690,"Foster, Arian",RB,0008,Keith Creelman,26.0,10,12,21.65,67.68,0,1,0004,0
2015,9690,"Foster, Arian",RB,0006,Steve Bousquet,25.0,11,13,22.68,66.36,1,0,,0
2015,9690,"Foster, Arian",RB,0007,Josh Martel,30.0,12,16,21.37,63.73,0,1,0008,0
2015,9690,"Foster, Arian",RB,0010,Shawn Blake,28.0,13,18,22.12,61.85,1,0,,0
2015,9690,"Foster, Arian",RB,0004,Brian Cutting,30.0,14,20,22.28,60.14,0,1,0007,0
2015,9690,"Foster, Arian",RB,0004,Brian Cutting,31.0,15,20,23.99,60.13,0,0,,0
2015,9690,"Foster, Arian",RB,0007,Josh Martel,35.0,16,22,21.61,57.74,0,1,0004,0
2015,9690,"Foster, Arian",RB,0004,Brian Cutting,35.0,17,5,17.42,51.16,0,1,0007,0
2015,9690,"Foster, Arian",RB,0004,Brian Cutting,36.0,18,17,11.33,38.49,0,0,,0
2015,9690,"Foster, Arian",RB,0004,Brian Cutting,37.0,19,17,23.99,38.48,0,0,,0
2015,9690,"Foster, Arian",RB,0007,Josh Martel,40.0,20,21,20.64,35.12,0,1,0004,0
2015,9690,"Foster, Arian",RB,0004,Brian Cutting,39.0,21,4,16.41,27.53,1,0,,0
2015,9690,"Foster, Arian",RB,0004,Brian Cutting,40.0,22,4,23.65,27.18,0,1,0007,0
2015,9690,"Foster, Arian",RB,0004,Brian Cutting,45.0,23,8,20.83,24.01,0,0,,0
2015,9690,"Foster, Arian",RB,0004,Brian Cutting,41.0,24,8,0.0,0.0,0,0,,1
2015,9693,"Woodhead, Danny",RB,0007,Josh Martel,4.0,1,9,,45.1,0,0,,0
2015,9693,"Woodhead, Danny",RB,0010,Shawn Blake,10.0,2,9,23.96,45.06,0,1,0007,0
2015,9693,"Woodhead, Danny",RB,0006,Steve Bousquet,8.0,3,9,23.72,44.77,1,0,,0
2015,9693,"Woodhead, Danny",RB,0006,Steve Bousquet,10.0,4,9,24.0,44.77,0,1,0010,0
2015,9693,"Woodhead, Danny",RB,0006,Steve Bousquet,12.0,5,10,23.89,44.66,0,0,,0
2015,9693,"Woodhead, Danny",RB,0010,Shawn Blake,12.0,6,10,23.71,44.37,0,1,0006,0
2015,9693,"Woodhead, Danny",RB,0008,Keith Creelman,15.0,7,13,20.76,41.13,0,1,0010,0
2015,9693,"Woodhead, Danny",RB,0006,Steve Bousquet,14.0,8,15,22.44,39.57,1,0,,0
2015,9693,"Woodhead, Danny",RB,0006,Steve Bousquet,15.0,9,15,23.99,39.56,0,1,0008,0
2015,9693,"Woodhead, Danny",RB,0009,Bear Dunn,16.0,10,22,16.77,32.33,0,1,0006,0
2015,9693,"Woodhead, Danny",RB,0008,Keith Creelman,19.0,11,6,15.75,24.08,0,1,0009,0
2015,9693,"Woodhead, Danny",RB,0006,Steve Bousquet,18.0,12,16,13.87,13.95,1,0,,0
2015,9693,"Woodhead, Danny",RB,0008,Keith Creelman,18.0,13,6,10.05,0.0,0,0,,1
2015,9815,"Suh, Ndamukong",DT,0002,Derrick Whitman,3.0,1,0,,24.03,0,0,,0
2015,9815,"Suh, Ndamukong",DT,0007,Josh Martel,2.0,2,9,14.89,14.92,1,0,,0
2015,9815,"Suh, Ndamukong",DT,0007,Josh Martel,3.0,3,9,23.98,14.9,0,1,0002,0
2015,9815,"Suh, Ndamukong",DT,0002,Derrick Whitman,4.0,4,11,21.48,12.39,0,1,0007,0
2015,9815,"Suh, Ndamukong",DT,0002,Derrick Whitman,3.0,5,0,11.61,0.0,0,0,,1
2015,9817,"Bradford, Sam",QB,0007,Josh Martel,5.0,1,7,,24.07,0,0,,0
2015,9817,"Bradford, Sam",QB,0010,Shawn Blake,5.0,2,7,23.94,24.01,0,1,0007,0
2015,9817,"Bradford, Sam",QB,0007,Josh Martel,8.0,3,9,21.46,21.47,0,1,0010,0
2015,9817,"Bradford, Sam",QB,0001,Ryan Bousquet,6.0,4,13,19.94,17.41,1,0,,0
2015,9817,"Bradford, Sam",QB,0007,Josh Martel,10.0,5,14,22.99,16.4,0,0,,0
2015,9817,"Bradford, Sam",QB,0006,Steve Bousquet,7.0,6,16,22.63,15.04,1,0,,0
2015,9817,"Bradford, Sam",QB,0007,Josh Martel,12.0,7,16,23.47,14.5,0,0,,0
2015,9817,"Bradford, Sam",QB,0007,Josh Martel,7.0,8,7,9.5,0.0,0,0,,1
2015,9819,"McCoy, Gerald",DT,0004,Brian Cutting,1.0,1,9,,24.22,0,0,,0
2015,9819,"McCoy, Gerald",DT,0004,Brian Cutting,1.0,2,9,0.0,0.0,0,0,,1
2015,9820,"Haden, Joe",CB,0004,Brian Cutting,1.0,1,11,,24.12,0,0,,0
2015,9820,"Haden, Joe",CB,0004,Brian Cutting,1.0,2,11,0.0,0.0,0,0,,1
2015,9825,"Dunlap, Carlos",DE,0006,Steve Bousquet,2.0,1,10,,29.58,0,0,,0
2015,9825,"Dunlap, Carlos",DE,0001,Ryan Bousquet,4.0,2,10,23.75,29.33,0,1,0006,0
2015,9825,"Dunlap, Carlos",DE,0006,Steve Bousquet,4.0,3,11,23.76,29.09,0,1,0001,0
2015,9825,"Dunlap, Carlos",DE,0009,Bear Dunn,5.0,4,16,18.91,24.01,0,1,0006,0
2015,9825,"Dunlap, Carlos",DE,0009,Bear Dunn,5.0,5,16,0.0,0.0,0,0,,1
2015,9828,"Griffen, Everson",DE,0009,Bear Dunn,4.0,1,6,,29.78,0,0,,0
2015,9828,"Griffen, Everson",DE,0001,Ryan Bousquet,5.0,2,12,18.26,24.03,0,1,0009,0
2015,9828,"Griffen, Everson",DE,0001,Ryan Bousquet,5.0,3,12,0.0,0.0,0,0,,1
2015,9831,"Tate, Golden",WR,0001,Ryan Bousquet,34.0,1,21,,24.01,0,0,,0
2015,9831,"Tate, Golden",WR,0005,Kyle Creelman,15.0,2,21,23.97,23.98,1,0,,0
2015,9831,"Tate, Golden",WR,0005,Kyle Creelman,19.0,3,21,23.94,23.92,1,0,,0
2015,9831,"Tate, Golden",WR,0006,Steve Bousquet,22.0,4,9,12.04,11.96,1,0,,0
2015,9831,"Tate, Golden",WR,0008,Keith Creelman,23.0,5,14,19.31,7.27,1,0,,0
2015,9831,"Tate, Golden",WR,0001,Ryan Bousquet,40.0,6,16,21.58,4.85,0,0,,0
2015,9831,"Tate, Golden",WR,0008,Keith Creelman,26.0,7,16,23.65,4.5,1,0,,0
2015,9831,"Tate, Golden",WR,0004,Brian Cutting,27.0,8,18,22.63,3.13,1,0,,0
2015,9831,"Tate, Golden",WR,0001,Ryan Bousquet,27.0,9,21,20.87,0.0,0,0,,1
2015,9833,"Pierre-Paul, Jason",DE,0009,Bear Dunn,1.0,1,8,,24.01,0,0,,0
2015,9833,"Pierre-Paul, Jason",DE,0009,Bear Dunn,2.0,2,15,16.6,16.61,0,0,,0
2015,9833,"Pierre-Paul, Jason",DE,0006,Steve Bousquet,2.0,3,15,23.76,16.37,0,1,0009,0
2015,9833,"Pierre-Paul, Jason",DE,0009,Bear Dunn,2.0,4,8,7.63,0.0,0,1,0006,1
2015,9840,"Bowman, Navorro",LB,0001,Ryan Bousquet,4.0,1,0,,44.58,0,0,,0
2015,9840,"Bowman, Navorro",LB,0004,Brian Cutting,2.0,2,5,19.86,40.44,1,0,,0
2015,9840,"Bowman, Navorro",LB,0010,Shawn Blake,3.0,3,8,21.02,37.46,1,0,,0
2015,9840,"Bowman, Navorro",LB,0009,Bear Dunn,6.0,4,9,22.08,35.54,0,1,0001,0
2015,9840,"Bowman, Navorro",LB,0009,Bear Dunn,7.0,5,9,24.0,35.54,0,0,,0
2015,9840,"Bowman, Navorro",LB,0007,Josh Martel,8.0,6,21,12.52,24.06,0,1,0009,0
2015,9840,"Bowman, Navorro",LB,0007,Josh Martel,9.0,7,21,23.98,24.04,0,0,,0
2015,9840,"Bowman, Navorro",LB,0007,Josh Martel,8.0,8,21,0.0,0.0,0,0,,1
2015,9843,"LaFell, Brandon",WR,0012,Chris Klingenberg,1.0,1,16,,92.01,0,0,,0
2015,9843,"LaFell, Brandon",WR,0008,Keith Creelman,4.0,2,3,0.0,56.81,0,1,0012,0
2015,9843,"LaFell, Brandon",WR,0001,Ryan Bousquet,12.0,3,7,19.62,52.43,0,1,0008,0
2015,9843,"LaFell, Brandon",WR,0006,Steve Bousquet,12.0,4,9,22.45,50.88,0,1,0001,0
2015,9843,"LaFell, Brandon",WR,0001,Ryan Bousquet,14.0,5,12,20.66,47.54,0,1,0006,0
2015,9843,"LaFell, Brandon",WR,0008,Keith Creelman,13.0,6,12,23.7,47.25,1,0,,0
2015,9843,"LaFell, Brandon",WR,0006,Steve Bousquet,15.0,7,13,23.49,46.73,0,1,0001,0
2015,9843,"LaFell, Brandon",WR,0007,Josh Martel,18.0,8,11,1.3,24.04,0,1,0006,0
2015,9843,"LaFell, Brandon",WR,0007,Josh Martel,16.0,9,12,0.0,0.0,0,0,,1
2015,9847,"Hardy, Greg",DE,0006,Steve Bousquet,1.0,1,15,,24.1,0,0,,0
2015,9847,"Hardy, Greg",DE,0006,Steve Bousquet,1.0,2,15,0.0,0.0,0,0,,1
2015,9851,"Mathews, Ryan",RB,0011,Eric Mannila,1.0,1,6,,103.61,0,0,,0
2015,9851,"Mathews, Ryan",RB,0010,Shawn Blake,10.0,2,6,23.99,103.6,0,1,0011,0
2015,9851,"Mathews, Ryan",RB,0008,Keith Creelman,6.0,3,6,23.48,103.08,1,0,,0
2015,9851,"Mathews, Ryan",RB,0008,Keith Creelman,11.0,4,6,24.0,103.08,0,1,0010,0
2015,9851,"Mathews, Ryan",RB,0010,Shawn Blake,12.0,5,7,22.86,101.94,0,1,0008,0
2015,9851,"Mathews, Ryan",RB,0008,Keith Creelman,15.0,6,14,17.72,95.65,0,1,0010,0
2015,9851,"Mathews, Ryan",RB,0006,Steve Bousquet,14.0,7,14,23.74,95.39,1,0,,0
2015,9851,"Mathews, Ryan",RB,0009,Bear Dunn,16.0,8,13,0.92,72.31,0,1,0008,0
2015,9851,"Mathews, Ryan",RB,0008,Keith Creelman,19.0,9,6,6.92,55.23,0,1,0009,0
2015,9851,"Mathews, Ryan",RB,0009,Bear Dunn,18.0,10,16,14.19,45.41,1,0,,0
2015,9851,"Mathews, Ryan",RB,0009,Bear Dunn,19.0,11,16,23.99,45.41,0,1,0008,0
2015,9851,"Mathews, Ryan",RB,0009,Bear Dunn,23.0,12,16,23.99,45.4,0,0,,0
2015,9851,"Mathews, Ryan",RB,0008,Keith Creelman,21.0,13,10,5.41,26.81,1,0,,0
2015,9851,"Mathews, Ryan",RB,0008,Keith Creelman,22.0,14,13,21.23,24.04,1,0,,0
2015,9851,"Mathews, Ryan",RB,0008,Keith Creelman,24.0,15,13,23.99,24.03,0,1,0009,0
2015,9851,"Mathews, Ryan",RB,0008,Keith Creelman,24.0,16,13,0.0,0.0,0,0,,1
2015,9853,"Hughes, Jerry",DE,0005,Kyle Creelman,3.0,1,12,,24.1,0,0,,0
2015,9853,"Hughes, Jerry",DE,0010,Shawn Blake,2.0,2,14,22.38,22.47,1,0,,0
2015,9853,"Hughes, Jerry",DE,0010,Shawn Blake,3.0,3,11,2.69,1.16,0,1,0005,0
2015,9853,"Hughes, Jerry",DE,0005,Kyle Creelman,3.0,4,12,22.84,0.0,0,1,0010,1
2015,9864,"Burnett, Morgan",S,0004,Brian Cutting,2.0,1,5,,31.85,0,0,,0
2015,9864,"Burnett, Morgan",S,0010,Shawn Blake,2.0,2,6,22.66,30.51,0,1,0004,0
2015,9864,"Burnett, Morgan",S,0011,Eric Mannila,3.0,3,9,21.35,27.86,0,1,0010,0
2015,9864,"Burnett, Morgan",S,0002,Derrick Whitman,4.0,4,12,20.16,24.02,0,1,0011,0
2015,9864,"Burnett, Morgan",S,0002,Derrick Whitman,4.0,5,12,0.0,0.0,0,0,,1
2015,9898,"Blount, LeGarrette",RB,0010,Shawn Blake,5.0,1,20,,24.92,0,0,,0
2015,9898,"Blount, LeGarrette",RB,0004,Brian Cutting,2.0,2,20,23.89,24.82,1,0,,0
2015,9898,"Blount, LeGarrette",RB,0001,Ryan Bousquet,11.0,3,21,23.2,24.01,0,1,0010,0
2015,9898,"Blount, LeGarrette",RB,0008,Keith Creelman,7.0,4,13,8.28,8.29,1,0,,0
2015,9898,"Blount, LeGarrette",RB,0008,Keith Creelman,8.0,5,19,17.45,1.74,1,0,,0
2015,9898,"Blount, LeGarrette",RB,0011,Eric Mannila,10.0,6,20,23.29,1.02,1,0,,0
2015,9898,"Blount, LeGarrette",RB,0011,Eric Mannila,11.0,7,20,23.99,1.02,0,1,0001,0
2015,9898,"Blount, LeGarrette",RB,0001,Ryan Bousquet,11.0,8,21,22.98,0.0,0,1,0011,1
2015,9964,"Cooper, Riley",WR,0011,Eric Mannila,1.0,1,7,,24.1,0,0,,0
2015,9964,"Cooper, Riley",WR,0011,Eric Mannila,1.0,2,7,0.0,0.0,0,0,,1
2015,9966,"Jones, Reshad",S,0009,Bear Dunn,4.0,1,7,,24.03,0,0,,0
2015,9966,"Jones, Reshad",S,0010,Shawn Blake,2.0,2,7,23.62,23.65,1,0,,0
2015,9966,"Jones, Reshad",S,0010,Shawn Blake,3.0,3,7,24.0,23.65,1,0,,0
2015,9966,"Jones, Reshad",S,0006,Steve Bousquet,4.0,4,22,9.52,9.17,0,1,0009,0
2015,9966,"Jones, Reshad",S,0009,Bear Dunn,4.0,5,7,14.83,0.0,0,1,0006,1
2015,9987,"Starks, James",RB,0007,Josh Martel,2.0,1,7,,57.96,0,0,,0
2015,9987,"Starks, James",RB,0006,Steve Bousquet,2.0,2,7,23.99,57.94,0,1,0007,0
2015,9987,"Starks, James",RB,0007,Josh Martel,3.0,3,7,23.95,57.9,0,1,0006,0
2015,9987,"Starks, James",RB,0006,Steve Bousquet,3.0,4,21,10.0,43.89,0,1,0007,0
2015,9987,"Starks, James",RB,0008,Keith Creelman,4.0,5,6,15.71,35.6,0,1,0006,0
2015,9987,"Starks, James",RB,0007,Josh Martel,5.0,6,13,16.38,27.98,0,1,0008,0
2015,9987,"Starks, James",RB,0009,Bear Dunn,6.0,7,16,20.78,24.76,0,1,0007,0
2015,9987,"Starks, James",RB,0009,Bear Dunn,6.0,8,17,0.0,0.0,0,0,,1
2016,10026,"Coleman, Kurt",S,0002,Derrick Whitman,1.0,1,12,,24.07,0,0,,0
2016,10026,"Coleman, Kurt",S,0002,Derrick Whitman,1.0,2,12,0.0,0.0,0,0,,1
2016,10074,"Church, Barry",S,0004,Brian Cutting,1.0,1,9,,47.88,0,0,,0
2016,10074,"Church, Barry",S,0010,Shawn Blake,2.0,2,9,0.32,24.2,0,1,0004,0
2016,10074,"Church, Barry",S,0004,Brian Cutting,3.0,3,9,23.81,24.02,0,1,0010,0
2016,10074,"Church, Barry",S,0004,Brian Cutting,3.0,4,9,0.0,0.0,0,0,,1
2016,10266,"Heyward, Cameron",DE,0003,Kris Lake,1.0,1,7,,24.57,0,0,,0
2016,10266,"Heyward, Cameron",DE,0003,Kris Lake,1.0,2,8,0.0,0.0,0,0,,1
2016,10269,"Quinn, Robert",DE,0005,Kyle Creelman,1.0,1,12,,28.16,0,0,,0
2016,10269,"Quinn, Robert",DE,0010,Shawn Blake,4.0,2,12,23.83,27.99,0,1,0005,0
2016,10269,"Quinn, Robert",DE,0012,Chris Klingenberg,5.0,3,14,22.59,26.58,0,1,0010,0
2016,10269,"Quinn, Robert",DE,0010,Shawn Blake,6.0,4,14,23.48,26.07,0,1,0012,0
2016,10269,"Quinn, Robert",DE,0004,Brian Cutting,7.0,5,16,22.06,24.12,0,1,0010,0
2016,10269,"Quinn, Robert",DE,0004,Brian Cutting,7.0,6,16,0.0,0.0,0,0,,1
2016,10277,"Houston, Justin",LB,0010,Shawn Blake,1.0,1,8,,29.14,0,0,,0
2016,10277,"Houston, Justin",LB,0003,Kris Lake,2.0,2,12,19.68,24.82,0,1,0010,0
2016,10277,"Houston, Justin",LB,0003,Kris Lake,2.0,3,13,0.0,0.0,0,0,,1
2016,10289,"Smith, Torrey",WR,0008,Keith Creelman,8.0,1,10,,45.77,0,0,,0
2016,10289,"Smith, Torrey",WR,0001,Ryan Bousquet,4.0,2,10,23.81,45.58,1,0,,0
2016,10289,"Smith, Torrey",WR,0010,Shawn Blake,6.0,3,20,14.56,36.14,1,0,,0
2016,10289,"Smith, Torrey",WR,0010,Shawn Blake,7.0,4,21,23.08,35.22,1,0,,0
2016,10289,"Smith, Torrey",WR,0006,Steve Bousquet,9.0,5,8,12.78,24.0,0,1,0008,0
2016,10289,"Smith, Torrey",WR,0006,Steve Bousquet,9.0,6,8,0.0,0.0,0,0,,1
2016,10302,"Murray, DeMarco",RB,0004,Brian Cutting,10.0,1,11,,130.86,0,0,,0
2016,10302,"Murray, DeMarco",RB,0008,Keith Creelman,17.0,2,11,23.93,130.79,0,1,0004,0
2016,10302,"Murray, DeMarco",RB,0004,Brian Cutting,21.0,3,14,21.54,128.33,0,1,0008,0
2016,10302,"Murray, DeMarco",RB,0005,Kyle Creelman,21.0,4,14,23.65,127.98,0,1,0004,0
2016,10302,"Murray, DeMarco",RB,0004,Brian Cutting,23.0,5,18,20.04,124.02,0,1,0005,0
2016,10302,"Murray, DeMarco",RB,0005,Kyle Creelman,23.0,6,20,21.81,121.83,0,1,0004,0
2016,10302,"Murray, DeMarco",RB,0005,Kyle Creelman,25.0,7,20,23.95,121.78,0,0,,0
2016,10302,"Murray, DeMarco",RB,0004,Brian Cutting,25.0,8,21,23.5,121.27,0,1,0005,0
2016,10302,"Murray, DeMarco",RB,0004,Brian Cutting,30.0,9,21,23.99,121.26,0,0,,0
2016,10302,"Murray, DeMarco",RB,0012,Chris Klingenberg,30.0,10,22,23.12,120.38,0,1,0004,0
2016,10302,"Murray, DeMarco",RB,0004,Brian Cutting,32.0,11,9,12.23,108.61,0,1,0012,0
2016,10302,"Murray, DeMarco",RB,0005,Kyle Creelman,33.0,12,18,15.47,100.08,0,1,0004,0
2016,10302,"Murray, DeMarco",RB,0004,Brian Cutting,35.0,13,20,22.21,98.29,0,1,0005,0
2016,10302,"Murray, DeMarco",RB,0005,Kyle Creelman,36.0,14,11,8.76,83.05,0,1,0004,0
2016,10302,"Murray, DeMarco",RB,0012,Chris Klingenberg,40.0,15,22,12.79,71.84,0,1,0005,0
2016,10302,"Murray, DeMarco",RB,0004,Brian Cutting,40.0,16,6,16.3,64.14,0,1,0012,0
2016,10302,"Murray, DeMarco",RB,0004,Brian Cutting,42.0,17,6,24.0,64.14,0,0,,0
2016,10302,"Murray, DeMarco",RB,0004,Brian Cutting,46.0,18,7,22.61,62.75,0,0,,0
2016,10302,"Murray, DeMarco",RB,0012,Chris Klingenberg,45.0,19,21,9.87,48.62,1,0,,0
2016,10302,"Murray, DeMarco",RB,0012,Chris Klingenberg,50.0,20,21,23.95,48.58,0,1,0004,0
2016,10302,"Murray, DeMarco",RB,0004,Brian Cutting,50.0,21,6,14.89,39.47,0,1,0012,0
2016,10302,"Murray, DeMarco",RB,0004,Brian Cutting,51.0,22,8,22.18,37.66,0,0,,0
2016,10302,"Murray, DeMarco",RB,0004,Brian Cutting,55.0,23,10,22.19,35.84,0,0,,0
2016,10302,"Murray, DeMarco",RB,0012,Chris Klingenberg,55.0,24,22,12.23,24.07,0,1,0004,0
2016,10302,"Murray, DeMarco",RB,0012,Chris Klingenberg,60.0,25,22,23.98,24.05,0,0,,0
2016,10302,"Murray, DeMarco",RB,0004,Brian Cutting,57.0,26,5,16.52,16.57,1,0,,0
2016,10302,"Murray, DeMarco",RB,0004,Brian Cutting,58.0,27,5,24.0,16.57,1,0,,0
2016,10302,"Murray, DeMarco",RB,0004,Brian Cutting,59.0,28,5,24.0,16.57,1,0,,0
2016,10302,"Murray, DeMarco",RB,0012,Chris Klingenberg,59.0,29,22,7.43,0.0,0,0,,1
2016,10303,"Vereen, Shane",RB,0008,Keith Creelman,3.0,1,8,,38.16,0,0,,0
2016,10303,"Vereen, Shane",RB,0001,Ryan Bousquet,2.0,2,9,22.85,37.02,1,0,,0
2016,10303,"Vereen, Shane",RB,0005,Kyle Creelman,3.0,3,22,11.0,24.01,0,1,0008,0
2016,10303,"Vereen, Shane",RB,0005,Kyle Creelman,4.0,4,22,23.99,24.01,0,0,,0
2016,10303,"Vereen, Shane",RB,0005,Kyle Creelman,4.0,5,22,0.0,0.0,0,0,,1
2016,10312,"Rudolph, Kyle",TE,0012,Chris Klingenberg,1.0,1,22,,33.35,0,0,,0
2016,10312,"Rudolph, Kyle",TE,0008,Keith Creelman,2.0,2,8,14.73,24.08,0,1,0012,0
2016,10312,"Rudolph, Kyle",TE,0008,Keith Creelman,2.0,3,8,0.0,0.0,0,0,,1
2016,10314,"Wilkerson, Muhammad",DE,0009,Bear Dunn,3.0,1,8,,24.06,0,0,,0
2016,10314,"Wilkerson, Muhammad",DE,0001,Ryan Bousquet,2.0,2,9,22.68,22.74,1,0,,0
2016,10314,"Wilkerson, Muhammad",DE,0001,Ryan Bousquet,3.0,3,9,23.87,22.61,0,1,0009,0
2016,10314,"Wilkerson, Muhammad",DE,0009,Bear Dunn,3.0,4,8,1.39,0.0,0,1,0001,1
2016,10320,"Sheard, Jabaal",DE,0005,Kyle Creelman,2.0,1,14,,24.22,0,0,,0
2016,10320,"Sheard, Jabaal",DE,0006,Steve Bousquet,2.0,2,14,23.88,24.1,0,1,0005,0
2016,10320,"Sheard, Jabaal",DE,0005,Kyle Creelman,2.0,3,14,0.0,0.0,0,1,0006,1
2016,10350,"Wright, K.J.",LB,0002,Derrick Whitman,1.0,1,21,,24.09,0,0,,0
2016,10350,"Wright, K.J.",LB,0002,Derrick Whitman,1.0,2,21,0.0,0.0,0,0,,1
2016,10352,"Cameron, Jordan",TE,0012,Chris Klingenberg,1.0,1,15,,24.85,0,0,,0
2016,10352,"Cameron, Jordan",TE,0012,Chris Klingenberg,1.0,2,15,0.0,0.0,0,0,,1
2016,10409,"Clay, Charles",TE,0004,Brian Cutting,2.0,1,9,,47.71,0,0,,0
2016,10409,"Clay, Charles",TE,0003,Kris Lake,2.0,2,8,0.34,24.05,0,1,0004,0
2016,10409,"Clay, Charles",TE,0003,Kris Lake,3.0,3,8,23.99,24.05,0,0,,0
2016,10409,"Clay, Charles",TE,0003,Kris Lake,3.0,4,8,0.0,0.0,0,0,,1
2016,10410,"Harris, Dwayne",WR,0001,Ryan Bousquet,1.0,1,13,,43.3,0,0,,0
2016,10410,"Harris, Dwayne",WR,0005,Kyle Creelman,2.0,2,8,5.29,24.59,0,1,0001,0
2016,10410,"Harris, Dwayne",WR,0005,Kyle Creelman,2.0,3,8,0.0,0.0,0,0,,1
2016,10465,"Smith, Malcolm",LB,0001,Ryan Bousquet,5.0,1,8,,24.01,0,0,,0
2016,10465,"Smith, Malcolm",LB,0006,Steve Bousquet,2.0,2,8,23.91,23.92,1,0,,0
2016,10465,"Smith, Malcolm",LB,0001,Ryan Bousquet,2.0,3,8,0.08,0.0,0,0,,1
2016,10500,"Pryor, Terrelle",WR,0007,Josh Martel,4.0,1,17,,24.34,0,0,,0
2016,10500,"Pryor, Terrelle",WR,0001,Ryan Bousquet,4.0,2,18,23.46,23.8,0,1,0007,0
2016,10500,"Pryor, Terrelle",WR,0007,Josh Martel,4.0,3,18,0.2,0.0,0,1,0001,1
2016,10506,"Bailey, Dan",PK,0001,Ryan Bousquet,2.0,1,9,,24.04,0,0,,0
2016,10506,"Bailey, Dan",PK,0001,Ryan Bousquet,1.0,2,10,0.0,0.0,0,0,,1
2016,10651,"Aiken, Kamar",WR,0011,Eric Mannila,1.0,1,4,,97.71,0,0,,0
2016,10651,"Aiken, Kamar",WR,0011,Eric Mannila,1.0,2,13,0.0,64.57,0,0,,0
2016,10651,"Aiken, Kamar",WR,0008,Keith Creelman,9.0,3,13,23.97,64.54,0,1,0011,0
2016,10651,"Aiken, Kamar",WR,0006,Steve Bousquet,4.0,4,13,23.77,64.31,1,0,,0
2016,10651,"Aiken, Kamar",WR,0006,Steve Bousquet,6.0,5,13,23.99,64.3,1,0,,0
2016,10651,"Aiken, Kamar",WR,0001,Ryan Bousquet,10.0,6,13,23.75,64.06,0,1,0008,0
2016,10651,"Aiken, Kamar",WR,0008,Keith Creelman,13.0,7,13,23.89,63.94,0,1,0001,0
2016,10651,"Aiken, Kamar",WR,0005,Kyle Creelman,12.0,8,16,21.75,61.69,1,0,,0
2016,10651,"Aiken, Kamar",WR,0005,Kyle Creelman,14.0,9,16,23.82,61.51,0,1,0008,0
2016,10651,"Aiken, Kamar",WR,0006,Steve Bousquet,16.0,10,16,23.8,61.32,0,1,0005,0
2016,10651,"Aiken, Kamar",WR,0005,Kyle Creelman,18.0,11,19,20.55,57.87,0,1,0006,0
2016,10651,"Aiken, Kamar",WR,0010,Shawn Blake,18.0,12,20,23.81,57.68,0,1,0005,0
2016,10651,"Aiken, Kamar",WR,0006,Steve Bousquet,19.0,13,10,9.35,43.03,0,1,0010,0
2016,10651,"Aiken, Kamar",WR,0011,Eric Mannila,20.0,14,5,5.16,24.2,0,1,0006,0
2016,10651,"Aiken, Kamar",WR,0011,Eric Mannila,20.0,15,5,0.0,0.0,0,0,,1
2016,10689,"Draughn, Shaun",RB,0008,Keith Creelman,4.0,1,10,,118.66,0,0,,0
2016,10689,"Draughn, Shaun",RB,0006,Steve Bousquet,4.0,2,10,23.96,118.61,0,1,0008,0
2016,10689,"Draughn, Shaun",RB,0005,Kyle Creelman,5.0,3,8,2.05,96.66,0,1,0006,0
2016,10689,"Draughn, Shaun",RB,0004,Brian Cutting,6.0,4,20,11.99,84.66,0,1,0005,0
2016,10689,"Draughn, Shaun",RB,0005,Kyle Creelman,7.0,5,13,6.82,67.48,0,1,0004,0
2016,10689,"Draughn, Shaun",RB,0008,Keith Creelman,8.0,6,12,0.98,44.46,0,1,0005,0
2016,10689,"Draughn, Shaun",RB,0005,Kyle Creelman,11.0,7,13,22.67,43.13,0,1,0008,0
2016,10689,"Draughn, Shaun",RB,0008,Keith Creelman,14.0,8,14,23.6,42.73,0,1,0005,0
2016,10689,"Draughn, Shaun",RB,0005,Kyle Creelman,14.0,9,15,23.19,41.92,0,1,0008,0
2016,10689,"Draughn, Shaun",RB,0005,Kyle Creelman,16.0,10,9,6.11,24.02,0,0,,0
2016,10689,"Draughn, Shaun",RB,0005,Kyle Creelman,15.0,11,9,0.0,0.0,0,0,,1
2016,10696,"Griffin III, Robert",QB,0001,Ryan Bousquet,5.0,1,19,,37.87,0,0,,0
2016,10696,"Griffin III, Robert",QB,0006,Steve Bousquet,3.0,2,19,23.97,37.84,1,0,,0
2016,10696,"Griffin III, Robert",QB,0006,Steve Bousquet,4.0,3,19,24.0,37.83,1,0,,0
2016,10696,"Griffin III, Robert",QB,0008,Keith Creelman,5.0,4,9,10.23,24.07,0,1,0001,0
2016,10696,"Griffin III, Robert",QB,0008,Keith Creelman,6.0,5,9,23.99,24.05,0,0,,0
2016,10696,"Griffin III, Robert",QB,0008,Keith Creelman,6.0,6,9,0.0,0.0,0,0,,1
2016,10697,"Tannehill, Ryan",QB,0002,Derrick Whitman,5.0,1,11,,44.77,0,0,,0
2016,10697,"Tannehill, Ryan",QB,0006,Steve Bousquet,2.0,2,11,23.84,44.61,1,0,,0
2016,10697,"Tannehill, Ryan",QB,0006,Steve Bousquet,4.0,3,11,24.0,44.61,1,0,,0
2016,10697,"Tannehill, Ryan",QB,0006,Steve Bousquet,5.0,4,11,23.99,44.6,0,1,0002,0
2016,10697,"Tannehill, Ryan",QB,0006,Steve Bousquet,6.0,5,11,23.99,44.59,0,0,,0
2016,10697,"Tannehill, Ryan",QB,0011,Eric Mannila,7.0,6,16,19.05,39.64,0,1,0006,0
2016,10697,"Tannehill, Ryan",QB,0006,Steve Bousquet,8.0,7,16,23.87,39.5,0,1,0011,0
2016,10697,"Tannehill, Ryan",QB,0002,Derrick Whitman,9.0,8,8,8.52,24.02,0,1,0006,0
2016,10697,"Tannehill, Ryan",QB,0002,Derrick Whitman,10.0,9,7,1.05,1.07,0,0,,0
2016,10697,"Tannehill, Ryan",QB,0002,Derrick Whitman,9.0,10,8,22.93,0.0,0,0,,1
2016,10700,"Cousins, Kirk",QB,0010,Shawn Blake,5.0,1,8,,36.48,0,0,,0
2016,10700,"Cousins, Kirk",QB,0006,Steve Bousquet,4.0,2,9,22.97,35.44,1,0,,0
2016,10700,"Cousins, Kirk",QB,0006,Steve Bousquet,5.0,3,9,23.95,35.39,0,1,0010,0
2016,10700,"Cousins, Kirk",QB,0006,Steve Bousquet,10.0,4,10,22.57,33.96,0,0,,0
2016,10700,"Cousins, Kirk",QB,0010,Shawn Blake,8.0,5,11,23.42,33.38,1,0,,0
2016,10700,"Cousins, Kirk",QB,0005,Kyle Creelman,12.0,6,13,21.57,30.96,0,1,0006,0
2016,10700,"Cousins, Kirk",QB,0006,Steve Bousquet,12.0,7,14,23.62,30.58,0,1,0005,0
2016,10700,"Cousins, Kirk",QB,0006,Steve Bousquet,13.0,8,14,23.99,30.57,0,0,,0
2016,10700,"Cousins, Kirk",QB,0005,Kyle Creelman,16.0,9,20,17.51,24.08,0,1,0006,0
2016,10700,"Cousins, Kirk",QB,0005,Kyle Creelman,14.0,10,20,0.0,0.0,0,0,,1
2016,10702,"Osweiler, Brock",QB,0009,Bear Dunn,3.0,1,8,,24.04,0,0,,0
2016,10702,"Osweiler, Brock",QB,0009,Bear Dunn,4.0,2,8,23.98,24.02,0,0,,0
2016,10702,"Osweiler, Brock",QB,0004,Brian Cutting,2.0,3,9,22.8,22.82,1,0,,0
2016,10702,"Osweiler, Brock",QB,0003,Kris Lake,3.0,4,11,21.46,20.28,1,0,,0
2016,10702,"Osweiler, Brock",QB,0001,Ryan Bousquet,4.0,5,16,19.09,15.37,0,1,0009,0
2016,10702,"Osweiler, Brock",QB,0009,Bear Dunn,4.0,6,8,8.63,0.0,0,1,0001,1
2016,10714,"Turbin, Robert",RB,0011,Eric Mannila,1.0,1,19,,24.39,0,0,,0
2016,10714,"Turbin, Robert",RB,0004,Brian Cutting,3.0,2,19,23.92,24.31,0,1,0011,0
2016,10714,"Turbin, Robert",RB,0011,Eric Mannila,3.0,3,19,23.5,23.81,0,1,0004,0
2016,10714,"Turbin, Robert",RB,0004,Brian Cutting,3.0,4,19,0.19,0.0,0,1,0011,1
2016,10720,"Wright, Kendall",WR,0010,Shawn Blake,1.0,1,8,,24.0,0,0,,0
2016,10720,"Wright, Kendall",WR,0010,Shawn Blake,1.0,2,8,0.0,0.0,0,0,,1
2016,10723,"Sanu, Mohamed",WR,0006,Steve Bousquet,1.0,1,8,,38.54,0,0,,0
2016,10723,"Sanu, Mohamed",WR,0006,Steve Bousquet,2.0,2,8,23.99,38.53,0,0,,0
2016,10723,"Sanu, Mohamed",WR,0006,Steve Bousquet,4.0,3,9,23.9,38.43,0,0,,0
2016,10723,"Sanu, Mohamed",WR,0011,Eric Mannila,2.0,4,9,23.87,38.3,1,0,,0
2016,10723,"Sanu, Mohamed",WR,0011,Eric Mannila,3.0,5,10,22.99,37.29,1,0,,0
2016,10723,"Sanu, Mohamed",WR,0012,Chris Klingenberg,5.0,6,22,11.23,24.52,0,1,0006,0
2016,10723,"Sanu, Mohamed",WR,0006,Steve Bousquet,6.0,7,23,23.76,24.28,0,1,0012,0
2016,10723,"Sanu, Mohamed",WR,0012,Chris Klingenberg,10.0,8,23,23.97,24.26,0,1,0006,0
2016,10723,"Sanu, Mohamed",WR,0006,Steve Bousquet,8.0,9,23,23.92,24.18,1,0,,0
2016,10723,"Sanu, Mohamed",WR,0012,Chris Klingenberg,8.0,10,23,0.0,0.0,0,0,,1
2016,10742,"Allen, Dwayne",TE,0006,Steve Bousquet,1.0,1,11,,68.8,0,0,,0
2016,10742,"Allen, Dwayne",TE,0006,Steve Bousquet,5.0,2,11,23.93,68.73,0,0,,0
2016,10742,"Allen, Dwayne",TE,0009,Bear Dunn,4.0,3,15,19.61,64.34,1,0,,0
2016,10742,"Allen, Dwayne",TE,0006,Steve Bousquet,7.0,4,15,23.98,64.32,0,0,,0
2016,10742,"Allen, Dwayne",TE,0010,Shawn Blake,5.0,5,20,19.53,59.84,1,0,,0
2016,10742,"Allen, Dwayne",TE,0010,Shawn Blake,6.0,6,20,23.97,59.82,1,0,,0
2016,10742,"Allen, Dwayne",TE,0010,Shawn Blake,7.0,7,6,13.41,49.23,0,1,0006,0
2016,10742,"Allen, Dwayne",TE,0005,Kyle Creelman,9.0,8,8,22.52,47.75,0,1,0010,0
2016,10742,"Allen, Dwayne",TE,0008,Keith Creelman,9.0,9,11,20.8,44.55,0,1,0005,0
2016,10742,"Allen, Dwayne",TE,0010,Shawn Blake,10.0,10,8,3.46,24.02,0,1,0008,0
2016,10742,"Allen, Dwayne",TE,0010,Shawn Blake,10.0,11,8,0.0,0.0,0,0,,1
2016,10743,"Fleener, Coby",TE,0007,Josh Martel,15.0,1,10,,72.2,0,0,,0
2016,10743,"Fleener, Coby",TE,0001,Ryan Bousquet,5.0,2,10,23.97,72.16,1,0,,0
2016,10743,"Fleener, Coby",TE,0006,Steve Bousquet,15.0,3,11,23.58,71.75,0,1,0007,0
2016,10743,"Fleener, Coby",TE,0006,Steve Bousquet,18.0,4,11,23.98,71.73,0,0,,0
2016,10743,"Fleener, Coby",TE,0007,Josh Martel,18.0,5,11,24.0,71.72,0,1,0006,0
2016,10743,"Fleener, Coby",TE,0007,Josh Martel,20.0,6,11,23.25,70.98,0,0,,0
2016,10743,"Fleener, Coby",TE,0010,Shawn Blake,21.0,7,12,23.8,70.78,0,1,0007,0
2016,10743,"Fleener, Coby",TE,0007,Josh Martel,22.0,8,12,23.77,70.55,0,1,0010,0
2016,10743,"Fleener, Coby",TE,0006,Steve Bousquet,23.0,9,12,23.42,69.97,0,1,0007,0
2016,10743,"Fleener, Coby",TE,0006,Steve Bousquet,25.0,10,16,20.97,66.94,0,0,,0
2016,10743,"Fleener, Coby",TE,0005,Kyle Creelman,24.0,11,10,5.25,48.18,1,0,,0
2016,10743,"Fleener, Coby",TE,0005,Kyle Creelman,25.0,12,10,23.8,47.99,0,1,0006,0
2016,10743,"Fleener, Coby",TE,0005,Kyle Creelman,26.0,13,10,23.98,47.97,0,0,,0
2016,10743,"Fleener, Coby",TE,0006,Steve Bousquet,28.0,14,10,0.05,24.03,0,1,0005,0
2016,10743,"Fleener, Coby",TE,0006,Steve Bousquet,27.0,15,10,0.0,0.0,0,0,,1
2016,10744,"Green, Ladarius",TE,0010,Shawn Blake,3.0,1,8,,51.78,0,0,,0
2016,10744,"Green, Ladarius",TE,0006,Steve Bousquet,4.0,2,9,23.04,50.82,0,1,0010,0
2016,10744,"Green, Ladarius",TE,0006,Steve Bousquet,7.0,3,9,23.18,49.99,0,0,,0
2016,10744,"Green, Ladarius",TE,0007,Josh Martel,11.0,4,10,23.18,49.18,0,1,0006,0
2016,10744,"Green, Ladarius",TE,0006,Steve Bousquet,10.0,5,11,23.54,48.72,1,0,,0
2016,10744,"Green, Ladarius",TE,0006,Steve Bousquet,13.0,6,11,23.98,48.7,0,1,0007,0
2016,10744,"Green, Ladarius",TE,0007,Josh Martel,13.0,7,11,24.0,48.7,0,1,0006,0
2016,10744,"Green, Ladarius",TE,0007,Josh Martel,15.0,8,11,23.25,47.95,0,0,,0
2016,10744,"Green, Ladarius",TE,0006,Steve Bousquet,15.0,9,12,23.91,47.86,0,1,0007,0
2016,10744,"Green, Ladarius",TE,0006,Steve Bousquet,16.0,10,11,0.28,24.14,0,0,,0
2016,10744,"Green, Ladarius",TE,0007,Josh Martel,18.0,11,11,23.86,24.0,0,1,0006,0
2016,10744,"Green, Ladarius",TE,0007,Josh Martel,20.0,12,12,23.67,23.67,0,0,,0
2016,10744,"Green, Ladarius",TE,0009,Bear Dunn,18.0,13,15,20.51,20.18,1,0,,0
2016,10744,"Green, Ladarius",TE,0007,Josh Martel,22.0,14,9,6.31,2.49,0,0,,0
2016,10744,"Green, Ladarius",TE,0007,Josh Martel,18.0,15,11,21.51,0.0,0,0,,1
2016,10749,"Ingram, Melvin",LB,0011,Eric Mannila,1.0,1,19,,24.35,0,0,,0
2016,10749,"Ingram, Melvin",LB,0011,Eric Mannila,1.0,2,19,0.0,0.0,0,0,,1
2016,10762,"Cox, Fletcher",DT,0008,Keith Creelman,1.0,1,8,,24.34,0,0,,0
2016,10762,"Cox, Fletcher",DT,0001,Ryan Bousquet,2.0,2,8,23.73,24.08,0,1,0008,0
2016,10762,"Cox, Fletcher",DT,0001,Ryan Bousquet,2.0,3,8,0.0,0.0,0,0,,1
2016,10768,"David, Lavonte",LB,0001,Ryan Bousquet,8.0,1,10,,47.66,0,0,,0
2016,10768,"David, Lavonte",LB,0006,Steve Bousquet,4.0,2,10,23.74,47.4,1,0,,0
2016,10768,"David, Lavonte",LB,0006,Steve Bousquet,4.0,3,10,24.0,47.4,1,0,,0
2016,10768,"David, Lavonte",LB,0010,Shawn Blake,5.0,4,9,0.93,24.33,1,0,,0
2016,10768,"David, Lavonte",LB,0011,Eric Mannila,6.0,5,9,23.71,24.03,1,0,,0
2016,10768,"David, Lavonte",LB,0011,Eric Mannila,7.0,6,9,23.98,24.02,1,0,,0
2016,10768,"David, Lavonte",LB,0011,Eric Mannila,8.0,7,9,23.99,24.01,0,1,0001,0
2016,10768,"David, Lavonte",LB,0011,Eric Mannila,9.0,8,9,23.99,24.0,0,0,,0
2016,10768,"David, Lavonte",LB,0011,Eric Mannila,9.0,9,9,0.0,0.0,0,0,,1
2016,10774,"Hightower, Dont'a",LB,0004,Brian Cutting,4.0,1,9,,24.01,0,0,,0
2016,10774,"Hightower, Dont'a",LB,0004,Brian Cutting,1.0,2,9,0.0,0.0,0,0,,1
2016,10775,"Wagner, Bobby",LB,0011,Eric Mannila,1.0,1,8,,24.31,0,0,,0
2016,10775,"Wagner, Bobby",LB,0006,Steve Bousquet,2.0,2,8,23.98,24.29,0,1,0011,0
2016,10775,"Wagner, Bobby",LB,0001,Ryan Bousquet,4.0,3,8,23.71,24.0,0,1,0006,0
2016,10775,"Wagner, Bobby",LB,0006,Steve Bousquet,4.0,4,11,21.25,21.25,0,1,0001,0
2016,10775,"Wagner, Bobby",LB,0001,Ryan Bousquet,4.0,5,8,2.75,0.0,0,1,0006,1
2016,10782,"Barron, Mark",LB,0002,Derrick Whitman,1.0,1,8,,24.46,0,0,,0
2016,10782,"Barron, Mark",LB,0001,Ryan Bousquet,2.0,2,8,23.88,24.34,0,1,0002,0
2016,10782,"Barron, Mark",LB,0011,Eric Mannila,3.0,3,8,23.7,24.04,0,1,0001,0
2016,10782,"Barron, Mark",LB,0011,Eric Mannila,3.0,4,8,0.0,0.0,0,0,,1
2016,10783,"Smith, Harrison",S,0006,Steve Bousquet,1.0,1,8,,24.91,0,0,,0
2016,10783,"Smith, Harrison",S,0006,Steve Bousquet,2.0,2,8,24.0,24.91,0,0,,0
2016,10783,"Smith, Harrison",S,0009,Bear Dunn,3.0,3,9,23.29,24.2,0,1,0006,0
2016,10783,"Smith, Harrison",S,0009,Bear Dunn,3.0,4,9,0.0,0.0,0,0,,1
2016,10815,"Vernon, Olivier",DE,0008,Keith Creelman,1.0,1,8,,40.62,0,0,,0
2016,10815,"Vernon, Olivier",DE,0001,Ryan Bousquet,2.0,2,23,8.66,25.27,0,1,0008,0
2016,10815,"Vernon, Olivier",DE,0001,Ryan Bousquet,2.0,3,0,0.0,0.0,0,0,,1
2016,10847,"Whitehead, Tahir",LB,0008,Keith Creelman,1.0,1,8,,24.01,0,0,,0
2016,10847,"Whitehead, Tahir",LB,0008,Keith Creelman,1.0,2,8,0.0,0.0,0,0,,1
2016,10851,"Norman, Josh",CB,0012,Chris Klingenberg,1.0,1,21,,24.28,0,0,,0
2016,10851,"Norman, Josh",CB,0012,Chris Klingenberg,1.0,2,22,0.0,0.0,0,0,,1
2016,10870,"Morris, Alfred",RB,0001,Ryan Bousquet,1.0,1,12,,44.05,0,0,,0
2016,10870,"Morris, Alfred",RB,0008,Keith Creelman,2.0,2,8,3.98,24.02,0,1,0001,0
2016,10870,"Morris, Alfred",RB,0008,Keith Creelman,2.0,3,8,0.0,0.0,0,0,,1
2016,10872,"Walsh, Blair",PK,0004,Brian Cutting,1.0,1,8,,24.01,0,0,,0
2016,10872,"Walsh, Blair",PK,0004,Brian Cutting,1.0,2,8,0.0,0.0,0,0,,1
2016,10879,"Trevathan, Danny",LB,0009,Bear Dunn,4.0,1,8,,24.01,0,0,,0
2016,10879,"Trevathan, Danny",LB,0010,Shawn Blake,2.0,2,9,23.23,23.24,1,0,,0
2016,10879,"Trevathan, Danny",LB,0010,Shawn Blake,3.0,3,14,19.36,18.6,1,0,,0
2016,10879,"Trevathan, Danny",LB,0009,Bear Dunn,3.0,4,8,5.4,0.0,0,0,,1
2016,10903,"Matthews, Rishard",WR,0001,Ryan Bousquet,5.0,1,13,,24.71,0,0,,0
2016,10903,"Matthews, Rishard",WR,0008,Keith Creelman,7.0,2,13,23.95,24.66,0,1,0001,0
2016,10903,"Matthews, Rishard",WR,0009,Bear Dunn,8.0,3,14,23.49,24.15,0,1,0008,0
2016,10903,"Matthews, Rishard",WR,0008,Keith Creelman,14.0,4,14,23.88,24.03,0,1,0009,0
2016,10903,"Matthews, Rishard",WR,0009,Bear Dunn,10.0,5,15,22.48,22.51,1,0,,0
2016,10903,"Matthews, Rishard",WR,0008,Keith Creelman,10.0,6,14,1.49,0.0,0,0,,1
2016,10945,"Hekker, Johnny",PN,0005,Kyle Creelman,1.0,1,8,,48.48,0,0,,0
2016,10945,"Hekker, Johnny",PN,0001,Ryan Bousquet,2.0,2,9,22.9,47.38,0,1,0005,0
2016,10945,"Hekker, Johnny",PN,0007,Josh Martel,3.0,3,8,0.62,24.0,0,1,0001,0
2016,10945,"Hekker, Johnny",PN,0007,Josh Martel,3.0,4,8,0.0,0.0,0,0,,1
2016,10973,"Beasley, Cole",WR,0011,Eric Mannila,1.0,1,9,,48.06,0,0,,0
2016,10973,"Beasley, Cole",WR,0006,Steve Bousquet,2.0,2,9,0.05,24.11,0,1,0011,0
2016,10973,"Beasley, Cole",WR,0006,Steve Bousquet,2.0,3,9,0.0,0.0,0,0,,1
2016,10976,"Tucker, Justin",PK,0009,Bear Dunn,3.0,1,8,,24.05,0,0,,0
2016,10976,"Tucker, Justin",PK,0001,Ryan Bousquet,2.0,2,10,22.02,22.07,1,0,,0
2016,10976,"Tucker, Justin",PK,0009,Bear Dunn,2.0,3,8,1.93,0.0,0,0,,1
2016,10983,"Hogan, Chris",WR,0005,Kyle Creelman,1.0,1,8,,49.78,0,0,,0
2016,10983,"Hogan, Chris",WR,0011,Eric Mannila,3.0,2,9,23.42,49.2,0,1,0005,0
2016,10983,"Hogan, Chris",WR,0001,Ryan Bousquet,4.0,3,11,22.02,47.22,0,1,0011,0
2016,10983,"Hogan, Chris",WR,0007,Josh Martel,6.0,4,10,0.78,24.0,0,1,0001,0
2016,10983,"Hogan, Chris",WR,0006,Steve Bousquet,6.0,5,9,0.91,0.91,0,1,0007,0
2016,10983,"Hogan, Chris",WR,0007,Josh Martel,6.0,6,10,23.09,0.0,0,1,0006,1
2016,11009,"Quigley, Ryan",PN,0003,Kris Lake,1.0,1,7,,24.72,0,0,,0
2016,11009,"Quigley, Ryan",PN,0003,Kris Lake,1.0,2,8,0.0,0.0,0,0,,1
2016,11076,"Kearse, Jermaine",WR,0002,Derrick Whitman,4.0,1,6,,24.23,0,0,,0
2016,11076,"Kearse, Jermaine",WR,0011,Eric Mannila,2.0,2,7,22.9,23.13,1,0,,0
2016,11076,"Kearse, Jermaine",WR,0011,Eric Mannila,3.0,3,8,23.05,22.19,1,0,,0
2016,11076,"Kearse, Jermaine",WR,0006,Steve Bousquet,4.0,4,9,23.18,21.36,0,1,0002,0
2016,11076,"Kearse, Jermaine",WR,0002,Derrick Whitman,5.0,5,6,3.47,0.84,0,1,0006,0
2016,11076,"Kearse, Jermaine",WR,0002,Derrick Whitman,4.0,6,7,23.16,0.0,0,0,,1
2016,11177,"Barner, Kenjon",RB,0001,Ryan Bousquet,1.0,1,9,,24.17,0,0,,0
2016,11177,"Barner, Kenjon",RB,0001,Ryan Bousquet,1.0,2,9,0.0,0.0,0,0,,1
2016,11179,"Michael, Christine",RB,0006,Steve Bousquet,1.0,1,8,,24.04,0,0,,0
2016,11179,"Michael, Christine",RB,0006,Steve Bousquet,2.0,2,8,24.0,24.04,0,0,,0
2016,11179,"Michael, Christine",RB,0008,Keith Creelman,4.0,3,8,23.97,24.01,0,1,0006,0
2016,11179,"Michael, Christine",RB,0006,Steve Bousquet,4.0,4,8,23.82,23.82,0,1,0008,0
2016,11179,"Michael, Christine",RB,0008,Keith Creelman,4.0,5,8,0.18,0.0,0,1,0006,1
2016,11180,"Gillislee, Mike",RB,0011,Eric Mannila,1.0,1,8,,25.28,0,0,,0
2016,11180,"Gillislee, Mike",RB,0006,Steve Bousquet,2.0,2,8,23.92,25.2,0,1,0011,0
2016,11180,"Gillislee, Mike",RB,0011,Eric Mannila,3.0,3,9,23.83,25.03,0,1,0006,0
2016,11180,"Gillislee, Mike",RB,0001,Ryan Bousquet,4.0,4,9,23.26,24.29,0,1,0011,0
2016,11180,"Gillislee, Mike",RB,0011,Eric Mannila,5.0,5,10,23.73,24.01,0,1,0001,0
2016,11180,"Gillislee, Mike",RB,0011,Eric Mannila,5.0,6,10,0.0,0.0,0,0,,1
2016,11186,"Thompson, Chris",RB,0009,Bear Dunn,4.0,1,8,,24.0,0,0,,0
2016,11186,"Thompson, Chris",RB,0006,Steve Bousquet,2.0,2,8,23.94,23.95,1,0,,0
2016,11186,"Thompson, Chris",RB,0009,Bear Dunn,2.0,3,8,0.05,0.0,0,0,,1
2016,11199,"Ware, Spencer",RB,0008,Keith Creelman,5.0,1,8,,24.05,0,0,,0
2016,11199,"Ware, Spencer",RB,0006,Steve Bousquet,5.0,2,8,24.0,24.04,0,1,0008,0
2016,11199,"Ware, Spencer",RB,0006,Steve Bousquet,7.0,3,8,23.99,24.04,0,0,,0
2016,11199,"Ware, Spencer",RB,0008,Keith Creelman,9.0,4,8,23.97,24.01,0,1,0006,0
2016,11199,"Ware, Spencer",RB,0008,Keith Creelman,8.0,5,8,0.0,0.0,0,0,,1
2016,11211,"Williams, Terrance",WR,0006,Steve Bousquet,1.0,1,8,,37.08,0,0,,0
2016,11211,"Williams, Terrance",WR,0006,Steve Bousquet,4.0,2,8,24.0,37.08,0,0,,0
2016,11211,"Williams, Terrance",WR,0008,Keith Creelman,4.0,3,8,24.0,37.08,0,1,0006,0
2016,11211,"Williams, Terrance",WR,0005,Kyle Creelman,5.0,4,21,11.63,24.71,0,1,0008,0
2016,11211,"Williams, Terrance",WR,0005,Kyle Creelman,5.0,5,21,23.98,24.7,0,0,,0
2016,11211,"Williams, Terrance",WR,0006,Steve Bousquet,6.0,6,21,23.63,24.33,0,1,0005,0
2016,11211,"Williams, Terrance",WR,0006,Steve Bousquet,6.0,7,21,0.0,0.0,0,0,,1
2016,11218,"Patton, Quinton",WR,0008,Keith Creelman,1.0,1,9,,24.11,0,0,,0
2016,11218,"Patton, Quinton",WR,0008,Keith Creelman,1.0,2,9,0.0,0.0,0,0,,1
2016,11228,"Woods, Robert",WR,0002,Derrick Whitman,6.0,1,9,,24.09,0,0,,0
2016,11228,"Woods, Robert",WR,0006,Steve Bousquet,2.0,2,9,23.58,23.67,1,0,,0
2016,11228,"Woods, Robert",WR,0006,Steve Bousquet,3.0,3,9,23.94,23.61,1,0,,0
2016,11228,"Woods, Robert",WR,0006,Steve Bousquet,4.0,4,9,24.0,23.61,1,0,,0
2016,11228,"Woods, Robert",WR,0002,Derrick Whitman,4.0,5,9,0.39,0.0,0,0,,1
2016,11258,"Rivera, Mychal",TE,0012,Chris Klingenberg,1.0,1,22,,24.0,0,0,,0
2016,11258,"Rivera, Mychal",TE,0012,Chris Klingenberg,1.0,2,22,0.0,0.0,0,0,,1
2016,11308,"Alonso, Kiko",LB,0009,Bear Dunn,4.0,1,10,,24.03,0,0,,0
2016,11308,"Alonso, Kiko",LB,0001,Ryan Bousquet,2.0,2,12,22.05,22.07,1,0,,0
2016,11308,"Alonso, Kiko",LB,0009,Bear Dunn,2.0,3,10,1.93,0.0,0,0,,1
2016,11333,"Short, Kawann",DT,0010,Shawn Blake,1.0,1,8,,24.4,0,0,,0
2016,11333,"Short, Kawann",DT,0004,Brian Cutting,2.0,2,9,23.6,24.0,0,1,0010,0
2016,11333,"Short, Kawann",DT,0004,Brian Cutting,2.0,3,9,0.0,0.0,0,0,,1
2016,11345,"King, Marquette",PN,0010,Shawn Blake,1.0,1,8,,24.01,0,0,,0
2016,11345,"King, Marquette",PN,0006,Steve Bousquet,2.0,2,8,23.99,24.0,0,1,0010,0
2016,11345,"King, Marquette",PN,0006,Steve Bousquet,2.0,3,8,0.0,0.0,0,0,,1
2016,11347,"Cyprien, Johnathan",S,0010,Shawn Blake,1.0,1,8,,24.05,0,0,,0
2016,11347,"Cyprien, Johnathan",S,0010,Shawn Blake,1.0,2,8,0.0,0.0,0,0,,1
2016,11387,"Hopkins, Dustin",PK,0005,Kyle Creelman,1.0,1,9,,24.02,0,0,,0
2016,11387,"Hopkins, Dustin",PK,0005,Kyle Creelman,1.0,2,9,0.0,0.0,0,0,,1
2016,11409,"Johnson, Charles",WR,0007,Josh Martel,7.0,1,10,,24.01,0,0,,0
2016,11409,"Johnson, Charles",WR,0003,Kris Lake,2.0,2,12,21.88,21.89,1,0,,0
2016,11409,"Johnson, Charles",WR,0008,Keith Creelman,4.0,3,8,3.2,1.09,1,0,,0
2016,11409,"Johnson, Charles",WR,0007,Josh Martel,4.0,4,10,22.91,0.0,0,0,,1
2016,11432,"Cunningham, Benny",RB,0001,Ryan Bousquet,2.0,1,9,,24.08,0,0,,0
2016,11432,"Cunningham, Benny",RB,0001,Ryan Bousquet,1.0,2,9,0.0,0.0,0,0,,1
2016,11443,"Wing, Brad",PN,0010,Shawn Blake,1.0,1,8,,24.01,0,0,,0
2016,11443,"Wing, Brad",PN,0010,Shawn Blake,1.0,2,8,0.0,0.0,0,0,,1
2016,11457,"Worrilow, Paul",LB,0010,Shawn Blake,1.0,1,10,,24.01,0,0,,0
2016,11457,"Worrilow, Paul",LB,0010,Shawn Blake,1.0,2,10,0.0,0.0,0,0,,1
2016,11475,"Rogers, Eric",WR,0010,Shawn Blake,2.0,1,8,,24.47,0,0,,0
2016,11475,"Rogers, Eric",WR,0010,Shawn Blake,1.0,2,8,0.0,0.0,0,0,,1
2016,11500,"Allen, Ryan",PN,0012,Chris Klingenberg,1.0,1,23,,24.39,0,0,,0
2016,11500,"Allen, Ryan",PN,0012,Chris Klingenberg,1.0,2,23,0.0,0.0,0,0,,1
2016,11640,"Bridgewater, Teddy",QB,0004,Brian Cutting,1.0,1,10,,24.54,0,0,,0
2016,11640,"Bridgewater, Teddy",QB,0008,Keith Creelman,2.0,2,10,23.9,24.44,0,1,0004,0
2016,11640,"Bridgewater, Teddy",QB,0004,Brian Cutting,3.0,3,11,23.74,24.17,0,1,0008,0
2016,11640,"Bridgewater, Teddy",QB,0004,Brian Cutting,3.0,4,11,0.0,0.0,0,0,,1
2016,11653,"Sankey, Bishop",RB,0011,Eric Mannila,1.0,1,8,,29.88,0,0,,0
2016,11653,"Sankey, Bishop",RB,0012,Chris Klingenberg,5.0,2,14,18.13,24.01,0,1,0011,0
2016,11653,"Sankey, Bishop",RB,0011,Eric Mannila,3.0,3,16,21.74,21.75,1,0,,0
2016,11653,"Sankey, Bishop",RB,0011,Eric Mannila,4.0,4,18,21.97,19.72,1,0,,0
2016,11653,"Sankey, Bishop",RB,0012,Chris Klingenberg,4.0,5,14,4.28,0.0,0,0,,1
2016,11689,"Ellington, Bruce",WR,0008,Keith Creelman,4.0,1,9,,24.7,0,0,,0
2016,11689,"Ellington, Bruce",WR,0010,Shawn Blake,8.0,2,10,23.67,24.38,0,1,0008,0
2016,11689,"Ellington, Bruce",WR,0006,Steve Bousquet,7.0,3,10,23.95,24.33,1,0,,0
2016,11689,"Ellington, Bruce",WR,0006,Steve Bousquet,8.0,4,10,23.92,24.25,0,1,0010,0
2016,11689,"Ellington, Bruce",WR,0006,Steve Bousquet,9.0,5,10,23.98,24.22,0,0,,0
2016,11689,"Ellington, Bruce",WR,0010,Shawn Blake,12.0,6,10,23.79,24.02,0,1,0006,0
2016,11689,"Ellington, Bruce",WR,0010,Shawn Blake,10.0,7,10,0.0,0.0,0,0,,1
2016,11705,"Burton, Trey",TE,0007,Josh Martel,4.0,1,8,,24.0,0,0,,0
2016,11705,"Burton, Trey",TE,0007,Josh Martel,1.0,2,8,0.0,0.0,0,0,,1
2016,11720,"Barr, Anthony",LB,0001,Ryan Bousquet,1.0,1,9,,24.13,0,0,,0
2016,11720,"Barr, Anthony",LB,0001,Ryan Bousquet,1.0,2,9,0.0,0.0,0,0,,1
2016,11740,"Clinton-Dix, Ha Ha",S,0005,Kyle Creelman,1.0,1,15,,41.74,0,0,,0
2016,11740,"Clinton-Dix, Ha Ha",S,0001,Ryan Bousquet,2.0,2,17,21.55,39.29,0,1,0005,0
2016,11740,"Clinton-Dix, Ha Ha",S,0005,Kyle Creelman,3.0,3,8,8.72,24.0,0,1,0001,0
2016,11740,"Clinton-Dix, Ha Ha",S,0005,Kyle Creelman,3.0,4,8,0.0,0.0,0,0,,1
2016,11746,"West, Terrance",RB,0011,Eric Mannila,1.0,1,8,,25.29,0,0,,0
2016,11746,"West, Terrance",RB,0006,Steve Bousquet,2.0,2,8,23.98,25.28,0,1,0011,0
2016,11746,"West, Terrance",RB,0011,Eric Mannila,3.0,3,9,23.79,25.06,0,1,0006,0
2016,11746,"West, Terrance",RB,0009,Bear Dunn,5.0,4,9,23.59,24.65,0,1,0011,0
2016,11746,"West, Terrance",RB,0011,Eric Mannila,5.0,5,10,23.37,24.02,0,1,0009,0
2016,11746,"West, Terrance",RB,0011,Eric Mannila,6.0,6,10,24.0,24.02,0,0,,0
2016,11746,"West, Terrance",RB,0011,Eric Mannila,6.0,7,10,0.0,0.0,0,0,,1
2016,11754,"Coleman, Brandon",WR,0004,Brian Cutting,2.0,1,11,,24.04,0,0,,0
2016,11754,"Coleman, Brandon",WR,0011,Eric Mannila,2.0,2,19,15.48,15.52,0,1,0004,0
2016,11754,"Coleman, Brandon",WR,0004,Brian Cutting,2.0,3,11,8.48,0.0,0,1,0011,1
2016,11758,"Latimer, Cody",WR,0005,Kyle Creelman,2.0,1,22,,24.44,0,0,,0
2016,11758,"Latimer, Cody",WR,0006,Steve Bousquet,2.0,2,22,23.94,24.37,0,1,0005,0
2016,11758,"Latimer, Cody",WR,0006,Steve Bousquet,3.0,3,22,24.0,24.37,0,0,,0
2016,11758,"Latimer, Cody",WR,0006,Steve Bousquet,4.0,4,22,23.98,24.35,0,0,,0
2016,11758,"Latimer, Cody",WR,0006,Steve Bousquet,3.0,5,23,0.0,0.0,0,0,,1
2016,11767,"Bucannon, Deone",LB,0001,Ryan Bousquet,4.0,1,8,,47.71,0,0,,0
2016,11767,"Bucannon, Deone",LB,0006,Steve Bousquet,2.0,2,8,23.92,47.63,1,0,,0
2016,11767,"Bucannon, Deone",LB,0006,Steve Bousquet,3.0,3,8,24.0,47.63,1,0,,0
2016,11767,"Bucannon, Deone",LB,0006,Steve Bousquet,4.0,4,8,24.0,47.63,0,1,0001,0
2016,11767,"Bucannon, Deone",LB,0002,Derrick Whitman,5.0,5,8,0.38,24.0,0,1,0006,0
2016,11767,"Bucannon, Deone",LB,0002,Derrick Whitman,6.0,6,7,1.07,1.07,0,0,,0
2016,11767,"Bucannon, Deone",LB,0002,Derrick Whitman,5.0,7,8,22.93,0.0,0,0,,1
2016,11785,"Rodgers, Richard",TE,0003,Kris Lake,5.0,1,7,,24.09,0,0,,0
2016,11785,"Rodgers, Richard",TE,0001,Ryan Bousquet,4.0,2,8,23.59,23.68,1,0,,0
2016,11785,"Rodgers, Richard",TE,0003,Kris Lake,4.0,3,7,0.32,0.0,0,0,,1
2016,11786,"Gillmore, Crockett",TE,0011,Eric Mannila,1.0,1,9,,24.23,0,0,,0
2016,11786,"Gillmore, Crockett",TE,0011,Eric Mannila,1.0,2,9,0.0,0.0,0,0,,1
2016,11870,"Janis, Jeff",WR,0010,Shawn Blake,3.0,1,10,,24.85,0,0,,0
2016,11870,"Janis, Jeff",WR,0001,Ryan Bousquet,2.0,2,10,23.36,24.2,1,0,,0
2016,11870,"Janis, Jeff",WR,0011,Eric Mannila,3.0,3,10,23.82,24.02,0,1,0010,0
2016,11870,"Janis, Jeff",WR,0011,Eric Mannila,4.0,4,10,23.99,24.01,0,0,,0
2016,11870,"Janis, Jeff",WR,0011,Eric Mannila,4.0,5,10,0.0,0.0,0,0,,1
2016,11890,"Wilson, Albert",WR,0009,Bear Dunn,6.0,1,22,,24.5,0,0,,0
2016,11890,"Wilson, Albert",WR,0009,Bear Dunn,1.0,2,23,0.0,0.0,0,0,,1
2016,11901,"Andrews, Antonio",RB,0011,Eric Mannila,1.0,1,15,,24.19,0,0,,0
2016,11901,"Andrews, Antonio",RB,0011,Eric Mannila,1.0,2,15,0.0,0.0,0,0,,1
2016,11923,"Atkinson, George",RB,0006,Steve Bousquet,1.0,1,8,,24.02,0,0,,0
2016,11923,"Atkinson, George",RB,0006,Steve Bousquet,4.0,2,8,24.0,24.02,0,0,,0
2016,11923,"Atkinson, George",RB,0001,Ryan Bousquet,2.0,3,9,23.08,23.1,1,0,,0
2016,11923,"Atkinson, George",RB,0006,Steve Bousquet,2.0,4,8,0.9,0.0,0,0,,1
2016,11936,"Boswell, Chris",PK,0003,Kris Lake,1.0,1,22,,24.22,0,0,,0
2016,11936,"Boswell, Chris",PK,0003,Kris Lake,1.0,2,22,0.0,0.0,0,0,,1
2016,11945,"Santos, Cairo",PK,0011,Eric Mannila,1.0,1,9,,24.05,0,0,,0
2016,11945,"Santos, Cairo",PK,0011,Eric Mannila,1.0,2,9,0.0,0.0,0,0,,1
2016,11957,"Inman, Dontrelle",WR,0010,Shawn Blake,2.0,1,13,,24.32,0,0,,0
2016,11957,"Inman, Dontrelle",WR,0010,Shawn Blake,1.0,2,13,0.0,0.0,0,0,,1
2016,11960,"Catanzaro, Chandler",PK,0010,Shawn Blake,2.0,1,8,,24.07,0,0,,0
2016,11960,"Catanzaro, Chandler",PK,0005,Kyle Creelman,2.0,2,9,23.75,23.82,0,1,0010,0
2016,11960,"Catanzaro, Chandler",PK,0010,Shawn Blake,2.0,3,8,0.18,0.0,0,1,0005,1
2016,12098,"West, Charcandrick",RB,0003,Kris Lake,5.0,1,8,,24.0,0,0,,0
2016,12098,"West, Charcandrick",RB,0004,Brian Cutting,3.0,2,8,23.86,23.86,1,0,,0
2016,12098,"West, Charcandrick",RB,0011,Eric Mannila,4.0,3,11,21.77,21.63,1,0,,0
2016,12098,"West, Charcandrick",RB,0003,Kris Lake,4.0,4,8,2.37,0.0,0,0,,1
2016,12110,"Brate, Cameron",TE,0007,Josh Martel,6.0,1,10,,24.14,0,0,,0
2016,12110,"Brate, Cameron",TE,0010,Shawn Blake,4.0,2,10,23.86,24.0,1,0,,0
2016,12110,"Brate, Cameron",TE,0007,Josh Martel,4.0,3,10,0.0,0.0,0,0,,1
2016,12184,"Crowder, Jamison",WR,0001,Ryan Bousquet,3.0,1,7,,25.13,0,0,,0
2016,12184,"Crowder, Jamison",WR,0008,Keith Creelman,3.0,2,8,23.63,24.76,0,1,0001,0
2016,12184,"Crowder, Jamison",WR,0008,Keith Creelman,4.0,3,8,23.27,24.02,0,0,,0
2016,12184,"Crowder, Jamison",WR,0005,Kyle Creelman,5.0,4,21,11.71,11.74,0,1,0008,0
2016,12184,"Crowder, Jamison",WR,0008,Keith Creelman,4.0,5,8,12.26,0.0,1,0,,1
2016,12208,"Heuerman, Jeff",TE,0010,Shawn Blake,2.0,1,15,,25.44,0,0,,0
2016,12208,"Heuerman, Jeff",TE,0010,Shawn Blake,1.0,2,16,0.0,0.0,0,0,,1
2016,12217,"Fowler, Dante",DE,0007,Josh Martel,3.0,1,10,,24.02,0,0,,0
2016,12217,"Fowler, Dante",DE,0006,Steve Bousquet,2.0,2,10,23.74,23.76,1,0,,0
2016,12217,"Fowler, Dante",DE,0001,Ryan Bousquet,3.0,3,12,22.76,22.52,0,1,0007,0
2016,12217,"Fowler, Dante",DE,0007,Josh Martel,4.0,4,12,23.45,21.97,0,1,0001,0
2016,12217,"Fowler, Dante",DE,0007,Josh Martel,3.0,5,10,2.03,0.0,0,0,,1
2016,12222,"Flowers, Trey",DE,0001,Ryan Bousquet,2.0,1,10,,24.07,0,0,,0
2016,12222,"Flowers, Trey",DE,0001,Ryan Bousquet,1.0,2,10,0.0,0.0,0,0,,1
2016,12225,"Williams, Leonard",DE,0008,Keith Creelman,1.0,1,8,,24.02,0,0,,0
2016,12225,"Williams, Leonard",DE,0008,Keith Creelman,1.0,2,8,0.0,0.0,0,0,,1
2016,12233,"Alexander, Kwon",LB,0006,Steve Bousquet,1.0,1,8,,24.02,0,0,,0
2016,12233,"Alexander, Kwon",LB,0006,Steve Bousquet,2.0,2,8,24.0,24.02,0,0,,0
2016,12233,"Alexander, Kwon",LB,0006,Steve Bousquet,1.0,3,8,0.0,0.0,0,0,,1
2016,12238,"Perryman, Denzel",LB,0006,Steve Bousquet,1.0,1,16,,24.05,0,0,,0
2016,12238,"Perryman, Denzel",LB,0006,Steve Bousquet,4.0,2,16,24.0,24.04,0,0,,0
2016,12238,"Perryman, Denzel",LB,0001,Ryan Bousquet,2.0,3,16,23.92,23.97,1,0,,0
2016,12238,"Perryman, Denzel",LB,0006,Steve Bousquet,2.0,4,16,0.03,0.0,0,0,,1
2016,12250,"Collins, Landon",S,0009,Bear Dunn,4.0,1,8,,24.02,0,0,,0
2016,12250,"Collins, Landon",S,0006,Steve Bousquet,3.0,2,8,24.0,24.02,1,0,,0
2016,12250,"Collins, Landon",S,0006,Steve Bousquet,4.0,3,9,23.3,23.32,0,1,0009,0
2016,12250,"Collins, Landon",S,0009,Bear Dunn,4.0,4,8,0.68,0.0,0,1,0006,1
2016,12306,"Heeney, Ben",LB,0007,Josh Martel,2.0,1,22,,24.12,0,0,,0
2016,12306,"Heeney, Ben",LB,0005,Kyle Creelman,2.0,2,13,8.64,8.76,0,1,0007,0
2016,12306,"Heeney, Ben",LB,0007,Josh Martel,2.0,3,22,15.24,0.0,0,1,0005,1
2016,12319,"Nelson, J.J.",WR,0010,Shawn Blake,2.0,1,8,,24.51,0,0,,0
2016,12319,"Nelson, J.J.",WR,0010,Shawn Blake,1.0,2,8,0.0,0.0,0,0,,1
2016,12323,"Pinion, Bradley",PN,0008,Keith Creelman,1.0,1,8,,24.0,0,0,,0
2016,12323,"Pinion, Bradley",PN,0008,Keith Creelman,1.0,2,8,0.0,0.0,0,0,,1
2016,12325,"Burton, Michael",RB,0009,Bear Dunn,1.0,1,6,,0.0,0,0,,0
2016,12390,"Watson, Terrell",RB,0009,Bear Dunn,2.0,1,8,,37.47,0,0,,0
2016,12390,"Watson, Terrell",RB,0006,Steve Bousquet,2.0,2,9,23.46,36.92,0,1,0009,0
2016,12390,"Watson, Terrell",RB,0006,Steve Bousquet,3.0,3,9,24.0,36.92,0,0,,0
2016,12390,"Watson, Terrell",RB,0009,Bear Dunn,4.0,4,10,22.69,35.61,0,1,0006,0
2016,12390,"Watson, Terrell",RB,0007,Josh Martel,5.0,5,22,12.41,24.02,0,1,0009,0
2016,12390,"Watson, Terrell",RB,0007,Josh Martel,5.0,6,22,0.0,0.0,0,0,,1
2016,12472,"Darr, Matt",PN,0002,Derrick Whitman,1.0,1,9,,24.01,0,0,,0
2016,12472,"Darr, Matt",PN,0002,Derrick Whitman,1.0,2,9,0.0,0.0,0,0,,1
2016,12532,"Tye, Will",TE,0003,Kris Lake,3.0,1,9,,53.36,0,0,,0
2016,12532,"Tye, Will",TE,0006,Steve Bousquet,4.0,2,9,23.98,53.34,0,1,0003,0
2016,12532,"Tye, Will",TE,0003,Kris Lake,5.0,3,8,0.34,29.68,0,1,0006,0
2016,12532,"Tye, Will",TE,0006,Steve Bousquet,6.0,4,14,18.33,24.01,0,1,0003,0
2016,12532,"Tye, Will",TE,0006,Steve Bousquet,7.0,5,14,23.83,23.84,0,0,,0
2016,12532,"Tye, Will",TE,0006,Steve Bousquet,6.0,6,14,0.16,0.0,0,0,,1
2016,12614,"Hackenberg, Christian",QB,0011,Eric Mannila,1.0,1,12,,24.01,0,0,,0
2016,12614,"Hackenberg, Christian",QB,0011,Eric Mannila,1.0,2,12,0.0,0.0,0,0,,1
2016,12633,"Taylor, Kelvin",RB,0011,Eric Mannila,1.0,1,15,,24.06,0,0,,0
2016,12633,"Taylor, Kelvin",RB,0011,Eric Mannila,1.0,2,15,0.0,0.0,0,0,,1
2016,12801,"Hill, Tyreek",WR,0005,Kyle Creelman,3.0,1,6,,25.32,0,0,,0
2016,12801,"Hill, Tyreek",WR,0005,Kyle Creelman,3.0,2,8,22.7,24.02,0,0,,0
2016,12801,"Hill, Tyreek",WR,0005,Kyle Creelman,1.0,3,8,0.0,0.0,0,0,,1
2016,4974,"Smith, Steve",WR,0010,Shawn Blake,1.0,1,8,,51.72,0,0,,0
2016,4974,"Smith, Steve",WR,0006,Steve Bousquet,2.0,2,8,23.65,51.37,0,1,0010,0
2016,4974,"Smith, Steve",WR,0004,Brian Cutting,3.0,3,9,23.23,50.6,0,1,0006,0
2016,4974,"Smith, Steve",WR,0005,Kyle Creelman,4.0,4,15,18.14,44.73,0,1,0004,0
2016,4974,"Smith, Steve",WR,0006,Steve Bousquet,5.0,5,19,19.66,40.4,0,1,0005,0
2016,4974,"Smith, Steve",WR,0011,Eric Mannila,6.0,6,5,13.6,30.0,0,1,0006,0
2016,4974,"Smith, Steve",WR,0005,Kyle Creelman,8.0,7,11,18.38,24.39,0,1,0011,0
2016,4974,"Smith, Steve",WR,0005,Kyle Creelman,7.0,8,11,0.0,0.0,0,0,,1
2016,6931,"Johnson, Andre",WR,0011,Eric Mannila,1.0,1,8,,24.0,0,0,,0
2016,6931,"Johnson, Andre",WR,0011,Eric Mannila,1.0,2,8,0.0,0.0,0,0,,1
2016,6982,"Boldin, Anquan",WR,0003,Kris Lake,5.0,1,11,,24.0,0,0,,0
2016,6982,"Boldin, Anquan",WR,0005,Kyle Creelman,2.0,2,15,20.74,20.75,1,0,,0
2016,6982,"Boldin, Anquan",WR,0005,Kyle Creelman,3.0,3,9,5.74,2.49,1,0,,0
2016,6982,"Boldin, Anquan",WR,0004,Brian Cutting,4.0,4,10,23.22,1.7,1,0,,0
2016,6982,"Boldin, Anquan",WR,0003,Kris Lake,4.0,5,11,22.3,0.0,0,0,,1
2016,7150,"Brown, Josh",PK,0008,Keith Creelman,1.0,1,8,,24.02,0,0,,0
2016,7150,"Brown, Josh",PK,0008,Keith Creelman,1.0,2,8,0.0,0.0,0,0,,1
2016,7236,"Gates, Antonio",TE,0007,Josh Martel,9.0,1,8,,24.01,0,0,,0
2016,7236,"Gates, Antonio",TE,0006,Steve Bousquet,2.0,2,8,23.94,23.95,1,0,,0
2016,7236,"Gates, Antonio",TE,0010,Shawn Blake,3.0,3,8,23.92,23.87,1,0,,0
2016,7236,"Gates, Antonio",TE,0006,Steve Bousquet,4.0,4,19,12.76,12.64,1,0,,0
2016,7236,"Gates, Antonio",TE,0007,Josh Martel,4.0,5,8,11.36,0.0,0,0,,1
2016,7260,"Romo, Tony",QB,0006,Steve Bousquet,1.0,1,8,,33.08,0,0,,0
2016,7260,"Romo, Tony",QB,0006,Steve Bousquet,5.0,2,8,24.0,33.08,0,0,,0
2016,7260,"Romo, Tony",QB,0001,Ryan Bousquet,4.0,3,8,23.93,33.01,1,0,,0
2016,7260,"Romo, Tony",QB,0005,Kyle Creelman,5.0,4,8,23.26,32.27,0,1,0006,0
2016,7260,"Romo, Tony",QB,0004,Brian Cutting,6.0,5,9,23.58,31.85,0,1,0005,0
2016,7260,"Romo, Tony",QB,0006,Steve Bousquet,7.0,6,11,21.78,29.63,0,1,0004,0
2016,7260,"Romo, Tony",QB,0004,Brian Cutting,8.0,7,16,18.65,24.28,0,1,0006,0
2016,7260,"Romo, Tony",QB,0004,Brian Cutting,9.0,8,16,23.9,24.18,0,0,,0
2016,7260,"Romo, Tony",QB,0004,Brian Cutting,8.0,9,17,0.0,0.0,0,0,,1
2016,7422,"Watson, Ben",TE,0012,Chris Klingenberg,1.0,1,22,,46.15,0,0,,0
2016,7422,"Watson, Ben",TE,0011,Eric Mannila,2.0,2,11,11.24,33.4,0,1,0012,0
2016,7422,"Watson, Ben",TE,0006,Steve Bousquet,3.0,3,11,23.94,33.33,0,1,0011,0
2016,7422,"Watson, Ben",TE,0006,Steve Bousquet,4.0,4,11,23.97,33.3,0,0,,0
2016,7422,"Watson, Ben",TE,0011,Eric Mannila,4.0,5,16,18.68,27.98,0,1,0006,0
2016,7422,"Watson, Ben",TE,0011,Eric Mannila,5.0,6,20,20.08,24.06,0,0,,0
2016,7422,"Watson, Ben",TE,0011,Eric Mannila,5.0,7,20,0.0,0.0,0,0,,1
2016,7429,"Smith, Daryl",LB,0003,Kris Lake,1.0,1,12,,24.82,0,0,,0
2016,7429,"Smith, Daryl",LB,0003,Kris Lake,1.0,2,13,0.0,0.0,0,0,,1
2016,7614,"Jones, Donnie",PN,0005,Kyle Creelman,1.0,1,11,,24.09,0,0,,0
2016,7614,"Jones, Donnie",PN,0005,Kyle Creelman,1.0,2,11,0.0,0.0,0,0,,1
2016,7757,"Adams, Mike",S,0003,Kris Lake,1.0,1,7,,24.6,0,0,,0
2016,7757,"Adams, Mike",S,0003,Kris Lake,1.0,2,8,0.0,0.0,0,0,,1
2016,7826,"Davis, Thomas",LB,0002,Derrick Whitman,5.0,1,7,,24.07,0,0,,0
2016,7826,"Davis, Thomas",LB,0001,Ryan Bousquet,3.0,2,7,23.4,23.47,1,0,,0
2016,7826,"Davis, Thomas",LB,0006,Steve Bousquet,4.0,3,9,21.89,21.36,1,0,,0
2016,7826,"Davis, Thomas",LB,0002,Derrick Whitman,4.0,4,7,2.64,0.0,0,0,,1
2016,7827,"Johnson, Derrick",LB,0009,Bear Dunn,5.0,1,11,,24.0,0,0,,0
2016,7827,"Johnson, Derrick",LB,0001,Ryan Bousquet,3.0,2,12,23.33,23.33,1,0,,0
2016,7827,"Johnson, Derrick",LB,0001,Ryan Bousquet,4.0,3,12,23.98,23.31,1,0,,0
2016,7827,"Johnson, Derrick",LB,0009,Bear Dunn,4.0,4,11,0.69,0.0,0,0,,1
2016,7836,"Rodgers, Aaron",QB,0008,Keith Creelman,25.0,1,8,,47.38,0,0,,0
2016,7836,"Rodgers, Aaron",QB,0005,Kyle Creelman,25.0,2,8,23.99,47.37,0,1,0008,0
2016,7836,"Rodgers, Aaron",QB,0002,Derrick Whitman,27.0,3,11,20.11,43.49,0,1,0005,0
2016,7836,"Rodgers, Aaron",QB,0002,Derrick Whitman,30.0,4,12,23.14,42.63,0,0,,0
2016,7836,"Rodgers, Aaron",QB,0006,Steve Bousquet,27.0,5,13,22.89,41.52,1,0,,0
2016,7836,"Rodgers, Aaron",QB,0009,Bear Dunn,31.0,6,6,7.32,24.84,0,1,0002,0
2016,7836,"Rodgers, Aaron",QB,0011,Eric Mannila,50.0,7,7,23.23,24.07,0,1,0009,0
2016,7836,"Rodgers, Aaron",QB,0002,Derrick Whitman,35.0,8,9,21.75,21.82,1,0,,0
2016,7836,"Rodgers, Aaron",QB,0003,Kris Lake,36.0,9,19,14.3,12.12,1,0,,0
2016,7836,"Rodgers, Aaron",QB,0006,Steve Bousquet,40.0,10,22,20.52,8.65,1,0,,0
2016,7836,"Rodgers, Aaron",QB,0006,Steve Bousquet,41.0,11,23,23.56,8.21,1,0,,0
2016,7836,"Rodgers, Aaron",QB,0011,Eric Mannila,41.0,12,7,15.79,0.0,0,0,,1
2016,7873,"Jackson, Vincent",WR,0009,Bear Dunn,6.0,1,8,,30.65,0,0,,0
2016,7873,"Jackson, Vincent",WR,0004,Brian Cutting,2.0,2,8,23.74,30.39,1,0,,0
2016,7873,"Jackson, Vincent",WR,0006,Steve Bousquet,5.0,3,8,23.7,30.09,1,0,,0
2016,7873,"Jackson, Vincent",WR,0004,Brian Cutting,6.0,4,10,22.47,28.56,0,1,0009,0
2016,7873,"Jackson, Vincent",WR,0003,Kris Lake,7.0,5,12,22.02,26.58,0,1,0004,0
2016,7873,"Jackson, Vincent",WR,0009,Bear Dunn,10.0,6,14,21.76,24.34,0,1,0003,0
2016,7873,"Jackson, Vincent",WR,0009,Bear Dunn,8.0,7,14,0.0,0.0,0,0,,1
2016,7877,"Gore, Frank",RB,0006,Steve Bousquet,1.0,1,15,,187.85,0,0,,0
2016,7877,"Gore, Frank",RB,0005,Kyle Creelman,9.0,2,15,23.97,187.81,0,1,0006,0
2016,7877,"Gore, Frank",RB,0008,Keith Creelman,12.0,3,16,22.16,185.97,0,1,0005,0
2016,7877,"Gore, Frank",RB,0005,Kyle Creelman,12.0,4,17,23.37,185.34,0,1,0008,0
2016,7877,"Gore, Frank",RB,0005,Kyle Creelman,14.0,5,0,17.5,178.85,0,0,,0
2016,7877,"Gore, Frank",RB,0006,Steve Bousquet,17.0,6,15,8.05,162.9,0,1,0005,0
2016,7877,"Gore, Frank",RB,0005,Kyle Creelman,16.0,7,16,23.92,162.82,1,0,,0
2016,7877,"Gore, Frank",RB,0005,Kyle Creelman,17.0,8,22,17.18,156.0,0,1,0006,0
2016,7877,"Gore, Frank",RB,0005,Kyle Creelman,18.0,9,22,23.94,155.94,0,0,,0
2016,7877,"Gore, Frank",RB,0008,Keith Creelman,19.0,10,21,1.89,133.83,0,1,0005,0
2016,7877,"Gore, Frank",RB,0005,Kyle Creelman,21.0,11,20,0.66,110.48,0,1,0008,0
2016,7877,"Gore, Frank",RB,0004,Brian Cutting,21.0,12,9,11.29,97.77,0,1,0005,0
2016,7877,"Gore, Frank",RB,0004,Brian Cutting,22.0,13,9,24.0,97.77,0,0,,0
2016,7877,"Gore, Frank",RB,0004,Brian Cutting,25.0,14,11,21.63,95.39,0,0,,0
2016,7877,"Gore, Frank",RB,0005,Kyle Creelman,24.0,15,11,23.5,94.9,1,0,,0
2016,7877,"Gore, Frank",RB,0005,Kyle Creelman,26.0,16,23,12.68,83.57,0,1,0004,0
2016,7877,"Gore, Frank",RB,0004,Brian Cutting,27.0,17,6,17.05,76.62,0,1,0005,0
2016,7877,"Gore, Frank",RB,0004,Brian Cutting,28.0,18,9,21.26,73.88,0,0,,0
2016,7877,"Gore, Frank",RB,0005,Kyle Creelman,29.0,19,17,15.19,65.07,0,1,0004,0
2016,7877,"Gore, Frank",RB,0004,Brian Cutting,30.0,20,5,11.92,52.99,0,1,0005,0
2016,7877,"Gore, Frank",RB,0004,Brian Cutting,31.0,21,9,20.59,49.58,0,0,,0
2016,7877,"Gore, Frank",RB,0003,Kris Lake,31.0,22,11,21.41,46.99,0,1,0004,0
2016,7877,"Gore, Frank",RB,0003,Kris Lake,35.0,23,11,23.99,46.98,0,0,,0
2016,7877,"Gore, Frank",RB,0004,Brian Cutting,33.0,24,12,23.66,46.64,1,0,,0
2016,7877,"Gore, Frank",RB,0004,Brian Cutting,35.0,25,12,24.0,46.64,0,1,0003,0
2016,7877,"Gore, Frank",RB,0004,Brian Cutting,36.0,26,12,24.0,46.64,0,0,,0
2016,7877,"Gore, Frank",RB,0003,Kris Lake,37.0,27,12,23.95,46.59,0,1,0004,0
2016,7877,"Gore, Frank",RB,0004,Brian Cutting,39.0,28,16,19.5,42.08,0,1,0003,0
2016,7877,"Gore, Frank",RB,0004,Brian Cutting,40.0,29,9,7.6,25.69,0,0,,0
2016,7877,"Gore, Frank",RB,0003,Kris Lake,40.0,30,9,23.28,24.97,0,1,0004,0
2016,7877,"Gore, Frank",RB,0003,Kris Lake,41.0,31,9,23.98,24.95,0,0,,0
2016,7877,"Gore, Frank",RB,0004,Brian Cutting,43.0,32,10,23.12,24.07,0,1,0003,0
2016,7877,"Gore, Frank",RB,0003,Kris Lake,43.0,33,12,22.66,22.73,0,1,0004,0
2016,7877,"Gore, Frank",RB,0004,Brian Cutting,44.0,34,15,20.93,19.66,0,1,0003,0
2016,7877,"Gore, Frank",RB,0004,Brian Cutting,43.0,35,10,4.34,0.0,0,0,,1
2016,7911,"Colquitt, Dustin",PN,0007,Josh Martel,1.0,1,8,,24.03,0,0,,0
2016,7911,"Colquitt, Dustin",PN,0007,Josh Martel,1.0,2,8,0.0,0.0,0,0,,1
2016,7942,"Sproles, Darren",RB,0004,Brian Cutting,3.0,1,8,,24.09,0,0,,0
2016,7942,"Sproles, Darren",RB,0008,Keith Creelman,8.0,2,8,23.94,24.03,0,1,0004,0
2016,7942,"Sproles, Darren",RB,0006,Steve Bousquet,6.0,3,8,23.93,23.96,1,0,,0
2016,7942,"Sproles, Darren",RB,0009,Bear Dunn,8.0,4,9,23.58,23.54,0,1,0008,0
2016,7942,"Sproles, Darren",RB,0008,Keith Creelman,12.0,5,12,20.39,19.93,0,1,0009,0
2016,7942,"Sproles, Darren",RB,0005,Kyle Creelman,9.0,6,12,23.73,19.66,1,0,,0
2016,7942,"Sproles, Darren",RB,0008,Keith Creelman,9.0,7,8,4.34,0.0,0,0,,1
2016,8153,"Gould, Robbie",PK,0003,Kris Lake,1.0,1,12,,24.01,0,0,,0
2016,8153,"Gould, Robbie",PK,0003,Kris Lake,1.0,2,12,0.0,0.0,0,0,,1
2016,8243,"Bush, Reggie",RB,0008,Keith Creelman,1.0,1,9,,24.04,0,0,,0
2016,8243,"Bush, Reggie",RB,0008,Keith Creelman,1.0,2,9,0.0,0.0,0,0,,1
2016,8252,"Cutler, Jay",QB,0001,Ryan Bousquet,1.0,1,9,,36.54,0,0,,0
2016,8252,"Cutler, Jay",QB,0006,Steve Bousquet,2.0,2,9,23.88,36.42,0,1,0001,0
2016,8252,"Cutler, Jay",QB,0003,Kris Lake,5.0,3,22,11.59,24.01,0,1,0006,0
2016,8252,"Cutler, Jay",QB,0006,Steve Bousquet,4.0,4,22,23.98,23.99,1,0,,0
2016,8252,"Cutler, Jay",QB,0003,Kris Lake,4.0,5,22,0.01,0.0,0,0,,1
2016,8268,"Williams, DeAngelo",RB,0010,Shawn Blake,10.0,1,8,,52.65,0,0,,0
2016,8268,"Williams, DeAngelo",RB,0008,Keith Creelman,8.0,2,8,23.9,52.55,1,0,,0
2016,8268,"Williams, DeAngelo",RB,0007,Josh Martel,12.0,3,11,21.37,49.92,0,1,0010,0
2016,8268,"Williams, DeAngelo",RB,0005,Kyle Creelman,13.0,4,11,23.82,49.75,0,1,0007,0
2016,8268,"Williams, DeAngelo",RB,0007,Josh Martel,15.0,5,12,22.92,48.67,0,1,0005,0
2016,8268,"Williams, DeAngelo",RB,0005,Kyle Creelman,16.0,6,15,21.32,45.99,0,1,0007,0
2016,8268,"Williams, DeAngelo",RB,0010,Shawn Blake,17.0,7,6,8.63,30.62,0,1,0005,0
2016,8268,"Williams, DeAngelo",RB,0011,Eric Mannila,18.0,8,9,20.52,27.14,0,1,0010,0
2016,8268,"Williams, DeAngelo",RB,0006,Steve Bousquet,19.0,9,13,20.92,24.06,0,1,0011,0
2016,8268,"Williams, DeAngelo",RB,0011,Eric Mannila,20.0,10,13,23.95,24.01,0,1,0006,0
2016,8268,"Williams, DeAngelo",RB,0011,Eric Mannila,20.0,11,13,0.0,0.0,0,0,,1
2016,8275,"Jackson, D'Qwell",LB,0011,Eric Mannila,1.0,1,8,,26.62,0,0,,0
2016,8275,"Jackson, D'Qwell",LB,0001,Ryan Bousquet,3.0,2,8,23.98,26.6,0,1,0011,0
2016,8275,"Jackson, D'Qwell",LB,0004,Brian Cutting,3.0,3,8,23.92,26.52,0,1,0001,0
2016,8275,"Jackson, D'Qwell",LB,0005,Kyle Creelman,4.0,4,10,21.54,24.06,0,1,0004,0
2016,8275,"Jackson, D'Qwell",LB,0005,Kyle Creelman,4.0,5,10,0.0,0.0,0,0,,1
2016,8416,"Walker, Delanie",TE,0002,Derrick Whitman,6.0,1,11,,35.41,0,0,,0
2016,8416,"Walker, Delanie",TE,0001,Ryan Bousquet,4.0,2,11,23.4,34.82,1,0,,0
2016,8416,"Walker, Delanie",TE,0006,Steve Bousquet,5.0,3,12,23.61,34.43,1,0,,0
2016,8416,"Walker, Delanie",TE,0006,Steve Bousquet,7.0,4,12,24.0,34.42,0,1,0002,0
2016,8416,"Walker, Delanie",TE,0006,Steve Bousquet,12.0,5,12,23.99,34.41,0,0,,0
2016,8416,"Walker, Delanie",TE,0006,Steve Bousquet,16.0,6,14,22.06,32.47,0,0,,0
2016,8416,"Walker, Delanie",TE,0001,Ryan Bousquet,9.0,7,22,15.85,24.32,1,0,,0
2016,8416,"Walker, Delanie",TE,0009,Bear Dunn,13.0,8,22,23.73,24.05,1,0,,0
2016,8416,"Walker, Delanie",TE,0009,Bear Dunn,16.0,9,22,23.96,24.01,0,1,0006,0
2016,8416,"Walker, Delanie",TE,0009,Bear Dunn,22.0,10,22,23.99,24.0,0,0,,0
2016,8416,"Walker, Delanie",TE,0006,Steve Bousquet,18.0,11,11,11.1,11.1,1,0,,0
2016,8416,"Walker, Delanie",TE,0009,Bear Dunn,18.0,12,22,12.9,0.0,0,0,,1
2016,8444,"Koch, Sam",PN,0009,Bear Dunn,1.0,1,8,,24.04,0,0,,0
2016,8444,"Koch, Sam",PN,0009,Bear Dunn,1.0,2,8,0.0,0.0,0,0,,1
2016,8493,"Colston, Marques",WR,0005,Kyle Creelman,1.0,1,17,,26.59,0,0,,0
2016,8493,"Colston, Marques",WR,0005,Kyle Creelman,1.0,2,19,0.0,0.0,0,0,,1
2016,8501,"Ryan, Jon",PN,0004,Brian Cutting,1.0,1,9,,24.02,0,0,,0
2016,8501,"Ryan, Jon",PN,0004,Brian Cutting,1.0,2,9,0.0,0.0,0,0,,1
2016,8673,"Ginn Jr., Ted",WR,0010,Shawn Blake,2.0,1,9,,24.63,0,0,,0
2016,8673,"Ginn Jr., Ted",WR,0001,Ryan Bousquet,4.0,2,10,23.47,24.1,0,1,0010,0
2016,8673,"Ginn Jr., Ted",WR,0001,Ryan Bousquet,3.0,3,10,0.0,0.0,0,0,,1
2016,8684,"Timmons, Lawrence",LB,0008,Keith Creelman,1.0,1,8,,24.02,0,0,,0
2016,8684,"Timmons, Lawrence",LB,0008,Keith Creelman,1.0,2,8,0.0,0.0,0,0,,1
2016,8713,"Weddle, Eric",S,0006,Steve Bousquet,1.0,1,8,,26.69,0,0,,0
2016,8713,"Weddle, Eric",S,0006,Steve Bousquet,2.0,2,8,24.0,26.69,0,0,,0
2016,8713,"Weddle, Eric",S,0001,Ryan Bousquet,2.0,3,8,23.85,26.53,0,1,0006,0
2016,8713,"Weddle, Eric",S,0009,Bear Dunn,3.0,4,10,21.65,24.18,0,1,0001,0
2016,8713,"Weddle, Eric",S,0006,Steve Bousquet,4.0,5,10,23.95,24.13,0,1,0009,0
2016,8713,"Weddle, Eric",S,0006,Steve Bousquet,4.0,6,11,0.0,0.0,0,0,,1
2016,8776,"Jones, James",WR,0003,Kris Lake,3.0,1,12,,24.11,0,0,,0
2016,8776,"Jones, James",WR,0003,Kris Lake,1.0,2,12,0.0,0.0,0,0,,1
2016,8838,"Celek, Brent",TE,0004,Brian Cutting,1.0,1,9,,24.05,0,0,,0
2016,8838,"Celek, Brent",TE,0004,Brian Cutting,1.0,2,9,0.0,0.0,0,0,,1
2016,9041,"Avril, Cliff",DE,0009,Bear Dunn,3.0,1,8,,24.02,0,0,,0
2016,9041,"Avril, Cliff",DE,0009,Bear Dunn,1.0,2,8,0.0,0.0,0,0,,1
2016,9044,"Bennett, Martellus",TE,0008,Keith Creelman,14.0,1,8,,123.77,0,0,,0
2016,9044,"Bennett, Martellus",TE,0005,Kyle Creelman,7.0,2,8,23.11,122.87,1,0,,0
2016,9044,"Bennett, Martellus",TE,0006,Steve Bousquet,8.0,3,11,21.68,120.55,1,0,,0
2016,9044,"Bennett, Martellus",TE,0007,Josh Martel,11.0,4,12,22.44,118.99,1,0,,0
2016,9044,"Bennett, Martellus",TE,0007,Josh Martel,15.0,5,14,22.16,117.15,0,1,0008,0
2016,9044,"Bennett, Martellus",TE,0005,Kyle Creelman,16.0,6,8,6.59,99.74,0,1,0007,0
2016,9044,"Bennett, Martellus",TE,0008,Keith Creelman,18.0,7,12,19.86,95.6,0,1,0005,0
2016,9044,"Bennett, Martellus",TE,0007,Josh Martel,18.0,8,12,23.87,95.47,0,1,0008,0
2016,9044,"Bennett, Martellus",TE,0007,Josh Martel,20.0,9,12,0.14,71.61,0,0,,0
2016,9044,"Bennett, Martellus",TE,0007,Josh Martel,22.0,10,9,2.81,50.43,0,0,,0
2016,9044,"Bennett, Martellus",TE,0008,Keith Creelman,20.0,11,10,23.06,49.49,1,0,,0
2016,9044,"Bennett, Martellus",TE,0005,Kyle Creelman,21.0,12,12,22.23,47.72,1,0,,0
2016,9044,"Bennett, Martellus",TE,0007,Josh Martel,24.0,13,12,23.95,47.67,0,0,,0
2016,9044,"Bennett, Martellus",TE,0008,Keith Creelman,22.0,14,12,23.98,47.65,1,0,,0
2016,9044,"Bennett, Martellus",TE,0005,Kyle Creelman,23.0,15,12,23.98,47.63,1,0,,0
2016,9044,"Bennett, Martellus",TE,0005,Kyle Creelman,24.0,16,12,24.0,47.62,0,1,0007,0
2016,9044,"Bennett, Martellus",TE,0005,Kyle Creelman,25.0,17,12,24.0,47.62,0,0,,0
2016,9044,"Bennett, Martellus",TE,0007,Josh Martel,30.0,18,12,23.83,47.45,0,1,0005,0
2016,9044,"Bennett, Martellus",TE,0005,Kyle Creelman,28.0,19,11,0.71,24.16,1,0,,0
2016,9044,"Bennett, Martellus",TE,0005,Kyle Creelman,30.0,20,11,23.99,24.15,0,1,0007,0
2016,9044,"Bennett, Martellus",TE,0005,Kyle Creelman,32.0,21,11,23.94,24.08,0,0,,0
2016,9044,"Bennett, Martellus",TE,0005,Kyle Creelman,31.0,22,11,0.0,0.0,0,0,,1
2016,9051,"Campbell, Calais",DE,0010,Shawn Blake,1.0,1,13,,45.68,0,0,,0
2016,9051,"Campbell, Calais",DE,0011,Eric Mannila,2.0,2,10,3.05,24.73,0,1,0010,0
2016,9051,"Campbell, Calais",DE,0011,Eric Mannila,2.0,3,10,0.0,0.0,0,0,,1
2016,9075,"Jackson, DeSean",WR,0004,Brian Cutting,2.0,1,8,,60.36,0,0,,0
2016,9075,"Jackson, DeSean",WR,0005,Kyle Creelman,5.0,2,8,23.72,60.07,0,1,0004,0
2016,9075,"Jackson, DeSean",WR,0009,Bear Dunn,17.0,3,8,23.97,60.04,0,1,0005,0
2016,9075,"Jackson, DeSean",WR,0011,Eric Mannila,10.0,4,9,22.4,58.44,1,0,,0
2016,9075,"Jackson, DeSean",WR,0005,Kyle Creelman,11.0,5,9,23.97,58.41,1,0,,0
2016,9075,"Jackson, DeSean",WR,0005,Kyle Creelman,13.0,6,11,22.65,57.06,1,0,,0
2016,9075,"Jackson, DeSean",WR,0008,Keith Creelman,17.0,7,12,23.06,56.12,0,1,0009,0
2016,9075,"Jackson, DeSean",WR,0008,Keith Creelman,20.0,8,16,19.78,51.9,0,0,,0
2016,9075,"Jackson, DeSean",WR,0009,Bear Dunn,21.0,9,17,22.5,50.4,0,1,0008,0
2016,9075,"Jackson, DeSean",WR,0009,Bear Dunn,23.0,10,11,6.56,32.96,0,0,,0
2016,9075,"Jackson, DeSean",WR,0003,Kris Lake,22.0,11,13,21.69,30.65,1,0,,0
2016,9075,"Jackson, DeSean",WR,0003,Kris Lake,25.0,12,13,23.99,30.64,0,1,0009,0
2016,9075,"Jackson, DeSean",WR,0009,Bear Dunn,28.0,13,20,17.62,24.26,0,1,0003,0
2016,9075,"Jackson, DeSean",WR,0003,Kris Lake,27.0,14,12,8.0,8.26,1,0,,0
2016,9075,"Jackson, DeSean",WR,0009,Bear Dunn,27.0,15,20,15.74,0.0,0,0,,1
2016,9078,"Johnson, Chris",RB,0012,Chris Klingenberg,1.0,1,21,,69.99,0,0,,0
2016,9078,"Johnson, Chris",RB,0001,Ryan Bousquet,2.0,2,22,23.7,69.69,0,1,0012,0
2016,9078,"Johnson, Chris",RB,0005,Kyle Creelman,7.0,3,23,23.07,68.76,0,1,0001,0
2016,9078,"Johnson, Chris",RB,0008,Keith Creelman,4.0,4,18,4.77,49.52,1,0,,0
2016,9078,"Johnson, Chris",RB,0004,Brian Cutting,5.0,5,20,22.28,47.8,1,0,,0
2016,9078,"Johnson, Chris",RB,0012,Chris Klingenberg,10.0,6,21,22.53,46.33,0,1,0005,0
2016,9078,"Johnson, Chris",RB,0005,Kyle Creelman,9.0,7,15,5.88,28.21,1,0,,0
2016,9078,"Johnson, Chris",RB,0005,Kyle Creelman,10.0,8,19,19.84,24.05,0,1,0012,0
2016,9078,"Johnson, Chris",RB,0005,Kyle Creelman,11.0,9,19,23.99,24.04,0,0,,0
2016,9078,"Johnson, Chris",RB,0005,Kyle Creelman,11.0,10,19,0.0,0.0,0,0,,1
2016,9087,"McFadden, Darren",RB,0005,Kyle Creelman,5.0,1,20,,84.2,0,0,,0
2016,9087,"McFadden, Darren",RB,0003,Kris Lake,3.0,2,9,11.6,71.8,1,0,,0
2016,9087,"McFadden, Darren",RB,0003,Kris Lake,5.0,3,9,23.98,71.78,0,1,0005,0
2016,9087,"McFadden, Darren",RB,0003,Kris Lake,6.0,4,9,23.99,71.77,0,0,,0
2016,9087,"McFadden, Darren",RB,0005,Kyle Creelman,7.0,5,9,0.02,47.79,0,1,0003,0
2016,9087,"McFadden, Darren",RB,0003,Kris Lake,8.0,6,10,23.04,46.83,0,1,0005,0
2016,9087,"McFadden, Darren",RB,0005,Kyle Creelman,10.0,7,8,1.18,24.01,0,1,0003,0
2016,9087,"McFadden, Darren",RB,0005,Kyle Creelman,9.0,8,8,0.0,0.0,0,0,,1
2016,9099,"Ryan, Matt",QB,0004,Brian Cutting,2.0,1,8,,105.44,0,0,,0
2016,9099,"Ryan, Matt",QB,0008,Keith Creelman,2.0,2,8,23.55,104.99,0,1,0004,0
2016,9099,"Ryan, Matt",QB,0003,Kris Lake,5.0,3,19,13.27,94.26,0,1,0008,0
2016,9099,"Ryan, Matt",QB,0008,Keith Creelman,4.0,4,12,6.71,76.97,1,0,,0
2016,9099,"Ryan, Matt",QB,0008,Keith Creelman,5.0,5,14,22.56,75.53,0,1,0003,0
2016,9099,"Ryan, Matt",QB,0008,Keith Creelman,6.0,6,18,19.21,70.74,0,0,,0
2016,9099,"Ryan, Matt",QB,0006,Steve Bousquet,7.0,7,12,5.96,52.7,0,1,0008,0
2016,9099,"Ryan, Matt",QB,0002,Derrick Whitman,9.0,8,22,14.09,42.79,0,1,0006,0
2016,9099,"Ryan, Matt",QB,0006,Steve Bousquet,9.0,9,0,22.37,41.15,0,1,0002,0
2016,9099,"Ryan, Matt",QB,0002,Derrick Whitman,10.0,10,8,16.07,33.23,0,1,0006,0
2016,9099,"Ryan, Matt",QB,0006,Steve Bousquet,10.0,11,11,20.41,29.64,0,1,0002,0
2016,9099,"Ryan, Matt",QB,0002,Derrick Whitman,11.0,12,14,21.88,27.52,0,1,0006,0
2016,9099,"Ryan, Matt",QB,0006,Steve Bousquet,11.0,13,17,20.85,24.37,0,1,0002,0
2016,9099,"Ryan, Matt",QB,0006,Steve Bousquet,12.0,14,17,23.97,24.34,0,0,,0
2016,9099,"Ryan, Matt",QB,0006,Steve Bousquet,12.0,15,17,0.0,0.0,0,0,,1
2016,9122,"Forte, Matt",RB,0003,Kris Lake,15.0,1,9,,109.78,0,0,,0
2016,9122,"Forte, Matt",RB,0001,Ryan Bousquet,2.0,2,10,23.39,109.17,1,0,,0
2016,9122,"Forte, Matt",RB,0001,Ryan Bousquet,6.0,3,10,23.95,109.12,1,0,,0
2016,9122,"Forte, Matt",RB,0002,Derrick Whitman,10.0,4,11,23.12,108.24,1,0,,0
2016,9122,"Forte, Matt",RB,0004,Brian Cutting,11.0,5,11,23.54,107.78,1,0,,0
2016,9122,"Forte, Matt",RB,0004,Brian Cutting,12.0,6,21,14.41,98.19,1,0,,0
2016,9122,"Forte, Matt",RB,0004,Brian Cutting,13.0,7,21,23.99,98.18,1,0,,0
2016,9122,"Forte, Matt",RB,0004,Brian Cutting,14.0,8,21,24.0,98.18,1,0,,0
2016,9122,"Forte, Matt",RB,0004,Brian Cutting,15.0,9,21,24.0,98.18,0,1,0003,0
2016,9122,"Forte, Matt",RB,0004,Brian Cutting,16.0,10,21,23.99,98.17,0,0,,0
2016,9122,"Forte, Matt",RB,0011,Eric Mannila,20.0,11,8,12.4,86.56,0,1,0004,0
2016,9122,"Forte, Matt",RB,0002,Derrick Whitman,21.0,12,9,23.13,85.7,0,1,0011,0
2016,9122,"Forte, Matt",RB,0002,Derrick Whitman,25.0,13,9,23.99,85.69,0,0,,0
2016,9122,"Forte, Matt",RB,0006,Steve Bousquet,22.0,14,11,22.43,84.12,1,0,,0
2016,9122,"Forte, Matt",RB,0006,Steve Bousquet,25.0,15,11,23.98,84.1,0,1,0002,0
2016,9122,"Forte, Matt",RB,0006,Steve Bousquet,27.0,16,14,20.24,80.35,0,0,,0
2016,9122,"Forte, Matt",RB,0011,Eric Mannila,30.0,17,9,5.05,61.4,0,1,0006,0
2016,9122,"Forte, Matt",RB,0004,Brian Cutting,30.0,18,11,22.03,59.43,0,1,0011,0
2016,9122,"Forte, Matt",RB,0002,Derrick Whitman,35.0,19,17,18.48,53.91,0,1,0004,0
2016,9122,"Forte, Matt",RB,0011,Eric Mannila,32.0,20,17,23.98,53.89,1,0,,0
2016,9122,"Forte, Matt",RB,0003,Kris Lake,33.0,21,13,3.71,33.6,1,0,,0
2016,9122,"Forte, Matt",RB,0003,Kris Lake,35.0,22,13,23.99,33.59,0,1,0002,0
2016,9122,"Forte, Matt",RB,0003,Kris Lake,36.0,23,13,23.99,33.58,0,0,,0
2016,9122,"Forte, Matt",RB,0011,Eric Mannila,37.0,24,17,20.45,30.03,0,1,0003,0
2016,9122,"Forte, Matt",RB,0002,Derrick Whitman,40.0,25,22,18.49,24.52,0,1,0011,0
2016,9122,"Forte, Matt",RB,0003,Kris Lake,39.0,26,17,5.67,6.19,1,0,,0
2016,9122,"Forte, Matt",RB,0002,Derrick Whitman,39.0,27,23,17.81,0.0,0,0,,1
2016,9176,"Tamme, Jacob",TE,0003,Kris Lake,1.0,1,22,,24.02,0,0,,0
2016,9176,"Tamme, Jacob",TE,0003,Kris Lake,1.0,2,22,0.0,0.0,0,0,,1
2016,9196,"Hightower, Tim",RB,0006,Steve Bousquet,1.0,1,8,,24.01,0,0,,0
2016,9196,"Hightower, Tim",RB,0006,Steve Bousquet,4.0,2,8,23.99,24.0,0,0,,0
2016,9196,"Hightower, Tim",RB,0008,Keith Creelman,2.0,3,8,23.44,23.44,1,0,,0
2016,9196,"Hightower, Tim",RB,0005,Kyle Creelman,3.0,4,12,19.86,19.3,1,0,,0
2016,9196,"Hightower, Tim",RB,0008,Keith Creelman,4.0,5,8,4.76,0.05,0,1,0006,0
2016,9196,"Hightower, Tim",RB,0006,Steve Bousquet,4.0,6,8,23.95,0.0,0,1,0008,1
2016,9250,"Garcon, Pierre",WR,0001,Ryan Bousquet,6.0,1,8,,24.02,0,0,,0
2016,9250,"Garcon, Pierre",WR,0004,Brian Cutting,2.0,2,8,23.6,23.62,1,0,,0
2016,9250,"Garcon, Pierre",WR,0011,Eric Mannila,3.0,3,17,15.19,14.81,1,0,,0
2016,9250,"Garcon, Pierre",WR,0012,Chris Klingenberg,5.0,4,21,19.46,10.27,1,0,,0
2016,9250,"Garcon, Pierre",WR,0001,Ryan Bousquet,5.0,5,8,13.73,0.0,0,0,,1
2016,9278,"Forsett, Justin",RB,0007,Josh Martel,1.0,1,3,,99.92,0,0,,0
2016,9278,"Forsett, Justin",RB,0011,Eric Mannila,5.0,2,7,20.12,96.03,0,1,0007,0
2016,9278,"Forsett, Justin",RB,0001,Ryan Bousquet,6.0,3,11,19.84,91.88,0,1,0011,0
2016,9278,"Forsett, Justin",RB,0004,Brian Cutting,7.0,4,17,17.8,85.68,0,1,0001,0
2016,9278,"Forsett, Justin",RB,0005,Kyle Creelman,9.0,5,0,17.6,79.28,0,1,0004,0
2016,9278,"Forsett, Justin",RB,0006,Steve Bousquet,9.0,6,15,8.43,63.7,0,1,0005,0
2016,9278,"Forsett, Justin",RB,0006,Steve Bousquet,10.0,7,15,23.9,63.61,0,0,,0
2016,9278,"Forsett, Justin",RB,0011,Eric Mannila,13.0,8,15,23.84,63.45,0,1,0006,0
2016,9278,"Forsett, Justin",RB,0008,Keith Creelman,12.0,9,15,0.25,39.7,1,0,,0
2016,9278,"Forsett, Justin",RB,0008,Keith Creelman,14.0,10,15,23.98,39.68,0,1,0011,0
2016,9278,"Forsett, Justin",RB,0004,Brian Cutting,15.0,11,6,8.7,24.38,0,1,0008,0
2016,9278,"Forsett, Justin",RB,0004,Brian Cutting,17.0,12,14,16.33,16.71,0,0,,0
2016,9278,"Forsett, Justin",RB,0004,Brian Cutting,15.0,13,7,7.29,0.0,0,0,,1
2016,9308,"Amendola, Danny",WR,0011,Eric Mannila,1.0,1,7,,76.33,0,0,,0
2016,9308,"Amendola, Danny",WR,0002,Derrick Whitman,4.0,2,22,0.0,37.24,0,1,0011,0
2016,9308,"Amendola, Danny",WR,0001,Ryan Bousquet,3.0,3,23,23.72,36.96,1,0,,0
2016,9308,"Amendola, Danny",WR,0007,Josh Martel,6.0,4,11,11.83,24.79,0,1,0002,0
2016,9308,"Amendola, Danny",WR,0002,Derrick Whitman,6.0,5,11,23.91,24.7,0,1,0007,0
2016,9308,"Amendola, Danny",WR,0008,Keith Creelman,7.0,6,11,23.4,24.1,0,1,0002,0
2016,9308,"Amendola, Danny",WR,0006,Steve Bousquet,8.0,7,11,23.96,24.06,0,1,0008,0
2016,9308,"Amendola, Danny",WR,0007,Josh Martel,9.0,8,12,23.94,24.0,0,1,0006,0
2016,9308,"Amendola, Danny",WR,0007,Josh Martel,10.0,9,12,23.98,23.99,0,0,,0
2016,9308,"Amendola, Danny",WR,0007,Josh Martel,15.0,10,12,23.67,23.66,0,0,,0
2016,9308,"Amendola, Danny",WR,0007,Josh Martel,9.0,11,12,0.34,0.0,0,0,,1
2016,9310,"Kern, Brett",PN,0012,Chris Klingenberg,1.0,1,14,,24.29,0,0,,0
2016,9310,"Kern, Brett",PN,0001,Ryan Bousquet,2.0,2,14,23.72,24.01,0,1,0012,0
2016,9310,"Kern, Brett",PN,0001,Ryan Bousquet,2.0,3,14,0.0,0.0,0,0,,1
2016,9319,"Hauschka, Steven",PK,0007,Josh Martel,1.0,1,7,,24.62,0,0,,0
2016,9319,"Hauschka, Steven",PK,0007,Josh Martel,1.0,2,8,23.38,24.0,0,0,,0
2016,9319,"Hauschka, Steven",PK,0007,Josh Martel,1.0,3,8,0.0,0.0,0,0,,1
2016,9427,"Crabtree, Michael",WR,0001,Ryan Bousquet,5.0,1,11,,27.95,0,0,,0
2016,9427,"Crabtree, Michael",WR,0006,Steve Bousquet,2.0,2,11,23.89,27.85,1,0,,0
2016,9427,"Crabtree, Michael",WR,0006,Steve Bousquet,7.0,3,11,23.99,27.84,0,1,0001,0
2016,9427,"Crabtree, Michael",WR,0007,Josh Martel,16.0,4,12,23.38,27.22,0,1,0006,0
2016,9427,"Crabtree, Michael",WR,0006,Steve Bousquet,9.0,5,12,23.55,26.77,1,0,,0
2016,9427,"Crabtree, Michael",WR,0006,Steve Bousquet,10.0,6,12,24.0,26.76,1,0,,0
2016,9427,"Crabtree, Michael",WR,0006,Steve Bousquet,17.0,7,12,23.94,26.7,0,1,0007,0
2016,9427,"Crabtree, Michael",WR,0010,Shawn Blake,18.0,8,15,21.32,24.02,0,1,0006,0
2016,9427,"Crabtree, Michael",WR,0006,Steve Bousquet,25.0,9,15,23.98,24.0,0,1,0010,0
2016,9427,"Crabtree, Michael",WR,0006,Steve Bousquet,30.0,10,19,20.09,20.09,0,0,,0
2016,9427,"Crabtree, Michael",WR,0006,Steve Bousquet,32.0,11,23,20.32,16.41,0,0,,0
2016,9427,"Crabtree, Michael",WR,0009,Bear Dunn,22.0,12,8,14.92,7.33,1,0,,0
2016,9427,"Crabtree, Michael",WR,0009,Bear Dunn,24.0,13,8,23.97,7.3,1,0,,0
2016,9427,"Crabtree, Michael",WR,0005,Kyle Creelman,26.0,14,12,19.73,3.03,1,0,,0
2016,9427,"Crabtree, Michael",WR,0006,Steve Bousquet,26.0,15,15,20.97,0.0,0,0,,1
2016,9429,"Sanchez, Mark",QB,0006,Steve Bousquet,1.0,1,8,,24.03,0,0,,0
2016,9429,"Sanchez, Mark",QB,0006,Steve Bousquet,2.0,2,8,24.0,24.03,0,0,,0
2016,9429,"Sanchez, Mark",QB,0006,Steve Bousquet,1.0,3,8,0.0,0.0,0,0,,1
2016,9430,"Jenkins, Malcolm",S,0001,Ryan Bousquet,3.0,1,8,,24.04,0,0,,0
2016,9430,"Jenkins, Malcolm",S,0006,Steve Bousquet,2.0,2,8,23.83,23.87,1,0,,0
2016,9430,"Jenkins, Malcolm",S,0001,Ryan Bousquet,2.0,3,8,0.13,0.0,0,0,,1
2016,9448,"McCoy, LeSean",RB,0005,Kyle Creelman,1.0,1,8,,50.65,0,0,,0
2016,9448,"McCoy, LeSean",RB,0010,Shawn Blake,15.0,2,8,23.69,50.34,0,1,0005,0
2016,9448,"McCoy, LeSean",RB,0006,Steve Bousquet,10.0,3,9,23.14,49.48,1,0,,0
2016,9448,"McCoy, LeSean",RB,0006,Steve Bousquet,12.0,4,9,23.99,49.47,1,0,,0
2016,9448,"McCoy, LeSean",RB,0006,Steve Bousquet,17.0,5,9,24.0,49.47,0,1,0010,0
2016,9448,"McCoy, LeSean",RB,0010,Shawn Blake,20.0,6,11,22.03,47.5,0,1,0006,0
2016,9448,"McCoy, LeSean",RB,0006,Steve Bousquet,19.0,7,12,23.14,46.64,1,0,,0
2016,9448,"McCoy, LeSean",RB,0006,Steve Bousquet,20.0,8,12,23.99,46.63,0,1,0010,0
2016,9448,"McCoy, LeSean",RB,0006,Steve Bousquet,24.0,9,12,24.0,46.63,0,0,,0
2016,9448,"McCoy, LeSean",RB,0006,Steve Bousquet,30.0,10,14,22.03,44.66,0,0,,0
2016,9448,"McCoy, LeSean",RB,0004,Brian Cutting,24.0,11,21,16.95,37.61,1,0,,0
2016,9448,"McCoy, LeSean",RB,0004,Brian Cutting,25.0,12,21,23.97,37.58,1,0,,0
2016,9448,"McCoy, LeSean",RB,0006,Steve Bousquet,40.0,13,22,22.98,36.57,0,0,,0
2016,9448,"McCoy, LeSean",RB,0008,Keith Creelman,26.0,14,9,12.5,25.07,1,0,,0
2016,9448,"McCoy, LeSean",RB,0008,Keith Creelman,27.0,15,9,23.99,25.06,1,0,,0
2016,9448,"McCoy, LeSean",RB,0008,Keith Creelman,29.0,16,9,23.99,25.05,1,0,,0
2016,9448,"McCoy, LeSean",RB,0007,Josh Martel,35.0,17,10,23.05,24.1,1,0,,0
2016,9448,"McCoy, LeSean",RB,0007,Josh Martel,45.0,18,10,23.95,24.05,0,1,0006,0
2016,9448,"McCoy, LeSean",RB,0006,Steve Bousquet,42.0,19,10,23.98,24.03,1,0,,0
2016,9448,"McCoy, LeSean",RB,0006,Steve Bousquet,44.0,20,10,23.99,24.02,1,0,,0
2016,9448,"McCoy, LeSean",RB,0006,Steve Bousquet,47.0,21,10,23.99,24.01,0,1,0007,0
2016,9448,"McCoy, LeSean",RB,0006,Steve Bousquet,51.0,22,11,23.71,23.72,0,0,,0
2016,9448,"McCoy, LeSean",RB,0006,Steve Bousquet,53.0,23,23,11.86,11.58,0,0,,0
2016,9448,"McCoy, LeSean",RB,0007,Josh Martel,50.0,24,10,13.02,0.6,1,0,,0
2016,9448,"McCoy, LeSean",RB,0006,Steve Bousquet,55.0,25,10,23.86,0.46,0,0,,0
2016,9448,"McCoy, LeSean",RB,0006,Steve Bousquet,50.0,26,10,23.54,0.0,0,0,,1
2016,9467,"Britt, Kenny",WR,0002,Derrick Whitman,2.0,1,12,,24.09,0,0,,0
2016,9467,"Britt, Kenny",WR,0003,Kris Lake,2.0,2,12,23.23,23.32,0,1,0002,0
2016,9467,"Britt, Kenny",WR,0002,Derrick Whitman,2.0,3,12,0.68,0.0,0,1,0003,1
2016,9474,"Cook, Jared",TE,0004,Brian Cutting,1.0,1,8,,62.25,0,0,,0
2016,9474,"Cook, Jared",TE,0008,Keith Creelman,2.0,2,8,23.76,62.01,0,1,0004,0
2016,9474,"Cook, Jared",TE,0004,Brian Cutting,3.0,3,10,22.09,60.1,0,1,0008,0
2016,9474,"Cook, Jared",TE,0012,Chris Klingenberg,5.0,4,22,11.3,47.4,0,1,0004,0
2016,9474,"Cook, Jared",TE,0003,Kris Lake,5.0,5,22,0.84,24.24,0,1,0012,0
2016,9474,"Cook, Jared",TE,0003,Kris Lake,7.0,6,22,23.99,24.23,0,0,,0
2016,9474,"Cook, Jared",TE,0003,Kris Lake,6.0,7,22,0.0,0.0,0,0,,1
2016,9517,"Levy, DeAndre",LB,0006,Steve Bousquet,1.0,1,8,,26.82,0,0,,0
2016,9517,"Levy, DeAndre",LB,0006,Steve Bousquet,4.0,2,8,24.0,26.82,0,0,,0
2016,9517,"Levy, DeAndre",LB,0010,Shawn Blake,2.0,3,8,23.93,26.75,1,0,,0
2016,9517,"Levy, DeAndre",LB,0011,Eric Mannila,3.0,4,11,21.76,24.52,1,0,,0
2016,9517,"Levy, DeAndre",LB,0002,Derrick Whitman,5.0,5,11,23.5,24.02,0,1,0006,0
2016,9517,"Levy, DeAndre",LB,0002,Derrick Whitman,5.0,6,11,0.0,0.0,0,0,,1
2016,9525,"Wallace, Mike",WR,0012,Chris Klingenberg,1.0,1,22,,65.01,0,0,,0
2016,9525,"Wallace, Mike",WR,0006,Steve Bousquet,2.0,2,22,23.93,64.94,0,1,0012,0
2016,9525,"Wallace, Mike",WR,0012,Chris Klingenberg,5.0,3,22,23.96,64.91,0,1,0006,0
2016,9525,"Wallace, Mike",WR,0006,Steve Bousquet,4.0,4,23,23.98,64.89,1,0,,0
2016,9525,"Wallace, Mike",WR,0009,Bear Dunn,6.0,5,8,14.23,55.12,0,1,0012,0
2016,9525,"Wallace, Mike",WR,0004,Brian Cutting,7.0,6,16,16.69,47.81,0,1,0009,0
2016,9525,"Wallace, Mike",WR,0009,Bear Dunn,9.0,7,9,6.92,30.73,0,1,0004,0
2016,9525,"Wallace, Mike",WR,0012,Chris Klingenberg,10.0,8,15,18.14,24.87,0,1,0009,0
2016,9525,"Wallace, Mike",WR,0012,Chris Klingenberg,10.0,9,15,0.0,0.0,0,0,,1
2016,9611,"Miller, Zach",TE,0001,Ryan Bousquet,4.0,1,13,,79.4,0,0,,0
2016,9611,"Miller, Zach",TE,0006,Steve Bousquet,4.0,2,13,23.99,79.39,0,1,0001,0
2016,9611,"Miller, Zach",TE,0010,Shawn Blake,6.0,3,15,21.9,77.29,0,1,0006,0
2016,9611,"Miller, Zach",TE,0010,Shawn Blake,6.0,4,15,23.63,76.92,0,0,,0
2016,9611,"Miller, Zach",TE,0006,Steve Bousquet,7.0,5,16,23.4,76.32,0,1,0010,0
2016,9611,"Miller, Zach",TE,0006,Steve Bousquet,8.0,6,16,23.87,76.19,0,0,,0
2016,9611,"Miller, Zach",TE,0005,Kyle Creelman,9.0,7,22,17.31,69.5,0,1,0006,0
2016,9611,"Miller, Zach",TE,0010,Shawn Blake,10.0,8,21,1.75,47.25,0,1,0005,0
2016,9611,"Miller, Zach",TE,0005,Kyle Creelman,12.0,9,20,0.76,24.01,0,1,0010,0
2016,9611,"Miller, Zach",TE,0005,Kyle Creelman,11.0,10,20,0.0,0.0,0,0,,1
2016,9652,"McAfee, Pat",PN,0011,Eric Mannila,1.0,1,12,,24.28,0,0,,0
2016,9652,"McAfee, Pat",PN,0011,Eric Mannila,1.0,2,12,0.0,0.0,0,0,,1
2016,9680,"Jennings, Rashad",RB,0004,Brian Cutting,2.0,1,8,,46.34,0,0,,0
2016,9680,"Jennings, Rashad",RB,0001,Ryan Bousquet,3.0,2,8,23.85,46.2,0,1,0004,0
2016,9680,"Jennings, Rashad",RB,0004,Brian Cutting,5.0,3,8,23.82,46.02,0,1,0001,0
2016,9680,"Jennings, Rashad",RB,0008,Keith Creelman,9.0,4,10,21.94,43.95,0,1,0004,0
2016,9680,"Jennings, Rashad",RB,0004,Brian Cutting,7.0,5,11,22.85,42.8,1,0,,0
2016,9680,"Jennings, Rashad",RB,0004,Brian Cutting,8.0,6,11,23.99,42.79,1,0,,0
2016,9680,"Jennings, Rashad",RB,0004,Brian Cutting,9.0,7,11,23.99,42.79,0,1,0008,0
2016,9680,"Jennings, Rashad",RB,0004,Brian Cutting,10.0,8,11,23.88,42.67,0,0,,0
2016,9680,"Jennings, Rashad",RB,0008,Keith Creelman,12.0,9,15,20.19,38.86,0,1,0004,0
2016,9680,"Jennings, Rashad",RB,0009,Bear Dunn,15.0,10,6,9.59,24.45,0,1,0008,0
2016,9680,"Jennings, Rashad",RB,0009,Bear Dunn,17.0,11,6,23.97,24.43,0,0,,0
2016,9680,"Jennings, Rashad",RB,0004,Brian Cutting,15.0,12,6,23.14,23.57,1,0,,0
2016,9680,"Jennings, Rashad",RB,0009,Bear Dunn,19.0,13,9,21.94,21.5,0,0,,0
2016,9680,"Jennings, Rashad",RB,0009,Bear Dunn,15.0,14,6,2.5,0.0,0,0,,1
2016,9693,"Woodhead, Danny",RB,0002,Derrick Whitman,8.0,1,6,,53.61,0,0,,0
2016,9693,"Woodhead, Danny",RB,0010,Shawn Blake,3.0,2,6,23.66,53.27,1,0,,0
2016,9693,"Woodhead, Danny",RB,0010,Shawn Blake,5.0,3,6,24.0,53.27,1,0,,0
2016,9693,"Woodhead, Danny",RB,0001,Ryan Bousquet,10.0,4,0,6.42,35.69,0,1,0002,0
2016,9693,"Woodhead, Danny",RB,0002,Derrick Whitman,8.0,5,7,16.79,28.48,1,0,,0
2016,9693,"Woodhead, Danny",RB,0001,Ryan Bousquet,6.0,6,8,23.26,27.74,0,0,,0
2016,9693,"Woodhead, Danny",RB,0007,Josh Martel,22.0,7,8,23.51,27.25,0,1,0001,0
2016,9693,"Woodhead, Danny",RB,0008,Keith Creelman,14.0,8,10,21.92,25.17,1,0,,0
2016,9693,"Woodhead, Danny",RB,0005,Kyle Creelman,16.0,9,10,23.82,24.99,1,0,,0
2016,9693,"Woodhead, Danny",RB,0006,Steve Bousquet,39.0,10,11,23.01,24.0,0,1,0007,0
2016,9693,"Woodhead, Danny",RB,0007,Josh Martel,28.0,11,11,23.84,23.84,1,0,,0
2016,9693,"Woodhead, Danny",RB,0010,Shawn Blake,29.0,12,20,15.61,15.45,1,0,,0
2016,9693,"Woodhead, Danny",RB,0005,Kyle Creelman,30.0,13,11,8.68,0.14,1,0,,0
2016,9693,"Woodhead, Danny",RB,0005,Kyle Creelman,32.0,14,11,23.96,0.1,1,0,,0
2016,9693,"Woodhead, Danny",RB,0005,Kyle Creelman,33.0,15,11,23.95,0.05,1,0,,0
2016,9693,"Woodhead, Danny",RB,0005,Kyle Creelman,34.0,16,11,23.98,0.03,1,0,,0
2016,9693,"Woodhead, Danny",RB,0005,Kyle Creelman,35.0,17,11,23.99,0.03,1,0,,0
2016,9693,"Woodhead, Danny",RB,0006,Steve Bousquet,35.0,18,11,23.97,0.0,0,0,,1
2016,9694,"Gano, Graham",PK,0002,Derrick Whitman,2.0,1,8,,24.0,0,0,,0
2016,9694,"Gano, Graham",PK,0005,Kyle Creelman,2.0,2,2,6.36,6.37,0,1,0002,0
2016,9694,"Gano, Graham",PK,0002,Derrick Whitman,2.0,3,8,17.63,0.0,0,1,0005,1
2016,9749,"Bennett, Michael",DE,0010,Shawn Blake,1.0,1,8,,31.84,0,0,,0
2016,9749,"Bennett, Michael",DE,0012,Chris Klingenberg,3.0,2,15,17.02,24.86,0,1,0010,0
2016,9749,"Bennett, Michael",DE,0012,Chris Klingenberg,2.0,3,15,0.0,0.0,0,0,,1
2016,9822,"Spiller, C.J.",RB,0008,Keith Creelman,1.0,1,8,,24.57,0,0,,0
2016,9822,"Spiller, C.J.",RB,0008,Keith Creelman,1.0,2,8,0.0,0.0,0,0,,1
2016,9825,"Dunlap, Carlos",DE,0005,Kyle Creelman,5.0,1,12,,47.63,0,0,,0
2016,9825,"Dunlap, Carlos",DE,0001,Ryan Bousquet,4.0,2,12,23.98,47.61,1,0,,0
2016,9825,"Dunlap, Carlos",DE,0001,Ryan Bousquet,5.0,3,12,23.96,47.57,0,1,0005,0
2016,9825,"Dunlap, Carlos",DE,0006,Steve Bousquet,6.0,4,11,0.43,24.0,0,1,0001,0
2016,9825,"Dunlap, Carlos",DE,0006,Steve Bousquet,6.0,5,11,0.0,0.0,0,0,,1
2016,9828,"Griffen, Everson",DE,0005,Kyle Creelman,3.0,1,9,,45.85,0,0,,0
2016,9828,"Griffen, Everson",DE,0001,Ryan Bousquet,2.0,2,9,23.46,45.31,1,0,,0
2016,9828,"Griffen, Everson",DE,0001,Ryan Bousquet,3.0,3,10,23.52,44.83,0,1,0005,0
2016,9828,"Griffen, Everson",DE,0001,Ryan Bousquet,4.0,4,10,23.96,44.79,0,0,,0
2016,9828,"Griffen, Everson",DE,0005,Kyle Creelman,5.0,5,13,20.32,41.12,0,1,0001,0
2016,9828,"Griffen, Everson",DE,0002,Derrick Whitman,6.0,6,7,6.93,24.05,0,1,0005,0
2016,9828,"Griffen, Everson",DE,0002,Derrick Whitman,7.0,7,7,23.99,24.04,0,0,,0
2016,9828,"Griffen, Everson",DE,0002,Derrick Whitman,6.0,8,7,0.0,0.0,0,0,,1
2016,9833,"Pierre-Paul, Jason",DE,0008,Keith Creelman,1.0,1,8,,24.97,0,0,,0
2016,9833,"Pierre-Paul, Jason",DE,0006,Steve Bousquet,2.0,2,9,23.07,24.04,0,1,0008,0
2016,9833,"Pierre-Paul, Jason",DE,0006,Steve Bousquet,2.0,3,9,0.0,0.0,0,0,,1
2016,9843,"LaFell, Brandon",WR,0005,Kyle Creelman,1.0,1,8,,24.2,0,0,,0
2016,9843,"LaFell, Brandon",WR,0005,Kyle Creelman,1.0,2,8,0.0,0.0,0,0,,1
2016,9851,"Mathews, Ryan",RB,0006,Steve Bousquet,1.0,1,10,,25.51,0,0,,0
2016,9851,"Mathews, Ryan",RB,0001,Ryan Bousquet,5.0,2,10,23.98,25.49,0,1,0006,0
2016,9851,"Mathews, Ryan",RB,0006,Steve Bousquet,19.0,3,11,22.51,24.0,0,1,0001,0
2016,9851,"Mathews, Ryan",RB,0004,Brian Cutting,7.0,4,12,23.15,23.16,1,0,,0
2016,9851,"Mathews, Ryan",RB,0004,Brian Cutting,8.0,5,12,24.0,23.15,1,0,,0
2016,9851,"Mathews, Ryan",RB,0004,Brian Cutting,9.0,6,12,24.0,23.15,1,0,,0
2016,9851,"Mathews, Ryan",RB,0005,Kyle Creelman,10.0,7,22,13.76,12.91,1,0,,0
2016,9851,"Mathews, Ryan",RB,0005,Kyle Creelman,11.0,8,23,23.56,12.47,1,0,,0
2016,9851,"Mathews, Ryan",RB,0005,Kyle Creelman,12.0,9,10,12.63,1.11,1,0,,0
2016,9851,"Mathews, Ryan",RB,0005,Kyle Creelman,13.0,10,10,23.96,1.07,1,0,,0
2016,9851,"Mathews, Ryan",RB,0005,Kyle Creelman,14.0,11,10,23.99,1.06,1,0,,0
2016,9851,"Mathews, Ryan",RB,0005,Kyle Creelman,15.0,12,10,23.97,1.03,1,0,,0
2016,9851,"Mathews, Ryan",RB,0005,Kyle Creelman,16.0,13,10,23.99,1.03,1,0,,0
2016,9851,"Mathews, Ryan",RB,0005,Kyle Creelman,17.0,14,10,23.99,1.02,1,0,,0
2016,9851,"Mathews, Ryan",RB,0006,Steve Bousquet,25.0,15,10,24.0,1.02,0,0,,0
2016,9851,"Mathews, Ryan",RB,0005,Kyle Creelman,18.0,16,10,23.98,1.0,1,0,,0
2016,9851,"Mathews, Ryan",RB,0005,Kyle Creelman,19.0,17,10,23.99,1.0,1,0,,0
2016,9851,"Mathews, Ryan",RB,0005,Kyle Creelman,20.0,18,10,23.81,0.81,1,0,,0
2016,9851,"Mathews, Ryan",RB,0006,Steve Bousquet,20.0,19,11,23.19,0.0,0,0,,1
2016,9856,"McCluster, Dexter",RB,0002,Derrick Whitman,2.0,1,21,,24.11,0,0,,0
2016,9856,"McCluster, Dexter",RB,0002,Derrick Whitman,1.0,2,21,0.0,0.0,0,0,,1
2016,9866,"Lee, Sean",LB,0004,Brian Cutting,3.0,1,8,,24.01,0,0,,0
2016,9866,"Lee, Sean",LB,0006,Steve Bousquet,2.0,2,9,22.37,22.39,1,0,,0
2016,9866,"Lee, Sean",LB,0004,Brian Cutting,2.0,3,8,1.61,0.0,0,0,,1
2016,9884,"Thomas, Demaryius",WR,0006,Steve Bousquet,1.0,1,9,,37.4,0,0,,0
2016,9884,"Thomas, Demaryius",WR,0008,Keith Creelman,15.0,2,9,23.97,37.37,0,1,0006,0
2016,9884,"Thomas, Demaryius",WR,0010,Shawn Blake,12.0,3,9,23.91,37.28,1,0,,0
2016,9884,"Thomas, Demaryius",WR,0002,Derrick Whitman,18.0,4,11,22.18,35.47,0,1,0008,0
2016,9884,"Thomas, Demaryius",WR,0005,Kyle Creelman,22.0,5,11,23.49,34.96,0,1,0002,0
2016,9884,"Thomas, Demaryius",WR,0008,Keith Creelman,28.0,6,17,18.47,29.44,0,1,0005,0
2016,9884,"Thomas, Demaryius",WR,0012,Chris Klingenberg,25.0,7,21,19.11,24.55,1,0,,0
2016,9884,"Thomas, Demaryius",WR,0009,Bear Dunn,38.0,8,22,23.48,24.02,0,1,0008,0
2016,9884,"Thomas, Demaryius",WR,0011,Eric Mannila,35.0,9,7,15.19,15.22,1,0,,0
2016,9884,"Thomas, Demaryius",WR,0011,Eric Mannila,36.0,10,7,23.99,15.21,1,0,,0
2016,9884,"Thomas, Demaryius",WR,0011,Eric Mannila,38.0,11,8,22.64,13.85,0,1,0009,0
2016,9884,"Thomas, Demaryius",WR,0009,Bear Dunn,42.0,12,9,22.72,12.57,0,1,0011,0
2016,9884,"Thomas, Demaryius",WR,0007,Josh Martel,42.0,13,11,22.81,11.38,0,1,0009,0
2016,9884,"Thomas, Demaryius",WR,0009,Bear Dunn,45.0,14,13,21.6,8.99,0,1,0007,0
2016,9884,"Thomas, Demaryius",WR,0006,Steve Bousquet,43.0,15,19,18.12,3.11,1,0,,0
2016,9884,"Thomas, Demaryius",WR,0006,Steve Bousquet,44.0,16,22,21.24,0.34,1,0,,0
2016,9884,"Thomas, Demaryius",WR,0009,Bear Dunn,44.0,17,22,23.66,0.0,0,0,,1
2016,9898,"Blount, LeGarrette",RB,0012,Chris Klingenberg,5.0,1,21,,48.74,0,0,,0
2016,9898,"Blount, LeGarrette",RB,0001,Ryan Bousquet,3.0,2,21,23.92,48.66,1,0,,0
2016,9898,"Blount, LeGarrette",RB,0006,Steve Bousquet,4.0,3,23,22.31,46.96,1,0,,0
2016,9898,"Blount, LeGarrette",RB,0006,Steve Bousquet,6.0,4,15,7.67,30.63,0,1,0012,0
2016,9898,"Blount, LeGarrette",RB,0012,Chris Klingenberg,10.0,5,22,17.38,24.01,0,1,0006,0
2016,9898,"Blount, LeGarrette",RB,0012,Chris Klingenberg,7.0,6,22,0.0,0.0,0,0,,1
2016,9918,"Sanders, Emmanuel",WR,0003,Kris Lake,7.0,1,7,,57.24,0,0,,0
2016,9918,"Sanders, Emmanuel",WR,0002,Derrick Whitman,18.0,2,9,21.48,54.71,0,1,0003,0
2016,9918,"Sanders, Emmanuel",WR,0008,Keith Creelman,20.0,3,9,23.87,54.59,0,1,0002,0
2016,9918,"Sanders, Emmanuel",WR,0010,Shawn Blake,20.0,4,10,23.29,53.88,0,1,0008,0
2016,9918,"Sanders, Emmanuel",WR,0010,Shawn Blake,24.0,5,12,22.4,52.28,0,0,,0
2016,9918,"Sanders, Emmanuel",WR,0008,Keith Creelman,25.0,6,14,21.34,49.62,0,1,0010,0
2016,9918,"Sanders, Emmanuel",WR,0010,Shawn Blake,27.0,7,17,21.07,46.69,0,1,0008,0
2016,9918,"Sanders, Emmanuel",WR,0002,Derrick Whitman,30.0,8,6,11.57,34.26,0,1,0010,0
2016,9918,"Sanders, Emmanuel",WR,0011,Eric Mannila,30.0,9,9,20.18,30.43,0,1,0002,0
2016,9918,"Sanders, Emmanuel",WR,0011,Eric Mannila,32.0,10,11,22.49,28.92,0,0,,0
2016,9918,"Sanders, Emmanuel",WR,0006,Steve Bousquet,32.0,11,15,19.78,24.71,0,1,0011,0
2016,9918,"Sanders, Emmanuel",WR,0006,Steve Bousquet,33.0,12,15,23.9,24.61,0,0,,0
2016,9918,"Sanders, Emmanuel",WR,0011,Eric Mannila,36.0,13,15,23.99,24.6,0,1,0006,0
2016,9918,"Sanders, Emmanuel",WR,0006,Steve Bousquet,35.0,14,15,23.98,24.58,1,0,,0
2016,9918,"Sanders, Emmanuel",WR,0006,Steve Bousquet,36.0,15,15,23.99,24.57,0,1,0011,0
2016,9918,"Sanders, Emmanuel",WR,0006,Steve Bousquet,37.0,16,15,23.99,24.56,0,0,,0
2016,9918,"Sanders, Emmanuel",WR,0006,Steve Bousquet,38.0,17,15,23.97,24.53,0,0,,0
2016,9918,"Sanders, Emmanuel",WR,0011,Eric Mannila,40.0,18,15,23.96,24.49,0,1,0006,0
2016,9918,"Sanders, Emmanuel",WR,0006,Steve Bousquet,40.0,19,15,23.94,24.43,0,1,0011,0
2016,9918,"Sanders, Emmanuel",WR,0006,Steve Bousquet,41.0,20,16,23.76,24.19,0,0,,0
2016,9918,"Sanders, Emmanuel",WR,0011,Eric Mannila,42.0,21,16,23.84,24.03,0,1,0006,0
2016,9918,"Sanders, Emmanuel",WR,0011,Eric Mannila,42.0,22,16,0.0,0.0,0,0,,1
2016,9925,"Graham, Jimmy",TE,0011,Eric Mannila,1.0,1,17,,60.8,0,0,,0
2016,9925,"Graham, Jimmy",TE,0004,Brian Cutting,2.0,2,17,23.52,60.32,0,1,0011,0
2016,9925,"Graham, Jimmy",TE,0004,Brian Cutting,3.0,3,18,23.47,59.79,0,0,,0
2016,9925,"Graham, Jimmy",TE,0001,Ryan Bousquet,4.0,4,19,22.89,58.68,0,1,0004,0
2016,9925,"Graham, Jimmy",TE,0004,Brian Cutting,5.0,5,21,22.35,57.03,0,1,0001,0
2016,9925,"Graham, Jimmy",TE,0002,Derrick Whitman,12.0,6,5,15.3,48.34,0,1,0004,0
2016,9925,"Graham, Jimmy",TE,0004,Brian Cutting,7.0,7,10,19.34,43.68,1,0,,0
2016,9925,"Graham, Jimmy",TE,0003,Kris Lake,15.0,8,19,15.26,34.93,0,1,0002,0
2016,9925,"Graham, Jimmy",TE,0002,Derrick Whitman,15.0,9,6,13.2,24.13,0,1,0003,0
2016,9925,"Graham, Jimmy",TE,0002,Derrick Whitman,17.0,10,6,23.97,24.1,0,0,,0
2016,9925,"Graham, Jimmy",TE,0002,Derrick Whitman,16.0,11,6,0.0,0.0,0,0,,1
2016,9966,"Jones, Reshad",S,0011,Eric Mannila,1.0,1,9,,53.89,0,0,,0
2016,9966,"Jones, Reshad",S,0001,Ryan Bousquet,2.0,2,11,22.4,52.29,0,1,0011,0
2016,9966,"Jones, Reshad",S,0006,Steve Bousquet,4.0,3,11,23.8,52.09,0,1,0001,0
2016,9966,"Jones, Reshad",S,0011,Eric Mannila,6.0,4,9,1.76,29.85,0,1,0006,0
2016,9966,"Jones, Reshad",S,0006,Steve Bousquet,6.0,5,12,20.93,26.78,0,1,0011,0
2016,9966,"Jones, Reshad",S,0006,Steve Bousquet,7.0,6,15,21.34,24.12,0,0,,0
2016,9966,"Jones, Reshad",S,0011,Eric Mannila,8.0,7,15,23.89,24.02,0,1,0006,0
2016,9966,"Jones, Reshad",S,0011,Eric Mannila,8.0,8,15,0.0,0.0,0,0,,1
2016,9987,"Starks, James",RB,0010,Shawn Blake,1.0,1,8,,73.11,0,0,,0
2016,9987,"Starks, James",RB,0001,Ryan Bousquet,2.0,2,8,23.33,72.44,0,1,0010,0
2016,9987,"Starks, James",RB,0005,Kyle Creelman,3.0,3,10,22.02,70.47,0,1,0001,0
2016,9987,"Starks, James",RB,0003,Kris Lake,4.0,4,13,20.96,67.43,0,1,0005,0
2016,9987,"Starks, James",RB,0010,Shawn Blake,5.0,5,10,3.47,46.9,0,1,0003,0
2016,9987,"Starks, James",RB,0010,Shawn Blake,6.0,6,10,23.99,46.89,0,0,,0
2016,9987,"Starks, James",RB,0003,Kris Lake,6.0,7,9,1.2,24.09,0,1,0010,0
2016,9987,"Starks, James",RB,0003,Kris Lake,7.0,8,9,23.98,24.07,0,0,,0
2016,9987,"Starks, James",RB,0003,Kris Lake,7.0,9,9,0.0,0.0,0,0,,1
2017,10074,"Church, Barry",S,0008,Keith Creelman,1.0,1,4,,25.86,0,0,,0
2017,10074,"Church, Barry",S,0008,Keith Creelman,1.0,2,6,0.0,0.0,0,0,,1
2017,10077,"Ivory, Chris",RB,0008,Keith Creelman,1.0,1,9,,34.72,0,0,,0
2017,10077,"Ivory, Chris",RB,0004,Brian Cutting,2.0,2,19,14.22,24.93,1,0,,0
2017,10077,"Ivory, Chris",RB,0004,Brian Cutting,3.0,3,19,23.99,24.93,0,1,0008,0
2017,10077,"Ivory, Chris",RB,0004,Brian Cutting,3.0,4,20,0.0,0.0,0,0,,1
2017,10080,"Cruz, Victor",WR,0008,Keith Creelman,1.0,1,5,,24.77,0,0,,0
2017,10080,"Cruz, Victor",WR,0008,Keith Creelman,1.0,2,6,0.0,0.0,0,0,,1
2017,10272,"Watt, J.J.",DE,0010,Shawn Blake,1.0,1,6,,49.04,0,0,,0
2017,10272,"Watt, J.J.",DE,0010,Shawn Blake,3.0,2,6,23.69,48.73,0,0,,0
2017,10272,"Watt, J.J.",DE,0004,Brian Cutting,7.0,3,7,23.54,48.27,1,0,,0
2017,10272,"Watt, J.J.",DE,0004,Brian Cutting,9.0,4,7,23.99,48.26,1,0,,0
2017,10272,"Watt, J.J.",DE,0004,Brian Cutting,10.0,5,7,23.67,47.93,0,1,0010,0
2017,10272,"Watt, J.J.",DE,0010,Shawn Blake,11.0,6,7,23.81,47.73,1,0,,0
2017,10272,"Watt, J.J.",DE,0010,Shawn Blake,12.0,7,10,21.51,45.24,0,1,0004,0
2017,10272,"Watt, J.J.",DE,0004,Brian Cutting,13.0,8,10,23.64,44.88,0,1,0010,0
2017,10272,"Watt, J.J.",DE,0010,Shawn Blake,15.0,9,11,22.8,43.68,0,1,0004,0
2017,10272,"Watt, J.J.",DE,0004,Brian Cutting,16.0,10,7,4.38,24.06,0,1,0010,0
2017,10272,"Watt, J.J.",DE,0004,Brian Cutting,16.0,11,7,0.0,0.0,0,0,,1
2017,10273,"Newton, Cam",QB,0001,Ryan Bousquet,1.0,1,0,,56.91,0,0,,0
2017,10273,"Newton, Cam",QB,0009,Bear Dunn,5.0,2,6,17.35,50.27,1,0,,0
2017,10273,"Newton, Cam",QB,0004,Brian Cutting,7.0,3,9,21.38,47.65,1,0,,0
2017,10273,"Newton, Cam",QB,0004,Brian Cutting,8.0,4,9,23.98,47.63,1,0,,0
2017,10273,"Newton, Cam",QB,0005,Kyle Creelman,10.0,5,15,18.5,42.13,1,0,,0
2017,10273,"Newton, Cam",QB,0005,Kyle Creelman,12.0,6,15,24.0,42.13,1,0,,0
2017,10273,"Newton, Cam",QB,0005,"John Richard, Jarrade Nieber",15.0,7,15,23.87,42.0,0,1,0001,0
2017,10273,"Newton, Cam",QB,0001,Ryan Bousquet,16.0,8,22,17.09,35.08,0,1,0005,0
2017,10273,"Newton, Cam",QB,0010,Shawn Blake,17.0,9,9,12.92,24.0,0,1,0001,0
2017,10273,"Newton, Cam",QB,0010,Shawn Blake,17.0,10,9,0.0,0.0,0,0,,1
2017,10277,"Houston, Justin",LB,0007,Josh Martel,1.0,1,0,,45.02,0,0,,0
2017,10277,"Houston, Justin",LB,0008,Keith Creelman,2.0,2,1,22.33,43.34,1,0,,0
2017,10277,"Houston, Justin",LB,0005,"John Richard, Jarrade Nieber",3.0,3,21,4.69,24.04,0,1,0007,0
2017,10277,"Houston, Justin",LB,0005,"John Richard, Jarrade Nieber",3.0,4,21,0.0,0.0,0,0,,1
2017,10289,"Smith, Torrey",WR,0005,"John Richard, Jarrade Nieber",1.0,1,7,,24.3,0,0,,0
2017,10289,"Smith, Torrey",WR,0005,"John Richard, Jarrade Nieber",1.0,2,7,0.0,0.0,0,0,,1
2017,10292,"Jordan, Cameron",DE,0008,Keith Creelman,1.0,1,4,,25.87,0,0,,0
2017,10292,"Jordan, Cameron",DE,0010,Shawn Blake,2.0,2,6,22.24,24.11,0,1,0008,0
2017,10292,"Jordan, Cameron",DE,0010,Shawn Blake,2.0,3,6,0.0,0.0,0,0,,1
2017,10297,"Kaepernick, Colin",QB,0008,Keith Creelman,1.0,1,4,,25.59,0,0,,0
2017,10297,"Kaepernick, Colin",QB,0008,Keith Creelman,1.0,2,6,0.0,0.0,0,0,,1
2017,10300,"Rodgers, Jacquizz",RB,0005,"John Richard, Jarrade Nieber",1.0,1,0,,24.06,0,0,,0
2017,10300,"Rodgers, Jacquizz",RB,0010,Shawn Blake,3.0,2,6,18.45,18.51,1,0,,0
2017,10300,"Rodgers, Jacquizz",RB,0001,Ryan Bousquet,4.0,3,6,23.1,17.61,1,0,,0
2017,10300,"Rodgers, Jacquizz",RB,0005,"John Richard, Jarrade Nieber",4.0,4,0,6.39,0.0,0,0,,1
2017,10302,"Murray, DeMarco",RB,0007,Josh Martel,1.0,1,8,,30.66,0,0,,0
2017,10302,"Murray, DeMarco",RB,0009,Bear Dunn,2.0,2,8,23.97,30.62,0,1,0007,0
2017,10302,"Murray, DeMarco",RB,0006,Steve Bousquet,18.0,3,8,23.99,30.62,0,1,0009,0
2017,10302,"Murray, DeMarco",RB,0006,Steve Bousquet,23.0,4,8,23.77,30.38,0,0,,0
2017,10302,"Murray, DeMarco",RB,0006,Steve Bousquet,30.0,5,8,23.86,30.24,0,0,,0
2017,10302,"Murray, DeMarco",RB,0006,Steve Bousquet,35.0,6,8,23.97,30.21,0,0,,0
2017,10302,"Murray, DeMarco",RB,0006,Steve Bousquet,36.0,7,9,23.98,30.19,0,0,,0
2017,10302,"Murray, DeMarco",RB,0006,Steve Bousquet,40.0,8,9,23.98,30.17,0,0,,0
2017,10302,"Murray, DeMarco",RB,0006,Steve Bousquet,43.0,9,9,23.98,30.15,0,0,,0
2017,10302,"Murray, DeMarco",RB,0011,Eric Mannila,45.0,10,9,23.99,30.14,0,1,0006,0
2017,10302,"Murray, DeMarco",RB,0006,Steve Bousquet,46.0,11,9,23.96,30.11,1,0,,0
2017,10302,"Murray, DeMarco",RB,0006,Steve Bousquet,47.0,12,9,23.99,30.1,1,0,,0
2017,10302,"Murray, DeMarco",RB,0006,Steve Bousquet,49.0,13,9,23.99,30.09,1,0,,0
2017,10302,"Murray, DeMarco",RB,0006,Steve Bousquet,50.0,14,9,23.95,30.04,1,0,,0
2017,10302,"Murray, DeMarco",RB,0010,Shawn Blake,51.0,15,9,23.97,30.01,0,1,0011,0
2017,10302,"Murray, DeMarco",RB,0006,Steve Bousquet,52.0,16,9,23.93,29.94,1,0,,0
2017,10302,"Murray, DeMarco",RB,0010,Shawn Blake,55.0,17,9,23.99,29.93,0,0,,0
2017,10302,"Murray, DeMarco",RB,0010,Shawn Blake,57.0,18,9,23.95,29.89,0,0,,0
2017,10302,"Murray, DeMarco",RB,0012,Chris Klingenberg,60.0,19,14,19.09,24.97,1,0,,0
2017,10302,"Murray, DeMarco",RB,0012,Chris Klingenberg,63.0,20,14,23.29,24.26,0,1,0010,0
2017,10302,"Murray, DeMarco",RB,0010,Shawn Blake,66.0,21,15,23.74,24.0,0,1,0012,0
2017,10302,"Murray, DeMarco",RB,0010,Shawn Blake,66.0,22,15,0.0,0.0,0,0,,1
2017,10303,"Vereen, Shane",RB,0006,Steve Bousquet,1.0,1,7,,24.02,0,0,,0
2017,10303,"Vereen, Shane",RB,0008,Keith Creelman,2.0,2,9,21.27,21.29,1,0,,0
2017,10303,"Vereen, Shane",RB,0006,Steve Bousquet,2.0,3,7,2.71,0.0,0,0,,1
2017,10308,"Cobb, Randall",WR,0002,Derrick Whitman,1.0,1,7,,29.01,0,0,,0
2017,10308,"Cobb, Randall",WR,0011,Eric Mannila,2.0,2,8,23.88,28.88,0,1,0002,0
2017,10308,"Cobb, Randall",WR,0004,Brian Cutting,6.0,3,11,20.1,24.98,0,1,0011,0
2017,10308,"Cobb, Randall",WR,0011,Eric Mannila,8.0,4,12,23.03,24.01,0,1,0004,0
2017,10308,"Cobb, Randall",WR,0004,Brian Cutting,9.0,5,13,23.34,23.35,1,0,,0
2017,10308,"Cobb, Randall",WR,0004,Brian Cutting,10.0,6,13,23.97,23.32,1,0,,0
2017,10308,"Cobb, Randall",WR,0010,Shawn Blake,12.0,7,15,22.03,21.34,1,0,,0
2017,10308,"Cobb, Randall",WR,0004,Brian Cutting,13.0,8,18,21.55,18.89,1,0,,0
2017,10308,"Cobb, Randall",WR,0010,Shawn Blake,15.0,9,10,7.16,2.05,1,0,,0
2017,10308,"Cobb, Randall",WR,0011,Eric Mannila,15.0,10,12,21.95,0.0,0,0,,1
2017,10312,"Rudolph, Kyle",TE,0001,Ryan Bousquet,1.0,1,9,,24.48,0,0,,0
2017,10312,"Rudolph, Kyle",TE,0010,Shawn Blake,4.0,2,9,23.86,24.34,1,0,,0
2017,10312,"Rudolph, Kyle",TE,0003,Kris Lake,13.0,3,9,23.79,24.13,1,0,,0
2017,10312,"Rudolph, Kyle",TE,0006,Steve Bousquet,15.0,4,9,23.98,24.11,0,1,0001,0
2017,10312,"Rudolph, Kyle",TE,0001,Ryan Bousquet,22.0,5,9,23.93,24.04,0,1,0006,0
2017,10312,"Rudolph, Kyle",TE,0006,Steve Bousquet,25.0,6,9,23.97,24.01,0,1,0001,0
2017,10312,"Rudolph, Kyle",TE,0006,Steve Bousquet,25.0,7,9,0.0,0.0,0,0,,1
2017,10313,"Dalton, Andy",QB,0003,Matt Gerardi,1.0,1,0,,59.8,0,0,,0
2017,10313,"Dalton, Andy",QB,0010,Shawn Blake,4.0,2,3,21.04,56.84,1,0,,0
2017,10313,"Dalton, Andy",QB,0010,Shawn Blake,6.0,3,6,20.79,53.63,0,1,0003,0
2017,10313,"Dalton, Andy",QB,0003,Matt Gerardi,9.0,4,8,21.97,51.6,0,1,0010,0
2017,10313,"Dalton, Andy",QB,0005,"John Richard, Jarrade Nieber",11.0,5,15,17.33,44.93,1,0,,0
2017,10313,"Dalton, Andy",QB,0006,Steve Bousquet,12.0,6,15,23.51,44.44,0,1,0003,0
2017,10313,"Dalton, Andy",QB,0005,"John Richard, Jarrade Nieber",13.0,7,2,12.57,33.01,0,1,0006,0
2017,10313,"Dalton, Andy",QB,0006,Steve Bousquet,14.0,8,11,15.0,24.01,0,1,0005,0
2017,10313,"Dalton, Andy",QB,0005,"John Richard, Jarrade Nieber",16.0,9,16,19.91,19.92,1,0,,0
2017,10313,"Dalton, Andy",QB,0006,Steve Bousquet,16.0,10,11,4.08,0.0,0,0,,1
2017,10350,"Wright, K.J.",LB,0008,Keith Creelman,1.0,1,4,,25.55,0,0,,0
2017,10350,"Wright, K.J.",LB,0008,Keith Creelman,1.0,2,5,0.0,0.0,0,0,,1
2017,10353,"Acho, Sam",LB,0002,Derrick Whitman,1.0,1,6,,24.15,0,0,,0
2017,10353,"Acho, Sam",LB,0002,Derrick Whitman,1.0,2,6,0.0,0.0,0,0,,1
2017,10409,"Clay, Charles",TE,0011,Eric Mannila,1.0,1,7,,24.5,0,0,,0
2017,10409,"Clay, Charles",TE,0011,Eric Mannila,1.0,2,7,0.0,0.0,0,0,,1
2017,10412,"Robinson, Aldrick",WR,0010,Shawn Blake,1.0,1,0,,24.02,0,0,,0
2017,10412,"Robinson, Aldrick",WR,0010,Shawn Blake,1.0,2,0,0.0,0.0,0,0,,1
2017,10506,"Bailey, Dan",PK,0009,Bear Dunn,1.0,1,0,,24.02,0,0,,0
2017,10506,"Bailey, Dan",PK,0009,Bear Dunn,1.0,2,0,0.0,0.0,0,0,,1
2017,10651,"Aiken, Kamar",WR,0011,Eric Mannila,1.0,1,7,,24.08,0,0,,0
2017,10651,"Aiken, Kamar",WR,0011,Eric Mannila,1.0,2,7,0.0,0.0,0,0,,1
2017,10697,"Tannehill, Ryan",QB,0008,Keith Creelman,1.0,1,5,,24.16,0,0,,0
2017,10697,"Tannehill, Ryan",QB,0008,Keith Creelman,1.0,2,5,0.0,0.0,0,0,,1
2017,10703,"Wilson, Russell",QB,0006,Steve Bousquet,1.0,1,0,,81.19,0,0,,0
2017,10703,"Wilson, Russell",QB,0010,Shawn Blake,5.0,2,3,20.99,78.18,1,0,,0
2017,10703,"Wilson, Russell",QB,0009,Bear Dunn,8.0,3,6,20.25,74.43,1,0,,0
2017,10703,"Wilson, Russell",QB,0009,Bear Dunn,11.0,4,6,23.92,74.35,1,0,,0
2017,10703,"Wilson, Russell",QB,0008,Keith Creelman,13.0,5,12,18.96,69.31,0,1,0006,0
2017,10703,"Wilson, Russell",QB,0010,Shawn Blake,16.0,6,12,23.7,69.01,1,0,,0
2017,10703,"Wilson, Russell",QB,0003,Matt Gerardi,21.0,7,12,23.89,68.9,0,1,0008,0
2017,10703,"Wilson, Russell",QB,0010,Shawn Blake,26.0,8,7,5.41,50.31,1,0,,0
2017,10703,"Wilson, Russell",QB,0010,Shawn Blake,29.0,9,10,20.86,47.18,0,1,0003,0
2017,10703,"Wilson, Russell",QB,0003,Matt Gerardi,31.0,10,9,0.96,24.14,0,1,0010,0
2017,10703,"Wilson, Russell",QB,0003,Matt Gerardi,31.0,11,9,0.0,0.0,0,0,,1
2017,10709,"Martin, Doug",RB,0005,"John Richard, Jarrade Nieber",1.0,1,6,,57.49,0,0,,0
2017,10709,"Martin, Doug",RB,0004,Brian Cutting,4.0,2,6,23.71,57.2,1,0,,0
2017,10709,"Martin, Doug",RB,0001,Ryan Bousquet,12.0,3,9,21.7,54.9,1,0,,0
2017,10709,"Martin, Doug",RB,0004,Brian Cutting,13.0,4,9,23.66,54.56,0,1,0005,0
2017,10709,"Martin, Doug",RB,0001,Ryan Bousquet,14.0,5,12,21.13,51.69,0,1,0004,0
2017,10709,"Martin, Doug",RB,0005,"John Richard, Jarrade Nieber",17.0,6,21,14.69,42.39,0,1,0001,0
2017,10709,"Martin, Doug",RB,0009,Bear Dunn,22.0,7,6,15.13,33.51,0,1,0005,0
2017,10709,"Martin, Doug",RB,0004,Brian Cutting,23.0,8,10,20.42,29.93,0,1,0009,0
2017,10709,"Martin, Doug",RB,0005,"John Richard, Jarrade Nieber",25.0,9,16,18.14,24.07,0,1,0004,0
2017,10709,"Martin, Doug",RB,0009,Bear Dunn,27.0,10,12,3.82,3.89,1,0,,0
2017,10709,"Martin, Doug",RB,0005,"John Richard, Jarrade Nieber",27.0,11,16,20.11,0.0,0,0,,1
2017,10714,"Turbin, Robert",RB,0008,Keith Creelman,1.0,1,1,,39.69,0,0,,0
2017,10714,"Turbin, Robert",RB,0001,Ryan Bousquet,2.0,2,6,18.7,34.39,0,1,0008,0
2017,10714,"Turbin, Robert",RB,0009,Bear Dunn,3.0,3,17,13.71,24.1,0,1,0001,0
2017,10714,"Turbin, Robert",RB,0006,Steve Bousquet,4.0,4,17,23.36,23.46,1,0,,0
2017,10714,"Turbin, Robert",RB,0009,Bear Dunn,4.0,5,17,0.54,0.0,0,0,,1
2017,10723,"Sanu, Mohamed",WR,0002,Derrick Whitman,1.0,1,8,,24.02,0,0,,0
2017,10723,"Sanu, Mohamed",WR,0002,Derrick Whitman,1.0,2,8,0.0,0.0,0,0,,1
2017,10729,"Hilton, T.Y.",WR,0003,Matt Gerardi,1.0,1,8,,62.79,0,0,,0
2017,10729,"Hilton, T.Y.",WR,0009,Bear Dunn,11.0,2,8,23.68,62.47,0,1,0003,0
2017,10729,"Hilton, T.Y.",WR,0006,Steve Bousquet,12.0,3,8,23.93,62.4,1,0,,0
2017,10729,"Hilton, T.Y.",WR,0003,Matt Gerardi,15.0,4,8,23.91,62.31,1,0,,0
2017,10729,"Hilton, T.Y.",WR,0006,Steve Bousquet,25.0,5,8,23.89,62.2,1,0,,0
2017,10729,"Hilton, T.Y.",WR,0006,Steve Bousquet,29.0,6,8,23.97,62.18,1,0,,0
2017,10729,"Hilton, T.Y.",WR,0006,Steve Bousquet,31.0,7,8,23.85,62.03,1,0,,0
2017,10729,"Hilton, T.Y.",WR,0009,Bear Dunn,33.0,8,9,23.89,61.93,0,0,,0
2017,10729,"Hilton, T.Y.",WR,0009,Bear Dunn,37.0,9,9,23.98,61.91,0,0,,0
2017,10729,"Hilton, T.Y.",WR,0009,Bear Dunn,40.0,10,9,23.98,61.88,0,0,,0
2017,10729,"Hilton, T.Y.",WR,0001,Ryan Bousquet,46.0,11,9,23.96,61.84,0,1,0009,0
2017,10729,"Hilton, T.Y.",WR,0009,Bear Dunn,47.0,12,9,23.92,61.76,1,0,,0
2017,10729,"Hilton, T.Y.",WR,0010,Shawn Blake,53.0,13,9,23.99,61.75,1,0,,0
2017,10729,"Hilton, T.Y.",WR,0010,Shawn Blake,55.0,14,9,23.98,61.74,1,0,,0
2017,10729,"Hilton, T.Y.",WR,0010,Shawn Blake,56.0,15,9,23.98,61.72,0,1,0001,0
2017,10729,"Hilton, T.Y.",WR,0001,Ryan Bousquet,58.0,16,9,23.82,61.54,1,0,,0
2017,10729,"Hilton, T.Y.",WR,0007,Josh Martel,60.0,17,7,1.89,39.43,1,0,,0
2017,10729,"Hilton, T.Y.",WR,0007,Josh Martel,61.0,18,7,23.84,39.27,0,1,0010,0
2017,10729,"Hilton, T.Y.",WR,0010,Shawn Blake,63.0,19,11,20.16,35.43,0,1,0007,0
2017,10729,"Hilton, T.Y.",WR,0007,Josh Martel,65.0,20,12,22.63,34.06,1,0,,0
2017,10729,"Hilton, T.Y.",WR,0006,Steve Bousquet,66.0,21,18,18.67,28.73,1,0,,0
2017,10729,"Hilton, T.Y.",WR,0006,Steve Bousquet,67.0,22,18,23.45,28.17,1,0,,0
2017,10729,"Hilton, T.Y.",WR,0007,Josh Martel,69.0,23,22,19.83,24.0,0,1,0010,0
2017,10729,"Hilton, T.Y.",WR,0010,Shawn Blake,70.0,24,6,16.09,16.09,1,0,,0
2017,10729,"Hilton, T.Y.",WR,0007,Josh Martel,70.0,25,22,7.91,0.0,0,0,,1
2017,10737,"Benjamin, Travis",WR,0004,Brian Cutting,1.0,1,4,,25.65,0,0,,0
2017,10737,"Benjamin, Travis",WR,0004,Brian Cutting,1.0,2,6,0.0,0.0,0,0,,1
2017,10738,"Jones, Marvin",WR,0004,Brian Cutting,1.0,1,4,,48.04,0,0,,0
2017,10738,"Jones, Marvin",WR,0008,Keith Creelman,3.0,2,5,23.46,47.5,1,0,,0
2017,10738,"Jones, Marvin",WR,0008,Keith Creelman,4.0,3,10,18.23,41.73,1,0,,0
2017,10738,"Jones, Marvin",WR,0012,Chris Klingenberg,5.0,4,14,20.42,38.15,1,0,,0
2017,10738,"Jones, Marvin",WR,0003,Matt Gerardi,6.0,5,23,15.19,29.35,0,1,0004,0
2017,10738,"Jones, Marvin",WR,0012,Chris Klingenberg,7.0,6,23,23.73,29.08,0,1,0003,0
2017,10738,"Jones, Marvin",WR,0004,Brian Cutting,8.0,7,4,19.0,24.08,1,0,,0
2017,10738,"Jones, Marvin",WR,0004,Brian Cutting,10.0,8,4,23.97,24.05,1,0,,0
2017,10738,"Jones, Marvin",WR,0004,Brian Cutting,11.0,9,4,23.97,24.02,0,1,0012,0
2017,10738,"Jones, Marvin",WR,0004,Brian Cutting,11.0,10,4,0.0,0.0,0,0,,1
2017,10742,"Allen, Dwayne",TE,0011,Eric Mannila,1.0,1,6,,48.45,0,0,,0
2017,10742,"Allen, Dwayne",TE,0004,Brian Cutting,2.0,2,7,23.16,47.6,0,1,0011,0
2017,10742,"Allen, Dwayne",TE,0011,Eric Mannila,3.0,3,6,0.5,24.1,0,1,0004,0
2017,10742,"Allen, Dwayne",TE,0011,Eric Mannila,3.0,4,6,0.0,0.0,0,0,,1
2017,10743,"Fleener, Coby",TE,0005,"John Richard, Jarrade Nieber",1.0,1,8,,25.08,0,0,,0
2017,10743,"Fleener, Coby",TE,0008,Keith Creelman,2.0,2,9,23.03,24.11,1,0,,0
2017,10743,"Fleener, Coby",TE,0008,Keith Creelman,3.0,3,9,23.99,24.1,1,0,,0
2017,10743,"Fleener, Coby",TE,0008,Keith Creelman,4.0,4,9,23.96,24.06,0,1,0005,0
2017,10743,"Fleener, Coby",TE,0008,Keith Creelman,4.0,5,10,0.0,0.0,0,0,,1
2017,10749,"Ingram, Melvin",DE,0001,Ryan Bousquet,1.0,1,7,,31.26,0,0,,0
2017,10749,"Ingram, Melvin",DE,0010,Shawn Blake,3.0,2,8,23.81,31.07,1,0,,0
2017,10749,"Ingram, Melvin",DE,0010,Shawn Blake,4.0,3,9,22.97,30.05,1,0,,0
2017,10749,"Ingram, Melvin",DE,0010,Shawn Blake,5.0,4,9,23.99,30.03,1,0,,0
2017,10749,"Ingram, Melvin",DE,0010,Shawn Blake,6.0,5,9,23.83,29.87,0,1,0001,0
2017,10749,"Ingram, Melvin",DE,0012,Chris Klingenberg,7.0,6,15,18.16,24.03,0,1,0010,0
2017,10749,"Ingram, Melvin",DE,0012,Chris Klingenberg,7.0,7,15,0.0,0.0,0,0,,1
2017,10770,"Brown, Zach",LB,0011,Eric Mannila,1.0,1,6,,38.23,0,0,,0
2017,10770,"Brown, Zach",LB,0001,Ryan Bousquet,2.0,2,20,9.96,24.19,0,1,0011,0
2017,10770,"Brown, Zach",LB,0011,Eric Mannila,3.0,3,20,23.9,24.09,0,1,0001,0
2017,10770,"Brown, Zach",LB,0011,Eric Mannila,3.0,4,20,0.0,0.0,0,0,,1
2017,10772,"Burfict, Vontaze",LB,0003,Matt Gerardi,1.0,1,0,,24.01,0,0,,0
2017,10772,"Burfict, Vontaze",LB,0009,Bear Dunn,3.0,2,0,23.93,23.94,1,0,,0
2017,10772,"Burfict, Vontaze",LB,0009,Bear Dunn,4.0,3,0,23.99,23.93,1,0,,0
2017,10772,"Burfict, Vontaze",LB,0003,Matt Gerardi,4.0,4,0,0.07,0.0,0,0,,1
2017,10774,"Hightower, Dont'a",LB,0005,"John Richard, Jarrade Nieber",1.0,1,7,,33.97,0,0,,0
2017,10774,"Hightower, Dont'a",LB,0009,Bear Dunn,3.0,2,9,21.67,31.64,1,0,,0
2017,10774,"Hightower, Dont'a",LB,0009,Bear Dunn,4.0,3,17,16.48,24.11,0,1,0005,0
2017,10774,"Hightower, Dont'a",LB,0009,Bear Dunn,4.0,4,17,0.0,0.0,0,0,,1
2017,10775,"Wagner, Bobby",LB,0003,Matt Gerardi,1.0,1,0,,24.02,0,0,,0
2017,10775,"Wagner, Bobby",LB,0001,Ryan Bousquet,3.0,2,0,23.99,24.01,0,1,0003,0
2017,10775,"Wagner, Bobby",LB,0003,Matt Gerardi,5.0,3,0,23.99,24.0,1,0,,0
2017,10775,"Wagner, Bobby",LB,0003,Matt Gerardi,6.0,4,0,23.99,23.99,1,0,,0
2017,10775,"Wagner, Bobby",LB,0003,Matt Gerardi,7.0,5,0,23.9,23.89,1,0,,0
2017,10775,"Wagner, Bobby",LB,0001,Ryan Bousquet,7.0,6,0,0.11,0.0,0,0,,1
2017,10782,"Barron, Mark",LB,0004,Brian Cutting,1.0,1,16,,24.91,0,0,,0
2017,10782,"Barron, Mark",LB,0004,Brian Cutting,1.0,2,17,0.0,0.0,0,0,,1
2017,10783,"Smith, Harrison",S,0010,Shawn Blake,1.0,1,6,,24.38,0,0,,0
2017,10783,"Smith, Harrison",S,0010,Shawn Blake,1.0,2,7,0.0,0.0,0,0,,1
2017,10814,"Anger, Bryan",PN,0009,Bear Dunn,1.0,1,6,,24.11,0,0,,0
2017,10814,"Anger, Bryan",PN,0009,Bear Dunn,1.0,2,6,0.0,0.0,0,0,,1
2017,10815,"Vernon, Olivier",DE,0009,Bear Dunn,1.0,1,0,,24.02,0,0,,0
2017,10815,"Vernon, Olivier",DE,0001,Ryan Bousquet,2.0,2,6,17.15,17.18,1,0,,0
2017,10815,"Vernon, Olivier",DE,0010,Shawn Blake,3.0,3,21,9.33,2.51,1,0,,0
2017,10815,"Vernon, Olivier",DE,0009,Bear Dunn,3.0,4,0,21.49,0.0,0,0,,1
2017,10870,"Morris, Alfred",RB,0004,Brian Cutting,1.0,1,7,,24.05,0,0,,0
2017,10870,"Morris, Alfred",RB,0010,Shawn Blake,2.0,2,7,23.91,23.96,1,0,,0
2017,10870,"Morris, Alfred",RB,0004,Brian Cutting,2.0,3,7,0.04,0.0,0,0,,1
2017,10960,"Gordon, Josh",WR,0006,Steve Bousquet,1.0,1,0,,34.82,0,0,,0
2017,10960,"Gordon, Josh",WR,0009,Bear Dunn,4.0,2,6,18.37,29.18,1,0,,0
2017,10960,"Gordon, Josh",WR,0004,Brian Cutting,5.0,3,11,19.22,24.4,0,1,0006,0
2017,10960,"Gordon, Josh",WR,0008,Keith Creelman,6.0,4,11,23.6,24.0,0,1,0004,0
2017,10960,"Gordon, Josh",WR,0008,Keith Creelman,6.0,5,11,0.0,0.0,0,0,,1
2017,10973,"Beasley, Cole",WR,0009,Bear Dunn,1.0,1,6,,25.95,0,0,,0
2017,10973,"Beasley, Cole",WR,0010,Shawn Blake,4.0,2,6,23.75,25.69,0,1,0009,0
2017,10973,"Beasley, Cole",WR,0009,Bear Dunn,6.0,3,8,22.31,24.01,0,1,0010,0
2017,10973,"Beasley, Cole",WR,0009,Bear Dunn,6.0,4,8,0.0,0.0,0,0,,1
2017,10976,"Tucker, Justin",PK,0009,Bear Dunn,1.0,1,4,,30.33,0,0,,0
2017,10976,"Tucker, Justin",PK,0005,"John Richard, Jarrade Nieber",2.0,2,7,20.8,27.13,1,0,,0
2017,10976,"Tucker, Justin",PK,0006,Steve Bousquet,3.0,3,8,23.61,26.75,0,1,0009,0
2017,10976,"Tucker, Justin",PK,0004,Brian Cutting,4.0,4,11,21.27,24.01,0,1,0006,0
2017,10976,"Tucker, Justin",PK,0004,Brian Cutting,4.0,5,11,0.0,0.0,0,0,,1
2017,10982,"Freeman, Jerrell",LB,0007,Josh Martel,1.0,1,0,,45.59,0,0,,0
2017,10982,"Freeman, Jerrell",LB,0005,"John Richard, Jarrade Nieber",2.0,2,0,23.54,45.14,1,0,,0
2017,10982,"Freeman, Jerrell",LB,0010,Shawn Blake,3.0,3,21,2.89,24.03,0,1,0007,0
2017,10982,"Freeman, Jerrell",LB,0010,Shawn Blake,3.0,4,21,0.0,0.0,0,0,,1
2017,10983,"Hogan, Chris",WR,0005,"John Richard, Jarrade Nieber",1.0,1,8,,59.59,0,0,,0
2017,10983,"Hogan, Chris",WR,0011,Eric Mannila,2.0,2,10,22.43,58.03,0,1,0005,0
2017,10983,"Hogan, Chris",WR,0008,Keith Creelman,3.0,3,7,3.14,37.16,0,1,0011,0
2017,10983,"Hogan, Chris",WR,0011,Eric Mannila,4.0,4,8,23.17,36.33,0,1,0008,0
2017,10983,"Hogan, Chris",WR,0008,Keith Creelman,5.0,5,18,13.88,26.21,0,1,0011,0
2017,10983,"Hogan, Chris",WR,0008,Keith Creelman,5.0,6,20,0.0,0.0,0,0,,1
2017,11180,"Gillislee, Mike",RB,0001,Ryan Bousquet,1.0,1,0,,66.16,0,0,,0
2017,11180,"Gillislee, Mike",RB,0001,Ryan Bousquet,16.0,2,3,20.21,62.37,0,0,,0
2017,11180,"Gillislee, Mike",RB,0001,Ryan Bousquet,18.0,3,3,23.89,62.26,0,0,,0
2017,11180,"Gillislee, Mike",RB,0005,"John Richard, Jarrade Nieber",20.0,4,4,23.21,61.48,0,1,0001,0
2017,11180,"Gillislee, Mike",RB,0006,Steve Bousquet,21.0,5,8,20.44,57.92,1,0,,0
2017,11180,"Gillislee, Mike",RB,0006,Steve Bousquet,22.0,6,8,23.99,57.92,1,0,,0
2017,11180,"Gillislee, Mike",RB,0006,Steve Bousquet,23.0,7,8,24.0,57.91,0,1,0005,0
2017,11180,"Gillislee, Mike",RB,0005,"John Richard, Jarrade Nieber",26.0,8,9,22.81,56.72,0,1,0006,0
2017,11180,"Gillislee, Mike",RB,0006,Steve Bousquet,27.0,9,9,23.79,56.52,0,1,0005,0
2017,11180,"Gillislee, Mike",RB,0008,Keith Creelman,28.0,10,14,19.52,52.04,0,1,0006,0
2017,11180,"Gillislee, Mike",RB,0006,Steve Bousquet,31.0,11,15,22.88,50.92,0,1,0008,0
2017,11180,"Gillislee, Mike",RB,0008,Keith Creelman,33.0,12,16,23.07,49.99,0,1,0006,0
2017,11180,"Gillislee, Mike",RB,0006,Steve Bousquet,35.0,13,16,23.83,49.81,0,1,0008,0
2017,11180,"Gillislee, Mike",RB,0011,Eric Mannila,36.0,14,15,1.01,26.83,0,1,0006,0
2017,11180,"Gillislee, Mike",RB,0006,Steve Bousquet,37.0,15,18,21.17,24.0,0,1,0011,0
2017,11180,"Gillislee, Mike",RB,0006,Steve Bousquet,37.0,16,18,0.0,0.0,0,0,,1
2017,11182,"Burkhead, Rex",RB,0008,Keith Creelman,1.0,1,2,,52.75,0,0,,0
2017,11182,"Burkhead, Rex",RB,0006,Steve Bousquet,2.0,2,7,19.26,48.01,1,0,,0
2017,11182,"Burkhead, Rex",RB,0006,Steve Bousquet,4.0,3,7,23.96,47.97,1,0,,0
2017,11182,"Burkhead, Rex",RB,0006,Steve Bousquet,5.0,4,12,18.41,42.38,0,1,0008,0
2017,11182,"Burkhead, Rex",RB,0005,"John Richard, Jarrade Nieber",6.0,5,0,12.5,30.88,1,0,,0
2017,11182,"Burkhead, Rex",RB,0005,"John Richard, Jarrade Nieber",8.0,6,7,17.18,24.05,0,1,0006,0
2017,11182,"Burkhead, Rex",RB,0010,Shawn Blake,9.0,7,7,0.04,0.09,1,0,,0
2017,11182,"Burkhead, Rex",RB,0005,"John Richard, Jarrade Nieber",9.0,8,7,23.91,0.0,0,0,,1
2017,11186,"Thompson, Chris",RB,0012,Chris Klingenberg,1.0,1,10,,24.4,0,0,,0
2017,11186,"Thompson, Chris",RB,0006,Steve Bousquet,2.0,2,10,23.96,24.36,0,1,0012,0
2017,11186,"Thompson, Chris",RB,0008,Keith Creelman,4.0,3,10,23.95,24.31,1,0,,0
2017,11186,"Thompson, Chris",RB,0012,Chris Klingenberg,5.0,4,10,23.79,24.1,0,1,0006,0
2017,11186,"Thompson, Chris",RB,0012,Chris Klingenberg,5.0,5,10,0.0,0.0,0,0,,1
2017,11193,"Bernard, Giovani",RB,0008,Keith Creelman,1.0,1,1,,26.66,0,0,,0
2017,11193,"Bernard, Giovani",RB,0001,Ryan Bousquet,2.0,2,6,18.69,21.36,1,0,,0
2017,11193,"Bernard, Giovani",RB,0008,Keith Creelman,2.0,3,4,2.64,0.0,0,0,,1
2017,11201,"Lacy, Eddie",RB,0011,Eric Mannila,1.0,1,3,,63.41,0,0,,0
2017,11201,"Lacy, Eddie",RB,0004,Brian Cutting,2.0,2,4,22.84,62.25,0,1,0011,0
2017,11201,"Lacy, Eddie",RB,0004,Brian Cutting,3.0,3,6,22.1,60.35,0,0,,0
2017,11201,"Lacy, Eddie",RB,0009,Bear Dunn,6.0,4,8,21.62,57.97,0,1,0004,0
2017,11201,"Lacy, Eddie",RB,0004,Brian Cutting,8.0,5,9,23.26,57.23,1,0,,0
2017,11201,"Lacy, Eddie",RB,0004,Brian Cutting,9.0,6,10,23.27,56.5,0,1,0009,0
2017,11201,"Lacy, Eddie",RB,0009,Bear Dunn,10.0,7,10,23.97,56.47,0,1,0004,0
2017,11201,"Lacy, Eddie",RB,0004,Brian Cutting,13.0,8,10,23.88,56.35,0,1,0009,0
2017,11201,"Lacy, Eddie",RB,0012,Chris Klingenberg,14.0,9,14,20.0,52.35,0,1,0004,0
2017,11201,"Lacy, Eddie",RB,0004,Brian Cutting,16.0,10,19,19.26,47.6,0,1,0012,0
2017,11201,"Lacy, Eddie",RB,0010,Shawn Blake,18.0,11,15,3.98,27.59,0,1,0004,0
2017,11201,"Lacy, Eddie",RB,0004,Brian Cutting,19.0,12,17,22.27,25.86,0,1,0010,0
2017,11201,"Lacy, Eddie",RB,0010,Shawn Blake,20.0,13,18,22.17,24.03,0,1,0004,0
2017,11201,"Lacy, Eddie",RB,0010,Shawn Blake,20.0,14,18,0.0,0.0,0,0,,1
2017,11227,"Stills, Kenny",WR,0001,Ryan Bousquet,1.0,1,4,,25.42,0,0,,0
2017,11227,"Stills, Kenny",WR,0006,Steve Bousquet,2.0,2,6,22.72,24.14,0,1,0001,0
2017,11227,"Stills, Kenny",WR,0006,Steve Bousquet,3.0,3,6,23.87,24.02,0,0,,0
2017,11227,"Stills, Kenny",WR,0006,Steve Bousquet,3.0,4,6,0.0,0.0,0,0,,1
2017,11228,"Woods, Robert",WR,0009,Bear Dunn,1.0,1,6,,24.04,0,0,,0
2017,11228,"Woods, Robert",WR,0009,Bear Dunn,1.0,2,6,0.0,0.0,0,0,,1
2017,11239,"Goodwin, Marquise",WR,0003,Matt Gerardi,1.0,1,0,,24.01,0,0,,0
2017,11239,"Goodwin, Marquise",WR,0005,"John Richard, Jarrade Nieber",2.0,2,23,0.84,0.84,1,0,,0
2017,11239,"Goodwin, Marquise",WR,0005,"John Richard, Jarrade Nieber",3.0,3,23,23.97,0.81,1,0,,0
2017,11239,"Goodwin, Marquise",WR,0003,Matt Gerardi,3.0,4,0,23.19,0.0,0,0,,1
2017,11244,"Kelce, Travis",TE,0011,Eric Mannila,1.0,1,4,,29.37,0,0,,0
2017,11244,"Kelce, Travis",TE,0004,Brian Cutting,2.0,2,5,22.26,27.63,0,1,0011,0
2017,11244,"Kelce, Travis",TE,0001,Ryan Bousquet,31.0,3,8,20.93,24.56,0,1,0004,0
2017,11244,"Kelce, Travis",TE,0004,Brian Cutting,34.0,4,9,23.44,24.0,0,1,0001,0
2017,11244,"Kelce, Travis",TE,0006,Steve Bousquet,35.0,5,15,18.09,18.09,1,0,,0
2017,11244,"Kelce, Travis",TE,0006,Steve Bousquet,36.0,6,15,23.92,18.01,1,0,,0
2017,11244,"Kelce, Travis",TE,0006,Steve Bousquet,40.0,7,15,23.82,17.83,1,0,,0
2017,11244,"Kelce, Travis",TE,0006,Steve Bousquet,41.0,8,15,23.84,17.67,1,0,,0
2017,11244,"Kelce, Travis",TE,0006,Steve Bousquet,42.0,9,16,23.63,17.3,1,0,,0
2017,11244,"Kelce, Travis",TE,0006,Steve Bousquet,44.0,10,17,22.32,15.62,1,0,,0
2017,11244,"Kelce, Travis",TE,0006,Steve Bousquet,45.0,11,18,23.71,15.33,1,0,,0
2017,11244,"Kelce, Travis",TE,0006,Steve Bousquet,46.0,12,18,23.64,14.97,1,0,,0
2017,11244,"Kelce, Travis",TE,0006,Steve Bousquet,50.0,13,19,23.14,14.11,1,0,,0
2017,11244,"Kelce, Travis",TE,0006,Steve Bousquet,51.0,14,21,21.56,11.68,1,0,,0
2017,11244,"Kelce, Travis",TE,0006,Steve Bousquet,52.0,15,23,22.78,10.46,1,0,,0
2017,11244,"Kelce, Travis",TE,0004,Brian Cutting,52.0,16,9,13.54,0.0,0,0,,1
2017,11247,"Ertz, Zach",TE,0005,"John Richard, Jarrade Nieber",1.0,1,0,,33.63,0,0,,0
2017,11247,"Ertz, Zach",TE,0003,Matt Gerardi,6.0,2,0,23.23,32.87,1,0,,0
2017,11247,"Ertz, Zach",TE,0003,Matt Gerardi,9.0,3,0,23.98,32.85,0,1,0005,0
2017,11247,"Ertz, Zach",TE,0005,"John Richard, Jarrade Nieber",14.0,4,2,21.99,30.84,0,1,0003,0
2017,11247,"Ertz, Zach",TE,0001,Ryan Bousquet,16.0,5,9,17.17,24.01,0,1,0005,0
2017,11247,"Ertz, Zach",TE,0005,"John Richard, Jarrade Nieber",20.0,6,16,17.68,17.68,1,0,,0
2017,11247,"Ertz, Zach",TE,0005,"John Richard, Jarrade Nieber",21.0,7,21,18.71,12.4,1,0,,0
2017,11247,"Ertz, Zach",TE,0005,"John Richard, Jarrade Nieber",22.0,8,21,23.99,12.39,1,0,,0
2017,11247,"Ertz, Zach",TE,0005,"John Richard, Jarrade Nieber",23.0,9,21,23.91,12.3,1,0,,0
2017,11247,"Ertz, Zach",TE,0005,"John Richard, Jarrade Nieber",24.0,10,22,22.65,10.95,1,0,,0
2017,11247,"Ertz, Zach",TE,0005,"John Richard, Jarrade Nieber",25.0,11,23,23.69,10.64,1,0,,0
2017,11247,"Ertz, Zach",TE,0001,Ryan Bousquet,25.0,12,9,13.36,0.0,0,0,,1
2017,11249,"Sims, Dion",TE,0010,Shawn Blake,1.0,1,0,,24.07,0,0,,0
2017,11249,"Sims, Dion",TE,0010,Shawn Blake,1.0,2,0,0.0,0.0,0,0,,1
2017,11308,"Alonso, Kiko",LB,0007,Josh Martel,1.0,1,7,,24.12,0,0,,0
2017,11308,"Alonso, Kiko",LB,0007,Josh Martel,1.0,2,7,0.0,0.0,0,0,,1
2017,11313,"Mathieu, Tyrann",S,0003,Matt Gerardi,1.0,1,0,,24.02,0,0,,0
2017,11313,"Mathieu, Tyrann",S,0010,Shawn Blake,2.0,2,6,18.41,18.43,1,0,,0
2017,11313,"Mathieu, Tyrann",S,0003,Matt Gerardi,2.0,3,0,5.57,0.0,0,0,,1
2017,11327,"Jefferson, Tony",S,0001,Ryan Bousquet,1.0,1,6,,26.16,0,0,,0
2017,11327,"Jefferson, Tony",S,0005,"John Richard, Jarrade Nieber",2.0,2,8,21.89,24.05,0,1,0001,0
2017,11327,"Jefferson, Tony",S,0005,"John Richard, Jarrade Nieber",2.0,3,8,0.0,0.0,0,0,,1
2017,11347,"Cyprien, Johnathan",S,0010,Shawn Blake,1.0,1,0,,46.93,0,0,,0
2017,11347,"Cyprien, Johnathan",S,0004,Brian Cutting,2.0,2,4,19.73,42.67,0,1,0010,0
2017,11347,"Cyprien, Johnathan",S,0011,Eric Mannila,3.0,3,22,5.7,24.37,0,1,0004,0
2017,11347,"Cyprien, Johnathan",S,0011,Eric Mannila,3.0,4,23,0.0,0.0,0,0,,1
2017,11387,"Hopkins, Dustin",PK,0007,Josh Martel,1.0,1,9,,24.32,0,0,,0
2017,11387,"Hopkins, Dustin",PK,0007,Josh Martel,1.0,2,9,0.0,0.0,0,0,,1
2017,11403,"Williams, Vince",LB,0007,Josh Martel,1.0,1,0,,26.13,0,0,,0
2017,11403,"Williams, Vince",LB,0007,Josh Martel,1.0,2,2,0.0,0.0,0,0,,1
2017,11516,"Doyle, Jack",TE,0006,Steve Bousquet,1.0,1,0,,46.47,0,0,,0
2017,11516,"Doyle, Jack",TE,0003,Matt Gerardi,6.0,2,0,23.37,45.84,0,1,0006,0
2017,11516,"Doyle, Jack",TE,0005,"John Richard, Jarrade Nieber",10.0,3,10,14.31,36.15,0,1,0003,0
2017,11516,"Doyle, Jack",TE,0003,Matt Gerardi,11.0,4,22,12.05,24.2,0,1,0005,0
2017,11516,"Doyle, Jack",TE,0003,Matt Gerardi,11.0,5,22,0.0,0.0,0,0,,1
2017,11640,"Bridgewater, Teddy",QB,0009,Bear Dunn,1.0,1,6,,24.01,0,0,,0
2017,11640,"Bridgewater, Teddy",QB,0009,Bear Dunn,1.0,2,6,0.0,0.0,0,0,,1
2017,11642,"Bortles, Blake",QB,0011,Eric Mannila,1.0,1,6,,40.54,0,0,,0
2017,11642,"Bortles, Blake",QB,0001,Ryan Bousquet,2.0,2,9,20.97,37.51,0,1,0011,0
2017,11642,"Bortles, Blake",QB,0001,Ryan Bousquet,4.0,3,9,23.88,37.39,0,0,,0
2017,11642,"Bortles, Blake",QB,0005,"John Richard, Jarrade Nieber",5.0,4,22,10.63,24.02,0,1,0001,0
2017,11642,"Bortles, Blake",QB,0005,"John Richard, Jarrade Nieber",5.0,5,22,0.0,0.0,0,0,,1
2017,11654,"Hill, Jeremy",RB,0003,Matt Gerardi,1.0,1,0,,27.77,0,0,,0
2017,11654,"Hill, Jeremy",RB,0003,Matt Gerardi,3.0,2,2,21.69,25.46,0,0,,0
2017,11654,"Hill, Jeremy",RB,0002,Derrick Whitman,6.0,3,2,23.99,25.45,0,1,0003,0
2017,11654,"Hill, Jeremy",RB,0002,Derrick Whitman,6.0,4,4,0.0,0.0,0,0,,1
2017,11656,"Sims, Charles",RB,0002,Derrick Whitman,1.0,1,6,,24.44,0,0,,0
2017,11656,"Sims, Charles",RB,0009,Bear Dunn,3.0,2,6,23.88,24.32,0,1,0002,0
2017,11656,"Sims, Charles",RB,0009,Bear Dunn,3.0,3,6,0.0,0.0,0,0,,1
2017,11676,"Matthews, Jordan",WR,0012,Chris Klingenberg,1.0,1,0,,43.66,0,0,,0
2017,11676,"Matthews, Jordan",WR,0003,Matt Gerardi,2.0,2,0,23.96,43.62,0,1,0012,0
2017,11676,"Matthews, Jordan",WR,0010,Shawn Blake,9.0,3,9,15.63,35.25,1,0,,0
2017,11676,"Matthews, Jordan",WR,0010,Shawn Blake,10.0,4,20,13.07,24.31,1,0,,0
2017,11676,"Matthews, Jordan",WR,0010,Shawn Blake,11.0,5,20,23.94,24.25,1,0,,0
2017,11676,"Matthews, Jordan",WR,0005,"John Richard, Jarrade Nieber",17.0,6,20,23.81,24.06,0,1,0003,0
2017,11676,"Matthews, Jordan",WR,0005,"John Richard, Jarrade Nieber",17.0,7,20,0.0,0.0,0,0,,1
2017,11695,"Ebron, Eric",TE,0010,Shawn Blake,1.0,1,5,,29.77,0,0,,0
2017,11695,"Ebron, Eric",TE,0003,Matt Gerardi,8.0,2,9,20.41,26.17,1,0,,0
2017,11695,"Ebron, Eric",TE,0003,Matt Gerardi,10.0,3,9,23.98,26.16,0,1,0010,0
2017,11695,"Ebron, Eric",TE,0010,Shawn Blake,12.0,4,9,23.96,26.12,1,0,,0
2017,11695,"Ebron, Eric",TE,0010,Shawn Blake,15.0,5,10,23.22,25.34,1,0,,0
2017,11695,"Ebron, Eric",TE,0010,Shawn Blake,16.0,6,11,22.68,24.01,0,1,0003,0
2017,11695,"Ebron, Eric",TE,0010,Shawn Blake,16.0,7,11,0.0,0.0,0,0,,1
2017,11697,"Seferian-Jenkins, Austin",TE,0007,Josh Martel,1.0,1,9,,24.29,0,0,,0
2017,11697,"Seferian-Jenkins, Austin",TE,0007,Josh Martel,1.0,2,9,0.0,0.0,0,0,,1
2017,11722,"Shazier, Ryan",LB,0009,Bear Dunn,1.0,1,0,,39.49,0,0,,0
2017,11722,"Shazier, Ryan",LB,0006,Steve Bousquet,2.0,2,0,23.97,39.46,1,0,,0
2017,11722,"Shazier, Ryan",LB,0006,Steve Bousquet,3.0,3,8,15.9,31.36,1,0,,0
2017,11722,"Shazier, Ryan",LB,0006,Steve Bousquet,4.0,4,8,23.79,31.16,1,0,,0
2017,11722,"Shazier, Ryan",LB,0006,Steve Bousquet,5.0,5,15,16.86,24.01,0,1,0009,0
2017,11722,"Shazier, Ryan",LB,0006,Steve Bousquet,5.0,6,15,0.0,0.0,0,0,,1
2017,11728,"Mosley, C.J.",LB,0005,"John Richard, Jarrade Nieber",1.0,1,7,,24.9,0,0,,0
2017,11728,"Mosley, C.J.",LB,0006,Steve Bousquet,4.0,2,7,23.91,24.81,0,1,0005,0
2017,11728,"Mosley, C.J.",LB,0012,Chris Klingenberg,5.0,3,8,23.24,24.05,0,1,0006,0
2017,11728,"Mosley, C.J.",LB,0012,Chris Klingenberg,5.0,4,8,0.0,0.0,0,0,,1
2017,11740,"Clinton-Dix, Ha Ha",S,0005,"John Richard, Jarrade Nieber",1.0,1,6,,24.03,0,0,,0
2017,11740,"Clinton-Dix, Ha Ha",S,0005,"John Richard, Jarrade Nieber",1.0,2,6,0.0,0.0,0,0,,1
2017,11746,"West, Terrance",RB,0012,Chris Klingenberg,1.0,1,14,,55.01,0,0,,0
2017,11746,"West, Terrance",RB,0006,Steve Bousquet,2.0,2,14,23.96,54.97,0,1,0012,0
2017,11746,"West, Terrance",RB,0012,Chris Klingenberg,5.0,3,14,23.97,54.95,0,1,0006,0
2017,11746,"West, Terrance",RB,0006,Steve Bousquet,6.0,4,14,23.99,54.94,1,0,,0
2017,11746,"West, Terrance",RB,0003,Matt Gerardi,9.0,5,15,23.69,54.62,1,0,,0
2017,11746,"West, Terrance",RB,0009,Bear Dunn,11.0,6,8,6.77,37.39,0,1,0012,0
2017,11746,"West, Terrance",RB,0012,Chris Klingenberg,12.0,7,13,18.76,32.15,0,1,0009,0
2017,11746,"West, Terrance",RB,0003,Matt Gerardi,13.0,8,15,21.81,29.97,1,0,,0
2017,11746,"West, Terrance",RB,0009,Bear Dunn,16.0,9,19,19.93,25.9,0,1,0012,0
2017,11746,"West, Terrance",RB,0012,Chris Klingenberg,18.0,10,21,22.13,24.03,0,1,0009,0
2017,11746,"West, Terrance",RB,0012,Chris Klingenberg,18.0,11,21,0.0,0.0,0,0,,1
2017,11747,"White, James",RB,0002,Derrick Whitman,1.0,1,14,,24.37,0,0,,0
2017,11747,"White, James",RB,0006,Steve Bousquet,2.0,2,14,23.99,24.36,0,1,0002,0
2017,11747,"White, James",RB,0001,Ryan Bousquet,7.0,3,14,23.67,24.02,0,1,0006,0
2017,11747,"White, James",RB,0008,Keith Creelman,10.0,4,14,23.99,24.02,0,1,0001,0
2017,11747,"White, James",RB,0009,Bear Dunn,12.0,5,15,22.92,22.93,1,0,,0
2017,11747,"White, James",RB,0009,Bear Dunn,15.0,6,15,23.99,22.93,1,0,,0
2017,11747,"White, James",RB,0009,Bear Dunn,17.0,7,17,22.01,20.94,1,0,,0
2017,11747,"White, James",RB,0008,Keith Creelman,17.0,8,14,3.06,0.0,0,0,,1
2017,11754,"Coleman, Brandon",WR,0003,Matt Gerardi,1.0,1,0,,24.14,0,0,,0
2017,11754,"Coleman, Brandon",WR,0003,Matt Gerardi,1.0,2,0,0.0,0.0,0,0,,1
2017,11760,"Garoppolo, Jimmy",QB,0011,Eric Mannila,1.0,1,6,,25.72,0,0,,0
2017,11760,"Garoppolo, Jimmy",QB,0008,Keith Creelman,2.0,2,6,23.94,25.66,0,1,0011,0
2017,11760,"Garoppolo, Jimmy",QB,0005,"John Richard, Jarrade Nieber",3.0,3,7,22.85,24.51,1,0,,0
2017,11760,"Garoppolo, Jimmy",QB,0005,"John Richard, Jarrade Nieber",4.0,4,7,23.99,24.5,1,0,,0
2017,11760,"Garoppolo, Jimmy",QB,0001,Ryan Bousquet,5.0,5,8,23.51,24.0,0,1,0008,0
2017,11760,"Garoppolo, Jimmy",QB,0005,"John Richard, Jarrade Nieber",6.0,6,23,8.79,8.79,1,0,,0
2017,11760,"Garoppolo, Jimmy",QB,0005,"John Richard, Jarrade Nieber",7.0,7,23,23.99,8.78,1,0,,0
2017,11760,"Garoppolo, Jimmy",QB,0001,Ryan Bousquet,7.0,8,8,15.22,0.0,0,0,,1
2017,11761,"McKinnon, Jerick",RB,0002,Derrick Whitman,1.0,1,2,,93.19,0,0,,0
2017,11761,"McKinnon, Jerick",RB,0002,Derrick Whitman,1.0,2,0,0.0,24.0,0,0,,0
2017,11761,"McKinnon, Jerick",RB,0002,Derrick Whitman,1.0,3,0,0.0,0.0,0,0,,1
2017,11772,"Kirksey, Christian",LB,0008,Keith Creelman,1.0,1,6,,24.21,0,0,,0
2017,11772,"Kirksey, Christian",LB,0006,Steve Bousquet,2.0,2,7,23.92,24.13,0,1,0008,0
2017,11772,"Kirksey, Christian",LB,0006,Steve Bousquet,2.0,3,7,0.0,0.0,0,0,,1
2017,11775,"Brown, Preston",LB,0004,Brian Cutting,1.0,1,16,,24.96,0,0,,0
2017,11775,"Brown, Preston",LB,0004,Brian Cutting,1.0,2,17,0.0,0.0,0,0,,1
2017,11813,"Smith, Telvin",LB,0006,Steve Bousquet,1.0,1,0,,24.0,0,0,,0
2017,11813,"Smith, Telvin",LB,0003,Matt Gerardi,2.0,2,0,23.83,23.83,1,0,,0
2017,11813,"Smith, Telvin",LB,0005,"John Richard, Jarrade Nieber",4.0,3,0,23.72,23.54,1,0,,0
2017,11813,"Smith, Telvin",LB,0006,Steve Bousquet,4.0,4,0,0.46,0.0,0,0,,1
2017,11886,"Williams, Damien",RB,0009,Bear Dunn,1.0,1,7,,24.32,0,0,,0
2017,11886,"Williams, Damien",RB,0004,Brian Cutting,2.0,2,13,18.3,18.62,1,0,,0
2017,11886,"Williams, Damien",RB,0004,Brian Cutting,3.0,3,18,18.92,13.54,1,0,,0
2017,11886,"Williams, Damien",RB,0009,Bear Dunn,3.0,4,7,10.46,0.0,0,0,,1
2017,11904,"Swoope, Erik",TE,0007,Josh Martel,1.0,1,11,,34.57,0,0,,0
2017,11904,"Swoope, Erik",TE,0010,Shawn Blake,3.0,2,12,23.63,34.2,1,0,,0
2017,11904,"Swoope, Erik",TE,0005,"John Richard, Jarrade Nieber",4.0,3,22,13.92,24.12,0,1,0007,0
2017,11904,"Swoope, Erik",TE,0005,"John Richard, Jarrade Nieber",4.0,4,22,0.0,0.0,0,0,,1
2017,11925,"Hurns, Allen",WR,0004,Brian Cutting,1.0,1,4,,32.84,0,0,,0
2017,11925,"Hurns, Allen",WR,0012,Chris Klingenberg,4.0,2,7,21.35,30.19,0,1,0004,0
2017,11925,"Hurns, Allen",WR,0004,Brian Cutting,6.0,3,7,23.66,29.84,0,1,0012,0
2017,11925,"Hurns, Allen",WR,0012,Chris Klingenberg,7.0,4,8,23.21,29.06,0,1,0004,0
2017,11925,"Hurns, Allen",WR,0004,Brian Cutting,8.0,5,9,23.27,28.33,1,0,,0
2017,11925,"Hurns, Allen",WR,0004,Brian Cutting,10.0,6,9,23.99,28.32,1,0,,0
2017,11925,"Hurns, Allen",WR,0004,Brian Cutting,11.0,7,13,19.72,24.03,0,1,0012,0
2017,11925,"Hurns, Allen",WR,0004,Brian Cutting,11.0,8,13,0.0,0.0,0,0,,1
2017,11938,"Thielen, Adam",WR,0012,Chris Klingenberg,1.0,1,9,,29.4,0,0,,0
2017,11938,"Thielen, Adam",WR,0010,Shawn Blake,2.0,2,9,23.95,29.36,0,1,0012,0
2017,11938,"Thielen, Adam",WR,0004,Brian Cutting,3.0,3,9,23.86,29.22,1,0,,0
2017,11938,"Thielen, Adam",WR,0009,Bear Dunn,7.0,4,9,23.95,29.17,1,0,,0
2017,11938,"Thielen, Adam",WR,0012,Chris Klingenberg,9.0,5,14,19.16,24.34,0,1,0010,0
2017,11938,"Thielen, Adam",WR,0010,Shawn Blake,10.0,6,14,23.89,24.23,1,0,,0
2017,11938,"Thielen, Adam",WR,0012,Chris Klingenberg,10.0,7,14,0.0,0.0,0,0,,1
2017,11941,"Oliver, Branden",RB,0008,Keith Creelman,1.0,1,9,,24.25,0,0,,0
2017,11941,"Oliver, Branden",RB,0008,Keith Creelman,1.0,2,9,0.0,0.0,0,0,,1
2017,11945,"Santos, Cairo",PK,0011,Eric Mannila,1.0,1,6,,24.07,0,0,,0
2017,11945,"Santos, Cairo",PK,0011,Eric Mannila,1.0,2,6,0.0,0.0,0,0,,1
2017,11951,"Snead, Willie",WR,0006,Steve Bousquet,1.0,1,8,,30.6,0,0,,0
2017,11951,"Snead, Willie",WR,0008,Keith Creelman,2.0,2,8,23.75,30.36,0,1,0006,0
2017,11951,"Snead, Willie",WR,0006,Steve Bousquet,7.0,3,9,23.45,29.8,0,1,0008,0
2017,11951,"Snead, Willie",WR,0009,Bear Dunn,9.0,4,9,23.83,29.63,1,0,,0
2017,11951,"Snead, Willie",WR,0009,Bear Dunn,10.0,5,9,23.99,29.61,0,1,0006,0
2017,11951,"Snead, Willie",WR,0005,"John Richard, Jarrade Nieber",13.0,6,9,23.92,29.54,0,1,0009,0
2017,11951,"Snead, Willie",WR,0001,Ryan Bousquet,14.0,7,9,23.95,29.48,0,1,0005,0
2017,11951,"Snead, Willie",WR,0005,"John Richard, Jarrade Nieber",22.0,8,9,23.91,29.39,1,0,,0
2017,11951,"Snead, Willie",WR,0005,"John Richard, Jarrade Nieber",26.0,9,9,23.85,29.25,1,0,,0
2017,11951,"Snead, Willie",WR,0007,Josh Martel,30.0,10,9,23.99,29.24,1,0,,0
2017,11951,"Snead, Willie",WR,0005,"John Richard, Jarrade Nieber",33.0,11,11,22.3,27.53,1,0,,0
2017,11951,"Snead, Willie",WR,0005,"John Richard, Jarrade Nieber",34.0,12,11,23.99,27.53,1,0,,0
2017,11951,"Snead, Willie",WR,0005,"John Richard, Jarrade Nieber",37.0,13,14,20.48,24.0,0,1,0001,0
2017,11951,"Snead, Willie",WR,0005,"John Richard, Jarrade Nieber",37.0,14,14,0.0,0.0,0,0,,1
2017,11957,"Inman, Dontrelle",WR,0005,"John Richard, Jarrade Nieber",1.0,1,11,,24.04,0,0,,0
2017,11957,"Inman, Dontrelle",WR,0005,"John Richard, Jarrade Nieber",1.0,2,11,0.0,0.0,0,0,,1
2017,11975,"Gabriel, Taylor",WR,0002,Derrick Whitman,1.0,1,19,,24.02,0,0,,0
2017,11975,"Gabriel, Taylor",WR,0009,Bear Dunn,3.0,2,11,8.2,8.23,1,0,,0
2017,11975,"Gabriel, Taylor",WR,0009,Bear Dunn,4.0,3,11,23.99,8.22,1,0,,0
2017,11975,"Gabriel, Taylor",WR,0002,Derrick Whitman,4.0,4,19,15.78,0.0,0,0,,1
2017,11977,"Darkwa, Orleans",RB,0003,Matt Gerardi,1.0,1,0,,24.05,0,0,,0
2017,11977,"Darkwa, Orleans",RB,0003,Matt Gerardi,1.0,2,0,0.0,0.0,0,0,,1
2017,12110,"Brate, Cameron",TE,0012,Chris Klingenberg,1.0,1,0,,39.25,0,0,,0
2017,12110,"Brate, Cameron",TE,0001,Ryan Bousquet,2.0,2,10,14.23,29.47,0,1,0012,0
2017,12110,"Brate, Cameron",TE,0012,Chris Klingenberg,3.0,3,14,19.21,24.69,0,1,0001,0
2017,12110,"Brate, Cameron",TE,0012,Chris Klingenberg,3.0,4,15,0.0,0.0,0,0,,1
2017,12156,"Langford, Jeremy",RB,0004,Brian Cutting,1.0,1,7,,24.1,0,0,,0
2017,12156,"Langford, Jeremy",RB,0004,Brian Cutting,1.0,2,7,0.0,0.0,0,0,,1
2017,12181,"Agholor, Nelson",WR,0007,Josh Martel,1.0,1,0,,39.53,0,0,,0
2017,12181,"Agholor, Nelson",WR,0005,"John Richard, Jarrade Nieber",2.0,2,15,9.0,24.53,0,1,0007,0
2017,12181,"Agholor, Nelson",WR,0005,"John Richard, Jarrade Nieber",2.0,3,15,0.0,0.0,0,0,,1
2017,12188,"Dorsett, Phillip",WR,0011,Eric Mannila,1.0,1,6,,24.48,0,0,,0
2017,12188,"Dorsett, Phillip",WR,0004,Brian Cutting,2.0,2,7,23.52,24.0,0,1,0011,0
2017,12188,"Dorsett, Phillip",WR,0004,Brian Cutting,2.0,3,7,0.0,0.0,0,0,,1
2017,12221,"Hunter, Danielle",DE,0006,Steve Bousquet,1.0,1,1,,56.04,0,0,,0
2017,12221,"Hunter, Danielle",DE,0004,Brian Cutting,2.0,2,4,20.53,52.57,1,0,,0
2017,12221,"Hunter, Danielle",DE,0004,Brian Cutting,3.0,3,4,23.97,52.55,1,0,,0
2017,12221,"Hunter, Danielle",DE,0004,Brian Cutting,4.0,4,4,23.97,52.52,1,0,,0
2017,12221,"Hunter, Danielle",DE,0010,Shawn Blake,5.0,5,7,21.0,49.51,0,1,0006,0
2017,12221,"Hunter, Danielle",DE,0003,Matt Gerardi,7.0,6,8,23.27,48.78,0,1,0010,0
2017,12221,"Hunter, Danielle",DE,0010,Shawn Blake,8.0,7,9,23.01,47.79,0,1,0003,0
2017,12221,"Hunter, Danielle",DE,0003,Matt Gerardi,9.0,8,9,0.21,24.0,0,1,0010,0
2017,12221,"Hunter, Danielle",DE,0003,Matt Gerardi,9.0,9,9,0.0,0.0,0,0,,1
2017,12222,"Flowers, Trey",DE,0001,Ryan Bousquet,1.0,1,0,,24.01,0,0,,0
2017,12222,"Flowers, Trey",DE,0005,"John Richard, Jarrade Nieber",2.0,2,21,2.83,2.84,1,0,,0
2017,12222,"Flowers, Trey",DE,0005,"John Richard, Jarrade Nieber",3.0,3,22,23.18,2.02,1,0,,0
2017,12222,"Flowers, Trey",DE,0001,Ryan Bousquet,3.0,4,0,21.98,0.0,0,0,,1
2017,12225,"Williams, Leonard",DE,0008,Keith Creelman,1.0,1,5,,25.42,0,0,,0
2017,12225,"Williams, Leonard",DE,0004,Brian Cutting,2.0,2,6,22.87,24.29,0,1,0008,0
2017,12225,"Williams, Leonard",DE,0004,Brian Cutting,2.0,3,7,0.0,0.0,0,0,,1
2017,12230,"Beasley, Vic",LB,0005,"John Richard, Jarrade Nieber",1.0,1,11,,42.59,0,0,,0
2017,12230,"Beasley, Vic",LB,0004,Brian Cutting,2.0,2,11,23.77,42.36,1,0,,0
2017,12230,"Beasley, Vic",LB,0001,Ryan Bousquet,3.0,3,21,14.63,32.99,1,0,,0
2017,12230,"Beasley, Vic",LB,0001,Ryan Bousquet,4.0,4,6,15.03,24.02,0,1,0005,0
2017,12230,"Beasley, Vic",LB,0001,Ryan Bousquet,4.0,5,6,0.0,0.0,0,0,,1
2017,12272,"McKinney, Benardrick",LB,0003,Matt Gerardi,1.0,1,0,,24.04,0,0,,0
2017,12272,"McKinney, Benardrick",LB,0010,Shawn Blake,2.0,2,6,18.26,18.3,1,0,,0
2017,12272,"McKinney, Benardrick",LB,0005,"John Richard, Jarrade Nieber",3.0,3,20,9.19,3.49,1,0,,0
2017,12272,"McKinney, Benardrick",LB,0003,Matt Gerardi,3.0,4,0,20.51,0.0,0,0,,1
2017,12319,"Nelson, J.J.",WR,0011,Eric Mannila,1.0,1,1,,30.07,0,0,,0
2017,12319,"Nelson, J.J.",WR,0009,Bear Dunn,2.0,2,7,18.67,24.73,0,1,0011,0
2017,12319,"Nelson, J.J.",WR,0011,Eric Mannila,4.0,3,7,23.29,24.02,0,1,0009,0
2017,12319,"Nelson, J.J.",WR,0011,Eric Mannila,4.0,4,7,0.0,0.0,0,0,,1
2017,12444,"Smith, Rod",RB,0010,Shawn Blake,1.0,1,6,,24.04,0,0,,0
2017,12444,"Smith, Rod",RB,0010,Shawn Blake,1.0,2,6,0.0,0.0,0,0,,1
2017,12465,"Meredith, Cameron",WR,0003,Matt Gerardi,1.0,1,0,,57.04,0,0,,0
2017,12465,"Meredith, Cameron",WR,0006,Steve Bousquet,9.0,2,0,23.84,56.88,1,0,,0
2017,12465,"Meredith, Cameron",WR,0012,Chris Klingenberg,15.0,3,0,23.77,56.65,1,0,,0
2017,12465,"Meredith, Cameron",WR,0012,Chris Klingenberg,19.0,4,0,23.97,56.62,0,1,0003,0
2017,12465,"Meredith, Cameron",WR,0001,Ryan Bousquet,20.0,5,9,15.36,47.98,1,0,,0
2017,12465,"Meredith, Cameron",WR,0004,Brian Cutting,21.0,6,10,23.18,47.16,0,1,0012,0
2017,12465,"Meredith, Cameron",WR,0005,"John Richard, Jarrade Nieber",22.0,7,23,11.01,34.17,0,1,0004,0
2017,12465,"Meredith, Cameron",WR,0003,Matt Gerardi,24.0,8,9,13.87,24.04,0,1,0005,0
2017,12465,"Meredith, Cameron",WR,0003,Matt Gerardi,24.0,9,9,0.0,0.0,0,0,,1
2017,12636,"Smallwood, Wendell",RB,0005,"John Richard, Jarrade Nieber",1.0,1,0,,24.03,0,0,,0
2017,12636,"Smallwood, Wendell",RB,0004,Brian Cutting,2.0,2,5,18.55,18.57,1,0,,0
2017,12636,"Smallwood, Wendell",RB,0005,"John Richard, Jarrade Nieber",2.0,3,0,5.43,0.0,0,0,,1
2017,12665,"Allison, Geronimo",WR,0011,Eric Mannila,1.0,1,6,,24.15,0,0,,0
2017,12665,"Allison, Geronimo",WR,0011,Eric Mannila,1.0,2,6,0.0,0.0,0,0,,1
2017,12688,"Buckner, DeForest",DT,0007,Josh Martel,1.0,1,6,,24.46,0,0,,0
2017,12688,"Buckner, DeForest",DT,0007,Josh Martel,1.0,2,6,0.0,0.0,0,0,,1
2017,12717,"Joseph, Karl",S,0001,Ryan Bousquet,1.0,1,10,,27.73,0,0,,0
2017,12717,"Joseph, Karl",S,0007,Josh Martel,2.0,2,13,20.43,24.17,0,1,0001,0
2017,12717,"Joseph, Karl",S,0007,Josh Martel,2.0,3,13,0.0,0.0,0,0,,1
2017,12734,"Floyd, Leonard",LB,0007,Josh Martel,1.0,1,0,,29.44,0,0,,0
2017,12734,"Floyd, Leonard",LB,0007,Josh Martel,1.0,2,5,0.0,0.0,0,0,,1
2017,12736,"Neal, Keanu",S,0008,Keith Creelman,1.0,1,4,,39.65,0,0,,0
2017,12736,"Neal, Keanu",S,0001,Ryan Bousquet,2.0,2,4,23.35,39.0,0,1,0008,0
2017,12736,"Neal, Keanu",S,0005,"John Richard, Jarrade Nieber",3.0,3,7,21.0,36.01,1,0,,0
2017,12736,"Neal, Keanu",S,0011,Eric Mannila,4.0,4,19,12.19,24.19,0,1,0001,0
2017,12736,"Neal, Keanu",S,0011,Eric Mannila,4.0,5,19,0.0,0.0,0,0,,1
2017,12745,"Jones, Deion",LB,0003,Matt Gerardi,1.0,1,1,,24.09,0,0,,0
2017,12745,"Jones, Deion",LB,0006,Steve Bousquet,2.0,2,7,17.64,17.73,1,0,,0
2017,12745,"Jones, Deion",LB,0006,Steve Bousquet,3.0,3,8,23.34,17.07,1,0,,0
2017,12745,"Jones, Deion",LB,0006,Steve Bousquet,4.0,4,8,23.78,16.85,1,0,,0
2017,12745,"Jones, Deion",LB,0006,Steve Bousquet,5.0,5,15,16.86,9.71,1,0,,0
2017,12745,"Jones, Deion",LB,0003,Matt Gerardi,5.0,6,1,14.29,0.0,0,0,,1
2017,12774,"Goodson, B.J.",LB,0003,Matt Gerardi,1.0,1,0,,24.01,0,0,,0
2017,12774,"Goodson, B.J.",LB,0003,Matt Gerardi,1.0,2,0,0.0,0.0,0,0,,1
2017,12805,"Brown, Jatavis",LB,0007,Josh Martel,1.0,1,7,,41.67,0,0,,0
2017,12805,"Brown, Jatavis",LB,0005,"John Richard, Jarrade Nieber",2.0,2,1,6.35,24.02,0,1,0007,0
2017,12805,"Brown, Jatavis",LB,0005,"John Richard, Jarrade Nieber",2.0,3,1,0.0,0.0,0,0,,1
2017,12833,"Gathers, Rico",TE,0011,Eric Mannila,1.0,1,0,,40.38,0,0,,0
2017,12833,"Gathers, Rico",TE,0006,Steve Bousquet,2.0,2,0,23.73,40.11,0,1,0011,0
2017,12833,"Gathers, Rico",TE,0010,Shawn Blake,3.0,3,16,8.03,24.14,0,1,0006,0
2017,12833,"Gathers, Rico",TE,0010,Shawn Blake,3.0,4,16,0.0,0.0,0,0,,1
2017,12842,"Dixon, Riley",PN,0002,Derrick Whitman,1.0,1,8,,24.01,0,0,,0
2017,12842,"Dixon, Riley",PN,0002,Derrick Whitman,1.0,2,8,0.0,0.0,0,0,,1
2017,12844,"Edwards, Lachlan",PN,0012,Chris Klingenberg,1.0,1,0,,24.02,0,0,,0
2017,12844,"Edwards, Lachlan",PN,0012,Chris Klingenberg,1.0,2,0,0.0,0.0,0,0,,1
2017,12887,"Kelley, Rob",RB,0009,Bear Dunn,1.0,1,7,,76.76,0,0,,0
2017,12887,"Kelley, Rob",RB,0003,Matt Gerardi,13.0,2,8,22.78,75.54,0,1,0009,0
2017,12887,"Kelley, Rob",RB,0001,Ryan Bousquet,15.0,3,8,23.29,74.83,1,0,,0
2017,12887,"Kelley, Rob",RB,0001,Ryan Bousquet,16.0,4,9,23.79,74.62,1,0,,0
2017,12887,"Kelley, Rob",RB,0012,Chris Klingenberg,20.0,5,10,22.61,73.23,1,0,,0
2017,12887,"Kelley, Rob",RB,0012,Chris Klingenberg,24.0,6,10,23.99,73.22,0,1,0003,0
2017,12887,"Kelley, Rob",RB,0009,Bear Dunn,25.0,7,6,4.09,53.31,0,1,0012,0
2017,12887,"Kelley, Rob",RB,0012,Chris Klingenberg,28.0,8,10,20.05,49.37,0,1,0009,0
2017,12887,"Kelley, Rob",RB,0009,Bear Dunn,31.0,9,11,23.26,48.62,0,1,0012,0
2017,12887,"Kelley, Rob",RB,0012,Chris Klingenberg,33.0,10,11,23.27,47.89,0,1,0009,0
2017,12887,"Kelley, Rob",RB,0009,Bear Dunn,35.0,11,11,0.44,24.33,1,0,,0
2017,12887,"Kelley, Rob",RB,0009,Bear Dunn,36.0,12,11,23.77,24.1,0,1,0012,0
2017,12887,"Kelley, Rob",RB,0012,Chris Klingenberg,38.0,13,11,23.96,24.06,0,1,0009,0
2017,12887,"Kelley, Rob",RB,0012,Chris Klingenberg,38.0,14,11,0.0,0.0,0,0,,1
2017,12921,"Lewis, Tommylee",WR,0005,"John Richard, Jarrade Nieber",1.0,1,7,,24.14,0,0,,0
2017,12921,"Lewis, Tommylee",WR,0005,"John Richard, Jarrade Nieber",1.0,2,7,0.0,0.0,0,0,,1
2017,12930,"Anderson, Robby",WR,0012,Chris Klingenberg,1.0,1,0,,45.52,0,0,,0
2017,12930,"Anderson, Robby",WR,0003,Matt Gerardi,2.0,2,21,3.21,24.72,0,1,0012,0
2017,12930,"Anderson, Robby",WR,0012,Chris Klingenberg,3.0,3,21,23.3,24.03,0,1,0003,0
2017,12930,"Anderson, Robby",WR,0012,Chris Klingenberg,3.0,4,21,0.0,0.0,0,0,,1
2017,12949,"McEvoy, Tanner",WR,0004,Brian Cutting,1.0,1,20,,24.05,0,0,,0
2017,12949,"McEvoy, Tanner",WR,0004,Brian Cutting,1.0,2,20,0.0,0.0,0,0,,1
2017,12956,"Lutz, Wil",PK,0010,Shawn Blake,1.0,1,0,,24.03,0,0,,0
2017,12956,"Lutz, Wil",PK,0010,Shawn Blake,1.0,2,0,0.0,0.0,0,0,,1
2017,13041,"Ash, Richard",DT,0002,Derrick Whitman,1.0,1,14,,26.92,0,0,,0
2017,13041,"Ash, Richard",DT,0002,Derrick Whitman,1.0,2,17,0.0,0.0,0,0,,1
2017,13114,"Kizer, DeShone",QB,0007,Josh Martel,1.0,1,6,,24.32,0,0,,0
2017,13114,"Kizer, DeShone",QB,0010,Shawn Blake,4.0,2,6,23.75,24.08,0,1,0007,0
2017,13114,"Kizer, DeShone",QB,0007,Josh Martel,5.0,3,22,7.57,7.65,1,0,,0
2017,13114,"Kizer, DeShone",QB,0010,Shawn Blake,5.0,4,6,16.35,0.0,0,0,,1
2017,13125,"Beathard, C.J.",QB,0003,Matt Gerardi,1.0,1,22,,33.89,0,0,,0
2017,13125,"Beathard, C.J.",QB,0003,Matt Gerardi,1.0,2,8,0.0,0.0,0,0,,1
2017,13140,"Dayes, Matthew",RB,0003,Matt Gerardi,1.0,1,12,,25.45,0,0,,0
2017,13140,"Dayes, Matthew",RB,0003,Matt Gerardi,1.0,2,14,0.0,0.0,0,0,,1
2017,13150,"Davis, Justin",RB,0003,Matt Gerardi,1.0,1,22,,24.91,0,0,,0
2017,13150,"Davis, Justin",RB,0003,Matt Gerardi,1.0,2,23,0.0,0.0,0,0,,1
2017,13204,"Harris, Charles",DE,0011,Eric Mannila,1.0,1,6,,24.16,0,0,,0
2017,13204,"Harris, Charles",DE,0011,Eric Mannila,1.0,2,6,0.0,0.0,0,0,,1
2017,13214,"Watt, T.J.",LB,0005,"John Richard, Jarrade Nieber",1.0,1,0,,44.86,0,0,,0
2017,13214,"Watt, T.J.",LB,0007,Josh Martel,2.0,2,8,15.4,36.26,1,0,,0
2017,13214,"Watt, T.J.",LB,0007,Josh Martel,3.0,3,8,23.68,35.94,0,1,0005,0
2017,13214,"Watt, T.J.",LB,0004,Brian Cutting,4.0,4,12,20.14,32.08,0,1,0007,0
2017,13214,"Watt, T.J.",LB,0007,Josh Martel,5.0,5,20,15.95,24.03,0,1,0004,0
2017,13214,"Watt, T.J.",LB,0007,Josh Martel,5.0,6,20,0.0,0.0,0,0,,1
2017,13216,"Cunningham, Zach",LB,0011,Eric Mannila,1.0,1,5,,43.84,0,0,,0
2017,13216,"Cunningham, Zach",LB,0005,"John Richard, Jarrade Nieber",2.0,2,23,6.38,26.22,1,0,,0
2017,13216,"Cunningham, Zach",LB,0005,"John Richard, Jarrade Nieber",3.0,3,23,23.51,25.73,0,1,0011,0
2017,13216,"Cunningham, Zach",LB,0011,Eric Mannila,4.0,4,1,22.32,24.05,0,1,0005,0
2017,13216,"Cunningham, Zach",LB,0011,Eric Mannila,4.0,5,1,0.0,0.0,0,0,,1
2017,13228,"Hooker, Malik",S,0007,Josh Martel,1.0,1,0,,24.05,0,0,,0
2017,13228,"Hooker, Malik",S,0007,Josh Martel,1.0,2,0,0.0,0.0,0,0,,1
2017,13238,"Davis, Robert",WR,0007,Josh Martel,1.0,1,6,,24.47,0,0,,0
2017,13238,"Davis, Robert",WR,0007,Josh Martel,1.0,2,6,0.0,0.0,0,0,,1
2017,13245,"Reddick, Haason",LB,0007,Josh Martel,1.0,1,8,,24.8,0,0,,0
2017,13245,"Reddick, Haason",LB,0010,Shawn Blake,3.0,2,9,23.21,24.0,0,1,0007,0
2017,13245,"Reddick, Haason",LB,0010,Shawn Blake,3.0,3,9,0.0,0.0,0,0,,1
2017,13251,"Baker, Budda",S,0002,Derrick Whitman,1.0,1,0,,24.03,0,0,,0
2017,13251,"Baker, Budda",S,0002,Derrick Whitman,1.0,2,0,0.0,0.0,0,0,,1
2017,13289,"Hollins, Mack",WR,0006,Steve Bousquet,1.0,1,7,,24.12,0,0,,0
2017,13289,"Hollins, Mack",WR,0003,Matt Gerardi,2.0,2,11,19.56,19.68,1,0,,0
2017,13289,"Hollins, Mack",WR,0006,Steve Bousquet,2.0,3,7,4.32,0.0,0,0,,1
2017,13334,"Henderson, De'Angelo",RB,0010,Shawn Blake,1.0,1,6,,24.03,0,0,,0
2017,13334,"Henderson, De'Angelo",RB,0007,Josh Martel,2.0,2,8,21.56,21.59,1,0,,0
2017,13334,"Henderson, De'Angelo",RB,0010,Shawn Blake,3.0,3,10,21.6,19.19,0,0,,0
2017,13334,"Henderson, De'Angelo",RB,0010,Shawn Blake,3.0,4,6,4.81,0.0,0,0,,1
2017,13364,"Carson, Chris",RB,0003,Matt Gerardi,1.0,1,9,,24.42,0,0,,0
2017,13364,"Carson, Chris",RB,0003,Matt Gerardi,1.0,2,9,0.0,0.0,0,0,,1
2017,13378,"Breida, Matt",RB,0010,Shawn Blake,1.0,1,5,,24.08,0,0,,0
2017,13378,"Breida, Matt",RB,0007,Josh Martel,2.0,2,8,21.61,21.69,1,0,,0
2017,13378,"Breida, Matt",RB,0010,Shawn Blake,2.0,3,6,2.31,0.0,0,0,,1
2017,2842,"Vinatieri, Adam",PK,0002,Derrick Whitman,1.0,1,8,,24.01,0,0,,0
2017,2842,"Vinatieri, Adam",PK,0002,Derrick Whitman,1.0,2,8,0.0,0.0,0,0,,1
2017,5666,"Janikowski, Sebastian",PK,0001,Ryan Bousquet,1.0,1,18,,24.14,0,0,,0
2017,5666,"Janikowski, Sebastian",PK,0001,Ryan Bousquet,1.0,2,18,0.0,0.0,0,0,,1
2017,6789,"Bryant, Matt",PK,0006,Steve Bousquet,1.0,1,0,,24.0,0,0,,0
2017,6789,"Bryant, Matt",PK,0001,Ryan Bousquet,2.0,2,16,7.47,7.47,1,0,,0
2017,6789,"Bryant, Matt",PK,0006,Steve Bousquet,2.0,3,0,16.53,0.0,0,0,,1
2017,6929,"Palmer, Carson",QB,0007,Josh Martel,1.0,1,9,,38.07,0,0,,0
2017,6929,"Palmer, Carson",QB,0010,Shawn Blake,4.0,2,9,23.95,38.02,1,0,,0
2017,6929,"Palmer, Carson",QB,0010,Shawn Blake,5.0,3,9,23.99,38.01,1,0,,0
2017,6929,"Palmer, Carson",QB,0010,Shawn Blake,6.0,4,9,23.96,37.97,0,1,0007,0
2017,6929,"Palmer, Carson",QB,0007,Josh Martel,7.0,5,23,10.14,24.11,0,1,0010,0
2017,6929,"Palmer, Carson",QB,0007,Josh Martel,7.0,6,23,0.0,0.0,0,0,,1
2017,6982,"Boldin, Anquan",WR,0010,Shawn Blake,1.0,1,6,,24.39,0,0,,0
2017,6982,"Boldin, Anquan",WR,0010,Shawn Blake,1.0,2,7,0.0,0.0,0,0,,1
2017,6997,"Witten, Jason",TE,0010,Shawn Blake,1.0,1,6,,33.45,0,0,,0
2017,6997,"Witten, Jason",TE,0006,Steve Bousquet,2.0,2,8,21.82,31.28,1,0,,0
2017,6997,"Witten, Jason",TE,0003,Matt Gerardi,4.0,3,13,18.55,25.83,0,1,0010,0
2017,6997,"Witten, Jason",TE,0010,Shawn Blake,5.0,4,13,23.74,25.57,0,1,0003,0
2017,6997,"Witten, Jason",TE,0003,Matt Gerardi,6.0,5,15,22.61,24.18,0,1,0010,0
2017,6997,"Witten, Jason",TE,0003,Matt Gerardi,6.0,6,15,0.0,0.0,0,0,,1
2017,7236,"Gates, Antonio",TE,0002,Derrick Whitman,1.0,1,2,,25.43,0,0,,0
2017,7236,"Gates, Antonio",TE,0010,Shawn Blake,2.0,2,5,20.91,22.34,1,0,,0
2017,7236,"Gates, Antonio",TE,0010,Shawn Blake,3.0,3,9,20.77,19.12,1,0,,0
2017,7236,"Gates, Antonio",TE,0010,Shawn Blake,4.0,4,15,17.21,12.32,1,0,,0
2017,7236,"Gates, Antonio",TE,0002,Derrick Whitman,4.0,5,4,11.68,0.0,0,0,,1
2017,7393,"Fitzgerald, Larry",WR,0012,Chris Klingenberg,1.0,1,11,,26.19,0,0,,0
2017,7393,"Fitzgerald, Larry",WR,0006,Steve Bousquet,2.0,2,11,23.98,26.17,0,1,0012,0
2017,7393,"Fitzgerald, Larry",WR,0010,Shawn Blake,17.0,3,11,23.92,26.08,1,0,,0
2017,7393,"Fitzgerald, Larry",WR,0004,Brian Cutting,20.0,4,11,23.51,25.6,1,0,,0
2017,7393,"Fitzgerald, Larry",WR,0010,Shawn Blake,23.0,5,13,22.56,24.16,0,1,0006,0
2017,7393,"Fitzgerald, Larry",WR,0006,Steve Bousquet,24.0,6,13,23.86,24.02,1,0,,0
2017,7393,"Fitzgerald, Larry",WR,0006,Steve Bousquet,25.0,7,13,23.99,24.01,1,0,,0
2017,7393,"Fitzgerald, Larry",WR,0006,Steve Bousquet,27.0,8,13,23.99,24.0,0,1,0010,0
2017,7393,"Fitzgerald, Larry",WR,0010,Shawn Blake,30.0,9,18,18.75,18.76,1,0,,0
2017,7393,"Fitzgerald, Larry",WR,0010,Shawn Blake,32.0,10,11,7.22,1.97,1,0,,0
2017,7393,"Fitzgerald, Larry",WR,0006,Steve Bousquet,32.0,11,13,22.03,0.0,0,0,,1
2017,7401,"Roethlisberger, Ben",QB,0002,Derrick Whitman,1.0,1,18,,41.4,0,0,,0
2017,7401,"Roethlisberger, Ben",QB,0006,Steve Bousquet,2.0,2,18,23.98,41.38,0,1,0002,0
2017,7401,"Roethlisberger, Ben",QB,0008,Keith Creelman,6.0,3,18,24.0,41.38,0,1,0006,0
2017,7401,"Roethlisberger, Ben",QB,0010,Shawn Blake,8.0,4,18,23.86,41.24,1,0,,0
2017,7401,"Roethlisberger, Ben",QB,0009,Bear Dunn,10.0,5,23,18.27,35.52,1,0,,0
2017,7401,"Roethlisberger, Ben",QB,0006,Steve Bousquet,12.0,6,8,15.28,26.79,1,0,,0
2017,7401,"Roethlisberger, Ben",QB,0006,Steve Bousquet,15.0,7,8,23.95,26.75,1,0,,0
2017,7401,"Roethlisberger, Ben",QB,0006,Steve Bousquet,16.0,8,8,23.98,26.73,1,0,,0
2017,7401,"Roethlisberger, Ben",QB,0003,Matt Gerardi,17.0,9,11,21.33,24.05,0,1,0008,0
2017,7401,"Roethlisberger, Ben",QB,0003,Matt Gerardi,17.0,10,11,0.0,0.0,0,0,,1
2017,7578,"Lee, Andy",PN,0010,Shawn Blake,1.0,1,6,,24.12,0,0,,0
2017,7578,"Lee, Andy",PN,0010,Shawn Blake,1.0,2,6,0.0,0.0,0,0,,1
2017,7813,"Smith, Alex",QB,0004,Brian Cutting,1.0,1,4,,24.01,0,0,,0
2017,7813,"Smith, Alex",QB,0004,Brian Cutting,1.0,2,4,0.0,0.0,0,0,,1
2017,7827,"Johnson, Derrick",LB,0008,Keith Creelman,1.0,1,5,,24.75,0,0,,0
2017,7827,"Johnson, Derrick",LB,0008,Keith Creelman,1.0,2,6,0.0,0.0,0,0,,1
2017,7877,"Gore, Frank",RB,0008,Keith Creelman,1.0,1,0,,24.13,0,0,,0
2017,7877,"Gore, Frank",RB,0009,Bear Dunn,5.0,2,0,23.87,24.0,0,1,0008,0
2017,7877,"Gore, Frank",RB,0004,Brian Cutting,7.0,3,4,19.51,19.52,1,0,,0
2017,7877,"Gore, Frank",RB,0004,Brian Cutting,8.0,4,5,22.7,18.22,1,0,,0
2017,7877,"Gore, Frank",RB,0004,Brian Cutting,10.0,5,5,23.97,18.19,1,0,,0
2017,7877,"Gore, Frank",RB,0010,Shawn Blake,12.0,6,11,18.4,12.59,1,0,,0
2017,7877,"Gore, Frank",RB,0004,Brian Cutting,13.0,7,13,21.94,10.53,1,0,,0
2017,7877,"Gore, Frank",RB,0009,Bear Dunn,13.0,8,0,13.47,0.0,0,0,,1
2017,7911,"Colquitt, Dustin",PN,0008,Keith Creelman,1.0,1,4,,28.04,0,0,,0
2017,7911,"Colquitt, Dustin",PN,0001,Ryan Bousquet,2.0,2,8,19.97,24.01,0,1,0008,0
2017,7911,"Colquitt, Dustin",PN,0001,Ryan Bousquet,2.0,3,8,0.0,0.0,0,0,,1
2017,7942,"Sproles, Darren",RB,0006,Steve Bousquet,1.0,1,0,,24.2,0,0,,0
2017,7942,"Sproles, Darren",RB,0009,Bear Dunn,5.0,2,0,23.83,24.04,1,0,,0
2017,7942,"Sproles, Darren",RB,0009,Bear Dunn,7.0,3,0,23.99,24.02,1,0,,0
2017,7942,"Sproles, Darren",RB,0009,Bear Dunn,8.0,4,0,23.98,24.0,0,1,0006,0
2017,7942,"Sproles, Darren",RB,0006,Steve Bousquet,9.0,5,0,0.04,0.05,1,0,,0
2017,7942,"Sproles, Darren",RB,0009,Bear Dunn,9.0,6,0,23.95,0.0,0,0,,1
2017,8247,"Davis, Vernon",TE,0002,Derrick Whitman,1.0,1,6,,24.0,0,0,,0
2017,8247,"Davis, Vernon",TE,0001,Ryan Bousquet,2.0,2,20,10.13,10.14,1,0,,0
2017,8247,"Davis, Vernon",TE,0002,Derrick Whitman,2.0,3,6,13.86,0.0,0,0,,1
2017,8252,"Cutler, Jay",QB,0011,Eric Mannila,1.0,1,6,,24.15,0,0,,0
2017,8252,"Cutler, Jay",QB,0011,Eric Mannila,1.0,2,6,0.0,0.0,0,0,,1
2017,8359,"Gostkowski, Stephen",PK,0002,Derrick Whitman,1.0,1,6,,27.15,0,0,,0
2017,8359,"Gostkowski, Stephen",PK,0005,"John Richard, Jarrade Nieber",2.0,2,7,22.65,25.8,1,0,,0
2017,8359,"Gostkowski, Stephen",PK,0001,Ryan Bousquet,3.0,3,8,23.48,25.27,0,1,0002,0
2017,8359,"Gostkowski, Stephen",PK,0005,"John Richard, Jarrade Nieber",4.0,4,9,22.75,24.02,0,1,0001,0
2017,8359,"Gostkowski, Stephen",PK,0005,"John Richard, Jarrade Nieber",4.0,5,9,0.0,0.0,0,0,,1
2017,8444,"Koch, Sam",PN,0009,Bear Dunn,1.0,1,0,,41.22,0,0,,0
2017,8444,"Koch, Sam",PN,0008,Keith Creelman,2.0,2,17,7.09,24.3,0,1,0009,0
2017,8444,"Koch, Sam",PN,0008,Keith Creelman,2.0,3,17,0.0,0.0,0,0,,1
2017,8657,"Johnson, Calvin",WR,0002,Derrick Whitman,1.0,1,2,,25.44,0,0,,0
2017,8657,"Johnson, Calvin",WR,0002,Derrick Whitman,1.0,2,4,0.0,0.0,0,0,,1
2017,8658,"Peterson, Adrian",RB,0009,Bear Dunn,1.0,1,0,,64.1,0,0,,0
2017,8658,"Peterson, Adrian",RB,0009,Bear Dunn,5.0,2,8,15.29,55.39,0,0,,0
2017,8658,"Peterson, Adrian",RB,0011,Eric Mannila,7.0,3,8,23.97,55.36,0,1,0009,0
2017,8658,"Peterson, Adrian",RB,0012,Chris Klingenberg,10.0,4,10,22.34,53.7,1,0,,0
2017,8658,"Peterson, Adrian",RB,0009,Bear Dunn,11.0,5,15,18.91,48.61,0,1,0011,0
2017,8658,"Peterson, Adrian",RB,0011,Eric Mannila,15.0,6,16,22.97,47.58,0,1,0009,0
2017,8658,"Peterson, Adrian",RB,0010,Shawn Blake,16.0,7,15,0.98,24.56,0,1,0011,0
2017,8658,"Peterson, Adrian",RB,0010,Shawn Blake,17.0,8,16,23.47,24.03,0,0,,0
2017,8658,"Peterson, Adrian",RB,0010,Shawn Blake,18.0,9,16,23.99,24.02,0,0,,0
2017,8658,"Peterson, Adrian",RB,0011,Eric Mannila,19.0,10,16,23.98,24.01,0,1,0010,0
2017,8658,"Peterson, Adrian",RB,0011,Eric Mannila,19.0,11,16,0.0,0.0,0,0,,1
2017,8670,"Lynch, Marshawn",RB,0008,Keith Creelman,1.0,1,8,,24.17,0,0,,0
2017,8670,"Lynch, Marshawn",RB,0003,Matt Gerardi,2.0,2,8,23.86,24.03,0,1,0008,0
2017,8670,"Lynch, Marshawn",RB,0004,Brian Cutting,4.0,3,8,23.9,23.93,1,0,,0
2017,8670,"Lynch, Marshawn",RB,0003,Matt Gerardi,10.0,4,8,23.84,23.77,0,0,,0
2017,8670,"Lynch, Marshawn",RB,0003,Matt Gerardi,20.0,5,8,23.99,23.76,0,0,,0
2017,8670,"Lynch, Marshawn",RB,0003,Matt Gerardi,25.0,6,9,23.58,23.34,0,0,,0
2017,8670,"Lynch, Marshawn",RB,0003,Matt Gerardi,27.0,7,9,23.98,23.32,0,0,,0
2017,8670,"Lynch, Marshawn",RB,0003,Matt Gerardi,28.0,8,17,15.48,14.79,0,0,,0
2017,8670,"Lynch, Marshawn",RB,0003,Matt Gerardi,28.0,9,8,9.21,0.0,0,0,,1
2017,8673,"Ginn Jr., Ted",WR,0001,Ryan Bousquet,1.0,1,7,,58.9,0,0,,0
2017,8673,"Ginn Jr., Ted",WR,0006,Steve Bousquet,2.0,2,9,21.32,56.22,1,0,,0
2017,8673,"Ginn Jr., Ted",WR,0006,Steve Bousquet,3.0,3,9,24.0,56.22,1,0,,0
2017,8673,"Ginn Jr., Ted",WR,0006,Steve Bousquet,4.0,4,9,23.87,56.09,0,1,0001,0
2017,8673,"Ginn Jr., Ted",WR,0001,Ryan Bousquet,5.0,5,20,13.64,45.73,0,1,0006,0
2017,8673,"Ginn Jr., Ted",WR,0006,Steve Bousquet,6.0,6,17,2.6,24.34,0,1,0001,0
2017,8673,"Ginn Jr., Ted",WR,0006,Steve Bousquet,6.0,7,18,0.0,0.0,0,0,,1
2017,8742,"Crosby, Mason",PK,0008,Keith Creelman,1.0,1,4,,24.04,0,0,,0
2017,8742,"Crosby, Mason",PK,0008,Keith Creelman,1.0,2,4,0.0,0.0,0,0,,1
2017,8930,"Prater, Matt",PK,0003,Matt Gerardi,1.0,1,0,,24.05,0,0,,0
2017,8930,"Prater, Matt",PK,0003,Matt Gerardi,1.0,2,0,0.0,0.0,0,0,,1
2017,9044,"Bennett, Martellus",TE,0005,"John Richard, Jarrade Nieber",1.0,1,3,,24.0,0,0,,0
2017,9044,"Bennett, Martellus",TE,0005,"John Richard, Jarrade Nieber",7.0,2,6,21.22,21.22,0,0,,0
2017,9044,"Bennett, Martellus",TE,0005,"John Richard, Jarrade Nieber",8.0,3,7,23.66,20.89,0,0,,0
2017,9044,"Bennett, Martellus",TE,0001,Ryan Bousquet,11.0,4,8,22.8,19.69,1,0,,0
2017,9044,"Bennett, Martellus",TE,0001,Ryan Bousquet,17.0,5,9,22.78,18.47,1,0,,0
2017,9044,"Bennett, Martellus",TE,0001,Ryan Bousquet,19.0,6,9,23.93,18.39,1,0,,0
2017,9044,"Bennett, Martellus",TE,0001,Ryan Bousquet,22.0,7,15,18.11,12.51,1,0,,0
2017,9044,"Bennett, Martellus",TE,0005,"John Richard, Jarrade Nieber",22.0,8,3,11.49,0.0,0,0,,1
2017,9054,"Charles, Jamaal",RB,0010,Shawn Blake,1.0,1,3,,31.5,0,0,,0
2017,9054,"Charles, Jamaal",RB,0006,Steve Bousquet,2.0,2,8,18.52,26.02,0,1,0010,0
2017,9054,"Charles, Jamaal",RB,0012,Chris Klingenberg,5.0,3,10,22.01,24.03,0,1,0006,0
2017,9054,"Charles, Jamaal",RB,0001,Ryan Bousquet,7.0,4,9,1.13,1.16,1,0,,0
2017,9054,"Charles, Jamaal",RB,0001,Ryan Bousquet,9.0,5,9,23.99,1.15,1,0,,0
2017,9054,"Charles, Jamaal",RB,0012,Chris Klingenberg,9.0,6,10,22.85,0.0,0,0,,1
2017,9075,"Jackson, DeSean",WR,0010,Shawn Blake,1.0,1,6,,36.04,0,0,,0
2017,9075,"Jackson, DeSean",WR,0010,Shawn Blake,2.0,2,7,22.66,34.7,0,0,,0
2017,9075,"Jackson, DeSean",WR,0005,"John Richard, Jarrade Nieber",3.0,3,7,23.5,34.19,1,0,,0
2017,9075,"Jackson, DeSean",WR,0005,"John Richard, Jarrade Nieber",6.0,4,7,23.93,34.13,0,1,0010,0
2017,9075,"Jackson, DeSean",WR,0001,Ryan Bousquet,8.0,5,9,22.52,32.64,0,1,0005,0
2017,9075,"Jackson, DeSean",WR,0005,"John Richard, Jarrade Nieber",9.0,6,9,23.97,32.62,1,0,,0
2017,9075,"Jackson, DeSean",WR,0005,"John Richard, Jarrade Nieber",11.0,7,11,22.27,30.88,1,0,,0
2017,9075,"Jackson, DeSean",WR,0009,Bear Dunn,13.0,8,11,23.63,30.52,1,0,,0
2017,9075,"Jackson, DeSean",WR,0005,"John Richard, Jarrade Nieber",16.0,9,14,21.56,28.08,1,0,,0
2017,9075,"Jackson, DeSean",WR,0008,Keith Creelman,24.0,10,14,23.86,27.94,1,0,,0
2017,9075,"Jackson, DeSean",WR,0008,Keith Creelman,26.0,11,18,20.08,24.01,0,1,0001,0
2017,9075,"Jackson, DeSean",WR,0008,Keith Creelman,26.0,12,18,0.0,0.0,0,0,,1
2017,9078,"Johnson, Chris",RB,0009,Bear Dunn,1.0,1,7,,24.48,0,0,,0
2017,9078,"Johnson, Chris",RB,0004,Brian Cutting,2.0,2,13,18.13,18.61,1,0,,0
2017,9078,"Johnson, Chris",RB,0009,Bear Dunn,2.0,3,7,5.39,0.0,0,0,,1
2017,9087,"McFadden, Darren",RB,0004,Brian Cutting,1.0,1,4,,27.39,0,0,,0
2017,9087,"McFadden, Darren",RB,0003,Matt Gerardi,2.0,2,8,20.65,24.05,0,1,0004,0
2017,9087,"McFadden, Darren",RB,0006,Steve Bousquet,4.0,3,23,8.34,8.38,1,0,,0
2017,9087,"McFadden, Darren",RB,0003,Matt Gerardi,4.0,4,8,15.62,0.0,0,0,,1
2017,9118,"Nelson, Jordy",WR,0012,Chris Klingenberg,1.0,1,0,,33.5,0,0,,0
2017,9118,"Nelson, Jordy",WR,0001,Ryan Bousquet,2.0,2,0,23.98,33.48,0,1,0012,0
2017,9118,"Nelson, Jordy",WR,0001,Ryan Bousquet,20.0,3,3,20.08,29.55,0,0,,0
2017,9118,"Nelson, Jordy",WR,0001,Ryan Bousquet,22.0,4,6,21.92,27.48,0,0,,0
2017,9118,"Nelson, Jordy",WR,0001,Ryan Bousquet,31.0,5,6,23.99,27.47,0,0,,0
2017,9118,"Nelson, Jordy",WR,0001,Ryan Bousquet,39.0,6,6,23.99,27.46,0,0,,0
2017,9118,"Nelson, Jordy",WR,0001,Ryan Bousquet,42.0,7,6,23.99,27.45,0,0,,0
2017,9118,"Nelson, Jordy",WR,0001,Ryan Bousquet,44.0,8,7,22.79,26.23,0,0,,0
2017,9118,"Nelson, Jordy",WR,0001,Ryan Bousquet,45.0,9,7,23.88,26.11,0,0,,0
2017,9118,"Nelson, Jordy",WR,0009,Bear Dunn,49.0,10,8,23.17,25.29,1,0,,0
2017,9118,"Nelson, Jordy",WR,0001,Ryan Bousquet,50.0,11,8,23.64,24.93,0,0,,0
2017,9118,"Nelson, Jordy",WR,0001,Ryan Bousquet,51.0,12,8,23.99,24.92,0,0,,0
2017,9118,"Nelson, Jordy",WR,0007,Josh Martel,60.0,13,8,23.77,24.69,1,0,,0
2017,9118,"Nelson, Jordy",WR,0007,Josh Martel,61.0,14,8,23.87,24.56,1,0,,0
2017,9118,"Nelson, Jordy",WR,0007,Josh Martel,62.0,15,8,23.99,24.56,0,1,0001,0
2017,9118,"Nelson, Jordy",WR,0011,Eric Mannila,65.0,16,9,23.45,24.01,0,1,0007,0
2017,9118,"Nelson, Jordy",WR,0007,Josh Martel,70.0,17,7,2.27,2.28,1,0,,0
2017,9118,"Nelson, Jordy",WR,0011,Eric Mannila,70.0,18,9,21.72,0.0,0,0,,1
2017,9122,"Forte, Matt",RB,0004,Brian Cutting,1.0,1,6,,48.02,0,0,,0
2017,9122,"Forte, Matt",RB,0001,Ryan Bousquet,3.0,2,8,21.84,45.86,0,1,0004,0
2017,9122,"Forte, Matt",RB,0009,Bear Dunn,4.0,3,8,23.86,45.72,1,0,,0
2017,9122,"Forte, Matt",RB,0004,Brian Cutting,5.0,4,11,21.28,43.01,1,0,,0
2017,9122,"Forte, Matt",RB,0004,Brian Cutting,6.0,5,11,23.99,43.0,1,0,,0
2017,9122,"Forte, Matt",RB,0004,Brian Cutting,7.0,6,11,23.99,42.99,1,0,,0
2017,9122,"Forte, Matt",RB,0004,Brian Cutting,8.0,7,11,23.99,42.99,1,0,,0
2017,9122,"Forte, Matt",RB,0012,Chris Klingenberg,10.0,8,3,7.17,26.16,1,0,,0
2017,9122,"Forte, Matt",RB,0012,Chris Klingenberg,11.0,9,3,23.99,26.15,0,1,0001,0
2017,9122,"Forte, Matt",RB,0004,Brian Cutting,12.0,10,5,22.04,24.19,1,0,,0
2017,9122,"Forte, Matt",RB,0012,Chris Klingenberg,12.0,11,6,0.0,0.0,0,0,,1
2017,9196,"Hightower, Tim",RB,0006,Steve Bousquet,1.0,1,8,,24.84,0,0,,0
2017,9196,"Hightower, Tim",RB,0006,Steve Bousquet,1.0,2,9,0.0,0.0,0,0,,1
2017,9250,"Garcon, Pierre",WR,0004,Brian Cutting,1.0,1,4,,38.87,0,0,,0
2017,9250,"Garcon, Pierre",WR,0001,Ryan Bousquet,4.0,2,5,23.32,38.2,0,1,0004,0
2017,9250,"Garcon, Pierre",WR,0008,Keith Creelman,5.0,3,5,23.81,38.0,0,1,0001,0
2017,9250,"Garcon, Pierre",WR,0004,Brian Cutting,6.0,4,5,23.53,37.54,0,1,0008,0
2017,9250,"Garcon, Pierre",WR,0006,Steve Bousquet,7.0,5,7,22.17,35.7,1,0,,0
2017,9250,"Garcon, Pierre",WR,0007,Josh Martel,8.0,6,9,22.57,34.28,0,1,0004,0
2017,9250,"Garcon, Pierre",WR,0004,Brian Cutting,9.0,7,9,23.58,33.85,1,0,,0
2017,9250,"Garcon, Pierre",WR,0004,Brian Cutting,10.0,8,9,23.99,33.85,1,0,,0
2017,9250,"Garcon, Pierre",WR,0004,Brian Cutting,11.0,9,19,14.21,24.06,0,1,0007,0
2017,9250,"Garcon, Pierre",WR,0004,Brian Cutting,11.0,10,19,0.0,0.0,0,0,,1
2017,9310,"Kern, Brett",PN,0003,Matt Gerardi,1.0,1,0,,24.06,0,0,,0
2017,9310,"Kern, Brett",PN,0003,Matt Gerardi,1.0,2,0,0.0,0.0,0,0,,1
2017,9425,"Wake, Cameron",DE,0008,Keith Creelman,1.0,1,6,,24.72,0,0,,0
2017,9425,"Wake, Cameron",DE,0008,Keith Creelman,1.0,2,6,0.0,0.0,0,0,,1
2017,9430,"Jenkins, Malcolm",S,0004,Brian Cutting,1.0,1,6,,24.15,0,0,,0
2017,9430,"Jenkins, Malcolm",S,0004,Brian Cutting,1.0,2,7,0.0,0.0,0,0,,1
2017,9436,"Maclin, Jeremy",WR,0010,Shawn Blake,1.0,1,0,,25.6,0,0,,0
2017,9436,"Maclin, Jeremy",WR,0006,Steve Bousquet,4.0,2,0,23.99,25.6,1,0,,0
2017,9436,"Maclin, Jeremy",WR,0010,Shawn Blake,6.0,3,1,22.5,24.1,0,0,,0
2017,9436,"Maclin, Jeremy",WR,0010,Shawn Blake,8.0,4,1,23.99,24.09,0,0,,0
2017,9436,"Maclin, Jeremy",WR,0010,Shawn Blake,10.0,5,1,23.99,24.08,0,0,,0
2017,9436,"Maclin, Jeremy",WR,0011,Eric Mannila,11.0,6,1,23.92,24.0,0,1,0010,0
2017,9436,"Maclin, Jeremy",WR,0009,Bear Dunn,13.0,7,19,5.7,5.71,1,0,,0
2017,9436,"Maclin, Jeremy",WR,0011,Eric Mannila,13.0,8,1,18.29,0.0,0,0,,1
2017,9467,"Britt, Kenny",WR,0003,Matt Gerardi,1.0,1,8,,24.34,0,0,,0
2017,9467,"Britt, Kenny",WR,0001,Ryan Bousquet,3.0,2,8,23.92,24.26,0,1,0003,0
2017,9467,"Britt, Kenny",WR,0010,Shawn Blake,4.0,3,8,23.8,24.07,0,1,0001,0
2017,9467,"Britt, Kenny",WR,0010,Shawn Blake,4.0,4,8,0.0,0.0,0,0,,1
2017,9474,"Cook, Jared",TE,0011,Eric Mannila,1.0,1,8,,24.07,0,0,,0
2017,9474,"Cook, Jared",TE,0011,Eric Mannila,1.0,2,8,0.0,0.0,0,0,,1
2017,9525,"Wallace, Mike",WR,0004,Brian Cutting,1.0,1,6,,28.83,0,0,,0
2017,9525,"Wallace, Mike",WR,0009,Bear Dunn,3.0,2,11,19.21,24.03,0,1,0004,0
2017,9525,"Wallace, Mike",WR,0008,Keith Creelman,7.0,3,13,22.24,22.27,1,0,,0
2017,9525,"Wallace, Mike",WR,0009,Bear Dunn,7.0,4,11,1.73,0.0,0,0,,1
2017,9577,"Huber, Kevin",PN,0004,Brian Cutting,1.0,1,4,,25.64,0,0,,0
2017,9577,"Huber, Kevin",PN,0004,Brian Cutting,1.0,2,6,0.0,0.0,0,0,,1
2017,9611,"Miller, Zach",TE,0003,Matt Gerardi,1.0,1,9,,24.97,0,0,,0
2017,9611,"Miller, Zach",TE,0003,Matt Gerardi,1.0,2,10,0.0,0.0,0,0,,1
2017,9693,"Woodhead, Danny",RB,0010,Shawn Blake,1.0,1,6,,24.21,0,0,,0
2017,9693,"Woodhead, Danny",RB,0008,Keith Creelman,12.0,2,8,22.44,22.65,1,0,,0
2017,9693,"Woodhead, Danny",RB,0001,Ryan Bousquet,20.0,3,9,23.14,21.79,1,0,,0
2017,9693,"Woodhead, Danny",RB,0009,Bear Dunn,22.0,4,11,22.03,19.82,1,0,,0
2017,9693,"Woodhead, Danny",RB,0009,Bear Dunn,27.0,5,12,23.17,18.98,1,0,,0
2017,9693,"Woodhead, Danny",RB,0006,Steve Bousquet,29.0,6,18,17.77,12.75,1,0,,0
2017,9693,"Woodhead, Danny",RB,0010,Shawn Blake,29.0,7,7,11.25,0.0,0,0,,1
2017,9712,"Colquitt, Britton",PN,0005,"John Richard, Jarrade Nieber",1.0,1,7,,24.06,0,0,,0
2017,9712,"Colquitt, Britton",PN,0005,"John Richard, Jarrade Nieber",1.0,2,7,0.0,0.0,0,0,,1
2017,9826,"Graham, Brandon",DE,0008,Keith Creelman,1.0,1,0,,29.69,0,0,,0
2017,9826,"Graham, Brandon",DE,0008,Keith Creelman,1.0,2,5,0.0,0.0,0,0,,1
2017,9828,"Griffen, Everson",DE,0008,Keith Creelman,1.0,1,7,,41.03,0,0,,0
2017,9828,"Griffen, Everson",DE,0002,Derrick Whitman,2.0,2,0,6.97,24.01,0,1,0008,0
2017,9828,"Griffen, Everson",DE,0002,Derrick Whitman,2.0,3,0,0.0,0.0,0,0,,1
2017,9829,"Thomas, Earl",S,0004,Brian Cutting,1.0,1,7,,24.0,0,0,,0
2017,9829,"Thomas, Earl",S,0004,Brian Cutting,1.0,2,7,0.0,0.0,0,0,,1
2017,9833,"Pierre-Paul, Jason",DE,0006,Steve Bousquet,1.0,1,0,,24.0,0,0,,0
2017,9833,"Pierre-Paul, Jason",DE,0001,Ryan Bousquet,3.0,2,4,19.65,19.65,1,0,,0
2017,9833,"Pierre-Paul, Jason",DE,0010,Shawn Blake,4.0,3,9,19.48,15.14,1,0,,0
2017,9833,"Pierre-Paul, Jason",DE,0009,Bear Dunn,5.0,4,0,9.17,0.3,1,0,,0
2017,9833,"Pierre-Paul, Jason",DE,0006,Steve Bousquet,5.0,5,0,23.7,0.0,0,0,,1
2017,9840,"Bowman, Navorro",LB,0009,Bear Dunn,1.0,1,6,,24.08,0,0,,0
2017,9840,"Bowman, Navorro",LB,0006,Steve Bousquet,2.0,2,6,23.84,23.92,1,0,,0
2017,9840,"Bowman, Navorro",LB,0006,Steve Bousquet,3.0,3,11,19.13,19.05,1,0,,0
2017,9840,"Bowman, Navorro",LB,0009,Bear Dunn,3.0,4,6,4.95,0.0,0,0,,1
2017,9864,"Burnett, Morgan",S,0001,Ryan Bousquet,1.0,1,22,,43.87,0,0,,0
2017,9864,"Burnett, Morgan",S,0008,Keith Creelman,2.0,2,4,17.84,37.7,0,1,0001,0
2017,9864,"Burnett, Morgan",S,0001,Ryan Bousquet,3.0,3,17,10.49,24.19,0,1,0008,0
2017,9864,"Burnett, Morgan",S,0001,Ryan Bousquet,3.0,4,18,0.0,0.0,0,0,,1
2017,9866,"Lee, Sean",LB,0009,Bear Dunn,1.0,1,6,,24.04,0,0,,0
2017,9866,"Lee, Sean",LB,0004,Brian Cutting,2.0,2,7,23.69,23.73,1,0,,0
2017,9866,"Lee, Sean",LB,0006,Steve Bousquet,3.0,3,7,24.0,23.73,1,0,,0
2017,9866,"Lee, Sean",LB,0006,Steve Bousquet,4.0,4,7,23.49,23.21,1,0,,0
2017,9866,"Lee, Sean",LB,0009,Bear Dunn,4.0,5,6,0.79,0.0,0,0,,1
2017,9868,"Atkins, Geno",DT,0011,Eric Mannila,1.0,1,7,,24.08,0,0,,0
2017,9868,"Atkins, Geno",DT,0011,Eric Mannila,1.0,2,7,0.0,0.0,0,0,,1
2017,9881,"Decker, Eric",WR,0007,Josh Martel,1.0,1,0,,24.01,0,0,,0
2017,9881,"Decker, Eric",WR,0006,Steve Bousquet,12.0,2,0,23.99,24.0,1,0,,0
2017,9881,"Decker, Eric",WR,0001,Ryan Bousquet,15.0,3,9,14.99,15.0,1,0,,0
2017,9881,"Decker, Eric",WR,0001,Ryan Bousquet,18.0,4,9,23.88,14.87,1,0,,0
2017,9881,"Decker, Eric",WR,0009,Bear Dunn,22.0,5,11,22.29,13.17,1,0,,0
2017,9881,"Decker, Eric",WR,0007,Josh Martel,22.0,6,0,10.83,0.0,0,0,,1
2017,9898,"Blount, LeGarrette",RB,0004,Brian Cutting,1.0,1,5,,24.84,0,0,,0
2017,9898,"Blount, LeGarrette",RB,0001,Ryan Bousquet,3.0,2,5,23.26,24.1,0,1,0004,0
2017,9898,"Blount, LeGarrette",RB,0004,Brian Cutting,4.0,3,7,22.74,22.83,1,0,,0
2017,9898,"Blount, LeGarrette",RB,0004,Brian Cutting,5.0,4,7,23.99,22.82,1,0,,0
2017,9898,"Blount, LeGarrette",RB,0004,Brian Cutting,6.0,5,7,23.98,22.8,1,0,,0
2017,9898,"Blount, LeGarrette",RB,0004,Brian Cutting,8.0,6,7,23.98,22.79,1,0,,0
2017,9898,"Blount, LeGarrette",RB,0004,Brian Cutting,9.0,7,9,21.63,20.41,1,0,,0
2017,9898,"Blount, LeGarrette",RB,0009,Bear Dunn,10.0,8,16,16.59,13.01,1,0,,0
2017,9898,"Blount, LeGarrette",RB,0009,Bear Dunn,13.0,9,16,23.98,12.99,1,0,,0
2017,9898,"Blount, LeGarrette",RB,0009,Bear Dunn,16.0,10,16,23.99,12.98,1,0,,0
2017,9898,"Blount, LeGarrette",RB,0001,Ryan Bousquet,16.0,11,5,11.02,0.0,0,0,,1
2017,9918,"Sanders, Emmanuel",WR,0004,Brian Cutting,1.0,1,5,,27.06,0,0,,0
2017,9918,"Sanders, Emmanuel",WR,0009,Bear Dunn,5.0,2,6,23.03,26.09,1,0,,0
2017,9918,"Sanders, Emmanuel",WR,0001,Ryan Bousquet,8.0,3,8,21.95,24.05,0,1,0004,0
2017,9918,"Sanders, Emmanuel",WR,0003,Matt Gerardi,10.0,4,9,23.58,23.63,1,0,,0
2017,9918,"Sanders, Emmanuel",WR,0004,Brian Cutting,11.0,5,9,23.86,23.49,1,0,,0
2017,9918,"Sanders, Emmanuel",WR,0004,Brian Cutting,13.0,6,9,23.98,23.48,1,0,,0
2017,9918,"Sanders, Emmanuel",WR,0010,Shawn Blake,16.0,7,10,23.38,22.86,1,0,,0
2017,9918,"Sanders, Emmanuel",WR,0004,Brian Cutting,18.0,8,13,20.87,19.73,1,0,,0
2017,9918,"Sanders, Emmanuel",WR,0004,Brian Cutting,19.0,9,13,23.99,19.72,1,0,,0
2017,9918,"Sanders, Emmanuel",WR,0012,Chris Klingenberg,20.0,10,14,23.22,18.94,1,0,,0
2017,9918,"Sanders, Emmanuel",WR,0007,Josh Martel,25.0,11,16,21.94,16.89,1,0,,0
2017,9918,"Sanders, Emmanuel",WR,0007,Josh Martel,28.0,12,16,23.88,16.77,1,0,,0
2017,9918,"Sanders, Emmanuel",WR,0007,Josh Martel,31.0,13,20,19.43,12.2,1,0,,0
2017,9918,"Sanders, Emmanuel",WR,0003,Matt Gerardi,36.0,14,22,22.01,10.22,1,0,,0
2017,9918,"Sanders, Emmanuel",WR,0010,Shawn Blake,38.0,15,7,15.08,1.3,1,0,,0
2017,9918,"Sanders, Emmanuel",WR,0001,Ryan Bousquet,38.0,16,9,22.7,0.0,0,0,,1
2018,10074,"Church, Barry",S,0010,Shawn Blake,1.0,1,6,,24.19,0,0,,0
2018,10074,"Church, Barry",S,0010,Shawn Blake,1.0,2,6,0.0,0.0,0,0,,1
2018,10077,"Ivory, Chris",RB,0001,Ryan Bousquet,1.0,1,9,,30.48,0,0,,0
2018,10077,"Ivory, Chris",RB,0006,Steve Bousquet,2.0,2,9,23.95,30.42,0,1,0001,0
2018,10077,"Ivory, Chris",RB,0004,Brian Cutting,3.0,3,9,23.63,30.05,0,1,0006,0
2018,10077,"Ivory, Chris",RB,0012,Chris Klingenberg,4.0,4,15,18.13,24.18,0,1,0004,0
2018,10077,"Ivory, Chris",RB,0012,Chris Klingenberg,4.0,5,15,0.0,0.0,0,0,,1
2018,10266,"Heyward, Cameron",DE,0006,Steve Bousquet,1.0,1,0,,31.9,0,0,,0
2018,10266,"Heyward, Cameron",DE,0009,Bear Dunn,4.0,2,8,16.1,24.01,0,1,0006,0
2018,10266,"Heyward, Cameron",DE,0009,Bear Dunn,4.0,3,8,0.0,0.0,0,0,,1
2018,10267,"Miller, Von",LB,0003,Matt Gerardi,1.0,1,5,,38.13,0,0,,0
2018,10267,"Miller, Von",LB,0011,Eric Mannila,3.0,2,5,23.53,37.66,1,0,,0
2018,10267,"Miller, Von",LB,0002,Derrick Whitman,4.0,3,12,17.25,30.91,1,0,,0
2018,10267,"Miller, Von",LB,0004,Brian Cutting,5.0,4,19,17.24,24.15,0,1,0003,0
2018,10267,"Miller, Von",LB,0004,Brian Cutting,5.0,5,19,0.0,0.0,0,0,,1
2018,10269,"Quinn, Robert",DE,0012,Chris Klingenberg,1.0,1,21,,35.6,0,0,,0
2018,10269,"Quinn, Robert",DE,0006,Steve Bousquet,2.0,2,8,12.49,24.09,0,1,0012,0
2018,10269,"Quinn, Robert",DE,0006,Steve Bousquet,2.0,3,8,0.0,0.0,0,0,,1
2018,10292,"Jordan, Cameron",DE,0006,Steve Bousquet,1.0,1,0,,24.22,0,0,,0
2018,10292,"Jordan, Cameron",DE,0001,Ryan Bousquet,2.0,2,0,23.53,23.75,1,0,,0
2018,10292,"Jordan, Cameron",DE,0001,Ryan Bousquet,3.0,3,1,23.78,23.53,1,0,,0
2018,10292,"Jordan, Cameron",DE,0010,Shawn Blake,6.0,4,6,18.9,18.43,1,0,,0
2018,10292,"Jordan, Cameron",DE,0006,Steve Bousquet,6.0,5,0,5.57,0.0,0,0,,1
2018,10313,"Dalton, Andy",QB,0009,Bear Dunn,1.0,1,5,,35.19,0,0,,0
2018,10313,"Dalton, Andy",QB,0004,Brian Cutting,2.0,2,5,23.71,34.9,1,0,,0
2018,10313,"Dalton, Andy",QB,0004,Brian Cutting,3.0,3,8,21.68,32.58,1,0,,0
2018,10313,"Dalton, Andy",QB,0004,Brian Cutting,4.0,4,16,15.44,24.02,0,1,0009,0
2018,10313,"Dalton, Andy",QB,0004,Brian Cutting,4.0,5,16,0.0,0.0,0,0,,1
2018,10314,"Wilkerson, Muhammad",DE,0005,"John Richard, Jarrade Nieber",1.0,1,14,,24.39,0,0,,0
2018,10314,"Wilkerson, Muhammad",DE,0005,"John Richard, Jarrade Nieber",1.0,2,14,0.0,0.0,0,0,,1
2018,10389,"Lewis, Dion",RB,0004,Brian Cutting,1.0,1,4,,56.06,0,0,,0
2018,10389,"Lewis, Dion",RB,0008,Keith Creelman,2.0,2,4,23.98,56.04,1,0,,0
2018,10389,"Lewis, Dion",RB,0001,Ryan Bousquet,4.0,3,6,22.25,54.29,0,1,0004,0
2018,10389,"Lewis, Dion",RB,0010,Shawn Blake,6.0,4,7,23.1,53.39,1,0,,0
2018,10389,"Lewis, Dion",RB,0004,Brian Cutting,7.0,5,8,23.0,52.39,1,0,,0
2018,10389,"Lewis, Dion",RB,0010,Shawn Blake,12.0,6,9,23.29,51.68,1,0,,0
2018,10389,"Lewis, Dion",RB,0009,Bear Dunn,17.0,7,13,19.86,47.54,0,1,0001,0
2018,10389,"Lewis, Dion",RB,0010,Shawn Blake,19.0,8,14,23.12,46.66,0,1,0009,0
2018,10389,"Lewis, Dion",RB,0004,Brian Cutting,20.0,9,15,22.59,45.25,1,0,,0
2018,10389,"Lewis, Dion",RB,0004,Brian Cutting,22.0,10,20,19.44,40.69,0,1,0010,0
2018,10389,"Lewis, Dion",RB,0001,Ryan Bousquet,23.0,11,23,20.98,37.67,1,0,,0
2018,10389,"Lewis, Dion",RB,0006,Steve Bousquet,24.0,12,23,23.52,37.19,1,0,,0
2018,10389,"Lewis, Dion",RB,0010,Shawn Blake,26.0,13,12,10.85,24.04,0,1,0004,0
2018,10389,"Lewis, Dion",RB,0006,Steve Bousquet,27.0,14,12,0.2,0.24,1,0,,0
2018,10389,"Lewis, Dion",RB,0010,Shawn Blake,27.0,15,12,23.76,0.0,0,0,,1
2018,10413,"Taylor, Tyrod",QB,0009,Bear Dunn,1.0,1,6,,25.39,0,0,,0
2018,10413,"Taylor, Tyrod",QB,0004,Brian Cutting,2.0,2,7,22.93,24.32,1,0,,0
2018,10413,"Taylor, Tyrod",QB,0001,Ryan Bousquet,3.0,3,7,23.76,24.08,0,1,0009,0
2018,10413,"Taylor, Tyrod",QB,0009,Bear Dunn,4.0,4,9,22.81,22.89,1,0,,0
2018,10413,"Taylor, Tyrod",QB,0001,Ryan Bousquet,4.0,5,8,1.11,0.0,0,0,,1
2018,10487,"Forbath, Kai",PK,0004,Brian Cutting,1.0,1,5,,24.09,0,0,,0
2018,10487,"Forbath, Kai",PK,0004,Brian Cutting,1.0,2,5,0.0,0.0,0,0,,1
2018,10642,"Jones, Chris",PN,0008,Keith Creelman,1.0,1,2,,24.91,0,0,,0
2018,10642,"Jones, Chris",PN,0008,Keith Creelman,1.0,2,3,0.0,0.0,0,0,,1
2018,10695,"Luck, Andrew",QB,0005,"John Richard, Jarrade Nieber",1.0,1,10,,69.2,0,0,,0
2018,10695,"Luck, Andrew",QB,0002,Derrick Whitman,6.0,2,10,23.95,69.15,1,0,,0
2018,10695,"Luck, Andrew",QB,0010,Shawn Blake,7.0,3,12,22.77,67.92,0,1,0005,0
2018,10695,"Luck, Andrew",QB,0009,Bear Dunn,9.0,4,13,22.36,66.28,0,1,0010,0
2018,10695,"Luck, Andrew",QB,0010,Shawn Blake,10.0,5,14,23.76,66.04,0,1,0009,0
2018,10695,"Luck, Andrew",QB,0009,Bear Dunn,12.0,6,16,21.94,63.98,0,1,0010,0
2018,10695,"Luck, Andrew",QB,0001,Ryan Bousquet,13.0,7,16,23.87,63.85,0,1,0009,0
2018,10695,"Luck, Andrew",QB,0009,Bear Dunn,15.0,8,11,4.54,44.38,1,0,,0
2018,10695,"Luck, Andrew",QB,0009,Bear Dunn,16.0,9,12,23.23,43.61,0,1,0001,0
2018,10695,"Luck, Andrew",QB,0003,Matt Gerardi,18.0,10,8,4.41,24.02,0,1,0009,0
2018,10695,"Luck, Andrew",QB,0010,Shawn Blake,19.0,11,7,0.22,0.24,1,0,,0
2018,10695,"Luck, Andrew",QB,0003,Matt Gerardi,19.0,12,8,23.76,0.0,0,0,,1
2018,10708,"Miller, Lamar",RB,0001,Ryan Bousquet,1.0,1,0,,41.38,0,0,,0
2018,10708,"Miller, Lamar",RB,0008,Keith Creelman,10.0,2,6,18.69,36.07,0,1,0001,0
2018,10708,"Miller, Lamar",RB,0004,Brian Cutting,15.0,3,6,23.19,35.26,1,0,,0
2018,10708,"Miller, Lamar",RB,0004,Brian Cutting,17.0,4,9,21.91,33.17,1,0,,0
2018,10708,"Miller, Lamar",RB,0004,Brian Cutting,19.0,5,9,23.98,33.14,0,1,0008,0
2018,10708,"Miller, Lamar",RB,0008,Keith Creelman,20.0,6,15,17.34,26.49,0,1,0004,0
2018,10708,"Miller, Lamar",RB,0004,Brian Cutting,22.0,7,18,21.53,24.02,0,1,0008,0
2018,10708,"Miller, Lamar",RB,0004,Brian Cutting,22.0,8,18,0.0,0.0,0,0,,1
2018,10709,"Martin, Doug",RB,0010,Shawn Blake,1.0,1,0,,25.54,0,0,,0
2018,10709,"Martin, Doug",RB,0006,Steve Bousquet,2.0,2,1,22.72,24.26,0,1,0010,0
2018,10709,"Martin, Doug",RB,0006,Steve Bousquet,2.0,3,1,0.0,0.0,0,0,,1
2018,10720,"Wright, Kendall",WR,0011,Eric Mannila,1.0,1,9,,24.33,0,0,,0
2018,10720,"Wright, Kendall",WR,0011,Eric Mannila,1.0,2,10,0.0,0.0,0,0,,1
2018,10723,"Sanu, Mohamed",WR,0011,Eric Mannila,1.0,1,5,,24.03,0,0,,0
2018,10723,"Sanu, Mohamed",WR,0011,Eric Mannila,1.0,2,6,0.0,0.0,0,0,,1
2018,10729,"Hilton, T.Y.",WR,0006,Steve Bousquet,1.0,1,0,,47.0,0,0,,0
2018,10729,"Hilton, T.Y.",WR,0001,Ryan Bousquet,2.0,2,0,23.94,46.94,0,1,0006,0
2018,10729,"Hilton, T.Y.",WR,0004,Brian Cutting,10.0,3,4,20.16,43.1,1,0,,0
2018,10729,"Hilton, T.Y.",WR,0004,Brian Cutting,15.0,4,6,22.56,41.66,1,0,,0
2018,10729,"Hilton, T.Y.",WR,0010,Shawn Blake,18.0,5,6,23.7,41.35,0,1,0001,0
2018,10729,"Hilton, T.Y.",WR,0001,Ryan Bousquet,23.0,6,6,23.92,41.27,0,1,0010,0
2018,10729,"Hilton, T.Y.",WR,0009,Bear Dunn,32.0,7,6,23.76,41.03,1,0,,0
2018,10729,"Hilton, T.Y.",WR,0004,Brian Cutting,34.0,8,8,22.44,39.47,0,1,0001,0
2018,10729,"Hilton, T.Y.",WR,0010,Shawn Blake,36.0,9,14,18.24,33.71,0,1,0004,0
2018,10729,"Hilton, T.Y.",WR,0004,Brian Cutting,39.0,10,15,22.61,32.32,0,1,0010,0
2018,10729,"Hilton, T.Y.",WR,0008,Keith Creelman,41.0,11,19,20.05,28.36,0,1,0004,0
2018,10729,"Hilton, T.Y.",WR,0005,"John Richard, Jarrade Nieber",43.0,12,23,19.69,24.05,0,1,0008,0
2018,10729,"Hilton, T.Y.",WR,0008,Keith Creelman,46.0,13,6,17.57,17.62,1,0,,0
2018,10729,"Hilton, T.Y.",WR,0005,"John Richard, Jarrade Nieber",46.0,14,23,6.38,0.0,0,0,,1
2018,10749,"Ingram, Melvin",DE,0006,Steve Bousquet,1.0,1,8,,24.25,0,0,,0
2018,10749,"Ingram, Melvin",DE,0010,Shawn Blake,5.0,2,9,23.75,24.0,0,1,0006,0
2018,10749,"Ingram, Melvin",DE,0001,Ryan Bousquet,7.0,3,9,23.71,23.71,1,0,,0
2018,10749,"Ingram, Melvin",DE,0001,Ryan Bousquet,8.0,4,9,23.99,23.7,1,0,,0
2018,10749,"Ingram, Melvin",DE,0001,Ryan Bousquet,9.0,5,8,0.83,0.53,1,0,,0
2018,10749,"Ingram, Melvin",DE,0010,Shawn Blake,9.0,6,9,23.47,0.0,0,0,,1
2018,10753,"Jones, Chandler",DE,0011,Eric Mannila,1.0,1,16,,24.85,0,0,,0
2018,10753,"Jones, Chandler",DE,0006,Steve Bousquet,2.0,2,16,23.94,24.79,0,1,0011,0
2018,10753,"Jones, Chandler",DE,0011,Eric Mannila,5.0,3,16,23.89,24.68,0,1,0006,0
2018,10753,"Jones, Chandler",DE,0001,Ryan Bousquet,7.0,4,16,23.91,24.58,0,1,0011,0
2018,10753,"Jones, Chandler",DE,0006,Steve Bousquet,8.0,5,16,23.79,24.37,1,0,,0
2018,10753,"Jones, Chandler",DE,0011,Eric Mannila,9.0,6,17,23.65,24.02,0,1,0001,0
2018,10753,"Jones, Chandler",DE,0006,Steve Bousquet,10.0,7,17,23.75,23.77,1,0,,0
2018,10753,"Jones, Chandler",DE,0010,Shawn Blake,11.0,8,16,1.34,1.11,1,0,,0
2018,10753,"Jones, Chandler",DE,0011,Eric Mannila,11.0,9,17,22.89,0.0,0,0,,1
2018,10768,"David, Lavonte",LB,0004,Brian Cutting,1.0,1,6,,24.23,0,0,,0
2018,10768,"David, Lavonte",LB,0010,Shawn Blake,3.0,2,6,23.99,24.22,0,1,0004,0
2018,10768,"David, Lavonte",LB,0004,Brian Cutting,5.0,3,6,23.8,24.02,1,0,,0
2018,10768,"David, Lavonte",LB,0004,Brian Cutting,6.0,4,6,23.98,24.0,0,1,0010,0
2018,10768,"David, Lavonte",LB,0004,Brian Cutting,6.0,5,6,0.0,0.0,0,0,,1
2018,10770,"Brown, Zach",LB,0005,"John Richard, Jarrade Nieber",1.0,1,6,,35.1,0,0,,0
2018,10770,"Brown, Zach",LB,0001,Ryan Bousquet,2.0,2,6,23.86,34.97,0,1,0005,0
2018,10770,"Brown, Zach",LB,0005,"John Richard, Jarrade Nieber",4.0,3,7,23.08,34.05,1,0,,0
2018,10770,"Brown, Zach",LB,0011,Eric Mannila,5.0,4,17,14.35,24.4,0,1,0001,0
2018,10770,"Brown, Zach",LB,0009,Bear Dunn,7.0,5,17,23.63,24.03,0,1,0011,0
2018,10770,"Brown, Zach",LB,0009,Bear Dunn,7.0,6,17,0.0,0.0,0,0,,1
2018,10773,"Kuechly, Luke",LB,0009,Bear Dunn,1.0,1,6,,24.43,0,0,,0
2018,10773,"Kuechly, Luke",LB,0001,Ryan Bousquet,2.0,2,6,23.59,24.02,0,1,0009,0
2018,10773,"Kuechly, Luke",LB,0004,Brian Cutting,3.0,3,6,23.79,23.81,1,0,,0
2018,10773,"Kuechly, Luke",LB,0004,Brian Cutting,4.0,4,9,21.9,21.71,1,0,,0
2018,10773,"Kuechly, Luke",LB,0010,Shawn Blake,5.0,5,11,21.28,18.99,1,0,,0
2018,10773,"Kuechly, Luke",LB,0001,Ryan Bousquet,5.0,6,6,5.01,0.0,0,0,,1
2018,10774,"Hightower, Dont'a",LB,0009,Bear Dunn,1.0,1,5,,24.44,0,0,,0
2018,10774,"Hightower, Dont'a",LB,0005,"John Richard, Jarrade Nieber",2.0,2,18,10.06,10.5,1,0,,0
2018,10774,"Hightower, Dont'a",LB,0009,Bear Dunn,2.0,3,5,13.5,0.0,0,0,,1
2018,10775,"Wagner, Bobby",LB,0007,Josh Martel,1.0,1,11,,24.16,0,0,,0
2018,10775,"Wagner, Bobby",LB,0002,Derrick Whitman,3.0,2,11,23.96,24.12,1,0,,0
2018,10775,"Wagner, Bobby",LB,0006,Steve Bousquet,7.0,3,11,23.96,24.07,1,0,,0
2018,10775,"Wagner, Bobby",LB,0010,Shawn Blake,8.0,4,19,15.9,15.97,1,0,,0
2018,10775,"Wagner, Bobby",LB,0007,Josh Martel,8.0,5,11,8.03,0.0,0,0,,1
2018,10782,"Barron, Mark",LB,0010,Shawn Blake,1.0,1,0,,32.04,0,0,,0
2018,10782,"Barron, Mark",LB,0001,Ryan Bousquet,3.0,2,0,23.9,31.94,0,1,0010,0
2018,10782,"Barron, Mark",LB,0003,Matt Gerardi,4.0,3,8,16.06,24.0,0,1,0001,0
2018,10782,"Barron, Mark",LB,0003,Matt Gerardi,4.0,4,8,0.0,0.0,0,0,,1
2018,10783,"Smith, Harrison",S,0003,Matt Gerardi,1.0,1,8,,24.13,0,0,,0
2018,10783,"Smith, Harrison",S,0001,Ryan Bousquet,2.0,2,8,23.56,23.69,1,0,,0
2018,10783,"Smith, Harrison",S,0002,Derrick Whitman,3.0,3,17,15.17,14.87,1,0,,0
2018,10783,"Smith, Harrison",S,0003,Matt Gerardi,3.0,4,8,9.13,0.0,0,0,,1
2018,10789,"Gilmore, Stephon",CB,0003,Matt Gerardi,1.0,1,12,,24.02,0,0,,0
2018,10789,"Gilmore, Stephon",CB,0003,Matt Gerardi,1.0,2,12,0.0,0.0,0,0,,1
2018,10793,"Hayward, Casey",CB,0008,Keith Creelman,1.0,1,6,,24.35,0,0,,0
2018,10793,"Hayward, Casey",CB,0008,Keith Creelman,1.0,2,6,0.0,0.0,0,0,,1
2018,10816,"Davis, Demario",LB,0003,Matt Gerardi,1.0,1,8,,51.09,0,0,,0
2018,10816,"Davis, Demario",LB,0001,Ryan Bousquet,2.0,2,8,23.63,50.73,1,0,,0
2018,10816,"Davis, Demario",LB,0002,Derrick Whitman,3.0,3,13,19.82,46.55,1,0,,0
2018,10816,"Davis, Demario",LB,0002,AJ & Rico Balderelli,4.0,4,13,23.98,46.53,0,1,0003,0
2018,10816,"Davis, Demario",LB,0010,Shawn Blake,5.0,5,11,1.48,24.01,0,1,0002,0
2018,10816,"Davis, Demario",LB,0010,Shawn Blake,5.0,6,11,0.0,0.0,0,0,,1
2018,10823,"Hicks, Akiem",DE,0003,Matt Gerardi,1.0,1,13,,24.36,0,0,,0
2018,10823,"Hicks, Akiem",DE,0003,Matt Gerardi,1.0,2,13,0.0,0.0,0,0,,1
2018,10846,"Jackson, Malik",DT,0004,Brian Cutting,1.0,1,4,,24.63,0,0,,0
2018,10846,"Jackson, Malik",DT,0004,Brian Cutting,1.0,2,5,0.0,0.0,0,0,,1
2018,10847,"Whitehead, Tahir",LB,0008,Keith Creelman,1.0,1,4,,24.66,0,0,,0
2018,10847,"Whitehead, Tahir",LB,0008,Keith Creelman,1.0,2,5,0.0,0.0,0,0,,1
2018,10850,"Marshall, Brandon",LB,0012,Chris Klingenberg,1.0,1,21,,49.38,0,0,,0
2018,10850,"Marshall, Brandon",LB,0004,Brian Cutting,2.0,2,5,15.06,40.44,0,1,0012,0
2018,10850,"Marshall, Brandon",LB,0012,Chris Klingenberg,3.0,3,22,7.62,24.06,0,1,0004,0
2018,10850,"Marshall, Brandon",LB,0012,Chris Klingenberg,3.0,4,22,0.0,0.0,0,0,,1
2018,10868,"Zuerlein, Greg",PK,0007,Josh Martel,1.0,1,6,,26.04,0,0,,0
2018,10868,"Zuerlein, Greg",PK,0001,Ryan Bousquet,2.0,2,6,23.89,25.93,1,0,,0
2018,10868,"Zuerlein, Greg",PK,0006,Steve Bousquet,3.0,3,8,22.14,24.06,0,1,0007,0
2018,10868,"Zuerlein, Greg",PK,0006,Steve Bousquet,3.0,4,8,0.0,0.0,0,0,,1
2018,10870,"Morris, Alfred",RB,0008,Keith Creelman,1.0,1,6,,24.32,0,0,,0
2018,10870,"Morris, Alfred",RB,0008,Keith Creelman,1.0,2,6,0.0,0.0,0,0,,1
2018,10879,"Trevathan, Danny",LB,0004,Brian Cutting,1.0,1,4,,24.61,0,0,,0
2018,10879,"Trevathan, Danny",LB,0004,Brian Cutting,1.0,2,5,0.0,0.0,0,0,,1
2018,10903,"Matthews, Rishard",WR,0008,Keith Creelman,1.0,1,4,,37.94,0,0,,0
2018,10903,"Matthews, Rishard",WR,0001,Ryan Bousquet,4.0,2,6,21.95,35.9,1,0,,0
2018,10903,"Matthews, Rishard",WR,0004,Brian Cutting,5.0,3,18,12.19,24.09,0,1,0008,0
2018,10903,"Matthews, Rishard",WR,0004,Brian Cutting,5.0,4,18,0.0,0.0,0,0,,1
2018,10945,"Hekker, Johnny",PN,0010,Shawn Blake,1.0,1,8,,47.83,0,0,,0
2018,10945,"Hekker, Johnny",PN,0001,Ryan Bousquet,2.0,2,8,23.67,47.5,1,0,,0
2018,10945,"Hekker, Johnny",PN,0007,Josh Martel,3.0,3,9,22.68,46.18,1,0,,0
2018,10945,"Hekker, Johnny",PN,0003,Matt Gerardi,4.0,4,8,1.88,24.06,0,1,0010,0
2018,10945,"Hekker, Johnny",PN,0003,Matt Gerardi,4.0,5,8,0.0,0.0,0,0,,1
2018,10948,"Keenum, Case",QB,0012,Chris Klingenberg,1.0,1,7,,51.19,0,0,,0
2018,10948,"Keenum, Case",QB,0010,Shawn Blake,2.0,2,8,23.21,50.39,0,1,0012,0
2018,10948,"Keenum, Case",QB,0006,Steve Bousquet,3.0,3,8,23.93,50.32,0,1,0010,0
2018,10948,"Keenum, Case",QB,0010,Shawn Blake,4.0,4,8,23.71,50.03,1,0,,0
2018,10948,"Keenum, Case",QB,0010,Shawn Blake,5.0,5,13,18.8,44.84,0,1,0006,0
2018,10948,"Keenum, Case",QB,0012,Chris Klingenberg,6.0,6,10,3.17,24.0,0,1,0010,0
2018,10948,"Keenum, Case",QB,0010,Shawn Blake,7.0,7,10,0.38,0.38,1,0,,0
2018,10948,"Keenum, Case",QB,0012,Chris Klingenberg,7.0,8,10,23.62,0.0,0,0,,1
2018,10956,"Thompson, Deonte",WR,0005,"John Richard, Jarrade Nieber",1.0,1,15,,24.42,0,0,,0
2018,10956,"Thompson, Deonte",WR,0005,"John Richard, Jarrade Nieber",1.0,2,16,0.0,0.0,0,0,,1
2018,10973,"Beasley, Cole",WR,0003,Matt Gerardi,1.0,1,7,,24.07,0,0,,0
2018,10973,"Beasley, Cole",WR,0010,Shawn Blake,3.0,2,10,20.88,20.95,1,0,,0
2018,10973,"Beasley, Cole",WR,0010,Shawn Blake,4.0,3,11,22.96,19.91,1,0,,0
2018,10973,"Beasley, Cole",WR,0003,Matt Gerardi,4.0,4,7,4.09,0.0,0,0,,1
2018,10976,"Tucker, Justin",PK,0011,Eric Mannila,1.0,1,10,,24.0,0,0,,0
2018,10976,"Tucker, Justin",PK,0009,Bear Dunn,2.0,2,12,21.54,21.54,1,0,,0
2018,10976,"Tucker, Justin",PK,0009,Bear Dunn,3.0,3,19,16.96,14.5,1,0,,0
2018,10976,"Tucker, Justin",PK,0011,Eric Mannila,3.0,4,10,9.5,0.0,0,0,,1
2018,11076,"Kearse, Jermaine",WR,0002,AJ & Rico Balderelli,1.0,1,11,,24.0,0,0,,0
2018,11076,"Kearse, Jermaine",WR,0009,Bear Dunn,3.0,2,8,3.15,3.16,1,0,,0
2018,11076,"Kearse, Jermaine",WR,0002,AJ & Rico Balderelli,3.0,3,11,20.84,0.0,0,0,,1
2018,11179,"Michael, Christine",RB,0003,Matt Gerardi,1.0,1,19,,24.37,0,0,,0
2018,11179,"Michael, Christine",RB,0003,Matt Gerardi,1.0,2,19,0.0,0.0,0,0,,1
2018,11180,"Gillislee, Mike",RB,0004,Brian Cutting,1.0,1,9,,24.04,0,0,,0
2018,11180,"Gillislee, Mike",RB,0004,Brian Cutting,1.0,2,9,0.0,0.0,0,0,,1
2018,11182,"Burkhead, Rex",RB,0003,Matt Gerardi,1.0,1,9,,24.11,0,0,,0
2018,11182,"Burkhead, Rex",RB,0006,Steve Bousquet,2.0,2,9,23.9,24.0,1,0,,0
2018,11182,"Burkhead, Rex",RB,0006,Steve Bousquet,6.0,3,9,24.0,24.0,0,1,0003,0
2018,11182,"Burkhead, Rex",RB,0001,Ryan Bousquet,13.0,4,16,17.17,17.17,1,0,,0
2018,11182,"Burkhead, Rex",RB,0001,Ryan Bousquet,17.0,5,16,23.85,17.02,1,0,,0
2018,11182,"Burkhead, Rex",RB,0010,Shawn Blake,19.0,6,20,20.4,13.43,1,0,,0
2018,11182,"Burkhead, Rex",RB,0008,Keith Creelman,20.0,7,7,12.58,2.01,1,0,,0
2018,11182,"Burkhead, Rex",RB,0010,Shawn Blake,22.0,8,8,22.65,0.67,1,0,,0
2018,11182,"Burkhead, Rex",RB,0010,Shawn Blake,23.0,9,9,23.71,0.37,1,0,,0
2018,11182,"Burkhead, Rex",RB,0010,Shawn Blake,24.0,10,9,23.72,0.09,1,0,,0
2018,11182,"Burkhead, Rex",RB,0003,Matt Gerardi,25.0,11,9,23.91,0.0,1,0,,0
2018,11182,"Burkhead, Rex",RB,0006,Steve Bousquet,25.0,12,9,24.0,0.0,0,0,,1
2018,11186,"Thompson, Chris",RB,0001,Ryan Bousquet,1.0,1,13,,33.73,0,0,,0
2018,11186,"Thompson, Chris",RB,0006,Steve Bousquet,9.0,2,13,23.87,33.61,1,0,,0
2018,11186,"Thompson, Chris",RB,0012,Chris Klingenberg,12.0,3,15,22.77,32.38,1,0,,0
2018,11186,"Thompson, Chris",RB,0006,Steve Bousquet,14.0,4,16,22.75,31.13,1,0,,0
2018,11186,"Thompson, Chris",RB,0006,Steve Bousquet,16.0,5,22,17.48,24.61,1,0,,0
2018,11186,"Thompson, Chris",RB,0012,Chris Klingenberg,19.0,6,23,23.41,24.02,0,1,0001,0
2018,11186,"Thompson, Chris",RB,0012,Chris Klingenberg,19.0,7,23,0.0,0.0,0,0,,1
2018,11188,"Riddick, Theo",RB,0010,Shawn Blake,1.0,1,0,,47.35,0,0,,0
2018,11188,"Riddick, Theo",RB,0006,Steve Bousquet,2.0,2,0,23.86,47.21,1,0,,0
2018,11188,"Riddick, Theo",RB,0001,Ryan Bousquet,3.0,3,0,23.97,47.18,1,0,,0
2018,11188,"Riddick, Theo",RB,0001,Ryan Bousquet,4.0,4,0,23.99,47.17,1,0,,0
2018,11188,"Riddick, Theo",RB,0001,Ryan Bousquet,5.0,5,23,0.84,24.01,0,1,0010,0
2018,11188,"Riddick, Theo",RB,0001,Ryan Bousquet,5.0,6,23,0.0,0.0,0,0,,1
2018,11193,"Bernard, Giovani",RB,0008,Keith Creelman,1.0,1,6,,24.66,0,0,,0
2018,11193,"Bernard, Giovani",RB,0001,Ryan Bousquet,5.0,2,6,23.36,24.02,0,1,0008,0
2018,11193,"Bernard, Giovani",RB,0003,Matt Gerardi,7.0,3,17,12.91,12.93,1,0,,0
2018,11193,"Bernard, Giovani",RB,0001,Ryan Bousquet,7.0,4,6,11.07,0.0,0,0,,1
2018,11211,"Williams, Terrance",WR,0012,Chris Klingenberg,1.0,1,22,,24.13,0,0,,0
2018,11211,"Williams, Terrance",WR,0012,Chris Klingenberg,1.0,2,22,0.0,0.0,0,0,,1
2018,11213,"Austin, Tavon",WR,0007,Josh Martel,1.0,1,9,,24.06,0,0,,0
2018,11213,"Austin, Tavon",WR,0006,Steve Bousquet,2.0,2,9,23.96,24.02,1,0,,0
2018,11213,"Austin, Tavon",WR,0011,Eric Mannila,3.0,3,9,23.93,23.96,1,0,,0
2018,11213,"Austin, Tavon",WR,0007,Josh Martel,3.0,4,9,0.04,0.0,0,0,,1
2018,11225,"Patterson, Cordarrelle",WR,0005,"John Richard, Jarrade Nieber",1.0,1,14,,25.58,0,0,,0
2018,11225,"Patterson, Cordarrelle",WR,0008,Keith Creelman,2.0,2,15,22.5,24.07,0,1,0005,0
2018,11225,"Patterson, Cordarrelle",WR,0008,Keith Creelman,2.0,3,15,0.0,0.0,0,0,,1
2018,11248,"Reed, Jordan",TE,0004,Brian Cutting,1.0,1,6,,34.82,0,0,,0
2018,11248,"Reed, Jordan",TE,0008,Keith Creelman,5.0,2,6,23.99,34.81,0,1,0004,0
2018,11248,"Reed, Jordan",TE,0004,Brian Cutting,6.0,3,7,23.98,34.79,1,0,,0
2018,11248,"Reed, Jordan",TE,0001,Ryan Bousquet,10.0,4,8,23.0,33.79,0,1,0008,0
2018,11248,"Reed, Jordan",TE,0010,Shawn Blake,11.0,5,8,23.75,33.54,0,1,0001,0
2018,11248,"Reed, Jordan",TE,0003,Matt Gerardi,13.0,6,17,14.47,24.01,0,1,0010,0
2018,11248,"Reed, Jordan",TE,0004,Brian Cutting,15.0,7,7,10.26,10.27,1,0,,0
2018,11248,"Reed, Jordan",TE,0003,Matt Gerardi,15.0,8,17,13.73,0.0,0,0,,1
2018,11250,"Eifert, Tyler",TE,0004,Brian Cutting,1.0,1,6,,97.36,0,0,,0
2018,11250,"Eifert, Tyler",TE,0003,Matt Gerardi,3.0,2,7,22.99,96.35,1,0,,0
2018,11250,"Eifert, Tyler",TE,0003,Matt Gerardi,4.0,3,7,23.99,96.34,0,1,0004,0
2018,11250,"Eifert, Tyler",TE,0004,Brian Cutting,5.0,4,8,23.05,95.39,0,1,0003,0
2018,11250,"Eifert, Tyler",TE,0003,Matt Gerardi,6.0,5,8,0.28,71.67,0,1,0004,0
2018,11250,"Eifert, Tyler",TE,0010,Shawn Blake,7.0,6,7,0.32,48.0,0,1,0003,0
2018,11250,"Eifert, Tyler",TE,0003,Matt Gerardi,8.0,7,7,0.02,24.02,0,1,0010,0
2018,11250,"Eifert, Tyler",TE,0003,Matt Gerardi,8.0,8,7,0.0,0.0,0,0,,1
2018,11257,"McDonald, Vance",TE,0012,Chris Klingenberg,1.0,1,7,,81.8,0,0,,0
2018,11257,"McDonald, Vance",TE,0010,Shawn Blake,2.0,2,9,22.35,80.15,0,1,0012,0
2018,11257,"McDonald, Vance",TE,0012,Chris Klingenberg,3.0,3,23,9.87,66.02,1,0,,0
2018,11257,"McDonald, Vance",TE,0008,Keith Creelman,4.0,4,4,18.71,60.73,0,1,0010,0
2018,11257,"McDonald, Vance",TE,0003,Matt Gerardi,5.0,5,6,21.91,58.64,0,1,0008,0
2018,11257,"McDonald, Vance",TE,0010,Shawn Blake,6.0,6,6,0.17,34.81,0,1,0003,0
2018,11257,"McDonald, Vance",TE,0011,Eric Mannila,7.0,7,17,13.21,24.02,0,1,0010,0
2018,11257,"McDonald, Vance",TE,0011,Eric Mannila,7.0,8,17,0.0,0.0,0,0,,1
2018,11267,"Ansah, Ezekiel",DE,0011,Eric Mannila,1.0,1,10,,31.3,0,0,,0
2018,11267,"Ansah, Ezekiel",DE,0002,AJ & Rico Balderelli,2.0,2,10,23.09,30.4,1,0,,0
2018,11267,"Ansah, Ezekiel",DE,0002,AJ & Rico Balderelli,3.0,3,15,19.53,25.92,1,0,,0
2018,11267,"Ansah, Ezekiel",DE,0002,AJ & Rico Balderelli,4.0,4,15,23.98,25.9,1,0,,0
2018,11267,"Ansah, Ezekiel",DE,0002,AJ & Rico Balderelli,5.0,5,15,23.99,25.89,0,1,0011,0
2018,11267,"Ansah, Ezekiel",DE,0011,Eric Mannila,6.0,6,16,23.15,25.05,0,1,0002,0
2018,11267,"Ansah, Ezekiel",DE,0005,"John Richard, Jarrade Nieber",7.0,7,17,22.97,24.02,0,1,0011,0
2018,11267,"Ansah, Ezekiel",DE,0005,"John Richard, Jarrade Nieber",7.0,8,17,0.0,0.0,0,0,,1
2018,11293,"Ogletree, Alec",LB,0004,Brian Cutting,1.0,1,4,,26.05,0,0,,0
2018,11293,"Ogletree, Alec",LB,0008,Keith Creelman,3.0,2,5,22.48,24.52,1,0,,0
2018,11293,"Ogletree, Alec",LB,0011,Eric Mannila,5.0,3,5,23.67,24.2,0,1,0004,0
2018,11293,"Ogletree, Alec",LB,0012,Chris Klingenberg,6.0,4,14,15.63,15.83,1,0,,0
2018,11293,"Ogletree, Alec",LB,0011,Eric Mannila,6.0,5,6,8.17,0.0,0,0,,1
2018,11308,"Alonso, Kiko",LB,0004,Brian Cutting,1.0,1,4,,25.43,0,0,,0
2018,11308,"Alonso, Kiko",LB,0004,Brian Cutting,1.0,2,6,0.0,0.0,0,0,,1
2018,11313,"Mathieu, Tyrann",S,0011,Eric Mannila,1.0,1,6,,24.0,0,0,,0
2018,11313,"Mathieu, Tyrann",S,0009,Bear Dunn,2.0,2,10,19.64,19.64,1,0,,0
2018,11313,"Mathieu, Tyrann",S,0009,Bear Dunn,3.0,3,2,8.44,4.09,1,0,,0
2018,11313,"Mathieu, Tyrann",S,0011,Eric Mannila,3.0,4,6,19.91,0.0,0,0,,1
2018,11316,"Ryan, Logan",CB,0012,Chris Klingenberg,1.0,1,14,,24.47,0,0,,0
2018,11316,"Ryan, Logan",CB,0012,Chris Klingenberg,1.0,2,14,0.0,0.0,0,0,,1
2018,11317,"Poyer, Jordan",S,0002,AJ & Rico Balderelli,1.0,1,10,,24.11,0,0,,0
2018,11317,"Poyer, Jordan",S,0006,Steve Bousquet,2.0,2,10,23.99,24.1,1,0,,0
2018,11317,"Poyer, Jordan",S,0006,Steve Bousquet,3.0,3,10,24.0,24.09,1,0,,0
2018,11317,"Poyer, Jordan",S,0001,Ryan Bousquet,6.0,4,10,23.87,23.96,1,0,,0
2018,11317,"Poyer, Jordan",S,0002,AJ & Rico Balderelli,6.0,5,10,0.04,0.0,0,0,,1
2018,11324,"Vaccaro, Kenny",S,0009,Bear Dunn,1.0,1,5,,24.21,0,0,,0
2018,11324,"Vaccaro, Kenny",S,0001,Ryan Bousquet,2.0,2,19,10.02,10.23,1,0,,0
2018,11324,"Vaccaro, Kenny",S,0009,Bear Dunn,2.0,3,5,13.77,0.0,0,0,,1
2018,11327,"Jefferson, Tony",S,0009,Bear Dunn,1.0,1,6,,24.17,0,0,,0
2018,11327,"Jefferson, Tony",S,0009,Bear Dunn,1.0,2,6,0.0,0.0,0,0,,1
2018,11345,"King, Marquette",PN,0002,AJ & Rico Balderelli,1.0,1,0,,30.27,0,0,,0
2018,11345,"King, Marquette",PN,0010,Shawn Blake,2.0,2,6,17.84,24.11,0,1,0002,0
2018,11345,"King, Marquette",PN,0010,Shawn Blake,2.0,3,6,0.0,0.0,0,0,,1
2018,11348,"Slay, Darius",CB,0003,Matt Gerardi,1.0,1,0,,28.11,0,0,,0
2018,11348,"Slay, Darius",CB,0003,Matt Gerardi,1.0,2,4,0.0,0.0,0,0,,1
2018,11349,"Collins, Jamie",LB,0012,Chris Klingenberg,1.0,1,12,,24.57,0,0,,0
2018,11349,"Collins, Jamie",LB,0012,Chris Klingenberg,1.0,2,12,0.0,0.0,0,0,,1
2018,11381,"Willson, Luke",TE,0007,Josh Martel,1.0,1,8,,24.1,0,0,,0
2018,11381,"Willson, Luke",TE,0006,Steve Bousquet,2.0,2,0,7.85,7.95,1,0,,0
2018,11381,"Willson, Luke",TE,0007,Josh Martel,2.0,3,8,16.05,0.0,0,0,,1
2018,11390,"Murray, Latavius",RB,0011,Eric Mannila,1.0,1,10,,47.95,0,0,,0
2018,11390,"Murray, Latavius",RB,0006,Steve Bousquet,2.0,2,10,23.88,47.83,0,1,0011,0
2018,11390,"Murray, Latavius",RB,0001,Ryan Bousquet,3.0,3,11,23.42,47.25,0,1,0006,0
2018,11390,"Murray, Latavius",RB,0002,AJ & Rico Balderelli,4.0,4,17,17.9,41.15,1,0,,0
2018,11390,"Murray, Latavius",RB,0004,Brian Cutting,5.0,5,6,10.74,27.89,0,1,0001,0
2018,11390,"Murray, Latavius",RB,0005,"John Richard, Jarrade Nieber",6.0,6,10,20.17,24.06,0,1,0004,0
2018,11390,"Murray, Latavius",RB,0005,"John Richard, Jarrade Nieber",6.0,7,10,0.0,0.0,0,0,,1
2018,11399,"Griffin, Ryan",TE,0004,Brian Cutting,1.0,1,4,,24.0,0,0,,0
2018,11399,"Griffin, Ryan",TE,0004,Brian Cutting,1.0,2,4,0.0,0.0,0,0,,1
2018,11403,"Williams, Vince",LB,0004,Brian Cutting,1.0,1,6,,37.33,0,0,,0
2018,11403,"Williams, Vince",LB,0005,"John Richard, Jarrade Nieber",2.0,2,19,10.82,24.15,0,1,0004,0
2018,11403,"Williams, Vince",LB,0005,"John Richard, Jarrade Nieber",2.0,3,19,0.0,0.0,0,0,,1
2018,11406,"Butler, Brice",WR,0009,Bear Dunn,1.0,1,6,,24.14,0,0,,0
2018,11406,"Butler, Brice",WR,0009,Bear Dunn,1.0,2,6,0.0,0.0,0,0,,1
2018,11454,"Anderson, C.J.",RB,0012,Chris Klingenberg,1.0,1,0,,76.63,0,0,,0
2018,11454,"Anderson, C.J.",RB,0006,Steve Bousquet,2.0,2,0,23.97,76.59,0,1,0012,0
2018,11454,"Anderson, C.J.",RB,0001,Ryan Bousquet,5.0,3,0,23.97,76.56,0,1,0006,0
2018,11454,"Anderson, C.J.",RB,0012,Chris Klingenberg,10.0,4,0,23.76,76.33,1,0,,0
2018,11454,"Anderson, C.J.",RB,0012,Chris Klingenberg,15.0,5,0,23.88,76.2,0,1,0001,0
2018,11454,"Anderson, C.J.",RB,0004,Brian Cutting,16.0,6,9,15.66,67.86,0,1,0012,0
2018,11454,"Anderson, C.J.",RB,0012,Chris Klingenberg,18.0,7,23,9.84,53.7,0,1,0004,0
2018,11454,"Anderson, C.J.",RB,0004,Brian Cutting,19.0,8,7,15.62,45.32,1,0,,0
2018,11454,"Anderson, C.J.",RB,0004,Brian Cutting,21.0,9,18,13.17,34.49,0,1,0012,0
2018,11454,"Anderson, C.J.",RB,0012,Chris Klingenberg,23.0,10,23,18.83,29.32,0,1,0004,0
2018,11454,"Anderson, C.J.",RB,0004,Brian Cutting,24.0,11,4,18.75,24.08,1,0,,0
2018,11454,"Anderson, C.J.",RB,0004,Brian Cutting,25.0,12,4,23.99,24.07,0,1,0012,0
2018,11454,"Anderson, C.J.",RB,0004,Brian Cutting,25.0,13,4,0.0,0.0,0,0,,1
2018,11456,"Brown, Jaron",WR,0007,Josh Martel,1.0,1,8,,24.15,0,0,,0
2018,11456,"Brown, Jaron",WR,0010,Shawn Blake,2.0,2,8,23.98,24.13,0,1,0007,0
2018,11456,"Brown, Jaron",WR,0010,Shawn Blake,2.0,3,9,0.0,0.0,0,0,,1
2018,11512,"Bouye, A.J.",CB,0005,"John Richard, Jarrade Nieber",1.0,1,14,,24.07,0,0,,0
2018,11512,"Bouye, A.J.",CB,0005,"John Richard, Jarrade Nieber",1.0,2,14,0.0,0.0,0,0,,1
2018,11517,"McDougald, Bradley",S,0009,Bear Dunn,1.0,1,2,,26.61,0,0,,0
2018,11517,"McDougald, Bradley",S,0010,Shawn Blake,2.0,2,16,9.98,12.6,1,0,,0
2018,11517,"McDougald, Bradley",S,0010,Shawn Blake,3.0,3,23,16.29,4.89,1,0,,0
2018,11517,"McDougald, Bradley",S,0009,Bear Dunn,3.0,4,4,19.11,0.0,0,0,,1
2018,11642,"Bortles, Blake",QB,0006,Steve Bousquet,1.0,1,11,,24.02,0,0,,0
2018,11642,"Bortles, Blake",QB,0010,Shawn Blake,3.0,2,11,23.72,23.75,1,0,,0
2018,11642,"Bortles, Blake",QB,0005,"John Richard, Jarrade Nieber",4.0,3,5,6.25,6.0,1,0,,0
2018,11642,"Bortles, Blake",QB,0006,Steve Bousquet,4.0,4,11,18.0,0.0,0,0,,1
2018,11654,"Hill, Jeremy",RB,0005,"John Richard, Jarrade Nieber",1.0,1,0,,24.04,0,0,,0
2018,11654,"Hill, Jeremy",RB,0002,AJ & Rico Balderelli,3.0,2,15,8.7,8.73,1,0,,0
2018,11654,"Hill, Jeremy",RB,0005,"John Richard, Jarrade Nieber",3.0,3,0,15.27,0.0,0,0,,1
2018,11657,"Hyde, Carlos",RB,0012,Chris Klingenberg,1.0,1,0,,39.14,0,0,,0
2018,11657,"Hyde, Carlos",RB,0006,Steve Bousquet,2.0,2,0,23.89,39.02,0,1,0012,0
2018,11657,"Hyde, Carlos",RB,0001,Ryan Bousquet,5.0,3,0,23.77,38.79,0,1,0006,0
2018,11657,"Hyde, Carlos",RB,0004,Brian Cutting,6.0,4,8,16.51,31.3,1,0,,0
2018,11657,"Hyde, Carlos",RB,0012,Chris Klingenberg,10.0,5,9,22.75,30.05,1,0,,0
2018,11657,"Hyde, Carlos",RB,0002,AJ & Rico Balderelli,11.0,6,10,23.29,29.34,1,0,,0
2018,11657,"Hyde, Carlos",RB,0002,AJ & Rico Balderelli,15.0,7,10,23.28,28.62,0,1,0001,0
2018,11657,"Hyde, Carlos",RB,0004,Brian Cutting,17.0,8,15,19.53,24.15,1,0,,0
2018,11657,"Hyde, Carlos",RB,0012,Chris Klingenberg,19.0,9,15,23.95,24.1,0,1,0002,0
2018,11657,"Hyde, Carlos",RB,0002,AJ & Rico Balderelli,21.0,10,15,23.9,24.0,0,1,0012,0
2018,11657,"Hyde, Carlos",RB,0002,AJ & Rico Balderelli,21.0,11,15,0.0,0.0,0,0,,1
2018,11668,"Crowell, Isaiah",RB,0004,Brian Cutting,1.0,1,4,,37.18,0,0,,0
2018,11668,"Crowell, Isaiah",RB,0009,Bear Dunn,3.0,2,5,23.06,36.24,0,1,0004,0
2018,11668,"Crowell, Isaiah",RB,0004,Brian Cutting,4.0,3,5,23.74,35.98,1,0,,0
2018,11668,"Crowell, Isaiah",RB,0005,"John Richard, Jarrade Nieber",6.0,4,6,22.98,34.97,1,0,,0
2018,11668,"Crowell, Isaiah",RB,0001,Ryan Bousquet,8.0,5,7,23.59,34.56,0,1,0009,0
2018,11668,"Crowell, Isaiah",RB,0006,Steve Bousquet,9.0,6,8,22.48,33.04,1,0,,0
2018,11668,"Crowell, Isaiah",RB,0006,Steve Bousquet,10.0,7,9,23.65,32.69,1,0,,0
2018,11668,"Crowell, Isaiah",RB,0004,Brian Cutting,12.0,8,16,16.41,25.1,1,0,,0
2018,11668,"Crowell, Isaiah",RB,0004,Brian Cutting,14.0,9,16,23.99,25.09,0,1,0001,0
2018,11668,"Crowell, Isaiah",RB,0001,Ryan Bousquet,16.0,10,17,23.58,24.67,0,1,0004,0
2018,11668,"Crowell, Isaiah",RB,0004,Brian Cutting,17.0,11,17,23.35,24.02,0,1,0001,0
2018,11668,"Crowell, Isaiah",RB,0004,Brian Cutting,17.0,12,17,0.0,0.0,0,0,,1
2018,11672,"Lee, Marqise",WR,0012,Chris Klingenberg,1.0,1,14,,25.61,0,0,,0
2018,11672,"Lee, Marqise",WR,0006,Steve Bousquet,2.0,2,14,23.98,25.59,0,1,0012,0
2018,11672,"Lee, Marqise",WR,0001,Ryan Bousquet,5.0,3,14,23.95,25.54,0,1,0006,0
2018,11672,"Lee, Marqise",WR,0008,Keith Creelman,6.0,4,14,23.46,24.99,0,1,0001,0
2018,11672,"Lee, Marqise",WR,0009,Bear Dunn,8.0,5,15,23.16,24.15,0,1,0008,0
2018,11672,"Lee, Marqise",WR,0003,Matt Gerardi,9.0,6,13,2.0,2.15,1,0,,0
2018,11672,"Lee, Marqise",WR,0009,Bear Dunn,9.0,7,15,21.85,0.0,0,0,,1
2018,11688,"Bryant, Martavis",WR,0005,"John Richard, Jarrade Nieber",1.0,1,11,,28.5,0,0,,0
2018,11688,"Bryant, Martavis",WR,0004,Brian Cutting,2.0,2,16,19.51,24.01,0,1,0005,0
2018,11688,"Bryant, Martavis",WR,0002,AJ & Rico Balderelli,3.0,3,15,0.61,0.62,1,0,,0
2018,11688,"Bryant, Martavis",WR,0004,Brian Cutting,3.0,4,16,23.38,0.0,0,0,,1
2018,11695,"Ebron, Eric",TE,0005,"John Richard, Jarrade Nieber",1.0,1,5,,34.55,0,0,,0
2018,11695,"Ebron, Eric",TE,0008,Keith Creelman,2.0,2,6,23.44,33.99,0,1,0005,0
2018,11695,"Ebron, Eric",TE,0004,Brian Cutting,3.0,3,6,23.91,33.9,1,0,,0
2018,11695,"Ebron, Eric",TE,0005,"John Richard, Jarrade Nieber",4.0,4,6,23.72,33.62,0,1,0008,0
2018,11695,"Ebron, Eric",TE,0008,Keith Creelman,5.0,5,14,15.72,25.34,0,1,0005,0
2018,11695,"Ebron, Eric",TE,0005,"John Richard, Jarrade Nieber",6.0,6,16,22.66,24.0,0,1,0008,0
2018,11695,"Ebron, Eric",TE,0008,Keith Creelman,7.0,7,15,1.27,1.27,1,0,,0
2018,11695,"Ebron, Eric",TE,0005,"John Richard, Jarrade Nieber",7.0,8,16,22.73,0.0,0,0,,1
2018,11705,"Burton, Trey",TE,0006,Steve Bousquet,1.0,1,2,,28.2,0,0,,0
2018,11705,"Burton, Trey",TE,0005,"John Richard, Jarrade Nieber",2.0,2,3,22.85,27.05,0,1,0006,0
2018,11705,"Burton, Trey",TE,0008,Keith Creelman,5.0,3,6,21.05,24.11,1,0,,0
2018,11705,"Burton, Trey",TE,0001,Ryan Bousquet,6.0,4,6,23.98,24.09,0,1,0005,0
2018,11705,"Burton, Trey",TE,0007,Josh Martel,8.0,5,15,14.28,14.36,1,0,,0
2018,11705,"Burton, Trey",TE,0005,"John Richard, Jarrade Nieber",10.0,6,18,21.27,11.63,1,0,,0
2018,11705,"Burton, Trey",TE,0005,"John Richard, Jarrade Nieber",11.0,7,22,19.86,7.5,1,0,,0
2018,11705,"Burton, Trey",TE,0005,"John Richard, Jarrade Nieber",12.0,8,22,23.99,7.49,1,0,,0
2018,11705,"Burton, Trey",TE,0001,Ryan Bousquet,12.0,9,6,16.51,0.0,0,0,,1
2018,11728,"Mosley, C.J.",LB,0005,"John Richard, Jarrade Nieber",1.0,1,9,,92.65,0,0,,0
2018,11728,"Mosley, C.J.",LB,0006,Steve Bousquet,3.0,2,9,23.9,92.55,0,1,0005,0
2018,11728,"Mosley, C.J.",LB,0005,"John Richard, Jarrade Nieber",5.0,3,9,23.93,92.48,1,0,,0
2018,11728,"Mosley, C.J.",LB,0002,AJ & Rico Balderelli,6.0,4,10,23.16,91.64,0,1,0006,0
2018,11728,"Mosley, C.J.",LB,0010,Shawn Blake,7.0,5,19,15.53,83.17,0,1,0002,0
2018,11728,"Mosley, C.J.",LB,0002,AJ & Rico Balderelli,8.0,6,15,3.43,62.61,0,1,0010,0
2018,11728,"Mosley, C.J.",LB,0011,Eric Mannila,9.0,7,16,23.66,62.27,0,1,0002,0
2018,11728,"Mosley, C.J.",LB,0005,"John Richard, Jarrade Nieber",10.0,8,6,9.18,47.45,0,1,0011,0
2018,11728,"Mosley, C.J.",LB,0011,Eric Mannila,11.0,9,7,22.94,46.39,1,0,,0
2018,11728,"Mosley, C.J.",LB,0010,Shawn Blake,12.0,10,6,1.69,24.08,0,1,0005,0
2018,11728,"Mosley, C.J.",LB,0010,Shawn Blake,12.0,11,6,0.0,0.0,0,0,,1
2018,11740,"Clinton-Dix, Ha Ha",S,0009,Bear Dunn,1.0,1,6,,34.26,0,0,,0
2018,11740,"Clinton-Dix, Ha Ha",S,0003,Matt Gerardi,2.0,2,9,21.34,31.6,1,0,,0
2018,11740,"Clinton-Dix, Ha Ha",S,0002,AJ & Rico Balderelli,3.0,3,10,23.05,30.64,1,0,,0
2018,11740,"Clinton-Dix, Ha Ha",S,0002,AJ & Rico Balderelli,4.0,4,16,17.36,24.0,0,1,0009,0
2018,11740,"Clinton-Dix, Ha Ha",S,0002,AJ & Rico Balderelli,4.0,5,16,0.0,0.0,0,0,,1
2018,11761,"McKinnon, Jerick",RB,0007,Josh Martel,1.0,1,0,,36.91,0,0,,0
2018,11761,"McKinnon, Jerick",RB,0001,Ryan Bousquet,11.0,2,0,23.92,36.82,0,1,0007,0
2018,11761,"McKinnon, Jerick",RB,0004,Brian Cutting,12.0,3,6,18.25,31.08,1,0,,0
2018,11761,"McKinnon, Jerick",RB,0004,Brian Cutting,15.0,4,6,23.99,31.07,1,0,,0
2018,11761,"McKinnon, Jerick",RB,0010,Shawn Blake,26.0,5,6,23.69,30.76,0,1,0001,0
2018,11761,"McKinnon, Jerick",RB,0004,Brian Cutting,30.0,6,8,22.1,28.86,1,0,,0
2018,11761,"McKinnon, Jerick",RB,0004,Brian Cutting,31.0,7,8,23.98,28.85,0,1,0010,0
2018,11761,"McKinnon, Jerick",RB,0006,Steve Bousquet,33.0,8,12,19.45,24.3,0,1,0004,0
2018,11761,"McKinnon, Jerick",RB,0003,Matt Gerardi,34.0,9,13,23.71,24.01,0,1,0006,0
2018,11761,"McKinnon, Jerick",RB,0004,Brian Cutting,40.0,10,15,21.7,21.71,1,0,,0
2018,11761,"McKinnon, Jerick",RB,0006,Steve Bousquet,41.0,11,0,15.19,12.91,1,0,,0
2018,11761,"McKinnon, Jerick",RB,0010,Shawn Blake,42.0,12,12,12.02,0.93,1,0,,0
2018,11761,"McKinnon, Jerick",RB,0008,Keith Creelman,43.0,13,12,23.29,0.22,1,0,,0
2018,11761,"McKinnon, Jerick",RB,0003,Matt Gerardi,43.0,14,13,23.78,0.0,0,0,,1
2018,11767,"Bucannon, Deone",LB,0010,Shawn Blake,1.0,1,6,,24.06,0,0,,0
2018,11767,"Bucannon, Deone",LB,0003,Matt Gerardi,2.0,2,6,0.04,0.1,1,0,,0
2018,11767,"Bucannon, Deone",LB,0010,Shawn Blake,2.0,3,6,23.9,0.0,0,0,,1
2018,11772,"Kirksey, Christian",LB,0008,Keith Creelman,1.0,1,7,,31.7,0,0,,0
2018,11772,"Kirksey, Christian",LB,0010,Shawn Blake,3.0,2,7,23.71,31.41,1,0,,0
2018,11772,"Kirksey, Christian",LB,0006,Steve Bousquet,4.0,3,14,16.6,24.01,0,1,0008,0
2018,11772,"Kirksey, Christian",LB,0006,Steve Bousquet,4.0,4,14,0.0,0.0,0,0,,1
2018,11775,"Brown, Preston",LB,0008,Keith Creelman,1.0,1,4,,27.41,0,0,,0
2018,11775,"Brown, Preston",LB,0001,Ryan Bousquet,2.0,2,8,20.61,24.02,0,1,0008,0
2018,11775,"Brown, Preston",LB,0001,Ryan Bousquet,2.0,3,8,0.0,0.0,0,0,,1
2018,11783,"Brown, John",WR,0010,Shawn Blake,1.0,1,6,,26.74,0,0,,0
2018,11783,"Brown, John",WR,0001,Ryan Bousquet,2.0,2,6,23.92,26.66,0,1,0010,0
2018,11783,"Brown, John",WR,0010,Shawn Blake,3.0,3,8,21.47,24.13,0,1,0001,0
2018,11783,"Brown, John",WR,0001,Ryan Bousquet,4.0,4,9,23.81,23.95,1,0,,0
2018,11783,"Brown, John",WR,0010,Shawn Blake,4.0,5,9,0.05,0.0,0,0,,1
2018,11795,"Hitchens, Anthony",LB,0009,Bear Dunn,1.0,1,8,,24.09,0,0,,0
2018,11795,"Hitchens, Anthony",LB,0009,Bear Dunn,1.0,2,8,0.0,0.0,0,0,,1
2018,11812,"Grant, Ryan",WR,0007,Josh Martel,1.0,1,1,,24.08,0,0,,0
2018,11812,"Grant, Ryan",WR,0005,"John Richard, Jarrade Nieber",2.0,2,6,18.65,18.73,1,0,,0
2018,11812,"Grant, Ryan",WR,0010,Shawn Blake,3.0,3,10,19.46,14.2,1,0,,0
2018,11812,"Grant, Ryan",WR,0007,Josh Martel,3.0,4,1,9.8,0.0,0,0,,1
2018,11816,"Williamson, Avery",LB,0008,Keith Creelman,1.0,1,6,,35.24,0,0,,0
2018,11816,"Williamson, Avery",LB,0001,Ryan Bousquet,2.0,2,16,13.51,24.75,0,1,0008,0
2018,11816,"Williamson, Avery",LB,0001,Ryan Bousquet,2.0,3,17,0.0,0.0,0,0,,1
2018,11840,"O'Donnell, Pat",PN,0011,Eric Mannila,1.0,1,9,,24.04,0,0,,0
2018,11840,"O'Donnell, Pat",PN,0011,Eric Mannila,1.0,2,9,0.0,0.0,0,0,,1
2018,11890,"Wilson, Albert",WR,0001,Ryan Bousquet,1.0,1,21,,24.85,0,0,,0
2018,11890,"Wilson, Albert",WR,0008,Keith Creelman,2.0,2,22,23.16,24.0,0,1,0001,0
2018,11890,"Wilson, Albert",WR,0008,Keith Creelman,2.0,3,22,0.0,0.0,0,0,,1
2018,11925,"Hurns, Allen",WR,0010,Shawn Blake,1.0,1,1,,38.91,0,0,,0
2018,11925,"Hurns, Allen",WR,0005,"John Richard, Jarrade Nieber",2.0,2,3,22.1,37.01,1,0,,0
2018,11925,"Hurns, Allen",WR,0008,Keith Creelman,5.0,3,6,21.37,34.38,0,1,0010,0
2018,11925,"Hurns, Allen",WR,0006,Steve Bousquet,6.0,4,16,13.69,24.07,0,1,0008,0
2018,11925,"Hurns, Allen",WR,0006,Steve Bousquet,6.0,5,16,0.0,0.0,0,0,,1
2018,11936,"Boswell, Chris",PK,0011,Eric Mannila,1.0,1,13,,24.13,0,0,,0
2018,11936,"Boswell, Chris",PK,0011,Eric Mannila,1.0,2,13,0.0,0.0,0,0,,1
2018,11947,"McManus, Brandon",PK,0010,Shawn Blake,1.0,1,6,,24.04,0,0,,0
2018,11947,"McManus, Brandon",PK,0010,Shawn Blake,1.0,2,6,0.0,0.0,0,0,,1
2018,11951,"Snead, Willie",WR,0005,"John Richard, Jarrade Nieber",1.0,1,7,,24.36,0,0,,0
2018,11951,"Snead, Willie",WR,0005,"John Richard, Jarrade Nieber",1.0,2,7,0.0,0.0,0,0,,1
2018,12110,"Brate, Cameron",TE,0001,Ryan Bousquet,1.0,1,1,,45.54,0,0,,0
2018,12110,"Brate, Cameron",TE,0005,"John Richard, Jarrade Nieber",3.0,2,6,18.22,39.76,1,0,,0
2018,12110,"Brate, Cameron",TE,0002,AJ & Rico Balderelli,5.0,3,10,20.58,36.34,0,1,0001,0
2018,12110,"Brate, Cameron",TE,0005,"John Richard, Jarrade Nieber",6.0,4,22,11.71,24.05,0,1,0002,0
2018,12110,"Brate, Cameron",TE,0005,"John Richard, Jarrade Nieber",6.0,5,22,0.0,0.0,0,0,,1
2018,12155,"Abdullah, Ameer",RB,0003,Matt Gerardi,1.0,1,6,,24.0,0,0,,0
2018,12155,"Abdullah, Ameer",RB,0003,Matt Gerardi,1.0,2,6,0.0,0.0,0,0,,1
2018,12177,"White, Kevin",WR,0001,Ryan Bousquet,1.0,1,9,,24.03,0,0,,0
2018,12177,"White, Kevin",WR,0002,AJ & Rico Balderelli,2.0,2,15,17.89,17.92,1,0,,0
2018,12177,"White, Kevin",WR,0001,Ryan Bousquet,2.0,3,9,6.08,0.0,0,0,,1
2018,12181,"Agholor, Nelson",WR,0003,Matt Gerardi,1.0,1,7,,46.89,0,0,,0
2018,12181,"Agholor, Nelson",WR,0006,Steve Bousquet,6.0,2,7,23.91,46.79,1,0,,0
2018,12181,"Agholor, Nelson",WR,0010,Shawn Blake,10.0,3,8,23.86,46.66,0,1,0003,0
2018,12181,"Agholor, Nelson",WR,0001,Ryan Bousquet,14.0,4,9,22.96,45.62,1,0,,0
2018,12181,"Agholor, Nelson",WR,0005,"John Richard, Jarrade Nieber",16.0,5,6,2.47,24.08,0,1,0010,0
2018,12181,"Agholor, Nelson",WR,0010,Shawn Blake,17.0,6,6,23.98,24.06,0,1,0005,0
2018,12181,"Agholor, Nelson",WR,0010,Shawn Blake,17.0,7,6,0.0,0.0,0,0,,1
2018,12211,"James, Jesse",TE,0010,Shawn Blake,1.0,1,6,,24.33,0,0,,0
2018,12211,"James, Jesse",TE,0010,Shawn Blake,1.0,2,6,0.0,0.0,0,0,,1
2018,12212,"Kroft, Tyler",TE,0003,Matt Gerardi,1.0,1,8,,24.2,0,0,,0
2018,12212,"Kroft, Tyler",TE,0003,Matt Gerardi,1.0,2,8,0.0,0.0,0,0,,1
2018,12221,"Hunter, Danielle",DE,0006,Steve Bousquet,1.0,1,6,,24.11,0,0,,0
2018,12221,"Hunter, Danielle",DE,0010,Shawn Blake,3.0,2,7,23.91,24.02,0,1,0006,0
2018,12221,"Hunter, Danielle",DE,0006,Steve Bousquet,4.0,3,8,22.04,22.06,1,0,,0
2018,12221,"Hunter, Danielle",DE,0010,Shawn Blake,4.0,4,7,1.94,0.0,0,0,,1
2018,12225,"Williams, Leonard",DE,0011,Eric Mannila,1.0,1,7,,24.1,0,0,,0
2018,12225,"Williams, Leonard",DE,0011,Eric Mannila,1.0,2,7,0.0,0.0,0,0,,1
2018,12230,"Beasley, Vic",DE,0002,AJ & Rico Balderelli,1.0,1,11,,24.01,0,0,,0
2018,12230,"Beasley, Vic",DE,0009,Bear Dunn,2.0,2,23,11.78,11.79,1,0,,0
2018,12230,"Beasley, Vic",DE,0009,Bear Dunn,3.0,3,8,15.15,2.94,1,0,,0
2018,12230,"Beasley, Vic",DE,0002,AJ & Rico Balderelli,3.0,4,11,21.06,0.0,0,0,,1
2018,12239,"Kendricks, Eric",LB,0004,Brian Cutting,1.0,1,6,,50.78,0,0,,0
2018,12239,"Kendricks, Eric",LB,0009,Bear Dunn,3.0,2,9,20.59,47.37,0,1,0004,0
2018,12239,"Kendricks, Eric",LB,0005,"John Richard, Jarrade Nieber",4.0,3,9,0.66,24.04,0,1,0009,0
2018,12239,"Kendricks, Eric",LB,0005,"John Richard, Jarrade Nieber",4.0,4,9,0.0,0.0,0,0,,1
2018,12245,"Peters, Marcus",CB,0004,Brian Cutting,1.0,1,5,,24.02,0,0,,0
2018,12245,"Peters, Marcus",CB,0004,Brian Cutting,1.0,2,5,0.0,0.0,0,0,,1
2018,12250,"Collins, Landon",S,0002,AJ & Rico Balderelli,1.0,1,10,,50.38,0,0,,0
2018,12250,"Collins, Landon",S,0001,Ryan Bousquet,5.0,2,10,23.93,50.31,1,0,,0
2018,12250,"Collins, Landon",S,0009,Bear Dunn,6.0,3,10,23.99,50.3,0,1,0002,0
2018,12250,"Collins, Landon",S,0007,Josh Martel,7.0,4,11,23.46,49.76,0,1,0009,0
2018,12250,"Collins, Landon",S,0010,Shawn Blake,10.0,5,12,22.42,48.17,0,1,0007,0
2018,12250,"Collins, Landon",S,0007,Josh Martel,11.0,6,15,20.64,44.81,0,1,0010,0
2018,12250,"Collins, Landon",S,0010,Shawn Blake,12.0,7,19,20.76,41.57,0,1,0007,0
2018,12250,"Collins, Landon",S,0007,Josh Martel,13.0,8,12,6.45,24.02,0,1,0010,0
2018,12250,"Collins, Landon",S,0007,Josh Martel,13.0,9,12,0.0,0.0,0,0,,1
2018,12272,"McKinney, Benardrick",LB,0003,Matt Gerardi,1.0,1,8,,24.01,0,0,,0
2018,12272,"McKinney, Benardrick",LB,0008,Keith Creelman,2.0,2,8,23.95,23.96,1,0,,0
2018,12272,"McKinney, Benardrick",LB,0008,Keith Creelman,3.0,3,8,23.99,23.96,1,0,,0
2018,12272,"McKinney, Benardrick",LB,0003,Matt Gerardi,3.0,4,8,0.04,0.0,0,0,,1
2018,12274,"Tartt, Jaquiski",S,0006,Steve Bousquet,1.0,1,1,,24.57,0,0,,0
2018,12274,"Tartt, Jaquiski",S,0006,Steve Bousquet,1.0,2,1,0.0,0.0,0,0,,1
2018,12278,"Golden, Markus",DE,0008,Keith Creelman,1.0,1,20,,24.11,0,0,,0
2018,12278,"Golden, Markus",DE,0008,Keith Creelman,1.0,2,20,0.0,0.0,0,0,,1
2018,12280,"Clark, Frank",DE,0007,Josh Martel,1.0,1,0,,25.38,0,0,,0
2018,12280,"Clark, Frank",DE,0006,Steve Bousquet,2.0,2,1,22.96,24.35,0,1,0007,0
2018,12280,"Clark, Frank",DE,0006,Steve Bousquet,2.0,3,1,0.0,0.0,0,0,,1
2018,12287,"Hicks, Jordan",LB,0012,Chris Klingenberg,1.0,1,22,,24.08,0,0,,0
2018,12287,"Hicks, Jordan",LB,0012,Chris Klingenberg,1.0,2,22,0.0,0.0,0,0,,1
2018,12308,"Amos, Adrian",S,0009,Bear Dunn,1.0,1,8,,24.22,0,0,,0
2018,12308,"Amos, Adrian",S,0006,Steve Bousquet,2.0,2,8,23.91,24.14,1,0,,0
2018,12308,"Amos, Adrian",S,0008,Keith Creelman,4.0,3,8,23.88,24.02,0,1,0009,0
2018,12308,"Amos, Adrian",S,0008,Keith Creelman,4.0,4,8,0.0,0.0,0,0,,1
2018,12323,"Pinion, Bradley",PN,0012,Chris Klingenberg,1.0,1,11,,24.02,0,0,,0
2018,12323,"Pinion, Bradley",PN,0012,Chris Klingenberg,1.0,2,11,0.0,0.0,0,0,,1
2018,12378,"Swaim, Geoff",TE,0012,Chris Klingenberg,1.0,1,22,,24.12,0,0,,0
2018,12378,"Swaim, Geoff",TE,0012,Chris Klingenberg,1.0,2,22,0.0,0.0,0,0,,1
2018,12391,"Williams, Tyrell",WR,0008,Keith Creelman,1.0,1,5,,27.78,0,0,,0
2018,12391,"Williams, Tyrell",WR,0006,Steve Bousquet,2.0,2,6,22.9,26.68,1,0,,0
2018,12391,"Williams, Tyrell",WR,0010,Shawn Blake,4.0,3,8,21.96,24.64,0,1,0008,0
2018,12391,"Williams, Tyrell",WR,0008,Keith Creelman,5.0,4,9,23.41,24.05,0,1,0010,0
2018,12391,"Williams, Tyrell",WR,0008,Keith Creelman,5.0,5,9,0.0,0.0,0,0,,1
2018,12402,"Grant, Corey",RB,0001,Ryan Bousquet,1.0,1,10,,24.06,0,0,,0
2018,12402,"Grant, Corey",RB,0001,Ryan Bousquet,1.0,2,10,0.0,0.0,0,0,,1
2018,12443,"Kumerow, Jake",WR,0007,Josh Martel,1.0,1,9,,24.11,0,0,,0
2018,12443,"Kumerow, Jake",WR,0003,Matt Gerardi,2.0,2,13,19.5,19.61,1,0,,0
2018,12443,"Kumerow, Jake",WR,0005,"John Richard, Jarrade Nieber",3.0,3,20,16.86,12.47,1,0,,0
2018,12443,"Kumerow, Jake",WR,0007,Josh Martel,3.0,4,9,11.53,0.0,0,0,,1
2018,12444,"Smith, Rod",RB,0006,Steve Bousquet,1.0,1,8,,24.05,0,0,,0
2018,12444,"Smith, Rod",RB,0006,Steve Bousquet,1.0,2,8,0.0,0.0,0,0,,1
2018,12465,"Meredith, Cameron",WR,0001,Ryan Bousquet,1.0,1,10,,30.05,0,0,,0
2018,12465,"Meredith, Cameron",WR,0006,Steve Bousquet,4.0,2,10,23.96,30.0,1,0,,0
2018,12465,"Meredith, Cameron",WR,0006,Steve Bousquet,5.0,3,10,23.79,29.8,0,1,0001,0
2018,12465,"Meredith, Cameron",WR,0005,"John Richard, Jarrade Nieber",6.0,4,10,23.73,29.52,0,1,0006,0
2018,12465,"Meredith, Cameron",WR,0011,Eric Mannila,7.0,5,10,23.95,29.47,0,1,0005,0
2018,12465,"Meredith, Cameron",WR,0005,"John Richard, Jarrade Nieber",9.0,6,10,23.91,29.38,0,1,0011,0
2018,12465,"Meredith, Cameron",WR,0008,Keith Creelman,10.0,7,10,23.96,29.34,0,1,0005,0
2018,12465,"Meredith, Cameron",WR,0005,"John Richard, Jarrade Nieber",11.0,8,10,23.96,29.3,1,0,,0
2018,12465,"Meredith, Cameron",WR,0005,"John Richard, Jarrade Nieber",12.0,9,10,23.99,29.29,0,1,0008,0
2018,12465,"Meredith, Cameron",WR,0010,Shawn Blake,13.0,10,11,22.99,28.28,0,1,0005,0
2018,12465,"Meredith, Cameron",WR,0005,"John Richard, Jarrade Nieber",14.0,11,16,19.97,24.25,1,0,,0
2018,12465,"Meredith, Cameron",WR,0005,"John Richard, Jarrade Nieber",15.0,12,16,23.99,24.24,0,1,0010,0
2018,12465,"Meredith, Cameron",WR,0005,"John Richard, Jarrade Nieber",15.0,13,16,0.0,0.0,0,0,,1
2018,12637,"Barber, Peyton",RB,0003,Matt Gerardi,1.0,1,6,,24.01,0,0,,0
2018,12637,"Barber, Peyton",RB,0006,Steve Bousquet,2.0,2,6,23.93,23.95,1,0,,0
2018,12637,"Barber, Peyton",RB,0008,Keith Creelman,4.0,3,6,23.81,23.76,1,0,,0
2018,12637,"Barber, Peyton",RB,0010,Shawn Blake,5.0,4,16,14.03,13.79,1,0,,0
2018,12637,"Barber, Peyton",RB,0003,Matt Gerardi,5.0,5,6,10.21,0.0,0,0,,1
2018,12650,"Boyd, Tyler",WR,0008,Keith Creelman,1.0,1,5,,72.68,0,0,,0
2018,12650,"Boyd, Tyler",WR,0006,Steve Bousquet,2.0,2,0,5.54,54.22,1,0,,0
2018,12650,"Boyd, Tyler",WR,0006,Steve Bousquet,3.0,3,0,23.99,54.21,0,1,0008,0
2018,12650,"Boyd, Tyler",WR,0008,Keith Creelman,4.0,4,23,0.24,30.45,0,1,0006,0
2018,12650,"Boyd, Tyler",WR,0008,Keith Creelman,4.0,5,6,0.0,0.0,0,0,,1
2018,12665,"Allison, Geronimo",WR,0008,Keith Creelman,1.0,1,5,,24.57,0,0,,0
2018,12665,"Allison, Geronimo",WR,0011,Eric Mannila,4.0,2,6,23.6,24.17,1,0,,0
2018,12665,"Allison, Geronimo",WR,0011,Eric Mannila,5.0,3,6,23.99,24.17,0,1,0008,0
2018,12665,"Allison, Geronimo",WR,0011,Eric Mannila,5.0,4,6,0.0,0.0,0,0,,1
2018,12688,"Buckner, DeForest",DT,0006,Steve Bousquet,1.0,1,23,,30.33,0,0,,0
2018,12688,"Buckner, DeForest",DT,0006,Steve Bousquet,1.0,2,6,0.0,0.0,0,0,,1
2018,12691,"Ogbah, Emmanuel",DE,0009,Bear Dunn,1.0,1,4,,24.52,0,0,,0
2018,12691,"Ogbah, Emmanuel",DE,0009,Bear Dunn,1.0,2,5,0.0,0.0,0,0,,1
2018,12702,"Jack, Myles",LB,0005,"John Richard, Jarrade Nieber",1.0,1,5,,35.45,0,0,,0
2018,12702,"Jack, Myles",LB,0011,Eric Mannila,2.0,2,6,23.59,35.05,0,1,0005,0
2018,12702,"Jack, Myles",LB,0010,Shawn Blake,3.0,3,6,23.94,34.99,0,1,0011,0
2018,12702,"Jack, Myles",LB,0005,"John Richard, Jarrade Nieber",4.0,4,6,23.59,34.58,1,0,,0
2018,12702,"Jack, Myles",LB,0005,"John Richard, Jarrade Nieber",5.0,5,17,13.56,24.14,0,1,0010,0
2018,12702,"Jack, Myles",LB,0010,Shawn Blake,6.0,6,17,23.61,23.75,1,0,,0
2018,12702,"Jack, Myles",LB,0005,"John Richard, Jarrade Nieber",6.0,7,17,0.25,0.0,0,0,,1
2018,12711,"Ramsey, Jalen",CB,0005,"John Richard, Jarrade Nieber",1.0,1,16,,43.73,0,0,,0
2018,12711,"Ramsey, Jalen",CB,0003,Matt Gerardi,2.0,2,12,4.62,24.35,0,1,0005,0
2018,12711,"Ramsey, Jalen",CB,0003,Matt Gerardi,2.0,3,12,0.0,0.0,0,0,,1
2018,12717,"Joseph, Karl",S,0011,Eric Mannila,1.0,1,5,,24.16,0,0,,0
2018,12717,"Joseph, Karl",S,0006,Steve Bousquet,2.0,2,6,23.7,23.87,1,0,,0
2018,12717,"Joseph, Karl",S,0006,Steve Bousquet,3.0,3,6,23.99,23.86,1,0,,0
2018,12717,"Joseph, Karl",S,0009,Bear Dunn,4.0,4,12,17.34,17.21,1,0,,0
2018,12717,"Joseph, Karl",S,0011,Eric Mannila,4.0,5,6,6.79,0.0,0,0,,1
2018,12718,"Bell, Vonn",S,0010,Shawn Blake,1.0,1,0,,24.04,0,0,,0
2018,12718,"Bell, Vonn",S,0001,Ryan Bousquet,2.0,2,0,23.85,23.89,1,0,,0
2018,12718,"Bell, Vonn",S,0010,Shawn Blake,2.0,3,0,0.11,0.0,0,0,,1
2018,12736,"Neal, Keanu",S,0003,Matt Gerardi,1.0,1,0,,30.38,0,0,,0
2018,12736,"Neal, Keanu",S,0006,Steve Bousquet,2.0,2,0,23.95,30.33,1,0,,0
2018,12736,"Neal, Keanu",S,0001,Ryan Bousquet,4.0,3,0,23.93,30.26,0,1,0003,0
2018,12736,"Neal, Keanu",S,0007,Josh Martel,7.0,4,6,17.76,24.02,0,1,0001,0
2018,12736,"Neal, Keanu",S,0001,Ryan Bousquet,9.0,5,10,20.64,20.66,1,0,,0
2018,12736,"Neal, Keanu",S,0009,Bear Dunn,10.0,6,17,16.37,13.03,1,0,,0
2018,12736,"Neal, Keanu",S,0010,Shawn Blake,11.0,7,6,11.0,0.03,1,0,,0
2018,12736,"Neal, Keanu",S,0007,Josh Martel,11.0,8,6,23.97,0.0,0,0,,1
2018,12745,"Jones, Deion",LB,0004,Brian Cutting,1.0,1,7,,47.99,0,0,,0
2018,12745,"Jones, Deion",LB,0002,AJ & Rico Balderelli,3.0,2,7,23.94,47.93,0,1,0004,0
2018,12745,"Jones, Deion",LB,0004,Brian Cutting,4.0,3,7,23.95,47.87,0,1,0002,0
2018,12745,"Jones, Deion",LB,0002,AJ & Rico Balderelli,5.0,4,8,23.55,47.42,0,1,0004,0
2018,12745,"Jones, Deion",LB,0001,Ryan Bousquet,6.0,5,10,21.57,45.0,0,1,0002,0
2018,12745,"Jones, Deion",LB,0006,Steve Bousquet,7.0,6,11,23.35,44.35,0,1,0001,0
2018,12745,"Jones, Deion",LB,0010,Shawn Blake,8.0,7,19,15.89,36.24,0,1,0006,0
2018,12745,"Jones, Deion",LB,0001,Ryan Bousquet,9.0,8,7,11.77,24.01,0,1,0010,0
2018,12745,"Jones, Deion",LB,0011,Eric Mannila,10.0,9,16,15.35,15.36,1,0,,0
2018,12745,"Jones, Deion",LB,0001,Ryan Bousquet,10.0,10,7,8.64,0.0,0,0,,1
2018,12748,"Davis, Sean",S,0001,Ryan Bousquet,1.0,1,18,,24.03,0,0,,0
2018,12748,"Davis, Sean",S,0006,Steve Bousquet,2.0,2,18,23.99,24.01,1,0,,0
2018,12748,"Davis, Sean",S,0011,Eric Mannila,3.0,3,19,22.73,22.74,1,0,,0
2018,12748,"Davis, Sean",S,0001,Ryan Bousquet,3.0,4,18,1.26,0.0,0,0,,1
2018,12752,"Byard, Kevin",S,0002,AJ & Rico Balderelli,1.0,1,14,,24.0,0,0,,0
2018,12752,"Byard, Kevin",S,0006,Steve Bousquet,2.0,2,14,23.96,23.97,1,0,,0
2018,12752,"Byard, Kevin",S,0006,Steve Bousquet,4.0,3,14,23.99,23.96,1,0,,0
2018,12752,"Byard, Kevin",S,0011,Eric Mannila,5.0,4,17,20.78,20.74,1,0,,0
2018,12752,"Byard, Kevin",S,0011,Eric Mannila,6.0,5,17,23.97,20.7,1,0,,0
2018,12752,"Byard, Kevin",S,0011,Eric Mannila,7.0,6,9,7.6,4.3,1,0,,0
2018,12752,"Byard, Kevin",S,0002,AJ & Rico Balderelli,7.0,7,14,19.7,0.0,0,0,,1
2018,12756,"Ngakoue, Yannick",DE,0003,Matt Gerardi,1.0,1,6,,25.16,0,0,,0
2018,12756,"Ngakoue, Yannick",DE,0001,Ryan Bousquet,4.0,2,7,22.95,24.11,0,1,0003,0
2018,12756,"Ngakoue, Yannick",DE,0001,Ryan Bousquet,4.0,3,7,0.0,0.0,0,0,,1
2018,12768,"Schobert, Joe",LB,0010,Shawn Blake,1.0,1,6,,24.1,0,0,,0
2018,12768,"Schobert, Joe",LB,0010,Shawn Blake,1.0,2,6,0.0,0.0,0,0,,1
2018,12774,"Goodson, B.J.",LB,0003,Matt Gerardi,1.0,1,17,,24.56,0,0,,0
2018,12774,"Goodson, B.J.",LB,0003,Matt Gerardi,1.0,2,18,0.0,0.0,0,0,,1
2018,12788,"Martinez, Blake",LB,0010,Shawn Blake,1.0,1,6,,40.58,0,0,,0
2018,12788,"Martinez, Blake",LB,0009,Bear Dunn,3.0,2,7,23.21,39.79,1,0,,0
2018,12788,"Martinez, Blake",LB,0001,Ryan Bousquet,4.0,3,7,23.95,39.74,1,0,,0
2018,12788,"Martinez, Blake",LB,0006,Steve Bousquet,5.0,4,9,22.11,37.86,1,0,,0
2018,12788,"Martinez, Blake",LB,0006,Steve Bousquet,6.0,5,13,19.36,33.21,0,1,0010,0
2018,12788,"Martinez, Blake",LB,0010,Shawn Blake,7.0,6,14,23.89,33.1,0,1,0006,0
2018,12788,"Martinez, Blake",LB,0005,"John Richard, Jarrade Nieber",8.0,7,22,15.18,24.28,0,1,0010,0
2018,12788,"Martinez, Blake",LB,0005,"John Richard, Jarrade Nieber",8.0,8,23,0.0,0.0,0,0,,1
2018,12844,"Edwards, Lachlan",PN,0002,AJ & Rico Balderelli,1.0,1,10,,24.26,0,0,,0
2018,12844,"Edwards, Lachlan",PN,0002,AJ & Rico Balderelli,1.0,2,11,0.0,0.0,0,0,,1
2018,12887,"Kelley, Rob",RB,0005,"John Richard, Jarrade Nieber",1.0,1,9,,24.0,0,0,,0
2018,12887,"Kelley, Rob",RB,0005,"John Richard, Jarrade Nieber",1.0,2,9,0.0,0.0,0,0,,1
2018,12930,"Anderson, Robby",WR,0008,Keith Creelman,1.0,1,6,,46.67,0,0,,0
2018,12930,"Anderson, Robby",WR,0009,Bear Dunn,5.0,2,6,23.33,46.0,1,0,,0
2018,12930,"Anderson, Robby",WR,0004,Brian Cutting,6.0,3,7,23.13,45.13,1,0,,0
2018,12930,"Anderson, Robby",WR,0006,Steve Bousquet,8.0,4,9,21.74,42.87,1,0,,0
2018,12930,"Anderson, Robby",WR,0009,Bear Dunn,15.0,5,10,23.3,42.16,0,1,0008,0
2018,12930,"Anderson, Robby",WR,0008,Keith Creelman,16.0,6,4,5.89,24.05,0,1,0009,0
2018,12930,"Anderson, Robby",WR,0003,Matt Gerardi,17.0,7,19,9.46,9.52,1,0,,0
2018,12930,"Anderson, Robby",WR,0008,Keith Creelman,17.0,8,4,14.48,0.0,0,0,,1
2018,12956,"Lutz, Wil",PK,0001,Ryan Bousquet,1.0,1,0,,24.08,0,0,,0
2018,12956,"Lutz, Wil",PK,0003,Matt Gerardi,2.0,2,0,23.97,24.05,0,1,0001,0
2018,12956,"Lutz, Wil",PK,0003,Matt Gerardi,2.0,3,0,0.0,0.0,0,0,,1
2018,13136,"Clement, Corey",RB,0010,Shawn Blake,1.0,1,6,,36.62,0,0,,0
2018,13136,"Clement, Corey",RB,0008,Keith Creelman,6.0,2,6,23.94,36.56,0,1,0010,0
2018,13136,"Clement, Corey",RB,0010,Shawn Blake,7.0,3,6,23.87,36.43,0,1,0008,0
2018,13136,"Clement, Corey",RB,0005,"John Richard, Jarrade Nieber",8.0,4,6,23.82,36.25,0,1,0010,0
2018,13136,"Clement, Corey",RB,0001,Ryan Bousquet,10.0,5,7,23.09,35.33,0,1,0005,0
2018,13136,"Clement, Corey",RB,0005,"John Richard, Jarrade Nieber",13.0,6,7,23.56,34.89,1,0,,0
2018,13136,"Clement, Corey",RB,0005,"John Richard, Jarrade Nieber",14.0,7,7,23.99,34.89,0,1,0001,0
2018,13136,"Clement, Corey",RB,0001,Ryan Bousquet,16.0,8,8,23.7,34.59,0,1,0005,0
2018,13136,"Clement, Corey",RB,0005,"John Richard, Jarrade Nieber",18.0,9,16,15.99,26.57,0,1,0001,0
2018,13136,"Clement, Corey",RB,0011,Eric Mannila,19.0,10,16,23.32,25.89,0,1,0005,0
2018,13136,"Clement, Corey",RB,0005,"John Richard, Jarrade Nieber",21.0,11,17,23.64,25.53,0,1,0011,0
2018,13136,"Clement, Corey",RB,0011,Eric Mannila,22.0,12,18,22.57,24.09,0,1,0005,0
2018,13136,"Clement, Corey",RB,0011,Eric Mannila,22.0,13,18,0.0,0.0,0,0,,1
2018,13144,"McGuire, Elijah",RB,0010,Shawn Blake,1.0,1,6,,24.07,0,0,,0
2018,13144,"McGuire, Elijah",RB,0001,Ryan Bousquet,2.0,2,7,23.57,23.64,1,0,,0
2018,13144,"McGuire, Elijah",RB,0010,Shawn Blake,2.0,3,6,0.36,0.0,0,0,,1
2018,13170,"Gibson, Shelton",WR,0006,Steve Bousquet,1.0,1,8,,25.16,0,0,,0
2018,13170,"Gibson, Shelton",WR,0006,Steve Bousquet,1.0,2,9,0.0,0.0,0,0,,1
2018,13201,"Barnett, Derek",DE,0011,Eric Mannila,1.0,1,9,,25.22,0,0,,0
2018,13201,"Barnett, Derek",DE,0001,Ryan Bousquet,2.0,2,9,23.93,25.15,0,1,0011,0
2018,13201,"Barnett, Derek",DE,0011,Eric Mannila,3.0,3,10,22.97,24.12,0,1,0001,0
2018,13201,"Barnett, Derek",DE,0011,Eric Mannila,3.0,4,10,0.0,0.0,0,0,,1
2018,13205,"McKinley, Takkarist",DE,0008,Keith Creelman,1.0,1,5,,24.29,0,0,,0
2018,13205,"McKinley, Takkarist",DE,0008,Keith Creelman,1.0,2,5,0.0,0.0,0,0,,1
2018,13216,"Cunningham, Zach",LB,0008,Keith Creelman,1.0,1,5,,25.3,0,0,,0
2018,13216,"Cunningham, Zach",LB,0008,Keith Creelman,1.0,2,6,0.0,0.0,0,0,,1
2018,13222,"McMillan, Raekwon",LB,0003,Matt Gerardi,1.0,1,20,,24.54,0,0,,0
2018,13222,"McMillan, Raekwon",LB,0003,Matt Gerardi,1.0,2,21,0.0,0.0,0,0,,1
2018,13224,"Lattimore, Marshon",CB,0005,"John Richard, Jarrade Nieber",1.0,1,9,,49.03,0,0,,0
2018,13224,"Lattimore, Marshon",CB,0010,Shawn Blake,2.0,2,9,23.43,48.46,0,1,0005,0
2018,13224,"Lattimore, Marshon",CB,0003,Matt Gerardi,3.0,3,11,21.93,46.39,0,1,0010,0
2018,13224,"Lattimore, Marshon",CB,0004,Brian Cutting,4.0,4,9,1.77,24.16,0,1,0003,0
2018,13224,"Lattimore, Marshon",CB,0004,Brian Cutting,4.0,5,10,0.0,0.0,0,0,,1
2018,13226,"Jackson, Adoree",CB,0002,AJ & Rico Balderelli,1.0,1,12,,24.02,0,0,,0
2018,13226,"Jackson, Adoree",CB,0001,Ryan Bousquet,2.0,2,13,22.42,22.44,1,0,,0
2018,13226,"Jackson, Adoree",CB,0001,Ryan Bousquet,3.0,3,13,23.93,22.38,1,0,,0
2018,13226,"Jackson, Adoree",CB,0002,AJ & Rico Balderelli,3.0,4,12,1.62,0.0,0,0,,1
2018,13228,"Hooker, Malik",S,0011,Eric Mannila,1.0,1,6,,24.0,0,0,,0
2018,13228,"Hooker, Malik",S,0011,Eric Mannila,1.0,2,6,0.0,0.0,0,0,,1
2018,13232,"King, Desmond",CB,0001,Ryan Bousquet,1.0,1,23,,24.01,0,0,,0
2018,13232,"King, Desmond",CB,0001,Ryan Bousquet,1.0,2,23,0.0,0.0,0,0,,1
2018,13271,"Rivers, Derek",DE,0011,Eric Mannila,1.0,1,14,,24.25,0,0,,0
2018,13271,"Rivers, Derek",DE,0011,Eric Mannila,1.0,2,14,0.0,0.0,0,0,,1
2018,13296,"Wise, Deatrich",DE,0005,"John Richard, Jarrade Nieber",1.0,1,10,,25.2,0,0,,0
2018,13296,"Wise, Deatrich",DE,0005,"John Richard, Jarrade Nieber",1.0,2,11,0.0,0.0,0,0,,1
2018,13303,"Elliott, Jake",PK,0009,Bear Dunn,1.0,1,5,,45.41,0,0,,0
2018,13303,"Elliott, Jake",PK,0002,AJ & Rico Balderelli,2.0,2,3,2.7,24.11,0,1,0009,0
2018,13303,"Elliott, Jake",PK,0002,AJ & Rico Balderelli,2.0,3,3,0.0,0.0,0,0,,1
2018,13316,"Taylor, Trent",WR,0005,"John Richard, Jarrade Nieber",1.0,1,8,,24.23,0,0,,0
2018,13316,"Taylor, Trent",WR,0005,"John Richard, Jarrade Nieber",1.0,2,8,0.0,0.0,0,0,,1
2018,13354,"Butker, Harrison",PK,0008,Keith Creelman,1.0,1,3,,25.32,0,0,,0
2018,13354,"Butker, Harrison",PK,0010,Shawn Blake,2.0,2,6,20.81,22.13,1,0,,0
2018,13354,"Butker, Harrison",PK,0008,Keith Creelman,2.0,3,4,1.87,0.0,0,0,,1
2018,13382,"Seals-Jones, Ricky",TE,0012,Chris Klingenberg,1.0,1,11,,24.21,0,0,,0
2018,13382,"Seals-Jones, Ricky",TE,0008,Keith Creelman,2.0,2,11,23.92,24.13,0,1,0012,0
2018,13382,"Seals-Jones, Ricky",TE,0012,Chris Klingenberg,5.0,3,11,23.9,24.03,1,0,,0
2018,13382,"Seals-Jones, Ricky",TE,0012,Chris Klingenberg,7.0,4,11,23.98,24.01,0,1,0008,0
2018,13382,"Seals-Jones, Ricky",TE,0012,Chris Klingenberg,7.0,5,11,0.0,0.0,0,0,,1
2018,13404,"Ekeler, Austin",RB,0006,Steve Bousquet,1.0,1,2,,55.42,0,0,,0
2018,13404,"Ekeler, Austin",RB,0008,Keith Creelman,2.0,2,6,20.06,51.48,1,0,,0
2018,13404,"Ekeler, Austin",RB,0005,"John Richard, Jarrade Nieber",3.0,3,6,23.68,51.16,1,0,,0
2018,13404,"Ekeler, Austin",RB,0001,Ryan Bousquet,4.0,4,7,23.28,50.44,1,0,,0
2018,13404,"Ekeler, Austin",RB,0001,Ryan Bousquet,5.0,5,7,23.71,50.15,0,1,0006,0
2018,13404,"Ekeler, Austin",RB,0005,"John Richard, Jarrade Nieber",6.0,6,9,22.36,48.52,0,1,0001,0
2018,13404,"Ekeler, Austin",RB,0001,Ryan Bousquet,8.0,7,7,1.87,26.39,0,1,0005,0
2018,13404,"Ekeler, Austin",RB,0005,"John Richard, Jarrade Nieber",9.0,8,9,21.67,24.06,0,1,0001,0
2018,13404,"Ekeler, Austin",RB,0001,Ryan Bousquet,10.0,9,21,12.39,12.45,1,0,,0
2018,13404,"Ekeler, Austin",RB,0005,"John Richard, Jarrade Nieber",10.0,10,9,11.55,0.0,0,0,,1
2018,13412,"Cole, Keelan",WR,0007,Josh Martel,1.0,1,21,,24.48,0,0,,0
2018,13412,"Cole, Keelan",WR,0006,Steve Bousquet,3.0,2,21,23.98,24.46,1,0,,0
2018,13412,"Cole, Keelan",WR,0005,"John Richard, Jarrade Nieber",6.0,3,21,23.9,24.36,1,0,,0
2018,13412,"Cole, Keelan",WR,0001,Ryan Bousquet,7.0,4,21,23.73,24.09,0,1,0007,0
2018,13412,"Cole, Keelan",WR,0005,"John Richard, Jarrade Nieber",8.0,5,5,16.01,16.1,1,0,,0
2018,13412,"Cole, Keelan",WR,0005,"John Richard, Jarrade Nieber",9.0,6,5,23.99,16.09,1,0,,0
2018,13412,"Cole, Keelan",WR,0001,Ryan Bousquet,9.0,7,21,7.91,0.0,0,0,,1
2018,13611,"Adams, Josh",RB,0003,Matt Gerardi,1.0,1,21,,24.45,0,0,,0
2018,13611,"Adams, Josh",RB,0003,Matt Gerardi,1.0,2,22,0.0,0.0,0,0,,1
2018,13614,"Lindsay, Phillip",RB,0001,Ryan Bousquet,1.0,1,6,,24.01,0,0,,0
2018,13614,"Lindsay, Phillip",RB,0007,Josh Martel,2.0,2,8,22.35,22.36,1,0,,0
2018,13614,"Lindsay, Phillip",RB,0006,Steve Bousquet,3.0,3,0,8.14,6.5,1,0,,0
2018,13614,"Lindsay, Phillip",RB,0001,Ryan Bousquet,3.0,4,6,17.5,0.0,0,0,,1
2018,13625,"Webb, Ralph",RB,0007,Josh Martel,1.0,1,7,,24.06,0,0,,0
2018,13625,"Webb, Ralph",RB,0007,Josh Martel,1.0,2,7,0.0,0.0,0,0,,1
2018,13628,"Thomas, Roc",RB,0007,Josh Martel,1.0,1,8,,24.0,0,0,,0
2018,13628,"Thomas, Roc",RB,0006,Steve Bousquet,2.0,2,9,23.58,23.58,1,0,,0
2018,13628,"Thomas, Roc",RB,0006,Steve Bousquet,3.0,3,14,18.51,18.1,1,0,,0
2018,13628,"Thomas, Roc",RB,0006,Steve Bousquet,4.0,4,23,15.08,9.17,1,0,,0
2018,13628,"Thomas, Roc",RB,0007,Josh Martel,4.0,5,8,14.83,0.0,0,0,,1
2018,13642,"Tate, Auden",WR,0006,Steve Bousquet,1.0,1,0,,24.0,0,0,,0
2018,13642,"Tate, Auden",WR,0006,Steve Bousquet,1.0,2,0,0.0,0.0,0,0,,1
2018,13679,"Herndon, Chris",TE,0006,Steve Bousquet,1.0,1,9,,24.13,0,0,,0
2018,13679,"Herndon, Chris",TE,0006,Steve Bousquet,1.0,2,10,0.0,0.0,0,0,,1
2018,13682,"Key, Arden",DE,0011,Eric Mannila,1.0,1,7,,24.0,0,0,,0
2018,13682,"Key, Arden",DE,0011,Eric Mannila,1.0,2,7,0.0,0.0,0,0,,1
2018,13722,"Jarwin, Blake",TE,0007,Josh Martel,1.0,1,0,,24.27,0,0,,0
2018,13722,"Jarwin, Blake",TE,0001,Ryan Bousquet,2.0,2,0,23.85,24.12,0,1,0007,0
2018,13722,"Jarwin, Blake",TE,0001,Ryan Bousquet,2.0,3,0,0.0,0.0,0,0,,1
2018,13724,"James, Richie",WR,0007,Josh Martel,1.0,1,1,,55.95,0,0,,0
2018,13724,"James, Richie",WR,0006,Steve Bousquet,2.0,2,9,15.09,47.04,1,0,,0
2018,13724,"James, Richie",WR,0006,Steve Bousquet,3.0,3,9,23.94,46.99,0,1,0007,0
2018,13724,"James, Richie",WR,0007,Josh Martel,4.0,4,8,1.02,24.01,0,1,0006,0
2018,13724,"James, Richie",WR,0007,Josh Martel,4.0,5,8,0.0,0.0,0,0,,1
2018,13750,"Burks, Oren",LB,0004,Brian Cutting,1.0,1,15,,25.54,0,0,,0
2018,13750,"Burks, Oren",LB,0004,Brian Cutting,1.0,2,16,0.0,0.0,0,0,,1
2018,13753,"Akins, Jordan",TE,0004,Brian Cutting,1.0,1,4,,49.56,0,0,,0
2018,13753,"Akins, Jordan",TE,0006,Steve Bousquet,2.0,2,0,4.7,30.26,0,1,0004,0
2018,13753,"Akins, Jordan",TE,0004,Brian Cutting,3.0,3,4,19.23,25.49,0,1,0006,0
2018,13753,"Akins, Jordan",TE,0004,Brian Cutting,3.0,4,6,0.0,0.0,0,0,,1
2018,13775,"Bentley, Ja'Whaun",LB,0011,Eric Mannila,1.0,1,9,,24.02,0,0,,0
2018,13775,"Bentley, Ja'Whaun",LB,0011,Eric Mannila,1.0,2,9,0.0,0.0,0,0,,1
2018,13782,"Dickson, Michael",PN,0007,Josh Martel,1.0,1,8,,28.25,0,0,,0
2018,13782,"Dickson, Michael",PN,0009,Bear Dunn,2.0,2,8,23.59,27.83,0,1,0007,0
2018,13782,"Dickson, Michael",PN,0007,Josh Martel,3.0,3,12,20.25,24.08,1,0,,0
2018,13782,"Dickson, Michael",PN,0007,Josh Martel,4.0,4,12,23.98,24.06,0,1,0009,0
2018,13782,"Dickson, Michael",PN,0007,Josh Martel,4.0,5,12,0.0,0.0,0,0,,1
2018,13816,"Cannon, Trenton",RB,0006,Steve Bousquet,1.0,1,14,,24.1,0,0,,0
2018,13816,"Cannon, Trenton",RB,0006,Steve Bousquet,1.0,2,14,0.0,0.0,0,0,,1
2018,13856,"Swanson, Terry",RB,0007,Josh Martel,1.0,1,9,,24.1,0,0,,0
2018,13856,"Swanson, Terry",RB,0007,Josh Martel,1.0,2,9,0.0,0.0,0,0,,1
2018,4925,"Brees, Drew",QB,0002,AJ & Rico Balderelli,1.0,1,10,,46.7,0,0,,0
2018,4925,"Brees, Drew",QB,0010,Shawn Blake,11.0,2,11,23.2,45.9,0,1,0002,0
2018,4925,"Brees, Drew",QB,0002,AJ & Rico Balderelli,14.0,3,11,23.91,45.81,0,1,0010,0
2018,4925,"Brees, Drew",QB,0010,Shawn Blake,15.0,4,8,3.3,25.11,1,0,,0
2018,4925,"Brees, Drew",QB,0010,Shawn Blake,16.0,5,8,23.24,24.35,0,1,0002,0
2018,4925,"Brees, Drew",QB,0002,AJ & Rico Balderelli,17.0,6,9,23.65,24.0,0,1,0010,0
2018,4925,"Brees, Drew",QB,0010,Shawn Blake,18.0,7,9,0.02,0.02,1,0,,0
2018,4925,"Brees, Drew",QB,0002,AJ & Rico Balderelli,18.0,8,9,23.98,0.0,0,0,,1
2018,5791,"Lechler, Shane",PN,0005,"John Richard, Jarrade Nieber",1.0,1,6,,30.29,0,0,,0
2018,5791,"Lechler, Shane",PN,0009,Bear Dunn,2.0,2,12,17.72,24.01,0,1,0005,0
2018,5791,"Lechler, Shane",PN,0009,Bear Dunn,2.0,3,12,0.0,0.0,0,0,,1
2018,6589,"McCown, Josh",QB,0009,Bear Dunn,1.0,1,16,,24.72,0,0,,0
2018,6589,"McCown, Josh",QB,0009,Bear Dunn,1.0,2,16,0.0,0.0,0,0,,1
2018,7391,"Manning, Eli",QB,0004,Brian Cutting,1.0,1,5,,62.04,0,0,,0
2018,7391,"Manning, Eli",QB,0005,"John Richard, Jarrade Nieber",2.0,2,0,5.64,43.68,0,1,0004,0
2018,7391,"Manning, Eli",QB,0004,Brian Cutting,3.0,3,7,16.52,36.2,0,1,0005,0
2018,7391,"Manning, Eli",QB,0009,Bear Dunn,4.0,4,9,22.58,34.78,0,1,0004,0
2018,7391,"Manning, Eli",QB,0004,Brian Cutting,5.0,5,19,13.95,24.73,0,1,0009,0
2018,7391,"Manning, Eli",QB,0004,Brian Cutting,5.0,6,19,0.0,0.0,0,0,,1
2018,7393,"Fitzgerald, Larry",WR,0003,Matt Gerardi,1.0,1,7,,47.65,0,0,,0
2018,7393,"Fitzgerald, Larry",WR,0004,Brian Cutting,4.0,2,8,23.06,46.72,1,0,,0
2018,7393,"Fitzgerald, Larry",WR,0010,Shawn Blake,8.0,3,9,23.25,45.97,1,0,,0
2018,7393,"Fitzgerald, Larry",WR,0001,Ryan Bousquet,11.0,4,9,23.83,45.79,0,1,0003,0
2018,7393,"Fitzgerald, Larry",WR,0006,Steve Bousquet,12.0,5,9,23.93,45.72,1,0,,0
2018,7393,"Fitzgerald, Larry",WR,0006,Steve Bousquet,19.0,6,9,23.99,45.71,1,0,,0
2018,7393,"Fitzgerald, Larry",WR,0006,Steve Bousquet,21.0,7,9,23.5,45.21,1,0,,0
2018,7393,"Fitzgerald, Larry",WR,0002,AJ & Rico Balderelli,22.0,8,10,23.51,44.72,1,0,,0
2018,7393,"Fitzgerald, Larry",WR,0009,Bear Dunn,27.0,9,12,21.32,42.04,1,0,,0
2018,7393,"Fitzgerald, Larry",WR,0007,Josh Martel,36.0,10,17,19.86,37.91,0,1,0001,0
2018,7393,"Fitzgerald, Larry",WR,0008,Keith Creelman,38.0,11,19,21.74,35.64,1,0,,0
2018,7393,"Fitzgerald, Larry",WR,0008,Keith Creelman,41.0,12,6,12.39,24.03,0,1,0007,0
2018,7393,"Fitzgerald, Larry",WR,0008,Keith Creelman,41.0,13,6,0.0,0.0,0,0,,1
2018,7394,"Rivers, Philip",QB,0006,Steve Bousquet,1.0,1,0,,33.69,0,0,,0
2018,7394,"Rivers, Philip",QB,0001,Ryan Bousquet,4.0,2,7,16.41,26.1,1,0,,0
2018,7394,"Rivers, Philip",QB,0009,Bear Dunn,7.0,3,8,23.33,25.43,0,1,0006,0
2018,7394,"Rivers, Philip",QB,0008,Keith Creelman,8.0,4,9,22.58,24.0,0,1,0009,0
2018,7394,"Rivers, Philip",QB,0008,Keith Creelman,8.0,5,9,0.0,0.0,0,0,,1
2018,7401,"Roethlisberger, Ben",QB,0001,Ryan Bousquet,1.0,1,0,,24.07,0,0,,0
2018,7401,"Roethlisberger, Ben",QB,0004,Brian Cutting,3.0,2,6,17.94,18.0,1,0,,0
2018,7401,"Roethlisberger, Ben",QB,0008,Keith Creelman,4.0,3,6,23.85,17.85,1,0,,0
2018,7401,"Roethlisberger, Ben",QB,0009,Bear Dunn,7.0,4,9,20.99,14.84,1,0,,0
2018,7401,"Roethlisberger, Ben",QB,0009,Bear Dunn,10.0,5,11,22.12,12.96,1,0,,0
2018,7401,"Roethlisberger, Ben",QB,0001,Ryan Bousquet,10.0,6,0,11.04,0.0,0,0,,1
2018,7422,"Watson, Ben",TE,0010,Shawn Blake,1.0,1,6,,27.87,0,0,,0
2018,7422,"Watson, Ben",TE,0002,AJ & Rico Balderelli,2.0,2,10,20.17,24.04,0,1,0010,0
2018,7422,"Watson, Ben",TE,0002,AJ & Rico Balderelli,2.0,3,10,0.0,0.0,0,0,,1
2018,7578,"Lee, Andy",PN,0004,Brian Cutting,1.0,1,2,,25.07,0,0,,0
2018,7578,"Lee, Andy",PN,0004,Brian Cutting,1.0,2,4,0.0,0.0,0,0,,1
2018,7877,"Gore, Frank",RB,0012,Chris Klingenberg,1.0,1,14,,33.42,0,0,,0
2018,7877,"Gore, Frank",RB,0003,Matt Gerardi,2.0,2,14,23.6,33.02,0,1,0012,0
2018,7877,"Gore, Frank",RB,0012,Chris Klingenberg,5.0,3,23,15.29,24.31,0,1,0003,0
2018,7877,"Gore, Frank",RB,0012,Chris Klingenberg,5.0,4,23,0.0,0.0,0,0,,1
2018,7942,"Sproles, Darren",RB,0006,Steve Bousquet,1.0,1,8,,24.08,0,0,,0
2018,7942,"Sproles, Darren",RB,0006,Steve Bousquet,1.0,2,8,0.0,0.0,0,0,,1
2018,8153,"Gould, Robbie",PK,0007,Josh Martel,1.0,1,7,,24.01,0,0,,0
2018,8153,"Gould, Robbie",PK,0010,Shawn Blake,2.0,2,16,15.66,15.68,1,0,,0
2018,8153,"Gould, Robbie",PK,0007,Josh Martel,2.0,3,7,8.32,0.0,0,0,,1
2018,8247,"Davis, Vernon",TE,0008,Keith Creelman,1.0,1,7,,24.09,0,0,,0
2018,8247,"Davis, Vernon",TE,0010,Shawn Blake,2.0,2,7,23.73,23.81,1,0,,0
2018,8247,"Davis, Vernon",TE,0008,Keith Creelman,2.0,3,7,0.19,0.0,0,0,,1
2018,8359,"Gostkowski, Stephen",PK,0010,Shawn Blake,1.0,1,6,,40.66,0,0,,0
2018,8359,"Gostkowski, Stephen",PK,0006,Steve Bousquet,2.0,2,6,23.98,40.64,1,0,,0
2018,8359,"Gostkowski, Stephen",PK,0012,Chris Klingenberg,3.0,3,23,7.41,24.05,0,1,0010,0
2018,8359,"Gostkowski, Stephen",PK,0012,Chris Klingenberg,3.0,4,23,0.0,0.0,0,0,,1
2018,8416,"Walker, Delanie",TE,0006,Steve Bousquet,1.0,1,0,,53.77,0,0,,0
2018,8416,"Walker, Delanie",TE,0002,AJ & Rico Balderelli,2.0,2,0,23.99,53.75,0,1,0006,0
2018,8416,"Walker, Delanie",TE,0005,"John Richard, Jarrade Nieber",4.0,3,0,23.41,53.17,1,0,,0
2018,8416,"Walker, Delanie",TE,0005,"John Richard, Jarrade Nieber",6.0,4,0,23.99,53.16,1,0,,0
2018,8416,"Walker, Delanie",TE,0005,"John Richard, Jarrade Nieber",7.0,5,0,23.99,53.14,1,0,,0
2018,8416,"Walker, Delanie",TE,0004,Brian Cutting,10.0,6,4,19.87,49.01,1,0,,0
2018,8416,"Walker, Delanie",TE,0009,Bear Dunn,11.0,7,7,21.76,46.78,0,1,0002,0
2018,8416,"Walker, Delanie",TE,0002,AJ & Rico Balderelli,13.0,8,15,15.24,38.02,1,0,,0
2018,8416,"Walker, Delanie",TE,0005,"John Richard, Jarrade Nieber",16.0,9,1,14.72,28.74,1,0,,0
2018,8416,"Walker, Delanie",TE,0005,"John Richard, Jarrade Nieber",18.0,10,1,23.99,28.73,0,1,0009,0
2018,8416,"Walker, Delanie",TE,0009,Bear Dunn,19.0,11,5,19.44,24.18,0,1,0005,0
2018,8416,"Walker, Delanie",TE,0009,Bear Dunn,19.0,12,5,0.0,0.0,0,0,,1
2018,8444,"Koch, Sam",PN,0008,Keith Creelman,1.0,1,6,,32.17,0,0,,0
2018,8444,"Koch, Sam",PN,0006,Steve Bousquet,2.0,2,14,15.86,24.03,0,1,0008,0
2018,8444,"Koch, Sam",PN,0006,Steve Bousquet,2.0,3,14,0.0,0.0,0,0,,1
2018,8501,"Ryan, Jon",PN,0009,Bear Dunn,1.0,1,7,,24.18,0,0,,0
2018,8501,"Ryan, Jon",PN,0009,Bear Dunn,1.0,2,7,0.0,0.0,0,0,,1
2018,8670,"Lynch, Marshawn",RB,0006,Steve Bousquet,1.0,1,7,,26.06,0,0,,0
2018,8670,"Lynch, Marshawn",RB,0001,Ryan Bousquet,2.0,2,8,23.81,25.87,0,1,0006,0
2018,8670,"Lynch, Marshawn",RB,0008,Keith Creelman,5.0,3,9,22.14,24.01,0,1,0001,0
2018,8670,"Lynch, Marshawn",RB,0010,Shawn Blake,6.0,4,8,1.09,1.11,1,0,,0
2018,8670,"Lynch, Marshawn",RB,0001,Ryan Bousquet,8.0,5,9,23.74,0.85,1,0,,0
2018,8670,"Lynch, Marshawn",RB,0001,Ryan Bousquet,9.0,6,9,23.99,0.84,1,0,,0
2018,8670,"Lynch, Marshawn",RB,0006,Steve Bousquet,10.0,7,9,23.46,0.3,1,0,,0
2018,8670,"Lynch, Marshawn",RB,0008,Keith Creelman,10.0,8,9,23.7,0.0,0,0,,1
2018,8742,"Crosby, Mason",PK,0003,Matt Gerardi,1.0,1,13,,33.2,0,0,,0
2018,8742,"Crosby, Mason",PK,0005,"John Richard, Jarrade Nieber",3.0,2,22,14.81,24.02,0,1,0003,0
2018,8742,"Crosby, Mason",PK,0005,"John Richard, Jarrade Nieber",3.0,3,22,0.0,0.0,0,0,,1
2018,8930,"Prater, Matt",PK,0009,Bear Dunn,1.0,1,8,,24.11,0,0,,0
2018,8930,"Prater, Matt",PK,0009,Bear Dunn,1.0,2,8,0.0,0.0,0,0,,1
2018,9051,"Campbell, Calais",DE,0002,AJ & Rico Balderelli,1.0,1,12,,24.67,0,0,,0
2018,9051,"Campbell, Calais",DE,0006,Steve Bousquet,2.0,2,12,23.96,24.63,1,0,,0
2018,9051,"Campbell, Calais",DE,0010,Shawn Blake,3.0,3,12,23.98,24.61,1,0,,0
2018,9051,"Campbell, Calais",DE,0001,Ryan Bousquet,6.0,4,13,23.75,24.36,0,1,0002,0
2018,9051,"Campbell, Calais",DE,0002,AJ & Rico Balderelli,8.0,5,13,23.74,24.09,0,1,0001,0
2018,9051,"Campbell, Calais",DE,0002,AJ & Rico Balderelli,8.0,6,13,0.0,0.0,0,0,,1
2018,9064,"Flacco, Joe",QB,0009,Bear Dunn,1.0,1,16,,24.74,0,0,,0
2018,9064,"Flacco, Joe",QB,0009,Bear Dunn,1.0,2,16,0.0,0.0,0,0,,1
2018,9075,"Jackson, DeSean",WR,0005,"John Richard, Jarrade Nieber",1.0,1,16,,47.92,0,0,,0
2018,9075,"Jackson, DeSean",WR,0009,Bear Dunn,2.0,2,16,0.84,24.76,1,0,,0
2018,9075,"Jackson, DeSean",WR,0009,Bear Dunn,3.0,3,16,23.95,24.71,0,1,0005,0
2018,9075,"Jackson, DeSean",WR,0009,Bear Dunn,3.0,4,16,0.0,0.0,0,0,,1
2018,9099,"Ryan, Matt",QB,0011,Eric Mannila,1.0,1,12,,27.07,0,0,,0
2018,9099,"Ryan, Matt",QB,0001,Ryan Bousquet,6.0,2,13,23.13,26.21,0,1,0011,0
2018,9099,"Ryan, Matt",QB,0011,Eric Mannila,8.0,3,14,23.73,25.94,0,1,0001,0
2018,9099,"Ryan, Matt",QB,0001,Ryan Bousquet,11.0,4,14,23.96,25.9,0,1,0011,0
2018,9099,"Ryan, Matt",QB,0011,Eric Mannila,12.0,5,15,22.25,24.14,0,1,0001,0
2018,9099,"Ryan, Matt",QB,0011,Eric Mannila,12.0,6,15,0.0,0.0,0,0,,1
2018,9101,"Stewart, Jonathan",RB,0009,Bear Dunn,1.0,1,6,,24.16,0,0,,0
2018,9101,"Stewart, Jonathan",RB,0002,AJ & Rico Balderelli,2.0,2,15,14.49,14.64,1,0,,0
2018,9101,"Stewart, Jonathan",RB,0009,Bear Dunn,2.0,3,6,9.36,0.0,0,0,,1
2018,9250,"Garcon, Pierre",WR,0010,Shawn Blake,1.0,1,6,,33.68,0,0,,0
2018,9250,"Garcon, Pierre",WR,0009,Bear Dunn,2.0,2,7,23.39,33.07,0,1,0010,0
2018,9250,"Garcon, Pierre",WR,0001,Ryan Bousquet,5.0,3,7,23.42,32.49,0,1,0009,0
2018,9250,"Garcon, Pierre",WR,0003,Matt Gerardi,6.0,4,11,20.05,28.54,1,0,,0
2018,9250,"Garcon, Pierre",WR,0005,"John Richard, Jarrade Nieber",8.0,5,16,19.72,24.26,0,1,0001,0
2018,9250,"Garcon, Pierre",WR,0005,"John Richard, Jarrade Nieber",8.0,6,16,0.0,0.0,0,0,,1
2018,9308,"Amendola, Danny",WR,0012,Chris Klingenberg,1.0,1,14,,31.7,0,0,,0
2018,9308,"Amendola, Danny",WR,0008,Keith Creelman,2.0,2,15,23.56,31.26,0,1,0012,0
2018,9308,"Amendola, Danny",WR,0001,Ryan Bousquet,4.0,3,16,22.84,30.11,0,1,0008,0
2018,9308,"Amendola, Danny",WR,0002,AJ & Rico Balderelli,5.0,4,18,21.77,27.88,0,1,0001,0
2018,9308,"Amendola, Danny",WR,0012,Chris Klingenberg,6.0,5,22,20.13,24.0,0,1,0002,0
2018,9308,"Amendola, Danny",WR,0012,Chris Klingenberg,6.0,6,22,0.0,0.0,0,0,,1
2018,9310,"Kern, Brett",PN,0002,AJ & Rico Balderelli,1.0,1,12,,35.31,0,0,,0
2018,9310,"Kern, Brett",PN,0001,Ryan Bousquet,2.0,2,23,12.72,24.03,0,1,0002,0
2018,9310,"Kern, Brett",PN,0001,Ryan Bousquet,2.0,3,23,0.0,0.0,0,0,,1
2018,9330,"Woodyard, Wesley",LB,0006,Steve Bousquet,1.0,1,2,,45.39,0,0,,0
2018,9330,"Woodyard, Wesley",LB,0005,"John Richard, Jarrade Nieber",2.0,2,9,17.44,38.83,1,0,,0
2018,9330,"Woodyard, Wesley",LB,0010,Shawn Blake,3.0,3,23,9.22,24.05,0,1,0006,0
2018,9330,"Woodyard, Wesley",LB,0010,Shawn Blake,3.0,4,23,0.0,0.0,0,0,,1
2018,9425,"Wake, Cameron",DE,0012,Chris Klingenberg,1.0,1,22,,24.1,0,0,,0
2018,9425,"Wake, Cameron",DE,0012,Chris Klingenberg,1.0,2,22,0.0,0.0,0,0,,1
2018,9430,"Jenkins, Malcolm",S,0005,"John Richard, Jarrade Nieber",1.0,1,22,,24.36,0,0,,0
2018,9430,"Jenkins, Malcolm",S,0001,Ryan Bousquet,3.0,2,4,18.05,18.4,1,0,,0
2018,9430,"Jenkins, Malcolm",S,0005,"John Richard, Jarrade Nieber",3.0,3,23,5.6,0.0,0,0,,1
2018,9431,"Stafford, Matthew",QB,0004,Brian Cutting,1.0,1,4,,31.9,0,0,,0
2018,9431,"Stafford, Matthew",QB,0006,Steve Bousquet,3.0,2,6,22.38,30.28,0,1,0004,0
2018,9431,"Stafford, Matthew",QB,0001,Ryan Bousquet,7.0,3,6,23.81,30.09,1,0,,0
2018,9431,"Stafford, Matthew",QB,0008,Keith Creelman,8.0,4,6,23.68,29.77,1,0,,0
2018,9431,"Stafford, Matthew",QB,0008,Keith Creelman,9.0,5,6,23.98,29.75,1,0,,0
2018,9431,"Stafford, Matthew",QB,0009,Bear Dunn,12.0,6,9,20.95,26.7,1,0,,0
2018,9431,"Stafford, Matthew",QB,0009,Bear Dunn,15.0,7,11,22.0,24.7,0,1,0006,0
2018,9431,"Stafford, Matthew",QB,0006,Steve Bousquet,16.0,8,12,23.45,24.14,0,1,0009,0
2018,9431,"Stafford, Matthew",QB,0006,Steve Bousquet,16.0,9,12,0.0,0.0,0,0,,1
2018,9474,"Cook, Jared",TE,0008,Keith Creelman,1.0,1,6,,29.64,0,0,,0
2018,9474,"Cook, Jared",TE,0002,AJ & Rico Balderelli,4.0,2,11,18.36,24.0,0,1,0008,0
2018,9474,"Cook, Jared",TE,0002,AJ & Rico Balderelli,4.0,3,11,0.0,0.0,0,0,,1
2018,9577,"Huber, Kevin",PN,0005,"John Richard, Jarrade Nieber",1.0,1,10,,24.02,0,0,,0
2018,9577,"Huber, Kevin",PN,0005,"John Richard, Jarrade Nieber",1.0,2,10,0.0,0.0,0,0,,1
2018,9662,"Edelman, Julian",WR,0011,Eric Mannila,1.0,1,7,,56.41,0,0,,0
2018,9662,"Edelman, Julian",WR,0010,Shawn Blake,2.0,2,8,23.12,55.53,0,1,0011,0
2018,9662,"Edelman, Julian",WR,0011,Eric Mannila,10.0,3,8,23.98,55.51,1,0,,0
2018,9662,"Edelman, Julian",WR,0004,Brian Cutting,12.0,4,9,23.3,54.81,0,1,0010,0
2018,9662,"Edelman, Julian",WR,0011,Eric Mannila,14.0,5,10,22.46,53.27,0,1,0004,0
2018,9662,"Edelman, Julian",WR,0009,Bear Dunn,21.0,6,16,17.98,47.24,0,1,0011,0
2018,9662,"Edelman, Julian",WR,0011,Eric Mannila,23.0,7,17,23.36,46.6,0,1,0009,0
2018,9662,"Edelman, Julian",WR,0007,Josh Martel,25.0,8,14,2.9,25.5,1,0,,0
2018,9662,"Edelman, Julian",WR,0007,Josh Martel,27.0,9,14,23.96,25.46,0,1,0011,0
2018,9662,"Edelman, Julian",WR,0011,Eric Mannila,29.0,10,15,22.54,24.0,0,1,0007,0
2018,9662,"Edelman, Julian",WR,0011,Eric Mannila,29.0,11,15,0.0,0.0,0,0,,1
2018,9686,"Succop, Ryan",PK,0001,Ryan Bousquet,1.0,1,0,,24.1,0,0,,0
2018,9686,"Succop, Ryan",PK,0001,Ryan Bousquet,1.0,2,0,0.0,0.0,0,0,,1
2018,9815,"Suh, Ndamukong",DT,0003,Matt Gerardi,1.0,1,17,,24.33,0,0,,0
2018,9815,"Suh, Ndamukong",DT,0003,Matt Gerardi,1.0,2,18,0.0,0.0,0,0,,1
2018,9816,"Berry, Eric",S,0010,Shawn Blake,1.0,1,6,,24.13,0,0,,0
2018,9816,"Berry, Eric",S,0011,Eric Mannila,2.0,2,6,23.88,24.02,1,0,,0
2018,9816,"Berry, Eric",S,0004,Brian Cutting,3.0,3,6,23.99,24.0,0,1,0010,0
2018,9816,"Berry, Eric",S,0004,Brian Cutting,3.0,4,6,0.0,0.0,0,0,,1
2018,9819,"McCoy, Gerald",DT,0012,Chris Klingenberg,1.0,1,20,,24.01,0,0,,0
2018,9819,"McCoy, Gerald",DT,0012,Chris Klingenberg,1.0,2,20,0.0,0.0,0,0,,1
2018,9823,"Bryant, Dez",WR,0005,"John Richard, Jarrade Nieber",1.0,1,0,,34.52,0,0,,0
2018,9823,"Bryant, Dez",WR,0006,Steve Bousquet,2.0,2,0,23.85,34.37,0,1,0005,0
2018,9823,"Bryant, Dez",WR,0001,Ryan Bousquet,5.0,3,0,23.81,34.17,0,1,0006,0
2018,9823,"Bryant, Dez",WR,0002,AJ & Rico Balderelli,6.0,4,10,14.55,24.72,1,0,,0
2018,9823,"Bryant, Dez",WR,0002,AJ & Rico Balderelli,7.0,5,10,23.28,24.0,0,1,0001,0
2018,9823,"Bryant, Dez",WR,0005,"John Richard, Jarrade Nieber",8.0,6,23,11.95,11.95,1,0,,0
2018,9823,"Bryant, Dez",WR,0005,"John Richard, Jarrade Nieber",9.0,7,23,23.99,11.94,1,0,,0
2018,9823,"Bryant, Dez",WR,0005,"John Richard, Jarrade Nieber",11.0,8,23,23.27,11.22,1,0,,0
2018,9823,"Bryant, Dez",WR,0005,"John Richard, Jarrade Nieber",12.0,9,23,24.0,11.21,1,0,,0
2018,9823,"Bryant, Dez",WR,0005,"John Richard, Jarrade Nieber",14.0,10,10,12.81,0.03,1,0,,0
2018,9823,"Bryant, Dez",WR,0002,AJ & Rico Balderelli,14.0,11,10,23.97,0.0,0,0,,1
2018,9825,"Dunlap, Carlos",DE,0009,Bear Dunn,1.0,1,2,,28.41,0,0,,0
2018,9825,"Dunlap, Carlos",DE,0008,Keith Creelman,4.0,2,6,19.98,24.39,0,1,0009,0
2018,9825,"Dunlap, Carlos",DE,0008,Keith Creelman,4.0,3,6,0.0,0.0,0,0,,1
2018,9826,"Graham, Brandon",DE,0009,Bear Dunn,1.0,1,8,,24.05,0,0,,0
2018,9826,"Graham, Brandon",DE,0006,Steve Bousquet,2.0,2,8,23.94,23.99,1,0,,0
2018,9826,"Graham, Brandon",DE,0009,Bear Dunn,2.0,3,8,0.01,0.0,0,0,,1
2018,9828,"Griffen, Everson",DE,0002,AJ & Rico Balderelli,1.0,1,16,,49.19,0,0,,0
2018,9828,"Griffen, Everson",DE,0001,Ryan Bousquet,3.0,2,16,23.88,49.07,1,0,,0
2018,9828,"Griffen, Everson",DE,0001,Ryan Bousquet,5.0,3,1,15.1,40.17,1,0,,0
2018,9828,"Griffen, Everson",DE,0001,Ryan Bousquet,6.0,4,16,9.13,25.3,0,1,0002,0
2018,9828,"Griffen, Everson",DE,0002,AJ & Rico Balderelli,7.0,5,16,23.63,24.92,0,1,0001,0
2018,9828,"Griffen, Everson",DE,0001,Ryan Bousquet,8.0,6,16,23.97,24.9,0,1,0002,0
2018,9828,"Griffen, Everson",DE,0002,AJ & Rico Balderelli,9.0,7,17,23.13,24.03,0,1,0001,0
2018,9828,"Griffen, Everson",DE,0002,AJ & Rico Balderelli,9.0,8,17,0.0,0.0,0,0,,1
2018,9831,"Tate, Golden",WR,0008,Keith Creelman,1.0,1,16,,37.64,0,0,,0
2018,9831,"Tate, Golden",WR,0002,AJ & Rico Balderelli,10.0,2,16,23.98,37.62,1,0,,0
2018,9831,"Tate, Golden",WR,0002,AJ & Rico Balderelli,15.0,3,16,23.99,37.61,1,0,,0
2018,9831,"Tate, Golden",WR,0006,Steve Bousquet,19.0,4,17,23.45,37.06,0,1,0008,0
2018,9831,"Tate, Golden",WR,0009,Bear Dunn,20.0,5,19,21.99,35.05,0,1,0006,0
2018,9831,"Tate, Golden",WR,0001,Ryan Bousquet,28.0,6,23,20.15,31.2,1,0,,0
2018,9831,"Tate, Golden",WR,0001,Ryan Bousquet,29.0,7,23,23.54,30.74,0,1,0009,0
2018,9831,"Tate, Golden",WR,0009,Bear Dunn,31.0,8,6,17.32,24.06,1,0,,0
2018,9831,"Tate, Golden",WR,0009,Bear Dunn,33.0,9,6,23.96,24.02,0,1,0001,0
2018,9831,"Tate, Golden",WR,0001,Ryan Bousquet,34.0,10,6,0.01,0.02,1,0,,0
2018,9831,"Tate, Golden",WR,0009,Bear Dunn,34.0,11,6,23.98,0.0,0,0,,1
2018,9833,"Pierre-Paul, Jason",DE,0011,Eric Mannila,1.0,1,9,,47.0,0,0,,0
2018,9833,"Pierre-Paul, Jason",DE,0008,Keith Creelman,3.0,2,9,23.78,46.78,1,0,,0
2018,9833,"Pierre-Paul, Jason",DE,0009,Bear Dunn,4.0,3,2,7.71,30.49,0,1,0011,0
2018,9833,"Pierre-Paul, Jason",DE,0011,Eric Mannila,5.0,4,8,17.54,24.03,0,1,0009,0
2018,9833,"Pierre-Paul, Jason",DE,0011,Eric Mannila,5.0,5,8,0.0,0.0,0,0,,1
2018,9846,"McCourty, Devin",S,0001,Ryan Bousquet,1.0,1,23,,24.01,0,0,,0
2018,9846,"McCourty, Devin",S,0001,Ryan Bousquet,1.0,2,23,0.0,0.0,0,0,,1
2018,9864,"Burnett, Morgan",S,0006,Steve Bousquet,1.0,1,9,,26.48,0,0,,0
2018,9864,"Burnett, Morgan",S,0001,Ryan Bousquet,2.0,2,10,22.51,24.99,1,0,,0
2018,9864,"Burnett, Morgan",S,0009,Bear Dunn,3.0,3,11,23.15,24.14,0,1,0006,0
2018,9864,"Burnett, Morgan",S,0009,Bear Dunn,3.0,4,11,0.0,0.0,0,0,,1
2018,9866,"Lee, Sean",LB,0009,Bear Dunn,1.0,1,5,,24.03,0,0,,0
2018,9866,"Lee, Sean",LB,0006,Steve Bousquet,3.0,2,8,21.2,21.23,1,0,,0
2018,9866,"Lee, Sean",LB,0006,Steve Bousquet,4.0,3,8,23.76,20.99,1,0,,0
2018,9866,"Lee, Sean",LB,0009,Bear Dunn,4.0,4,5,3.01,0.0,0,0,,1
2018,9881,"Decker, Eric",WR,0010,Shawn Blake,1.0,1,6,,42.61,0,0,,0
2018,9881,"Decker, Eric",WR,0002,AJ & Rico Balderelli,2.0,2,10,20.08,38.69,1,0,,0
2018,9881,"Decker, Eric",WR,0012,Chris Klingenberg,5.0,3,14,19.95,34.64,1,0,,0
2018,9881,"Decker, Eric",WR,0002,AJ & Rico Balderelli,6.0,4,0,13.37,24.01,0,1,0010,0
2018,9881,"Decker, Eric",WR,0002,AJ & Rico Balderelli,6.0,5,0,0.0,0.0,0,0,,1
2018,9884,"Thomas, Demaryius",WR,0007,Josh Martel,1.0,1,0,,76.46,0,0,,0
2018,9884,"Thomas, Demaryius",WR,0012,Chris Klingenberg,2.0,2,0,23.86,76.33,0,1,0007,0
2018,9884,"Thomas, Demaryius",WR,0001,Ryan Bousquet,11.0,3,0,23.97,76.29,0,1,0012,0
2018,9884,"Thomas, Demaryius",WR,0012,Chris Klingenberg,15.0,4,0,23.91,76.2,1,0,,0
2018,9884,"Thomas, Demaryius",WR,0008,Keith Creelman,16.0,5,6,18.54,70.74,0,1,0001,0
2018,9884,"Thomas, Demaryius",WR,0009,Bear Dunn,25.0,6,6,23.95,70.7,0,1,0008,0
2018,9884,"Thomas, Demaryius",WR,0008,Keith Creelman,32.0,7,6,23.25,69.95,1,0,,0
2018,9884,"Thomas, Demaryius",WR,0005,"John Richard, Jarrade Nieber",36.0,8,15,15.45,61.39,0,1,0009,0
2018,9884,"Thomas, Demaryius",WR,0004,Brian Cutting,39.0,9,7,7.9,45.29,0,1,0005,0
2018,9884,"Thomas, Demaryius",WR,0005,"John Richard, Jarrade Nieber",40.0,10,22,8.77,30.06,1,0,,0
2018,9884,"Thomas, Demaryius",WR,0005,"John Richard, Jarrade Nieber",42.0,11,22,23.99,30.05,0,1,0004,0
2018,9884,"Thomas, Demaryius",WR,0004,Brian Cutting,43.0,12,4,18.01,24.06,0,1,0005,0
2018,9884,"Thomas, Demaryius",WR,0004,Brian Cutting,43.0,13,4,0.0,0.0,0,0,,1
2018,9898,"Blount, LeGarrette",RB,0001,Ryan Bousquet,1.0,1,16,,24.69,0,0,,0
2018,9898,"Blount, LeGarrette",RB,0008,Keith Creelman,3.0,2,17,22.74,23.43,1,0,,0
2018,9898,"Blount, LeGarrette",RB,0008,Keith Creelman,4.0,3,15,2.16,1.59,1,0,,0
2018,9898,"Blount, LeGarrette",RB,0008,Keith Creelman,5.0,4,15,23.99,1.58,1,0,,0
2018,9898,"Blount, LeGarrette",RB,0001,Ryan Bousquet,5.0,5,17,22.42,0.0,0,0,,1
2018,9902,"Gronkowski, Rob",TE,0001,Ryan Bousquet,1.0,1,0,,37.51,0,0,,0
2018,9902,"Gronkowski, Rob",TE,0007,Josh Martel,30.0,2,0,23.76,37.27,0,1,0001,0
2018,9902,"Gronkowski, Rob",TE,0010,Shawn Blake,47.0,3,6,18.18,31.45,1,0,,0
2018,9902,"Gronkowski, Rob",TE,0003,Matt Gerardi,57.0,4,7,22.92,30.37,1,0,,0
2018,9902,"Gronkowski, Rob",TE,0003,Matt Gerardi,61.0,5,7,23.98,30.35,0,1,0007,0
2018,9902,"Gronkowski, Rob",TE,0010,Shawn Blake,62.0,6,8,22.85,29.2,1,0,,0
2018,9902,"Gronkowski, Rob",TE,0010,Shawn Blake,63.0,7,9,22.74,27.94,0,1,0003,0
2018,9902,"Gronkowski, Rob",TE,0007,Josh Martel,66.0,8,13,20.06,24.0,0,1,0010,0
2018,9902,"Gronkowski, Rob",TE,0007,Josh Martel,66.0,9,13,0.0,0.0,0,0,,1
2018,9912,"Dickson, Ed",TE,0004,Brian Cutting,1.0,1,5,,24.27,0,0,,0
2018,9912,"Dickson, Ed",TE,0004,Brian Cutting,1.0,2,6,0.0,0.0,0,0,,1
2019,10261,"Green, A.J.",WR,0012,Chris Klingenberg,1.0,3,21,,92.95,1,0,,0
2019,10261,"Green, A.J.",WR,0005,Rico Balderelli,2.0,4,21,23.99,92.94,1,0,,0
2019,10261,"Green, A.J.",WR,0005,Rico Balderelli,12.0,5,21,23.87,92.8,1,0,,0
2019,10261,"Green, A.J.",WR,0005,Rico Balderelli,15.0,6,21,23.9,92.7,1,0,,0
2019,10261,"Green, A.J.",WR,0012,Chris Klingenberg,16.0,7,21,23.81,92.51,1,0,,0
2019,10261,"Green, A.J.",WR,0012,Chris Klingenberg,17.0,8,6,15.04,83.55,1,0,,0
2019,10261,"Green, A.J.",WR,0012,Chris Klingenberg,20.0,9,6,23.91,83.47,1,0,,0
2019,10261,"Green, A.J.",WR,0012,Chris Klingenberg,24.0,10,6,23.96,83.42,1,0,,0
2019,10261,"Green, A.J.",WR,0006,Steve Bousquet,25.0,11,8,21.82,81.25,1,0,,0
2019,10261,"Green, A.J.",WR,0012,Chris Klingenberg,27.0,12,21,11.23,68.47,1,0,,0
2019,10261,"Green, A.J.",WR,0001,Ryan Bousquet,31.0,13,23,22.11,66.58,1,0,,0
2019,10261,"Green, A.J.",WR,0011,Eric Mannila,32.0,14,5,18.03,60.61,1,0,,0
2019,10261,"Green, A.J.",WR,0001,Ryan Bousquet,33.0,15,9,19.54,56.14,1,0,,0
2019,10261,"Green, A.J.",WR,0012,Chris Klingenberg,35.0,16,22,11.46,43.6,1,0,,0
2019,10261,"Green, A.J.",WR,0011,Eric Mannila,36.0,17,5,16.72,36.33,1,0,,0
2019,10261,"Green, A.J.",WR,0012,Chris Klingenberg,38.0,18,18,11.7,24.02,1,0,,0
2019,10261,"Green, A.J.",WR,0012,Chris Klingenberg,39.0,19,20,21.19,21.21,1,0,,0
2019,10261,"Green, A.J.",WR,0012,Chris Klingenberg,40.0,20,20,23.99,21.2,1,0,,0
2019,10261,"Green, A.J.",WR,0012,Chris Klingenberg,40.0,21,18,2.8,0.0,1,0,,1
2019,10266,"Heyward, Cameron",DE,0008,Keith Creelman,1.0,1,0,,30.77,0,0,,0
2019,10266,"Heyward, Cameron",DE,0009,Bear Dunn,2.0,2,7,17.43,24.2,0,1,0008,0
2019,10266,"Heyward, Cameron",DE,0009,Bear Dunn,2.0,3,7,0.0,0.0,0,0,,1
2019,10267,"Miller, Von",LB,0001,Ryan Bousquet,1.0,1,22,,47.94,0,0,,0
2019,10267,"Miller, Von",LB,0002,AJ & Rico Balderelli,2.0,2,8,14.34,38.28,1,0,,0
2019,10267,"Miller, Von",LB,0012,Chris Klingenberg,3.0,3,22,9.98,24.26,1,0,,0
2019,10267,"Miller, Von",LB,0012,Chris Klingenberg,4.0,4,22,23.76,24.02,0,1,0001,0
2019,10267,"Miller, Von",LB,0012,Chris Klingenberg,4.0,5,22,0.0,0.0,0,0,,1
2019,10276,"Ingram, Mark",RB,0001,Ryan Bousquet,1.0,1,8,,117.7,0,0,,0
2019,10276,"Ingram, Mark",RB,0002,AJ & Rico Balderelli,4.0,2,10,22.19,115.89,1,0,,0
2019,10276,"Ingram, Mark",RB,0002,AJ & Rico Balderelli,7.0,3,10,23.92,115.81,1,0,,0
2019,10276,"Ingram, Mark",RB,0002,AJ & Rico Balderelli,9.0,4,10,23.98,115.79,1,0,,0
2019,10276,"Ingram, Mark",RB,0002,AJ & Rico Balderelli,13.0,5,11,22.99,114.78,1,0,,0
2019,10276,"Ingram, Mark",RB,0002,AJ Balderelli,14.0,6,11,23.99,114.77,0,1,0001,0
2019,10276,"Ingram, Mark",RB,0012,Chris Klingenberg,20.0,7,21,14.25,105.02,1,0,,0
2019,10276,"Ingram, Mark",RB,0012,Chris Klingenberg,21.0,8,21,23.49,104.51,0,1,0002,0
2019,10276,"Ingram, Mark",RB,0011,Eric Mannila,25.0,9,22,23.16,103.67,1,0,,0
2019,10276,"Ingram, Mark",RB,0001,Ryan Bousquet,26.0,10,11,10.56,90.23,0,1,0012,0
2019,10276,"Ingram, Mark",RB,0012,Chris Klingenberg,29.0,11,21,14.33,80.56,0,1,0001,0
2019,10276,"Ingram, Mark",RB,0011,Eric Mannila,30.0,12,5,16.08,72.64,1,0,,0
2019,10276,"Ingram, Mark",RB,0009,Bear Dunn,31.0,13,17,11.67,60.3,0,1,0012,0
2019,10276,"Ingram, Mark",RB,0012,Chris Klingenberg,35.0,14,23,18.64,54.94,1,0,,0
2019,10276,"Ingram, Mark",RB,0012,Chris Klingenberg,40.0,15,23,23.27,54.22,0,1,0009,0
2019,10276,"Ingram, Mark",RB,0011,Eric Mannila,41.0,16,5,18.08,48.3,0,1,0012,0
2019,10276,"Ingram, Mark",RB,0012,Chris Klingenberg,42.0,17,8,21.41,45.7,0,1,0011,0
2019,10276,"Ingram, Mark",RB,0011,Eric Mannila,43.0,18,9,23.19,44.89,1,0,,0
2019,10276,"Ingram, Mark",RB,0011,Eric Mannila,44.0,19,9,23.99,44.88,1,0,,0
2019,10276,"Ingram, Mark",RB,0011,Eric Mannila,45.0,20,9,23.41,44.29,1,0,,0
2019,10276,"Ingram, Mark",RB,0011,Eric Mannila,46.0,21,6,3.75,24.04,0,1,0012,0
2019,10276,"Ingram, Mark",RB,0012,Chris Klingenberg,50.0,22,14,15.71,15.75,1,0,,0
2019,10276,"Ingram, Mark",RB,0011,Eric Mannila,50.0,23,6,8.25,0.0,0,0,,1
2019,10277,"Houston, Justin",DE,0012,Chris Klingenberg,1.0,1,23,,24.0,0,0,,0
2019,10277,"Houston, Justin",DE,0012,Chris Klingenberg,1.0,2,23,0.0,0.0,0,0,,1
2019,10292,"Jordan, Cameron",DE,0002,AJ Balderelli,1.0,1,6,,47.35,0,0,,0
2019,10292,"Jordan, Cameron",DE,0004,Brian Cutting,2.0,2,7,23.57,46.93,1,0,,0
2019,10292,"Jordan, Cameron",DE,0009,Bear Dunn,4.0,3,7,23.76,46.69,1,0,,0
2019,10292,"Jordan, Cameron",DE,0009,Bear Dunn,5.0,4,7,23.86,46.55,0,1,0002,0
2019,10292,"Jordan, Cameron",DE,0011,Eric Mannila,6.0,5,5,1.63,24.18,0,1,0009,0
2019,10292,"Jordan, Cameron",DE,0011,Eric Mannila,6.0,6,5,0.0,0.0,0,0,,1
2019,10308,"Cobb, Randall",WR,0011,Eric Mannila,1.0,1,5,,50.77,0,0,,0
2019,10308,"Cobb, Randall",WR,0010,Shawn Blake,2.0,2,22,6.95,33.72,0,1,0011,0
2019,10308,"Cobb, Randall",WR,0012,Chris Klingenberg,3.0,3,8,14.28,24.0,0,1,0010,0
2019,10308,"Cobb, Randall",WR,0011,Eric Mannila,4.0,4,18,13.74,13.74,1,0,,0
2019,10308,"Cobb, Randall",WR,0012,Chris Klingenberg,4.0,5,8,10.26,0.0,0,0,,1
2019,10312,"Rudolph, Kyle",TE,0003,Matt Gerardi,1.0,1,10,,55.97,0,0,,0
2019,10312,"Rudolph, Kyle",TE,0001,Ryan Bousquet,4.0,2,13,21.53,53.5,1,0,,0
2019,10312,"Rudolph, Kyle",TE,0012,Chris Klingenberg,5.0,3,18,19.43,48.94,0,1,0003,0
2019,10312,"Rudolph, Kyle",TE,0011,Eric Mannila,6.0,4,18,23.37,48.31,0,1,0012,0
2019,10312,"Rudolph, Kyle",TE,0003,Matt Gerardi,8.0,5,18,0.02,24.33,0,1,0011,0
2019,10312,"Rudolph, Kyle",TE,0003,Matt Gerardi,8.0,6,18,0.0,0.0,0,0,,1
2019,10335,"Casey, Jurrell",DE,0009,Bear Dunn,1.0,1,6,,24.17,0,0,,0
2019,10335,"Casey, Jurrell",DE,0009,Bear Dunn,1.0,2,6,0.0,0.0,0,0,,1
2019,10368,"Jones, Taiwan",RB,0012,Chris Klingenberg,1.0,1,22,,24.87,0,0,,0
2019,10368,"Jones, Taiwan",RB,0012,Chris Klingenberg,1.0,2,23,0.0,0.0,0,0,,1
2019,10389,"Lewis, Dion",RB,0002,AJ Balderelli,1.0,1,9,,37.56,0,0,,0
2019,10389,"Lewis, Dion",RB,0004,Brian Cutting,3.0,2,10,23.05,36.61,1,0,,0
2019,10389,"Lewis, Dion",RB,0003,Matt Gerardi,4.0,3,11,23.17,35.78,1,0,,0
2019,10389,"Lewis, Dion",RB,0004,Brian Cutting,5.0,4,14,21.02,32.8,0,1,0002,0
2019,10389,"Lewis, Dion",RB,0011,Eric Mannila,6.0,5,22,15.78,24.58,0,1,0004,0
2019,10389,"Lewis, Dion",RB,0008,Keith Creelman,7.0,6,22,23.43,24.01,0,1,0011,0
2019,10389,"Lewis, Dion",RB,0008,Keith Creelman,7.0,7,22,0.0,0.0,0,0,,1
2019,10699,"Foles, Nick",QB,0003,Matt Gerardi,1.0,1,9,,24.02,0,0,,0
2019,10699,"Foles, Nick",QB,0010,Shawn Blake,2.0,2,12,20.54,20.56,1,0,,0
2019,10699,"Foles, Nick",QB,0003,Matt Gerardi,2.0,3,9,3.44,0.0,0,0,,1
2019,10700,"Cousins, Kirk",QB,0012,Chris Klingenberg,1.0,1,22,,37.03,0,0,,0
2019,10700,"Cousins, Kirk",QB,0010,Shawn Blake,2.0,2,22,23.49,36.52,0,1,0012,0
2019,10700,"Cousins, Kirk",QB,0003,Matt Gerardi,4.0,3,22,23.8,36.32,0,1,0010,0
2019,10700,"Cousins, Kirk",QB,0012,Chris Klingenberg,5.0,4,23,23.3,35.62,0,1,0003,0
2019,10700,"Cousins, Kirk",QB,0002,AJ Balderelli,6.0,5,11,12.42,24.04,0,1,0012,0
2019,10700,"Cousins, Kirk",QB,0002,AJ Balderelli,6.0,6,11,0.0,0.0,0,0,,1
2019,10703,"Wilson, Russell",QB,0008,Keith Creelman,1.0,1,4,,41.62,0,0,,0
2019,10703,"Wilson, Russell",QB,0002,AJ Balderelli,2.0,2,5,22.39,40.02,0,1,0008,0
2019,10703,"Wilson, Russell",QB,0009,Bear Dunn,4.0,3,7,22.34,38.36,0,1,0002,0
2019,10703,"Wilson, Russell",QB,0001,Ryan Bousquet,9.0,4,7,23.84,38.2,0,1,0009,0
2019,10703,"Wilson, Russell",QB,0002,AJ Balderelli,10.0,5,10,20.72,34.92,1,0,,0
2019,10703,"Wilson, Russell",QB,0009,Bear Dunn,13.0,6,19,15.03,25.95,1,0,,0
2019,10703,"Wilson, Russell",QB,0009,Bear Dunn,15.0,7,21,22.05,24.0,0,1,0001,0
2019,10703,"Wilson, Russell",QB,0009,Bear Dunn,15.0,8,21,0.0,0.0,0,0,,1
2019,10708,"Miller, Lamar",RB,0001,Ryan Bousquet,1.0,1,8,,24.11,0,0,,0
2019,10708,"Miller, Lamar",RB,0005,Rico Balderelli,3.0,2,20,11.83,11.94,1,0,,0
2019,10708,"Miller, Lamar",RB,0002,AJ Balderelli,4.0,3,0,20.33,8.28,1,0,,0
2019,10708,"Miller, Lamar",RB,0010,Shawn Blake,5.0,4,6,18.08,2.36,1,0,,0
2019,10708,"Miller, Lamar",RB,0010,Shawn Blake,6.0,5,6,23.95,2.31,1,0,,0
2019,10708,"Miller, Lamar",RB,0010,Shawn Blake,8.0,6,6,23.97,2.28,1,0,,0
2019,10708,"Miller, Lamar",RB,0005,Rico Balderelli,9.0,7,6,23.72,2.0,1,0,,0
2019,10708,"Miller, Lamar",RB,0009,Bear Dunn,11.0,8,7,23.08,1.08,1,0,,0
2019,10708,"Miller, Lamar",RB,0001,Ryan Bousquet,11.0,9,8,22.92,0.0,0,0,,1
2019,10722,"Jeffery, Alshon",WR,0006,Steve Bousquet,1.0,1,8,,68.78,0,0,,0
2019,10722,"Jeffery, Alshon",WR,0009,Bear Dunn,15.0,2,9,23.66,68.44,0,1,0006,0
2019,10722,"Jeffery, Alshon",WR,0006,Steve Bousquet,16.0,3,21,11.82,56.27,1,0,,0
2019,10722,"Jeffery, Alshon",WR,0002,AJ Balderelli,20.0,4,6,15.25,47.52,0,1,0009,0
2019,10722,"Jeffery, Alshon",WR,0006,Steve Bousquet,21.0,5,8,21.24,44.76,0,1,0002,0
2019,10722,"Jeffery, Alshon",WR,0011,Eric Mannila,25.0,6,5,3.34,24.1,0,1,0006,0
2019,10722,"Jeffery, Alshon",WR,0006,Steve Bousquet,26.0,7,8,21.31,21.41,1,0,,0
2019,10722,"Jeffery, Alshon",WR,0011,Eric Mannila,26.0,8,5,2.59,0.0,0,0,,1
2019,10723,"Sanu, Mohamed",WR,0005,Rico Balderelli,1.0,1,8,,58.58,0,0,,0
2019,10723,"Sanu, Mohamed",WR,0006,Steve Bousquet,3.0,2,8,23.96,58.54,0,1,0005,0
2019,10723,"Sanu, Mohamed",WR,0005,Rico Balderelli,4.0,3,8,23.86,58.4,1,0,,0
2019,10723,"Sanu, Mohamed",WR,0005,Rico Balderelli,5.0,4,6,2.2,36.6,0,1,0006,0
2019,10723,"Sanu, Mohamed",WR,0006,Steve Bousquet,6.0,5,18,11.41,24.01,0,1,0005,0
2019,10723,"Sanu, Mohamed",WR,0006,Steve Bousquet,6.0,6,18,0.0,0.0,0,0,,1
2019,10749,"Ingram, Melvin",DE,0008,Keith Creelman,1.0,1,5,,24.8,0,0,,0
2019,10749,"Ingram, Melvin",DE,0004,Brian Cutting,2.0,2,6,23.3,24.09,1,0,,0
2019,10749,"Ingram, Melvin",DE,0004,Brian Cutting,3.0,3,6,23.94,24.04,0,1,0008,0
2019,10749,"Ingram, Melvin",DE,0004,Brian Cutting,3.0,4,6,0.0,0.0,0,0,,1
2019,10753,"Jones, Chandler",LB,0011,Eric Mannila,1.0,1,17,,26.96,0,0,,0
2019,10753,"Jones, Chandler",LB,0011,Eric Mannila,1.0,2,20,0.0,0.0,0,0,,1
2019,10762,"Cox, Fletcher",DT,0008,Keith Creelman,1.0,1,16,,25.26,0,0,,0
2019,10762,"Cox, Fletcher",DT,0008,Keith Creelman,1.0,2,17,0.0,0.0,0,0,,1
2019,10768,"David, Lavonte",LB,0003,Matt Gerardi,1.0,1,0,,35.27,0,0,,0
2019,10768,"David, Lavonte",LB,0006,Steve Bousquet,2.0,2,0,23.75,35.02,1,0,,0
2019,10768,"David, Lavonte",LB,0004,Brian Cutting,3.0,3,7,17.09,28.11,1,0,,0
2019,10768,"David, Lavonte",LB,0009,Bear Dunn,5.0,4,8,22.35,26.47,0,1,0003,0
2019,10768,"David, Lavonte",LB,0007,Josh Martel,7.0,5,11,21.53,24.0,0,1,0009,0
2019,10768,"David, Lavonte",LB,0007,Josh Martel,7.0,6,11,0.0,0.0,0,0,,1
2019,10775,"Wagner, Bobby",LB,0010,Shawn Blake,1.0,1,8,,39.52,0,0,,0
2019,10775,"Wagner, Bobby",LB,0006,Steve Bousquet,5.0,2,8,23.95,39.47,0,1,0010,0
2019,10775,"Wagner, Bobby",LB,0001,Ryan Bousquet,7.0,3,8,23.97,39.44,1,0,,0
2019,10775,"Wagner, Bobby",LB,0011,Eric Mannila,9.0,4,9,22.79,38.23,1,0,,0
2019,10775,"Wagner, Bobby",LB,0011,Eric Mannila,10.0,5,9,23.99,38.22,0,1,0006,0
2019,10775,"Wagner, Bobby",LB,0009,Bear Dunn,12.0,6,20,12.91,27.13,0,1,0011,0
2019,10775,"Wagner, Bobby",LB,0006,Steve Bousquet,13.0,7,22,21.74,24.86,1,0,,0
2019,10775,"Wagner, Bobby",LB,0006,Steve Bousquet,14.0,8,23,23.14,24.0,0,1,0009,0
2019,10775,"Wagner, Bobby",LB,0006,Steve Bousquet,14.0,9,23,0.0,0.0,0,0,,1
2019,10783,"Smith, Harrison",S,0012,Chris Klingenberg,1.0,1,23,,24.33,0,0,,0
2019,10783,"Smith, Harrison",S,0008,Keith Creelman,2.0,2,23,23.69,24.02,0,1,0012,0
2019,10783,"Smith, Harrison",S,0008,Keith Creelman,2.0,3,23,0.0,0.0,0,0,,1
2019,10816,"Davis, Demario",LB,0004,Brian Cutting,1.0,1,6,,71.45,0,0,,0
2019,10816,"Davis, Demario",LB,0001,Ryan Bousquet,2.0,2,7,22.75,70.19,1,0,,0
2019,10816,"Davis, Demario",LB,0009,Bear Dunn,3.0,3,9,22.45,68.65,0,1,0004,0
2019,10816,"Davis, Demario",LB,0005,Rico Balderelli,4.0,4,6,2.63,47.28,0,1,0009,0
2019,10816,"Davis, Demario",LB,0004,Brian Cutting,5.0,5,5,0.72,24.0,0,1,0005,0
2019,10816,"Davis, Demario",LB,0004,Brian Cutting,5.0,6,5,0.0,0.0,0,0,,1
2019,10823,"Hicks, Akiem",DE,0008,Keith Creelman,1.0,1,0,,66.25,0,0,,0
2019,10823,"Hicks, Akiem",DE,0006,Steve Bousquet,2.0,2,20,4.16,46.41,0,1,0008,0
2019,10823,"Hicks, Akiem",DE,0003,Matt Gerardi,3.0,3,18,1.77,24.18,0,1,0006,0
2019,10823,"Hicks, Akiem",DE,0003,Matt Gerardi,3.0,4,19,0.0,0.0,0,0,,1
2019,10847,"Whitehead, Tahir",LB,0004,Brian Cutting,1.0,1,3,,68.12,0,0,,0
2019,10847,"Whitehead, Tahir",LB,0010,Shawn Blake,2.0,2,8,18.47,62.59,0,1,0004,0
2019,10847,"Whitehead, Tahir",LB,0004,Brian Cutting,3.0,3,6,2.6,41.19,0,1,0010,0
2019,10847,"Whitehead, Tahir",LB,0012,Chris Klingenberg,4.0,4,23,6.86,24.05,0,1,0004,0
2019,10847,"Whitehead, Tahir",LB,0012,Chris Klingenberg,4.0,5,23,0.0,0.0,0,0,,1
2019,10868,"Zuerlein, Greg",PK,0007,Josh Martel,1.0,1,21,,24.05,0,0,,0
2019,10868,"Zuerlein, Greg",PK,0006,Steve Bousquet,2.0,2,21,23.95,24.01,1,0,,0
2019,10868,"Zuerlein, Greg",PK,0006,Steve Bousquet,3.0,3,21,24.0,24.0,0,1,0007,0
2019,10868,"Zuerlein, Greg",PK,0007,Josh Martel,4.0,4,11,9.92,9.92,1,0,,0
2019,10868,"Zuerlein, Greg",PK,0006,Steve Bousquet,4.0,5,21,14.08,0.0,0,0,,1
2019,10879,"Trevathan, Danny",LB,0008,Keith Creelman,1.0,1,6,,24.02,0,0,,0
2019,10879,"Trevathan, Danny",LB,0008,Keith Creelman,1.0,2,6,0.0,0.0,0,0,,1
2019,10948,"Keenum, Case",QB,0003,Matt Gerardi,1.0,1,9,,26.36,0,0,,0
2019,10948,"Keenum, Case",QB,0003,Matt Gerardi,1.0,2,11,0.0,0.0,0,0,,1
2019,10960,"Gordon, Josh",WR,0009,Bear Dunn,1.0,1,4,,27.61,0,0,,0
2019,10960,"Gordon, Josh",WR,0002,AJ Balderelli,5.0,2,5,22.45,26.06,1,0,,0
2019,10960,"Gordon, Josh",WR,0011,Eric Mannila,8.0,3,7,22.06,24.12,0,1,0009,0
2019,10960,"Gordon, Josh",WR,0003,Matt Gerardi,14.0,4,10,21.55,21.67,1,0,,0
2019,10960,"Gordon, Josh",WR,0012,Chris Klingenberg,15.0,5,21,12.95,10.62,1,0,,0
2019,10960,"Gordon, Josh",WR,0010,Shawn Blake,16.0,6,7,13.64,0.26,1,0,,0
2019,10960,"Gordon, Josh",WR,0011,Eric Mannila,16.0,7,7,23.74,0.0,0,0,,1
2019,10973,"Beasley, Cole",WR,0007,Josh Martel,1.0,1,21,,24.02,0,0,,0
2019,10973,"Beasley, Cole",WR,0001,Ryan Bousquet,2.0,2,22,22.86,22.88,1,0,,0
2019,10973,"Beasley, Cole",WR,0002,AJ Balderelli,3.0,3,10,12.01,10.89,1,0,,0
2019,10973,"Beasley, Cole",WR,0007,Josh Martel,3.0,4,21,13.11,0.0,0,0,,1
2019,10976,"Tucker, Justin",PK,0009,Bear Dunn,1.0,1,7,,24.0,0,0,,0
2019,10976,"Tucker, Justin",PK,0004,Brian Cutting,2.0,2,8,22.61,22.61,1,0,,0
2019,10976,"Tucker, Justin",PK,0009,Bear Dunn,2.0,3,7,1.39,0.0,0,0,,1
2019,11182,"Burkhead, Rex",RB,0011,Eric Mannila,1.0,1,9,,24.0,0,0,,0
2019,11182,"Burkhead, Rex",RB,0011,Eric Mannila,1.0,2,9,0.0,0.0,0,0,,1
2019,11227,"Stills, Kenny",WR,0008,Keith Creelman,1.0,1,4,,25.65,0,0,,0
2019,11227,"Stills, Kenny",WR,0008,Keith Creelman,1.0,2,6,0.0,0.0,0,0,,1
2019,11250,"Eifert, Tyler",TE,0009,Bear Dunn,1.0,1,7,,39.33,0,0,,0
2019,11250,"Eifert, Tyler",TE,0012,Chris Klingenberg,3.0,2,22,9.56,24.89,1,0,,0
2019,11250,"Eifert, Tyler",TE,0012,Chris Klingenberg,4.0,3,22,23.99,24.89,0,1,0009,0
2019,11250,"Eifert, Tyler",TE,0012,Chris Klingenberg,4.0,4,23,0.0,0.0,0,0,,1
2019,11257,"McDonald, Vance",TE,0007,Josh Martel,1.0,1,20,,69.42,0,0,,0
2019,11257,"McDonald, Vance",TE,0005,Rico Balderelli,4.0,2,20,23.77,69.19,1,0,,0
2019,11257,"McDonald, Vance",TE,0003,Matt Gerardi,7.0,3,20,23.62,68.81,1,0,,0
2019,11257,"McDonald, Vance",TE,0012,Chris Klingenberg,10.0,4,21,23.81,68.62,0,1,0007,0
2019,11257,"McDonald, Vance",TE,0010,Shawn Blake,11.0,5,7,13.69,58.31,0,1,0012,0
2019,11257,"McDonald, Vance",TE,0003,Matt Gerardi,13.0,6,19,12.36,46.67,0,1,0010,0
2019,11257,"McDonald, Vance",TE,0010,Shawn Blake,15.0,7,19,23.61,46.27,0,1,0003,0
2019,11257,"McDonald, Vance",TE,0006,Steve Bousquet,16.0,8,17,1.77,24.04,0,1,0010,0
2019,11257,"McDonald, Vance",TE,0006,Steve Bousquet,16.0,9,17,0.0,0.0,0,0,,1
2019,11267,"Ansah, Ezekiel",DE,0011,Eric Mannila,1.0,1,9,,24.04,0,0,,0
2019,11267,"Ansah, Ezekiel",DE,0011,Eric Mannila,1.0,2,9,0.0,0.0,0,0,,1
2019,11293,"Ogletree, Alec",LB,0009,Bear Dunn,1.0,1,6,,40.55,0,0,,0
2019,11293,"Ogletree, Alec",LB,0006,Steve Bousquet,2.0,2,20,10.12,26.67,1,0,,0
2019,11293,"Ogletree, Alec",LB,0007,Josh Martel,3.0,3,22,21.57,24.24,0,1,0009,0
2019,11293,"Ogletree, Alec",LB,0007,Josh Martel,3.0,4,22,0.0,0.0,0,0,,1
2019,11308,"Alonso, Kiko",LB,0008,Keith Creelman,1.0,1,0,,43.93,0,0,,0
2019,11308,"Alonso, Kiko",LB,0001,Ryan Bousquet,2.0,2,18,6.01,25.94,0,1,0008,0
2019,11308,"Alonso, Kiko",LB,0001,Ryan Bousquet,2.0,3,20,0.0,0.0,0,0,,1
2019,11313,"Mathieu, Tyrann",S,0007,Josh Martel,1.0,1,22,,35.62,0,0,,0
2019,11313,"Mathieu, Tyrann",S,0011,Eric Mannila,2.0,2,5,16.58,28.2,1,0,,0
2019,11313,"Mathieu, Tyrann",S,0011,Eric Mannila,3.0,3,9,19.89,24.09,0,1,0007,0
2019,11313,"Mathieu, Tyrann",S,0011,Eric Mannila,3.0,4,9,0.0,0.0,0,0,,1
2019,11323,"Reid, Eric",S,0011,Eric Mannila,1.0,1,9,,24.65,0,0,,0
2019,11323,"Reid, Eric",S,0006,Steve Bousquet,2.0,2,9,23.63,24.27,0,1,0011,0
2019,11323,"Reid, Eric",S,0011,Eric Mannila,3.0,3,9,23.8,24.07,0,1,0006,0
2019,11323,"Reid, Eric",S,0011,Eric Mannila,3.0,4,9,0.0,0.0,0,0,,1
2019,11327,"Jefferson, Tony",S,0009,Bear Dunn,1.0,1,5,,24.1,0,0,,0
2019,11327,"Jefferson, Tony",S,0009,Bear Dunn,1.0,2,5,0.0,0.0,0,0,,1
2019,11330,"Williams, Shawn",S,0006,Steve Bousquet,1.0,1,17,,24.08,0,0,,0
2019,11330,"Williams, Shawn",S,0009,Bear Dunn,2.0,2,6,10.17,10.25,1,0,,0
2019,11330,"Williams, Shawn",S,0010,Shawn Blake,3.0,3,8,21.9,8.15,1,0,,0
2019,11330,"Williams, Shawn",S,0006,Steve Bousquet,3.0,4,17,15.85,0.0,0,0,,1
2019,11339,"Tavecchio, Giorgio",PK,0008,Keith Creelman,1.0,1,0,,24.03,0,0,,0
2019,11339,"Tavecchio, Giorgio",PK,0008,Keith Creelman,1.0,2,0,0.0,0.0,0,0,,1
2019,11390,"Murray, Latavius",RB,0008,Keith Creelman,1.0,1,5,,24.97,0,0,,0
2019,11390,"Murray, Latavius",RB,0002,AJ Balderelli,2.0,2,6,23.03,24.0,0,1,0008,0
2019,11390,"Murray, Latavius",RB,0004,Brian Cutting,4.0,3,6,23.43,23.43,1,0,,0
2019,11390,"Murray, Latavius",RB,0009,Bear Dunn,7.0,4,7,23.13,22.56,1,0,,0
2019,11390,"Murray, Latavius",RB,0006,Steve Bousquet,13.0,5,8,22.69,21.25,1,0,,0
2019,11390,"Murray, Latavius",RB,0006,Steve Bousquet,16.0,6,22,10.1,7.34,1,0,,0
2019,11390,"Murray, Latavius",RB,0006,Steve Bousquet,18.0,7,22,23.9,7.25,1,0,,0
2019,11390,"Murray, Latavius",RB,0006,Steve Bousquet,19.0,8,22,23.99,7.24,1,0,,0
2019,11390,"Murray, Latavius",RB,0002,AJ Balderelli,19.0,9,6,16.76,0.0,0,0,,1
2019,11454,"Anderson, C.J.",RB,0012,Chris Klingenberg,1.0,1,21,,24.0,0,0,,0
2019,11454,"Anderson, C.J.",RB,0012,Chris Klingenberg,1.0,2,21,0.0,0.0,0,0,,1
2019,11516,"Doyle, Jack",TE,0010,Shawn Blake,1.0,1,6,,27.82,0,0,,0
2019,11516,"Doyle, Jack",TE,0012,Chris Klingenberg,3.0,2,9,20.32,24.14,1,0,,0
2019,11516,"Doyle, Jack",TE,0012,Chris Klingenberg,5.0,3,9,23.99,24.12,0,1,0010,0
2019,11516,"Doyle, Jack",TE,0010,Shawn Blake,6.0,4,9,23.97,24.09,0,1,0012,0
2019,11516,"Doyle, Jack",TE,0010,Shawn Blake,6.0,5,10,0.0,0.0,0,0,,1
2019,11517,"McDougald, Bradley",S,0010,Shawn Blake,1.0,1,7,,47.32,0,0,,0
2019,11517,"McDougald, Bradley",S,0009,Bear Dunn,2.0,2,7,23.78,47.1,0,1,0010,0
2019,11517,"McDougald, Bradley",S,0010,Shawn Blake,3.0,3,20,11.36,34.46,0,1,0009,0
2019,11517,"McDougald, Bradley",S,0003,Matt Gerardi,4.0,4,6,13.92,24.39,0,1,0010,0
2019,11517,"McDougald, Bradley",S,0003,Matt Gerardi,4.0,5,6,0.0,0.0,0,0,,1
2019,11644,"Carr, Derek",QB,0010,Shawn Blake,1.0,1,6,,29.13,0,0,,0
2019,11644,"Carr, Derek",QB,0002,AJ Balderelli,2.0,2,11,18.91,24.04,0,1,0010,0
2019,11644,"Carr, Derek",QB,0002,AJ Balderelli,2.0,3,11,0.0,0.0,0,0,,1
2019,11657,"Hyde, Carlos",RB,0010,Shawn Blake,1.0,1,5,,25.37,0,0,,0
2019,11657,"Hyde, Carlos",RB,0004,Brian Cutting,2.0,2,7,22.63,24.0,0,1,0010,0
2019,11657,"Hyde, Carlos",RB,0004,Brian Cutting,2.0,3,7,0.0,0.0,0,0,,1
2019,11670,"Watkins, Sammy",WR,0001,Ryan Bousquet,1.0,1,0,,33.26,0,0,,0
2019,11670,"Watkins, Sammy",WR,0004,Brian Cutting,2.0,2,6,17.53,26.8,1,0,,0
2019,11670,"Watkins, Sammy",WR,0009,Bear Dunn,8.0,3,7,23.08,25.88,1,0,,0
2019,11670,"Watkins, Sammy",WR,0009,Bear Dunn,10.0,4,7,23.99,25.88,0,1,0001,0
2019,11670,"Watkins, Sammy",WR,0001,Ryan Bousquet,13.0,5,9,22.29,24.17,0,1,0009,0
2019,11670,"Watkins, Sammy",WR,0009,Bear Dunn,15.0,6,9,23.87,24.03,0,1,0001,0
2019,11670,"Watkins, Sammy",WR,0009,Bear Dunn,15.0,7,9,0.0,0.0,0,0,,1
2019,11677,"Moncrief, Donte",WR,0002,AJ Balderelli,1.0,1,5,,42.14,0,0,,0
2019,11677,"Moncrief, Donte",WR,0009,Bear Dunn,6.0,2,7,22.52,40.65,1,0,,0
2019,11677,"Moncrief, Donte",WR,0012,Chris Klingenberg,10.0,3,21,9.89,26.54,0,1,0002,0
2019,11677,"Moncrief, Donte",WR,0006,Steve Bousquet,11.0,4,23,21.67,24.21,0,1,0012,0
2019,11677,"Moncrief, Donte",WR,0006,Steve Bousquet,11.0,5,0,0.0,0.0,0,0,,1
2019,11680,"Landry, Jarvis",WR,0006,Steve Bousquet,1.0,1,8,,92.9,0,0,,0
2019,11680,"Landry, Jarvis",WR,0002,AJ Balderelli,4.0,2,10,22.64,91.55,1,0,,0
2019,11680,"Landry, Jarvis",WR,0002,AJ Balderelli,7.0,3,11,22.89,90.44,1,0,,0
2019,11680,"Landry, Jarvis",WR,0001,Ryan Bousquet,14.0,4,12,22.98,89.42,1,0,,0
2019,11680,"Landry, Jarvis",WR,0003,Matt Gerardi,18.0,5,19,17.27,82.69,0,1,0006,0
2019,11680,"Landry, Jarvis",WR,0006,Steve Bousquet,21.0,6,20,22.57,81.26,1,0,,0
2019,11680,"Landry, Jarvis",WR,0006,Steve Bousquet,22.0,7,21,23.21,80.47,1,0,,0
2019,11680,"Landry, Jarvis",WR,0006,Steve Bousquet,24.0,8,8,12.52,68.99,1,0,,0
2019,11680,"Landry, Jarvis",WR,0006,Steve Bousquet,26.0,9,8,23.95,68.93,1,0,,0
2019,11680,"Landry, Jarvis",WR,0011,Eric Mannila,27.0,10,18,13.93,58.86,0,1,0003,0
2019,11680,"Landry, Jarvis",WR,0006,Steve Bousquet,28.0,11,23,19.14,54.0,0,1,0011,0
2019,11680,"Landry, Jarvis",WR,0011,Eric Mannila,30.0,12,5,18.28,48.29,0,1,0006,0
2019,11680,"Landry, Jarvis",WR,0006,Steve Bousquet,31.0,13,8,21.25,45.54,0,1,0011,0
2019,11680,"Landry, Jarvis",WR,0011,Eric Mannila,33.0,14,5,2.46,24.01,0,1,0006,0
2019,11680,"Landry, Jarvis",WR,0011,Eric Mannila,33.0,15,5,0.0,0.0,0,0,,1
2019,11681,"Richardson, Paul",WR,0009,Bear Dunn,1.0,1,5,,24.13,0,0,,0
2019,11681,"Richardson, Paul",WR,0009,Bear Dunn,1.0,2,6,0.0,0.0,0,0,,1
2019,11695,"Ebron, Eric",TE,0010,Shawn Blake,1.0,1,6,,40.51,0,0,,0
2019,11695,"Ebron, Eric",TE,0001,Ryan Bousquet,3.0,2,8,21.45,37.95,0,1,0010,0
2019,11695,"Ebron, Eric",TE,0006,Steve Bousquet,4.0,3,14,18.16,32.11,1,0,,0
2019,11695,"Ebron, Eric",TE,0003,Matt Gerardi,6.0,4,22,15.89,24.0,0,1,0001,0
2019,11695,"Ebron, Eric",TE,0001,Ryan Bousquet,8.0,5,22,0.02,0.02,1,0,,0
2019,11695,"Ebron, Eric",TE,0003,Matt Gerardi,8.0,6,22,23.98,0.0,0,0,,1
2019,11706,"Clowney, Jadeveon",DE,0004,Brian Cutting,1.0,1,3,,27.55,0,0,,0
2019,11706,"Clowney, Jadeveon",DE,0010,Shawn Blake,3.0,2,6,21.08,24.63,0,1,0004,0
2019,11706,"Clowney, Jadeveon",DE,0004,Brian Cutting,4.0,3,6,23.7,24.33,1,0,,0
2019,11706,"Clowney, Jadeveon",DE,0004,Brian Cutting,6.0,4,6,23.9,24.23,1,0,,0
2019,11706,"Clowney, Jadeveon",DE,0004,Brian Cutting,7.0,5,6,23.96,24.19,0,1,0010,0
2019,11706,"Clowney, Jadeveon",DE,0004,Brian Cutting,7.0,6,6,0.0,0.0,0,0,,1
2019,11711,"Ford, Dee",DE,0001,Ryan Bousquet,1.0,1,23,,24.04,0,0,,0
2019,11711,"Ford, Dee",DE,0008,Keith Creelman,2.0,2,23,23.58,23.63,1,0,,0
2019,11711,"Ford, Dee",DE,0001,Ryan Bousquet,2.0,3,23,0.37,0.0,0,0,,1
2019,11723,"Van Noy, Kyle",LB,0004,Brian Cutting,1.0,1,1,,24.09,0,0,,0
2019,11723,"Van Noy, Kyle",LB,0004,Brian Cutting,1.0,2,1,0.0,0.0,0,0,,1
2019,11728,"Mosley, C.J.",LB,0011,Eric Mannila,1.0,1,9,,47.59,0,0,,0
2019,11728,"Mosley, C.J.",LB,0010,Shawn Blake,2.0,2,9,23.98,47.57,0,1,0011,0
2019,11728,"Mosley, C.J.",LB,0009,Bear Dunn,3.0,3,11,21.5,45.07,0,1,0010,0
2019,11728,"Mosley, C.J.",LB,0012,Chris Klingenberg,5.0,4,22,13.57,34.64,1,0,,0
2019,11728,"Mosley, C.J.",LB,0011,Eric Mannila,7.0,5,8,13.41,24.05,0,1,0009,0
2019,11728,"Mosley, C.J.",LB,0011,Eric Mannila,7.0,6,8,0.0,0.0,0,0,,1
2019,11740,"Clinton-Dix, Ha Ha",S,0005,Rico Balderelli,1.0,1,8,,46.11,0,0,,0
2019,11740,"Clinton-Dix, Ha Ha",S,0006,Steve Bousquet,3.0,2,8,23.93,46.05,0,1,0005,0
2019,11740,"Clinton-Dix, Ha Ha",S,0005,Rico Balderelli,5.0,3,6,2.07,24.12,0,1,0006,0
2019,11740,"Clinton-Dix, Ha Ha",S,0005,Rico Balderelli,5.0,4,6,0.0,0.0,0,0,,1
2019,11757,"Donald, Aaron",DT,0009,Bear Dunn,1.0,1,4,,35.92,0,0,,0
2019,11757,"Donald, Aaron",DT,0002,AJ Balderelli,5.0,2,5,22.46,34.39,1,0,,0
2019,11757,"Donald, Aaron",DT,0006,Steve Bousquet,7.0,3,7,22.45,32.83,0,1,0009,0
2019,11757,"Donald, Aaron",DT,0011,Eric Mannila,9.0,4,7,23.34,32.17,1,0,,0
2019,11757,"Donald, Aaron",DT,0011,Eric Mannila,10.0,5,7,23.99,32.16,1,0,,0
2019,11757,"Donald, Aaron",DT,0011,Eric Mannila,11.0,6,9,22.47,30.64,1,0,,0
2019,11757,"Donald, Aaron",DT,0011,Eric Mannila,12.0,7,9,23.9,30.54,1,0,,0
2019,11757,"Donald, Aaron",DT,0002,AJ Balderelli,15.0,8,10,23.19,29.72,1,0,,0
2019,11757,"Donald, Aaron",DT,0002,AJ Balderelli,17.0,9,11,22.93,28.65,1,0,,0
2019,11757,"Donald, Aaron",DT,0002,AJ Balderelli,18.0,10,12,23.06,27.71,1,0,,0
2019,11757,"Donald, Aaron",DT,0002,AJ Balderelli,19.0,11,12,23.99,27.7,0,1,0006,0
2019,11757,"Donald, Aaron",DT,0007,Josh Martel,20.0,12,16,20.32,24.03,0,1,0002,0
2019,11757,"Donald, Aaron",DT,0007,Josh Martel,20.0,13,16,0.0,0.0,0,0,,1
2019,11761,"McKinnon, Jerick",RB,0012,Chris Klingenberg,1.0,1,14,,32.46,0,0,,0
2019,11761,"McKinnon, Jerick",RB,0009,Bear Dunn,2.0,2,14,23.83,32.29,0,1,0012,0
2019,11761,"McKinnon, Jerick",RB,0012,Chris Klingenberg,5.0,3,14,23.78,32.07,1,0,,0
2019,11761,"McKinnon, Jerick",RB,0012,Chris Klingenberg,7.0,4,22,16.11,24.18,1,0,,0
2019,11761,"McKinnon, Jerick",RB,0012,Chris Klingenberg,10.0,5,22,23.88,24.06,0,1,0009,0
2019,11761,"McKinnon, Jerick",RB,0012,Chris Klingenberg,10.0,6,22,0.0,0.0,0,0,,1
2019,11769,"Lawrence, Demarcus",DE,0006,Steve Bousquet,1.0,1,0,,24.01,0,0,,0
2019,11769,"Lawrence, Demarcus",DE,0009,Bear Dunn,3.0,2,7,16.84,16.85,1,0,,0
2019,11769,"Lawrence, Demarcus",DE,0009,Bear Dunn,5.0,3,7,23.84,16.69,1,0,,0
2019,11769,"Lawrence, Demarcus",DE,0002,AJ Balderelli,6.0,4,12,18.6,11.29,1,0,,0
2019,11769,"Lawrence, Demarcus",DE,0006,Steve Bousquet,6.0,5,0,12.71,0.0,0,0,,1
2019,11772,"Kirksey, Christian",LB,0008,Keith Creelman,1.0,1,6,,24.87,0,0,,0
2019,11772,"Kirksey, Christian",LB,0009,Bear Dunn,2.0,2,6,23.21,24.08,0,1,0008,0
2019,11772,"Kirksey, Christian",LB,0006,Steve Bousquet,3.0,3,22,7.97,8.05,1,0,,0
2019,11772,"Kirksey, Christian",LB,0009,Bear Dunn,3.0,4,6,15.95,0.0,0,0,,1
2019,11795,"Hitchens, Anthony",LB,0004,Brian Cutting,1.0,1,5,,35.91,0,0,,0
2019,11795,"Hitchens, Anthony",LB,0009,Bear Dunn,2.0,2,7,22.22,34.13,0,1,0004,0
2019,11795,"Hitchens, Anthony",LB,0004,Brian Cutting,3.0,3,17,13.92,24.05,0,1,0009,0
2019,11795,"Hitchens, Anthony",LB,0004,Brian Cutting,3.0,4,17,0.0,0.0,0,0,,1
2019,11840,"O'Donnell, Pat",PN,0011,Eric Mannila,1.0,1,6,,24.01,0,0,,0
2019,11840,"O'Donnell, Pat",PN,0011,Eric Mannila,1.0,2,6,0.0,0.0,0,0,,1
2019,11850,"Enunwa, Quincy",WR,0002,AJ Balderelli,1.0,1,8,,38.72,0,0,,0
2019,11850,"Enunwa, Quincy",WR,0006,Steve Bousquet,4.0,2,9,23.38,38.1,0,1,0002,0
2019,11850,"Enunwa, Quincy",WR,0002,AJ Balderelli,6.0,3,9,23.99,38.08,0,1,0006,0
2019,11850,"Enunwa, Quincy",WR,0012,Chris Klingenberg,7.0,4,23,9.97,24.05,0,1,0002,0
2019,11850,"Enunwa, Quincy",WR,0012,Chris Klingenberg,7.0,5,23,0.0,0.0,0,0,,1
2019,11886,"Williams, Damien",RB,0002,AJ Balderelli,1.0,1,0,,28.67,0,0,,0
2019,11886,"Williams, Damien",RB,0003,Matt Gerardi,5.0,2,0,23.83,28.5,1,0,,0
2019,11886,"Williams, Damien",RB,0003,Matt Gerardi,10.0,3,0,23.97,28.47,1,0,,0
2019,11886,"Williams, Damien",RB,0008,Keith Creelman,34.0,4,4,19.93,24.41,0,1,0002,0
2019,11886,"Williams, Damien",RB,0002,AJ Balderelli,37.0,5,5,22.73,23.13,1,0,,0
2019,11886,"Williams, Damien",RB,0011,Eric Mannila,38.0,6,7,22.04,21.17,1,0,,0
2019,11886,"Williams, Damien",RB,0002,AJ Balderelli,44.0,7,10,21.31,18.48,1,0,,0
2019,11886,"Williams, Damien",RB,0002,AJ Balderelli,45.0,8,10,23.97,18.45,1,0,,0
2019,11886,"Williams, Damien",RB,0007,Josh Martel,50.0,9,19,14.58,9.03,1,0,,0
2019,11886,"Williams, Damien",RB,0008,Keith Creelman,50.0,10,4,14.97,0.0,0,0,,1
2019,11945,"Santos, Cairo",PK,0010,Shawn Blake,1.0,1,6,,24.0,0,0,,0
2019,11945,"Santos, Cairo",PK,0010,Shawn Blake,1.0,2,6,0.0,0.0,0,0,,1
2019,11975,"Gabriel, Taylor",WR,0008,Keith Creelman,1.0,1,5,,48.54,0,0,,0
2019,11975,"Gabriel, Taylor",WR,0006,Steve Bousquet,2.0,2,20,8.85,33.39,1,0,,0
2019,11975,"Gabriel, Taylor",WR,0006,Steve Bousquet,3.0,3,22,21.65,31.04,0,1,0008,0
2019,11975,"Gabriel, Taylor",WR,0006,Steve Bousquet,3.0,4,6,0.0,0.0,0,0,,1
2019,11985,"Way, Tress",PN,0003,Matt Gerardi,1.0,1,12,,24.14,0,0,,0
2019,11985,"Way, Tress",PN,0005,Rico Balderelli,2.0,2,12,23.96,24.09,1,0,,0
2019,11985,"Way, Tress",PN,0003,Matt Gerardi,2.0,3,12,0.0,0.0,0,0,,1
2019,12088,"Phillips, Adrian",S,0010,Shawn Blake,1.0,1,6,,37.64,0,0,,0
2019,12088,"Phillips, Adrian",S,0006,Steve Bousquet,4.0,2,6,23.75,37.4,0,1,0010,0
2019,12088,"Phillips, Adrian",S,0010,Shawn Blake,5.0,3,7,23.67,37.07,0,1,0006,0
2019,12088,"Phillips, Adrian",S,0006,Steve Bousquet,6.0,4,20,10.93,24.0,0,1,0010,0
2019,12088,"Phillips, Adrian",S,0006,Steve Bousquet,6.0,5,20,0.0,0.0,0,0,,1
2019,12141,"Mariota, Marcus",QB,0010,Shawn Blake,1.0,1,6,,24.0,0,0,,0
2019,12141,"Mariota, Marcus",QB,0010,Shawn Blake,1.0,2,6,0.0,0.0,0,0,,1
2019,12154,"Ajayi, Jay",RB,0008,Keith Creelman,1.0,1,0,,34.04,0,0,,0
2019,12154,"Ajayi, Jay",RB,0002,AJ Balderelli,3.0,2,10,14.19,24.22,0,1,0008,0
2019,12154,"Ajayi, Jay",RB,0007,Josh Martel,4.0,3,10,0.06,0.28,1,0,,0
2019,12154,"Ajayi, Jay",RB,0002,AJ Balderelli,4.0,4,10,23.72,0.0,0,0,,1
2019,12164,"Davis, Mike",RB,0006,Steve Bousquet,1.0,1,20,,24.01,0,0,,0
2019,12164,"Davis, Mike",RB,0008,Keith Creelman,2.0,2,19,1.21,1.21,1,0,,0
2019,12164,"Davis, Mike",RB,0006,Steve Bousquet,2.0,3,20,22.79,0.0,0,0,,1
2019,12176,"Parker, DeVante",WR,0008,Keith Creelman,1.0,1,5,,29.65,0,0,,0
2019,12176,"Parker, DeVante",WR,0002,AJ Balderelli,2.0,2,11,18.4,24.05,0,1,0008,0
2019,12176,"Parker, DeVante",WR,0011,Eric Mannila,4.0,3,9,2.06,2.11,1,0,,0
2019,12176,"Parker, DeVante",WR,0002,AJ Balderelli,4.0,4,11,21.89,0.0,0,0,,1
2019,12181,"Agholor, Nelson",WR,0007,Josh Martel,1.0,1,23,,29.11,0,0,,0
2019,12181,"Agholor, Nelson",WR,0007,Josh Martel,1.0,2,4,0.0,0.0,0,0,,1
2019,12187,"Lockett, Tyler",WR,0005,Rico Balderelli,1.0,1,8,,46.09,0,0,,0
2019,12187,"Lockett, Tyler",WR,0006,Steve Bousquet,28.0,2,8,23.96,46.05,1,0,,0
2019,12187,"Lockett, Tyler",WR,0006,Steve Bousquet,29.0,3,8,23.99,46.04,0,1,0005,0
2019,12187,"Lockett, Tyler",WR,0005,Rico Balderelli,30.0,4,8,23.96,46.0,0,1,0006,0
2019,12187,"Lockett, Tyler",WR,0006,Steve Bousquet,31.0,5,8,23.95,45.95,0,1,0005,0
2019,12187,"Lockett, Tyler",WR,0005,Rico Balderelli,32.0,6,8,23.92,45.87,0,1,0006,0
2019,12187,"Lockett, Tyler",WR,0006,Steve Bousquet,33.0,7,17,14.81,36.68,0,1,0005,0
2019,12187,"Lockett, Tyler",WR,0005,Rico Balderelli,34.0,8,18,22.57,35.25,0,1,0006,0
2019,12187,"Lockett, Tyler",WR,0006,Steve Bousquet,35.0,9,20,22.44,33.69,0,1,0005,0
2019,12187,"Lockett, Tyler",WR,0002,AJ Balderelli,36.0,10,6,14.31,24.0,0,1,0006,0
2019,12187,"Lockett, Tyler",WR,0006,Steve Bousquet,38.0,11,22,7.44,7.44,1,0,,0
2019,12187,"Lockett, Tyler",WR,0006,Steve Bousquet,40.0,12,22,23.95,7.39,1,0,,0
2019,12187,"Lockett, Tyler",WR,0006,Steve Bousquet,42.0,13,22,23.85,7.24,1,0,,0
2019,12187,"Lockett, Tyler",WR,0006,Steve Bousquet,44.0,14,23,23.85,7.09,1,0,,0
2019,12187,"Lockett, Tyler",WR,0006,Steve Bousquet,46.0,15,23,23.29,6.38,1,0,,0
2019,12187,"Lockett, Tyler",WR,0002,AJ Balderelli,46.0,16,6,17.62,0.0,0,0,,1
2019,12188,"Dorsett, Phillip",WR,0003,Matt Gerardi,1.0,1,9,,24.69,0,0,,0
2019,12188,"Dorsett, Phillip",WR,0003,Matt Gerardi,1.0,2,10,0.0,0.0,0,0,,1
2019,12197,"Perriman, Breshad",WR,0008,Keith Creelman,1.0,1,4,,25.52,0,0,,0
2019,12197,"Perriman, Breshad",WR,0008,Keith Creelman,1.0,2,6,0.0,0.0,0,0,,1
2019,12205,"Funchess, Devin",WR,0006,Steve Bousquet,1.0,1,0,,30.61,0,0,,0
2019,12205,"Funchess, Devin",WR,0009,Bear Dunn,6.0,2,6,17.68,24.29,0,1,0006,0
2019,12205,"Funchess, Devin",WR,0009,Bear Dunn,6.0,3,7,0.0,0.0,0,0,,1
2019,12222,"Flowers, Trey",DE,0009,Bear Dunn,1.0,1,6,,32.08,0,0,,0
2019,12222,"Flowers, Trey",DE,0006,Steve Bousquet,2.0,2,6,23.91,31.99,1,0,,0
2019,12222,"Flowers, Trey",DE,0012,Chris Klingenberg,3.0,3,14,16.25,24.24,0,1,0009,0
2019,12222,"Flowers, Trey",DE,0012,Chris Klingenberg,3.0,4,14,0.0,0.0,0,0,,1
2019,12231,"Thompson, Shaq",LB,0010,Shawn Blake,1.0,1,6,,24.03,0,0,,0
2019,12231,"Thompson, Shaq",LB,0010,Shawn Blake,1.0,2,6,0.0,0.0,0,0,,1
2019,12233,"Alexander, Kwon",LB,0006,Steve Bousquet,1.0,1,6,,39.85,0,0,,0
2019,12233,"Alexander, Kwon",LB,0010,Shawn Blake,3.0,2,7,23.84,39.68,1,0,,0
2019,12233,"Alexander, Kwon",LB,0010,Shawn Blake,4.0,3,10,20.67,36.35,1,0,,0
2019,12233,"Alexander, Kwon",LB,0012,Chris Klingenberg,5.0,4,22,11.73,24.08,0,1,0006,0
2019,12233,"Alexander, Kwon",LB,0012,Chris Klingenberg,5.0,5,22,0.0,0.0,0,0,,1
2019,12261,"Montgomery, Ty",RB,0007,Josh Martel,1.0,1,16,,24.0,0,0,,0
2019,12261,"Montgomery, Ty",RB,0010,Shawn Blake,2.0,2,10,6.48,6.48,1,0,,0
2019,12261,"Montgomery, Ty",RB,0007,Josh Martel,2.0,3,16,17.52,0.0,0,0,,1
2019,12263,"Waller, Darren",TE,0006,Steve Bousquet,1.0,1,0,,24.1,0,0,,0
2019,12263,"Waller, Darren",TE,0010,Shawn Blake,3.0,2,7,16.1,16.2,1,0,,0
2019,12263,"Waller, Darren",TE,0005,Rico Balderelli,4.0,3,8,23.47,15.67,1,0,,0
2019,12263,"Waller, Darren",TE,0010,Shawn Blake,5.0,4,21,11.02,2.7,1,0,,0
2019,12263,"Waller, Darren",TE,0010,Shawn Blake,6.0,5,22,22.74,1.44,1,0,,0
2019,12263,"Waller, Darren",TE,0006,Steve Bousquet,6.0,6,0,22.56,0.0,0,0,,1
2019,12269,"Randall, Damarious",S,0006,Steve Bousquet,1.0,1,23,,30.88,0,0,,0
2019,12269,"Randall, Damarious",S,0006,Steve Bousquet,1.0,2,6,0.0,0.0,0,0,,1
2019,12272,"McKinney, Benardrick",LB,0010,Shawn Blake,1.0,1,6,,24.62,0,0,,0
2019,12272,"McKinney, Benardrick",LB,0010,Shawn Blake,1.0,2,6,0.0,0.0,0,0,,1
2019,12274,"Tartt, Jaquiski",S,0010,Shawn Blake,1.0,1,6,,27.84,0,0,,0
2019,12274,"Tartt, Jaquiski",S,0012,Chris Klingenberg,2.0,2,9,20.3,24.14,1,0,,0
2019,12274,"Tartt, Jaquiski",S,0012,Chris Klingenberg,3.0,3,9,23.99,24.12,0,1,0010,0
2019,12274,"Tartt, Jaquiski",S,0010,Shawn Blake,4.0,4,9,23.97,24.09,0,1,0012,0
2019,12274,"Tartt, Jaquiski",S,0010,Shawn Blake,4.0,5,10,0.0,0.0,0,0,,1
2019,12280,"Clark, Frank",DE,0002,AJ Balderelli,1.0,1,9,,24.02,0,0,,0
2019,12280,"Clark, Frank",DE,0006,Steve Bousquet,2.0,2,11,22.21,22.24,1,0,,0
2019,12280,"Clark, Frank",DE,0006,Steve Bousquet,3.0,3,11,23.99,22.22,1,0,,0
2019,12280,"Clark, Frank",DE,0001,Ryan Bousquet,4.0,4,13,21.62,19.85,1,0,,0
2019,12280,"Clark, Frank",DE,0011,Eric Mannila,5.0,5,22,15.41,11.25,1,0,,0
2019,12280,"Clark, Frank",DE,0011,Eric Mannila,6.0,6,22,23.78,11.03,1,0,,0
2019,12280,"Clark, Frank",DE,0002,AJ Balderelli,6.0,7,9,12.97,0.0,0,0,,1
2019,12287,"Hicks, Jordan",LB,0004,Brian Cutting,1.0,1,5,,28.93,0,0,,0
2019,12287,"Hicks, Jordan",LB,0008,Keith Creelman,2.0,2,9,20.52,25.45,0,1,0004,0
2019,12287,"Hicks, Jordan",LB,0010,Shawn Blake,3.0,3,10,22.62,24.07,0,1,0008,0
2019,12287,"Hicks, Jordan",LB,0010,Shawn Blake,3.0,4,10,0.0,0.0,0,0,,1
2019,12295,"Geathers, Clayton",S,0010,Shawn Blake,1.0,1,6,,24.33,0,0,,0
2019,12295,"Geathers, Clayton",S,0009,Bear Dunn,2.0,2,6,23.9,24.23,1,0,,0
2019,12295,"Geathers, Clayton",S,0010,Shawn Blake,2.0,3,6,0.0,0.0,0,0,,1
2019,12308,"Amos, Adrian",S,0009,Bear Dunn,1.0,1,7,,24.1,0,0,,0
2019,12308,"Amos, Adrian",S,0009,Bear Dunn,1.0,2,7,0.0,0.0,0,0,,1
2019,12317,"Uzomah, C.J.",TE,0012,Chris Klingenberg,1.0,1,22,,24.88,0,0,,0
2019,12317,"Uzomah, C.J.",TE,0012,Chris Klingenberg,1.0,2,23,0.0,0.0,0,0,,1
2019,12386,"Brown, Malcolm",RB,0007,Josh Martel,1.0,1,23,,42.77,0,0,,0
2019,12386,"Brown, Malcolm",RB,0009,Bear Dunn,2.0,2,16,7.51,26.28,1,0,,0
2019,12386,"Brown, Malcolm",RB,0009,Bear Dunn,3.0,3,18,21.98,24.26,1,0,,0
2019,12386,"Brown, Malcolm",RB,0009,Bear Dunn,4.0,4,18,24.0,24.25,0,1,0007,0
2019,12386,"Brown, Malcolm",RB,0009,Bear Dunn,4.0,5,18,0.0,0.0,0,0,,1
2019,12437,"Myers, Jason",PK,0004,Brian Cutting,1.0,1,4,,24.36,0,0,,0
2019,12437,"Myers, Jason",PK,0004,Brian Cutting,1.0,2,4,0.0,0.0,0,0,,1
2019,12443,"Kumerow, Jake",WR,0007,Josh Martel,1.0,1,23,,30.43,0,0,,0
2019,12443,"Kumerow, Jake",WR,0006,Steve Bousquet,3.0,2,0,23.09,29.52,0,1,0007,0
2019,12443,"Kumerow, Jake",WR,0006,Steve Bousquet,3.0,3,5,0.0,0.0,0,0,,1
2019,12596,"LaCosse, Matt",TE,0007,Josh Martel,1.0,1,17,,24.2,0,0,,0
2019,12596,"LaCosse, Matt",TE,0003,Matt Gerardi,2.0,2,20,20.55,20.75,1,0,,0
2019,12596,"LaCosse, Matt",TE,0007,Josh Martel,2.0,3,17,3.25,0.0,0,0,,1
2019,12616,"Brissett, Jacoby",QB,0009,Bear Dunn,1.0,1,7,,38.17,0,0,,0
2019,12616,"Brissett, Jacoby",QB,0012,Chris Klingenberg,3.0,2,21,10.0,24.17,1,0,,0
2019,12616,"Brissett, Jacoby",QB,0012,Chris Klingenberg,4.0,3,21,24.0,24.16,0,1,0009,0
2019,12616,"Brissett, Jacoby",QB,0012,Chris Klingenberg,4.0,4,21,0.0,0.0,0,0,,1
2019,12620,"Prescott, Dak",QB,0010,Shawn Blake,1.0,1,6,,72.21,0,0,,0
2019,12620,"Prescott, Dak",QB,0005,Rico Balderelli,4.0,2,6,23.66,71.87,0,1,0010,0
2019,12620,"Prescott, Dak",QB,0010,Shawn Blake,5.0,3,7,23.22,71.1,0,1,0005,0
2019,12620,"Prescott, Dak",QB,0002,AJ Balderelli,6.0,4,6,0.89,47.99,0,1,0010,0
2019,12620,"Prescott, Dak",QB,0007,Josh Martel,7.0,5,6,0.09,24.08,1,0,,0
2019,12620,"Prescott, Dak",QB,0007,Josh Martel,8.0,6,6,23.98,24.06,1,0,,0
2019,12620,"Prescott, Dak",QB,0007,Josh Martel,9.0,7,6,23.98,24.04,0,1,0002,0
2019,12620,"Prescott, Dak",QB,0007,Josh Martel,9.0,8,6,0.0,0.0,0,0,,1
2019,12640,"Ferguson, Josh",RB,0003,Matt Gerardi,1.0,1,12,,24.44,0,0,,0
2019,12640,"Ferguson, Josh",RB,0003,Matt Gerardi,1.0,2,13,0.0,0.0,0,0,,1
2019,12648,"Doctson, Josh",WR,0002,AJ Balderelli,1.0,1,10,,24.01,0,0,,0
2019,12648,"Doctson, Josh",WR,0002,AJ Balderelli,1.0,2,10,0.0,0.0,0,0,,1
2019,12656,"Higgins, Rashard",WR,0006,Steve Bousquet,1.0,1,6,,24.02,0,0,,0
2019,12656,"Higgins, Rashard",WR,0010,Shawn Blake,2.0,2,10,20.47,20.49,1,0,,0
2019,12656,"Higgins, Rashard",WR,0007,Josh Martel,4.0,3,21,13.13,9.62,1,0,,0
2019,12656,"Higgins, Rashard",WR,0007,Josh Martel,5.0,4,6,14.76,0.38,1,0,,0
2019,12656,"Higgins, Rashard",WR,0006,Steve Bousquet,5.0,5,6,23.62,0.0,0,0,,1
2019,12658,"Shepard, Sterling",WR,0006,Steve Bousquet,1.0,1,0,,46.49,0,0,,0
2019,12658,"Shepard, Sterling",WR,0001,Ryan Bousquet,5.0,2,0,23.9,46.39,1,0,,0
2019,12658,"Shepard, Sterling",WR,0001,Ryan Bousquet,15.0,3,8,15.54,37.94,0,1,0006,0
2019,12658,"Shepard, Sterling",WR,0006,Steve Bousquet,19.0,4,8,23.86,37.8,0,1,0001,0
2019,12658,"Shepard, Sterling",WR,0003,Matt Gerardi,21.0,5,22,10.21,24.01,0,1,0006,0
2019,12658,"Shepard, Sterling",WR,0006,Steve Bousquet,22.0,6,22,23.92,23.93,1,0,,0
2019,12658,"Shepard, Sterling",WR,0006,Steve Bousquet,24.0,7,22,23.7,23.63,1,0,,0
2019,12658,"Shepard, Sterling",WR,0006,Steve Bousquet,25.0,8,23,23.31,22.94,1,0,,0
2019,12658,"Shepard, Sterling",WR,0003,Matt Gerardi,25.0,9,22,1.06,0.0,0,0,,1
2019,12665,"Allison, Geronimo",WR,0003,Matt Gerardi,1.0,1,9,,24.02,0,0,,0
2019,12665,"Allison, Geronimo",WR,0006,Steve Bousquet,6.0,2,12,21.39,21.41,1,0,,0
2019,12665,"Allison, Geronimo",WR,0002,AJ Balderelli,7.0,3,14,22.38,19.79,1,0,,0
2019,12665,"Allison, Geronimo",WR,0005,Rico Balderelli,8.0,4,20,17.64,13.43,1,0,,0
2019,12665,"Allison, Geronimo",WR,0006,Steve Bousquet,9.0,5,8,11.82,1.25,1,0,,0
2019,12665,"Allison, Geronimo",WR,0003,Matt Gerardi,9.0,6,10,22.75,0.0,0,0,,1
2019,12702,"Jack, Myles",LB,0004,Brian Cutting,1.0,1,3,,26.98,0,0,,0
2019,12702,"Jack, Myles",LB,0010,Shawn Blake,3.0,2,6,21.09,24.07,0,1,0004,0
2019,12702,"Jack, Myles",LB,0004,Brian Cutting,4.0,3,6,23.61,23.68,1,0,,0
2019,12702,"Jack, Myles",LB,0003,Matt Gerardi,5.0,4,20,10.45,10.13,1,0,,0
2019,12702,"Jack, Myles",LB,0010,Shawn Blake,5.0,5,6,13.87,0.0,0,0,,1
2019,12711,"Ramsey, Jalen",CB,0006,Steve Bousquet,1.0,1,22,,24.01,0,0,,0
2019,12711,"Ramsey, Jalen",CB,0006,Steve Bousquet,1.0,2,22,0.0,0.0,0,0,,1
2019,12718,"Bell, Vonn",S,0010,Shawn Blake,1.0,1,6,,25.05,0,0,,0
2019,12718,"Bell, Vonn",S,0010,Shawn Blake,1.0,2,7,0.0,0.0,0,0,,1
2019,12741,"Jones, Chris",DT,0003,Matt Gerardi,1.0,1,0,,94.73,0,0,,0
2019,12741,"Jones, Chris",DT,0001,Ryan Bousquet,4.0,2,1,22.94,93.67,1,0,,0
2019,12741,"Jones, Chris",DT,0006,Steve Bousquet,5.0,3,8,16.47,86.15,0,1,0003,0
2019,12741,"Jones, Chris",DT,0003,Matt Gerardi,6.0,4,10,21.76,83.91,0,1,0006,0
2019,12741,"Jones, Chris",DT,0001,Ryan Bousquet,7.0,5,8,2.56,62.47,1,0,,0
2019,12741,"Jones, Chris",DT,0001,Ryan Bousquet,8.0,6,8,23.98,62.45,0,1,0003,0
2019,12741,"Jones, Chris",DT,0007,Josh Martel,9.0,7,21,10.93,49.38,0,1,0001,0
2019,12741,"Jones, Chris",DT,0003,Matt Gerardi,10.0,8,15,6.25,31.64,1,0,,0
2019,12741,"Jones, Chris",DT,0003,Matt Gerardi,12.0,9,19,19.57,27.2,1,0,,0
2019,12741,"Jones, Chris",DT,0003,Matt Gerardi,13.0,10,20,22.84,26.04,0,1,0007,0
2019,12741,"Jones, Chris",DT,0006,Steve Bousquet,14.0,11,22,21.99,24.03,0,1,0003,0
2019,12741,"Jones, Chris",DT,0006,Steve Bousquet,14.0,12,22,0.0,0.0,0,0,,1
2019,12756,"Ngakoue, Yannick",DE,0003,Matt Gerardi,1.0,1,0,,29.03,0,0,,0
2019,12756,"Ngakoue, Yannick",DE,0003,Matt Gerardi,1.0,2,5,0.0,0.0,0,0,,1
2019,12762,"Vigil, Nick",LB,0004,Brian Cutting,1.0,1,4,,26.22,0,0,,0
2019,12762,"Vigil, Nick",LB,0010,Shawn Blake,2.0,2,6,21.98,24.2,0,1,0004,0
2019,12762,"Vigil, Nick",LB,0010,Shawn Blake,2.0,3,6,0.0,0.0,0,0,,1
2019,12767,"Simmons, Justin",S,0003,Matt Gerardi,1.0,1,6,,24.28,0,0,,0
2019,12767,"Simmons, Justin",S,0003,Matt Gerardi,1.0,2,6,0.0,0.0,0,0,,1
2019,12773,"Moore, Chris",WR,0005,Rico Balderelli,1.0,1,6,,36.55,0,0,,0
2019,12773,"Moore, Chris",WR,0006,Steve Bousquet,2.0,2,8,21.78,34.33,0,1,0005,0
2019,12773,"Moore, Chris",WR,0005,Rico Balderelli,3.0,3,18,13.67,24.0,0,1,0006,0
2019,12773,"Moore, Chris",WR,0005,Rico Balderelli,3.0,4,18,0.0,0.0,0,0,,1
2019,12785,"Robinson, Demarcus",WR,0006,Steve Bousquet,1.0,1,11,,24.08,0,0,,0
2019,12785,"Robinson, Demarcus",WR,0006,Steve Bousquet,1.0,2,12,0.0,0.0,0,0,,1
2019,12844,"Edwards, Lachlan",PN,0009,Bear Dunn,1.0,1,7,,24.13,0,0,,0
2019,12844,"Edwards, Lachlan",PN,0009,Bear Dunn,1.0,2,7,0.0,0.0,0,0,,1
2019,12860,"Fairbairn, Ka'imi",PK,0005,Rico Balderelli,1.0,1,8,,24.23,0,0,,0
2019,12860,"Fairbairn, Ka'imi",PK,0006,Steve Bousquet,2.0,2,23,8.47,8.69,1,0,,0
2019,12860,"Fairbairn, Ka'imi",PK,0006,Steve Bousquet,3.0,3,23,23.98,8.67,1,0,,0
2019,12860,"Fairbairn, Ka'imi",PK,0005,Rico Balderelli,3.0,4,8,15.33,0.0,0,0,,1
2019,12912,"Richard, Jalen",RB,0002,AJ Balderelli,1.0,1,11,,35.87,0,0,,0
2019,12912,"Richard, Jalen",RB,0009,Bear Dunn,2.0,2,14,21.13,33.0,0,1,0002,0
2019,12912,"Richard, Jalen",RB,0002,AJ Balderelli,3.0,3,15,23.47,32.47,1,0,,0
2019,12912,"Richard, Jalen",RB,0002,AJ Balderelli,4.0,4,15,24.0,32.46,0,1,0009,0
2019,12912,"Richard, Jalen",RB,0006,Steve Bousquet,5.0,5,23,15.68,24.14,0,1,0002,0
2019,12912,"Richard, Jalen",RB,0006,Steve Bousquet,5.0,6,23,0.0,0.0,0,0,,1
2019,12938,"Poole, Brian",CB,0003,Matt Gerardi,1.0,1,9,,24.04,0,0,,0
2019,12938,"Poole, Brian",CB,0003,Matt Gerardi,1.0,2,9,0.0,0.0,0,0,,1
2019,12956,"Lutz, Wil",PK,0002,AJ Balderelli,1.0,1,5,,24.05,0,0,,0
2019,12956,"Lutz, Wil",PK,0010,Shawn Blake,2.0,2,8,20.62,20.67,1,0,,0
2019,12956,"Lutz, Wil",PK,0002,AJ Balderelli,2.0,3,5,3.33,0.0,0,0,,1
2019,12985,"Littleton, Cory",LB,0009,Bear Dunn,1.0,1,7,,24.01,0,0,,0
2019,12985,"Littleton, Cory",LB,0001,Ryan Bousquet,3.0,2,8,22.8,22.81,1,0,,0
2019,12985,"Littleton, Cory",LB,0001,Ryan Bousquet,4.0,3,9,23.32,22.13,1,0,,0
2019,12985,"Littleton, Cory",LB,0003,Matt Gerardi,6.0,4,23,9.44,7.57,1,0,,0
2019,12985,"Littleton, Cory",LB,0011,Eric Mannila,7.0,5,5,18.5,2.07,1,0,,0
2019,12985,"Littleton, Cory",LB,0009,Bear Dunn,7.0,6,7,21.93,0.0,0,0,,1
2019,13026,"Onwuasor, Patrick",LB,0011,Eric Mannila,1.0,1,7,,25.67,0,0,,0
2019,13026,"Onwuasor, Patrick",LB,0010,Shawn Blake,2.0,2,8,22.49,24.16,0,1,0011,0
2019,13026,"Onwuasor, Patrick",LB,0010,Shawn Blake,2.0,3,9,0.0,0.0,0,0,,1
2019,13135,"Gallman, Wayne",RB,0009,Bear Dunn,1.0,1,8,,24.02,0,0,,0
2019,13135,"Gallman, Wayne",RB,0009,Bear Dunn,1.0,2,8,0.0,0.0,0,0,,1
2019,13136,"Clement, Corey",RB,0001,Ryan Bousquet,1.0,1,23,,24.0,0,0,,0
2019,13136,"Clement, Corey",RB,0002,AJ Balderelli,2.0,2,0,23.58,23.58,1,0,,0
2019,13136,"Clement, Corey",RB,0001,Ryan Bousquet,2.0,3,23,0.42,0.0,0,0,,1
2019,13148,"Ogunbowale, Dare",RB,0010,Shawn Blake,1.0,1,6,,24.02,0,0,,0
2019,13148,"Ogunbowale, Dare",RB,0009,Bear Dunn,3.0,2,13,16.87,16.89,1,0,,0
2019,13148,"Ogunbowale, Dare",RB,0010,Shawn Blake,3.0,3,6,7.11,0.0,0,0,,1
2019,13201,"Barnett, Derek",DE,0003,Matt Gerardi,1.0,1,0,,45.44,0,0,,0
2019,13201,"Barnett, Derek",DE,0007,Josh Martel,3.0,2,21,2.61,24.05,1,0,,0
2019,13201,"Barnett, Derek",DE,0007,Josh Martel,4.0,3,21,23.98,24.03,0,1,0003,0
2019,13201,"Barnett, Derek",DE,0003,Matt Gerardi,5.0,4,19,1.67,1.7,1,0,,0
2019,13201,"Barnett, Derek",DE,0007,Josh Martel,5.0,5,21,22.3,0.0,0,0,,1
2019,13216,"Cunningham, Zach",LB,0011,Eric Mannila,1.0,1,7,,24.02,0,0,,0
2019,13216,"Cunningham, Zach",LB,0007,Josh Martel,3.0,2,21,10.1,10.12,1,0,,0
2019,13216,"Cunningham, Zach",LB,0011,Eric Mannila,3.0,3,7,13.88,0.0,0,0,,1
2019,13221,"Davis, Jarrad",LB,0008,Keith Creelman,1.0,1,11,,26.81,0,0,,0
2019,13221,"Davis, Jarrad",LB,0003,Matt Gerardi,2.0,2,13,21.66,24.48,0,1,0008,0
2019,13221,"Davis, Jarrad",LB,0003,Matt Gerardi,2.0,3,13,0.0,0.0,0,0,,1
2019,13224,"Lattimore, Marshon",CB,0003,Matt Gerardi,1.0,1,9,,25.3,0,0,,0
2019,13224,"Lattimore, Marshon",CB,0003,Matt Gerardi,1.0,2,10,0.0,0.0,0,0,,1
2019,13229,"Jackson, Eddie",S,0004,Brian Cutting,1.0,1,4,,48.29,0,0,,0
2019,13229,"Jackson, Eddie",S,0001,Ryan Bousquet,2.0,2,22,5.45,29.74,0,1,0004,0
2019,13229,"Jackson, Eddie",S,0004,Brian Cutting,3.0,3,4,18.52,24.25,0,1,0001,0
2019,13229,"Jackson, Eddie",S,0004,Brian Cutting,3.0,4,4,0.0,0.0,0,0,,1
2019,13231,"Peppers, Jabrill",S,0009,Bear Dunn,1.0,1,7,,24.02,0,0,,0
2019,13231,"Peppers, Jabrill",S,0011,Eric Mannila,2.0,2,11,19.65,19.67,1,0,,0
2019,13231,"Peppers, Jabrill",S,0009,Bear Dunn,2.0,3,7,4.33,0.0,0,0,,1
2019,13240,"Hill, Brian",RB,0003,Matt Gerardi,1.0,1,9,,25.01,0,0,,0
2019,13240,"Hill, Brian",RB,0003,Matt Gerardi,1.0,2,10,0.0,0.0,0,0,,1
2019,13251,"Baker, Budda",S,0009,Bear Dunn,1.0,1,7,,70.78,0,0,,0
2019,13251,"Baker, Budda",S,0010,Shawn Blake,4.0,2,7,23.83,70.61,0,1,0009,0
2019,13251,"Baker, Budda",S,0009,Bear Dunn,5.0,3,8,22.68,69.3,0,1,0010,0
2019,13251,"Baker, Budda",S,0012,Chris Klingenberg,6.0,4,22,10.61,55.91,0,1,0009,0
2019,13251,"Baker, Budda",S,0011,Eric Mannila,7.0,5,15,6.79,38.69,1,0,,0
2019,13251,"Baker, Budda",S,0011,Eric Mannila,8.0,6,15,23.58,38.27,0,1,0012,0
2019,13251,"Baker, Budda",S,0012,Chris Klingenberg,9.0,7,18,21.8,36.06,0,1,0011,0
2019,13251,"Baker, Budda",S,0011,Eric Mannila,10.0,8,21,20.37,32.43,1,0,,0
2019,13251,"Baker, Budda",S,0011,Eric Mannila,11.0,9,6,15.59,24.03,0,1,0012,0
2019,13251,"Baker, Budda",S,0011,Eric Mannila,11.0,10,6,0.0,0.0,0,0,,1
2019,13257,"Evans, Justin",S,0009,Bear Dunn,1.0,1,5,,24.08,0,0,,0
2019,13257,"Evans, Justin",S,0009,Bear Dunn,1.0,2,5,0.0,0.0,0,0,,1
2019,13274,"Johnson, John",S,0003,Matt Gerardi,1.0,1,9,,39.2,0,0,,0
2019,13274,"Johnson, John",S,0009,Bear Dunn,3.0,2,9,23.83,39.03,1,0,,0
2019,13274,"Johnson, John",S,0006,Steve Bousquet,4.0,3,9,23.43,38.46,0,1,0003,0
2019,13274,"Johnson, John",S,0003,Matt Gerardi,5.0,4,0,9.57,24.04,0,1,0006,0
2019,13274,"Johnson, John",S,0003,Matt Gerardi,5.0,5,0,0.0,0.0,0,0,,1
2019,13304,"Brown, Jayon",LB,0003,Matt Gerardi,1.0,1,0,,24.04,0,0,,0
2019,13304,"Brown, Jayon",LB,0011,Eric Mannila,2.0,2,21,3.16,3.2,1,0,,0
2019,13304,"Brown, Jayon",LB,0003,Matt Gerardi,2.0,3,0,20.8,0.0,0,0,,1
2019,13316,"Taylor, Trent",WR,0008,Keith Creelman,1.0,1,4,,25.73,0,0,,0
2019,13316,"Taylor, Trent",WR,0008,Keith Creelman,1.0,2,6,0.0,0.0,0,0,,1
2019,13354,"Butker, Harrison",PK,0003,Matt Gerardi,1.0,1,0,,24.01,0,0,,0
2019,13354,"Butker, Harrison",PK,0007,Josh Martel,2.0,2,11,12.9,12.91,1,0,,0
2019,13354,"Butker, Harrison",PK,0003,Matt Gerardi,2.0,3,0,11.09,0.0,0,0,,1
2019,13404,"Ekeler, Austin",RB,0007,Josh Martel,1.0,1,20,,24.05,0,0,,0
2019,13404,"Ekeler, Austin",RB,0006,Steve Bousquet,9.0,2,20,23.83,23.88,1,0,,0
2019,13404,"Ekeler, Austin",RB,0006,Steve Bousquet,12.0,3,21,23.17,23.05,1,0,,0
2019,13404,"Ekeler, Austin",RB,0006,Steve Bousquet,15.0,4,21,23.97,23.01,1,0,,0
2019,13404,"Ekeler, Austin",RB,0012,Chris Klingenberg,20.0,5,21,23.78,22.79,1,0,,0
2019,13404,"Ekeler, Austin",RB,0011,Eric Mannila,21.0,6,18,2.67,1.46,1,0,,0
2019,13404,"Ekeler, Austin",RB,0007,Josh Martel,21.0,7,20,22.54,0.0,0,0,,1
2019,13412,"Cole, Keelan",WR,0004,Brian Cutting,1.0,1,3,,32.34,0,0,,0
2019,13412,"Cole, Keelan",WR,0011,Eric Mannila,2.0,2,9,18.68,27.02,0,1,0004,0
2019,13412,"Cole, Keelan",WR,0004,Brian Cutting,3.0,3,12,21.14,24.16,0,1,0011,0
2019,13412,"Cole, Keelan",WR,0004,Brian Cutting,3.0,4,12,0.0,0.0,0,0,,1
2019,13430,"Haack, Matt",PN,0002,AJ Balderelli,1.0,1,6,,24.01,0,0,,0
2019,13430,"Haack, Matt",PN,0002,AJ Balderelli,1.0,2,6,0.0,0.0,0,0,,1
2019,13431,"Sanchez, Rigoberto",PN,0008,Keith Creelman,1.0,1,6,,24.16,0,0,,0
2019,13431,"Sanchez, Rigoberto",PN,0008,Keith Creelman,1.0,2,6,0.0,0.0,0,0,,1
2019,13684,"Hubbard, Sam",DE,0011,Eric Mannila,1.0,1,7,,38.4,0,0,,0
2019,13684,"Hubbard, Sam",DE,0007,Josh Martel,2.0,2,21,9.89,24.29,0,1,0011,0
2019,13684,"Hubbard, Sam",DE,0011,Eric Mannila,3.0,3,21,23.73,24.02,0,1,0007,0
2019,13684,"Hubbard, Sam",DE,0001,Ryan Bousquet,4.0,4,23,21.9,21.92,1,0,,0
2019,13684,"Hubbard, Sam",DE,0011,Eric Mannila,4.0,5,21,2.08,0.0,0,0,,1
2019,13715,"Harrison, Ronnie",S,0007,Josh Martel,1.0,1,21,,24.04,0,0,,0
2019,13715,"Harrison, Ronnie",S,0006,Steve Bousquet,2.0,2,22,23.15,23.19,1,0,,0
2019,13715,"Harrison, Ronnie",S,0006,Steve Bousquet,3.0,3,20,1.78,0.97,1,0,,0
2019,13715,"Harrison, Ronnie",S,0007,Josh Martel,3.0,4,21,23.03,0.0,0,0,,1
2019,13732,"Wadman, Colby",PN,0010,Shawn Blake,1.0,1,6,,24.61,0,0,,0
2019,13732,"Wadman, Colby",PN,0010,Shawn Blake,1.0,2,6,0.0,0.0,0,0,,1
2019,13742,"Hill, B.J.",DE,0008,Keith Creelman,1.0,1,5,,24.34,0,0,,0
2019,13742,"Hill, B.J.",DE,0008,Keith Creelman,1.0,2,5,0.0,0.0,0,0,,1
2019,13765,"Young, Kenny",LB,0003,Matt Gerardi,1.0,1,9,,24.0,0,0,,0
2019,13765,"Young, Kenny",LB,0003,Matt Gerardi,1.0,2,9,0.0,0.0,0,0,,1
2019,13813,"Oluokun, Foyesade",LB,0006,Steve Bousquet,1.0,1,20,,24.02,0,0,,0
2019,13813,"Oluokun, Foyesade",LB,0006,Steve Bousquet,1.0,2,20,0.0,0.0,0,0,,1
2019,13844,"Cooke, Logan",PN,0012,Chris Klingenberg,1.0,1,0,,42.42,0,0,,0
2019,13844,"Cooke, Logan",PN,0005,Rico Balderelli,2.0,2,18,5.59,24.01,0,1,0012,0
2019,13844,"Cooke, Logan",PN,0005,Rico Balderelli,2.0,3,18,0.0,0.0,0,0,,1
2019,13850,"Edwards, Gus",RB,0003,Matt Gerardi,1.0,1,2,,29.03,0,0,,0
2019,13850,"Edwards, Gus",RB,0004,Brian Cutting,2.0,2,7,19.08,24.11,1,0,,0
2019,13850,"Edwards, Gus",RB,0004,Brian Cutting,3.0,3,7,23.99,24.1,0,1,0003,0
2019,13850,"Edwards, Gus",RB,0004,Brian Cutting,3.0,4,7,0.0,0.0,0,0,,1
2019,13868,"Boone, Mike",RB,0010,Shawn Blake,1.0,1,6,,24.58,0,0,,0
2019,13868,"Boone, Mike",RB,0006,Steve Bousquet,2.0,2,6,23.61,24.19,0,1,0010,0
2019,13868,"Boone, Mike",RB,0006,Steve Bousquet,2.0,3,6,0.0,0.0,0,0,,1
2019,13871,"Hilliard, Dontrell",RB,0010,Shawn Blake,1.0,1,5,,44.69,0,0,,0
2019,13871,"Hilliard, Dontrell",RB,0006,Steve Bousquet,2.0,2,7,21.85,42.54,1,0,,0
2019,13871,"Hilliard, Dontrell",RB,0001,Ryan Bousquet,4.0,3,1,6.75,25.29,0,1,0010,0
2019,13871,"Hilliard, Dontrell",RB,0001,Ryan Bousquet,4.0,4,2,0.0,0.0,0,0,,1
2019,13908,"Daniel, Trevor",PN,0012,Chris Klingenberg,1.0,1,15,,24.04,0,0,,0
2019,13908,"Daniel, Trevor",PN,0012,Chris Klingenberg,1.0,2,15,0.0,0.0,0,0,,1
2019,13909,"Maher, Brett",PK,0001,Ryan Bousquet,1.0,1,22,,24.02,0,0,,0
2019,13909,"Maher, Brett",PK,0001,Ryan Bousquet,1.0,2,22,0.0,0.0,0,0,,1
2019,14059,"Jones, Daniel",QB,0011,Eric Mannila,1.0,1,0,,44.54,0,0,,0
2019,14059,"Jones, Daniel",QB,0001,Ryan Bousquet,2.0,2,7,16.46,37.0,0,1,0011,0
2019,14059,"Jones, Daniel",QB,0005,Rico Balderelli,3.0,3,20,11.02,24.02,0,1,0001,0
2019,14059,"Jones, Daniel",QB,0005,Rico Balderelli,3.0,4,20,0.0,0.0,0,0,,1
2019,14095,"Johnson, Ty",RB,0006,Steve Bousquet,1.0,1,19,,25.14,0,0,,0
2019,14095,"Johnson, Ty",RB,0006,Steve Bousquet,1.0,2,20,0.0,0.0,0,0,,1
2019,14096,"Ozigbo, Devine",RB,0001,Ryan Bousquet,1.0,1,23,,33.17,0,0,,0
2019,14096,"Ozigbo, Devine",RB,0009,Bear Dunn,2.0,2,6,17.2,26.37,1,0,,0
2019,14096,"Ozigbo, Devine",RB,0009,Bear Dunn,3.0,3,9,21.66,24.03,1,0,,0
2019,14096,"Ozigbo, Devine",RB,0009,Bear Dunn,4.0,4,9,23.97,24.0,0,1,0001,0
2019,14096,"Ozigbo, Devine",RB,0009,Bear Dunn,4.0,5,9,0.0,0.0,0,0,,1
2019,14098,"Crockett, Damarea",RB,0007,Josh Martel,1.0,1,23,,24.18,0,0,,0
2019,14098,"Crockett, Damarea",RB,0009,Bear Dunn,3.0,2,23,23.25,23.43,1,0,,0
2019,14098,"Crockett, Damarea",RB,0009,Bear Dunn,4.0,3,7,16.45,15.89,1,0,,0
2019,14098,"Crockett, Damarea",RB,0007,Josh Martel,4.0,4,23,8.11,0.0,0,0,,1
2019,14124,"Johnson, KeeSean",WR,0009,Bear Dunn,1.0,1,7,,26.98,0,0,,0
2019,14124,"Johnson, KeeSean",WR,0008,Keith Creelman,3.0,2,7,23.88,26.86,1,0,,0
2019,14124,"Johnson, KeeSean",WR,0006,Steve Bousquet,4.0,3,8,23.64,26.5,0,1,0009,0
2019,14124,"Johnson, KeeSean",WR,0005,Rico Balderelli,5.0,4,10,21.52,24.02,0,1,0006,0
2019,14124,"Johnson, KeeSean",WR,0005,Rico Balderelli,5.0,5,10,0.0,0.0,0,0,,1
2019,14127,"Meyers, Jakobi",WR,0008,Keith Creelman,1.0,1,4,,29.83,0,0,,0
2019,14127,"Meyers, Jakobi",WR,0006,Steve Bousquet,2.0,2,7,20.96,26.79,0,1,0008,0
2019,14127,"Meyers, Jakobi",WR,0005,Rico Balderelli,4.0,3,8,23.51,26.29,1,0,,0
2019,14127,"Meyers, Jakobi",WR,0005,Rico Balderelli,5.0,4,10,21.95,24.25,0,1,0006,0
2019,14127,"Meyers, Jakobi",WR,0006,Steve Bousquet,6.0,5,10,23.76,24.01,0,1,0005,0
2019,14127,"Meyers, Jakobi",WR,0005,Rico Balderelli,7.0,6,10,23.95,23.96,1,0,,0
2019,14127,"Meyers, Jakobi",WR,0006,Steve Bousquet,7.0,7,10,0.04,0.0,0,0,,1
2019,14155,"Collier, L.J.",DE,0005,Rico Balderelli,1.0,1,6,,24.0,0,0,,0
2019,14155,"Collier, L.J.",DE,0005,Rico Balderelli,1.0,2,6,0.0,0.0,0,0,,1
2019,14159,"Lawrence, Dexter",DT,0005,Rico Balderelli,1.0,1,19,,42.65,0,0,,0
2019,14159,"Lawrence, Dexter",DT,0003,Matt Gerardi,2.0,2,21,21.65,40.3,0,1,0005,0
2019,14159,"Lawrence, Dexter",DT,0002,AJ Balderelli,3.0,3,13,7.73,24.04,0,1,0003,0
2019,14159,"Lawrence, Dexter",DT,0003,Matt Gerardi,4.0,4,1,12.48,12.51,1,0,,0
2019,14159,"Lawrence, Dexter",DT,0002,AJ Balderelli,4.0,5,13,11.49,0.0,0,0,,1
2019,14162,"Wilkins, Christian",DT,0011,Eric Mannila,1.0,1,10,,34.23,0,0,,0
2019,14162,"Wilkins, Christian",DT,0003,Matt Gerardi,2.0,2,20,13.94,24.16,0,1,0011,0
2019,14162,"Wilkins, Christian",DT,0003,Matt Gerardi,2.0,3,20,0.0,0.0,0,0,,1
2019,14169,"Wilson, Mack",LB,0009,Bear Dunn,1.0,1,7,,24.11,0,0,,0
2019,14169,"Wilson, Mack",LB,0009,Bear Dunn,1.0,2,7,0.0,0.0,0,0,,1
2019,14192,"Williams, James",RB,0008,Keith Creelman,1.0,1,19,,25.46,0,0,,0
2019,14192,"Williams, James",RB,0008,Keith Creelman,1.0,2,20,0.0,0.0,0,0,,1
2019,14256,"Bailey, Jake",PN,0008,Keith Creelman,1.0,1,5,,51.99,0,0,,0
2019,14256,"Bailey, Jake",PN,0010,Shawn Blake,2.0,2,10,19.74,47.73,0,1,0008,0
2019,14256,"Bailey, Jake",PN,0006,Steve Bousquet,3.0,3,9,0.34,24.07,0,1,0010,0
2019,14256,"Bailey, Jake",PN,0006,Steve Bousquet,3.0,4,9,0.0,0.0,0,0,,1
2019,14267,"Winfree, Juwann",WR,0001,Ryan Bousquet,1.0,1,23,,48.04,0,0,,0
2019,14267,"Winfree, Juwann",WR,0007,Josh Martel,3.0,2,22,0.81,24.85,1,0,,0
2019,14267,"Winfree, Juwann",WR,0007,Josh Martel,4.0,3,22,23.81,24.66,1,0,,0
2019,14267,"Winfree, Juwann",WR,0007,Josh Martel,5.0,4,23,23.46,24.12,0,1,0001,0
2019,14267,"Winfree, Juwann",WR,0007,Josh Martel,5.0,5,23,0.0,0.0,0,0,,1
2019,14313,"Butler, Emmanuel",WR,0006,Steve Bousquet,1.0,1,16,,24.01,0,0,,0
2019,14313,"Butler, Emmanuel",WR,0006,Steve Bousquet,1.0,2,16,0.0,0.0,0,0,,1
2019,14316,"Hart, Penny",WR,0007,Josh Martel,1.0,1,22,,24.03,0,0,,0
2019,14316,"Hart, Penny",WR,0007,Josh Martel,1.0,2,23,0.0,0.0,0,0,,1
2019,14401,"Eguavoen, Sam",LB,0011,Eric Mannila,1.0,1,5,,24.22,0,0,,0
2019,14401,"Eguavoen, Sam",LB,0011,Eric Mannila,1.0,2,5,0.0,0.0,0,0,,1
2019,5848,"Brady, Tom",QB,0011,Eric Mannila,1.0,1,0,,69.53,0,0,,0
2019,5848,"Brady, Tom",QB,0001,Ryan Bousquet,2.0,2,7,16.42,61.94,0,1,0011,0
2019,5848,"Brady, Tom",QB,0009,Bear Dunn,3.0,3,9,22.44,60.39,1,0,,0
2019,5848,"Brady, Tom",QB,0009,Bear Dunn,5.0,4,19,13.41,49.79,0,1,0001,0
2019,5848,"Brady, Tom",QB,0012,Chris Klingenberg,7.0,5,21,22.68,48.47,0,1,0009,0
2019,5848,"Brady, Tom",QB,0011,Eric Mannila,8.0,6,20,0.39,24.86,1,0,,0
2019,5848,"Brady, Tom",QB,0011,Eric Mannila,9.0,7,20,23.98,24.84,1,0,,0
2019,5848,"Brady, Tom",QB,0011,Eric Mannila,12.0,8,20,23.99,24.83,1,0,,0
2019,5848,"Brady, Tom",QB,0011,Eric Mannila,13.0,9,20,23.99,24.83,1,0,,0
2019,5848,"Brady, Tom",QB,0011,Eric Mannila,14.0,10,20,23.99,24.81,1,0,,0
2019,5848,"Brady, Tom",QB,0011,Eric Mannila,15.0,11,20,23.99,24.8,1,0,,0
2019,5848,"Brady, Tom",QB,0011,Eric Mannila,16.0,12,20,23.99,24.79,0,1,0012,0
2019,5848,"Brady, Tom",QB,0012,Chris Klingenberg,17.0,13,21,23.24,24.03,0,1,0011,0
2019,5848,"Brady, Tom",QB,0011,Eric Mannila,18.0,14,6,15.52,15.54,1,0,,0
2019,5848,"Brady, Tom",QB,0011,Eric Mannila,19.0,15,9,20.4,11.94,1,0,,0
2019,5848,"Brady, Tom",QB,0011,Eric Mannila,20.0,16,12,21.42,9.36,1,0,,0
2019,5848,"Brady, Tom",QB,0012,Chris Klingenberg,20.0,17,21,14.64,0.0,0,0,,1
2019,6997,"Witten, Jason",TE,0012,Chris Klingenberg,1.0,1,22,,43.9,0,0,,0
2019,6997,"Witten, Jason",TE,0005,Rico Balderelli,2.0,2,11,11.11,31.01,0,1,0012,0
2019,6997,"Witten, Jason",TE,0012,Chris Klingenberg,3.0,3,18,17.02,24.03,0,1,0005,0
2019,6997,"Witten, Jason",TE,0012,Chris Klingenberg,3.0,4,18,0.0,0.0,0,0,,1
2019,7393,"Fitzgerald, Larry",WR,0004,Brian Cutting,2.0,1,8,,61.76,0,0,,0
2019,7393,"Fitzgerald, Larry",WR,0005,Rico Balderelli,5.0,2,8,23.99,61.75,1,0,,0
2019,7393,"Fitzgerald, Larry",WR,0001,Ryan Bousquet,1.0,3,9,,36.69,1,0,,0
2019,7393,"Fitzgerald, Larry",WR,0010,Shawn Blake,2.0,4,10,23.36,36.06,1,0,,0
2019,7393,"Fitzgerald, Larry",WR,0005,Rico Balderelli,4.0,5,10,23.95,36.01,1,0,,0
2019,7393,"Fitzgerald, Larry",WR,0001,Ryan Bousquet,9.0,6,22,12.01,24.02,0,1,0004,0
2019,7393,"Fitzgerald, Larry",WR,0010,Shawn Blake,12.0,7,8,13.82,13.85,1,0,,0
2019,7393,"Fitzgerald, Larry",WR,0001,Ryan Bousquet,12.0,8,22,10.15,0.0,0,0,,1
2019,7422,"Watson, Ben",TE,0002,AJ Balderelli,1.0,1,8,,24.0,0,0,,0
2019,7422,"Watson, Ben",TE,0012,Chris Klingenberg,2.0,2,14,17.76,17.77,1,0,,0
2019,7422,"Watson, Ben",TE,0002,AJ Balderelli,2.0,3,8,6.23,0.0,0,0,,1
2019,7578,"Lee, Andy",PN,0004,Brian Cutting,1.0,1,6,,24.05,0,0,,0
2019,7578,"Lee, Andy",PN,0004,Brian Cutting,1.0,2,6,0.0,0.0,0,0,,1
2019,7836,"Rodgers, Aaron",QB,0008,Keith Creelman,1.0,1,4,,26.24,0,0,,0
2019,7836,"Rodgers, Aaron",QB,0002,AJ Balderelli,2.0,2,5,22.43,24.66,0,1,0008,0
2019,7836,"Rodgers, Aaron",QB,0004,Brian Cutting,8.0,3,6,23.34,24.0,0,1,0002,0
2019,7836,"Rodgers, Aaron",QB,0003,Matt Gerardi,10.0,4,14,16.14,16.15,1,0,,0
2019,7836,"Rodgers, Aaron",QB,0009,Bear Dunn,16.0,5,19,18.45,10.59,1,0,,0
2019,7836,"Rodgers, Aaron",QB,0010,Shawn Blake,17.0,6,6,13.58,0.17,1,0,,0
2019,7836,"Rodgers, Aaron",QB,0010,Shawn Blake,18.0,7,6,23.88,0.05,1,0,,0
2019,7836,"Rodgers, Aaron",QB,0004,Brian Cutting,18.0,8,6,23.95,0.0,0,0,,1
2019,7877,"Gore, Frank",RB,0001,Ryan Bousquet,1.0,1,23,,24.04,0,0,,0
2019,7877,"Gore, Frank",RB,0002,AJ Balderelli,2.0,2,0,23.48,23.53,1,0,,0
2019,7877,"Gore, Frank",RB,0002,AJ Balderelli,3.0,3,8,15.87,15.4,1,0,,0
2019,7877,"Gore, Frank",RB,0001,Ryan Bousquet,3.0,4,23,8.6,0.0,0,0,,1
2019,8153,"Gould, Robbie",PK,0007,Josh Martel,1.0,1,21,,24.01,0,0,,0
2019,8153,"Gould, Robbie",PK,0007,Josh Martel,1.0,2,21,0.0,0.0,0,0,,1
2019,8247,"Davis, Vernon",TE,0010,Shawn Blake,1.0,1,7,,24.07,0,0,,0
2019,8247,"Davis, Vernon",TE,0010,Shawn Blake,1.0,2,7,0.0,0.0,0,0,,1
2019,8359,"Gostkowski, Stephen",PK,0011,Eric Mannila,1.0,1,5,,24.07,0,0,,0
2019,8359,"Gostkowski, Stephen",PK,0007,Josh Martel,2.0,2,11,18.14,18.21,1,0,,0
2019,8359,"Gostkowski, Stephen",PK,0012,Chris Klingenberg,3.0,3,22,13.24,7.44,1,0,,0
2019,8359,"Gostkowski, Stephen",PK,0011,Eric Mannila,3.0,4,5,16.56,0.0,0,0,,1
2019,8416,"Walker, Delanie",TE,0003,Matt Gerardi,1.0,1,9,,24.75,0,0,,0
2019,8416,"Walker, Delanie",TE,0009,Bear Dunn,7.0,2,9,23.8,24.55,1,0,,0
2019,8416,"Walker, Delanie",TE,0002,AJ Balderelli,8.0,3,9,23.7,24.25,1,0,,0
2019,8416,"Walker, Delanie",TE,0002,AJ Balderelli,9.0,4,9,23.75,24.0,0,1,0003,0
2019,8416,"Walker, Delanie",TE,0002,AJ Balderelli,9.0,5,9,0.0,0.0,0,0,,1
2019,8444,"Koch, Sam",PN,0001,Ryan Bousquet,1.0,1,20,,24.01,0,0,,0
2019,8444,"Koch, Sam",PN,0001,Ryan Bousquet,1.0,2,20,0.0,0.0,0,0,,1
2019,8448,"Bethea, Antoine",S,0005,Rico Balderelli,1.0,1,6,,31.25,0,0,,0
2019,8448,"Bethea, Antoine",S,0009,Bear Dunn,2.0,2,9,21.04,28.29,0,1,0005,0
2019,8448,"Bethea, Antoine",S,0001,Ryan Bousquet,3.0,3,13,19.85,24.14,0,1,0009,0
2019,8448,"Bethea, Antoine",S,0001,Ryan Bousquet,3.0,4,13,0.0,0.0,0,0,,1
2019,8658,"Peterson, Adrian",RB,0012,Chris Klingenberg,1.0,1,21,,92.41,0,0,,0
2019,8658,"Peterson, Adrian",RB,0005,Rico Balderelli,2.0,2,21,23.98,92.39,0,1,0012,0
2019,8658,"Peterson, Adrian",RB,0010,Shawn Blake,3.0,3,20,0.66,69.05,1,0,,0
2019,8658,"Peterson, Adrian",RB,0010,Shawn Blake,4.0,4,20,23.96,69.01,1,0,,0
2019,8658,"Peterson, Adrian",RB,0003,Matt Gerardi,5.0,5,20,23.65,68.65,0,1,0005,0
2019,8658,"Peterson, Adrian",RB,0009,Bear Dunn,7.0,6,17,3.28,47.93,0,1,0003,0
2019,8658,"Peterson, Adrian",RB,0003,Matt Gerardi,8.0,7,17,0.13,24.07,0,1,0009,0
2019,8658,"Peterson, Adrian",RB,0003,Matt Gerardi,8.0,8,17,0.0,0.0,0,0,,1
2019,8673,"Ginn Jr., Ted",WR,0002,AJ Balderelli,1.0,1,11,,38.23,0,0,,0
2019,8673,"Ginn Jr., Ted",WR,0006,Steve Bousquet,2.0,2,20,15.17,29.39,0,1,0002,0
2019,8673,"Ginn Jr., Ted",WR,0004,Brian Cutting,3.0,3,1,18.72,24.12,0,1,0006,0
2019,8673,"Ginn Jr., Ted",WR,0004,Brian Cutting,3.0,4,1,0.0,0.0,0,0,,1
2019,8687,"Olsen, Greg",TE,0007,Josh Martel,1.0,1,23,,24.31,0,0,,0
2019,8687,"Olsen, Greg",TE,0003,Matt Gerardi,2.0,2,18,4.76,5.07,1,0,,0
2019,8687,"Olsen, Greg",TE,0003,Matt Gerardi,3.0,3,19,23.42,4.49,1,0,,0
2019,8687,"Olsen, Greg",TE,0007,Josh Martel,3.0,4,23,19.51,0.0,0,0,,1
2019,8930,"Prater, Matt",PK,0012,Chris Klingenberg,1.0,1,0,,24.43,0,0,,0
2019,8930,"Prater, Matt",PK,0012,Chris Klingenberg,1.0,2,0,0.0,0.0,0,0,,1
2019,9075,"Jackson, DeSean",WR,0006,Steve Bousquet,1.0,1,8,,24.0,0,0,,0
2019,9075,"Jackson, DeSean",WR,0005,Rico Balderelli,2.0,2,10,22.2,22.2,1,0,,0
2019,9075,"Jackson, DeSean",WR,0002,AJ Balderelli,3.0,3,11,23.07,21.28,1,0,,0
2019,9075,"Jackson, DeSean",WR,0001,Ryan Bousquet,4.0,4,13,21.69,18.97,1,0,,0
2019,9075,"Jackson, DeSean",WR,0007,Josh Martel,6.0,5,8,5.08,0.04,1,0,,0
2019,9075,"Jackson, DeSean",WR,0007,Josh Martel,7.0,6,8,23.97,0.02,1,0,,0
2019,9075,"Jackson, DeSean",WR,0006,Steve Bousquet,7.0,7,8,23.98,0.0,0,0,,1
2019,9099,"Ryan, Matt",QB,0012,Chris Klingenberg,1.0,1,21,,24.14,0,0,,0
2019,9099,"Ryan, Matt",QB,0002,AJ Balderelli,2.0,2,21,23.86,24.0,0,1,0012,0
2019,9099,"Ryan, Matt",QB,0006,Steve Bousquet,6.0,3,21,23.92,23.92,1,0,,0
2019,9099,"Ryan, Matt",QB,0012,Chris Klingenberg,10.0,4,21,0.22,0.14,1,0,,0
2019,9099,"Ryan, Matt",QB,0002,AJ Balderelli,10.0,5,21,23.86,0.0,0,0,,1
2019,9308,"Amendola, Danny",WR,0002,AJ Balderelli,1.0,1,10,,24.02,0,0,,0
2019,9308,"Amendola, Danny",WR,0002,AJ Balderelli,1.0,2,10,0.0,0.0,0,0,,1
2019,9310,"Kern, Brett",PN,0005,Rico Balderelli,1.0,1,6,,24.01,0,0,,0
2019,9310,"Kern, Brett",PN,0005,Rico Balderelli,1.0,2,6,0.0,0.0,0,0,,1
2019,9330,"Woodyard, Wesley",LB,0004,Brian Cutting,1.0,1,5,,24.01,0,0,,0
2019,9330,"Woodyard, Wesley",LB,0004,Brian Cutting,1.0,2,5,0.0,0.0,0,0,,1
2019,9427,"Crabtree, Michael",WR,0005,Rico Balderelli,1.0,1,7,,39.44,0,0,,0
2019,9427,"Crabtree, Michael",WR,0001,Ryan Bousquet,2.0,2,22,8.59,24.02,0,1,0005,0
2019,9427,"Crabtree, Michael",WR,0009,Bear Dunn,3.0,3,23,23.63,23.66,1,0,,0
2019,9427,"Crabtree, Michael",WR,0002,AJ Balderelli,4.0,4,10,12.48,12.14,1,0,,0
2019,9427,"Crabtree, Michael",WR,0001,Ryan Bousquet,4.0,5,22,11.86,0.0,0,0,,1
2019,9430,"Jenkins, Malcolm",S,0004,Brian Cutting,1.0,1,4,,24.05,0,0,,0
2019,9430,"Jenkins, Malcolm",S,0004,Brian Cutting,1.0,2,4,0.0,0.0,0,0,,1
2019,9448,"McCoy, LeSean",RB,0008,Keith Creelman,1.0,1,5,,40.88,0,0,,0
2019,9448,"McCoy, LeSean",RB,0004,Brian Cutting,2.0,2,6,22.41,39.29,0,1,0008,0
2019,9448,"McCoy, LeSean",RB,0005,Rico Balderelli,3.0,3,8,21.72,37.01,1,0,,0
2019,9448,"McCoy, LeSean",RB,0010,Shawn Blake,4.0,4,19,13.48,26.49,0,1,0004,0
2019,9448,"McCoy, LeSean",RB,0003,Matt Gerardi,5.0,5,20,23.28,25.77,1,0,,0
2019,9448,"McCoy, LeSean",RB,0005,Rico Balderelli,6.0,6,21,22.23,24.0,0,1,0010,0
2019,9448,"McCoy, LeSean",RB,0009,Bear Dunn,11.0,7,17,4.4,4.4,1,0,,0
2019,9448,"McCoy, LeSean",RB,0005,Rico Balderelli,11.0,8,21,19.6,0.0,0,0,,1
2019,9749,"Bennett, Michael",DE,0009,Bear Dunn,1.0,1,7,,24.09,0,0,,0
2019,9749,"Bennett, Michael",DE,0009,Bear Dunn,1.0,2,7,0.0,0.0,0,0,,1
2019,9815,"Suh, Ndamukong",DT,0010,Shawn Blake,1.0,1,6,,24.04,0,0,,0
2019,9815,"Suh, Ndamukong",DT,0010,Shawn Blake,1.0,2,6,0.0,0.0,0,0,,1
2019,9828,"Griffen, Everson",DE,0008,Keith Creelman,1.0,1,6,,24.07,0,0,,0
2019,9828,"Griffen, Everson",DE,0008,Keith Creelman,1.0,2,6,0.0,0.0,0,0,,1
2019,9829,"Thomas, Earl",S,0009,Bear Dunn,1.0,1,6,,39.89,0,0,,0
2019,9829,"Thomas, Earl",S,0012,Chris Klingenberg,2.0,2,14,16.18,32.07,1,0,,0
2019,9829,"Thomas, Earl",S,0012,Chris Klingenberg,3.0,3,22,16.01,24.08,0,1,0009,0
2019,9829,"Thomas, Earl",S,0012,Chris Klingenberg,3.0,4,22,0.0,0.0,0,0,,1
2019,9833,"Pierre-Paul, Jason",DE,0006,Steve Bousquet,1.0,1,20,,24.0,0,0,,0
2019,9833,"Pierre-Paul, Jason",DE,0003,Matt Gerardi,2.0,2,12,8.11,8.11,1,0,,0
2019,9833,"Pierre-Paul, Jason",DE,0003,Matt Gerardi,3.0,3,13,22.97,7.08,1,0,,0
2019,9833,"Pierre-Paul, Jason",DE,0003,Matt Gerardi,4.0,4,18,18.62,1.7,1,0,,0
2019,9833,"Pierre-Paul, Jason",DE,0006,Steve Bousquet,4.0,5,20,22.3,0.0,0,0,,1
2019,9861,"Jackson, Kareem",S,0004,Brian Cutting,1.0,1,3,,42.13,0,0,,0
2019,9861,"Jackson, Kareem",S,0012,Chris Klingenberg,2.0,2,21,6.19,24.32,0,1,0004,0
2019,9861,"Jackson, Kareem",S,0012,Chris Klingenberg,2.0,3,22,0.0,0.0,0,0,,1
2019,9868,"Atkins, Geno",DT,0011,Eric Mannila,1.0,1,5,,24.97,0,0,,0
2019,9868,"Atkins, Geno",DT,0011,Eric Mannila,1.0,2,6,0.0,0.0,0,0,,1
2019,9884,"Thomas, Demaryius",WR,0007,Josh Martel,1.0,1,21,,72.43,0,0,,0
2019,9884,"Thomas, Demaryius",WR,0002,AJ Balderelli,2.0,2,12,8.44,56.87,0,1,0007,0
2019,9884,"Thomas, Demaryius",WR,0012,Chris Klingenberg,5.0,3,22,14.29,47.15,0,1,0002,0
2019,9884,"Thomas, Demaryius",WR,0011,Eric Mannila,6.0,4,21,0.87,24.03,0,1,0012,0
2019,9884,"Thomas, Demaryius",WR,0011,Eric Mannila,6.0,5,21,0.0,0.0,0,0,,1
2019,9902,"Gronkowski, Rob",TE,0001,Ryan Bousquet,1.0,1,22,,24.18,0,0,,0
2019,9902,"Gronkowski, Rob",TE,0006,Steve Bousquet,4.0,2,22,23.95,24.12,1,0,,0
2019,9902,"Gronkowski, Rob",TE,0001,Ryan Bousquet,4.0,3,22,0.0,0.0,0,0,,1
2019,9918,"Sanders, Emmanuel",WR,0006,Steve Bousquet,1.0,1,8,,48.43,0,0,,0
2019,9918,"Sanders, Emmanuel",WR,0005,Rico Balderelli,2.0,2,9,23.96,48.39,0,1,0006,0
2019,9918,"Sanders, Emmanuel",WR,0010,Shawn Blake,4.0,3,14,18.49,42.88,1,0,,0
2019,9918,"Sanders, Emmanuel",WR,0010,Shawn Blake,5.0,4,16,22.51,41.39,1,0,,0
2019,9918,"Sanders, Emmanuel",WR,0003,Matt Gerardi,8.0,5,20,19.04,36.43,1,0,,0
2019,9918,"Sanders, Emmanuel",WR,0012,Chris Klingenberg,10.0,6,21,23.41,35.84,0,1,0005,0
2019,9918,"Sanders, Emmanuel",WR,0004,Brian Cutting,12.0,7,5,15.83,27.68,1,0,,0
2019,9918,"Sanders, Emmanuel",WR,0004,Brian Cutting,13.0,8,5,23.94,27.62,0,1,0012,0
2019,9918,"Sanders, Emmanuel",WR,0005,Rico Balderelli,16.0,9,8,21.61,25.22,0,1,0004,0
2019,9918,"Sanders, Emmanuel",WR,0004,Brian Cutting,17.0,10,9,22.82,24.04,0,1,0005,0
2019,9918,"Sanders, Emmanuel",WR,0006,Steve Bousquet,18.0,11,9,0.15,0.2,1,0,,0
2019,9918,"Sanders, Emmanuel",WR,0004,Brian Cutting,18.0,12,9,23.8,0.0,0,0,,1
2019,9919,"Peters, Corey",DT,0004,Brian Cutting,1.0,1,1,,24.08,0,0,,0
2019,9919,"Peters, Corey",DT,0004,Brian Cutting,1.0,2,1,0.0,0.0,0,0,,1
2019,9925,"Graham, Jimmy",TE,0004,Brian Cutting,1.0,1,3,,31.29,0,0,,0
2019,9925,"Graham, Jimmy",TE,0010,Shawn Blake,4.0,2,8,18.57,25.86,0,1,0004,0
2019,9925,"Graham, Jimmy",TE,0004,Brian Cutting,5.0,3,10,22.27,24.12,0,1,0010,0
2019,9925,"Graham, Jimmy",TE,0004,Brian Cutting,5.0,4,10,0.0,0.0,0,0,,1
2019,9988,"Brown, Antonio",WR,0002,AJ Balderelli,1.0,1,0,,24.0,0,0,,0
2019,9988,"Brown, Antonio",WR,0011,Eric Mannila,22.0,2,0,23.95,23.95,1,0,,0
2019,9988,"Brown, Antonio",WR,0011,Eric Mannila,25.0,3,0,23.9,23.85,1,0,,0
2019,9988,"Brown, Antonio",WR,0006,Steve Bousquet,29.0,4,7,16.88,16.74,1,0,,0
2019,9988,"Brown, Antonio",WR,0001,Ryan Bousquet,41.0,5,7,23.83,16.57,1,0,,0
2019,9988,"Brown, Antonio",WR,0006,Steve Bousquet,42.0,6,8,23.2,15.77,1,0,,0
2019,9988,"Brown, Antonio",WR,0006,Steve Bousquet,44.0,7,8,23.81,15.59,1,0,,0
2019,9988,"Brown, Antonio",WR,0003,Matt Gerardi,55.0,8,9,22.63,14.21,1,0,,0
2019,9988,"Brown, Antonio",WR,0003,Matt Gerardi,67.0,9,14,19.64,9.86,1,0,,0
2019,9988,"Brown, Antonio",WR,0003,Matt Gerardi,79.0,10,15,22.46,8.32,1,0,,0
2019,9988,"Brown, Antonio",WR,0002,AJ Balderelli,79.0,11,0,15.68,0.0,0,0,,1
2020,10271,"Jones, Julio",WR,0010,Shawn Blake,1.0,1,6,,24.0,0,0,,0
2020,10271,"Jones, Julio",WR,0004,Brian Cutting,10.0,2,6,23.71,23.71,1,0,,0
2020,10271,"Jones, Julio",WR,0006,Steve Bousquet,21.0,3,9,20.92,20.63,1,0,,0
2020,10271,"Jones, Julio",WR,0005,Rico Balderelli,35.0,4,10,22.98,19.61,1,0,,0
2020,10271,"Jones, Julio",WR,0011,Eric Mannila,50.0,5,6,4.39,0.0,1,0,,0
2020,10271,"Jones, Julio",WR,0010,Shawn Blake,50.0,6,6,24.0,0.0,0,0,,1
2020,10272,"Watt, J.J.",DE,0009,Bear Dunn,1.0,1,6,,26.49,0,0,,0
2020,10272,"Watt, J.J.",DE,0010,Shawn Blake,2.0,2,8,21.53,24.02,0,1,0009,0
2020,10272,"Watt, J.J.",DE,0008,Keith Creelman,4.0,3,10,22.72,22.74,1,0,,0
2020,10272,"Watt, J.J.",DE,0010,Shawn Blake,4.0,4,8,1.26,0.0,0,0,,1
2020,10273,"Newton, Cam",QB,0009,Bear Dunn,1.0,1,6,,62.65,0,0,,0
2020,10273,"Newton, Cam",QB,0008,Keith Creelman,4.0,2,9,21.52,60.17,1,0,,0
2020,10273,"Newton, Cam",QB,0012,Chris Klingenberg,5.0,3,21,11.82,47.99,0,1,0009,0
2020,10273,"Newton, Cam",QB,0006,Steve Bousquet,6.0,4,21,0.01,24.0,0,1,0012,0
2020,10273,"Newton, Cam",QB,0006,Steve Bousquet,6.0,5,21,0.0,0.0,0,0,,1
2020,10274,"Smith, Aldon",DE,0011,Eric Mannila,1.0,1,12,,24.03,0,0,,0
2020,10274,"Smith, Aldon",DE,0006,Steve Bousquet,2.0,2,11,1.33,1.36,1,0,,0
2020,10274,"Smith, Aldon",DE,0011,Eric Mannila,2.0,3,12,22.64,0.0,0,0,,1
2020,10276,"Ingram, Mark",RB,0002,AJ Balderelli,1.0,1,0,,77.81,0,0,,0
2020,10276,"Ingram, Mark",RB,0010,Shawn Blake,2.0,2,6,17.83,71.65,0,1,0002,0
2020,10276,"Ingram, Mark",RB,0008,Keith Creelman,6.0,3,7,23.31,70.96,0,1,0010,0
2020,10276,"Ingram, Mark",RB,0012,Chris Klingenberg,7.0,4,8,22.5,69.46,0,1,0008,0
2020,10276,"Ingram, Mark",RB,0003,Matt Gerardi,11.0,5,12,20.03,65.49,0,1,0012,0
2020,10276,"Ingram, Mark",RB,0012,Chris Klingenberg,17.0,6,15,21.54,63.03,0,1,0003,0
2020,10276,"Ingram, Mark",RB,0010,Shawn Blake,18.0,7,6,8.4,47.43,1,0,,0
2020,10276,"Ingram, Mark",RB,0011,Eric Mannila,21.0,8,12,17.81,41.24,0,1,0012,0
2020,10276,"Ingram, Mark",RB,0012,Chris Klingenberg,23.0,9,20,16.06,33.31,0,1,0011,0
2020,10276,"Ingram, Mark",RB,0011,Eric Mannila,25.0,10,6,14.7,24.0,0,1,0012,0
2020,10276,"Ingram, Mark",RB,0011,Eric Mannila,25.0,11,6,0.0,0.0,0,0,,1
2020,10277,"Houston, Justin",DE,0008,Keith Creelman,1.0,1,5,,27.43,0,0,,0
2020,10277,"Houston, Justin",DE,0008,Keith Creelman,1.0,2,9,0.0,0.0,0,0,,1
2020,10292,"Jordan, Cameron",DE,0001,Ryan Bousquet,1.0,1,15,,24.05,0,0,,0
2020,10292,"Jordan, Cameron",DE,0004,Brian Cutting,2.0,2,8,7.1,7.15,1,0,,0
2020,10292,"Jordan, Cameron",DE,0004,Brian Cutting,3.0,3,8,23.99,7.14,1,0,,0
2020,10292,"Jordan, Cameron",DE,0002,AJ Balderelli,4.0,4,13,18.95,2.09,1,0,,0
2020,10292,"Jordan, Cameron",DE,0011,Eric Mannila,5.0,5,13,23.53,1.62,1,0,,0
2020,10292,"Jordan, Cameron",DE,0001,Ryan Bousquet,5.0,6,15,22.38,0.0,0,0,,1
2020,10308,"Cobb, Randall",WR,0007,Josh Martel,1.0,1,8,,24.09,0,0,,0
2020,10308,"Cobb, Randall",WR,0012,Chris Klingenberg,2.0,2,22,10.28,10.36,1,0,,0
2020,10308,"Cobb, Randall",WR,0005,Rico Balderelli,4.0,3,1,20.81,7.17,1,0,,0
2020,10308,"Cobb, Randall",WR,0007,Josh Martel,4.0,4,8,16.83,0.0,0,0,,1
2020,10312,"Rudolph, Kyle",TE,0005,Rico Balderelli,1.0,1,9,,24.02,0,0,,0
2020,10312,"Rudolph, Kyle",TE,0005,Rico Balderelli,1.0,2,9,0.0,0.0,0,0,,1
2020,10335,"Casey, Jurrell",DE,0009,Bear Dunn,1.0,1,6,,24.32,0,0,,0
2020,10335,"Casey, Jurrell",DE,0009,Bear Dunn,1.0,2,6,0.0,0.0,0,0,,1
2020,10389,"Lewis, Dion",RB,0009,Bear Dunn,1.0,1,6,,24.2,0,0,,0
2020,10389,"Lewis, Dion",RB,0009,Bear Dunn,1.0,2,6,0.0,0.0,0,0,,1
2020,10506,"Bailey, Dan",PK,0009,Bear Dunn,1.0,1,6,,24.03,0,0,,0
2020,10506,"Bailey, Dan",PK,0009,Bear Dunn,1.0,2,6,0.0,0.0,0,0,,1
2020,10697,"Tannehill, Ryan",QB,0010,Shawn Blake,1.0,1,0,,24.01,0,0,,0
2020,10697,"Tannehill, Ryan",QB,0001,Ryan Bousquet,2.0,2,14,9.25,9.27,1,0,,0
2020,10697,"Tannehill, Ryan",QB,0010,Shawn Blake,2.0,3,0,14.73,0.0,0,0,,1
2020,10700,"Cousins, Kirk",QB,0011,Eric Mannila,1.0,1,8,,24.66,0,0,,0
2020,10700,"Cousins, Kirk",QB,0004,Brian Cutting,4.0,2,8,23.54,24.21,0,1,0011,0
2020,10700,"Cousins, Kirk",QB,0004,Brian Cutting,4.0,3,9,0.0,0.0,0,0,,1
2020,10708,"Miller, Lamar",RB,0011,Eric Mannila,1.0,1,8,,28.57,0,0,,0
2020,10708,"Miller, Lamar",RB,0009,Bear Dunn,2.0,2,10,21.88,26.45,0,1,0011,0
2020,10708,"Miller, Lamar",RB,0008,Keith Creelman,4.0,3,12,21.6,24.05,0,1,0009,0
2020,10708,"Miller, Lamar",RB,0008,Keith Creelman,4.0,4,12,0.0,0.0,0,0,,1
2020,10722,"Jeffery, Alshon",WR,0009,Bear Dunn,1.0,1,6,,24.16,0,0,,0
2020,10722,"Jeffery, Alshon",WR,0001,Ryan Bousquet,2.0,2,19,11.08,11.24,1,0,,0
2020,10722,"Jeffery, Alshon",WR,0008,Keith Creelman,3.0,3,6,13.75,0.99,1,0,,0
2020,10722,"Jeffery, Alshon",WR,0009,Bear Dunn,3.0,4,7,23.01,0.0,0,0,,1
2020,10729,"Hilton, T.Y.",WR,0006,Steve Bousquet,1.0,1,10,,43.97,0,0,,0
2020,10729,"Hilton, T.Y.",WR,0002,AJ Balderelli,2.0,2,10,23.85,43.82,0,1,0006,0
2020,10729,"Hilton, T.Y.",WR,0004,Brian Cutting,3.0,3,11,23.2,43.02,0,1,0002,0
2020,10729,"Hilton, T.Y.",WR,0001,Ryan Bousquet,5.0,4,12,23.03,42.05,1,0,,0
2020,10729,"Hilton, T.Y.",WR,0010,Shawn Blake,9.0,5,6,6.19,24.24,0,1,0004,0
2020,10729,"Hilton, T.Y.",WR,0004,Brian Cutting,11.0,6,7,22.85,23.09,1,0,,0
2020,10729,"Hilton, T.Y.",WR,0004,Brian Cutting,12.0,7,7,23.99,23.08,1,0,,0
2020,10729,"Hilton, T.Y.",WR,0004,Brian Cutting,15.0,8,8,23.59,22.66,1,0,,0
2020,10729,"Hilton, T.Y.",WR,0004,Brian Cutting,16.0,9,8,23.88,22.54,1,0,,0
2020,10729,"Hilton, T.Y.",WR,0003,Matt Gerardi,17.0,10,22,9.43,7.98,1,0,,0
2020,10729,"Hilton, T.Y.",WR,0010,Shawn Blake,17.0,11,6,16.02,0.0,0,0,,1
2020,10738,"Jones, Marvin",WR,0008,Keith Creelman,1.0,1,6,,25.55,0,0,,0
2020,10738,"Jones, Marvin",WR,0010,Shawn Blake,3.0,2,6,23.49,25.04,1,0,,0
2020,10738,"Jones, Marvin",WR,0005,Rico Balderelli,8.0,3,7,22.96,24.01,0,1,0008,0
2020,10738,"Jones, Marvin",WR,0003,Matt Gerardi,12.0,4,9,22.02,22.03,1,0,,0
2020,10738,"Jones, Marvin",WR,0003,Matt Gerardi,17.0,5,20,12.94,10.97,1,0,,0
2020,10738,"Jones, Marvin",WR,0005,Rico Balderelli,17.0,6,7,13.03,0.0,0,0,,1
2020,10749,"Ingram, Melvin",DE,0006,Steve Bousquet,1.0,1,7,,48.14,0,0,,0
2020,10749,"Ingram, Melvin",DE,0004,Brian Cutting,2.0,2,20,11.83,35.97,0,1,0006,0
2020,10749,"Ingram, Melvin",DE,0009,Bear Dunn,3.0,3,7,12.44,24.41,0,1,0004,0
2020,10749,"Ingram, Melvin",DE,0009,Bear Dunn,3.0,4,8,0.0,0.0,0,0,,1
2020,10753,"Jones, Chandler",LB,0004,Brian Cutting,1.0,1,6,,29.9,0,0,,0
2020,10753,"Jones, Chandler",LB,0001,Ryan Bousquet,3.0,2,12,18.13,24.02,0,1,0004,0
2020,10753,"Jones, Chandler",LB,0001,Ryan Bousquet,3.0,3,12,0.0,0.0,0,0,,1
2020,10768,"David, Lavonte",LB,0009,Bear Dunn,1.0,1,6,,27.79,0,0,,0
2020,10768,"David, Lavonte",LB,0010,Shawn Blake,3.0,2,10,20.21,24.0,0,1,0009,0
2020,10768,"David, Lavonte",LB,0009,Bear Dunn,4.0,3,9,1.06,1.06,1,0,,0
2020,10768,"David, Lavonte",LB,0010,Shawn Blake,4.0,4,10,22.94,0.0,0,0,,1
2020,10775,"Wagner, Bobby",LB,0006,Steve Bousquet,1.0,1,15,,24.04,0,0,,0
2020,10775,"Wagner, Bobby",LB,0001,Ryan Bousquet,4.0,2,23,15.81,15.85,1,0,,0
2020,10775,"Wagner, Bobby",LB,0010,Shawn Blake,5.0,3,6,17.38,9.23,1,0,,0
2020,10775,"Wagner, Bobby",LB,0010,Shawn Blake,6.0,4,15,15.18,0.41,1,0,,0
2020,10775,"Wagner, Bobby",LB,0006,Steve Bousquet,6.0,5,15,23.59,0.0,0,0,,1
2020,10783,"Smith, Harrison",S,0001,Ryan Bousquet,1.0,1,21,,24.0,0,0,,0
2020,10783,"Smith, Harrison",S,0001,Ryan Bousquet,1.0,2,21,0.0,0.0,0,0,,1
2020,10816,"Davis, Demario",LB,0009,Bear Dunn,1.0,1,7,,24.15,0,0,,0
2020,10816,"Davis, Demario",LB,0004,Brian Cutting,2.0,2,8,22.74,22.89,1,0,,0
2020,10816,"Davis, Demario",LB,0004,Brian Cutting,3.0,3,11,20.68,19.56,1,0,,0
2020,10816,"Davis, Demario",LB,0009,Bear Dunn,3.0,4,7,4.44,0.0,0,0,,1
2020,10868,"Zuerlein, Greg",PK,0005,Rico Balderelli,1.0,1,7,,24.02,0,0,,0
2020,10868,"Zuerlein, Greg",PK,0009,Bear Dunn,2.0,2,7,23.85,23.87,1,0,,0
2020,10868,"Zuerlein, Greg",PK,0005,Rico Balderelli,2.0,3,7,0.13,0.0,0,0,,1
2020,10879,"Trevathan, Danny",LB,0008,Keith Creelman,1.0,1,7,,24.51,0,0,,0
2020,10879,"Trevathan, Danny",LB,0008,Keith Creelman,1.0,2,7,0.0,0.0,0,0,,1
2020,10945,"Hekker, Johnny",PN,0010,Shawn Blake,1.0,1,6,,24.38,0,0,,0
2020,10945,"Hekker, Johnny",PN,0010,Shawn Blake,1.0,2,6,0.0,0.0,0,0,,1
2020,10973,"Beasley, Cole",WR,0005,Rico Balderelli,1.0,1,7,,24.01,0,0,,0
2020,10973,"Beasley, Cole",WR,0005,Rico Balderelli,1.0,2,7,0.0,0.0,0,0,,1
2020,10976,"Tucker, Justin",PK,0011,Eric Mannila,1.0,1,5,,24.48,0,0,,0
2020,10976,"Tucker, Justin",PK,0009,Bear Dunn,2.0,2,18,11.07,11.55,1,0,,0
2020,10976,"Tucker, Justin",PK,0011,Eric Mannila,2.0,3,5,12.45,0.0,0,0,,1
2020,11182,"Burkhead, Rex",RB,0001,Ryan Bousquet,1.0,1,21,,24.01,0,0,,0
2020,11182,"Burkhead, Rex",RB,0003,Matt Gerardi,2.0,2,20,0.84,0.85,1,0,,0
2020,11182,"Burkhead, Rex",RB,0001,Ryan Bousquet,2.0,3,21,23.15,0.0,0,0,,1
2020,11186,"Thompson, Chris",RB,0009,Bear Dunn,1.0,1,3,,39.79,0,0,,0
2020,11186,"Thompson, Chris",RB,0008,Keith Creelman,3.0,2,9,17.83,33.62,0,1,0009,0
2020,11186,"Thompson, Chris",RB,0012,Chris Klingenberg,5.0,3,18,14.46,24.08,0,1,0008,0
2020,11186,"Thompson, Chris",RB,0012,Chris Klingenberg,5.0,4,19,0.0,0.0,0,0,,1
2020,11193,"Bernard, Giovani",RB,0008,Keith Creelman,1.0,1,0,,24.01,0,0,,0
2020,11193,"Bernard, Giovani",RB,0008,Keith Creelman,1.0,2,0,0.0,0.0,0,0,,1
2020,11228,"Woods, Robert",WR,0008,Keith Creelman,1.0,1,5,,90.47,0,0,,0
2020,11228,"Woods, Robert",WR,0009,Bear Dunn,2.0,2,6,22.92,89.39,0,1,0008,0
2020,11228,"Woods, Robert",WR,0006,Steve Bousquet,8.0,3,9,21.07,86.45,0,1,0009,0
2020,11228,"Woods, Robert",WR,0003,Matt Gerardi,10.0,4,10,23.12,85.57,0,1,0006,0
2020,11228,"Woods, Robert",WR,0010,Shawn Blake,14.0,5,6,4.05,65.63,0,1,0003,0
2020,11228,"Woods, Robert",WR,0003,Matt Gerardi,16.0,6,9,21.15,62.78,0,1,0010,0
2020,11228,"Woods, Robert",WR,0007,Josh Martel,19.0,7,14,19.53,58.31,0,1,0003,0
2020,11228,"Woods, Robert",WR,0003,Matt Gerardi,21.0,8,16,21.35,55.66,1,0,,0
2020,11228,"Woods, Robert",WR,0003,Matt Gerardi,22.0,9,17,22.87,54.53,1,0,,0
2020,11228,"Woods, Robert",WR,0003,Matt Gerardi,23.0,10,17,23.97,54.5,1,0,,0
2020,11228,"Woods, Robert",WR,0003,Matt Gerardi,25.0,11,22,18.98,49.49,1,0,,0
2020,11228,"Woods, Robert",WR,0003,Matt Gerardi,27.0,12,0,22.27,47.75,0,1,0007,0
2020,11228,"Woods, Robert",WR,0006,Steve Bousquet,30.0,13,0,0.37,24.13,1,0,,0
2020,11228,"Woods, Robert",WR,0006,Steve Bousquet,31.0,14,0,23.99,24.12,0,1,0003,0
2020,11228,"Woods, Robert",WR,0006,Steve Bousquet,31.0,15,0,0.0,0.0,0,0,,1
2020,11244,"Kelce, Travis",TE,0008,Keith Creelman,1.0,1,5,,28.29,0,0,,0
2020,11244,"Kelce, Travis",TE,0005,Rico Balderelli,2.0,2,6,23.58,27.87,0,1,0008,0
2020,11244,"Kelce, Travis",TE,0010,Shawn Blake,11.0,3,6,23.77,27.64,0,1,0005,0
2020,11244,"Kelce, Travis",TE,0004,Brian Cutting,15.0,4,6,23.71,27.35,1,0,,0
2020,11244,"Kelce, Travis",TE,0005,Rico Balderelli,20.0,5,6,23.93,27.28,1,0,,0
2020,11244,"Kelce, Travis",TE,0006,Steve Bousquet,21.0,6,9,21.01,24.29,1,0,,0
2020,11244,"Kelce, Travis",TE,0007,Josh Martel,31.0,7,10,23.71,24.01,0,1,0010,0
2020,11244,"Kelce, Travis",TE,0006,Steve Bousquet,34.0,8,23,10.65,10.66,1,0,,0
2020,11244,"Kelce, Travis",TE,0010,Shawn Blake,41.0,9,6,16.9,3.56,1,0,,0
2020,11244,"Kelce, Travis",TE,0011,Eric Mannila,46.0,10,7,22.67,2.23,1,0,,0
2020,11244,"Kelce, Travis",TE,0007,Josh Martel,46.0,11,10,21.77,0.0,0,0,,1
2020,11250,"Eifert, Tyler",TE,0004,Brian Cutting,1.0,1,17,,25.46,0,0,,0
2020,11250,"Eifert, Tyler",TE,0004,Brian Cutting,1.0,2,18,0.0,0.0,0,0,,1
2020,11313,"Mathieu, Tyrann",S,0011,Eric Mannila,1.0,1,5,,24.99,0,0,,0
2020,11313,"Mathieu, Tyrann",S,0011,Eric Mannila,1.0,2,6,0.0,0.0,0,0,,1
2020,11316,"Ryan, Logan",CB,0006,Steve Bousquet,1.0,1,23,,24.15,0,0,,0
2020,11316,"Ryan, Logan",CB,0006,Steve Bousquet,1.0,2,23,0.0,0.0,0,0,,1
2020,11323,"Reid, Eric",S,0001,Ryan Bousquet,1.0,1,23,,24.0,0,0,,0
2020,11323,"Reid, Eric",S,0001,Ryan Bousquet,1.0,2,23,0.0,0.0,0,0,,1
2020,11517,"McDougald, Bradley",S,0010,Shawn Blake,1.0,1,6,,24.35,0,0,,0
2020,11517,"McDougald, Bradley",S,0010,Shawn Blake,1.0,2,6,0.0,0.0,0,0,,1
2020,11644,"Carr, Derek",QB,0005,Rico Balderelli,1.0,1,19,,26.69,0,0,,0
2020,11644,"Carr, Derek",QB,0001,Ryan Bousquet,2.0,2,21,21.9,24.59,0,1,0005,0
2020,11644,"Carr, Derek",QB,0012,Chris Klingenberg,3.0,3,22,23.47,24.06,0,1,0001,0
2020,11644,"Carr, Derek",QB,0005,Rico Balderelli,4.0,4,1,20.82,20.88,1,0,,0
2020,11644,"Carr, Derek",QB,0012,Chris Klingenberg,4.0,5,22,3.12,0.0,0,0,,1
2020,11657,"Hyde, Carlos",RB,0003,Matt Gerardi,1.0,1,9,,24.02,0,0,,0
2020,11657,"Hyde, Carlos",RB,0002,AJ Balderelli,2.0,2,0,9.35,9.37,1,0,,0
2020,11657,"Hyde, Carlos",RB,0003,Matt Gerardi,2.0,3,9,14.63,0.0,0,0,,1
2020,11660,"Freeman, Devonta",RB,0003,Matt Gerardi,1.0,1,0,,24.87,0,0,,0
2020,11660,"Freeman, Devonta",RB,0003,Matt Gerardi,1.0,2,1,0.0,0.0,0,0,,1
2020,11711,"Ford, Dee",DE,0011,Eric Mannila,1.0,1,7,,24.02,0,0,,0
2020,11711,"Ford, Dee",DE,0011,Eric Mannila,1.0,2,7,0.0,0.0,0,0,,1
2020,11747,"White, James",RB,0012,Chris Klingenberg,1.0,1,8,,71.98,0,0,,0
2020,11747,"White, James",RB,0005,Rico Balderelli,2.0,2,10,21.8,69.79,0,1,0012,0
2020,11747,"White, James",RB,0001,Ryan Bousquet,4.0,3,12,22.34,68.13,1,0,,0
2020,11747,"White, James",RB,0008,Keith Creelman,6.0,4,20,16.44,60.57,0,1,0005,0
2020,11747,"White, James",RB,0001,Ryan Bousquet,7.0,5,23,20.27,56.84,1,0,,0
2020,11747,"White, James",RB,0010,Shawn Blake,8.0,6,6,17.11,49.95,1,0,,0
2020,11747,"White, James",RB,0010,Shawn Blake,10.0,7,6,23.96,49.92,0,1,0008,0
2020,11747,"White, James",RB,0005,Rico Balderelli,11.0,8,7,22.77,48.68,0,1,0010,0
2020,11747,"White, James",RB,0012,Chris Klingenberg,12.0,9,0,7.54,32.23,1,0,,0
2020,11747,"White, James",RB,0012,Chris Klingenberg,14.0,10,0,23.99,32.22,1,0,,0
2020,11747,"White, James",RB,0010,Shawn Blake,15.0,11,6,17.56,25.78,1,0,,0
2020,11747,"White, James",RB,0010,Shawn Blake,18.0,12,7,23.33,25.12,1,0,,0
2020,11747,"White, James",RB,0010,Shawn Blake,20.0,13,7,23.98,25.09,1,0,,0
2020,11747,"White, James",RB,0010,Shawn Blake,21.0,14,7,23.95,25.04,1,0,,0
2020,11747,"White, James",RB,0010,Shawn Blake,24.0,15,7,23.95,25.0,1,0,,0
2020,11747,"White, James",RB,0010,Shawn Blake,25.0,16,7,23.89,24.89,0,1,0005,0
2020,11747,"White, James",RB,0005,Rico Balderelli,26.0,17,8,23.12,24.02,0,1,0010,0
2020,11747,"White, James",RB,0005,Rico Balderelli,26.0,18,8,0.0,0.0,0,0,,1
2020,11760,"Garoppolo, Jimmy",QB,0011,Eric Mannila,1.0,1,9,,24.09,0,0,,0
2020,11760,"Garoppolo, Jimmy",QB,0004,Brian Cutting,2.0,2,21,12.38,12.47,1,0,,0
2020,11760,"Garoppolo, Jimmy",QB,0011,Eric Mannila,2.0,3,9,11.53,0.0,0,0,,1
2020,11764,"Fuller, Kyle",CB,0008,Keith Creelman,1.0,1,4,,25.53,0,0,,0
2020,11764,"Fuller, Kyle",CB,0008,Keith Creelman,1.0,2,5,0.0,0.0,0,0,,1
2020,11772,"Kirksey, Christian",LB,0007,Josh Martel,1.0,1,8,,43.56,0,0,,0
2020,11772,"Kirksey, Christian",LB,0009,Bear Dunn,2.0,2,19,12.53,32.09,1,0,,0
2020,11772,"Kirksey, Christian",LB,0004,Brian Cutting,3.0,3,3,16.06,24.15,0,1,0007,0
2020,11772,"Kirksey, Christian",LB,0011,Eric Mannila,4.0,4,19,8.67,8.82,1,0,,0
2020,11772,"Kirksey, Christian",LB,0004,Brian Cutting,4.0,5,3,15.18,0.0,0,0,,1
2020,11985,"Way, Tress",PN,0008,Keith Creelman,1.0,1,5,,24.08,0,0,,0
2020,11985,"Way, Tress",PN,0008,Keith Creelman,1.0,2,5,0.0,0.0,0,0,,1
2020,12075,"Barrett, Shaq",LB,0011,Eric Mannila,1.0,1,19,,24.01,0,0,,0
2020,12075,"Barrett, Shaq",LB,0004,Brian Cutting,2.0,2,8,11.12,11.13,1,0,,0
2020,12075,"Barrett, Shaq",LB,0004,Brian Cutting,3.0,3,13,19.12,6.25,1,0,,0
2020,12075,"Barrett, Shaq",LB,0011,Eric Mannila,3.0,4,19,17.75,0.0,0,0,,1
2020,12087,"Davis, Todd",LB,0008,Keith Creelman,1.0,1,5,,27.42,0,0,,0
2020,12087,"Davis, Todd",LB,0008,Keith Creelman,1.0,2,9,0.0,0.0,0,0,,1
2020,12088,"Phillips, Adrian",S,0007,Josh Martel,1.0,1,22,,32.84,0,0,,0
2020,12088,"Phillips, Adrian",S,0010,Shawn Blake,2.0,2,6,15.23,24.07,0,1,0007,0
2020,12088,"Phillips, Adrian",S,0010,Shawn Blake,2.0,3,7,0.0,0.0,0,0,,1
2020,12140,"Winston, Jameis",QB,0012,Chris Klingenberg,1.0,1,23,,24.04,0,0,,0
2020,12140,"Winston, Jameis",QB,0012,Chris Klingenberg,1.0,2,23,0.0,0.0,0,0,,1
2020,12152,"Coleman, Tevin",RB,0001,Ryan Bousquet,1.0,1,23,,94.32,0,0,,0
2020,12152,"Coleman, Tevin",RB,0002,AJ Balderelli,2.0,2,10,13.94,84.26,1,0,,0
2020,12152,"Coleman, Tevin",RB,0003,Matt Gerardi,4.0,3,13,20.5,80.76,1,0,,0
2020,12152,"Coleman, Tevin",RB,0003,Matt Gerardi,5.0,4,20,17.08,73.84,1,0,,0
2020,12152,"Coleman, Tevin",RB,0008,Keith Creelman,6.0,5,21,23.27,73.11,1,0,,0
2020,12152,"Coleman, Tevin",RB,0008,Keith Creelman,7.0,6,21,23.99,73.1,1,0,,0
2020,12152,"Coleman, Tevin",RB,0008,Keith Creelman,8.0,7,22,22.61,71.71,0,1,0001,0
2020,12152,"Coleman, Tevin",RB,0012,Chris Klingenberg,9.0,8,9,13.44,61.15,0,1,0008,0
2020,12152,"Coleman, Tevin",RB,0008,Keith Creelman,10.0,9,5,3.53,40.68,1,0,,0
2020,12152,"Coleman, Tevin",RB,0008,Keith Creelman,11.0,10,8,20.62,37.3,0,1,0012,0
2020,12152,"Coleman, Tevin",RB,0012,Chris Klingenberg,12.0,11,10,22.12,35.42,1,0,,0
2020,12152,"Coleman, Tevin",RB,0012,Chris Klingenberg,13.0,12,10,23.99,35.41,0,1,0008,0
2020,12152,"Coleman, Tevin",RB,0008,Keith Creelman,14.0,13,11,23.14,34.56,0,1,0012,0
2020,12152,"Coleman, Tevin",RB,0012,Chris Klingenberg,15.0,14,12,23.06,33.61,1,0,,0
2020,12152,"Coleman, Tevin",RB,0012,Chris Klingenberg,16.0,15,22,14.43,24.04,0,1,0008,0
2020,12152,"Coleman, Tevin",RB,0012,Chris Klingenberg,16.0,16,22,0.0,0.0,0,0,,1
2020,12164,"Davis, Mike",RB,0007,Josh Martel,1.0,1,19,,26.27,0,0,,0
2020,12164,"Davis, Mike",RB,0008,Keith Creelman,2.0,2,20,23.23,25.5,0,1,0007,0
2020,12164,"Davis, Mike",RB,0008,Keith Creelman,2.0,3,21,0.0,0.0,0,0,,1
2020,12184,"Crowder, Jamison",WR,0005,Rico Balderelli,1.0,1,0,,24.0,0,0,,0
2020,12184,"Crowder, Jamison",WR,0009,Bear Dunn,3.0,2,21,2.68,2.68,1,0,,0
2020,12184,"Crowder, Jamison",WR,0009,Bear Dunn,4.0,3,21,23.97,2.65,1,0,,0
2020,12184,"Crowder, Jamison",WR,0009,Bear Dunn,5.0,4,21,23.98,2.64,1,0,,0
2020,12184,"Crowder, Jamison",WR,0009,Bear Dunn,7.0,5,21,23.97,2.6,1,0,,0
2020,12184,"Crowder, Jamison",WR,0005,Rico Balderelli,7.0,6,0,21.4,0.0,0,0,,1
2020,12197,"Perriman, Breshad",WR,0012,Chris Klingenberg,1.0,1,21,,75.38,0,0,,0
2020,12197,"Perriman, Breshad",WR,0008,Keith Creelman,2.0,2,10,11.57,62.95,0,1,0012,0
2020,12197,"Perriman, Breshad",WR,0009,Bear Dunn,4.0,3,10,23.77,62.72,0,1,0008,0
2020,12197,"Perriman, Breshad",WR,0012,Chris Klingenberg,5.0,4,20,13.62,52.34,0,1,0009,0
2020,12197,"Perriman, Breshad",WR,0003,Matt Gerardi,6.0,5,21,23.8,52.14,0,1,0012,0
2020,12197,"Perriman, Breshad",WR,0012,Chris Klingenberg,7.0,6,22,22.57,50.7,0,1,0003,0
2020,12197,"Perriman, Breshad",WR,0008,Keith Creelman,8.0,7,10,11.8,38.5,1,0,,0
2020,12197,"Perriman, Breshad",WR,0008,Keith Creelman,9.0,8,10,23.99,38.49,0,1,0012,0
2020,12197,"Perriman, Breshad",WR,0012,Chris Klingenberg,10.0,9,11,23.57,38.07,0,1,0008,0
2020,12197,"Perriman, Breshad",WR,0003,Matt Gerardi,11.0,10,1,9.96,24.03,0,1,0012,0
2020,12197,"Perriman, Breshad",WR,0003,Matt Gerardi,11.0,11,1,0.0,0.0,0,0,,1
2020,12217,"Fowler, Dante",DE,0008,Keith Creelman,1.0,1,6,,41.76,0,0,,0
2020,12217,"Fowler, Dante",DE,0001,Ryan Bousquet,2.0,2,23,6.34,24.11,0,1,0008,0
2020,12217,"Fowler, Dante",DE,0001,Ryan Bousquet,2.0,3,23,0.0,0.0,0,0,,1
2020,12231,"Thompson, Shaq",LB,0003,Matt Gerardi,1.0,1,1,,24.06,0,0,,0
2020,12231,"Thompson, Shaq",LB,0001,Ryan Bousquet,2.0,2,0,0.55,0.61,1,0,,0
2020,12231,"Thompson, Shaq",LB,0003,Matt Gerardi,2.0,3,1,23.39,0.0,0,0,,1
2020,12239,"Kendricks, Eric",LB,0002,AJ Balderelli,1.0,1,23,,46.33,0,0,,0
2020,12239,"Kendricks, Eric",LB,0012,Chris Klingenberg,2.0,2,22,1.73,24.06,0,1,0002,0
2020,12239,"Kendricks, Eric",LB,0012,Chris Klingenberg,2.0,3,22,0.0,0.0,0,0,,1
2020,12250,"Collins, Landon",S,0010,Shawn Blake,1.0,1,0,,24.2,0,0,,0
2020,12250,"Collins, Landon",S,0003,Matt Gerardi,3.0,2,0,23.98,24.17,1,0,,0
2020,12250,"Collins, Landon",S,0009,Bear Dunn,4.0,3,9,15.52,15.69,1,0,,0
2020,12250,"Collins, Landon",S,0010,Shawn Blake,4.0,4,1,8.31,0.0,0,0,,1
2020,12257,"Conley, Chris",WR,0012,Chris Klingenberg,1.0,1,0,,24.02,0,0,,0
2020,12257,"Conley, Chris",WR,0012,Chris Klingenberg,1.0,2,0,0.0,0.0,0,0,,1
2020,12287,"Hicks, Jordan",LB,0002,AJ Balderelli,1.0,1,21,,24.58,0,0,,0
2020,12287,"Hicks, Jordan",LB,0004,Brian Cutting,2.0,2,21,23.67,24.25,0,1,0002,0
2020,12287,"Hicks, Jordan",LB,0004,Brian Cutting,2.0,3,21,0.0,0.0,0,0,,1
2020,12317,"Uzomah, C.J.",TE,0005,Rico Balderelli,1.0,1,8,,24.02,0,0,,0
2020,12317,"Uzomah, C.J.",TE,0005,Rico Balderelli,1.0,2,8,0.0,0.0,0,0,,1
2020,12328,"Boyle, Nick",TE,0004,Brian Cutting,1.0,1,7,,24.07,0,0,,0
2020,12328,"Boyle, Nick",TE,0004,Brian Cutting,1.0,2,7,0.0,0.0,0,0,,1
2020,12386,"Brown, Malcolm",RB,0003,Matt Gerardi,1.0,1,15,,54.78,0,0,,0
2020,12386,"Brown, Malcolm",RB,0012,Chris Klingenberg,2.0,2,21,17.69,48.47,1,0,,0
2020,12386,"Brown, Malcolm",RB,0012,Chris Klingenberg,3.0,3,21,23.99,48.47,0,1,0003,0
2020,12386,"Brown, Malcolm",RB,0003,Matt Gerardi,4.0,4,19,2.68,27.15,0,1,0012,0
2020,12386,"Brown, Malcolm",RB,0012,Chris Klingenberg,5.0,5,22,20.95,24.1,0,1,0003,0
2020,12386,"Brown, Malcolm",RB,0003,Matt Gerardi,6.0,6,21,0.1,0.19,1,0,,0
2020,12386,"Brown, Malcolm",RB,0012,Chris Klingenberg,6.0,7,22,23.81,0.0,0,0,,1
2020,12464,"Byrd, Damiere",WR,0008,Keith Creelman,1.0,1,22,,32.46,0,0,,0
2020,12464,"Byrd, Damiere",WR,0008,Keith Creelman,1.0,2,6,0.0,0.0,0,0,,1
2020,12505,"Humphries, Adam",WR,0012,Chris Klingenberg,1.0,1,21,,48.12,0,0,,0
2020,12505,"Humphries, Adam",WR,0003,Matt Gerardi,2.0,2,21,0.04,24.16,0,1,0012,0
2020,12505,"Humphries, Adam",WR,0003,Matt Gerardi,2.0,3,21,0.0,0.0,0,0,,1
2020,12610,"Wentz, Carson",QB,0003,Matt Gerardi,1.0,1,9,,33.91,0,0,,0
2020,12610,"Wentz, Carson",QB,0008,Keith Creelman,2.0,2,9,23.98,33.89,0,1,0003,0
2020,12610,"Wentz, Carson",QB,0009,Bear Dunn,4.0,3,9,23.39,33.28,1,0,,0
2020,12610,"Wentz, Carson",QB,0009,Bear Dunn,5.0,4,18,15.37,24.64,0,1,0008,0
2020,12610,"Wentz, Carson",QB,0009,Bear Dunn,5.0,5,19,0.0,0.0,0,0,,1
2020,12611,"Goff, Jared",QB,0008,Keith Creelman,1.0,1,5,,24.38,0,0,,0
2020,12611,"Goff, Jared",QB,0008,Keith Creelman,1.0,2,5,0.0,0.0,0,0,,1
2020,12687,"Lawson, Shaq",DE,0003,Matt Gerardi,1.0,1,23,,24.54,0,0,,0
2020,12687,"Lawson, Shaq",DE,0003,Matt Gerardi,1.0,2,23,0.0,0.0,0,0,,1
2020,12688,"Buckner, DeForest",DT,0001,Ryan Bousquet,1.0,1,15,,30.6,0,0,,0
2020,12688,"Buckner, DeForest",DT,0007,Josh Martel,2.0,2,22,17.4,24.0,0,1,0001,0
2020,12688,"Buckner, DeForest",DT,0007,Josh Martel,2.0,3,22,0.0,0.0,0,0,,1
2020,12702,"Jack, Myles",LB,0011,Eric Mannila,1.0,1,5,,24.95,0,0,,0
2020,12702,"Jack, Myles",LB,0011,Eric Mannila,1.0,2,6,0.0,0.0,0,0,,1
2020,12716,"Mills, Jalen",S,0002,AJ Balderelli,1.0,1,22,,24.14,0,0,,0
2020,12716,"Mills, Jalen",S,0002,AJ Balderelli,1.0,2,22,0.0,0.0,0,0,,1
2020,12717,"Joseph, Karl",S,0009,Bear Dunn,1.0,1,3,,24.44,0,0,,0
2020,12717,"Joseph, Karl",S,0009,Bear Dunn,1.0,2,3,0.0,0.0,0,0,,1
2020,12718,"Bell, Vonn",S,0003,Matt Gerardi,1.0,1,0,,24.13,0,0,,0
2020,12718,"Bell, Vonn",S,0001,Ryan Bousquet,2.0,2,22,2.37,2.5,1,0,,0
2020,12718,"Bell, Vonn",S,0003,Matt Gerardi,2.0,3,1,21.5,0.0,0,0,,1
2020,12736,"Neal, Keanu",S,0007,Josh Martel,1.0,1,20,,24.03,0,0,,0
2020,12736,"Neal, Keanu",S,0007,Josh Martel,1.0,2,20,0.0,0.0,0,0,,1
2020,12741,"Jones, Chris",DT,0007,Josh Martel,1.0,1,22,,49.08,0,0,,0
2020,12741,"Jones, Chris",DT,0008,Keith Creelman,2.0,2,5,16.57,41.65,0,1,0007,0
2020,12741,"Jones, Chris",DT,0003,Matt Gerardi,3.0,3,23,6.54,24.18,0,1,0008,0
2020,12741,"Jones, Chris",DT,0003,Matt Gerardi,3.0,4,23,0.0,0.0,0,0,,1
2020,12745,"Jones, Deion",LB,0011,Eric Mannila,1.0,1,6,,42.34,0,0,,0
2020,12745,"Jones, Deion",LB,0006,Steve Bousquet,2.0,2,0,5.87,24.21,1,0,,0
2020,12745,"Jones, Deion",LB,0006,Steve Bousquet,3.0,3,0,23.82,24.03,0,1,0011,0
2020,12745,"Jones, Deion",LB,0006,Steve Bousquet,3.0,4,0,0.0,0.0,0,0,,1
2020,12752,"Byard, Kevin",S,0007,Josh Martel,1.0,1,21,,24.01,0,0,,0
2020,12752,"Byard, Kevin",S,0007,Josh Martel,1.0,2,21,0.0,0.0,0,0,,1
2020,12756,"Ngakoue, Yannick",DE,0004,Brian Cutting,1.0,1,5,,26.26,0,0,,0
2020,12756,"Ngakoue, Yannick",DE,0005,Rico Balderelli,2.0,2,7,21.76,24.02,0,1,0004,0
2020,12756,"Ngakoue, Yannick",DE,0005,Rico Balderelli,2.0,3,7,0.0,0.0,0,0,,1
2020,12767,"Simmons, Justin",S,0012,Chris Klingenberg,1.0,1,9,,35.89,0,0,,0
2020,12767,"Simmons, Justin",S,0009,Bear Dunn,2.0,2,9,23.25,35.14,0,1,0012,0
2020,12767,"Simmons, Justin",S,0012,Chris Klingenberg,3.0,3,20,12.95,24.09,0,1,0009,0
2020,12767,"Simmons, Justin",S,0012,Chris Klingenberg,3.0,4,20,0.0,0.0,0,0,,1
2020,12768,"Schobert, Joe",LB,0003,Matt Gerardi,1.0,1,1,,24.05,0,0,,0
2020,12768,"Schobert, Joe",LB,0004,Brian Cutting,2.0,2,8,16.68,16.74,1,0,,0
2020,12768,"Schobert, Joe",LB,0003,Matt Gerardi,2.0,3,1,7.26,0.0,0,0,,1
2020,12788,"Martinez, Blake",LB,0007,Josh Martel,1.0,1,10,,48.91,0,0,,0
2020,12788,"Martinez, Blake",LB,0006,Steve Bousquet,2.0,2,10,23.29,48.2,0,1,0007,0
2020,12788,"Martinez, Blake",LB,0010,Shawn Blake,3.0,3,7,3.12,27.32,1,0,,0
2020,12788,"Martinez, Blake",LB,0009,Bear Dunn,4.0,4,9,21.94,25.26,1,0,,0
2020,12788,"Martinez, Blake",LB,0010,Shawn Blake,5.0,5,10,22.96,24.22,0,1,0006,0
2020,12788,"Martinez, Blake",LB,0010,Shawn Blake,5.0,6,10,0.0,0.0,0,0,,1
2020,12857,"Washington, DeAndre",RB,0006,Steve Bousquet,1.0,1,11,,46.13,0,0,,0
2020,12857,"Washington, DeAndre",RB,0012,Chris Klingenberg,2.0,2,20,14.23,36.37,1,0,,0
2020,12857,"Washington, DeAndre",RB,0012,Chris Klingenberg,4.0,3,22,22.25,34.62,1,0,,0
2020,12857,"Washington, DeAndre",RB,0012,Chris Klingenberg,5.0,4,9,13.4,24.02,0,1,0006,0
2020,12857,"Washington, DeAndre",RB,0012,Chris Klingenberg,5.0,5,9,0.0,0.0,0,0,,1
2020,12860,"Fairbairn, Ka'imi",PK,0004,Brian Cutting,1.0,1,3,,24.2,0,0,,0
2020,12860,"Fairbairn, Ka'imi",PK,0004,Brian Cutting,1.0,2,3,0.0,0.0,0,0,,1
2020,12985,"Littleton, Cory",LB,0007,Josh Martel,1.0,1,9,,24.02,0,0,,0
2020,12985,"Littleton, Cory",LB,0009,Bear Dunn,3.0,2,10,23.5,23.53,1,0,,0
2020,12985,"Littleton, Cory",LB,0001,Ryan Bousquet,4.0,3,12,21.93,21.46,1,0,,0
2020,12985,"Littleton, Cory",LB,0007,Josh Martel,4.0,4,10,2.54,0.0,0,0,,1
2020,13136,"Clement, Corey",RB,0006,Steve Bousquet,1.0,1,17,,24.11,0,0,,0
2020,13136,"Clement, Corey",RB,0006,Steve Bousquet,1.0,2,17,0.0,0.0,0,0,,1
2020,13148,"Ogunbowale, Dare",RB,0010,Shawn Blake,1.0,1,1,,24.26,0,0,,0
2020,13148,"Ogunbowale, Dare",RB,0010,Shawn Blake,1.0,2,1,0.0,0.0,0,0,,1
2020,13153,"Davis, Corey",WR,0008,Keith Creelman,1.0,1,5,,46.08,0,0,,0
2020,13153,"Davis, Corey",WR,0009,Bear Dunn,4.0,2,6,22.73,44.81,0,1,0008,0
2020,13153,"Davis, Corey",WR,0003,Matt Gerardi,5.0,3,3,3.65,24.47,1,0,,0
2020,13153,"Davis, Corey",WR,0003,Matt Gerardi,6.0,4,3,23.54,24.01,0,1,0009,0
2020,13153,"Davis, Corey",WR,0003,Matt Gerardi,6.0,5,3,0.0,0.0,0,0,,1
2020,13155,"Ross, John",WR,0008,Keith Creelman,1.0,1,5,,24.28,0,0,,0
2020,13155,"Ross, John",WR,0011,Eric Mannila,2.0,2,21,7.78,8.06,1,0,,0
2020,13155,"Ross, John",WR,0008,Keith Creelman,2.0,3,5,15.94,0.0,0,0,,1
2020,13157,"Samuel, Curtis",WR,0006,Steve Bousquet,1.0,1,0,,24.03,0,0,,0
2020,13157,"Samuel, Curtis",WR,0004,Brian Cutting,2.0,2,8,16.13,16.16,1,0,,0
2020,13157,"Samuel, Curtis",WR,0008,Keith Creelman,3.0,3,8,23.29,15.45,1,0,,0
2020,13157,"Samuel, Curtis",WR,0006,Steve Bousquet,3.0,4,0,8.55,0.0,0,0,,1
2020,13208,"Allen, Jonathan",DT,0004,Brian Cutting,1.0,1,7,,25.4,0,0,,0
2020,13208,"Allen, Jonathan",DT,0004,Brian Cutting,1.0,2,9,0.0,0.0,0,0,,1
2020,13215,"Foster, Reuben",LB,0004,Brian Cutting,1.0,1,7,,24.05,0,0,,0
2020,13215,"Foster, Reuben",LB,0004,Brian Cutting,1.0,2,7,0.0,0.0,0,0,,1
2020,13216,"Cunningham, Zach",LB,0001,Ryan Bousquet,1.0,1,14,,27.24,0,0,,0
2020,13216,"Cunningham, Zach",LB,0004,Brian Cutting,2.0,2,14,23.67,26.91,0,1,0001,0
2020,13216,"Cunningham, Zach",LB,0011,Eric Mannila,4.0,3,16,21.77,24.68,0,1,0004,0
2020,13216,"Cunningham, Zach",LB,0004,Brian Cutting,5.0,4,17,23.33,24.0,0,1,0011,0
2020,13216,"Cunningham, Zach",LB,0004,Brian Cutting,5.0,5,17,0.0,0.0,0,0,,1
2020,13223,"Humphrey, Marlon",CB,0003,Matt Gerardi,1.0,1,14,,24.04,0,0,,0
2020,13223,"Humphrey, Marlon",CB,0003,Matt Gerardi,1.0,2,14,0.0,0.0,0,0,,1
2020,13231,"Peppers, Jabrill",S,0008,Keith Creelman,1.0,1,7,,24.53,0,0,,0
2020,13231,"Peppers, Jabrill",S,0008,Keith Creelman,1.0,2,7,0.0,0.0,0,0,,1
2020,13240,"Hill, Brian",RB,0010,Shawn Blake,1.0,1,1,,24.29,0,0,,0
2020,13240,"Hill, Brian",RB,0008,Keith Creelman,2.0,2,10,14.62,14.91,1,0,,0
2020,13240,"Hill, Brian",RB,0010,Shawn Blake,2.0,3,1,9.09,0.0,0,0,,1
2020,13249,"White, Tre'Davious",CB,0003,Matt Gerardi,1.0,1,16,,24.06,0,0,,0
2020,13249,"White, Tre'Davious",CB,0003,Matt Gerardi,1.0,2,16,0.0,0.0,0,0,,1
2020,13257,"Evans, Justin",S,0004,Brian Cutting,1.0,1,6,,27.37,0,0,,0
2020,13257,"Evans, Justin",S,0009,Bear Dunn,2.0,2,9,20.63,24.0,0,1,0004,0
2020,13257,"Evans, Justin",S,0009,Bear Dunn,2.0,3,9,0.0,0.0,0,0,,1
2020,13274,"Johnson, John",S,0007,Josh Martel,1.0,1,14,,24.19,0,0,,0
2020,13274,"Johnson, John",S,0004,Brian Cutting,3.0,2,14,23.82,24.01,0,1,0007,0
2020,13274,"Johnson, John",S,0004,Brian Cutting,3.0,3,14,0.0,0.0,0,0,,1
2020,13307,"Milano, Matt",LB,0004,Brian Cutting,1.0,1,3,,24.22,0,0,,0
2020,13307,"Milano, Matt",LB,0004,Brian Cutting,1.0,2,3,0.0,0.0,0,0,,1
2020,13322,"Clark, Chuck",S,0004,Brian Cutting,1.0,1,12,,27.61,0,0,,0
2020,13322,"Clark, Chuck",S,0004,Brian Cutting,1.0,2,16,0.0,0.0,0,0,,1
2020,13343,"Odenigbo, Ifeadi",DE,0006,Steve Bousquet,1.0,1,20,,24.0,0,0,,0
2020,13343,"Odenigbo, Ifeadi",DE,0006,Steve Bousquet,1.0,2,20,0.0,0.0,0,0,,1
2020,13347,"Gonzalez, Zane",PK,0008,Keith Creelman,1.0,1,0,,24.26,0,0,,0
2020,13347,"Gonzalez, Zane",PK,0008,Keith Creelman,1.0,2,0,0.0,0.0,0,0,,1
2020,13391,"Hollister, Jacob",TE,0010,Shawn Blake,1.0,1,6,,24.27,0,0,,0
2020,13391,"Hollister, Jacob",TE,0010,Shawn Blake,1.0,2,6,0.0,0.0,0,0,,1
2020,13403,"Koo, Younghoe",PK,0006,Steve Bousquet,1.0,1,8,,24.02,0,0,,0
2020,13403,"Koo, Younghoe",PK,0006,Steve Bousquet,1.0,2,8,0.0,0.0,0,0,,1
2020,13418,"Bourne, Kendrick",WR,0006,Steve Bousquet,1.0,1,15,,24.31,0,0,,0
2020,13418,"Bourne, Kendrick",WR,0006,Steve Bousquet,1.0,2,15,0.0,0.0,0,0,,1
2020,13589,"Allen, Josh",QB,0010,Shawn Blake,1.0,1,6,,52.21,0,0,,0
2020,13589,"Allen, Josh",QB,0009,Bear Dunn,4.0,2,10,19.94,48.15,0,1,0010,0
2020,13589,"Allen, Josh",QB,0010,Shawn Blake,5.0,3,10,23.77,47.92,1,0,,0
2020,13589,"Allen, Josh",QB,0010,Shawn Blake,6.0,4,6,4.18,28.1,0,1,0009,0
2020,13589,"Allen, Josh",QB,0002,AJ Balderelli,7.0,5,10,19.94,24.04,0,1,0010,0
2020,13589,"Allen, Josh",QB,0010,Shawn Blake,8.0,6,6,3.75,3.79,1,0,,0
2020,13589,"Allen, Josh",QB,0002,AJ Balderelli,8.0,7,10,20.21,0.0,0,0,,1
2020,13623,"Williams, Darrel",RB,0004,Brian Cutting,1.0,1,7,,25.37,0,0,,0
2020,13623,"Williams, Darrel",RB,0004,Brian Cutting,1.0,2,9,0.0,0.0,0,0,,1
2020,13642,"Tate, Auden",WR,0007,Josh Martel,1.0,1,9,,24.02,0,0,,0
2020,13642,"Tate, Auden",WR,0007,Josh Martel,1.0,2,9,0.0,0.0,0,0,,1
2020,13678,"Thomas, Ian",TE,0006,Steve Bousquet,1.0,1,0,,24.0,0,0,,0
2020,13678,"Thomas, Ian",TE,0005,Rico Balderelli,4.0,2,8,15.45,15.45,1,0,,0
2020,13678,"Thomas, Ian",TE,0006,Steve Bousquet,4.0,3,0,8.55,0.0,0,0,,1
2020,13684,"Hubbard, Sam",DE,0001,Ryan Bousquet,1.0,1,7,,24.21,0,0,,0
2020,13684,"Hubbard, Sam",DE,0011,Eric Mannila,2.0,2,7,0.12,0.33,1,0,,0
2020,13684,"Hubbard, Sam",DE,0011,Eric Mannila,3.0,3,7,23.96,0.29,1,0,,0
2020,13684,"Hubbard, Sam",DE,0001,Ryan Bousquet,3.0,4,7,23.71,0.0,0,0,,1
2020,13699,"Evans, Rashaan",LB,0003,Matt Gerardi,1.0,1,1,,27.87,0,0,,0
2020,13699,"Evans, Rashaan",LB,0003,Matt Gerardi,1.0,2,5,0.0,0.0,0,0,,1
2020,13706,"Baker, Jerome",LB,0009,Bear Dunn,1.0,1,7,,24.13,0,0,,0
2020,13706,"Baker, Jerome",LB,0004,Brian Cutting,2.0,2,11,19.45,19.58,1,0,,0
2020,13706,"Baker, Jerome",LB,0009,Bear Dunn,2.0,3,7,4.42,0.0,0,0,,1
2020,13722,"Jarwin, Blake",TE,0002,AJ Balderelli,1.0,1,0,,24.0,0,0,,0
2020,13722,"Jarwin, Blake",TE,0006,Steve Bousquet,2.0,2,22,1.84,1.84,1,0,,0
2020,13722,"Jarwin, Blake",TE,0006,Steve Bousquet,4.0,3,22,23.68,1.52,1,0,,0
2020,13722,"Jarwin, Blake",TE,0006,Steve Bousquet,5.0,4,23,23.78,1.3,1,0,,0
2020,13722,"Jarwin, Blake",TE,0002,AJ Balderelli,5.0,5,0,22.7,0.0,0,0,,1
2020,13743,"Warner, Fred",LB,0003,Matt Gerardi,1.0,1,9,,24.65,0,0,,0
2020,13743,"Warner, Fred",LB,0006,Steve Bousquet,4.0,2,9,23.77,24.42,0,1,0003,0
2020,13743,"Warner, Fred",LB,0007,Josh Martel,5.0,3,10,23.59,24.01,0,1,0006,0
2020,13743,"Warner, Fred",LB,0006,Steve Bousquet,6.0,4,15,18.31,18.32,1,0,,0
2020,13743,"Warner, Fred",LB,0007,Josh Martel,6.0,5,10,5.68,0.0,0,0,,1
2020,13747,"Walker, Tracy",S,0004,Brian Cutting,1.0,1,21,,24.09,0,0,,0
2020,13747,"Walker, Tracy",S,0006,Steve Bousquet,2.0,2,21,23.91,24.0,0,1,0004,0
2020,13747,"Walker, Tracy",S,0009,Bear Dunn,3.0,3,9,11.86,11.86,1,0,,0
2020,13747,"Walker, Tracy",S,0006,Steve Bousquet,3.0,4,21,12.14,0.0,0,0,,1
2020,13763,"Dissly, Will",TE,0008,Keith Creelman,1.0,1,6,,51.12,0,0,,0
2020,13763,"Dissly, Will",TE,0010,Shawn Blake,2.0,2,10,19.68,46.8,0,1,0008,0
2020,13763,"Dissly, Will",TE,0001,Ryan Bousquet,3.0,3,22,11.58,34.38,0,1,0010,0
2020,13763,"Dissly, Will",TE,0012,Chris Klingenberg,5.0,4,9,13.62,24.0,0,1,0001,0
2020,13763,"Dissly, Will",TE,0012,Chris Klingenberg,5.0,5,9,0.0,0.0,0,0,,1
2020,13779,"Kiser, Micah",LB,0007,Josh Martel,1.0,1,21,,24.19,0,0,,0
2020,13779,"Kiser, Micah",LB,0007,Josh Martel,1.0,2,21,0.0,0.0,0,0,,1
2020,13791,"Scott, J.K.",PN,0001,Ryan Bousquet,1.0,1,23,,24.13,0,0,,0
2020,13791,"Scott, J.K.",PN,0001,Ryan Bousquet,1.0,2,23,0.0,0.0,0,0,,1
2020,13806,"Elliott, DeShon",S,0007,Josh Martel,1.0,1,5,,27.47,0,0,,0
2020,13806,"Elliott, DeShon",S,0007,Josh Martel,1.0,2,9,0.0,0.0,0,0,,1
2020,13809,"Gage, Russell",WR,0009,Bear Dunn,1.0,1,7,,27.62,0,0,,0
2020,13809,"Gage, Russell",WR,0008,Keith Creelman,2.0,2,10,21.13,24.75,0,1,0009,0
2020,13809,"Gage, Russell",WR,0008,Keith Creelman,2.0,3,11,0.0,0.0,0,0,,1
2020,13844,"Cooke, Logan",PN,0012,Chris Klingenberg,1.0,1,0,,24.01,0,0,,0
2020,13844,"Cooke, Logan",PN,0012,Chris Klingenberg,1.0,2,0,0.0,0.0,0,0,,1
2020,13850,"Edwards, Gus",RB,0010,Shawn Blake,1.0,1,6,,24.3,0,0,,0
2020,13850,"Edwards, Gus",RB,0008,Keith Creelman,2.0,2,7,23.44,23.74,1,0,,0
2020,13850,"Edwards, Gus",RB,0010,Shawn Blake,2.0,3,6,0.26,0.0,0,0,,1
2020,13863,"Pringle, Byron",WR,0007,Josh Martel,1.0,1,9,,24.04,0,0,,0
2020,13863,"Pringle, Byron",WR,0007,Josh Martel,1.0,2,9,0.0,0.0,0,0,,1
2020,13868,"Boone, Mike",RB,0003,Matt Gerardi,1.0,1,9,,24.05,0,0,,0
2020,13868,"Boone, Mike",RB,0003,Matt Gerardi,1.0,2,9,0.0,0.0,0,0,,1
2020,13869,"Bojorquez, Corey",PN,0004,Brian Cutting,1.0,1,5,,24.04,0,0,,0
2020,13869,"Bojorquez, Corey",PN,0004,Brian Cutting,1.0,2,6,0.0,0.0,0,0,,1
2020,14017,"Wilson, Jeffery",RB,0010,Shawn Blake,1.0,1,6,,24.32,0,0,,0
2020,14017,"Wilson, Jeffery",RB,0010,Shawn Blake,1.0,2,7,0.0,0.0,0,0,,1
2020,14096,"Ozigbo, Devine",RB,0001,Ryan Bousquet,1.0,1,23,,24.01,0,0,,0
2020,14096,"Ozigbo, Devine",RB,0006,Steve Bousquet,2.0,2,8,15.84,15.85,1,0,,0
2020,14096,"Ozigbo, Devine",RB,0001,Ryan Bousquet,2.0,3,23,8.15,0.0,0,0,,1
2020,14169,"Wilson, Mack",LB,0004,Brian Cutting,1.0,1,17,,25.43,0,0,,0
2020,14169,"Wilson, Mack",LB,0004,Brian Cutting,1.0,2,18,0.0,0.0,0,0,,1
2020,14210,"Pratt, Germaine",LB,0010,Shawn Blake,1.0,1,8,,24.25,0,0,,0
2020,14210,"Pratt, Germaine",LB,0010,Shawn Blake,1.0,2,9,0.0,0.0,0,0,,1
2020,14212,"Takitaki, Sione",LB,0011,Eric Mannila,1.0,1,7,,24.2,0,0,,0
2020,14212,"Takitaki, Sione",LB,0011,Eric Mannila,1.0,2,7,0.0,0.0,0,0,,1
2020,14225,"Crosby, Maxx",DE,0004,Brian Cutting,1.0,1,5,,37.58,0,0,,0
2020,14225,"Crosby, Maxx",DE,0008,Keith Creelman,2.0,2,6,23.44,37.03,1,0,,0
2020,14225,"Crosby, Maxx",DE,0001,Ryan Bousquet,3.0,3,10,19.94,32.97,1,0,,0
2020,14225,"Crosby, Maxx",DE,0001,Ryan Bousquet,4.0,4,14,19.35,28.32,0,1,0004,0
2020,14225,"Crosby, Maxx",DE,0004,Brian Cutting,5.0,5,19,19.84,24.16,0,1,0001,0
2020,14225,"Crosby, Maxx",DE,0004,Brian Cutting,5.0,6,19,0.0,0.0,0,0,,1
2020,14226,"Willis, Khari",S,0008,Keith Creelman,1.0,1,4,,25.41,0,0,,0
2020,14226,"Willis, Khari",S,0008,Keith Creelman,1.0,2,5,0.0,0.0,0,0,,1
2020,14235,"Tranquill, Drue",LB,0007,Josh Martel,1.0,1,22,,24.04,0,0,,0
2020,14235,"Tranquill, Drue",LB,0007,Josh Martel,1.0,2,22,0.0,0.0,0,0,,1
2020,14244,"Gay, Matt",PK,0010,Shawn Blake,1.0,1,0,,24.13,0,0,,0
2020,14244,"Gay, Matt",PK,0010,Shawn Blake,1.0,2,0,0.0,0.0,0,0,,1
2020,14247,"Greenlaw, Dre",LB,0007,Josh Martel,1.0,1,19,,26.07,0,0,,0
2020,14247,"Greenlaw, Dre",LB,0007,Josh Martel,1.0,2,21,0.0,0.0,0,0,,1
2020,14280,"Miller, Scott",WR,0010,Shawn Blake,1.0,1,6,,24.37,0,0,,0
2020,14280,"Miller, Scott",WR,0010,Shawn Blake,1.0,2,7,0.0,0.0,0,0,,1
2020,14435,"Bonnafon, Reggie",RB,0006,Steve Bousquet,1.0,1,8,,24.04,0,0,,0
2020,14435,"Bonnafon, Reggie",RB,0006,Steve Bousquet,1.0,2,8,0.0,0.0,0,0,,1
2020,14613,"Sims, Steven",WR,0003,Matt Gerardi,1.0,1,1,,24.03,0,0,,0
2020,14613,"Sims, Steven",WR,0009,Bear Dunn,2.0,2,12,12.72,12.74,1,0,,0
2020,14613,"Sims, Steven",WR,0003,Matt Gerardi,2.0,3,1,11.26,0.0,0,0,,1
2020,14630,"Cole, A.J.",PN,0003,Matt Gerardi,1.0,1,2,,24.03,0,0,,0
2020,14630,"Cole, A.J.",PN,0003,Matt Gerardi,1.0,2,2,0.0,0.0,0,0,,1
2020,14827,"Taylor, J.J.",RB,0011,Eric Mannila,1.0,1,8,,24.65,0,0,,0
2020,14827,"Taylor, J.J.",RB,0011,Eric Mannila,1.0,2,8,0.0,0.0,0,0,,1
2020,14866,"Thomas, Jeff",WR,0007,Josh Martel,1.0,1,6,,26.85,0,0,,0
2020,14866,"Thomas, Jeff",WR,0007,Josh Martel,1.0,2,9,0.0,0.0,0,0,,1
2020,14869,"Moss, Thaddeus",TE,0005,Rico Balderelli,1.0,1,8,,24.01,0,0,,0
2020,14869,"Moss, Thaddeus",TE,0005,Rico Balderelli,1.0,2,8,0.0,0.0,0,0,,1
2020,14875,"Bryant, Harrison",TE,0001,Ryan Bousquet,1.0,1,16,,24.46,0,0,,0
2020,14875,"Bryant, Harrison",TE,0001,Ryan Bousquet,1.0,2,16,0.0,0.0,0,0,,1
2020,14965,"Rohrwasser, Justin",PK,0007,Josh Martel,1.0,1,7,,38.8,0,0,,0
2020,14965,"Rohrwasser, Justin",PK,0012,Chris Klingenberg,2.0,2,22,9.26,24.07,0,1,0007,0
2020,14965,"Rohrwasser, Justin",PK,0012,Chris Klingenberg,2.0,3,22,0.0,0.0,0,0,,1
2020,15022,"Perry, Malcolm",RB,0011,Eric Mannila,1.0,1,18,,35.92,0,0,,0
2020,15022,"Perry, Malcolm",RB,0011,Eric Mannila,1.0,2,6,0.0,0.0,0,0,,1
2020,7393,"Fitzgerald, Larry",WR,0002,AJ Balderelli,1.0,1,0,,58.76,0,0,,0
2020,7393,"Fitzgerald, Larry",WR,0004,Brian Cutting,3.0,2,7,16.38,51.13,0,1,0002,0
2020,7393,"Fitzgerald, Larry",WR,0005,Rico Balderelli,4.0,3,10,20.96,48.09,0,1,0004,0
2020,7393,"Fitzgerald, Larry",WR,0003,Matt Gerardi,6.0,4,10,0.25,24.34,1,0,,0
2020,7393,"Fitzgerald, Larry",WR,0003,Matt Gerardi,7.0,5,10,23.91,24.25,1,0,,0
2020,7393,"Fitzgerald, Larry",WR,0003,Matt Gerardi,8.0,6,10,23.85,24.11,0,1,0005,0
2020,7393,"Fitzgerald, Larry",WR,0003,Matt Gerardi,8.0,7,10,0.0,0.0,0,0,,1
2020,7401,"Roethlisberger, Ben",QB,0007,Josh Martel,1.0,1,9,,24.06,0,0,,0
2020,7401,"Roethlisberger, Ben",QB,0001,Ryan Bousquet,2.0,2,19,13.72,13.78,1,0,,0
2020,7401,"Roethlisberger, Ben",QB,0007,Josh Martel,2.0,3,9,10.22,0.0,0,0,,1
2020,7578,"Lee, Andy",PN,0009,Bear Dunn,1.0,1,7,,24.37,0,0,,0
2020,7578,"Lee, Andy",PN,0009,Bear Dunn,1.0,2,8,0.0,0.0,0,0,,1
2020,7877,"Gore, Frank",RB,0012,Chris Klingenberg,1.0,1,0,,24.01,0,0,,0
2020,7877,"Gore, Frank",RB,0012,Chris Klingenberg,1.0,2,0,0.0,0.0,0,0,,1
2020,8153,"Gould, Robbie",PK,0012,Chris Klingenberg,1.0,1,9,,24.01,0,0,,0
2020,8153,"Gould, Robbie",PK,0012,Chris Klingenberg,1.0,2,9,0.0,0.0,0,0,,1
2020,8658,"Peterson, Adrian",RB,0010,Shawn Blake,1.0,1,0,,78.36,0,0,,0
2020,8658,"Peterson, Adrian",RB,0012,Chris Klingenberg,2.0,2,9,15.73,70.09,1,0,,0
2020,8658,"Peterson, Adrian",RB,0012,Chris Klingenberg,5.0,3,9,23.99,70.08,1,0,,0
2020,8658,"Peterson, Adrian",RB,0001,Ryan Bousquet,6.0,4,21,11.31,57.38,0,1,0010,0
2020,8658,"Peterson, Adrian",RB,0012,Chris Klingenberg,7.0,5,22,23.78,57.16,0,1,0001,0
2020,8658,"Peterson, Adrian",RB,0010,Shawn Blake,8.0,6,8,13.88,47.05,0,1,0012,0
2020,8658,"Peterson, Adrian",RB,0004,Brian Cutting,9.0,7,19,13.02,36.07,1,0,,0
2020,8658,"Peterson, Adrian",RB,0004,Brian Cutting,10.0,8,19,23.91,35.98,1,0,,0
2020,8658,"Peterson, Adrian",RB,0004,Brian Cutting,12.0,9,7,12.14,24.12,1,0,,0
2020,8658,"Peterson, Adrian",RB,0004,Brian Cutting,13.0,10,7,23.88,24.0,0,1,0010,0
2020,8658,"Peterson, Adrian",RB,0010,Shawn Blake,14.0,11,6,0.29,0.29,1,0,,0
2020,8658,"Peterson, Adrian",RB,0010,Shawn Blake,15.0,12,6,23.93,0.22,1,0,,0
2020,8658,"Peterson, Adrian",RB,0004,Brian Cutting,15.0,13,7,23.78,0.0,0,0,,1
2020,8687,"Olsen, Greg",TE,0012,Chris Klingenberg,1.0,1,0,,24.02,0,0,,0
2020,8687,"Olsen, Greg",TE,0012,Chris Klingenberg,1.0,2,0,0.0,0.0,0,0,,1
2020,8742,"Crosby, Mason",PK,0001,Ryan Bousquet,1.0,1,23,,24.13,0,0,,0
2020,8742,"Crosby, Mason",PK,0001,Ryan Bousquet,1.0,2,23,0.0,0.0,0,0,,1
2020,8930,"Prater, Matt",PK,0007,Josh Martel,1.0,1,14,,24.05,0,0,,0
2020,8930,"Prater, Matt",PK,0007,Josh Martel,1.0,2,14,0.0,0.0,0,0,,1
2020,9051,"Campbell, Calais",DE,0011,Eric Mannila,1.0,1,7,,33.09,0,0,,0
2020,9051,"Campbell, Calais",DE,0004,Brian Cutting,3.0,2,8,22.55,31.64,0,1,0011,0
2020,9051,"Campbell, Calais",DE,0011,Eric Mannila,4.0,3,11,21.32,28.95,0,1,0004,0
2020,9051,"Campbell, Calais",DE,0004,Brian Cutting,5.0,4,16,19.06,24.01,0,1,0011,0
2020,9051,"Campbell, Calais",DE,0004,Brian Cutting,5.0,5,16,0.0,0.0,0,0,,1
2020,9308,"Amendola, Danny",WR,0002,AJ Balderelli,1.0,1,21,,24.02,0,0,,0
2020,9308,"Amendola, Danny",WR,0002,AJ Balderelli,1.0,2,21,0.0,0.0,0,0,,1
2020,9430,"Jenkins, Malcolm",S,0004,Brian Cutting,1.0,1,5,,24.41,0,0,,0
2020,9430,"Jenkins, Malcolm",S,0001,Ryan Bousquet,2.0,2,0,4.99,5.39,1,0,,0
2020,9430,"Jenkins, Malcolm",S,0004,Brian Cutting,2.0,3,6,18.61,0.0,0,0,,1
2020,9577,"Huber, Kevin",PN,0011,Eric Mannila,1.0,1,18,,24.31,0,0,,0
2020,9577,"Huber, Kevin",PN,0011,Eric Mannila,1.0,2,19,0.0,0.0,0,0,,1
2020,9662,"Edelman, Julian",WR,0011,Eric Mannila,1.0,1,8,,71.31,0,0,,0
2020,9662,"Edelman, Julian",WR,0010,Shawn Blake,3.0,2,10,21.63,68.94,1,0,,0
2020,9662,"Edelman, Julian",WR,0009,Bear Dunn,7.0,3,21,13.24,58.18,0,1,0011,0
2020,9662,"Edelman, Julian",WR,0004,Brian Cutting,8.0,4,8,13.23,47.41,0,1,0009,0
2020,9662,"Edelman, Julian",WR,0009,Bear Dunn,9.0,5,9,22.48,45.89,0,1,0004,0
2020,9662,"Edelman, Julian",WR,0003,Matt Gerardi,11.0,6,0,9.55,31.44,1,0,,0
2020,9662,"Edelman, Julian",WR,0010,Shawn Blake,12.0,7,7,16.57,24.02,0,1,0009,0
2020,9662,"Edelman, Julian",WR,0008,Keith Creelman,13.0,8,5,2.19,2.21,1,0,,0
2020,9662,"Edelman, Julian",WR,0010,Shawn Blake,13.0,9,7,21.79,0.0,0,0,,1
2020,9823,"Bryant, Dez",WR,0005,Rico Balderelli,1.0,1,8,,24.0,0,0,,0
2020,9823,"Bryant, Dez",WR,0005,Rico Balderelli,1.0,2,8,0.0,0.0,0,0,,1
2020,9825,"Dunlap, Carlos",DE,0008,Keith Creelman,1.0,1,6,,24.53,0,0,,0
2020,9825,"Dunlap, Carlos",DE,0008,Keith Creelman,1.0,2,6,0.0,0.0,0,0,,1
2020,9831,"Tate, Golden",WR,0004,Brian Cutting,1.0,1,5,,26.58,0,0,,0
2020,9831,"Tate, Golden",WR,0008,Keith Creelman,4.0,2,7,21.82,24.4,0,1,0004,0
2020,9831,"Tate, Golden",WR,0004,Brian Cutting,5.0,3,8,23.61,24.01,0,1,0008,0
2020,9831,"Tate, Golden",WR,0004,Brian Cutting,5.0,4,8,0.0,0.0,0,0,,1
2020,9918,"Sanders, Emmanuel",WR,0005,Rico Balderelli,1.0,1,0,,24.0,0,0,,0
2020,9918,"Sanders, Emmanuel",WR,0009,Bear Dunn,4.0,2,6,17.13,17.14,1,0,,0
2020,9918,"Sanders, Emmanuel",WR,0004,Brian Cutting,7.0,3,7,23.16,16.3,1,0,,0
2020,9918,"Sanders, Emmanuel",WR,0005,Rico Balderelli,7.0,4,0,7.7,0.0,0,0,,1
2020,9925,"Graham, Jimmy",TE,0012,Chris Klingenberg,1.0,1,21,,24.09,0,0,,0
2020,9925,"Graham, Jimmy",TE,0012,Chris Klingenberg,1.0,2,21,0.0,0.0,0,0,,1
2020,9988,"Brown, Antonio",WR,0002,AJ Balderelli,1.0,1,0,,31.57,0,0,,0
2020,9988,"Brown, Antonio",WR,0008,Keith Creelman,3.0,2,7,16.44,24.0,0,1,0002,0
2020,9988,"Brown, Antonio",WR,0005,Rico Balderelli,4.0,3,7,23.97,23.97,1,0,,0
2020,9988,"Brown, Antonio",WR,0008,Keith Creelman,4.0,4,7,0.03,0.0,0,0,,1
2021,10261,"Green, A.J.",WR,0008,Keith Creelman,1.0,1,4,,40.39,0,0,,0
2021,10261,"Green, A.J.",WR,0002,AJ Balderelli,2.0,2,11,17.5,33.89,1,0,,0
2021,10261,"Green, A.J.",WR,0012,Chris Klingenberg,5.0,3,13,21.75,31.64,0,1,0008,0
2021,10261,"Green, A.J.",WR,0005,Rico Balderelli,6.0,4,19,18.45,26.09,0,1,0012,0
2021,10261,"Green, A.J.",WR,0012,Chris Klingenberg,10.0,5,21,21.98,24.08,1,0,,0
2021,10261,"Green, A.J.",WR,0012,Chris Klingenberg,11.0,6,21,23.99,24.07,0,1,0005,0
2021,10261,"Green, A.J.",WR,0012,Chris Klingenberg,11.0,7,21,0.0,0.0,0,0,,1
2021,10266,"Heyward, Cameron",DE,0008,Keith Creelman,1.0,1,10,,24.26,0,0,,0
2021,10266,"Heyward, Cameron",DE,0008,Keith Creelman,1.0,2,10,0.0,0.0,0,0,,1
2021,10273,"Newton, Cam",QB,0005,Rico Balderelli,1.0,1,10,,24.25,0,0,,0
2021,10273,"Newton, Cam",QB,0005,Rico Balderelli,1.0,2,10,0.0,0.0,0,0,,1
2021,10276,"Ingram, Mark",RB,0012,Chris Klingenberg,1.0,1,23,,86.64,0,0,,0
2021,10276,"Ingram, Mark",RB,0012,Chris Klingenberg,1.0,2,13,,24.12,0,0,,0
2021,10276,"Ingram, Mark",RB,0012,Chris Klingenberg,1.0,3,13,0.0,0.0,0,0,,1
2021,10292,"Jordan, Cameron",DE,0005,Rico Balderelli,1.0,1,15,,24.09,0,0,,0
2021,10292,"Jordan, Cameron",DE,0009,Bear Dunn,2.0,2,17,21.75,21.84,1,0,,0
2021,10292,"Jordan, Cameron",DE,0005,Rico Balderelli,2.0,3,15,2.16,0.0,0,0,,1
2021,10308,"Cobb, Randall",WR,0005,Rico Balderelli,1.0,1,16,,24.1,0,0,,0
2021,10308,"Cobb, Randall",WR,0010,Shawn Blake,2.0,2,15,0.53,0.63,1,0,,0
2021,10308,"Cobb, Randall",WR,0010,Shawn Blake,3.0,3,16,23.61,0.24,1,0,,0
2021,10308,"Cobb, Randall",WR,0005,Rico Balderelli,3.0,4,16,23.76,0.0,0,0,,1
2021,10313,"Dalton, Andy",QB,0002,AJ Balderelli,1.0,1,14,,24.1,0,0,,0
2021,10313,"Dalton, Andy",QB,0002,AJ Balderelli,1.0,2,14,0.0,0.0,0,0,,1
2021,10703,"Wilson, Russell",QB,0008,Keith Creelman,1.0,1,15,,25.71,0,0,,0
2021,10703,"Wilson, Russell",QB,0010,Shawn Blake,2.0,2,16,22.64,24.35,0,1,0008,0
2021,10703,"Wilson, Russell",QB,0001,Ryan Bousquet,4.0,3,16,23.94,24.29,0,1,0010,0
2021,10703,"Wilson, Russell",QB,0008,Keith Creelman,9.0,4,17,23.71,24.0,0,1,0001,0
2021,10703,"Wilson, Russell",QB,0001,Ryan Bousquet,19.0,5,19,21.57,21.57,1,0,,0
2021,10703,"Wilson, Russell",QB,0001,Ryan Bousquet,23.0,6,0,19.28,16.86,1,0,,0
2021,10703,"Wilson, Russell",QB,0003,Matt Gerardi,28.0,7,14,9.36,2.21,1,0,,0
2021,10703,"Wilson, Russell",QB,0008,Keith Creelman,28.0,8,17,21.79,0.0,0,0,,1
2021,10729,"Hilton, T.Y.",WR,0009,Bear Dunn,1.0,1,7,,32.02,0,0,,0
2021,10729,"Hilton, T.Y.",WR,0005,Rico Balderelli,4.0,2,15,16.01,24.02,0,1,0009,0
2021,10729,"Hilton, T.Y.",WR,0005,Rico Balderelli,4.0,3,15,0.0,0.0,0,0,,1
2021,10738,"Jones, Marvin",WR,0011,Eric Mannila,1.0,1,21,,41.74,0,0,,0
2021,10738,"Jones, Marvin",WR,0001,Ryan Bousquet,2.0,2,21,23.43,41.18,0,1,0011,0
2021,10738,"Jones, Marvin",WR,0005,Rico Balderelli,5.0,3,22,23.65,40.82,1,0,,0
2021,10738,"Jones, Marvin",WR,0005,Rico Balderelli,10.0,4,15,7.2,24.02,0,1,0001,0
2021,10738,"Jones, Marvin",WR,0005,Rico Balderelli,10.0,5,15,0.0,0.0,0,0,,1
2021,10753,"Jones, Chandler",LB,0005,Rico Balderelli,1.0,1,20,,24.0,0,0,,0
2021,10753,"Jones, Chandler",LB,0005,Rico Balderelli,1.0,2,20,0.0,0.0,0,0,,1
2021,10754,"Mercilus, Whitney",DE,0004,Brian Cutting,1.0,1,4,,25.12,0,0,,0
2021,10754,"Mercilus, Whitney",DE,0004,Brian Cutting,1.0,2,5,0.0,0.0,0,0,,1
2021,10774,"Hightower, Dont'a",LB,0012,Chris Klingenberg,1.0,1,21,,24.45,0,0,,0
2021,10774,"Hightower, Dont'a",LB,0012,Chris Klingenberg,1.0,2,22,0.0,0.0,0,0,,1
2021,10816,"Davis, Demario",LB,0004,Brian Cutting,1.0,1,11,,35.19,0,0,,0
2021,10816,"Davis, Demario",LB,0001,Ryan Bousquet,2.0,2,22,12.82,24.01,0,1,0004,0
2021,10816,"Davis, Demario",LB,0001,Ryan Bousquet,2.0,3,22,0.0,0.0,0,0,,1
2021,10868,"Zuerlein, Greg",PK,0009,Bear Dunn,1.0,1,7,,24.1,0,0,,0
2021,10868,"Zuerlein, Greg",PK,0009,Bear Dunn,1.0,2,7,0.0,0.0,0,0,,1
2021,10945,"Hekker, Johnny",PN,0009,Bear Dunn,1.0,1,15,,24.06,0,0,,0
2021,10945,"Hekker, Johnny",PN,0009,Bear Dunn,1.0,2,15,0.0,0.0,0,0,,1
2021,11193,"Bernard, Giovani",RB,0007,Josh Martel,1.0,1,13,,24.01,0,0,,0
2021,11193,"Bernard, Giovani",RB,0008,Keith Creelman,3.0,2,14,22.29,22.29,1,0,,0
2021,11193,"Bernard, Giovani",RB,0007,Josh Martel,3.0,3,13,1.71,0.0,0,0,,1
2021,11222,"Allen, Keenan",WR,0002,AJ Balderelli,1.0,1,15,,24.0,0,0,,0
2021,11222,"Allen, Keenan",WR,0009,Bear Dunn,6.0,2,15,23.76,23.76,1,0,,0
2021,11222,"Allen, Keenan",WR,0010,Shawn Blake,10.0,3,16,22.66,22.42,1,0,,0
2021,11222,"Allen, Keenan",WR,0001,Ryan Bousquet,25.0,4,16,23.7,22.12,1,0,,0
2021,11222,"Allen, Keenan",WR,0001,Ryan Bousquet,30.0,5,18,22.64,20.77,1,0,,0
2021,11222,"Allen, Keenan",WR,0006,Steve Bousquet,32.0,6,22,19.68,16.45,1,0,,0
2021,11222,"Allen, Keenan",WR,0003,Matt Gerardi,36.0,7,22,23.75,16.2,1,0,,0
2021,11222,"Allen, Keenan",WR,0001,Ryan Bousquet,44.0,8,0,22.77,14.97,1,0,,0
2021,11222,"Allen, Keenan",WR,0008,Keith Creelman,48.0,9,14,9.24,0.2,1,0,,0
2021,11222,"Allen, Keenan",WR,0008,Keith Creelman,55.0,10,14,23.9,0.1,1,0,,0
2021,11222,"Allen, Keenan",WR,0008,Keith Creelman,60.0,11,14,23.93,0.03,1,0,,0
2021,11222,"Allen, Keenan",WR,0002,AJ Balderelli,60.0,12,15,23.97,0.0,0,0,,1
2021,11225,"Patterson, Cordarrelle",WR,0009,Bear Dunn,1.0,1,6,,24.03,0,0,,0
2021,11225,"Patterson, Cordarrelle",WR,0009,Bear Dunn,1.0,2,6,0.0,0.0,0,0,,1
2021,11228,"Woods, Robert",WR,0006,Steve Bousquet,1.0,1,20,,74.1,0,0,,0
2021,11228,"Woods, Robert",WR,0004,Brian Cutting,5.0,2,20,23.96,74.07,1,0,,0
2021,11228,"Woods, Robert",WR,0008,Keith Creelman,8.0,3,20,23.99,74.06,1,0,,0
2021,11228,"Woods, Robert",WR,0008,Keith Creelman,12.0,4,20,23.99,74.05,1,0,,0
2021,11228,"Woods, Robert",WR,0001,Ryan Bousquet,27.0,5,20,23.75,73.8,0,1,0006,0
2021,11228,"Woods, Robert",WR,0006,Steve Bousquet,31.0,6,22,21.96,71.76,1,0,,0
2021,11228,"Woods, Robert",WR,0006,Steve Bousquet,32.0,7,22,23.99,71.75,1,0,,0
2021,11228,"Woods, Robert",WR,0006,Steve Bousquet,34.0,8,22,23.95,71.7,0,1,0001,0
2021,11228,"Woods, Robert",WR,0007,Josh Martel,38.0,9,21,1.0,48.7,1,0,,0
2021,11228,"Woods, Robert",WR,0007,Josh Martel,40.0,10,22,23.29,47.99,0,1,0006,0
2021,11228,"Woods, Robert",WR,0006,Steve Bousquet,41.0,11,22,0.03,24.01,0,1,0007,0
2021,11228,"Woods, Robert",WR,0006,Steve Bousquet,41.0,12,22,0.0,0.0,0,0,,1
2021,11247,"Ertz, Zach",TE,0003,Matt Gerardi,1.0,1,22,,24.0,0,0,,0
2021,11247,"Ertz, Zach",TE,0005,Rico Balderelli,2.0,2,15,6.97,6.97,1,0,,0
2021,11247,"Ertz, Zach",TE,0002,AJ Balderelli,3.0,3,15,23.97,6.94,1,0,,0
2021,11247,"Ertz, Zach",TE,0008,Keith Creelman,4.0,4,20,19.23,2.17,1,0,,0
2021,11247,"Ertz, Zach",TE,0010,Shawn Blake,5.0,5,21,23.09,1.26,1,0,,0
2021,11247,"Ertz, Zach",TE,0003,Matt Gerardi,5.0,6,22,22.74,0.0,0,0,,1
2021,11313,"Mathieu, Tyrann",S,0001,Ryan Bousquet,1.0,1,18,,25.4,0,0,,0
2021,11313,"Mathieu, Tyrann",S,0004,Brian Cutting,2.0,2,19,22.6,24.0,0,1,0001,0
2021,11313,"Mathieu, Tyrann",S,0004,Brian Cutting,2.0,3,19,0.0,0.0,0,0,,1
2021,11316,"Ryan, Logan",S,0007,Josh Martel,1.0,1,9,,45.81,0,0,,0
2021,11316,"Ryan, Logan",S,0005,Rico Balderelli,4.0,2,7,2.22,24.03,0,1,0007,0
2021,11316,"Ryan, Logan",S,0005,Rico Balderelli,4.0,3,7,0.0,0.0,0,0,,1
2021,11317,"Poyer, Jordan",S,0009,Bear Dunn,1.0,1,7,,26.49,0,0,,0
2021,11317,"Poyer, Jordan",S,0006,Steve Bousquet,3.0,2,8,23.17,25.66,0,1,0009,0
2021,11317,"Poyer, Jordan",S,0002,AJ Balderelli,4.0,3,9,22.47,24.13,0,1,0006,0
2021,11317,"Poyer, Jordan",S,0002,AJ Balderelli,4.0,4,9,0.0,0.0,0,0,,1
2021,11349,"Collins, Jamie",LB,0008,Keith Creelman,1.0,1,10,,24.25,0,0,,0
2021,11349,"Collins, Jamie",LB,0008,Keith Creelman,1.0,2,10,0.0,0.0,0,0,,1
2021,11383,"Martin, Sam",PN,0010,Shawn Blake,1.0,1,7,,24.18,0,0,,0
2021,11383,"Martin, Sam",PN,0010,Shawn Blake,1.0,2,7,0.0,0.0,0,0,,1
2021,11390,"Murray, Latavius",RB,0002,AJ Balderelli,1.0,1,9,,46.78,0,0,,0
2021,11390,"Murray, Latavius",RB,0004,Brian Cutting,3.0,2,15,17.69,40.47,1,0,,0
2021,11390,"Murray, Latavius",RB,0006,Steve Bousquet,4.0,3,22,17.5,33.97,0,1,0002,0
2021,11390,"Murray, Latavius",RB,0004,Brian Cutting,5.0,4,8,14.05,24.02,0,1,0006,0
2021,11390,"Murray, Latavius",RB,0004,Brian Cutting,5.0,5,8,0.0,0.0,0,0,,1
2021,11670,"Watkins, Sammy",WR,0011,Eric Mannila,1.0,1,15,,24.0,0,0,,0
2021,11670,"Watkins, Sammy",WR,0011,Eric Mannila,1.0,2,15,0.0,0.0,0,0,,1
2021,11674,"Cooks, Brandin",WR,0001,Ryan Bousquet,1.0,1,9,,34.14,0,0,,0
2021,11674,"Cooks, Brandin",WR,0002,AJ Balderelli,2.0,2,15,18.23,28.38,1,0,,0
2021,11674,"Cooks, Brandin",WR,0004,Brian Cutting,4.0,3,17,22.1,26.47,1,0,,0
2021,11674,"Cooks, Brandin",WR,0004,Brian Cutting,5.0,4,20,21.54,24.01,0,1,0001,0
2021,11674,"Cooks, Brandin",WR,0005,Rico Balderelli,7.0,5,20,23.23,23.24,1,0,,0
2021,11674,"Cooks, Brandin",WR,0005,Rico Balderelli,8.0,6,16,4.8,4.04,1,0,,0
2021,11674,"Cooks, Brandin",WR,0005,Rico Balderelli,9.0,7,16,23.86,3.9,1,0,,0
2021,11674,"Cooks, Brandin",WR,0004,Brian Cutting,9.0,8,20,20.1,0.0,0,0,,1
2021,11695,"Ebron, Eric",TE,0012,Chris Klingenberg,1.0,1,23,,38.17,0,0,,0
2021,11695,"Ebron, Eric",TE,0012,Chris Klingenberg,1.0,2,13,,24.02,0,0,,0
2021,11695,"Ebron, Eric",TE,0012,Chris Klingenberg,1.0,3,13,0.0,0.0,0,0,,1
2021,11747,"White, James",RB,0006,Steve Bousquet,1.0,1,12,,41.06,0,0,,0
2021,11747,"White, James",RB,0005,Rico Balderelli,4.0,2,16,19.98,37.04,1,0,,0
2021,11747,"White, James",RB,0008,Keith Creelman,5.0,3,18,21.9,34.94,0,1,0006,0
2021,11747,"White, James",RB,0012,Chris Klingenberg,6.0,4,23,19.11,30.05,1,0,,0
2021,11747,"White, James",RB,0012,Chris Klingenberg,8.0,5,23,23.97,30.02,0,1,0008,0
2021,11747,"White, James",RB,0008,Keith Creelman,9.0,6,4,18.5,24.52,0,1,0012,0
2021,11747,"White, James",RB,0008,Keith Creelman,9.0,7,5,0.0,0.0,0,0,,1
2021,11761,"McKinnon, Jerick",RB,0008,Keith Creelman,1.0,1,3,,44.35,0,0,,0
2021,11761,"McKinnon, Jerick",RB,0006,Steve Bousquet,2.0,2,10,16.91,37.26,1,0,,0
2021,11761,"McKinnon, Jerick",RB,0001,Ryan Bousquet,3.0,3,23,10.77,24.03,0,1,0008,0
2021,11761,"McKinnon, Jerick",RB,0001,Ryan Bousquet,3.0,4,23,0.0,0.0,0,0,,1
2021,11769,"Lawrence, Demarcus",DE,0009,Bear Dunn,1.0,1,7,,24.08,0,0,,0
2021,11769,"Lawrence, Demarcus",DE,0001,Ryan Bousquet,2.0,2,6,1.01,1.09,1,0,,0
2021,11769,"Lawrence, Demarcus",DE,0009,Bear Dunn,2.0,3,7,22.91,0.0,0,0,,1
2021,11772,"Kirksey, Christian",LB,0010,Shawn Blake,1.0,1,7,,24.24,0,0,,0
2021,11772,"Kirksey, Christian",LB,0010,Shawn Blake,1.0,2,7,0.0,0.0,0,0,,1
2021,11945,"Santos, Cairo",PK,0010,Shawn Blake,1.0,1,7,,24.99,0,0,,0
2021,11945,"Santos, Cairo",PK,0010,Shawn Blake,1.0,2,8,0.0,0.0,0,0,,1
2021,11965,"Butler, Malcolm",CB,0003,Matt Gerardi,1.0,1,20,,24.01,0,0,,0
2021,11965,"Butler, Malcolm",CB,0003,Matt Gerardi,1.0,2,20,0.0,0.0,0,0,,1
2021,11985,"Way, Tress",PN,0004,Brian Cutting,1.0,1,5,,24.49,0,0,,0
2021,11985,"Way, Tress",PN,0004,Brian Cutting,1.0,2,6,0.0,0.0,0,0,,1
2021,12075,"Barrett, Shaq",LB,0001,Ryan Bousquet,1.0,1,18,,45.13,0,0,,0
2021,12075,"Barrett, Shaq",LB,0004,Brian Cutting,2.0,2,19,22.61,43.75,0,1,0001,0
2021,12075,"Barrett, Shaq",LB,0002,AJ Balderelli,3.0,3,15,4.38,24.12,0,1,0004,0
2021,12075,"Barrett, Shaq",LB,0004,Brian Cutting,4.0,4,17,22.01,22.13,1,0,,0
2021,12075,"Barrett, Shaq",LB,0002,AJ Balderelli,4.0,5,15,1.87,0.0,0,0,,1
2021,12088,"Phillips, Adrian",S,0003,Matt Gerardi,1.0,1,0,,47.45,0,0,,0
2021,12088,"Phillips, Adrian",S,0006,Steve Bousquet,2.0,2,9,15.08,38.53,1,0,,0
2021,12088,"Phillips, Adrian",S,0006,Steve Bousquet,3.0,3,0,9.61,24.14,0,1,0003,0
2021,12088,"Phillips, Adrian",S,0006,Steve Bousquet,3.0,4,0,0.0,0.0,0,0,,1
2021,12140,"Winston, Jameis",QB,0008,Keith Creelman,1.0,1,0,,39.77,0,0,,0
2021,12140,"Winston, Jameis",QB,0005,Rico Balderelli,2.0,2,15,8.25,24.02,0,1,0008,0
2021,12140,"Winston, Jameis",QB,0005,Rico Balderelli,2.0,3,15,0.0,0.0,0,0,,1
2021,12151,"Gordon, Melvin",RB,0010,Shawn Blake,1.0,1,16,,24.47,0,0,,0
2021,12151,"Gordon, Melvin",RB,0001,Ryan Bousquet,2.0,2,16,23.54,24.01,0,1,0010,0
2021,12151,"Gordon, Melvin",RB,0005,Rico Balderelli,4.0,3,22,18.66,18.66,1,0,,0
2021,12151,"Gordon, Melvin",RB,0009,Bear Dunn,6.0,4,9,12.51,7.17,1,0,,0
2021,12151,"Gordon, Melvin",RB,0003,Matt Gerardi,8.0,5,11,21.96,5.14,1,0,,0
2021,12151,"Gordon, Melvin",RB,0005,Rico Balderelli,10.0,6,15,20.74,1.88,1,0,,0
2021,12151,"Gordon, Melvin",RB,0001,Ryan Bousquet,10.0,7,16,22.12,0.0,0,0,,1
2021,12152,"Coleman, Tevin",RB,0012,Chris Klingenberg,1.0,1,13,,31.5,0,0,,0
2021,12152,"Coleman, Tevin",RB,0009,Bear Dunn,2.0,2,19,18.3,25.81,0,1,0012,0
2021,12152,"Coleman, Tevin",RB,0005,Rico Balderelli,3.0,3,20,22.89,24.69,1,0,,0
2021,12152,"Coleman, Tevin",RB,0012,Chris Klingenberg,4.0,4,21,23.32,24.02,0,1,0009,0
2021,12152,"Coleman, Tevin",RB,0012,Chris Klingenberg,4.0,5,21,0.0,0.0,0,0,,1
2021,12171,"Johnson, David",RB,0004,Brian Cutting,1.0,1,19,,52.23,0,0,,0
2021,12171,"Johnson, David",RB,0005,Rico Balderelli,4.0,2,20,23.86,52.08,1,0,,0
2021,12171,"Johnson, David",RB,0008,Keith Creelman,8.0,3,21,22.44,50.52,0,1,0004,0
2021,12171,"Johnson, David",RB,0004,Brian Cutting,10.0,4,21,23.89,50.41,0,1,0008,0
2021,12171,"Johnson, David",RB,0005,Rico Balderelli,11.0,5,15,6.71,33.12,0,1,0004,0
2021,12171,"Johnson, David",RB,0008,Keith Creelman,13.0,6,21,17.25,26.37,1,0,,0
2021,12171,"Johnson, David",RB,0012,Chris Klingenberg,15.0,7,0,21.7,24.07,1,0,,0
2021,12171,"Johnson, David",RB,0012,Chris Klingenberg,16.0,8,0,23.96,24.03,0,1,0005,0
2021,12171,"Johnson, David",RB,0012,Chris Klingenberg,16.0,9,0,0.0,0.0,0,0,,1
2021,12187,"Lockett, Tyler",WR,0005,Rico Balderelli,1.0,1,15,,47.99,0,0,,0
2021,12187,"Lockett, Tyler",WR,0009,Bear Dunn,4.0,2,15,23.76,47.76,1,0,,0
2021,12187,"Lockett, Tyler",WR,0010,Shawn Blake,10.0,3,16,22.66,46.42,1,0,,0
2021,12187,"Lockett, Tyler",WR,0001,Ryan Bousquet,25.0,4,16,23.71,46.13,1,0,,0
2021,12187,"Lockett, Tyler",WR,0001,Ryan Bousquet,30.0,5,18,22.64,44.77,1,0,,0
2021,12187,"Lockett, Tyler",WR,0003,Matt Gerardi,35.0,6,14,3.25,24.02,1,0,,0
2021,12187,"Lockett, Tyler",WR,0003,Matt Gerardi,36.0,7,14,23.99,24.01,0,1,0005,0
2021,12187,"Lockett, Tyler",WR,0006,Steve Bousquet,37.0,8,23,15.55,15.56,1,0,,0
2021,12187,"Lockett, Tyler",WR,0003,Matt Gerardi,37.0,9,15,8.44,0.0,0,0,,1
2021,12197,"Perriman, Breshad",WR,0002,AJ Balderelli,1.0,1,9,,35.66,0,0,,0
2021,12197,"Perriman, Breshad",WR,0009,Bear Dunn,3.0,2,10,22.7,34.37,0,1,0002,0
2021,12197,"Perriman, Breshad",WR,0012,Chris Klingenberg,4.0,3,21,13.72,24.08,0,1,0009,0
2021,12197,"Perriman, Breshad",WR,0012,Chris Klingenberg,4.0,4,21,0.0,0.0,0,0,,1
2021,12215,"Gregory, Randy",DE,0008,Keith Creelman,1.0,1,15,,24.71,0,0,,0
2021,12215,"Gregory, Randy",DE,0008,Keith Creelman,1.0,2,16,0.0,0.0,0,0,,1
2021,12221,"Hunter, Danielle",DE,0012,Chris Klingenberg,1.0,1,0,,46.7,0,0,,0
2021,12221,"Hunter, Danielle",DE,0006,Steve Bousquet,2.0,2,0,23.81,46.51,0,1,0012,0
2021,12221,"Hunter, Danielle",DE,0012,Chris Klingenberg,3.0,3,10,14.16,36.66,1,0,,0
2021,12221,"Hunter, Danielle",DE,0012,Chris Klingenberg,4.0,4,10,23.84,36.5,1,0,,0
2021,12221,"Hunter, Danielle",DE,0012,Chris Klingenberg,6.0,5,10,23.39,35.89,1,0,,0
2021,12221,"Hunter, Danielle",DE,0007,Josh Martel,8.0,6,22,12.12,24.01,0,1,0006,0
2021,12221,"Hunter, Danielle",DE,0007,Josh Martel,8.0,7,22,0.0,0.0,0,0,,1
2021,12225,"Williams, Leonard",DE,0006,Steve Bousquet,1.0,1,12,,24.09,0,0,,0
2021,12225,"Williams, Leonard",DE,0001,Ryan Bousquet,2.0,2,23,12.26,12.35,1,0,,0
2021,12225,"Williams, Leonard",DE,0006,Steve Bousquet,2.0,3,12,11.65,0.0,0,0,,1
2021,12231,"Thompson, Shaq",LB,0009,Bear Dunn,1.0,1,8,,28.97,0,0,,0
2021,12231,"Thompson, Shaq",LB,0009,Bear Dunn,1.0,2,13,0.0,0.0,0,0,,1
2021,12239,"Kendricks, Eric",LB,0002,AJ Balderelli,1.0,1,15,,24.03,0,0,,0
2021,12239,"Kendricks, Eric",LB,0001,Ryan Bousquet,4.0,2,16,23.34,23.37,1,0,,0
2021,12239,"Kendricks, Eric",LB,0002,AJ Balderelli,4.0,3,15,0.63,0.0,0,0,,1
2021,12241,"Johnson, Alexander",LB,0003,Matt Gerardi,1.0,1,21,,24.45,0,0,,0
2021,12241,"Johnson, Alexander",LB,0003,Matt Gerardi,1.0,2,22,0.0,0.0,0,0,,1
2021,12266,"Berry, Jordan",PN,0012,Chris Klingenberg,1.0,1,10,,24.04,0,0,,0
2021,12266,"Berry, Jordan",PN,0012,Chris Klingenberg,1.0,2,10,0.0,0.0,0,0,,1
2021,12272,"McKinney, Benardrick",LB,0011,Eric Mannila,1.0,1,10,,24.26,0,0,,0
2021,12272,"McKinney, Benardrick",LB,0011,Eric Mannila,1.0,2,11,0.0,0.0,0,0,,1
2021,12280,"Clark, Frank",DE,0010,Shawn Blake,1.0,1,5,,24.41,0,0,,0
2021,12280,"Clark, Frank",DE,0010,Shawn Blake,1.0,2,6,0.0,0.0,0,0,,1
2021,12305,"Jarrett, Grady",DT,0009,Bear Dunn,1.0,1,6,,24.02,0,0,,0
2021,12305,"Jarrett, Grady",DT,0009,Bear Dunn,1.0,2,6,0.0,0.0,0,0,,1
2021,12308,"Amos, Adrian",S,0009,Bear Dunn,1.0,1,4,,25.45,0,0,,0
2021,12308,"Amos, Adrian",S,0009,Bear Dunn,1.0,2,5,0.0,0.0,0,0,,1
2021,12437,"Myers, Jason",PK,0004,Brian Cutting,1.0,1,5,,40.86,0,0,,0
2021,12437,"Myers, Jason",PK,0001,Ryan Bousquet,2.0,2,22,7.17,24.02,0,1,0004,0
2021,12437,"Myers, Jason",PK,0001,Ryan Bousquet,2.0,3,22,0.0,0.0,0,0,,1
2021,12447,"Mostert, Raheem",RB,0012,Chris Klingenberg,1.0,1,19,,43.0,0,0,,0
2021,12447,"Mostert, Raheem",RB,0001,Ryan Bousquet,2.0,2,19,23.9,42.9,0,1,0012,0
2021,12447,"Mostert, Raheem",RB,0005,Rico Balderelli,4.0,3,20,23.67,42.57,1,0,,0
2021,12447,"Mostert, Raheem",RB,0008,Keith Creelman,5.0,4,20,23.98,42.54,0,1,0001,0
2021,12447,"Mostert, Raheem",RB,0008,Keith Creelman,6.0,5,20,23.74,42.28,0,0,,0
2021,12447,"Mostert, Raheem",RB,0012,Chris Klingenberg,9.0,6,21,22.85,41.13,0,1,0008,0
2021,12447,"Mostert, Raheem",RB,0001,Ryan Bousquet,10.0,7,21,23.84,40.97,1,0,,0
2021,12447,"Mostert, Raheem",RB,0007,Josh Martel,11.0,8,14,7.03,24.0,0,1,0012,0
2021,12447,"Mostert, Raheem",RB,0008,Keith Creelman,15.0,9,8,6.04,6.04,1,0,,0
2021,12447,"Mostert, Raheem",RB,0007,Josh Martel,15.0,10,14,17.96,0.0,0,0,,1
2021,12481,"Hewitt, Neville",LB,0003,Matt Gerardi,1.0,1,0,,24.66,0,0,,0
2021,12481,"Hewitt, Neville",LB,0003,Matt Gerardi,1.0,2,1,0.0,0.0,0,0,,1
2021,12620,"Prescott, Dak",QB,0005,Rico Balderelli,1.0,1,15,,24.0,0,0,,0
2021,12620,"Prescott, Dak",QB,0010,Shawn Blake,5.0,2,16,22.42,22.42,1,0,,0
2021,12620,"Prescott, Dak",QB,0001,Ryan Bousquet,8.0,3,16,23.7,22.12,1,0,,0
2021,12620,"Prescott, Dak",QB,0007,Josh Martel,30.0,4,19,21.63,19.75,1,0,,0
2021,12620,"Prescott, Dak",QB,0007,Josh Martel,40.0,5,19,23.98,19.73,1,0,,0
2021,12620,"Prescott, Dak",QB,0007,Josh Martel,42.0,6,14,4.58,0.31,1,0,,0
2021,12620,"Prescott, Dak",QB,0008,Keith Creelman,45.0,7,14,23.87,0.17,1,0,,0
2021,12620,"Prescott, Dak",QB,0005,Rico Balderelli,45.0,8,15,23.82,0.0,0,0,,1
2021,12629,"Booker, Devontae",RB,0004,Brian Cutting,1.0,1,11,,24.09,0,0,,0
2021,12629,"Booker, Devontae",RB,0004,Brian Cutting,1.0,2,11,0.0,0.0,0,0,,1
2021,12630,"Drake, Kenyan",RB,0006,Steve Bousquet,1.0,1,1,,43.46,0,0,,0
2021,12630,"Drake, Kenyan",RB,0009,Bear Dunn,2.0,2,7,18.08,37.55,1,0,,0
2021,12630,"Drake, Kenyan",RB,0008,Keith Creelman,5.0,3,9,22.24,35.79,0,1,0006,0
2021,12630,"Drake, Kenyan",RB,0005,Rico Balderelli,8.0,4,15,17.81,29.59,1,0,,0
2021,12630,"Drake, Kenyan",RB,0005,Rico Balderelli,10.0,5,20,18.41,24.0,0,1,0008,0
2021,12630,"Drake, Kenyan",RB,0005,Rico Balderelli,10.0,6,20,0.0,0.0,0,0,,1
2021,12637,"Barber, Peyton",RB,0009,Bear Dunn,1.0,1,16,,24.48,0,0,,0
2021,12637,"Barber, Peyton",RB,0009,Bear Dunn,1.0,2,17,0.0,0.0,0,0,,1
2021,12650,"Boyd, Tyler",WR,0006,Steve Bousquet,1.0,1,20,,50.34,0,0,,0
2021,12650,"Boyd, Tyler",WR,0001,Ryan Bousquet,16.0,2,20,23.92,50.26,0,1,0006,0
2021,12650,"Boyd, Tyler",WR,0012,Chris Klingenberg,17.0,3,23,20.72,46.98,0,1,0001,0
2021,12650,"Boyd, Tyler",WR,0008,Keith Creelman,19.0,4,21,2.09,25.07,1,0,,0
2021,12650,"Boyd, Tyler",WR,0008,Keith Creelman,21.0,5,22,23.05,24.12,0,1,0012,0
2021,12650,"Boyd, Tyler",WR,0008,Keith Creelman,21.0,6,22,0.0,0.0,0,0,,1
2021,12658,"Shepard, Sterling",WR,0001,Ryan Bousquet,1.0,1,23,,38.07,0,0,,0
2021,12658,"Shepard, Sterling",WR,0012,Chris Klingenberg,3.0,2,13,10.04,24.11,1,0,,0
2021,12658,"Shepard, Sterling",WR,0012,Chris Klingenberg,5.0,3,13,24.0,24.1,0,1,0001,0
2021,12658,"Shepard, Sterling",WR,0012,Chris Klingenberg,5.0,4,13,0.0,0.0,0,0,,1
2021,12677,"Hooper, Austin",TE,0008,Keith Creelman,1.0,1,0,,24.03,0,0,,0
2021,12677,"Hooper, Austin",TE,0003,Matt Gerardi,2.0,2,23,0.51,0.55,1,0,,0
2021,12677,"Hooper, Austin",TE,0003,Matt Gerardi,3.0,3,23,23.99,0.54,1,0,,0
2021,12677,"Hooper, Austin",TE,0008,Keith Creelman,3.0,4,0,23.46,0.0,0,0,,1
2021,12688,"Buckner, DeForest",DT,0011,Eric Mannila,1.0,1,16,,41.85,0,0,,0
2021,12688,"Buckner, DeForest",DT,0006,Steve Bousquet,2.0,2,0,16.73,34.58,0,1,0011,0
2021,12688,"Buckner, DeForest",DT,0007,Josh Martel,3.0,3,10,13.54,24.12,0,1,0006,0
2021,12688,"Buckner, DeForest",DT,0007,Josh Martel,3.0,4,10,0.0,0.0,0,0,,1
2021,12691,"Ogbah, Emmanuel",DE,0011,Eric Mannila,1.0,1,8,,24.01,0,0,,0
2021,12691,"Ogbah, Emmanuel",DE,0011,Eric Mannila,1.0,2,9,0.0,0.0,0,0,,1
2021,12702,"Jack, Myles",LB,0003,Matt Gerardi,1.0,1,1,,31.23,0,0,,0
2021,12702,"Jack, Myles",LB,0009,Bear Dunn,3.0,2,8,16.85,24.08,0,1,0003,0
2021,12702,"Jack, Myles",LB,0009,Bear Dunn,3.0,3,8,0.0,0.0,0,0,,1
2021,12718,"Bell, Vonn",S,0005,Rico Balderelli,1.0,1,0,,24.02,0,0,,0
2021,12718,"Bell, Vonn",S,0006,Steve Bousquet,2.0,2,0,23.88,23.9,1,0,,0
2021,12718,"Bell, Vonn",S,0006,Steve Bousquet,3.0,3,9,14.38,14.28,1,0,,0
2021,12718,"Bell, Vonn",S,0006,Steve Bousquet,4.0,4,9,23.97,14.25,1,0,,0
2021,12718,"Bell, Vonn",S,0005,Rico Balderelli,4.0,5,0,9.75,0.0,0,0,,1
2021,12741,"Jones, Chris",DT,0008,Keith Creelman,1.0,1,15,,30.74,0,0,,0
2021,12741,"Jones, Chris",DT,0010,Shawn Blake,2.0,2,21,17.37,24.11,0,1,0008,0
2021,12741,"Jones, Chris",DT,0010,Shawn Blake,2.0,3,22,0.0,0.0,0,0,,1
2021,12745,"Jones, Deion",LB,0011,Eric Mannila,1.0,1,19,,24.01,0,0,,0
2021,12745,"Jones, Deion",LB,0005,Rico Balderelli,4.0,2,20,22.35,22.36,1,0,,0
2021,12745,"Jones, Deion",LB,0011,Eric Mannila,4.0,3,19,1.64,0.0,0,0,,1
2021,12752,"Byard, Kevin",S,0002,AJ Balderelli,1.0,1,9,,24.04,0,0,,0
2021,12752,"Byard, Kevin",S,0001,Ryan Bousquet,3.0,2,10,22.81,22.85,1,0,,0
2021,12752,"Byard, Kevin",S,0002,AJ Balderelli,3.0,3,9,1.15,0.0,0,0,,1
2021,12778,"Kwiatkoski, Nick",LB,0010,Shawn Blake,1.0,1,7,,24.64,0,0,,0
2021,12778,"Kwiatkoski, Nick",LB,0010,Shawn Blake,1.0,2,7,0.0,0.0,0,0,,1
2021,12779,"Campbell, De'Vondre",LB,0008,Keith Creelman,1.0,1,6,,24.36,0,0,,0
2021,12779,"Campbell, De'Vondre",LB,0008,Keith Creelman,1.0,2,6,0.0,0.0,0,0,,1
2021,12842,"Dixon, Riley",PN,0005,Rico Balderelli,1.0,1,0,,24.01,0,0,,0
2021,12842,"Dixon, Riley",PN,0005,Rico Balderelli,1.0,2,0,0.0,0.0,0,0,,1
2021,12948,"Okwara, Romeo",DE,0009,Bear Dunn,1.0,1,7,,24.1,0,0,,0
2021,12948,"Okwara, Romeo",DE,0009,Bear Dunn,1.0,2,7,0.0,0.0,0,0,,1
2021,12956,"Lutz, Wil",PK,0007,Josh Martel,1.0,1,20,,24.06,0,0,,0
2021,12956,"Lutz, Wil",PK,0007,Josh Martel,1.0,2,20,0.0,0.0,0,0,,1
2021,12985,"Littleton, Cory",LB,0007,Josh Martel,1.0,1,22,,24.32,0,0,,0
2021,12985,"Littleton, Cory",LB,0007,Josh Martel,1.0,2,23,0.0,0.0,0,0,,1
2021,13108,"McKissic, J.D.",RB,0008,Keith Creelman,1.0,1,4,,62.56,0,0,,0
2021,13108,"McKissic, J.D.",RB,0009,Bear Dunn,3.0,2,7,21.81,60.37,1,0,,0
2021,13108,"McKissic, J.D.",RB,0005,Rico Balderelli,4.0,3,7,23.43,59.8,1,0,,0
2021,13108,"McKissic, J.D.",RB,0009,Bear Dunn,6.0,4,17,13.65,49.45,1,0,,0
2021,13108,"McKissic, J.D.",RB,0009,Bear Dunn,7.0,5,18,23.92,49.37,0,1,0008,0
2021,13108,"McKissic, J.D.",RB,0008,Keith Creelman,8.0,6,4,13.35,38.72,0,1,0009,0
2021,13108,"McKissic, J.D.",RB,0005,Rico Balderelli,9.0,7,18,10.41,25.13,0,1,0008,0
2021,13108,"McKissic, J.D.",RB,0009,Bear Dunn,10.0,8,19,22.92,24.05,0,1,0005,0
2021,13108,"McKissic, J.D.",RB,0009,Bear Dunn,10.0,9,19,0.0,0.0,0,0,,1
2021,13133,"Perine, Samaje",RB,0006,Steve Bousquet,1.0,1,0,,30.2,0,0,,0
2021,13133,"Perine, Samaje",RB,0006,Steve Bousquet,1.0,2,6,0.0,0.0,0,0,,1
2021,13134,"Foreman, D'Onta",RB,0003,Matt Gerardi,1.0,1,21,,24.84,0,0,,0
2021,13134,"Foreman, D'Onta",RB,0003,Matt Gerardi,1.0,2,22,0.0,0.0,0,0,,1
2021,13135,"Gallman, Wayne",RB,0009,Bear Dunn,1.0,1,9,,26.14,0,0,,0
2021,13135,"Gallman, Wayne",RB,0009,Bear Dunn,1.0,2,11,0.0,0.0,0,0,,1
2021,13154,"Williams, Mike",WR,0010,Shawn Blake,1.0,1,7,,24.05,0,0,,0
2021,13154,"Williams, Mike",WR,0009,Bear Dunn,3.0,2,7,23.14,23.2,1,0,,0
2021,13154,"Williams, Mike",WR,0004,Brian Cutting,4.0,3,9,22.79,21.99,1,0,,0
2021,13154,"Williams, Mike",WR,0009,Bear Dunn,5.0,4,18,15.12,13.11,1,0,,0
2021,13154,"Williams, Mike",WR,0006,Steve Bousquet,6.0,5,23,18.22,7.32,1,0,,0
2021,13154,"Williams, Mike",WR,0010,Shawn Blake,6.0,6,7,16.68,0.0,0,0,,1
2021,13155,"Ross, John",WR,0009,Bear Dunn,1.0,1,9,,26.18,0,0,,0
2021,13155,"Ross, John",WR,0009,Bear Dunn,1.0,2,11,0.0,0.0,0,0,,1
2021,13157,"Samuel, Curtis",WR,0003,Matt Gerardi,1.0,1,22,,25.78,0,0,,0
2021,13157,"Samuel, Curtis",WR,0001,Ryan Bousquet,2.0,2,0,22.34,24.12,0,1,0003,0
2021,13157,"Samuel, Curtis",WR,0010,Shawn Blake,4.0,3,11,12.72,12.83,1,0,,0
2021,13157,"Samuel, Curtis",WR,0005,Rico Balderelli,10.0,4,15,20.44,9.28,1,0,,0
2021,13157,"Samuel, Curtis",WR,0010,Shawn Blake,11.0,5,21,18.04,3.32,1,0,,0
2021,13157,"Samuel, Curtis",WR,0010,Shawn Blake,12.0,6,22,22.69,2.01,1,0,,0
2021,13157,"Samuel, Curtis",WR,0001,Ryan Bousquet,12.0,7,0,21.99,0.0,0,0,,1
2021,13188,"Howard, O.J.",TE,0011,Eric Mannila,1.0,1,13,,24.01,0,0,,0
2021,13188,"Howard, O.J.",TE,0008,Keith Creelman,4.0,2,16,21.65,21.66,1,0,,0
2021,13188,"Howard, O.J.",TE,0011,Eric Mannila,4.0,3,13,2.34,0.0,0,0,,1
2021,13189,"Engram, Evan",TE,0012,Chris Klingenberg,1.0,1,19,,49.56,0,0,,0
2021,13189,"Engram, Evan",TE,0001,Ryan Bousquet,2.0,2,19,23.83,49.39,0,1,0012,0
2021,13189,"Engram, Evan",TE,0005,Rico Balderelli,3.0,3,20,23.72,49.11,1,0,,0
2021,13189,"Engram, Evan",TE,0012,Chris Klingenberg,5.0,4,21,22.53,47.65,0,1,0001,0
2021,13189,"Engram, Evan",TE,0003,Matt Gerardi,6.0,5,21,0.37,24.02,0,1,0012,0
2021,13189,"Engram, Evan",TE,0003,Matt Gerardi,6.0,6,21,0.0,0.0,0,0,,1
2021,13202,"Lawson, Carl",DE,0003,Matt Gerardi,1.0,1,9,,34.78,0,0,,0
2021,13202,"Lawson, Carl",DE,0006,Steve Bousquet,2.0,2,12,20.99,31.77,0,1,0003,0
2021,13202,"Lawson, Carl",DE,0003,Matt Gerardi,3.0,3,19,16.72,24.49,0,1,0006,0
2021,13202,"Lawson, Carl",DE,0003,Matt Gerardi,3.0,4,20,0.0,0.0,0,0,,1
2021,13214,"Watt, T.J.",LB,0003,Matt Gerardi,1.0,1,0,,43.68,0,0,,0
2021,13214,"Watt, T.J.",LB,0006,Steve Bousquet,4.0,2,0,23.88,43.56,0,1,0003,0
2021,13214,"Watt, T.J.",LB,0002,AJ Balderelli,5.0,3,15,8.97,28.53,0,1,0006,0
2021,13214,"Watt, T.J.",LB,0004,Brian Cutting,6.0,4,17,22.15,26.68,1,0,,0
2021,13214,"Watt, T.J.",LB,0004,Brian Cutting,8.0,5,20,21.47,24.14,1,0,,0
2021,13214,"Watt, T.J.",LB,0004,Brian Cutting,9.0,6,20,23.99,24.13,0,1,0002,0
2021,13214,"Watt, T.J.",LB,0004,Brian Cutting,9.0,7,20,0.0,0.0,0,0,,1
2021,13216,"Cunningham, Zach",LB,0004,Brian Cutting,1.0,1,19,,24.32,0,0,,0
2021,13216,"Cunningham, Zach",LB,0001,Ryan Bousquet,4.0,2,20,23.91,24.23,0,1,0004,0
2021,13216,"Cunningham, Zach",LB,0004,Brian Cutting,5.0,3,20,23.79,24.03,0,1,0001,0
2021,13216,"Cunningham, Zach",LB,0004,Brian Cutting,5.0,4,20,0.0,0.0,0,0,,1
2021,13223,"Humphrey, Marlon",CB,0003,Matt Gerardi,1.0,1,0,,25.82,0,0,,0
2021,13223,"Humphrey, Marlon",CB,0003,Matt Gerardi,1.0,2,2,0.0,0.0,0,0,,1
2021,13231,"Peppers, Jabrill",S,0004,Brian Cutting,1.0,1,9,,24.2,0,0,,0
2021,13231,"Peppers, Jabrill",S,0002,AJ Balderelli,2.0,2,15,17.75,17.95,1,0,,0
2021,13231,"Peppers, Jabrill",S,0005,Rico Balderelli,4.0,3,7,8.16,2.12,1,0,,0
2021,13231,"Peppers, Jabrill",S,0004,Brian Cutting,4.0,4,9,21.88,0.0,0,0,,1
2021,13234,"Mack, Marlon",RB,0008,Keith Creelman,1.0,1,4,,38.61,0,0,,0
2021,13234,"Mack, Marlon",RB,0006,Steve Bousquet,2.0,2,8,19.87,34.47,1,0,,0
2021,13234,"Mack, Marlon",RB,0002,AJ Balderelli,3.0,3,9,23.25,33.72,1,0,,0
2021,13234,"Mack, Marlon",RB,0009,Bear Dunn,4.0,4,11,22.65,32.37,1,0,,0
2021,13234,"Mack, Marlon",RB,0009,Bear Dunn,5.0,5,19,15.67,24.04,0,1,0008,0
2021,13234,"Mack, Marlon",RB,0009,Bear Dunn,5.0,6,19,0.0,0.0,0,0,,1
2021,13236,"Everett, Gerald",TE,0006,Steve Bousquet,1.0,1,15,,24.39,0,0,,0
2021,13236,"Everett, Gerald",TE,0010,Shawn Blake,2.0,2,20,19.13,19.52,1,0,,0
2021,13236,"Everett, Gerald",TE,0006,Steve Bousquet,2.0,3,16,4.48,0.0,0,0,,1
2021,13245,"Reddick, Haason",DE,0001,Ryan Bousquet,1.0,1,22,,38.61,0,0,,0
2021,13245,"Reddick, Haason",DE,0010,Shawn Blake,2.0,2,6,16.27,30.87,0,1,0001,0
2021,13245,"Reddick, Haason",DE,0002,AJ Balderelli,3.0,3,13,17.23,24.11,0,1,0010,0
2021,13245,"Reddick, Haason",DE,0003,Matt Gerardi,4.0,4,1,11.77,11.88,1,0,,0
2021,13245,"Reddick, Haason",DE,0002,AJ Balderelli,4.0,5,13,12.12,0.0,0,0,,1
2021,13251,"Baker, Budda",S,0005,Rico Balderelli,1.0,1,0,,59.39,0,0,,0
2021,13251,"Baker, Budda",S,0004,Brian Cutting,4.0,2,0,23.11,58.5,1,0,,0
2021,13251,"Baker, Budda",S,0004,Brian Cutting,6.0,3,15,9.03,43.53,1,0,,0
2021,13251,"Baker, Budda",S,0004,Brian Cutting,7.0,4,19,19.94,39.47,1,0,,0
2021,13251,"Baker, Budda",S,0004,Brian Cutting,8.0,5,19,23.99,39.45,1,0,,0
2021,13251,"Baker, Budda",S,0004,Brian Cutting,9.0,6,19,23.99,39.44,1,0,,0
2021,13251,"Baker, Budda",S,0011,Eric Mannila,11.0,7,20,23.19,38.63,0,1,0005,0
2021,13251,"Baker, Budda",S,0004,Brian Cutting,12.0,8,11,9.43,24.06,0,1,0011,0
2021,13251,"Baker, Budda",S,0011,Eric Mannila,13.0,9,13,22.14,22.19,1,0,,0
2021,13251,"Baker, Budda",S,0004,Brian Cutting,13.0,10,11,1.81,0.0,0,0,,1
2021,13252,"Maye, Marcus",S,0007,Josh Martel,1.0,1,23,,24.32,0,0,,0
2021,13252,"Maye, Marcus",S,0009,Bear Dunn,2.0,2,8,14.27,14.59,1,0,,0
2021,13252,"Maye, Marcus",S,0007,Josh Martel,2.0,3,23,9.41,0.0,0,0,,1
2021,13267,"Smoot, Dawuane",DE,0008,Keith Creelman,1.0,1,6,,24.31,0,0,,0
2021,13267,"Smoot, Dawuane",DE,0008,Keith Creelman,1.0,2,6,0.0,0.0,0,0,,1
2021,13274,"Johnson, John",S,0007,Josh Martel,1.0,1,9,,30.59,0,0,,0
2021,13274,"Johnson, John",S,0005,Rico Balderelli,4.0,2,15,17.44,24.03,0,1,0007,0
2021,13274,"Johnson, John",S,0005,Rico Balderelli,4.0,3,15,0.0,0.0,0,0,,1
2021,13290,"Cohen, Tarik",RB,0009,Bear Dunn,1.0,1,4,,25.44,0,0,,0
2021,13290,"Cohen, Tarik",RB,0009,Bear Dunn,1.0,2,5,0.0,0.0,0,0,,1
2021,13304,"Brown, Jayon",LB,0011,Eric Mannila,1.0,1,10,,24.28,0,0,,0
2021,13304,"Brown, Jayon",LB,0009,Bear Dunn,2.0,2,11,23.84,24.12,1,0,,0
2021,13304,"Brown, Jayon",LB,0001,Ryan Bousquet,4.0,3,23,11.51,11.63,1,0,,0
2021,13304,"Brown, Jayon",LB,0011,Eric Mannila,4.0,4,11,12.37,0.0,0,0,,1
2021,13307,"Milano, Matt",LB,0010,Shawn Blake,1.0,1,6,,24.06,0,0,,0
2021,13307,"Milano, Matt",LB,0010,Shawn Blake,1.0,2,6,0.0,0.0,0,0,,1
2021,13377,"Patrick, Tim",WR,0006,Steve Bousquet,1.0,1,9,,24.04,0,0,,0
2021,13377,"Patrick, Tim",WR,0006,Steve Bousquet,1.0,2,9,0.0,0.0,0,0,,1
2021,13378,"Breida, Matt",RB,0006,Steve Bousquet,1.0,1,21,,24.25,0,0,,0
2021,13378,"Breida, Matt",RB,0006,Steve Bousquet,1.0,2,22,0.0,0.0,0,0,,1
2021,13418,"Bourne, Kendrick",WR,0012,Chris Klingenberg,1.0,1,21,,24.45,0,0,,0
2021,13418,"Bourne, Kendrick",WR,0012,Chris Klingenberg,1.0,2,22,0.0,0.0,0,0,,1
2021,13424,"Hill, Taysom",QB,0008,Keith Creelman,1.0,1,15,,24.04,0,0,,0
2021,13424,"Hill, Taysom",QB,0007,Josh Martel,5.0,2,14,0.92,0.95,1,0,,0
2021,13424,"Hill, Taysom",QB,0008,Keith Creelman,5.0,3,15,23.05,0.0,0,0,,1
2021,13447,"Wilson, Eric",LB,0006,Steve Bousquet,1.0,1,8,,43.98,0,0,,0
2021,13447,"Wilson, Eric",LB,0003,Matt Gerardi,3.0,2,1,6.93,26.91,0,1,0006,0
2021,13447,"Wilson, Eric",LB,0003,Matt Gerardi,3.0,3,4,0.0,0.0,0,0,,1
2021,13592,"Darnold, Sam",QB,0011,Eric Mannila,1.0,1,21,,58.4,0,0,,0
2021,13592,"Darnold, Sam",QB,0002,AJ Balderelli,2.0,2,15,5.47,39.87,0,1,0011,0
2021,13592,"Darnold, Sam",QB,0003,Matt Gerardi,3.0,3,15,23.91,39.78,0,1,0002,0
2021,13592,"Darnold, Sam",QB,0005,Rico Balderelli,4.0,4,7,8.34,24.12,1,0,,0
2021,13592,"Darnold, Sam",QB,0005,Rico Balderelli,6.0,5,7,23.89,24.01,0,1,0003,0
2021,13592,"Darnold, Sam",QB,0005,Rico Balderelli,6.0,6,7,0.0,0.0,0,0,,1
2021,13607,"Michel, Sony",RB,0010,Shawn Blake,1.0,1,5,,24.45,0,0,,0
2021,13607,"Michel, Sony",RB,0010,Shawn Blake,1.0,2,6,0.0,0.0,0,0,,1
2021,13608,"Penny, Rashaad",RB,0006,Steve Bousquet,1.0,1,9,,46.42,0,0,,0
2021,13608,"Penny, Rashaad",RB,0009,Bear Dunn,3.0,2,11,22.08,44.49,1,0,,0
2021,13608,"Penny, Rashaad",RB,0009,Bear Dunn,4.0,3,19,15.74,36.23,1,0,,0
2021,13608,"Penny, Rashaad",RB,0009,Bear Dunn,5.0,4,7,12.05,24.29,1,0,,0
2021,13608,"Penny, Rashaad",RB,0009,Bear Dunn,6.0,5,7,23.81,24.1,0,1,0006,0
2021,13608,"Penny, Rashaad",RB,0009,Bear Dunn,6.0,6,7,0.0,0.0,0,0,,1
2021,13620,"Jackson, Justin",RB,0004,Brian Cutting,1.0,1,14,,25.94,0,0,,0
2021,13620,"Jackson, Justin",RB,0006,Steve Bousquet,2.0,2,14,23.71,25.65,0,1,0004,0
2021,13620,"Jackson, Justin",RB,0004,Brian Cutting,3.0,3,15,23.58,25.23,0,1,0006,0
2021,13620,"Jackson, Justin",RB,0004,Brian Cutting,3.0,4,16,0.0,0.0,0,0,,1
2021,13623,"Williams, Darrel",RB,0006,Steve Bousquet,1.0,1,10,,24.08,0,0,,0
2021,13623,"Williams, Darrel",RB,0006,Steve Bousquet,1.0,2,10,0.0,0.0,0,0,,1
2021,13633,"Kirk, Christian",WR,0010,Shawn Blake,1.0,1,7,,49.79,0,0,,0
2021,13633,"Kirk, Christian",WR,0009,Bear Dunn,2.0,2,7,23.75,49.54,1,0,,0
2021,13633,"Kirk, Christian",WR,0009,Bear Dunn,3.0,3,12,18.99,44.53,0,1,0010,0
2021,13633,"Kirk, Christian",WR,0007,Josh Martel,4.0,4,9,3.53,24.06,0,1,0009,0
2021,13633,"Kirk, Christian",WR,0007,Josh Martel,4.0,5,9,0.0,0.0,0,0,,1
2021,13640,"Callaway, Antonio",WR,0011,Eric Mannila,1.0,1,16,,30.3,0,0,,0
2021,13640,"Callaway, Antonio",WR,0012,Chris Klingenberg,2.0,2,23,17.73,24.03,0,1,0011,0
2021,13640,"Callaway, Antonio",WR,0012,Chris Klingenberg,2.0,3,23,0.0,0.0,0,0,,1
2021,13662,"Coutee, Keke",WR,0008,Keith Creelman,1.0,1,7,,25.11,0,0,,0
2021,13662,"Coutee, Keke",WR,0008,Keith Creelman,1.0,2,8,0.0,0.0,0,0,,1
2021,13680,"Hurst, Hayden",TE,0007,Josh Martel,1.0,1,22,,24.3,0,0,,0
2021,13680,"Hurst, Hayden",TE,0008,Keith Creelman,3.0,2,3,19.41,19.7,1,0,,0
2021,13680,"Hurst, Hayden",TE,0008,Keith Creelman,4.0,3,5,21.51,17.22,1,0,,0
2021,13680,"Hurst, Hayden",TE,0007,Josh Martel,4.0,4,23,6.78,0.0,0,0,,1
2021,13681,"Chubb, Bradley",LB,0001,Ryan Bousquet,1.0,1,22,,24.06,0,0,,0
2021,13681,"Chubb, Bradley",LB,0001,Ryan Bousquet,1.0,2,22,0.0,0.0,0,0,,1
2021,13697,"Edmunds, Tremaine",LB,0010,Shawn Blake,1.0,1,11,,34.69,0,0,,0
2021,13697,"Edmunds, Tremaine",LB,0001,Ryan Bousquet,2.0,2,22,13.32,24.0,0,1,0010,0
2021,13697,"Edmunds, Tremaine",LB,0009,Bear Dunn,3.0,3,17,4.32,4.32,1,0,,0
2021,13697,"Edmunds, Tremaine",LB,0001,Ryan Bousquet,3.0,4,22,19.68,0.0,0,0,,1
2021,13706,"Baker, Jerome",LB,0009,Bear Dunn,1.0,1,15,,44.64,0,0,,0
2021,13706,"Baker, Jerome",LB,0001,Ryan Bousquet,2.0,2,18,20.99,41.63,1,0,,0
2021,13706,"Baker, Jerome",LB,0001,Ryan Bousquet,3.0,3,18,23.54,41.17,0,1,0009,0
2021,13706,"Baker, Jerome",LB,0011,Eric Mannila,4.0,4,11,6.84,24.0,0,1,0001,0
2021,13706,"Baker, Jerome",LB,0011,Eric Mannila,4.0,5,11,0.0,0.0,0,0,,1
2021,13710,"Davis, Carlton",CB,0012,Chris Klingenberg,1.0,1,0,,24.01,0,0,,0
2021,13710,"Davis, Carlton",CB,0012,Chris Klingenberg,1.0,2,0,0.0,0.0,0,0,,1
2021,13717,"Reid, Justin",S,0009,Bear Dunn,1.0,1,6,,24.06,0,0,,0
2021,13717,"Reid, Justin",S,0010,Shawn Blake,2.0,2,21,8.72,8.78,1,0,,0
2021,13717,"Reid, Justin",S,0009,Bear Dunn,2.0,3,6,15.22,0.0,0,0,,1
2021,13718,"Carlson, Daniel",PK,0007,Josh Martel,1.0,1,20,,24.06,0,0,,0
2021,13718,"Carlson, Daniel",PK,0007,Josh Martel,1.0,2,20,0.0,0.0,0,0,,1
2021,13735,"Turay, Kemoko",DE,0006,Steve Bousquet,1.0,1,9,,24.0,0,0,,0
2021,13735,"Turay, Kemoko",DE,0006,Steve Bousquet,1.0,2,9,0.0,0.0,0,0,,1
2021,13747,"Walker, Tracy",S,0003,Matt Gerardi,1.0,1,1,,26.22,0,0,,0
2021,13747,"Walker, Tracy",S,0003,Matt Gerardi,1.0,2,4,0.0,0.0,0,0,,1
2021,13763,"Dissly, Will",TE,0011,Eric Mannila,1.0,1,14,,24.52,0,0,,0
2021,13763,"Dissly, Will",TE,0011,Eric Mannila,1.0,2,15,0.0,0.0,0,0,,1
2021,13779,"Kiser, Micah",LB,0004,Brian Cutting,1.0,1,11,,24.07,0,0,,0
2021,13779,"Kiser, Micah",LB,0004,Brian Cutting,1.0,2,11,0.0,0.0,0,0,,1
2021,13782,"Dickson, Michael",PN,0002,AJ Balderelli,1.0,1,15,,24.38,0,0,,0
2021,13782,"Dickson, Michael",PN,0006,Steve Bousquet,2.0,2,15,23.63,24.01,0,1,0002,0
2021,13782,"Dickson, Michael",PN,0006,Steve Bousquet,2.0,3,15,0.0,0.0,0,0,,1
2021,13809,"Gage, Russell",WR,0010,Shawn Blake,1.0,1,11,,28.07,0,0,,0
2021,13809,"Gage, Russell",WR,0008,Keith Creelman,2.0,2,15,20.52,24.59,0,1,0010,0
2021,13809,"Gage, Russell",WR,0005,Rico Balderelli,5.0,3,15,23.45,24.04,0,1,0008,0
2021,13809,"Gage, Russell",WR,0005,Rico Balderelli,5.0,4,15,0.0,0.0,0,0,,1
2021,13813,"Oluokun, Foyesade",LB,0006,Steve Bousquet,1.0,1,12,,24.0,0,0,,0
2021,13813,"Oluokun, Foyesade",LB,0003,Matt Gerardi,2.0,2,10,2.23,2.23,1,0,,0
2021,13813,"Oluokun, Foyesade",LB,0006,Steve Bousquet,2.0,3,12,21.77,0.0,0,0,,1
2021,13850,"Edwards, Gus",RB,0006,Steve Bousquet,1.0,1,23,,47.06,0,0,,0
2021,13850,"Edwards, Gus",RB,0012,Chris Klingenberg,3.0,2,10,12.43,35.49,1,0,,0
2021,13850,"Edwards, Gus",RB,0009,Bear Dunn,4.0,3,18,16.97,28.46,1,0,,0
2021,13850,"Edwards, Gus",RB,0010,Shawn Blake,5.0,4,20,21.68,26.14,1,0,,0
2021,13850,"Edwards, Gus",RB,0010,Shawn Blake,6.0,5,20,23.99,26.13,1,0,,0
2021,13850,"Edwards, Gus",RB,0010,Shawn Blake,7.0,6,20,24.0,26.12,0,1,0006,0
2021,13850,"Edwards, Gus",RB,0001,Ryan Bousquet,8.0,7,22,21.95,24.07,0,1,0010,0
2021,13850,"Edwards, Gus",RB,0010,Shawn Blake,9.0,8,7,15.14,15.21,1,0,,0
2021,13850,"Edwards, Gus",RB,0001,Ryan Bousquet,9.0,9,22,8.79,0.0,0,0,,1
2021,13863,"Pringle, Byron",WR,0006,Steve Bousquet,1.0,1,23,,30.45,0,0,,0
2021,13863,"Pringle, Byron",WR,0003,Matt Gerardi,2.0,2,21,2.39,8.85,1,0,,0
2021,13863,"Pringle, Byron",WR,0006,Steve Bousquet,2.0,3,6,15.15,0.0,0,0,,1
2021,13919,"Firkser, Anthony",TE,0010,Shawn Blake,1.0,1,16,,24.31,0,0,,0
2021,13919,"Firkser, Anthony",TE,0001,Ryan Bousquet,3.0,2,16,23.7,24.01,0,1,0010,0
2021,13919,"Firkser, Anthony",TE,0002,AJ Balderelli,4.0,3,15,1.07,1.07,1,0,,0
2021,13919,"Firkser, Anthony",TE,0001,Ryan Bousquet,4.0,4,16,22.93,0.0,0,0,,1
2021,14017,"Wilson, Jeffery",RB,0009,Bear Dunn,1.0,1,16,,24.45,0,0,,0
2021,14017,"Wilson, Jeffery",RB,0009,Bear Dunn,1.0,2,17,0.0,0.0,0,0,,1
2021,14057,"Lock, Drew",QB,0003,Matt Gerardi,1.0,1,0,,24.33,0,0,,0
2021,14057,"Lock, Drew",QB,0003,Matt Gerardi,1.0,2,0,0.0,0.0,0,0,,1
2021,14095,"Johnson, Ty",RB,0008,Keith Creelman,1.0,1,7,,47.85,0,0,,0
2021,14095,"Johnson, Ty",RB,0012,Chris Klingenberg,2.0,2,22,9.12,32.97,0,1,0008,0
2021,14095,"Johnson, Ty",RB,0008,Keith Creelman,3.0,3,5,17.02,25.99,1,0,,0
2021,14095,"Johnson, Ty",RB,0008,Keith Creelman,4.0,4,5,23.84,25.83,0,1,0012,0
2021,14095,"Johnson, Ty",RB,0008,Keith Creelman,4.0,5,7,0.0,0.0,0,0,,1
2021,14101,"Harry, N'Keal",WR,0010,Shawn Blake,1.0,1,7,,24.22,0,0,,0
2021,14101,"Harry, N'Keal",WR,0010,Shawn Blake,1.0,2,7,0.0,0.0,0,0,,1
2021,14122,"Slayton, Darius",WR,0002,AJ Balderelli,1.0,1,14,,24.8,0,0,,0
2021,14122,"Slayton, Darius",WR,0008,Keith Creelman,2.0,2,14,23.22,24.02,0,1,0002,0
2021,14122,"Slayton, Darius",WR,0008,Keith Creelman,2.0,3,14,0.0,0.0,0,0,,1
2021,14127,"Meyers, Jakobi",WR,0010,Shawn Blake,1.0,1,6,,25.57,0,0,,0
2021,14127,"Meyers, Jakobi",WR,0006,Steve Bousquet,2.0,2,8,22.53,24.1,0,1,0010,0
2021,14127,"Meyers, Jakobi",WR,0009,Bear Dunn,3.0,3,10,21.08,21.18,1,0,,0
2021,14127,"Meyers, Jakobi",WR,0009,Bear Dunn,4.0,4,11,23.92,21.1,1,0,,0
2021,14127,"Meyers, Jakobi",WR,0006,Steve Bousquet,4.0,5,8,2.9,0.0,0,0,,1
2021,14157,"Williams, Quinnen",DT,0001,Ryan Bousquet,1.0,1,23,,24.01,0,0,,0
2021,14157,"Williams, Quinnen",DT,0010,Shawn Blake,2.0,2,8,15.14,15.15,1,0,,0
2021,14157,"Williams, Quinnen",DT,0001,Ryan Bousquet,2.0,3,23,8.85,0.0,0,0,,1
2021,14163,"Simmons, Jeffery",DT,0011,Eric Mannila,1.0,1,13,,45.27,0,0,,0
2021,14163,"Simmons, Jeffery",DT,0003,Matt Gerardi,2.0,2,9,4.75,26.01,0,1,0011,0
2021,14163,"Simmons, Jeffery",DT,0011,Eric Mannila,3.0,3,10,22.3,24.31,0,1,0003,0
2021,14163,"Simmons, Jeffery",DT,0011,Eric Mannila,3.0,4,11,0.0,0.0,0,0,,1
2021,14218,"Okereke, Bobby",LB,0006,Steve Bousquet,1.0,1,0,,30.31,0,0,,0
2021,14218,"Okereke, Bobby",LB,0006,Steve Bousquet,1.0,2,6,0.0,0.0,0,0,,1
2021,14225,"Crosby, Maxx",DE,0008,Keith Creelman,1.0,1,3,,55.48,0,0,,0
2021,14225,"Crosby, Maxx",DE,0006,Steve Bousquet,2.0,2,12,15.53,47.02,0,1,0008,0
2021,14225,"Crosby, Maxx",DE,0011,Eric Mannila,3.0,3,10,1.3,24.31,0,1,0006,0
2021,14225,"Crosby, Maxx",DE,0011,Eric Mannila,3.0,4,11,0.0,0.0,0,0,,1
2021,14226,"Willis, Khari",S,0009,Bear Dunn,1.0,1,7,,24.02,0,0,,0
2021,14226,"Willis, Khari",S,0009,Bear Dunn,1.0,2,7,0.0,0.0,0,0,,1
2021,14227,"Wishnowsky, Mitch",PN,0007,Josh Martel,1.0,1,21,,24.0,0,0,,0
2021,14227,"Wishnowsky, Mitch",PN,0007,Josh Martel,1.0,2,21,0.0,0.0,0,0,,1
2021,14244,"Gay, Matt",PK,0003,Matt Gerardi,1.0,1,8,,24.05,0,0,,0
2021,14244,"Gay, Matt",PK,0003,Matt Gerardi,1.0,2,8,0.0,0.0,0,0,,1
2021,14256,"Bailey, Jake",PN,0007,Josh Martel,1.0,1,20,,25.37,0,0,,0
2021,14256,"Bailey, Jake",PN,0001,Ryan Bousquet,2.0,2,21,22.64,24.01,0,1,0007,0
2021,14256,"Bailey, Jake",PN,0001,Ryan Bousquet,2.0,3,21,0.0,0.0,0,0,,1
2021,14265,"Fulgham, Travis",WR,0001,Ryan Bousquet,1.0,1,23,,24.01,0,0,,0
2021,14265,"Fulgham, Travis",WR,0012,Chris Klingenberg,2.0,2,22,1.19,1.19,1,0,,0
2021,14265,"Fulgham, Travis",WR,0001,Ryan Bousquet,2.0,3,23,22.81,0.0,0,0,,1
2021,14283,"Wilson, Donovan",S,0010,Shawn Blake,1.0,1,7,,24.94,0,0,,0
2021,14283,"Wilson, Donovan",S,0010,Shawn Blake,1.0,2,8,0.0,0.0,0,0,,1
2021,14341,"Parham, Donald",TE,0010,Shawn Blake,1.0,1,7,,24.65,0,0,,0
2021,14341,"Parham, Donald",TE,0010,Shawn Blake,1.0,2,7,0.0,0.0,0,0,,1
2021,14412,"Singleton, Alex",LB,0007,Josh Martel,1.0,1,22,,47.66,0,0,,0
2021,14412,"Singleton, Alex",LB,0009,Bear Dunn,2.0,2,8,13.96,37.62,1,0,,0
2021,14412,"Singleton, Alex",LB,0003,Matt Gerardi,3.0,3,15,17.18,30.8,0,1,0007,0
2021,14412,"Singleton, Alex",LB,0007,Josh Martel,4.0,4,22,17.23,24.03,0,1,0003,0
2021,14412,"Singleton, Alex",LB,0007,Josh Martel,4.0,5,22,0.0,0.0,0,0,,1
2021,14630,"Cole, A.J.",PN,0008,Keith Creelman,1.0,1,4,,24.07,0,0,,0
2021,14630,"Cole, A.J.",PN,0008,Keith Creelman,1.0,2,4,0.0,0.0,0,0,,1
2021,14780,"Eason, Jacob",QB,0011,Eric Mannila,1.0,1,14,,24.48,0,0,,0
2021,14780,"Eason, Jacob",QB,0011,Eric Mannila,1.0,2,15,0.0,0.0,0,0,,1
2021,14811,"Ahmed, Salvon",RB,0001,Ryan Bousquet,1.0,1,23,,47.66,0,0,,0
2021,14811,"Ahmed, Salvon",RB,0012,Chris Klingenberg,3.0,2,20,3.49,27.15,1,0,,0
2021,14811,"Ahmed, Salvon",RB,0012,Chris Klingenberg,5.0,3,22,21.68,24.84,0,1,0001,0
2021,14811,"Ahmed, Salvon",RB,0012,Chris Klingenberg,5.0,4,23,0.0,0.0,0,0,,1
2021,14818,"Jones, Xavier",RB,0007,Josh Martel,1.0,1,6,,24.26,0,0,,0
2021,14818,"Jones, Xavier",RB,0008,Keith Creelman,2.0,2,14,16.0,16.26,1,0,,0
2021,14818,"Jones, Xavier",RB,0008,Keith Creelman,3.0,3,5,9.14,1.4,1,0,,0
2021,14818,"Jones, Xavier",RB,0007,Josh Martel,3.0,4,7,22.6,0.0,0,0,,1
2021,14848,"Proche, James",WR,0003,Matt Gerardi,1.0,1,19,,24.54,0,0,,0
2021,14848,"Proche, James",WR,0003,Matt Gerardi,1.0,2,20,0.0,0.0,0,0,,1
2021,14963,"Thomas, Daniel",S,0003,Matt Gerardi,1.0,1,21,,24.55,0,0,,0
2021,14963,"Thomas, Daniel",S,0003,Matt Gerardi,1.0,2,22,0.0,0.0,0,0,,1
2021,14985,"Mann, Braden",PN,0011,Eric Mannila,1.0,1,18,,24.37,0,0,,0
2021,14985,"Mann, Braden",PN,0011,Eric Mannila,1.0,2,19,0.0,0.0,0,0,,1
2021,14991,"Fuller, Jordan",S,0002,AJ Balderelli,1.0,1,9,,27.51,0,0,,0
2021,14991,"Fuller, Jordan",S,0007,Josh Martel,2.0,2,10,23.1,26.61,1,0,,0
2021,14991,"Fuller, Jordan",S,0007,Josh Martel,3.0,3,13,21.47,24.08,0,1,0002,0
2021,14991,"Fuller, Jordan",S,0007,Josh Martel,3.0,4,13,0.0,0.0,0,0,,1
2021,15032,"Fox, Jack",PN,0002,AJ Balderelli,1.0,1,15,,24.06,0,0,,0
2021,15032,"Fox, Jack",PN,0002,AJ Balderelli,1.0,2,15,0.0,0.0,0,0,,1
2021,15034,"Callaway, Marquez",WR,0009,Bear Dunn,1.0,1,7,,29.31,0,0,,0
2021,15034,"Callaway, Marquez",WR,0006,Steve Bousquet,2.0,2,12,19.37,24.69,0,1,0009,0
2021,15034,"Callaway, Marquez",WR,0006,Steve Bousquet,2.0,3,12,0.0,0.0,0,0,,1
2021,15337,"Gray, Noah",TE,0007,Josh Martel,1.0,1,17,,26.59,0,0,,0
2021,15337,"Gray, Noah",TE,0008,Keith Creelman,3.0,2,18,23.14,25.74,1,0,,0
2021,15337,"Gray, Noah",TE,0008,Keith Creelman,4.0,3,18,23.99,25.73,0,1,0007,0
2021,15337,"Gray, Noah",TE,0008,Keith Creelman,4.0,4,20,0.0,0.0,0,0,,1
2021,15339,"Yeboah, Kenny",TE,0008,Keith Creelman,1.0,1,5,,25.75,0,0,,0
2021,15339,"Yeboah, Kenny",TE,0008,Keith Creelman,1.0,2,7,0.0,0.0,0,0,,1
2021,15348,"Basham, Carlos",DE,0011,Eric Mannila,1.0,1,9,,24.01,0,0,,0
2021,15348,"Basham, Carlos",DE,0011,Eric Mannila,1.0,2,9,0.0,0.0,0,0,,1
2021,15374,"Reyes, Sammis",TE,0010,Shawn Blake,1.0,1,7,,24.4,0,0,,0
2021,15374,"Reyes, Sammis",TE,0010,Shawn Blake,1.0,2,7,0.0,0.0,0,0,,1
2021,15407,"Fitzpatrick, Dez",WR,0008,Keith Creelman,1.0,1,5,,25.78,0,0,,0
2021,15407,"Fitzpatrick, Dez",WR,0008,Keith Creelman,1.0,2,7,0.0,0.0,0,0,,1
2021,15419,"Granson, Kylen",TE,0003,Matt Gerardi,1.0,1,21,,39.22,0,0,,0
2021,15419,"Granson, Kylen",TE,0004,Brian Cutting,2.0,2,7,13.84,29.06,0,1,0003,0
2021,15419,"Granson, Kylen",TE,0004,Brian Cutting,2.0,3,12,0.0,0.0,0,0,,1
2021,15425,"Harris, Jacob",TE,0007,Josh Martel,1.0,1,17,,24.37,0,0,,0
2021,15425,"Harris, Jacob",TE,0007,Josh Martel,1.0,2,18,0.0,0.0,0,0,,1
2021,15434,"Smith-Marsette, Ihmir",WR,0010,Shawn Blake,1.0,1,8,,28.93,0,0,,0
2021,15434,"Smith-Marsette, Ihmir",WR,0010,Shawn Blake,1.0,2,13,0.0,0.0,0,0,,1
2021,15480,"Funk, Jake",RB,0007,Josh Martel,1.0,1,7,,24.21,0,0,,0
2021,15480,"Funk, Jake",RB,0007,Josh Martel,1.0,2,7,0.0,0.0,0,0,,1
2021,15488,"Doaks, Gerrid",RB,0001,Ryan Bousquet,1.0,1,23,,24.0,0,0,,0
2021,15488,"Doaks, Gerrid",RB,0001,Ryan Bousquet,1.0,2,23,0.0,0.0,0,0,,1
2021,7401,"Roethlisberger, Ben",QB,0003,Matt Gerardi,1.0,1,8,,59.32,0,0,,0
2021,7401,"Roethlisberger, Ben",QB,0004,Brian Cutting,2.0,2,14,18.37,53.69,1,0,,0
2021,7401,"Roethlisberger, Ben",QB,0004,Brian Cutting,3.0,3,21,16.93,46.62,0,1,0003,0
2021,7401,"Roethlisberger, Ben",QB,0005,Rico Balderelli,4.0,4,19,1.75,24.37,0,1,0004,0
2021,7401,"Roethlisberger, Ben",QB,0004,Brian Cutting,5.0,5,19,23.82,24.19,0,1,0005,0
2021,7401,"Roethlisberger, Ben",QB,0004,Brian Cutting,5.0,6,20,0.0,0.0,0,0,,1
2021,7836,"Rodgers, Aaron",QB,0007,Josh Martel,1.0,1,16,,85.87,0,0,,0
2021,7836,"Rodgers, Aaron",QB,0001,Ryan Bousquet,8.0,2,16,23.72,85.59,1,0,,0
2021,7836,"Rodgers, Aaron",QB,0005,Rico Balderelli,10.0,3,20,20.48,82.07,1,0,,0
2021,7836,"Rodgers, Aaron",QB,0003,Matt Gerardi,11.0,4,22,21.61,79.68,0,1,0007,0
2021,7836,"Rodgers, Aaron",QB,0001,Ryan Bousquet,13.0,5,0,22.44,78.13,1,0,,0
2021,7836,"Rodgers, Aaron",QB,0007,Josh Martel,22.0,6,14,9.76,63.89,0,1,0003,0
2021,7836,"Rodgers, Aaron",QB,0008,Keith Creelman,26.0,7,6,8.36,48.25,1,0,,0
2021,7836,"Rodgers, Aaron",QB,0011,Eric Mannila,31.0,8,13,17.0,41.25,0,1,0007,0
2021,7836,"Rodgers, Aaron",QB,0007,Josh Martel,35.0,9,22,14.42,31.67,0,1,0011,0
2021,7836,"Rodgers, Aaron",QB,0011,Eric Mannila,39.0,10,6,16.36,24.03,0,1,0007,0
2021,7836,"Rodgers, Aaron",QB,0011,Eric Mannila,39.0,11,6,0.0,0.0,0,0,,1
2021,8062,"Fitzpatrick, Ryan",QB,0010,Shawn Blake,1.0,1,7,,39.44,0,0,,0
2021,8062,"Fitzpatrick, Ryan",QB,0001,Ryan Bousquet,3.0,2,22,8.6,24.04,0,1,0010,0
2021,8062,"Fitzpatrick, Ryan",QB,0001,Ryan Bousquet,3.0,3,22,0.0,0.0,0,0,,1
2021,8153,"Gould, Robbie",PK,0004,Brian Cutting,1.0,1,4,,25.14,0,0,,0
2021,8153,"Gould, Robbie",PK,0004,Brian Cutting,1.0,2,5,0.0,0.0,0,0,,1
2021,9310,"Kern, Brett",PN,0003,Matt Gerardi,1.0,1,9,,24.05,0,0,,0
2021,9310,"Kern, Brett",PN,0003,Matt Gerardi,1.0,2,9,0.0,0.0,0,0,,1
2021,9430,"Jenkins, Malcolm",S,0006,Steve Bousquet,1.0,1,15,,24.4,0,0,,0
2021,9430,"Jenkins, Malcolm",S,0006,Steve Bousquet,1.0,2,16,0.0,0.0,0,0,,1
2021,9686,"Succop, Ryan",PK,0012,Chris Klingenberg,1.0,1,10,,24.01,0,0,,0
2021,9686,"Succop, Ryan",PK,0012,Chris Klingenberg,1.0,2,10,0.0,0.0,0,0,,1
2021,9833,"Pierre-Paul, Jason",DE,0001,Ryan Bousquet,1.0,1,9,,24.06,0,0,,0
2021,9833,"Pierre-Paul, Jason",DE,0002,AJ Balderelli,2.0,2,9,0.71,0.78,1,0,,0
2021,9833,"Pierre-Paul, Jason",DE,0001,Ryan Bousquet,2.0,3,9,23.22,0.0,0,0,,1
2021,9862,"Tebow, Tim",TE,0011,Eric Mannila,1.0,1,12,,0.0,0,0,,0
2022,10261,"Green, A.J.",WR,0005,Rico Balderelli,1.0,1,7,,39.57,0,0,,0
2022,10261,"Green, A.J.",WR,0001,Ryan Bousquet,2.0,2,12,19.36,34.93,1,0,,0
2022,10261,"Green, A.J.",WR,0012,Chris Klingenberg,3.0,3,23,13.13,24.06,0,1,0005,0
2022,10261,"Green, A.J.",WR,0012,Chris Klingenberg,3.0,4,23,0.0,0.0,0,0,,1
2022,10266,"Heyward, Cameron",DT,0001,Ryan Bousquet,1.0,1,9,,24.1,0,0,,0
2022,10266,"Heyward, Cameron",DT,0004,Brian Cutting,2.0,2,10,23.82,23.92,1,0,,0
2022,10266,"Heyward, Cameron",DT,0010,Shawn Blake,3.0,3,6,3.12,3.05,1,0,,0
2022,10266,"Heyward, Cameron",DT,0001,Ryan Bousquet,3.0,4,10,20.95,0.0,0,0,,1
2022,10267,"Miller, Von",DE,0012,Chris Klingenberg,1.0,1,0,,46.66,0,0,,0
2022,10267,"Miller, Von",DE,0002,AJ Balderelli,2.0,2,5,18.39,41.06,0,1,0012,0
2022,10267,"Miller, Von",DE,0012,Chris Klingenberg,3.0,3,22,7.06,24.11,0,1,0002,0
2022,10267,"Miller, Von",DE,0012,Chris Klingenberg,3.0,4,22,0.0,0.0,0,0,,1
2022,10269,"Quinn, Robert",DE,0006,Steve Bousquet,1.0,1,0,,24.01,0,0,,0
2022,10269,"Quinn, Robert",DE,0006,Steve Bousquet,1.0,2,0,0.0,0.0,0,0,,1
2022,10271,"Jones, Julio",WR,0006,Steve Bousquet,1.0,1,19,,24.85,0,0,,0
2022,10271,"Jones, Julio",WR,0008,Keith Creelman,2.0,2,19,23.96,24.8,0,1,0006,0
2022,10271,"Jones, Julio",WR,0002,AJ Balderelli,4.0,3,19,23.72,24.52,1,0,,0
2022,10271,"Jones, Julio",WR,0002,AJ Balderelli,5.0,4,20,23.48,24.0,0,1,0008,0
2022,10271,"Jones, Julio",WR,0002,AJ Balderelli,5.0,5,20,0.0,0.0,0,0,,1
2022,10272,"Watt, J.J.",DE,0009,Bear Dunn,1.0,1,6,,24.0,0,0,,0
2022,10272,"Watt, J.J.",DE,0002,AJ Balderelli,2.0,2,11,18.9,18.9,1,0,,0
2022,10272,"Watt, J.J.",DE,0009,Bear Dunn,2.0,3,6,5.1,0.0,0,0,,1
2022,10276,"Ingram, Mark",RB,0005,Rico Balderelli,1.0,1,0,,24.01,0,0,,0
2022,10276,"Ingram, Mark",RB,0004,Brian Cutting,2.0,2,10,13.9,13.91,1,0,,0
2022,10276,"Ingram, Mark",RB,0004,Brian Cutting,3.0,3,13,20.32,10.23,1,0,,0
2022,10276,"Ingram, Mark",RB,0010,Shawn Blake,4.0,4,20,17.64,3.87,1,0,,0
2022,10276,"Ingram, Mark",RB,0005,Rico Balderelli,4.0,5,0,20.13,0.0,0,0,,1
2022,10312,"Rudolph, Kyle",TE,0008,Keith Creelman,1.0,1,4,,24.59,0,0,,0
2022,10312,"Rudolph, Kyle",TE,0008,Keith Creelman,1.0,2,5,0.0,0.0,0,0,,1
2022,10313,"Dalton, Andy",QB,0009,Bear Dunn,1.0,1,5,,24.38,0,0,,0
2022,10313,"Dalton, Andy",QB,0009,Bear Dunn,1.0,2,6,0.0,0.0,0,0,,1
2022,10697,"Tannehill, Ryan",QB,0007,Josh Martel,1.0,1,21,,74.37,0,0,,0
2022,10697,"Tannehill, Ryan",QB,0008,Keith Creelman,2.0,2,21,23.97,74.34,0,1,0007,0
2022,10697,"Tannehill, Ryan",QB,0012,Chris Klingenberg,5.0,3,1,20.19,70.53,1,0,,0
2022,10697,"Tannehill, Ryan",QB,0011,Eric Mannila,6.0,4,13,11.88,58.41,0,1,0008,0
2022,10697,"Tannehill, Ryan",QB,0012,Chris Klingenberg,7.0,5,15,21.93,56.35,0,1,0011,0
2022,10697,"Tannehill, Ryan",QB,0009,Bear Dunn,11.0,6,6,8.55,40.89,0,1,0012,0
2022,10697,"Tannehill, Ryan",QB,0010,Shawn Blake,12.0,7,8,22.37,39.26,0,1,0009,0
2022,10697,"Tannehill, Ryan",QB,0008,Keith Creelman,15.0,8,12,19.69,34.95,1,0,,0
2022,10697,"Tannehill, Ryan",QB,0012,Chris Klingenberg,16.0,9,23,13.14,24.08,0,1,0010,0
2022,10697,"Tannehill, Ryan",QB,0012,Chris Klingenberg,16.0,10,23,0.0,0.0,0,0,,1
2022,10700,"Cousins, Kirk",QB,0004,Brian Cutting,1.0,1,12,,25.48,0,0,,0
2022,10700,"Cousins, Kirk",QB,0001,Ryan Bousquet,4.0,2,12,23.93,25.41,0,1,0004,0
2022,10700,"Cousins, Kirk",QB,0010,Shawn Blake,9.0,3,12,23.87,25.28,0,1,0001,0
2022,10700,"Cousins, Kirk",QB,0001,Ryan Bousquet,13.0,4,13,23.12,24.4,1,0,,0
2022,10700,"Cousins, Kirk",QB,0001,Ryan Bousquet,16.0,5,13,23.87,24.27,1,0,,0
2022,10700,"Cousins, Kirk",QB,0003,Matt Gerardi,17.0,6,13,23.73,24.0,0,1,0010,0
2022,10700,"Cousins, Kirk",QB,0010,Shawn Blake,21.0,7,13,23.73,23.73,1,0,,0
2022,10700,"Cousins, Kirk",QB,0008,Keith Creelman,24.0,8,16,20.96,20.69,1,0,,0
2022,10700,"Cousins, Kirk",QB,0010,Shawn Blake,25.0,9,20,20.53,17.22,1,0,,0
2022,10700,"Cousins, Kirk",QB,0007,Josh Martel,35.0,10,21,22.93,16.15,1,0,,0
2022,10700,"Cousins, Kirk",QB,0011,Eric Mannila,36.0,11,13,8.06,0.2,1,0,,0
2022,10700,"Cousins, Kirk",QB,0011,Eric Mannila,37.0,12,13,24.0,0.2,1,0,,0
2022,10700,"Cousins, Kirk",QB,0003,Matt Gerardi,37.0,13,13,23.8,0.0,0,0,,1
2022,10768,"David, Lavonte",LB,0007,Josh Martel,1.0,1,21,,24.01,0,0,,0
2022,10768,"David, Lavonte",LB,0004,Brian Cutting,2.0,2,7,14.35,14.36,1,0,,0
2022,10768,"David, Lavonte",LB,0007,Josh Martel,2.0,3,21,9.64,0.0,0,0,,1
2022,10775,"Wagner, Bobby",LB,0012,Chris Klingenberg,1.0,1,0,,32.11,0,0,,0
2022,10775,"Wagner, Bobby",LB,0001,Ryan Bousquet,2.0,2,0,23.87,31.97,0,1,0012,0
2022,10775,"Wagner, Bobby",LB,0005,Rico Balderelli,6.0,3,3,20.73,28.7,0,1,0001,0
2022,10775,"Wagner, Bobby",LB,0001,Ryan Bousquet,9.0,4,8,19.3,24.0,0,1,0005,0
2022,10775,"Wagner, Bobby",LB,0001,Ryan Bousquet,9.0,5,8,0.0,0.0,0,0,,1
2022,10783,"Smith, Harrison",S,0004,Brian Cutting,1.0,1,6,,26.57,0,0,,0
2022,10783,"Smith, Harrison",S,0009,Bear Dunn,2.0,2,6,23.56,26.13,1,0,,0
2022,10783,"Smith, Harrison",S,0005,Rico Balderelli,3.0,3,8,21.91,24.04,0,1,0004,0
2022,10783,"Smith, Harrison",S,0004,Brian Cutting,4.0,4,17,15.56,15.6,1,0,,0
2022,10783,"Smith, Harrison",S,0005,Rico Balderelli,4.0,5,8,8.4,0.0,0,0,,1
2022,11150,"Smith, Geno",QB,0003,Matt Gerardi,1.0,1,12,,51.14,0,0,,0
2022,11150,"Smith, Geno",QB,0002,AJ Balderelli,2.0,2,12,23.52,50.65,1,0,,0
2022,11150,"Smith, Geno",QB,0002,AJ Balderelli,3.0,3,12,24.0,50.65,0,1,0003,0
2022,11150,"Smith, Geno",QB,0010,Shawn Blake,4.0,4,9,3.4,30.05,0,1,0002,0
2022,11150,"Smith, Geno",QB,0003,Matt Gerardi,5.0,5,15,18.1,24.15,0,1,0010,0
2022,11150,"Smith, Geno",QB,0003,Matt Gerardi,5.0,6,15,0.0,0.0,0,0,,1
2022,11182,"Burkhead, Rex",RB,0006,Steve Bousquet,1.0,1,0,,24.0,0,0,,0
2022,11182,"Burkhead, Rex",RB,0002,AJ Balderelli,2.0,2,23,0.92,0.93,1,0,,0
2022,11182,"Burkhead, Rex",RB,0006,Steve Bousquet,2.0,3,0,23.07,0.0,0,0,,1
2022,11228,"Woods, Robert",WR,0002,AJ Balderelli,1.0,1,12,,24.83,0,0,,0
2022,11228,"Woods, Robert",WR,0001,Ryan Bousquet,11.0,2,13,23.17,24.0,0,1,0002,0
2022,11228,"Woods, Robert",WR,0002,AJ Balderelli,12.0,3,12,0.3,0.3,1,0,,0
2022,11228,"Woods, Robert",WR,0002,AJ Balderelli,13.0,4,13,23.91,0.22,1,0,,0
2022,11228,"Woods, Robert",WR,0001,Ryan Bousquet,13.0,5,13,23.78,0.0,0,0,,1
2022,11232,"Hopkins, DeAndre",WR,0008,Keith Creelman,1.0,1,13,,67.32,0,0,,0
2022,11232,"Hopkins, DeAndre",WR,0002,AJ Balderelli,4.0,2,13,23.78,67.1,1,0,,0
2022,11232,"Hopkins, DeAndre",WR,0002,AJ Balderelli,5.0,3,14,23.38,66.48,0,1,0008,0
2022,11232,"Hopkins, DeAndre",WR,0008,Keith Creelman,7.0,4,9,4.61,47.09,1,0,,0
2022,11232,"Hopkins, DeAndre",WR,0010,Shawn Blake,8.0,5,12,21.14,44.23,1,0,,0
2022,11232,"Hopkins, DeAndre",WR,0010,Shawn Blake,10.0,6,13,23.29,43.52,1,0,,0
2022,11232,"Hopkins, DeAndre",WR,0001,Ryan Bousquet,15.0,7,13,23.72,43.24,1,0,,0
2022,11232,"Hopkins, DeAndre",WR,0001,Ryan Bousquet,20.0,8,13,24.0,43.24,1,0,,0
2022,11232,"Hopkins, DeAndre",WR,0001,Ryan Bousquet,26.0,9,13,23.98,43.22,0,1,0002,0
2022,11232,"Hopkins, DeAndre",WR,0002,AJ Balderelli,27.0,10,8,5.47,24.68,1,0,,0
2022,11232,"Hopkins, DeAndre",WR,0002,AJ Balderelli,28.0,11,8,23.94,24.62,1,0,,0
2022,11232,"Hopkins, DeAndre",WR,0002,AJ Balderelli,32.0,12,8,23.38,24.0,0,1,0001,0
2022,11232,"Hopkins, DeAndre",WR,0002,AJ Balderelli,32.0,13,8,0.0,0.0,0,0,,1
2022,11313,"Mathieu, Tyrann",S,0009,Bear Dunn,1.0,1,5,,24.0,0,0,,0
2022,11313,"Mathieu, Tyrann",S,0009,Bear Dunn,1.0,2,5,0.0,0.0,0,0,,1
2022,11316,"Ryan, Logan",S,0007,Josh Martel,1.0,1,6,,24.08,0,0,,0
2022,11316,"Ryan, Logan",S,0009,Bear Dunn,2.0,2,20,9.77,9.85,1,0,,0
2022,11316,"Ryan, Logan",S,0007,Josh Martel,2.0,3,6,14.15,0.0,0,0,,1
2022,11382,"Hyde, Micah",S,0010,Shawn Blake,1.0,1,7,,24.22,0,0,,0
2022,11382,"Hyde, Micah",S,0010,Shawn Blake,1.0,2,7,0.0,0.0,0,0,,1
2022,11383,"Martin, Sam",PN,0010,Shawn Blake,1.0,1,6,,24.31,0,0,,0
2022,11383,"Martin, Sam",PN,0010,Shawn Blake,1.0,2,6,0.0,0.0,0,0,,1
2022,11644,"Carr, Derek",QB,0002,AJ Balderelli,1.0,1,12,,25.17,0,0,,0
2022,11644,"Carr, Derek",QB,0010,Shawn Blake,6.0,2,12,23.88,25.05,1,0,,0
2022,11644,"Carr, Derek",QB,0001,Ryan Bousquet,17.0,3,13,23.1,24.15,1,0,,0
2022,11644,"Carr, Derek",QB,0001,Ryan Bousquet,30.0,4,13,23.92,24.07,1,0,,0
2022,11644,"Carr, Derek",QB,0001,Ryan Bousquet,31.0,5,13,23.93,24.0,0,1,0002,0
2022,11644,"Carr, Derek",QB,0002,AJ Balderelli,35.0,6,13,23.75,23.75,1,0,,0
2022,11644,"Carr, Derek",QB,0011,Eric Mannila,36.0,7,13,0.39,0.14,1,0,,0
2022,11644,"Carr, Derek",QB,0011,Eric Mannila,37.0,8,13,23.99,0.14,1,0,,0
2022,11644,"Carr, Derek",QB,0011,Eric Mannila,38.0,9,13,23.98,0.12,1,0,,0
2022,11644,"Carr, Derek",QB,0001,Ryan Bousquet,38.0,10,13,23.88,0.0,0,0,,1
2022,11671,"Evans, Mike",WR,0003,Matt Gerardi,1.0,1,12,,91.48,0,0,,0
2022,11671,"Evans, Mike",WR,0002,AJ Balderelli,4.0,2,12,23.54,91.02,1,0,,0
2022,11671,"Evans, Mike",WR,0002,AJ Balderelli,6.0,3,12,23.95,90.98,0,1,0003,0
2022,11671,"Evans, Mike",WR,0001,Ryan Bousquet,9.0,4,13,23.71,90.69,0,1,0002,0
2022,11671,"Evans, Mike",WR,0011,Eric Mannila,20.0,5,13,23.96,90.65,1,0,,0
2022,11671,"Evans, Mike",WR,0005,Rico Balderelli,25.0,6,12,1.19,67.84,1,0,,0
2022,11671,"Evans, Mike",WR,0005,Rico Balderelli,30.0,7,12,23.97,67.81,1,0,,0
2022,11671,"Evans, Mike",WR,0010,Shawn Blake,32.0,8,12,23.91,67.72,0,1,0001,0
2022,11671,"Evans, Mike",WR,0001,Ryan Bousquet,33.0,9,10,1.8,45.52,1,0,,0
2022,11671,"Evans, Mike",WR,0001,Ryan Bousquet,36.0,10,10,23.8,45.32,0,1,0010,0
2022,11671,"Evans, Mike",WR,0010,Shawn Blake,38.0,11,7,2.77,24.09,0,1,0001,0
2022,11671,"Evans, Mike",WR,0010,Shawn Blake,38.0,12,7,0.0,0.0,0,0,,1
2022,11678,"Robinson, Allen",WR,0001,Ryan Bousquet,1.0,1,13,,42.84,0,0,,0
2022,11678,"Robinson, Allen",WR,0002,AJ Balderelli,2.0,2,13,23.99,42.83,0,1,0001,0
2022,11678,"Robinson, Allen",WR,0001,Ryan Bousquet,5.0,3,14,23.49,42.32,0,1,0002,0
2022,11678,"Robinson, Allen",WR,0002,AJ Balderelli,8.0,4,14,23.99,42.31,1,0,,0
2022,11678,"Robinson, Allen",WR,0002,AJ Balderelli,9.0,5,20,17.85,36.16,1,0,,0
2022,11678,"Robinson, Allen",WR,0004,Brian Cutting,10.0,6,6,13.41,25.57,1,0,,0
2022,11678,"Robinson, Allen",WR,0006,Steve Bousquet,12.0,7,7,23.63,25.2,1,0,,0
2022,11678,"Robinson, Allen",WR,0009,Bear Dunn,15.0,8,8,22.89,24.09,1,0,,0
2022,11678,"Robinson, Allen",WR,0009,Bear Dunn,16.0,9,8,23.97,24.05,0,1,0001,0
2022,11678,"Robinson, Allen",WR,0011,Eric Mannila,18.0,10,13,18.63,18.68,1,0,,0
2022,11678,"Robinson, Allen",WR,0011,Eric Mannila,20.0,11,18,19.62,14.3,1,0,,0
2022,11678,"Robinson, Allen",WR,0011,Eric Mannila,21.0,12,5,12.8,3.09,1,0,,0
2022,11678,"Robinson, Allen",WR,0009,Bear Dunn,21.0,13,8,20.91,0.0,0,0,,1
2022,11679,"Beckham, Odell",WR,0002,AJ Balderelli,1.0,1,8,,24.0,0,0,,0
2022,11679,"Beckham, Odell",WR,0004,Brian Cutting,2.0,2,11,20.72,20.72,1,0,,0
2022,11679,"Beckham, Odell",WR,0001,Ryan Bousquet,3.0,3,14,20.56,17.28,1,0,,0
2022,11679,"Beckham, Odell",WR,0008,Keith Creelman,5.0,4,5,8.92,2.2,1,0,,0
2022,11679,"Beckham, Odell",WR,0002,AJ Balderelli,5.0,5,8,21.8,0.0,0,0,,1
2022,11680,"Landry, Jarvis",WR,0002,AJ Balderelli,1.0,1,0,,24.03,0,0,,0
2022,11680,"Landry, Jarvis",WR,0008,Keith Creelman,3.0,2,15,9.35,9.38,1,0,,0
2022,11680,"Landry, Jarvis",WR,0008,Keith Creelman,4.0,3,15,23.63,9.01,1,0,,0
2022,11680,"Landry, Jarvis",WR,0002,AJ Balderelli,4.0,4,0,14.99,0.0,0,0,,1
2022,11706,"Clowney, Jadeveon",DE,0009,Bear Dunn,1.0,1,6,,24.01,0,0,,0
2022,11706,"Clowney, Jadeveon",DE,0009,Bear Dunn,1.0,2,6,0.0,0.0,0,0,,1
2022,11721,"Mack, Khalil",LB,0002,AJ Balderelli,1.0,1,0,,25.39,0,0,,0
2022,11721,"Mack, Khalil",LB,0002,AJ Balderelli,1.0,2,1,0.0,0.0,0,0,,1
2022,11728,"Mosley, C.J.",LB,0003,Matt Gerardi,1.0,1,8,,24.19,0,0,,0
2022,11728,"Mosley, C.J.",LB,0009,Bear Dunn,2.0,2,20,11.53,11.72,1,0,,0
2022,11728,"Mosley, C.J.",LB,0003,Matt Gerardi,2.0,3,8,12.28,0.0,0,0,,1
2022,11757,"Donald, Aaron",DT,0001,Ryan Bousquet,1.0,1,13,,41.67,0,0,,0
2022,11757,"Donald, Aaron",DT,0002,AJ Balderelli,2.0,2,14,23.31,40.99,0,1,0001,0
2022,11757,"Donald, Aaron",DT,0004,Brian Cutting,3.0,3,21,16.66,33.65,1,0,,0
2022,11757,"Donald, Aaron",DT,0004,Brian Cutting,4.0,4,21,23.93,33.58,0,1,0002,0
2022,11757,"Donald, Aaron",DT,0001,Ryan Bousquet,6.0,5,23,22.61,32.19,0,1,0004,0
2022,11757,"Donald, Aaron",DT,0004,Brian Cutting,7.0,6,7,15.96,24.15,1,0,,0
2022,11757,"Donald, Aaron",DT,0004,Brian Cutting,8.0,7,7,23.95,24.1,0,1,0001,0
2022,11757,"Donald, Aaron",DT,0004,Brian Cutting,8.0,8,7,0.0,0.0,0,0,,1
2022,11760,"Garoppolo, Jimmy",QB,0008,Keith Creelman,1.0,1,0,,24.04,0,0,,0
2022,11760,"Garoppolo, Jimmy",QB,0001,Ryan Bousquet,4.0,2,8,15.7,15.74,1,0,,0
2022,11760,"Garoppolo, Jimmy",QB,0012,Chris Klingenberg,5.0,3,23,8.46,0.2,1,0,,0
2022,11760,"Garoppolo, Jimmy",QB,0008,Keith Creelman,5.0,4,0,23.8,0.0,0,0,,1
2022,11761,"McKinnon, Jerick",RB,0008,Keith Creelman,1.0,1,5,,24.1,0,0,,0
2022,11761,"McKinnon, Jerick",RB,0008,Keith Creelman,1.0,2,5,0.0,0.0,0,0,,1
2022,11886,"Williams, Damien",RB,0001,Ryan Bousquet,1.0,1,23,,24.02,0,0,,0
2022,11886,"Williams, Damien",RB,0003,Matt Gerardi,2.0,2,21,1.49,1.51,1,0,,0
2022,11886,"Williams, Damien",RB,0001,Ryan Bousquet,2.0,3,23,22.49,0.0,0,0,,1
2022,11947,"McManus, Brandon",PK,0006,Steve Bousquet,1.0,1,10,,24.02,0,0,,0
2022,11947,"McManus, Brandon",PK,0006,Steve Bousquet,1.0,2,10,0.0,0.0,0,0,,1
2022,12110,"Brate, Cameron",TE,0012,Chris Klingenberg,1.0,1,9,,27.36,0,0,,0
2022,12110,"Brate, Cameron",TE,0001,Ryan Bousquet,2.0,2,12,20.89,24.25,0,1,0012,0
2022,12110,"Brate, Cameron",TE,0001,Ryan Bousquet,2.0,3,12,0.0,0.0,0,0,,1
2022,12140,"Winston, Jameis",QB,0008,Keith Creelman,1.0,1,13,,24.24,0,0,,0
2022,12140,"Winston, Jameis",QB,0002,AJ Balderelli,5.0,2,13,23.76,24.0,0,1,0008,0
2022,12140,"Winston, Jameis",QB,0012,Chris Klingenberg,7.0,3,1,12.5,12.5,1,0,,0
2022,12140,"Winston, Jameis",QB,0010,Shawn Blake,10.0,4,11,13.46,1.96,1,0,,0
2022,12140,"Winston, Jameis",QB,0010,Shawn Blake,12.0,5,12,23.49,1.45,1,0,,0
2022,12140,"Winston, Jameis",QB,0002,AJ Balderelli,12.0,6,13,22.55,0.0,0,0,,1
2022,12141,"Mariota, Marcus",QB,0003,Matt Gerardi,1.0,1,0,,35.41,0,0,,0
2022,12141,"Mariota, Marcus",QB,0008,Keith Creelman,4.0,2,4,20.59,31.99,0,1,0003,0
2022,12141,"Mariota, Marcus",QB,0010,Shawn Blake,5.0,3,8,19.68,27.67,0,1,0008,0
2022,12141,"Mariota, Marcus",QB,0009,Bear Dunn,7.0,4,10,21.95,25.63,0,1,0010,0
2022,12141,"Mariota, Marcus",QB,0004,Brian Cutting,9.0,5,11,23.02,24.65,1,0,,0
2022,12141,"Mariota, Marcus",QB,0012,Chris Klingenberg,10.0,6,11,23.79,24.43,0,1,0009,0
2022,12141,"Mariota, Marcus",QB,0004,Brian Cutting,12.0,7,11,23.74,24.17,1,0,,0
2022,12141,"Mariota, Marcus",QB,0004,Brian Cutting,13.0,8,12,23.86,24.03,0,1,0012,0
2022,12141,"Mariota, Marcus",QB,0009,Bear Dunn,15.0,9,11,0.78,0.81,1,0,,0
2022,12141,"Mariota, Marcus",QB,0004,Brian Cutting,15.0,10,12,23.19,0.0,0,0,,1
2022,12164,"Davis, Mike",RB,0012,Chris Klingenberg,1.0,1,9,,24.01,0,0,,0
2022,12164,"Davis, Mike",RB,0012,Chris Klingenberg,1.0,2,9,0.0,0.0,0,0,,1
2022,12176,"Parker, DeVante",WR,0010,Shawn Blake,1.0,1,12,,37.56,0,0,,0
2022,12176,"Parker, DeVante",WR,0002,AJ Balderelli,2.0,2,12,23.86,37.42,0,1,0010,0
2022,12176,"Parker, DeVante",WR,0008,Keith Creelman,4.0,3,12,23.33,36.75,0,1,0002,0
2022,12176,"Parker, DeVante",WR,0012,Chris Klingenberg,5.0,4,1,11.72,24.47,0,1,0008,0
2022,12176,"Parker, DeVante",WR,0012,Chris Klingenberg,5.0,5,1,0.0,0.0,0,0,,1
2022,12184,"Crowder, Jamison",WR,0006,Steve Bousquet,1.0,1,0,,24.01,0,0,,0
2022,12184,"Crowder, Jamison",WR,0002,AJ Balderelli,2.0,2,5,19.12,19.12,1,0,,0
2022,12184,"Crowder, Jamison",WR,0008,Keith Creelman,3.0,3,18,11.11,6.23,1,0,,0
2022,12184,"Crowder, Jamison",WR,0006,Steve Bousquet,3.0,4,0,17.77,0.0,0,0,,1
2022,12215,"Gregory, Randy",LB,0011,Eric Mannila,1.0,1,5,,24.8,0,0,,0
2022,12215,"Gregory, Randy",LB,0011,Eric Mannila,1.0,2,6,0.0,0.0,0,0,,1
2022,12221,"Hunter, Danielle",LB,0006,Steve Bousquet,1.0,1,0,,25.16,0,0,,0
2022,12221,"Hunter, Danielle",LB,0006,Steve Bousquet,1.0,2,1,0.0,0.0,0,0,,1
2022,12225,"Williams, Leonard",DE,0008,Keith Creelman,1.0,1,5,,24.14,0,0,,0
2022,12225,"Williams, Leonard",DE,0008,Keith Creelman,1.0,2,5,0.0,0.0,0,0,,1
2022,12238,"Perryman, Denzel",LB,0003,Matt Gerardi,1.0,1,9,,24.26,0,0,,0
2022,12238,"Perryman, Denzel",LB,0006,Steve Bousquet,3.0,2,9,23.96,24.22,0,1,0003,0
2022,12238,"Perryman, Denzel",LB,0006,Steve Bousquet,3.0,3,9,0.0,0.0,0,0,,1
2022,12239,"Kendricks, Eric",LB,0005,Rico Balderelli,1.0,1,2,,24.28,0,0,,0
2022,12239,"Kendricks, Eric",LB,0006,Steve Bousquet,2.0,2,9,17.24,17.52,1,0,,0
2022,12239,"Kendricks, Eric",LB,0005,Rico Balderelli,2.0,3,2,6.48,0.0,0,0,,1
2022,12323,"Pinion, Bradley",PN,0012,Chris Klingenberg,1.0,1,10,,24.01,0,0,,0
2022,12323,"Pinion, Bradley",PN,0012,Chris Klingenberg,1.0,2,10,0.0,0.0,0,0,,1
2022,12349,"Diggs, Quandre",S,0010,Shawn Blake,1.0,1,6,,24.31,0,0,,0
2022,12349,"Diggs, Quandre",S,0010,Shawn Blake,1.0,2,6,0.0,0.0,0,0,,1
2022,12447,"Mostert, Raheem",RB,0011,Eric Mannila,1.0,1,1,,49.99,0,0,,0
2022,12447,"Mostert, Raheem",RB,0010,Shawn Blake,2.0,2,6,18.78,44.77,0,1,0011,0
2022,12447,"Mostert, Raheem",RB,0002,AJ Balderelli,3.0,3,7,23.44,44.21,1,0,,0
2022,12447,"Mostert, Raheem",RB,0002,AJ Balderelli,4.0,4,7,23.6,43.81,0,1,0010,0
2022,12447,"Mostert, Raheem",RB,0011,Eric Mannila,5.0,5,18,13.58,33.39,0,1,0002,0
2022,12447,"Mostert, Raheem",RB,0012,Chris Klingenberg,6.0,6,21,20.59,29.98,0,1,0011,0
2022,12447,"Mostert, Raheem",RB,0005,Rico Balderelli,8.0,7,3,18.16,24.14,0,1,0012,0
2022,12447,"Mostert, Raheem",RB,0008,Keith Creelman,9.0,8,4,23.22,23.37,1,0,,0
2022,12447,"Mostert, Raheem",RB,0008,Keith Creelman,11.0,9,0,3.84,3.2,1,0,,0
2022,12447,"Mostert, Raheem",RB,0005,Rico Balderelli,11.0,10,3,20.8,0.0,0,0,,1
2022,12476,"Heinicke, Taylor",QB,0009,Bear Dunn,1.0,1,20,,24.08,0,0,,0
2022,12476,"Heinicke, Taylor",QB,0009,Bear Dunn,1.0,2,20,0.0,0.0,0,0,,1
2022,12610,"Wentz, Carson",QB,0012,Chris Klingenberg,1.0,1,14,,51.88,0,0,,0
2022,12610,"Wentz, Carson",QB,0008,Keith Creelman,2.0,2,17,21.35,49.23,0,1,0012,0
2022,12610,"Wentz, Carson",QB,0010,Shawn Blake,3.0,3,20,20.53,45.77,0,1,0008,0
2022,12610,"Wentz, Carson",QB,0012,Chris Klingenberg,5.0,4,1,19.29,41.06,0,1,0010,0
2022,12610,"Wentz, Carson",QB,0011,Eric Mannila,6.0,5,14,10.33,27.39,0,1,0012,0
2022,12610,"Wentz, Carson",QB,0012,Chris Klingenberg,8.0,6,15,23.48,26.86,0,1,0011,0
2022,12610,"Wentz, Carson",QB,0011,Eric Mannila,10.0,7,17,22.31,25.18,1,0,,0
2022,12610,"Wentz, Carson",QB,0011,Eric Mannila,11.0,8,18,22.83,24.01,0,1,0012,0
2022,12610,"Wentz, Carson",QB,0012,Chris Klingenberg,15.0,9,21,20.62,20.63,1,0,,0
2022,12610,"Wentz, Carson",QB,0004,Brian Cutting,17.0,10,11,9.69,6.32,1,0,,0
2022,12610,"Wentz, Carson",QB,0011,Eric Mannila,17.0,11,18,17.68,0.0,0,0,,1
2022,12611,"Goff, Jared",QB,0011,Eric Mannila,1.0,1,1,,36.23,0,0,,0
2022,12611,"Goff, Jared",QB,0002,AJ Balderelli,2.0,2,7,18.21,30.44,1,0,,0
2022,12611,"Goff, Jared",QB,0009,Bear Dunn,6.0,3,7,23.88,30.32,1,0,,0
2022,12611,"Goff, Jared",QB,0009,Bear Dunn,7.0,4,11,20.38,26.69,0,1,0011,0
2022,12611,"Goff, Jared",QB,0002,AJ Balderelli,10.0,5,13,21.33,24.03,0,1,0009,0
2022,12611,"Goff, Jared",QB,0012,Chris Klingenberg,12.0,6,21,16.18,16.21,1,0,,0
2022,12611,"Goff, Jared",QB,0008,Keith Creelman,14.0,7,4,17.55,9.76,1,0,,0
2022,12611,"Goff, Jared",QB,0008,Keith Creelman,15.0,8,12,15.32,1.09,1,0,,0
2022,12611,"Goff, Jared",QB,0002,AJ Balderelli,15.0,9,13,22.91,0.0,0,0,,1
2022,12616,"Brissett, Jacoby",QB,0001,Ryan Bousquet,1.0,1,11,,24.05,0,0,,0
2022,12616,"Brissett, Jacoby",QB,0010,Shawn Blake,2.0,2,6,5.17,5.23,1,0,,0
2022,12616,"Brissett, Jacoby",QB,0010,Shawn Blake,5.0,3,7,22.79,4.01,1,0,,0
2022,12616,"Brissett, Jacoby",QB,0010,Shawn Blake,6.0,4,7,23.98,3.99,1,0,,0
2022,12616,"Brissett, Jacoby",QB,0001,Ryan Bousquet,6.0,5,11,20.01,0.0,0,0,,1
2022,12630,"Drake, Kenyan",RB,0004,Brian Cutting,1.0,1,5,,31.96,0,0,,0
2022,12630,"Drake, Kenyan",RB,0006,Steve Bousquet,2.0,2,9,20.24,28.2,1,0,,0
2022,12630,"Drake, Kenyan",RB,0009,Bear Dunn,3.0,3,11,22.26,26.46,0,1,0004,0
2022,12630,"Drake, Kenyan",RB,0004,Brian Cutting,5.0,4,13,21.57,24.04,0,1,0009,0
2022,12630,"Drake, Kenyan",RB,0004,Brian Cutting,5.0,5,13,0.0,0.0,0,0,,1
2022,12676,"Henry, Hunter",TE,0011,Eric Mannila,1.0,1,12,,68.15,0,0,,0
2022,12676,"Henry, Hunter",TE,0006,Steve Bousquet,5.0,2,12,23.85,68.0,1,0,,0
2022,12676,"Henry, Hunter",TE,0006,Steve Bousquet,6.0,3,10,2.35,46.35,0,1,0011,0
2022,12676,"Henry, Hunter",TE,0011,Eric Mannila,7.0,4,8,1.84,24.19,1,0,,0
2022,12676,"Henry, Hunter",TE,0011,Eric Mannila,8.0,5,8,23.99,24.18,0,1,0006,0
2022,12676,"Henry, Hunter",TE,0011,Eric Mannila,8.0,6,8,0.0,0.0,0,0,,1
2022,12677,"Hooper, Austin",TE,0012,Chris Klingenberg,1.0,1,11,,46.99,0,0,,0
2022,12677,"Hooper, Austin",TE,0006,Steve Bousquet,2.0,2,10,1.44,24.43,0,1,0012,0
2022,12677,"Hooper, Austin",TE,0012,Chris Klingenberg,3.0,3,10,23.61,24.04,0,1,0006,0
2022,12677,"Hooper, Austin",TE,0011,Eric Mannila,4.0,4,8,2.2,2.24,1,0,,0
2022,12677,"Hooper, Austin",TE,0011,Eric Mannila,5.0,5,8,23.99,2.23,1,0,,0
2022,12677,"Hooper, Austin",TE,0012,Chris Klingenberg,5.0,6,10,21.77,0.0,0,0,,1
2022,12686,"Bosa, Joey",LB,0011,Eric Mannila,1.0,1,5,,24.7,0,0,,0
2022,12686,"Bosa, Joey",LB,0011,Eric Mannila,1.0,2,6,0.0,0.0,0,0,,1
2022,12688,"Buckner, DeForest",DT,0011,Eric Mannila,1.0,1,7,,24.14,0,0,,0
2022,12688,"Buckner, DeForest",DT,0011,Eric Mannila,1.0,2,7,0.0,0.0,0,0,,1
2022,12691,"Ogbah, Emmanuel",DE,0009,Bear Dunn,1.0,1,7,,24.04,0,0,,0
2022,12691,"Ogbah, Emmanuel",DE,0009,Bear Dunn,1.0,2,7,0.0,0.0,0,0,,1
2022,12718,"Bell, Vonn",S,0004,Brian Cutting,1.0,1,5,,28.48,0,0,,0
2022,12718,"Bell, Vonn",S,0006,Steve Bousquet,2.0,2,9,20.24,24.72,1,0,,0
2022,12718,"Bell, Vonn",S,0006,Steve Bousquet,3.0,3,10,23.33,24.05,0,1,0004,0
2022,12718,"Bell, Vonn",S,0006,Steve Bousquet,3.0,4,10,0.0,0.0,0,0,,1
2022,12720,"Kearse, Jayron",S,0009,Bear Dunn,1.0,1,6,,39.18,0,0,,0
2022,12720,"Kearse, Jayron",S,0010,Shawn Blake,2.0,2,7,23.7,38.88,1,0,,0
2022,12720,"Kearse, Jayron",S,0010,Shawn Blake,3.0,3,22,9.14,24.01,0,1,0009,0
2022,12720,"Kearse, Jayron",S,0010,Shawn Blake,3.0,4,22,0.0,0.0,0,0,,1
2022,12752,"Byard, Kevin",S,0001,Ryan Bousquet,1.0,1,9,,24.08,0,0,,0
2022,12752,"Byard, Kevin",S,0011,Eric Mannila,2.0,2,18,15.72,15.8,1,0,,0
2022,12752,"Byard, Kevin",S,0002,AJ Balderelli,3.0,3,8,10.14,1.94,1,0,,0
2022,12752,"Byard, Kevin",S,0001,Ryan Bousquet,3.0,4,10,22.06,0.0,0,0,,1
2022,12772,"Murray, Eric",S,0004,Brian Cutting,1.0,1,6,,24.2,0,0,,0
2022,12772,"Murray, Eric",S,0004,Brian Cutting,1.0,2,6,0.0,0.0,0,0,,1
2022,12779,"Campbell, De'Vondre",LB,0004,Brian Cutting,1.0,1,6,,24.01,0,0,,0
2022,12779,"Campbell, De'Vondre",LB,0005,Rico Balderelli,4.0,2,8,21.48,21.49,1,0,,0
2022,12779,"Campbell, De'Vondre",LB,0004,Brian Cutting,4.0,3,6,2.51,0.0,0,0,,1
2022,12788,"Martinez, Blake",LB,0010,Shawn Blake,1.0,1,6,,24.07,0,0,,0
2022,12788,"Martinez, Blake",LB,0001,Ryan Bousquet,2.0,2,12,17.93,18.0,1,0,,0
2022,12788,"Martinez, Blake",LB,0010,Shawn Blake,2.0,3,6,6.0,0.0,0,0,,1
2022,12795,"Judon, Matt",LB,0011,Eric Mannila,1.0,1,19,,24.0,0,0,,0
2022,12795,"Judon, Matt",LB,0011,Eric Mannila,1.0,2,19,0.0,0.0,0,0,,1
2022,12828,"Grugier-Hill, Kamu",LB,0004,Brian Cutting,1.0,1,6,,24.0,0,0,,0
2022,12828,"Grugier-Hill, Kamu",LB,0004,Brian Cutting,1.0,2,6,0.0,0.0,0,0,,1
2022,12930,"Anderson, Robbie",WR,0002,AJ Balderelli,1.0,1,0,,24.0,0,0,,0
2022,12930,"Anderson, Robbie",WR,0012,Chris Klingenberg,3.0,2,23,1.1,1.11,1,0,,0
2022,12930,"Anderson, Robbie",WR,0002,AJ Balderelli,3.0,3,0,22.89,0.0,0,0,,1
2022,13108,"McKissic, J.D.",RB,0006,Steve Bousquet,1.0,1,7,,24.09,0,0,,0
2022,13108,"McKissic, J.D.",RB,0002,AJ Balderelli,2.0,2,7,23.82,23.91,1,0,,0
2022,13108,"McKissic, J.D.",RB,0002,AJ Balderelli,3.0,3,7,23.6,23.51,1,0,,0
2022,13108,"McKissic, J.D.",RB,0009,Bear Dunn,4.0,4,23,8.42,7.93,1,0,,0
2022,13108,"McKissic, J.D.",RB,0006,Steve Bousquet,4.0,5,7,16.07,0.0,0,0,,1
2022,13115,"Trubisky, Mitchell",QB,0008,Keith Creelman,1.0,1,0,,59.66,0,0,,0
2022,13115,"Trubisky, Mitchell",QB,0009,Bear Dunn,3.0,2,6,17.42,53.08,1,0,,0
2022,13115,"Trubisky, Mitchell",QB,0001,Ryan Bousquet,5.0,3,7,22.96,52.04,0,1,0008,0
2022,13115,"Trubisky, Mitchell",QB,0009,Bear Dunn,7.0,4,10,21.47,49.51,1,0,,0
2022,13115,"Trubisky, Mitchell",QB,0009,Bear Dunn,9.0,5,10,23.71,49.23,1,0,,0
2022,13115,"Trubisky, Mitchell",QB,0012,Chris Klingenberg,12.0,6,11,22.77,48.0,0,1,0001,0
2022,13115,"Trubisky, Mitchell",QB,0005,Rico Balderelli,13.0,7,3,8.04,32.04,0,1,0012,0
2022,13115,"Trubisky, Mitchell",QB,0009,Bear Dunn,15.0,8,11,16.36,24.4,1,0,,0
2022,13115,"Trubisky, Mitchell",QB,0009,Bear Dunn,17.0,9,11,23.64,24.04,0,1,0005,0
2022,13115,"Trubisky, Mitchell",QB,0009,Bear Dunn,17.0,10,11,0.0,0.0,0,0,,1
2022,13129,"Fournette, Leonard",RB,0009,Bear Dunn,1.0,1,12,,65.81,0,0,,0
2022,13129,"Fournette, Leonard",RB,0005,Rico Balderelli,21.0,2,12,23.95,65.76,0,1,0009,0
2022,13129,"Fournette, Leonard",RB,0008,Keith Creelman,26.0,3,13,23.41,65.17,0,1,0005,0
2022,13129,"Fournette, Leonard",RB,0005,Rico Balderelli,28.0,4,13,23.96,65.13,1,0,,0
2022,13129,"Fournette, Leonard",RB,0009,Bear Dunn,31.0,5,16,20.62,61.75,0,1,0008,0
2022,13129,"Fournette, Leonard",RB,0004,Brian Cutting,32.0,6,21,19.11,56.86,1,0,,0
2022,13129,"Fournette, Leonard",RB,0005,Rico Balderelli,35.0,7,12,9.44,42.3,0,1,0009,0
2022,13129,"Fournette, Leonard",RB,0009,Bear Dunn,38.0,8,22,14.14,32.44,1,0,,0
2022,13129,"Fournette, Leonard",RB,0009,Bear Dunn,39.0,9,6,15.57,24.01,0,1,0005,0
2022,13129,"Fournette, Leonard",RB,0009,Bear Dunn,39.0,10,6,0.0,0.0,0,0,,1
2022,13134,"Foreman, D'Onta",RB,0006,Steve Bousquet,1.0,1,10,,37.9,0,0,,0
2022,13134,"Foreman, D'Onta",RB,0002,AJ Balderelli,2.0,2,11,22.68,36.58,1,0,,0
2022,13134,"Foreman, D'Onta",RB,0001,Ryan Bousquet,4.0,3,0,11.47,24.05,0,1,0006,0
2022,13134,"Foreman, D'Onta",RB,0001,Ryan Bousquet,4.0,4,0,0.0,0.0,0,0,,1
2022,13138,"Hunt, Kareem",RB,0011,Eric Mannila,1.0,1,13,,42.03,0,0,,0
2022,13138,"Hunt, Kareem",RB,0001,Ryan Bousquet,2.0,2,13,23.9,41.93,0,1,0011,0
2022,13138,"Hunt, Kareem",RB,0006,Steve Bousquet,15.0,3,13,23.85,41.79,1,0,,0
2022,13138,"Hunt, Kareem",RB,0006,Steve Bousquet,17.0,4,13,23.99,41.77,1,0,,0
2022,13138,"Hunt, Kareem",RB,0006,Steve Bousquet,18.0,5,14,23.55,41.32,0,1,0001,0
2022,13138,"Hunt, Kareem",RB,0004,Brian Cutting,19.0,6,21,16.41,33.73,1,0,,0
2022,13138,"Hunt, Kareem",RB,0004,Brian Cutting,20.0,7,21,24.0,33.72,0,1,0006,0
2022,13138,"Hunt, Kareem",RB,0006,Steve Bousquet,22.0,8,7,14.38,24.1,0,1,0004,0
2022,13138,"Hunt, Kareem",RB,0006,Steve Bousquet,22.0,9,7,0.0,0.0,0,0,,1
2022,13139,"Williams, Jamaal",RB,0006,Steve Bousquet,1.0,1,9,,53.08,0,0,,0
2022,13139,"Williams, Jamaal",RB,0004,Brian Cutting,5.0,2,9,23.92,53.0,0,1,0006,0
2022,13139,"Williams, Jamaal",RB,0003,Matt Gerardi,6.0,3,9,23.84,52.84,0,1,0004,0
2022,13139,"Williams, Jamaal",RB,0004,Brian Cutting,7.0,4,9,23.83,52.67,1,0,,0
2022,13139,"Williams, Jamaal",RB,0004,Brian Cutting,8.0,5,9,24.0,52.67,0,1,0003,0
2022,13139,"Williams, Jamaal",RB,0003,Matt Gerardi,10.0,6,8,1.6,30.27,0,1,0004,0
2022,13139,"Williams, Jamaal",RB,0004,Brian Cutting,11.0,7,8,23.72,29.99,0,1,0003,0
2022,13139,"Williams, Jamaal",RB,0003,Matt Gerardi,12.0,8,8,23.93,29.92,1,0,,0
2022,13139,"Williams, Jamaal",RB,0003,Matt Gerardi,13.0,9,12,20.45,26.37,0,1,0004,0
2022,13139,"Williams, Jamaal",RB,0004,Brian Cutting,14.0,10,14,21.7,24.08,0,1,0003,0
2022,13139,"Williams, Jamaal",RB,0004,Brian Cutting,14.0,11,14,0.0,0.0,0,0,,1
2022,13146,"Conner, James",RB,0010,Shawn Blake,1.0,1,12,,24.01,0,0,,0
2022,13146,"Conner, James",RB,0005,Rico Balderelli,8.0,2,12,23.98,23.99,1,0,,0
2022,13146,"Conner, James",RB,0005,Rico Balderelli,15.0,3,12,23.96,23.95,1,0,,0
2022,13146,"Conner, James",RB,0002,AJ Balderelli,17.0,4,12,23.28,23.23,1,0,,0
2022,13146,"Conner, James",RB,0001,Ryan Bousquet,21.0,5,13,23.65,22.88,1,0,,0
2022,13146,"Conner, James",RB,0001,Ryan Bousquet,26.0,6,13,23.96,22.84,1,0,,0
2022,13146,"Conner, James",RB,0007,Josh Martel,31.0,7,21,15.81,14.65,1,0,,0
2022,13146,"Conner, James",RB,0007,Josh Martel,36.0,8,21,23.74,14.39,1,0,,0
2022,13146,"Conner, James",RB,0005,Rico Balderelli,38.0,9,12,9.64,0.03,1,0,,0
2022,13146,"Conner, James",RB,0010,Shawn Blake,38.0,10,12,23.97,0.0,0,0,,1
2022,13153,"Davis, Corey",WR,0005,Rico Balderelli,1.0,1,7,,24.0,0,0,,0
2022,13153,"Davis, Corey",WR,0001,Ryan Bousquet,2.0,2,12,19.37,19.37,1,0,,0
2022,13153,"Davis, Corey",WR,0012,Chris Klingenberg,4.0,3,23,13.16,8.53,1,0,,0
2022,13153,"Davis, Corey",WR,0005,Rico Balderelli,4.0,4,7,15.47,0.0,0,0,,1
2022,13156,"Smith-Schuster, JuJu",WR,0012,Chris Klingenberg,1.0,1,14,,26.54,0,0,,0
2022,13156,"Smith-Schuster, JuJu",WR,0011,Eric Mannila,2.0,2,14,23.86,26.39,0,1,0012,0
2022,13156,"Smith-Schuster, JuJu",WR,0008,Keith Creelman,6.0,3,16,21.61,24.0,0,1,0011,0
2022,13156,"Smith-Schuster, JuJu",WR,0003,Matt Gerardi,12.0,4,18,22.94,22.94,1,0,,0
2022,13156,"Smith-Schuster, JuJu",WR,0011,Eric Mannila,15.0,5,13,4.21,3.15,1,0,,0
2022,13156,"Smith-Schuster, JuJu",WR,0008,Keith Creelman,15.0,6,17,20.85,0.0,0,0,,1
2022,13157,"Samuel, Curtis",WR,0002,AJ Balderelli,1.0,1,0,,25.34,0,0,,0
2022,13157,"Samuel, Curtis",WR,0002,AJ Balderelli,1.0,2,1,0.0,0.0,0,0,,1
2022,13189,"Engram, Evan",TE,0012,Chris Klingenberg,1.0,1,0,,28.5,0,0,,0
2022,13189,"Engram, Evan",TE,0010,Shawn Blake,2.0,2,4,19.74,24.24,0,1,0012,0
2022,13189,"Engram, Evan",TE,0010,Shawn Blake,2.0,3,4,0.0,0.0,0,0,,1
2022,13192,"Njoku, David",TE,0002,AJ Balderelli,1.0,1,0,,24.02,0,0,,0
2022,13192,"Njoku, David",TE,0011,Eric Mannila,2.0,2,17,7.31,7.33,1,0,,0
2022,13192,"Njoku, David",TE,0010,Shawn Blake,3.0,3,20,20.92,4.26,1,0,,0
2022,13192,"Njoku, David",TE,0002,AJ Balderelli,3.0,4,0,19.74,0.0,0,0,,1
2022,13204,"Harris, Charles",DE,0011,Eric Mannila,1.0,1,13,,24.13,0,0,,0
2022,13204,"Harris, Charles",DE,0011,Eric Mannila,1.0,2,13,0.0,0.0,0,0,,1
2022,13231,"Peppers, Jabrill",S,0011,Eric Mannila,1.0,1,8,,24.35,0,0,,0
2022,13231,"Peppers, Jabrill",S,0011,Eric Mannila,1.0,2,8,0.0,0.0,0,0,,1
2022,13236,"Everett, Gerald",TE,0008,Keith Creelman,1.0,1,0,,47.56,0,0,,0
2022,13236,"Everett, Gerald",TE,0002,AJ Balderelli,2.0,2,13,10.55,34.11,1,0,,0
2022,13236,"Everett, Gerald",TE,0006,Steve Bousquet,3.0,3,23,14.14,24.25,1,0,,0
2022,13236,"Everett, Gerald",TE,0006,Steve Bousquet,4.0,4,23,23.86,24.11,0,1,0008,0
2022,13236,"Everett, Gerald",TE,0006,Steve Bousquet,4.0,5,23,0.0,0.0,0,0,,1
2022,13246,"Alie-Cox, Mo",TE,0009,Bear Dunn,1.0,1,5,,24.43,0,0,,0
2022,13246,"Alie-Cox, Mo",TE,0009,Bear Dunn,1.0,2,6,0.0,0.0,0,0,,1
2022,13281,"Douglas, Rasul",CB,0003,Matt Gerardi,1.0,1,2,,24.09,0,0,,0
2022,13281,"Douglas, Rasul",CB,0003,Matt Gerardi,1.0,2,2,0.0,0.0,0,0,,1
2022,13284,"Hendrickson, Trey",DE,0002,AJ Balderelli,1.0,1,0,,24.02,0,0,,0
2022,13284,"Hendrickson, Trey",DE,0006,Steve Bousquet,2.0,2,10,13.73,13.74,1,0,,0
2022,13284,"Hendrickson, Trey",DE,0002,AJ Balderelli,2.0,3,0,10.26,0.0,0,0,,1
2022,13296,"Wise, Deatrich",DE,0008,Keith Creelman,1.0,1,1,,24.03,0,0,,0
2022,13296,"Wise, Deatrich",DE,0008,Keith Creelman,1.0,2,1,0.0,0.0,0,0,,1
2022,13313,"McKenzie, Isaiah",WR,0010,Shawn Blake,1.0,1,0,,24.0,0,0,,0
2022,13313,"McKenzie, Isaiah",WR,0006,Steve Bousquet,2.0,2,10,13.78,13.79,1,0,,0
2022,13313,"McKenzie, Isaiah",WR,0002,AJ Balderelli,3.0,3,20,14.16,3.95,1,0,,0
2022,13313,"McKenzie, Isaiah",WR,0010,Shawn Blake,3.0,4,0,20.05,0.0,0,0,,1
2022,13325,"Woods, Xavier",S,0009,Bear Dunn,1.0,1,6,,24.04,0,0,,0
2022,13325,"Woods, Xavier",S,0009,Bear Dunn,1.0,2,6,0.0,0.0,0,0,,1
2022,13354,"Butker, Harrison",PK,0009,Bear Dunn,1.0,1,7,,34.98,0,0,,0
2022,13354,"Butker, Harrison",PK,0001,Ryan Bousquet,2.0,2,18,13.04,24.02,0,1,0009,0
2022,13354,"Butker, Harrison",PK,0001,Ryan Bousquet,2.0,3,18,0.0,0.0,0,0,,1
2022,13378,"Breida, Matt",RB,0009,Bear Dunn,1.0,1,5,,24.06,0,0,,0
2022,13378,"Breida, Matt",RB,0009,Bear Dunn,1.0,2,5,0.0,0.0,0,0,,1
2022,13403,"Koo, Younghoe",PK,0005,Rico Balderelli,1.0,1,3,,24.55,0,0,,0
2022,13403,"Koo, Younghoe",PK,0005,Rico Balderelli,1.0,2,4,0.0,0.0,0,0,,1
2022,13404,"Ekeler, Austin",RB,0004,Brian Cutting,1.0,1,12,,28.52,0,0,,0
2022,13404,"Ekeler, Austin",RB,0010,Shawn Blake,31.0,2,12,23.98,28.5,0,1,0004,0
2022,13404,"Ekeler, Austin",RB,0004,Brian Cutting,41.0,3,12,23.98,28.48,0,1,0010,0
2022,13404,"Ekeler, Austin",RB,0010,Shawn Blake,46.0,4,12,23.97,28.46,0,1,0004,0
2022,13404,"Ekeler, Austin",RB,0004,Brian Cutting,50.0,5,12,23.91,28.37,0,1,0010,0
2022,13404,"Ekeler, Austin",RB,0009,Bear Dunn,52.0,6,16,19.64,24.01,0,1,0004,0
2022,13404,"Ekeler, Austin",RB,0011,Eric Mannila,55.0,7,14,2.25,2.27,1,0,,0
2022,13404,"Ekeler, Austin",RB,0011,Eric Mannila,56.0,8,14,23.64,1.91,1,0,,0
2022,13404,"Ekeler, Austin",RB,0011,Eric Mannila,57.0,9,14,23.99,1.89,1,0,,0
2022,13404,"Ekeler, Austin",RB,0009,Bear Dunn,57.0,10,16,22.11,0.0,0,0,,1
2022,13418,"Bourne, Kendrick",WR,0011,Eric Mannila,1.0,1,12,,24.03,0,0,,0
2022,13418,"Bourne, Kendrick",WR,0001,Ryan Bousquet,2.0,2,14,21.59,21.62,1,0,,0
2022,13418,"Bourne, Kendrick",WR,0004,Brian Cutting,3.0,3,17,21.76,19.38,1,0,,0
2022,13418,"Bourne, Kendrick",WR,0004,Brian Cutting,5.0,4,17,23.99,19.38,1,0,,0
2022,13418,"Bourne, Kendrick",WR,0002,AJ Balderelli,6.0,5,12,5.09,0.47,1,0,,0
2022,13418,"Bourne, Kendrick",WR,0011,Eric Mannila,6.0,6,12,23.54,0.0,0,0,,1
2022,13424,"Hill, Taysom",TE,0002,AJ Balderelli,1.0,1,1,,24.21,0,0,,0
2022,13424,"Hill, Taysom",TE,0002,AJ Balderelli,1.0,2,1,0.0,0.0,0,0,,1
2022,13470,"Moore, Kenny",CB,0012,Chris Klingenberg,1.0,1,0,,24.03,0,0,,0
2022,13470,"Moore, Kenny",CB,0012,Chris Klingenberg,1.0,2,0,0.0,0.0,0,0,,1
2022,13590,"Mayfield, Baker",QB,0010,Shawn Blake,1.0,1,5,,29.29,0,0,,0
2022,13590,"Mayfield, Baker",QB,0009,Bear Dunn,5.0,2,6,23.42,28.71,0,1,0010,0
2022,13590,"Mayfield, Baker",QB,0004,Brian Cutting,6.0,3,6,23.71,28.42,1,0,,0
2022,13590,"Mayfield, Baker",QB,0004,Brian Cutting,7.0,4,6,23.99,28.42,1,0,,0
2022,13590,"Mayfield, Baker",QB,0004,Brian Cutting,8.0,5,6,23.99,28.4,0,1,0009,0
2022,13590,"Mayfield, Baker",QB,0009,Bear Dunn,10.0,6,10,20.52,24.92,0,1,0004,0
2022,13590,"Mayfield, Baker",QB,0004,Brian Cutting,11.0,7,10,23.82,24.74,1,0,,0
2022,13590,"Mayfield, Baker",QB,0004,Brian Cutting,12.0,8,10,23.98,24.71,0,1,0009,0
2022,13590,"Mayfield, Baker",QB,0009,Bear Dunn,14.0,9,10,23.53,24.24,0,1,0004,0
2022,13590,"Mayfield, Baker",QB,0008,Keith Creelman,15.0,10,17,17.1,17.34,1,0,,0
2022,13590,"Mayfield, Baker",QB,0009,Bear Dunn,15.0,11,11,6.66,0.0,0,0,,1
2022,13607,"Michel, Sony",RB,0011,Eric Mannila,1.0,1,4,,56.35,0,0,,0
2022,13607,"Michel, Sony",RB,0009,Bear Dunn,3.0,2,6,21.82,54.17,0,1,0011,0
2022,13607,"Michel, Sony",RB,0011,Eric Mannila,4.0,3,15,15.72,45.89,0,1,0009,0
2022,13607,"Michel, Sony",RB,0009,Bear Dunn,5.0,4,17,21.94,43.83,0,1,0011,0
2022,13607,"Michel, Sony",RB,0011,Eric Mannila,6.0,5,13,4.3,24.13,0,1,0009,0
2022,13607,"Michel, Sony",RB,0011,Eric Mannila,6.0,6,13,0.0,0.0,0,0,,1
2022,13620,"Jackson, Justin",RB,0003,Matt Gerardi,1.0,1,17,,24.41,0,0,,0
2022,13620,"Jackson, Justin",RB,0003,Matt Gerardi,1.0,2,17,0.0,0.0,0,0,,1
2022,13622,"Hines, Nyheim",RB,0007,Josh Martel,1.0,1,7,,24.08,0,0,,0
2022,13622,"Hines, Nyheim",RB,0009,Bear Dunn,4.0,2,8,22.57,22.64,1,0,,0
2022,13622,"Hines, Nyheim",RB,0006,Steve Bousquet,5.0,3,10,22.13,20.77,1,0,,0
2022,13622,"Hines, Nyheim",RB,0005,Rico Balderelli,6.0,4,10,23.91,20.69,1,0,,0
2022,13622,"Hines, Nyheim",RB,0009,Bear Dunn,7.0,5,11,23.21,19.9,1,0,,0
2022,13622,"Hines, Nyheim",RB,0005,Rico Balderelli,8.0,6,2,8.63,4.52,1,0,,0
2022,13622,"Hines, Nyheim",RB,0007,Josh Martel,8.0,7,7,19.48,0.0,0,0,,1
2022,13623,"Williams, Darrel",RB,0002,AJ Balderelli,1.0,1,0,,68.09,0,0,,0
2022,13623,"Williams, Darrel",RB,0003,Matt Gerardi,3.0,2,14,10.09,54.18,1,0,,0
2022,13623,"Williams, Darrel",RB,0009,Bear Dunn,5.0,3,20,17.7,47.89,0,1,0002,0
2022,13623,"Williams, Darrel",RB,0003,Matt Gerardi,6.0,4,20,0.13,24.02,0,1,0009,0
2022,13623,"Williams, Darrel",RB,0003,Matt Gerardi,6.0,5,20,0.0,0.0,0,0,,1
2022,13629,"Ridley, Calvin",WR,0005,Rico Balderelli,1.0,1,2,,24.09,0,0,,0
2022,13629,"Ridley, Calvin",WR,0001,Ryan Bousquet,5.0,2,8,18.13,18.22,1,0,,0
2022,13629,"Ridley, Calvin",WR,0001,Ryan Bousquet,11.0,3,9,23.15,17.37,1,0,,0
2022,13629,"Ridley, Calvin",WR,0001,Ryan Bousquet,15.0,4,23,9.73,3.09,1,0,,0
2022,13629,"Ridley, Calvin",WR,0001,Ryan Bousquet,18.0,5,23,23.82,2.91,1,0,,0
2022,13629,"Ridley, Calvin",WR,0005,Rico Balderelli,18.0,6,2,21.09,0.0,0,0,,1
2022,13632,"Lazard, Allen",WR,0011,Eric Mannila,1.0,1,13,,24.0,0,0,,0
2022,13632,"Lazard, Allen",WR,0005,Rico Balderelli,5.0,2,13,23.97,23.98,1,0,,0
2022,13632,"Lazard, Allen",WR,0002,AJ Balderelli,8.0,3,15,22.04,22.01,1,0,,0
2022,13632,"Lazard, Allen",WR,0002,AJ Balderelli,9.0,4,20,18.91,16.93,1,0,,0
2022,13632,"Lazard, Allen",WR,0002,AJ Balderelli,10.0,5,13,7.33,0.26,1,0,,0
2022,13632,"Lazard, Allen",WR,0002,AJ Balderelli,11.0,6,13,23.98,0.24,1,0,,0
2022,13632,"Lazard, Allen",WR,0002,AJ Balderelli,12.0,7,13,23.95,0.19,1,0,,0
2022,13632,"Lazard, Allen",WR,0011,Eric Mannila,12.0,8,13,23.81,0.0,0,0,,1
2022,13633,"Kirk, Christian",WR,0007,Josh Martel,1.0,1,0,,50.42,0,0,,0
2022,13633,"Kirk, Christian",WR,0002,AJ Balderelli,2.0,2,0,23.96,50.38,0,1,0007,0
2022,13633,"Kirk, Christian",WR,0012,Chris Klingenberg,3.0,3,1,23.38,49.76,0,1,0002,0
2022,13633,"Kirk, Christian",WR,0002,AJ Balderelli,4.0,4,7,17.37,43.13,1,0,,0
2022,13633,"Kirk, Christian",WR,0001,Ryan Bousquet,6.0,5,13,18.21,37.33,0,1,0012,0
2022,13633,"Kirk, Christian",WR,0003,Matt Gerardi,9.0,6,2,10.77,24.1,0,1,0001,0
2022,13633,"Kirk, Christian",WR,0003,Matt Gerardi,9.0,7,2,0.0,0.0,0,0,,1
2022,13638,"Berrios, Braxton",WR,0011,Eric Mannila,1.0,1,6,,24.01,0,0,,0
2022,13638,"Berrios, Braxton",WR,0001,Ryan Bousquet,2.0,2,12,17.85,17.86,1,0,,0
2022,13638,"Berrios, Braxton",WR,0011,Eric Mannila,2.0,3,6,6.14,0.0,0,0,,1
2022,13675,"Conklin, Tyler",TE,0001,Ryan Bousquet,1.0,1,23,,24.03,0,0,,0
2022,13675,"Conklin, Tyler",TE,0001,Ryan Bousquet,1.0,2,23,0.0,0.0,0,0,,1
2022,13680,"Hurst, Hayden",TE,0003,Matt Gerardi,1.0,1,1,,24.43,0,0,,0
2022,13680,"Hurst, Hayden",TE,0001,Ryan Bousquet,2.0,2,19,5.31,5.74,1,0,,0
2022,13680,"Hurst, Hayden",TE,0003,Matt Gerardi,2.0,3,1,18.26,0.0,0,0,,1
2022,13684,"Hubbard, Sam",DE,0009,Bear Dunn,1.0,1,12,,24.2,0,0,,0
2022,13684,"Hubbard, Sam",DE,0010,Shawn Blake,3.0,2,12,23.86,24.05,0,1,0009,0
2022,13684,"Hubbard, Sam",DE,0010,Shawn Blake,3.0,3,12,0.0,0.0,0,0,,1
2022,13688,"Davenport, Marcus",DE,0001,Ryan Bousquet,1.0,1,20,,63.21,0,0,,0
2022,13688,"Davenport, Marcus",DE,0003,Matt Gerardi,2.0,2,11,8.78,47.99,0,1,0001,0
2022,13688,"Davenport, Marcus",DE,0007,Josh Martel,3.0,3,11,0.02,24.0,0,1,0003,0
2022,13688,"Davenport, Marcus",DE,0007,Josh Martel,3.0,4,11,0.0,0.0,0,0,,1
2022,13696,"Smith, Roquan",LB,0005,Rico Balderelli,1.0,1,0,,79.27,0,0,,0
2022,13696,"Smith, Roquan",LB,0010,Shawn Blake,4.0,2,6,17.28,72.55,1,0,,0
2022,13696,"Smith, Roquan",LB,0004,Brian Cutting,5.0,3,6,23.81,72.36,1,0,,0
2022,13696,"Smith, Roquan",LB,0004,Brian Cutting,6.0,4,7,23.9,72.26,1,0,,0
2022,13696,"Smith, Roquan",LB,0004,Brian Cutting,7.0,5,10,20.94,69.2,0,1,0005,0
2022,13696,"Smith, Roquan",LB,0011,Eric Mannila,8.0,6,13,20.69,65.88,1,0,,0
2022,13696,"Smith, Roquan",LB,0011,Eric Mannila,9.0,7,5,8.02,49.9,1,0,,0
2022,13696,"Smith, Roquan",LB,0011,Eric Mannila,10.0,8,5,23.99,49.89,0,1,0004,0
2022,13696,"Smith, Roquan",LB,0004,Brian Cutting,11.0,9,10,19.41,45.29,0,1,0011,0
2022,13696,"Smith, Roquan",LB,0011,Eric Mannila,13.0,10,11,22.54,43.83,0,1,0004,0
2022,13696,"Smith, Roquan",LB,0004,Brian Cutting,14.0,11,6,4.87,24.7,0,1,0011,0
2022,13696,"Smith, Roquan",LB,0011,Eric Mannila,15.0,12,7,23.33,24.02,0,1,0004,0
2022,13696,"Smith, Roquan",LB,0011,Eric Mannila,15.0,13,7,0.0,0.0,0,0,,1
2022,13697,"Edmunds, Tremaine",LB,0011,Eric Mannila,1.0,1,5,,24.74,0,0,,0
2022,13697,"Edmunds, Tremaine",LB,0011,Eric Mannila,1.0,2,6,0.0,0.0,0,0,,1
2022,13702,"Jewell, Josey",LB,0008,Keith Creelman,1.0,1,5,,24.12,0,0,,0
2022,13702,"Jewell, Josey",LB,0008,Keith Creelman,1.0,2,5,0.0,0.0,0,0,,1
2022,13713,"Fitzpatrick, Minkah",S,0003,Matt Gerardi,1.0,1,0,,47.26,0,0,,0
2022,13713,"Fitzpatrick, Minkah",S,0009,Bear Dunn,2.0,2,6,18.1,41.35,1,0,,0
2022,13713,"Fitzpatrick, Minkah",S,0002,AJ Balderelli,3.0,3,7,23.09,40.44,1,0,,0
2022,13713,"Fitzpatrick, Minkah",S,0001,Ryan Bousquet,4.0,4,23,7.56,24.01,0,1,0003,0
2022,13713,"Fitzpatrick, Minkah",S,0001,Ryan Bousquet,4.0,5,23,0.0,0.0,0,0,,1
2022,13717,"Reid, Justin",S,0004,Brian Cutting,1.0,1,6,,24.08,0,0,,0
2022,13717,"Reid, Justin",S,0004,Brian Cutting,1.0,2,6,0.0,0.0,0,0,,1
2022,13718,"Carlson, Daniel",PK,0003,Matt Gerardi,1.0,1,0,,24.12,0,0,,0
2022,13718,"Carlson, Daniel",PK,0003,Matt Gerardi,1.0,2,1,0.0,0.0,0,0,,1
2022,13737,"Bates, Jessie",S,0005,Rico Balderelli,1.0,1,3,,24.09,0,0,,0
2022,13737,"Bates, Jessie",S,0010,Shawn Blake,2.0,2,8,19.1,19.18,1,0,,0
2022,13737,"Bates, Jessie",S,0005,Rico Balderelli,2.0,3,3,4.82,0.0,0,0,,1
2022,13747,"Walker, Tracy",S,0009,Bear Dunn,1.0,1,6,,26.18,0,0,,0
2022,13747,"Walker, Tracy",S,0010,Shawn Blake,2.0,2,6,23.76,25.93,1,0,,0
2022,13747,"Walker, Tracy",S,0005,Rico Balderelli,3.0,3,8,22.13,24.06,0,1,0009,0
2022,13747,"Walker, Tracy",S,0005,Rico Balderelli,3.0,4,8,0.0,0.0,0,0,,1
2022,13760,"Whitehead, Jordan",S,0007,Josh Martel,1.0,1,9,,25.82,0,0,,0
2022,13760,"Whitehead, Jordan",S,0007,Josh Martel,1.0,2,11,0.0,0.0,0,0,,1
2022,13762,"White, Kyzir",LB,0009,Bear Dunn,1.0,1,5,,31.92,0,0,,0
2022,13762,"White, Kyzir",LB,0003,Matt Gerardi,2.0,2,13,16.51,24.44,0,1,0009,0
2022,13762,"White, Kyzir",LB,0003,Matt Gerardi,2.0,3,13,0.0,0.0,0,0,,1
2022,13782,"Dickson, Michael",PN,0006,Steve Bousquet,1.0,1,19,,24.92,0,0,,0
2022,13782,"Dickson, Michael",PN,0007,Josh Martel,3.0,2,20,23.09,24.0,0,1,0006,0
2022,13782,"Dickson, Michael",PN,0007,Josh Martel,3.0,3,20,0.0,0.0,0,0,,1
2022,13793,"Valdes-Scantling, Marquez",WR,0011,Eric Mannila,1.0,1,13,,24.04,0,0,,0
2022,13793,"Valdes-Scantling, Marquez",WR,0002,AJ Balderelli,2.0,2,13,23.86,23.9,1,0,,0
2022,13793,"Valdes-Scantling, Marquez",WR,0002,AJ Balderelli,3.0,3,14,23.49,23.39,1,0,,0
2022,13793,"Valdes-Scantling, Marquez",WR,0002,AJ Balderelli,4.0,4,14,23.44,22.82,1,0,,0
2022,13793,"Valdes-Scantling, Marquez",WR,0006,Steve Bousquet,5.0,5,9,5.79,4.62,1,0,,0
2022,13793,"Valdes-Scantling, Marquez",WR,0011,Eric Mannila,5.0,6,13,19.38,0.0,0,0,,1
2022,13806,"Elliott, DeShon",S,0008,Keith Creelman,1.0,1,1,,24.09,0,0,,0
2022,13806,"Elliott, DeShon",S,0008,Keith Creelman,1.0,2,1,0.0,0.0,0,0,,1
2022,13809,"Gage, Russell",WR,0008,Keith Creelman,1.0,1,0,,32.29,0,0,,0
2022,13809,"Gage, Russell",WR,0001,Ryan Bousquet,5.0,2,8,15.72,24.0,0,1,0008,0
2022,13809,"Gage, Russell",WR,0006,Steve Bousquet,7.0,3,10,22.05,22.06,1,0,,0
2022,13809,"Gage, Russell",WR,0001,Ryan Bousquet,7.0,4,8,1.94,0.0,0,0,,1
2022,13810,"Joseph-Day, Sebastian",DT,0007,Josh Martel,1.0,1,6,,24.03,0,0,,0
2022,13810,"Joseph-Day, Sebastian",DT,0007,Josh Martel,1.0,2,6,0.0,0.0,0,0,,1
2022,13813,"Oluokun, Foyesade",LB,0006,Steve Bousquet,1.0,1,10,,47.5,0,0,,0
2022,13813,"Oluokun, Foyesade",LB,0009,Bear Dunn,2.0,2,10,23.9,47.4,1,0,,0
2022,13813,"Oluokun, Foyesade",LB,0001,Ryan Bousquet,3.0,3,14,19.96,43.36,1,0,,0
2022,13813,"Oluokun, Foyesade",LB,0001,Ryan Bousquet,4.0,4,0,14.59,33.95,1,0,,0
2022,13813,"Oluokun, Foyesade",LB,0004,Brian Cutting,5.0,5,10,14.13,24.09,0,1,0006,0
2022,13813,"Oluokun, Foyesade",LB,0004,Brian Cutting,5.0,6,10,0.0,0.0,0,0,,1
2022,13814,"Scott, Boston",RB,0002,AJ Balderelli,1.0,1,1,,24.12,0,0,,0
2022,13814,"Scott, Boston",RB,0008,Keith Creelman,4.0,2,17,7.51,7.62,1,0,,0
2022,13814,"Scott, Boston",RB,0002,AJ Balderelli,4.0,3,1,16.38,0.0,0,0,,1
2022,13832,"Sanders, Jason",PK,0009,Bear Dunn,1.0,1,6,,29.51,0,0,,0
2022,13832,"Sanders, Jason",PK,0002,AJ Balderelli,2.0,2,11,18.55,24.06,0,1,0009,0
2022,13832,"Sanders, Jason",PK,0002,AJ Balderelli,2.0,3,12,0.0,0.0,0,0,,1
2022,13844,"Cooke, Logan",PN,0001,Ryan Bousquet,1.0,1,11,,24.03,0,0,,0
2022,13844,"Cooke, Logan",PN,0001,Ryan Bousquet,1.0,2,11,0.0,0.0,0,0,,1
2022,13848,"Johnston, Cam",PN,0004,Brian Cutting,1.0,1,6,,24.2,0,0,,0
2022,13848,"Johnston, Cam",PN,0004,Brian Cutting,1.0,2,7,0.0,0.0,0,0,,1
2022,13863,"Pringle, Byron",WR,0009,Bear Dunn,1.0,1,20,,24.07,0,0,,0
2022,13863,"Pringle, Byron",WR,0009,Bear Dunn,1.0,2,20,0.0,0.0,0,0,,1
2022,13871,"Hilliard, Dontrell",RB,0004,Brian Cutting,1.0,1,6,,42.4,0,0,,0
2022,13871,"Hilliard, Dontrell",RB,0006,Steve Bousquet,2.0,2,0,5.61,24.01,0,1,0004,0
2022,13871,"Hilliard, Dontrell",RB,0006,Steve Bousquet,2.0,3,0,0.0,0.0,0,0,,1
2022,13898,"Joseph, Greg",PK,0010,Shawn Blake,1.0,1,0,,25.17,0,0,,0
2022,13898,"Joseph, Greg",PK,0010,Shawn Blake,1.0,2,1,0.0,0.0,0,0,,1
2022,14017,"Wilson, Jeffery",RB,0007,Josh Martel,1.0,1,21,,28.37,0,0,,0
2022,14017,"Wilson, Jeffery",RB,0002,AJ Balderelli,2.0,2,0,21.05,25.42,0,1,0007,0
2022,14017,"Wilson, Jeffery",RB,0002,AJ Balderelli,2.0,3,1,0.0,0.0,0,0,,1
2022,14057,"Lock, Drew",QB,0010,Shawn Blake,1.0,1,4,,24.27,0,0,,0
2022,14057,"Lock, Drew",QB,0003,Matt Gerardi,3.0,2,9,19.37,19.64,1,0,,0
2022,14057,"Lock, Drew",QB,0010,Shawn Blake,3.0,3,4,4.36,0.0,0,0,,1
2022,14059,"Jones, Daniel",QB,0010,Shawn Blake,1.0,1,6,,24.01,0,0,,0
2022,14059,"Jones, Daniel",QB,0004,Brian Cutting,2.0,2,6,23.81,23.82,1,0,,0
2022,14059,"Jones, Daniel",QB,0004,Brian Cutting,4.0,3,7,23.94,23.76,1,0,,0
2022,14059,"Jones, Daniel",QB,0004,Brian Cutting,5.0,4,7,23.9,23.67,1,0,,0
2022,14059,"Jones, Daniel",QB,0004,Brian Cutting,6.0,5,7,23.99,23.66,1,0,,0
2022,14059,"Jones, Daniel",QB,0008,Keith Creelman,7.0,6,7,23.17,22.83,1,0,,0
2022,14059,"Jones, Daniel",QB,0008,Keith Creelman,8.0,7,7,23.96,22.79,1,0,,0
2022,14059,"Jones, Daniel",QB,0008,Keith Creelman,9.0,8,18,13.51,12.29,1,0,,0
2022,14059,"Jones, Daniel",QB,0008,Keith Creelman,11.0,9,18,23.94,12.23,1,0,,0
2022,14059,"Jones, Daniel",QB,0008,Keith Creelman,13.0,10,22,20.33,8.56,1,0,,0
2022,14059,"Jones, Daniel",QB,0008,Keith Creelman,16.0,11,22,23.57,8.13,1,0,,0
2022,14059,"Jones, Daniel",QB,0010,Shawn Blake,16.0,12,6,15.87,0.0,0,0,,1
2022,14112,"Campbell, Parris",WR,0008,Keith Creelman,1.0,1,0,,30.51,0,0,,0
2022,14112,"Campbell, Parris",WR,0010,Shawn Blake,4.0,2,6,17.49,24.0,0,1,0008,0
2022,14112,"Campbell, Parris",WR,0010,Shawn Blake,4.0,3,6,0.0,0.0,0,0,,1
2022,14113,"Hardman, Mecole",WR,0008,Keith Creelman,1.0,1,0,,24.03,0,0,,0
2022,14113,"Hardman, Mecole",WR,0002,AJ Balderelli,2.0,2,8,15.27,15.3,1,0,,0
2022,14113,"Hardman, Mecole",WR,0003,Matt Gerardi,4.0,3,16,16.85,8.15,1,0,,0
2022,14113,"Hardman, Mecole",WR,0008,Keith Creelman,4.0,4,0,15.85,0.0,0,0,,1
2022,14141,"Smith Jr., Irv",TE,0006,Steve Bousquet,1.0,1,7,,45.89,0,0,,0
2022,14141,"Smith Jr., Irv",TE,0002,AJ Balderelli,2.0,2,7,23.85,45.74,1,0,,0
2022,14141,"Smith Jr., Irv",TE,0002,AJ Balderelli,3.0,3,7,23.6,45.34,1,0,,0
2022,14141,"Smith Jr., Irv",TE,0001,Ryan Bousquet,5.0,4,13,18.21,39.55,1,0,,0
2022,14141,"Smith Jr., Irv",TE,0008,Keith Creelman,7.0,5,4,9.58,25.12,1,0,,0
2022,14141,"Smith Jr., Irv",TE,0008,Keith Creelman,8.0,6,4,23.93,25.05,0,1,0006,0
2022,14141,"Smith Jr., Irv",TE,0008,Keith Creelman,8.0,7,5,0.0,0.0,0,0,,1
2022,14148,"Sweat, Montez",DE,0002,AJ Balderelli,1.0,1,0,,24.03,0,0,,0
2022,14148,"Sweat, Montez",DE,0002,AJ Balderelli,1.0,2,0,0.0,0.0,0,0,,1
2022,14162,"Wilkins, Christian",DE,0003,Matt Gerardi,1.0,1,9,,24.25,0,0,,0
2022,14162,"Wilkins, Christian",DE,0003,Matt Gerardi,1.0,2,9,0.0,0.0,0,0,,1
2022,14163,"Simmons, Jeffery",DT,0003,Matt Gerardi,1.0,1,8,,24.16,0,0,,0
2022,14163,"Simmons, Jeffery",DT,0003,Matt Gerardi,1.0,2,8,0.0,0.0,0,0,,1
2022,14164,"Jones, Dre'Mont",DE,0009,Bear Dunn,1.0,1,5,,24.4,0,0,,0
2022,14164,"Jones, Dre'Mont",DE,0009,Bear Dunn,1.0,2,6,0.0,0.0,0,0,,1
2022,14185,"Adderley, Nasir",S,0008,Keith Creelman,1.0,1,1,,24.08,0,0,,0
2022,14185,"Adderley, Nasir",S,0008,Keith Creelman,1.0,2,1,0.0,0.0,0,0,,1
2022,14186,"Rapp, Taylor",S,0009,Bear Dunn,1.0,1,6,,24.05,0,0,,0
2022,14186,"Rapp, Taylor",S,0009,Bear Dunn,1.0,2,6,0.0,0.0,0,0,,1
2022,14217,"Barton, Cody",LB,0010,Shawn Blake,1.0,1,5,,24.1,0,0,,0
2022,14217,"Barton, Cody",LB,0010,Shawn Blake,1.0,2,5,0.0,0.0,0,0,,1
2022,14218,"Okereke, Bobby",LB,0003,Matt Gerardi,1.0,1,0,,25.11,0,0,,0
2022,14218,"Okereke, Bobby",LB,0003,Matt Gerardi,1.0,2,1,0.0,0.0,0,0,,1
2022,14244,"Gay, Matt",PK,0007,Josh Martel,1.0,1,7,,46.93,0,0,,0
2022,14244,"Gay, Matt",PK,0006,Steve Bousquet,2.0,2,9,22.58,45.51,0,1,0007,0
2022,14244,"Gay, Matt",PK,0008,Keith Creelman,3.0,3,6,2.52,24.03,0,1,0006,0
2022,14244,"Gay, Matt",PK,0008,Keith Creelman,3.0,4,6,0.0,0.0,0,0,,1
2022,14256,"Bailey, Jake",PN,0003,Matt Gerardi,1.0,1,1,,24.22,0,0,,0
2022,14256,"Bailey, Jake",PN,0003,Matt Gerardi,1.0,2,2,0.0,0.0,0,0,,1
2022,14260,"Holcomb, Cole",LB,0007,Josh Martel,1.0,1,6,,24.07,0,0,,0
2022,14260,"Holcomb, Cole",LB,0010,Shawn Blake,2.0,2,6,23.98,24.05,1,0,,0
2022,14260,"Holcomb, Cole",LB,0007,Josh Martel,2.0,3,6,0.0,0.0,0,0,,1
2022,14315,"Dulin, Ashton",WR,0006,Steve Bousquet,1.0,1,13,,28.19,0,0,,0
2022,14315,"Dulin, Ashton",WR,0008,Keith Creelman,3.0,2,17,19.81,24.0,0,1,0006,0
2022,14315,"Dulin, Ashton",WR,0008,Keith Creelman,3.0,3,17,0.0,0.0,0,0,,1
2022,14331,"Johnson, D'Ernest",RB,0008,Keith Creelman,1.0,1,21,,34.01,0,0,,0
2022,14331,"Johnson, D'Ernest",RB,0006,Steve Bousquet,3.0,2,7,14.33,24.34,0,1,0008,0
2022,14331,"Johnson, D'Ernest",RB,0008,Keith Creelman,4.0,3,8,23.14,23.48,1,0,,0
2022,14331,"Johnson, D'Ernest",RB,0006,Steve Bousquet,4.0,4,7,0.52,0.0,0,0,,1
2022,14489,"Gillan, Jamie",PN,0005,Rico Balderelli,1.0,1,3,,24.59,0,0,,0
2022,14489,"Gillan, Jamie",PN,0005,Rico Balderelli,1.0,2,4,0.0,0.0,0,0,,1
2022,14518,"Thompson, Jalen",S,0002,AJ Balderelli,1.0,1,8,,24.03,0,0,,0
2022,14518,"Thompson, Jalen",S,0009,Bear Dunn,2.0,2,20,11.92,11.95,1,0,,0
2022,14518,"Thompson, Jalen",S,0002,AJ Balderelli,2.0,3,8,12.05,0.0,0,0,,1
2022,14630,"Cole, A.J.",PN,0006,Steve Bousquet,1.0,1,0,,24.0,0,0,,0
2022,14630,"Cole, A.J.",PN,0006,Steve Bousquet,1.0,2,0,0.0,0.0,0,0,,1
2022,14778,"Tagovailoa, Tua",QB,0005,Rico Balderelli,1.0,1,12,,24.0,0,0,,0
2022,14778,"Tagovailoa, Tua",QB,0010,Shawn Blake,7.0,2,12,23.97,23.97,1,0,,0
2022,14778,"Tagovailoa, Tua",QB,0010,Shawn Blake,10.0,3,13,22.9,22.87,1,0,,0
2022,14778,"Tagovailoa, Tua",QB,0011,Eric Mannila,12.0,4,13,23.79,22.65,1,0,,0
2022,14778,"Tagovailoa, Tua",QB,0009,Bear Dunn,16.0,5,16,20.83,19.48,1,0,,0
2022,14778,"Tagovailoa, Tua",QB,0009,Bear Dunn,21.0,6,19,20.96,16.44,1,0,,0
2022,14778,"Tagovailoa, Tua",QB,0009,Bear Dunn,25.0,7,19,23.91,16.35,1,0,,0
2022,14778,"Tagovailoa, Tua",QB,0009,Bear Dunn,29.0,8,7,12.46,4.81,1,0,,0
2022,14778,"Tagovailoa, Tua",QB,0005,Rico Balderelli,29.0,9,12,19.19,0.0,0,0,,1
2022,14782,"Love, Jordan",QB,0003,Matt Gerardi,1.0,1,0,,25.48,0,0,,0
2022,14782,"Love, Jordan",QB,0003,Matt Gerardi,1.0,2,1,0.0,0.0,0,0,,1
2022,14789,"Huntley, Tyler",QB,0008,Keith Creelman,1.0,1,0,,24.02,0,0,,0
2022,14789,"Huntley, Tyler",QB,0008,Keith Creelman,1.0,2,0,0.0,0.0,0,0,,1
2022,14882,"Greenard, Jonathan",DE,0010,Shawn Blake,1.0,1,6,,24.0,0,0,,0
2022,14882,"Greenard, Jonathan",DE,0006,Steve Bousquet,2.0,2,0,5.82,5.82,1,0,,0
2022,14882,"Greenard, Jonathan",DE,0010,Shawn Blake,2.0,3,6,18.18,0.0,0,0,,1
2022,14910,"Jones, Brandon",S,0011,Eric Mannila,1.0,1,7,,24.0,0,0,,0
2022,14910,"Jones, Brandon",S,0011,Eric Mannila,1.0,2,7,0.0,0.0,0,0,,1
2022,14912,"Blankenship, Rodrigo",PK,0007,Josh Martel,1.0,1,8,,24.04,0,0,,0
2022,14912,"Blankenship, Rodrigo",PK,0007,Josh Martel,1.0,2,8,0.0,0.0,0,0,,1
2022,14933,"Blackmon, Julian",S,0004,Brian Cutting,1.0,1,6,,25.51,0,0,,0
2022,14933,"Blackmon, Julian",S,0007,Josh Martel,2.0,2,7,22.49,24.0,0,1,0004,0
2022,14933,"Blackmon, Julian",S,0007,Josh Martel,2.0,3,7,0.0,0.0,0,0,,1
2022,14940,"Highsmith, Alex",LB,0008,Keith Creelman,1.0,1,1,,24.01,0,0,,0
2022,14940,"Highsmith, Alex",LB,0008,Keith Creelman,1.0,2,1,0.0,0.0,0,0,,1
2022,14983,"Bass, Tyler",PK,0005,Rico Balderelli,1.0,1,3,,24.1,0,0,,0
2022,14983,"Bass, Tyler",PK,0006,Steve Bousquet,2.0,2,9,18.38,18.48,1,0,,0
2022,14983,"Bass, Tyler",PK,0005,Rico Balderelli,2.0,3,3,5.52,0.0,0,0,,1
2022,15368,"McPherson, Evan",PK,0004,Brian Cutting,1.0,1,7,,24.2,0,0,,0
2022,15368,"McPherson, Evan",PK,0006,Steve Bousquet,2.0,2,7,23.74,23.93,1,0,,0
2022,15368,"McPherson, Evan",PK,0001,Ryan Bousquet,3.0,3,11,20.03,19.96,1,0,,0
2022,15368,"McPherson, Evan",PK,0004,Brian Cutting,3.0,4,7,4.04,0.0,0,0,,1
2022,15496,"Harvin, Pressley",PN,0002,AJ Balderelli,1.0,1,0,,48.0,0,0,,0
2022,15496,"Harvin, Pressley",PN,0008,Keith Creelman,2.0,2,0,0.01,24.01,0,1,0002,0
2022,15496,"Harvin, Pressley",PN,0008,Keith Creelman,2.0,3,0,0.0,0.0,0,0,,1
2022,15499,"Gillikin, Blake",PN,0006,Steve Bousquet,1.0,1,0,,48.07,0,0,,0
2022,15499,"Gillikin, Blake",PN,0008,Keith Creelman,2.0,2,0,0.02,24.09,0,1,0006,0
2022,15499,"Gillikin, Blake",PN,0008,Keith Creelman,2.0,3,0,0.0,0.0,0,0,,1
2022,15505,"Huntley, Caleb",RB,0003,Matt Gerardi,1.0,1,14,,26.54,0,0,,0
2022,15505,"Huntley, Caleb",RB,0003,Matt Gerardi,1.0,2,16,0.0,0.0,0,0,,1
2022,15723,"Chandler, Ty",RB,0007,Josh Martel,1.0,1,8,,33.96,0,0,,0
2022,15723,"Chandler, Ty",RB,0008,Keith Creelman,2.0,2,18,14.8,24.77,0,1,0007,0
2022,15723,"Chandler, Ty",RB,0008,Keith Creelman,2.0,3,18,0.0,0.0,0,0,,1
2022,15725,"Conner, Snoop",RB,0010,Shawn Blake,1.0,1,4,,24.28,0,0,,0
2022,15725,"Conner, Snoop",RB,0010,Shawn Blake,1.0,2,4,0.0,0.0,0,0,,1
2022,15728,"Smith, Abram",RB,0007,Josh Martel,1.0,1,0,,43.5,0,0,,0
2022,15728,"Smith, Abram",RB,0008,Keith Creelman,2.0,2,0,23.84,43.34,1,0,,0
2022,15728,"Smith, Abram",RB,0010,Shawn Blake,3.0,3,6,18.02,37.36,1,0,,0
2022,15728,"Smith, Abram",RB,0010,Shawn Blake,4.0,4,20,10.64,24.0,0,1,0007,0
2022,15728,"Smith, Abram",RB,0010,Shawn Blake,4.0,5,20,0.0,0.0,0,0,,1
2022,15729,"Corbin, Jashaun",RB,0008,Keith Creelman,1.0,1,4,,24.92,0,0,,0
2022,15729,"Corbin, Jashaun",RB,0008,Keith Creelman,1.0,2,5,0.0,0.0,0,0,,1
2022,15736,"Brooks, Kennedy",RB,0007,Josh Martel,1.0,1,0,,24.01,0,0,,0
2022,15736,"Brooks, Kennedy",RB,0001,Ryan Bousquet,2.0,2,14,9.22,9.23,1,0,,0
2022,15736,"Brooks, Kennedy",RB,0002,AJ Balderelli,3.0,3,21,17.72,2.95,1,0,,0
2022,15736,"Brooks, Kennedy",RB,0007,Josh Martel,3.0,4,0,21.05,0.0,0,0,,1
2022,15739,"White, ZaQuandre",RB,0007,Josh Martel,1.0,1,7,,24.0,0,0,,0
2022,15739,"White, ZaQuandre",RB,0007,Josh Martel,1.0,2,7,0.0,0.0,0,0,,1
2022,15749,"Pacheco, Isiah",RB,0010,Shawn Blake,1.0,1,6,,52.97,0,0,,0
2022,15749,"Pacheco, Isiah",RB,0006,Steve Bousquet,2.0,2,7,23.22,52.19,1,0,,0
2022,15749,"Pacheco, Isiah",RB,0007,Josh Martel,3.0,3,20,11.34,39.53,0,1,0010,0
2022,15749,"Pacheco, Isiah",RB,0003,Matt Gerardi,4.0,4,20,23.78,39.31,1,0,,0
2022,15749,"Pacheco, Isiah",RB,0012,Chris Klingenberg,5.0,5,11,8.76,24.07,0,1,0007,0
2022,15749,"Pacheco, Isiah",RB,0012,Chris Klingenberg,5.0,6,11,0.0,0.0,0,0,,1
2022,15780,"Ezukanma, Erik",WR,0011,Eric Mannila,1.0,1,17,,24.7,0,0,,0
2022,15780,"Ezukanma, Erik",WR,0011,Eric Mannila,1.0,2,17,0.0,0.0,0,0,,1
2022,15798,"Likely, Isaiah",TE,0010,Shawn Blake,1.0,1,0,,31.21,0,0,,0
2022,15798,"Likely, Isaiah",TE,0007,Josh Martel,2.0,2,7,16.79,24.0,0,1,0010,0
2022,15798,"Likely, Isaiah",TE,0007,Josh Martel,2.0,3,7,0.0,0.0,0,0,,1
2022,15807,"Ojabo, David",LB,0001,Ryan Bousquet,1.0,1,11,,24.01,0,0,,0
2022,15807,"Ojabo, David",LB,0001,Ryan Bousquet,1.0,2,11,0.0,0.0,0,0,,1
2022,15833,"Gardner, Ahmad",CB,0003,Matt Gerardi,1.0,1,10,,24.01,0,0,,0
2022,15833,"Gardner, Ahmad",CB,0002,AJ Balderelli,2.0,2,11,23.24,23.25,1,0,,0
2022,15833,"Gardner, Ahmad",CB,0003,Matt Gerardi,2.0,3,10,0.75,0.0,0,0,,1
2022,15839,"Cross, Nick",S,0010,Shawn Blake,1.0,1,7,,24.15,0,0,,0
2022,15839,"Cross, Nick",S,0010,Shawn Blake,1.0,2,7,0.0,0.0,0,0,,1
2022,15884,"Stout, Jordan",PN,0011,Eric Mannila,1.0,1,6,,24.03,0,0,,0
2022,15884,"Stout, Jordan",PN,0011,Eric Mannila,1.0,2,6,0.0,0.0,0,0,,1
2022,15901,"Philips, Kyle",WR,0006,Steve Bousquet,1.0,1,0,,25.21,0,0,,0
2022,15901,"Philips, Kyle",WR,0006,Steve Bousquet,1.0,2,1,0.0,0.0,0,0,,1
2022,15972,"Mason, Jordan",RB,0006,Steve Bousquet,1.0,1,0,,25.33,0,0,,0
2022,15972,"Mason, Jordan",RB,0003,Matt Gerardi,2.0,2,12,12.49,13.81,1,0,,0
2022,15972,"Mason, Jordan",RB,0006,Steve Bousquet,2.0,3,1,10.19,0.0,0,0,,1
2022,5848,"Brady, Tom",QB,0003,Matt Gerardi,1.0,1,12,,33.52,0,0,,0
2022,5848,"Brady, Tom",QB,0010,Shawn Blake,6.0,2,12,23.97,33.48,0,1,0003,0
2022,5848,"Brady, Tom",QB,0001,Ryan Bousquet,23.0,3,13,23.26,32.75,0,1,0010,0
2022,5848,"Brady, Tom",QB,0010,Shawn Blake,36.0,4,13,23.95,32.7,0,1,0001,0
2022,5848,"Brady, Tom",QB,0011,Eric Mannila,42.0,5,13,23.97,32.67,0,1,0010,0
2022,5848,"Brady, Tom",QB,0010,Shawn Blake,48.0,6,13,23.95,32.62,1,0,,0
2022,5848,"Brady, Tom",QB,0010,Shawn Blake,51.0,7,13,23.41,32.03,0,1,0011,0
2022,5848,"Brady, Tom",QB,0009,Bear Dunn,53.0,8,20,17.89,25.91,0,1,0010,0
2022,5848,"Brady, Tom",QB,0007,Josh Martel,57.0,9,21,22.09,24.0,0,1,0009,0
2022,5848,"Brady, Tom",QB,0007,Josh Martel,62.0,10,17,4.77,4.77,0,0,,0
2022,5848,"Brady, Tom",QB,0009,Bear Dunn,66.0,11,20,20.93,1.7,1,0,,0
2022,5848,"Brady, Tom",QB,0007,Josh Martel,66.0,12,21,22.3,0.0,0,0,,1
2022,8851,"Folk, Nick",PK,0009,Bear Dunn,1.0,1,6,,24.03,0,0,,0
2022,8851,"Folk, Nick",PK,0009,Bear Dunn,1.0,2,6,0.0,0.0,0,0,,1
2022,9099,"Ryan, Matt",QB,0005,Rico Balderelli,1.0,1,12,,24.0,0,0,,0
2022,9099,"Ryan, Matt",QB,0010,Shawn Blake,8.0,2,12,23.98,23.98,1,0,,0
2022,9099,"Ryan, Matt",QB,0010,Shawn Blake,10.0,3,12,23.79,23.77,1,0,,0
2022,9099,"Ryan, Matt",QB,0011,Eric Mannila,12.0,4,13,22.89,22.67,1,0,,0
2022,9099,"Ryan, Matt",QB,0009,Bear Dunn,17.0,5,19,17.59,16.26,1,0,,0
2022,9099,"Ryan, Matt",QB,0010,Shawn Blake,20.0,6,20,23.45,15.71,1,0,,0
2022,9099,"Ryan, Matt",QB,0010,Shawn Blake,21.0,7,20,23.98,15.69,1,0,,0
2022,9099,"Ryan, Matt",QB,0010,Shawn Blake,23.0,8,20,23.97,15.66,1,0,,0
2022,9099,"Ryan, Matt",QB,0010,Shawn Blake,25.0,9,6,13.68,5.34,1,0,,0
2022,9099,"Ryan, Matt",QB,0010,Shawn Blake,28.0,10,11,19.08,0.42,1,0,,0
2022,9099,"Ryan, Matt",QB,0005,Rico Balderelli,28.0,11,12,23.58,0.0,0,0,,1
2022,9310,"Kern, Brett",PN,0002,AJ Balderelli,1.0,1,0,,24.02,0,0,,0
2022,9310,"Kern, Brett",PN,0002,AJ Balderelli,1.0,2,0,0.0,0.0,0,0,,1
2022,9686,"Succop, Ryan",PK,0012,Chris Klingenberg,1.0,1,10,,24.02,0,0,,0
2022,9686,"Succop, Ryan",PK,0012,Chris Klingenberg,1.0,2,10,0.0,0.0,0,0,,1
2023,10266,"Heyward, Cameron",DT,0004,Brian Cutting,1.0,1,5,,24.54,0,0,,0
2023,10266,"Heyward, Cameron",DT,0004,Brian Cutting,1.0,2,6,0.0,0.0,0,0,,1
2023,10292,"Jordan, Cameron",DE,0004,Brian Cutting,1.0,1,4,,48.5,0,0,,0
2023,10292,"Jordan, Cameron",DE,0010,Shawn Blake,3.0,2,1,3.21,27.71,0,1,0004,0
2023,10292,"Jordan, Cameron",DE,0010,Shawn Blake,3.0,3,5,0.0,0.0,0,0,,1
2023,10313,"Dalton, Andy",QB,0009,Bear Dunn,1.0,1,7,,0.0,0,0,,0
2023,10697,"Tannehill, Ryan",QB,0007,Josh Martel,1.0,1,0,,39.55,0,0,,0
2023,10697,"Tannehill, Ryan",QB,0010,Shawn Blake,5.0,2,15,8.46,24.01,0,1,0007,0
2023,10697,"Tannehill, Ryan",QB,0010,Shawn Blake,5.0,3,15,0.0,0.0,0,0,,1
2023,10768,"David, Lavonte",LB,0009,Bear Dunn,1.0,1,18,,24.01,0,0,,0
2023,10768,"David, Lavonte",LB,0009,Bear Dunn,1.0,2,18,0.0,0.0,0,0,,1
2023,10775,"Wagner, Bobby",LB,0009,Bear Dunn,1.0,1,18,,46.88,0,0,,0
2023,10775,"Wagner, Bobby",LB,0001,Ryan Bousquet,2.0,2,17,1.13,24.01,0,1,0009,0
2023,10775,"Wagner, Bobby",LB,0001,Ryan Bousquet,2.0,3,17,0.0,0.0,0,0,,1
2023,10783,"Smith, Harrison",S,0004,Brian Cutting,1.0,1,5,,24.11,0,0,,0
2023,10783,"Smith, Harrison",S,0004,Brian Cutting,1.0,2,5,0.0,0.0,0,0,,1
2023,10814,"Anger, Bryan",PN,0012,Chris Klingenberg,1.0,1,9,,24.06,0,0,,0
2023,10814,"Anger, Bryan",PN,0012,Chris Klingenberg,1.0,2,9,0.0,0.0,0,0,,1
2023,10945,"Hekker, Johnny",PN,0009,Bear Dunn,1.0,1,5,,24.44,0,0,,0
2023,10945,"Hekker, Johnny",PN,0009,Bear Dunn,1.0,2,5,0.0,0.0,0,0,,1
2023,10976,"Tucker, Justin",PK,0007,Josh Martel,1.0,1,14,,24.02,0,0,,0
2023,10976,"Tucker, Justin",PK,0007,Josh Martel,2.0,2,14,23.61,23.63,0,0,,0
2023,10976,"Tucker, Justin",PK,0007,Josh Martel,2.0,3,14,0.37,0.0,0,0,,1
2023,11222,"Allen, Keenan",WR,0010,Shawn Blake,1.0,1,14,,24.74,0,0,,0
2023,11222,"Allen, Keenan",WR,0010,Shawn Blake,4.0,2,14,23.96,24.7,0,0,,0
2023,11222,"Allen, Keenan",WR,0010,Shawn Blake,6.0,3,14,23.98,24.68,0,0,,0
2023,11222,"Allen, Keenan",WR,0010,Shawn Blake,8.0,4,14,23.99,24.67,0,0,,0
2023,11222,"Allen, Keenan",WR,0010,Shawn Blake,10.0,5,14,23.98,24.65,0,0,,0
2023,11222,"Allen, Keenan",WR,0010,Shawn Blake,12.0,6,14,23.62,24.27,0,0,,0
2023,11222,"Allen, Keenan",WR,0010,Shawn Blake,15.0,7,14,23.99,24.25,0,0,,0
2023,11222,"Allen, Keenan",WR,0004,Brian Cutting,20.0,8,15,23.77,24.02,1,0,,0
2023,11222,"Allen, Keenan",WR,0004,Brian Cutting,23.0,9,15,23.98,24.0,0,1,0010,0
2023,11222,"Allen, Keenan",WR,0010,Shawn Blake,26.0,10,15,0.02,0.03,1,0,,0
2023,11222,"Allen, Keenan",WR,0010,Shawn Blake,28.0,11,15,24.0,0.02,1,0,,0
2023,11222,"Allen, Keenan",WR,0004,Brian Cutting,28.0,12,15,23.98,0.0,0,0,,1
2023,11225,"Patterson, Cordarrelle",RB,0009,Bear Dunn,1.0,1,11,,24.1,0,0,,0
2023,11225,"Patterson, Cordarrelle",RB,0009,Bear Dunn,1.0,2,11,0.0,0.0,0,0,,1
2023,11228,"Woods, Robert",WR,0002,Derrick Whitman,1.0,1,13,,27.83,0,0,,0
2023,11228,"Woods, Robert",WR,0005,Eric Martel,3.0,2,17,20.18,24.01,0,1,0002,0
2023,11228,"Woods, Robert",WR,0005,Eric Martel,3.0,3,17,0.0,0.0,0,0,,1
2023,11317,"Poyer, Jordan",S,0009,Bear Dunn,1.0,1,6,,24.1,0,0,,0
2023,11317,"Poyer, Jordan",S,0009,Bear Dunn,1.0,2,6,0.0,0.0,0,0,,1
2023,11390,"Murray, Latavius",RB,0009,Bear Dunn,1.0,1,6,,24.24,0,0,,0
2023,11390,"Murray, Latavius",RB,0009,Bear Dunn,1.0,2,6,0.0,0.0,0,0,,1
2023,11647,"Thomas, Logan",TE,0007,Josh Martel,1.0,1,15,,24.1,0,0,,0
2023,11647,"Thomas, Logan",TE,0007,Josh Martel,1.0,2,15,0.0,0.0,0,0,,1
2023,11721,"Mack, Khalil",DE,0009,Bear Dunn,1.0,1,6,,24.14,0,0,,0
2023,11721,"Mack, Khalil",DE,0009,Bear Dunn,1.0,2,7,0.0,0.0,0,0,,1
2023,11728,"Mosley, C.J.",LB,0004,Brian Cutting,1.0,1,8,,52.85,0,0,,0
2023,11728,"Mosley, C.J.",LB,0010,Shawn Blake,2.0,2,6,2.28,31.13,0,1,0004,0
2023,11728,"Mosley, C.J.",LB,0004,Brian Cutting,3.0,3,13,16.88,24.01,0,1,0010,0
2023,11728,"Mosley, C.J.",LB,0004,Brian Cutting,3.0,4,13,0.0,0.0,0,0,,1
2023,11757,"Donald, Aaron",DT,0006,Josh Lima,1.0,1,9,,53.87,0,0,,0
2023,11757,"Donald, Aaron",DT,0008,Keith Creelman,2.0,2,9,23.85,53.72,0,1,0006,0
2023,11757,"Donald, Aaron",DT,0012,Chris Klingenberg,4.0,3,22,11.56,41.28,0,1,0008,0
2023,11757,"Donald, Aaron",DT,0011,Eric Mannila,5.0,4,15,6.85,24.13,0,1,0012,0
2023,11757,"Donald, Aaron",DT,0011,Eric Mannila,5.0,5,15,0.0,0.0,0,0,,1
2023,11761,"McKinnon, Jerick",RB,0001,Ryan Bousquet,1.0,1,21,,33.71,0,0,,0
2023,11761,"McKinnon, Jerick",RB,0008,Keith Creelman,6.0,2,22,22.82,32.53,0,1,0001,0
2023,11761,"McKinnon, Jerick",RB,0006,Josh Lima,7.0,3,23,22.81,31.35,0,1,0008,0
2023,11761,"McKinnon, Jerick",RB,0001,Ryan Bousquet,8.0,4,6,16.66,24.01,0,1,0006,0
2023,11761,"McKinnon, Jerick",RB,0001,Ryan Bousquet,8.0,5,6,0.0,0.0,0,0,,1
2023,11938,"Thielen, Adam",WR,0002,Derrick Whitman,1.0,1,8,,24.65,0,0,,0
2023,11938,"Thielen, Adam",WR,0005,Eric Martel,4.0,2,8,23.4,24.04,0,1,0002,0
2023,11938,"Thielen, Adam",WR,0005,Eric Martel,4.0,3,8,0.0,0.0,0,0,,1
2023,11985,"Way, Tress",PN,0008,Keith Creelman,1.0,1,6,,24.08,0,0,,0
2023,11985,"Way, Tress",PN,0008,Keith Creelman,1.0,2,6,0.0,0.0,0,0,,1
2023,12075,"Barrett, Shaq",DE,0002,Derrick Whitman,1.0,1,22,,24.1,0,0,,0
2023,12075,"Barrett, Shaq",DE,0002,Derrick Whitman,1.0,2,22,0.0,0.0,0,0,,1
2023,12215,"Gregory, Randy",DE,0002,Derrick Whitman,1.0,1,22,,24.07,0,0,,0
2023,12215,"Gregory, Randy",DE,0002,Derrick Whitman,1.0,2,22,0.0,0.0,0,0,,1
2023,12221,"Hunter, Danielle",DE,0005,Eric Martel,1.0,1,5,,24.0,0,0,,0
2023,12221,"Hunter, Danielle",DE,0005,Eric Martel,1.0,2,5,0.0,0.0,0,0,,1
2023,12437,"Myers, Jason",PK,0002,Derrick Whitman,1.0,1,20,,24.64,0,0,,0
2023,12437,"Myers, Jason",PK,0002,Derrick Whitman,1.0,2,20,0.0,0.0,0,0,,1
2023,12447,"Mostert, Raheem",RB,0007,Josh Martel,1.0,1,7,,71.04,0,0,,0
2023,12447,"Mostert, Raheem",RB,0009,Bear Dunn,2.0,2,13,17.9,64.94,0,1,0007,0
2023,12447,"Mostert, Raheem",RB,0004,Brian Cutting,3.0,3,16,21.75,62.69,0,1,0009,0
2023,12447,"Mostert, Raheem",RB,0012,Chris Klingenberg,4.0,4,19,20.63,59.32,0,1,0004,0
2023,12447,"Mostert, Raheem",RB,0002,Derrick Whitman,5.0,5,8,11.14,46.46,1,0,,0
2023,12447,"Mostert, Raheem",RB,0004,Brian Cutting,6.0,6,12,19.3,41.76,0,1,0012,0
2023,12447,"Mostert, Raheem",RB,0002,Derrick Whitman,7.0,7,13,23.69,41.44,0,1,0004,0
2023,12447,"Mostert, Raheem",RB,0004,Brian Cutting,8.0,8,13,23.97,41.41,1,0,,0
2023,12447,"Mostert, Raheem",RB,0004,Brian Cutting,9.0,9,13,24.0,41.41,0,1,0002,0
2023,12447,"Mostert, Raheem",RB,0010,Shawn Blake,10.0,10,6,7.18,24.59,0,1,0004,0
2023,12447,"Mostert, Raheem",RB,0010,Shawn Blake,10.0,11,6,0.0,0.0,0,0,,1
2023,12610,"Wentz, Carson",QB,0007,Josh Martel,1.0,1,15,,24.04,0,0,,0
2023,12610,"Wentz, Carson",QB,0007,Josh Martel,1.0,2,15,0.0,0.0,0,0,,1
2023,12616,"Brissett, Jacoby",QB,0010,Shawn Blake,1.0,1,17,,41.96,0,0,,0
2023,12616,"Brissett, Jacoby",QB,0009,Bear Dunn,2.0,2,22,19.5,37.46,0,1,0010,0
2023,12616,"Brissett, Jacoby",QB,0005,Eric Martel,4.0,3,7,15.22,28.68,0,1,0009,0
2023,12616,"Brissett, Jacoby",QB,0009,Bear Dunn,5.0,4,11,19.49,24.17,0,1,0005,0
2023,12616,"Brissett, Jacoby",QB,0009,Bear Dunn,5.0,5,11,0.0,0.0,0,0,,1
2023,12625,"Elliott, Ezekiel",RB,0006,Josh Lima,1.0,4,10,,27.53,0,0,,0
2023,12625,"Elliott, Ezekiel",RB,0009,Bear Dunn,3.0,5,13,21.24,24.77,1,0,,0
2023,12625,"Elliott, Ezekiel",RB,0004,Brian Cutting,4.0,6,13,23.27,24.04,0,1,0006,0
2023,12625,"Elliott, Ezekiel",RB,0004,Brian Cutting,4.0,7,14,0.0,0.0,0,0,,1
2023,12626,"Henry, Derrick",RB,0008,Keith Creelman,1.0,1,14,,144.9,0,0,,0
2023,12626,"Henry, Derrick",RB,0008,Keith Creelman,25.0,2,14,23.95,144.85,0,0,,0
2023,12626,"Henry, Derrick",RB,0008,Keith Creelman,28.0,3,14,23.98,144.83,0,0,,0
2023,12626,"Henry, Derrick",RB,0008,Keith Creelman,31.0,4,14,23.95,144.78,0,0,,0
2023,12626,"Henry, Derrick",RB,0004,Brian Cutting,40.0,5,15,22.95,143.73,1,0,,0
2023,12626,"Henry, Derrick",RB,0010,Shawn Blake,41.0,6,15,23.95,143.68,0,1,0008,0
2023,12626,"Henry, Derrick",RB,0004,Brian Cutting,45.0,7,15,23.3,142.98,1,0,,0
2023,12626,"Henry, Derrick",RB,0008,Keith Creelman,46.0,8,14,0.98,119.96,0,1,0010,0
2023,12626,"Henry, Derrick",RB,0004,Brian Cutting,50.0,9,16,22.76,118.72,1,0,,0
2023,12626,"Henry, Derrick",RB,0004,Brian Cutting,51.0,10,17,22.66,117.38,0,1,0008,0
2023,12626,"Henry, Derrick",RB,0008,Keith Creelman,52.0,11,17,23.69,117.07,1,0,,0
2023,12626,"Henry, Derrick",RB,0008,Keith Creelman,54.0,12,11,6.07,99.14,1,0,,0
2023,12626,"Henry, Derrick",RB,0008,Keith Creelman,56.0,13,11,23.83,98.97,0,1,0004,0
2023,12626,"Henry, Derrick",RB,0004,Brian Cutting,58.0,14,12,23.81,98.78,1,0,,0
2023,12626,"Henry, Derrick",RB,0004,Brian Cutting,59.0,15,12,24.0,98.78,0,1,0008,0
2023,12626,"Henry, Derrick",RB,0008,Keith Creelman,61.0,16,13,22.57,97.35,0,1,0004,0
2023,12626,"Henry, Derrick",RB,0004,Brian Cutting,62.0,17,13,23.76,97.11,0,1,0008,0
2023,12626,"Henry, Derrick",RB,0008,Keith Creelman,64.0,18,15,22.25,95.36,0,1,0004,0
2023,12626,"Henry, Derrick",RB,0004,Brian Cutting,65.0,19,21,18.02,89.37,0,1,0008,0
2023,12626,"Henry, Derrick",RB,0010,Shawn Blake,66.0,20,12,8.73,74.11,0,1,0004,0
2023,12626,"Henry, Derrick",RB,0008,Keith Creelman,67.0,21,17,19.28,69.39,1,0,,0
2023,12626,"Henry, Derrick",RB,0008,Keith Creelman,72.0,22,19,21.89,67.28,1,0,,0
2023,12626,"Henry, Derrick",RB,0008,Keith Creelman,74.0,23,20,23.6,66.88,0,1,0010,0
2023,12626,"Henry, Derrick",RB,0010,Shawn Blake,75.0,24,20,23.83,66.71,1,0,,0
2023,12626,"Henry, Derrick",RB,0010,Shawn Blake,77.0,25,20,23.96,66.67,1,0,,0
2023,12626,"Henry, Derrick",RB,0010,Shawn Blake,82.0,26,14,5.39,48.07,0,1,0008,0
2023,12626,"Henry, Derrick",RB,0008,Keith Creelman,86.0,27,15,23.27,47.33,0,1,0010,0
2023,12626,"Henry, Derrick",RB,0010,Shawn Blake,87.0,28,15,23.97,47.3,0,1,0008,0
2023,12626,"Henry, Derrick",RB,0008,Keith Creelman,91.0,29,17,22.57,45.88,1,0,,0
2023,12626,"Henry, Derrick",RB,0008,Keith Creelman,94.0,30,14,2.13,24.01,0,1,0010,0
2023,12626,"Henry, Derrick",RB,0008,Keith Creelman,94.0,31,14,0.0,0.0,0,0,,1
2023,12630,"Drake, Kenyan",RB,0008,Keith Creelman,1.0,1,16,,47.44,0,0,,0
2023,12630,"Drake, Kenyan",RB,0009,Bear Dunn,2.0,2,14,1.21,24.65,0,1,0008,0
2023,12630,"Drake, Kenyan",RB,0002,Derrick Whitman,3.0,3,15,23.67,24.33,0,1,0009,0
2023,12630,"Drake, Kenyan",RB,0009,Bear Dunn,4.0,4,16,22.44,22.77,1,0,,0
2023,12630,"Drake, Kenyan",RB,0002,Derrick Whitman,4.0,5,15,1.23,0.0,0,0,,1
2023,12652,"Thomas, Michael",WR,0001,Ryan Bousquet,1.0,1,21,,25.69,0,0,,0
2023,12652,"Thomas, Michael",WR,0008,Keith Creelman,4.0,2,22,22.85,24.53,1,0,,0
2023,12652,"Thomas, Michael",WR,0012,Chris Klingenberg,6.0,3,22,23.51,24.05,0,1,0001,0
2023,12652,"Thomas, Michael",WR,0012,Chris Klingenberg,6.0,4,22,0.0,0.0,0,0,,1
2023,12677,"Hooper, Austin",TE,0012,Chris Klingenberg,1.0,1,11,,24.23,0,0,,0
2023,12677,"Hooper, Austin",TE,0012,Chris Klingenberg,1.0,2,11,0.0,0.0,0,0,,1
2023,12678,"Higbee, Tyler",TE,0012,Chris Klingenberg,1.0,1,8,,28.11,0,0,,0
2023,12678,"Higbee, Tyler",TE,0005,Eric Martel,2.0,2,9,23.88,27.99,0,1,0012,0
2023,12678,"Higbee, Tyler",TE,0001,Ryan Bousquet,4.0,3,10,22.86,26.85,1,0,,0
2023,12678,"Higbee, Tyler",TE,0012,Chris Klingenberg,8.0,4,13,21.16,24.01,1,0,,0
2023,12678,"Higbee, Tyler",TE,0012,Chris Klingenberg,9.0,5,13,23.99,24.01,0,1,0005,0
2023,12678,"Higbee, Tyler",TE,0012,Chris Klingenberg,9.0,6,13,0.0,0.0,0,0,,1
2023,12688,"Buckner, DeForest",DT,0011,Eric Mannila,1.0,1,9,,24.01,0,0,,0
2023,12688,"Buckner, DeForest",DT,0011,Eric Mannila,1.0,2,9,0.0,0.0,0,0,,1
2023,12741,"Jones, Chris",DT,0004,Brian Cutting,1.0,1,4,,41.02,0,0,,0
2023,12741,"Jones, Chris",DT,0010,Shawn Blake,2.0,2,20,7.4,24.42,0,1,0004,0
2023,12741,"Jones, Chris",DT,0010,Shawn Blake,2.0,3,21,0.0,0.0,0,0,,1
2023,12779,"Campbell, De'Vondre",LB,0009,Bear Dunn,1.0,1,7,,24.44,0,0,,0
2023,12779,"Campbell, De'Vondre",LB,0009,Bear Dunn,1.0,2,7,0.0,0.0,0,0,,1
2023,12795,"Judon, Matt",DE,0010,Shawn Blake,1.0,1,7,,29.49,0,0,,0
2023,12795,"Judon, Matt",DE,0012,Chris Klingenberg,2.0,2,13,18.51,24.0,0,1,0010,0
2023,12795,"Judon, Matt",DE,0012,Chris Klingenberg,2.0,3,13,0.0,0.0,0,0,,1
2023,12842,"Dixon, Riley",PN,0001,Ryan Bousquet,1.0,1,23,,24.0,0,0,,0
2023,12842,"Dixon, Riley",PN,0001,Ryan Bousquet,1.0,2,23,0.0,0.0,0,0,,1
2023,13124,"Rush, Cooper",QB,0002,Derrick Whitman,1.0,1,10,,24.08,0,0,,0
2023,13124,"Rush, Cooper",QB,0002,Derrick Whitman,1.0,2,10,0.0,0.0,0,0,,1
2023,13129,"Fournette, Leonard",RB,0006,Josh Lima,1.0,1,15,,24.08,0,0,,0
2023,13129,"Fournette, Leonard",RB,0006,Josh Lima,1.0,2,15,0.0,0.0,0,0,,1
2023,13131,"Mixon, Joe",RB,0003,Matt Gerardi,1.0,1,14,,50.07,0,0,,0
2023,13131,"Mixon, Joe",RB,0005,Eric Martel,6.0,2,14,23.96,50.03,0,1,0003,0
2023,13131,"Mixon, Joe",RB,0004,Brian Cutting,10.0,3,15,22.23,48.26,1,0,,0
2023,13131,"Mixon, Joe",RB,0004,Brian Cutting,13.0,4,16,23.78,48.04,1,0,,0
2023,13131,"Mixon, Joe",RB,0008,Keith Creelman,16.0,5,16,23.88,47.92,0,1,0005,0
2023,13131,"Mixon, Joe",RB,0005,Eric Martel,23.0,6,16,23.95,47.87,0,1,0008,0
2023,13131,"Mixon, Joe",RB,0008,Keith Creelman,25.0,7,7,8.64,32.51,1,0,,0
2023,13131,"Mixon, Joe",RB,0003,Matt Gerardi,30.0,8,15,15.7,24.2,1,0,,0
2023,13131,"Mixon, Joe",RB,0003,Matt Gerardi,31.0,9,16,23.82,24.02,0,1,0005,0
2023,13131,"Mixon, Joe",RB,0005,Eric Martel,35.0,10,16,23.98,24.0,0,1,0003,0
2023,13131,"Mixon, Joe",RB,0003,Matt Gerardi,38.0,11,16,23.73,23.74,1,0,,0
2023,13131,"Mixon, Joe",RB,0008,Keith Creelman,41.0,12,15,1.41,1.14,1,0,,0
2023,13131,"Mixon, Joe",RB,0005,Eric Martel,41.0,13,16,22.86,0.0,0,0,,1
2023,13133,"Perine, Samaje",RB,0008,Keith Creelman,1.0,1,6,,24.06,0,0,,0
2023,13133,"Perine, Samaje",RB,0010,Shawn Blake,2.0,2,19,10.59,10.64,1,0,,0
2023,13133,"Perine, Samaje",RB,0008,Keith Creelman,2.0,3,6,13.36,0.0,0,0,,1
2023,13134,"Foreman, D'Onta",RB,0003,Matt Gerardi,1.0,1,8,,52.69,0,0,,0
2023,13134,"Foreman, D'Onta",RB,0004,Brian Cutting,2.0,2,14,18.0,46.69,1,0,,0
2023,13134,"Foreman, D'Onta",RB,0004,Brian Cutting,4.0,3,16,22.21,44.9,0,1,0003,0
2023,13134,"Foreman, D'Onta",RB,0003,Matt Gerardi,6.0,4,17,22.81,43.71,0,1,0004,0
2023,13134,"Foreman, D'Onta",RB,0002,Derrick Whitman,7.0,5,8,8.96,28.67,1,0,,0
2023,13134,"Foreman, D'Onta",RB,0002,Derrick Whitman,9.0,6,8,23.98,28.66,0,1,0003,0
2023,13134,"Foreman, D'Onta",RB,0004,Brian Cutting,12.0,7,12,19.35,24.01,0,1,0002,0
2023,13134,"Foreman, D'Onta",RB,0004,Brian Cutting,12.0,8,13,0.0,0.0,0,0,,1
2023,13138,"Hunt, Kareem",RB,0011,Eric Mannila,1.0,1,11,,24.34,0,0,,0
2023,13138,"Hunt, Kareem",RB,0011,Eric Mannila,1.0,2,12,0.0,0.0,0,0,,1
2023,13139,"Williams, Jamaal",RB,0007,Josh Martel,1.0,1,0,,24.37,0,0,,0
2023,13139,"Williams, Jamaal",RB,0005,Eric Martel,2.0,2,0,23.74,24.11,0,1,0007,0
2023,13139,"Williams, Jamaal",RB,0008,Keith Creelman,3.0,3,7,16.94,17.05,1,0,,0
2023,13139,"Williams, Jamaal",RB,0003,Matt Gerardi,4.0,4,16,15.16,8.21,1,0,,0
2023,13139,"Williams, Jamaal",RB,0005,Eric Martel,4.0,5,0,15.79,0.0,0,0,,1
2023,13157,"Samuel, Curtis",WR,0005,Eric Martel,1.0,1,5,,24.11,0,0,,0
2023,13157,"Samuel, Curtis",WR,0005,Eric Martel,1.0,2,5,0.0,0.0,0,0,,1
2023,13163,"Godwin, Chris",WR,0002,Derrick Whitman,1.0,1,14,,74.79,0,0,,0
2023,13163,"Godwin, Chris",WR,0005,Eric Martel,2.0,2,14,23.94,74.72,0,1,0002,0
2023,13163,"Godwin, Chris",WR,0004,Brian Cutting,5.0,3,16,22.44,73.16,1,0,,0
2023,13163,"Godwin, Chris",WR,0004,Brian Cutting,8.0,4,21,18.91,68.07,1,0,,0
2023,13163,"Godwin, Chris",WR,0012,Chris Klingenberg,10.0,5,22,22.48,66.55,1,0,,0
2023,13163,"Godwin, Chris",WR,0008,Keith Creelman,11.0,6,7,15.1,57.65,0,1,0005,0
2023,13163,"Godwin, Chris",WR,0005,Eric Martel,13.0,7,13,18.34,51.99,0,1,0008,0
2023,13163,"Godwin, Chris",WR,0010,Shawn Blake,14.0,8,15,21.97,49.95,0,1,0005,0
2023,13163,"Godwin, Chris",WR,0003,Matt Gerardi,17.0,9,21,17.58,43.53,0,1,0010,0
2023,13163,"Godwin, Chris",WR,0005,Eric Martel,23.0,10,16,4.98,24.51,0,1,0003,0
2023,13163,"Godwin, Chris",WR,0003,Matt Gerardi,26.0,11,17,23.53,24.05,0,1,0005,0
2023,13163,"Godwin, Chris",WR,0003,Matt Gerardi,27.0,12,17,24.0,24.04,0,0,,0
2023,13163,"Godwin, Chris",WR,0003,Matt Gerardi,27.0,13,17,0.0,0.0,0,0,,1
2023,13168,"Reynolds, Josh",WR,0008,Keith Creelman,1.0,1,11,,24.71,0,0,,0
2023,13168,"Reynolds, Josh",WR,0008,Keith Creelman,1.0,2,12,0.0,0.0,0,0,,1
2023,13198,"Garrett, Myles",DE,0007,Josh Martel,1.0,1,14,,116.49,0,0,,0
2023,13198,"Garrett, Myles",DE,0010,Shawn Blake,4.0,2,14,23.59,116.08,1,0,,0
2023,13198,"Garrett, Myles",DE,0004,Brian Cutting,5.0,3,18,19.88,111.96,1,0,,0
2023,13198,"Garrett, Myles",DE,0004,Brian Cutting,6.0,4,21,20.91,108.87,1,0,,0
2023,13198,"Garrett, Myles",DE,0006,Josh Lima,7.0,5,22,23.23,108.1,1,0,,0
2023,13198,"Garrett, Myles",DE,0008,Keith Creelman,8.0,6,13,9.12,93.22,0,1,0007,0
2023,13198,"Garrett, Myles",DE,0010,Shawn Blake,9.0,7,13,0.1,69.32,0,1,0008,0
2023,13198,"Garrett, Myles",DE,0004,Brian Cutting,10.0,8,16,21.05,66.37,0,1,0010,0
2023,13198,"Garrett, Myles",DE,0007,Josh Martel,11.0,9,19,21.09,63.46,0,1,0004,0
2023,13198,"Garrett, Myles",DE,0004,Brian Cutting,12.0,10,13,6.35,45.81,0,1,0007,0
2023,13198,"Garrett, Myles",DE,0007,Josh Martel,13.0,11,10,2.2,24.0,0,1,0004,0
2023,13198,"Garrett, Myles",DE,0007,Josh Martel,13.0,12,10,0.0,0.0,0,0,,1
2023,13208,"Allen, Jonathan",DT,0003,Matt Gerardi,1.0,1,16,,24.09,0,0,,0
2023,13208,"Allen, Jonathan",DT,0003,Matt Gerardi,1.0,2,16,0.0,0.0,0,0,,1
2023,13214,"Watt, T.J.",DE,0005,Eric Martel,1.0,1,14,,48.48,0,0,,0
2023,13214,"Watt, T.J.",DE,0010,Shawn Blake,4.0,2,14,23.31,47.79,1,0,,0
2023,13214,"Watt, T.J.",DE,0012,Chris Klingenberg,5.0,3,22,15.96,39.75,1,0,,0
2023,13214,"Watt, T.J.",DE,0001,Ryan Bousquet,6.0,4,12,10.34,26.09,1,0,,0
2023,13214,"Watt, T.J.",DE,0001,Ryan Bousquet,7.0,5,12,23.95,26.04,0,1,0005,0
2023,13214,"Watt, T.J.",DE,0007,Josh Martel,8.0,6,14,21.96,24.0,0,1,0001,0
2023,13214,"Watt, T.J.",DE,0007,Josh Martel,8.0,7,14,0.0,0.0,0,0,,1
2023,13229,"Jackson, Eddie",S,0008,Keith Creelman,1.0,1,16,,24.59,0,0,,0
2023,13229,"Jackson, Eddie",S,0008,Keith Creelman,1.0,2,16,0.0,0.0,0,0,,1
2023,13232,"King, Desmond",CB,0003,Matt Gerardi,1.0,1,19,,25.28,0,0,,0
2023,13232,"King, Desmond",CB,0003,Matt Gerardi,1.0,2,20,0.0,0.0,0,0,,1
2023,13245,"Reddick, Haason",DE,0001,Ryan Bousquet,1.0,1,23,,24.0,0,0,,0
2023,13245,"Reddick, Haason",DE,0001,Ryan Bousquet,4.0,2,23,23.81,23.81,0,0,,0
2023,13245,"Reddick, Haason",DE,0001,Ryan Bousquet,4.0,3,23,0.19,0.0,0,0,,1
2023,13251,"Baker, Budda",S,0009,Bear Dunn,1.0,1,7,,24.49,0,0,,0
2023,13251,"Baker, Budda",S,0010,Shawn Blake,2.0,2,7,23.51,24.0,0,1,0009,0
2023,13251,"Baker, Budda",S,0010,Shawn Blake,2.0,3,7,0.0,0.0,0,0,,1
2023,13252,"Maye, Marcus",S,0009,Bear Dunn,1.0,1,6,,24.11,0,0,,0
2023,13252,"Maye, Marcus",S,0009,Bear Dunn,1.0,2,6,0.0,0.0,0,0,,1
2023,13253,"Williams, Marcus",S,0002,Derrick Whitman,1.0,1,20,,24.65,0,0,,0
2023,13253,"Williams, Marcus",S,0002,Derrick Whitman,1.0,2,20,0.0,0.0,0,0,,1
2023,13284,"Hendrickson, Trey",DE,0009,Bear Dunn,1.0,1,6,,24.13,0,0,,0
2023,13284,"Hendrickson, Trey",DE,0009,Bear Dunn,1.0,2,7,0.0,0.0,0,0,,1
2023,13288,"Jenkins, Rayshawn",S,0003,Matt Gerardi,1.0,1,20,,24.01,0,0,,0
2023,13288,"Jenkins, Rayshawn",S,0003,Matt Gerardi,1.0,2,20,0.0,0.0,0,0,,1
2023,13303,"Elliott, Jake",PK,0011,Eric Mannila,1.0,1,19,,24.08,0,0,,0
2023,13303,"Elliott, Jake",PK,0011,Eric Mannila,1.0,2,19,0.0,0.0,0,0,,1
2023,13306,"Walker, Anthony",LB,0010,Shawn Blake,1.0,1,6,,24.72,0,0,,0
2023,13306,"Walker, Anthony",LB,0010,Shawn Blake,1.0,2,6,0.0,0.0,0,0,,1
2023,13307,"Milano, Matt",LB,0008,Keith Creelman,1.0,1,6,,28.88,0,0,,0
2023,13307,"Milano, Matt",LB,0006,Josh Lima,2.0,2,11,19.14,24.02,0,1,0008,0
2023,13307,"Milano, Matt",LB,0006,Josh Lima,2.0,3,11,0.0,0.0,0,0,,1
2023,13354,"Butker, Harrison",PK,0009,Bear Dunn,1.0,1,5,,24.45,0,0,,0
2023,13354,"Butker, Harrison",PK,0009,Bear Dunn,1.0,2,5,0.0,0.0,0,0,,1
2023,13378,"Breida, Matt",RB,0009,Bear Dunn,1.0,1,5,,24.73,0,0,,0
2023,13378,"Breida, Matt",RB,0009,Bear Dunn,1.0,2,5,0.0,0.0,0,0,,1
2023,13403,"Koo, Younghoe",PK,0004,Brian Cutting,1.0,1,6,,24.05,0,0,,0
2023,13403,"Koo, Younghoe",PK,0004,Brian Cutting,1.0,2,6,0.0,0.0,0,0,,1
2023,13470,"Moore, Kenny",CB,0012,Chris Klingenberg,1.0,1,0,,24.7,0,0,,0
2023,13470,"Moore, Kenny",CB,0012,Chris Klingenberg,1.0,2,0,0.0,0.0,0,0,,1
2023,13590,"Mayfield, Baker",QB,0012,Chris Klingenberg,1.0,1,14,,33.17,0,0,,0
2023,13590,"Mayfield, Baker",QB,0001,Ryan Bousquet,2.0,2,21,16.87,26.05,0,1,0012,0
2023,13590,"Mayfield, Baker",QB,0006,Josh Lima,3.0,3,22,22.81,24.85,1,0,,0
2023,13590,"Mayfield, Baker",QB,0006,Josh Lima,4.0,4,22,23.95,24.8,1,0,,0
2023,13590,"Mayfield, Baker",QB,0006,Josh Lima,5.0,5,23,23.21,24.01,0,1,0001,0
2023,13590,"Mayfield, Baker",QB,0006,Josh Lima,5.0,6,23,0.0,0.0,0,0,,1
2023,13598,"White, Mike",QB,0007,Josh Martel,1.0,1,10,,25.99,0,0,,0
2023,13598,"White, Mike",QB,0008,Keith Creelman,2.0,2,11,22.74,24.73,0,1,0007,0
2023,13598,"White, Mike",QB,0008,Keith Creelman,2.0,3,12,0.0,0.0,0,0,,1
2023,13608,"Penny, Rashaad",RB,0007,Josh Martel,1.0,1,7,,49.01,0,0,,0
2023,13608,"Penny, Rashaad",RB,0008,Keith Creelman,4.0,2,12,18.94,43.95,1,0,,0
2023,13608,"Penny, Rashaad",RB,0008,Keith Creelman,6.0,3,12,23.99,43.94,1,0,,0
2023,13608,"Penny, Rashaad",RB,0008,Keith Creelman,7.0,4,12,23.99,43.93,1,0,,0
2023,13608,"Penny, Rashaad",RB,0010,Shawn Blake,10.0,5,16,20.66,40.59,0,1,0007,0
2023,13608,"Penny, Rashaad",RB,0005,Eric Martel,11.0,6,8,7.41,24.0,0,1,0010,0
2023,13608,"Penny, Rashaad",RB,0004,Brian Cutting,12.0,7,13,19.65,19.66,1,0,,0
2023,13608,"Penny, Rashaad",RB,0004,Brian Cutting,13.0,8,18,18.37,14.02,1,0,,0
2023,13608,"Penny, Rashaad",RB,0010,Shawn Blake,15.0,9,6,12.55,2.57,1,0,,0
2023,13608,"Penny, Rashaad",RB,0005,Eric Martel,15.0,10,8,21.43,0.0,0,0,,1
2023,13630,"Sutton, Courtland",WR,0002,Derrick Whitman,1.0,1,14,,48.07,0,0,,0
2023,13630,"Sutton, Courtland",WR,0004,Brian Cutting,4.0,2,15,22.63,46.7,1,0,,0
2023,13630,"Sutton, Courtland",WR,0006,Josh Lima,5.0,3,22,17.27,39.97,1,0,,0
2023,13630,"Sutton, Courtland",WR,0006,Josh Lima,6.0,4,22,23.95,39.91,1,0,,0
2023,13630,"Sutton, Courtland",WR,0012,Chris Klingenberg,8.0,5,22,23.71,39.63,1,0,,0
2023,13630,"Sutton, Courtland",WR,0010,Shawn Blake,9.0,6,14,8.47,24.09,1,0,,0
2023,13630,"Sutton, Courtland",WR,0001,Ryan Bousquet,10.0,7,14,23.99,24.08,0,1,0002,0
2023,13630,"Sutton, Courtland",WR,0001,Ryan Bousquet,10.0,8,14,0.0,0.0,0,0,,1
2023,13646,"Gallup, Michael",WR,0001,Ryan Bousquet,1.0,1,16,,24.0,0,0,,0
2023,13646,"Gallup, Michael",WR,0001,Ryan Bousquet,1.0,2,16,0.0,0.0,0,0,,1
2023,13674,"Goedert, Dallas",TE,0004,Brian Cutting,1.0,1,15,,24.93,0,0,,0
2023,13674,"Goedert, Dallas",TE,0005,Eric Martel,11.0,2,15,23.97,24.89,0,1,0004,0
2023,13674,"Goedert, Dallas",TE,0004,Brian Cutting,15.0,3,15,23.95,24.85,1,0,,0
2023,13674,"Goedert, Dallas",TE,0004,Brian Cutting,16.0,4,15,24.0,24.84,0,1,0005,0
2023,13674,"Goedert, Dallas",TE,0005,Eric Martel,18.0,5,15,23.98,24.82,0,1,0004,0
2023,13674,"Goedert, Dallas",TE,0004,Brian Cutting,19.0,6,16,23.19,24.01,0,1,0005,0
2023,13674,"Goedert, Dallas",TE,0004,Brian Cutting,22.0,7,16,23.92,23.93,0,0,,0
2023,13674,"Goedert, Dallas",TE,0004,Brian Cutting,22.0,8,16,0.07,0.0,0,0,,1
2023,13680,"Hurst, Hayden",TE,0006,Josh Lima,1.0,1,10,,47.41,0,0,,0
2023,13680,"Hurst, Hayden",TE,0001,Ryan Bousquet,2.0,2,9,0.6,24.0,1,0,,0
2023,13680,"Hurst, Hayden",TE,0001,Ryan Bousquet,3.0,3,9,24.0,24.0,0,1,0006,0
2023,13680,"Hurst, Hayden",TE,0001,Ryan Bousquet,3.0,4,9,0.0,0.0,0,0,,1
2023,13690,"Sweat, Josh",DE,0003,Matt Gerardi,1.0,1,21,,24.0,0,0,,0
2023,13690,"Sweat, Josh",DE,0003,Matt Gerardi,1.0,2,21,0.0,0.0,0,0,,1
2023,13697,"Edmunds, Tremaine",LB,0004,Brian Cutting,1.0,1,5,,24.12,0,0,,0
2023,13697,"Edmunds, Tremaine",LB,0004,Brian Cutting,1.0,2,5,0.0,0.0,0,0,,1
2023,13700,"Landry, Harold",DE,0002,Derrick Whitman,1.0,1,20,,24.0,0,0,,0
2023,13700,"Landry, Harold",DE,0002,Derrick Whitman,1.0,2,20,0.0,0.0,0,0,,1
2023,13702,"Jewell, Josey",LB,0004,Brian Cutting,1.0,1,6,,33.23,0,0,,0
2023,13702,"Jewell, Josey",LB,0010,Shawn Blake,2.0,2,16,14.8,24.02,0,1,0004,0
2023,13702,"Jewell, Josey",LB,0010,Shawn Blake,2.0,3,16,0.0,0.0,0,0,,1
2023,13704,"Nwosu, Uchenna",DE,0011,Eric Mannila,1.0,1,19,,24.05,0,0,,0
2023,13704,"Nwosu, Uchenna",DE,0011,Eric Mannila,1.0,2,19,0.0,0.0,0,0,,1
2023,13713,"Fitzpatrick, Minkah",S,0011,Eric Mannila,1.0,1,22,,25.17,0,0,,0
2023,13713,"Fitzpatrick, Minkah",S,0005,Eric Martel,2.0,2,23,22.85,24.02,0,1,0011,0
2023,13713,"Fitzpatrick, Minkah",S,0007,Josh Martel,4.0,3,14,9.17,9.2,1,0,,0
2023,13713,"Fitzpatrick, Minkah",S,0005,Eric Martel,4.0,4,23,14.8,0.0,0,0,,1
2023,13714,"James, Derwin",S,0005,Eric Martel,1.0,1,14,,47.54,0,0,,0
2023,13714,"James, Derwin",S,0007,Josh Martel,7.0,2,14,23.71,47.25,0,1,0005,0
2023,13714,"James, Derwin",S,0007,Josh Martel,8.0,3,15,22.95,46.2,0,0,,0
2023,13714,"James, Derwin",S,0008,Keith Creelman,9.0,4,13,1.81,24.01,0,1,0007,0
2023,13714,"James, Derwin",S,0008,Keith Creelman,9.0,5,13,0.0,0.0,0,0,,1
2023,13718,"Carlson, Daniel",PK,0003,Matt Gerardi,1.0,1,8,,24.03,0,0,,0
2023,13718,"Carlson, Daniel",PK,0003,Matt Gerardi,1.0,2,8,0.0,0.0,0,0,,1
2023,13723,"Payne, Da'Ron",DT,0003,Matt Gerardi,1.0,1,17,,24.03,0,0,,0
2023,13723,"Payne, Da'Ron",DT,0003,Matt Gerardi,1.0,2,17,0.0,0.0,0,0,,1
2023,13724,"James, Richie",WR,0005,Eric Martel,1.0,1,7,,24.27,0,0,,0
2023,13724,"James, Richie",WR,0008,Keith Creelman,2.0,2,16,14.39,14.67,1,0,,0
2023,13724,"James, Richie",WR,0008,Keith Creelman,3.0,3,16,23.95,14.62,1,0,,0
2023,13724,"James, Richie",WR,0008,Keith Creelman,4.0,4,16,23.99,14.61,1,0,,0
2023,13724,"James, Richie",WR,0005,Eric Martel,4.0,5,7,9.39,0.0,0,0,,1
2023,13726,"Edmonds, Chase",RB,0006,Josh Lima,1.0,1,15,,24.04,0,0,,0
2023,13726,"Edmonds, Chase",RB,0006,Josh Lima,1.0,2,15,0.0,0.0,0,0,,1
2023,13727,"Vander Esch, Leighton",LB,0012,Chris Klingenberg,1.0,1,23,,25.18,0,0,,0
2023,13727,"Vander Esch, Leighton",LB,0012,Chris Klingenberg,1.0,2,0,0.0,0.0,0,0,,1
2023,13733,"Leonard, Shaquille",LB,0010,Shawn Blake,1.0,1,1,,28.53,0,0,,0
2023,13733,"Leonard, Shaquille",LB,0005,Eric Martel,4.0,2,5,19.52,24.05,0,1,0010,0
2023,13733,"Leonard, Shaquille",LB,0005,Eric Martel,4.0,3,5,0.0,0.0,0,0,,1
2023,13793,"Valdes-Scantling, Marquez",WR,0012,Chris Klingenberg,1.0,1,11,,33.8,0,0,,0
2023,13793,"Valdes-Scantling, Marquez",WR,0004,Brian Cutting,2.0,2,13,21.85,31.66,0,1,0012,0
2023,13793,"Valdes-Scantling, Marquez",WR,0012,Chris Klingenberg,3.0,3,20,16.75,24.4,0,1,0004,0
2023,13793,"Valdes-Scantling, Marquez",WR,0012,Chris Klingenberg,3.0,4,21,0.0,0.0,0,0,,1
2023,13806,"Elliott, DeShon",S,0005,Eric Martel,1.0,1,5,,24.01,0,0,,0
2023,13806,"Elliott, DeShon",S,0005,Eric Martel,1.0,2,5,0.0,0.0,0,0,,1
2023,13837,"Franklin, Zaire",LB,0003,Matt Gerardi,1.0,1,6,,24.01,0,0,,0
2023,13837,"Franklin, Zaire",LB,0010,Shawn Blake,2.0,2,6,0.47,0.48,1,0,,0
2023,13837,"Franklin, Zaire",LB,0003,Matt Gerardi,2.0,3,6,23.52,0.0,0,0,,1
2023,13848,"Johnston, Cam",PN,0003,Matt Gerardi,1.0,1,6,,24.04,0,0,,0
2023,13848,"Johnston, Cam",PN,0003,Matt Gerardi,1.0,2,6,0.0,0.0,0,0,,1
2023,13850,"Edwards, Gus",RB,0008,Keith Creelman,1.0,1,5,,30.93,0,0,,0
2023,13850,"Edwards, Gus",RB,0009,Bear Dunn,2.0,2,11,17.95,24.88,0,1,0008,0
2023,13850,"Edwards, Gus",RB,0005,Eric Martel,3.0,3,12,23.17,24.05,0,1,0009,0
2023,13850,"Edwards, Gus",RB,0009,Bear Dunn,4.0,4,12,23.46,23.51,1,0,,0
2023,13850,"Edwards, Gus",RB,0005,Eric Martel,4.0,5,12,0.49,0.0,0,0,,1
2023,13898,"Joseph, Greg",PK,0010,Shawn Blake,1.0,1,0,,24.61,0,0,,0
2023,13898,"Joseph, Greg",PK,0010,Shawn Blake,1.0,2,0,0.0,0.0,0,0,,1
2023,13952,"Luvu, Frankie",LB,0010,Shawn Blake,1.0,1,6,,33.79,0,0,,0
2023,13952,"Luvu, Frankie",LB,0008,Keith Creelman,2.0,2,12,17.58,27.37,1,0,,0
2023,13952,"Luvu, Frankie",LB,0004,Brian Cutting,3.0,3,16,20.7,24.07,1,0,,0
2023,13952,"Luvu, Frankie",LB,0004,Brian Cutting,4.0,4,16,23.97,24.04,0,1,0010,0
2023,13952,"Luvu, Frankie",LB,0004,Brian Cutting,4.0,5,16,0.0,0.0,0,0,,1
2023,14063,"Stidham, Jarrett",QB,0007,Josh Martel,1.0,1,18,,24.28,0,0,,0
2023,14063,"Stidham, Jarrett",QB,0007,Josh Martel,1.0,2,18,0.0,0.0,0,0,,1
2023,14067,"Minshew, Gardner",QB,0006,Josh Lima,1.0,1,20,,24.32,0,0,,0
2023,14067,"Minshew, Gardner",QB,0005,Eric Martel,2.0,2,20,23.95,24.27,0,1,0006,0
2023,14067,"Minshew, Gardner",QB,0005,Eric Martel,2.0,3,20,0.0,0.0,0,0,,1
2023,14076,"Williams, Trayveon",RB,0006,Josh Lima,1.0,1,11,,49.47,0,0,,0
2023,14076,"Williams, Trayveon",RB,0004,Brian Cutting,2.0,2,18,17.39,42.85,0,1,0006,0
2023,14076,"Williams, Trayveon",RB,0006,Josh Lima,3.0,3,18,23.5,42.36,0,1,0004,0
2023,14076,"Williams, Trayveon",RB,0004,Brian Cutting,4.0,4,13,5.66,24.02,0,1,0006,0
2023,14076,"Williams, Trayveon",RB,0004,Brian Cutting,4.0,5,13,0.0,0.0,0,0,,1
2023,14080,"Singletary, Devin",RB,0002,Derrick Whitman,1.0,1,13,,46.75,0,0,,0
2023,14080,"Singletary, Devin",RB,0001,Ryan Bousquet,2.0,2,10,3.05,25.81,1,0,,0
2023,14080,"Singletary, Devin",RB,0003,Matt Gerardi,3.0,3,11,22.52,24.33,1,0,,0
2023,14080,"Singletary, Devin",RB,0003,Matt Gerardi,4.0,4,12,23.7,24.03,0,1,0002,0
2023,14080,"Singletary, Devin",RB,0003,Matt Gerardi,4.0,5,12,0.0,0.0,0,0,,1
2023,14105,"Brown, Marquise",WR,0010,Shawn Blake,1.0,1,7,,101.35,0,0,,0
2023,14105,"Brown, Marquise",WR,0008,Keith Creelman,7.0,2,7,23.91,101.26,0,1,0010,0
2023,14105,"Brown, Marquise",WR,0005,Eric Martel,13.0,3,8,22.85,100.1,0,1,0008,0
2023,14105,"Brown, Marquise",WR,0008,Keith Creelman,16.0,4,13,19.22,95.32,0,1,0005,0
2023,14105,"Brown, Marquise",WR,0008,Keith Creelman,18.0,5,13,23.95,95.28,0,0,,0
2023,14105,"Brown, Marquise",WR,0005,Eric Martel,19.0,6,13,23.98,95.26,0,1,0008,0
2023,14105,"Brown, Marquise",WR,0010,Shawn Blake,20.0,7,15,22.32,93.58,0,1,0005,0
2023,14105,"Brown, Marquise",WR,0008,Keith Creelman,23.0,8,12,2.81,72.39,0,1,0010,0
2023,14105,"Brown, Marquise",WR,0010,Shawn Blake,24.0,9,12,23.97,72.36,0,1,0008,0
2023,14105,"Brown, Marquise",WR,0005,Eric Martel,27.0,10,16,20.36,68.73,0,1,0010,0
2023,14105,"Brown, Marquise",WR,0010,Shawn Blake,30.0,11,16,23.98,68.71,0,1,0005,0
2023,14105,"Brown, Marquise",WR,0011,Eric Mannila,32.0,12,12,3.57,48.28,0,1,0010,0
2023,14105,"Brown, Marquise",WR,0010,Shawn Blake,34.0,13,6,6.56,30.85,0,1,0011,0
2023,14105,"Brown, Marquise",WR,0011,Eric Mannila,36.0,14,8,21.96,28.81,1,0,,0
2023,14105,"Brown, Marquise",WR,0011,Eric Mannila,37.0,15,12,19.25,24.06,0,1,0010,0
2023,14105,"Brown, Marquise",WR,0011,Eric Mannila,37.0,16,12,0.0,0.0,0,0,,1
2023,14106,"Butler, Hakeem",WR,0001,Ryan Bousquet,1.0,1,23,,24.05,0,0,,0
2023,14106,"Butler, Hakeem",WR,0001,Ryan Bousquet,1.0,2,23,0.0,0.0,0,0,,1
2023,14108,"Dortch, Greg",WR,0009,Bear Dunn,1.0,1,5,,24.75,0,0,,0
2023,14108,"Dortch, Greg",WR,0009,Bear Dunn,1.0,2,5,0.0,0.0,0,0,,1
2023,14122,"Slayton, Darius",WR,0003,Matt Gerardi,1.0,1,16,,31.84,0,0,,0
2023,14122,"Slayton, Darius",WR,0012,Chris Klingenberg,2.0,2,23,17.32,25.17,0,1,0003,0
2023,14122,"Slayton, Darius",WR,0012,Chris Klingenberg,2.0,3,0,0.0,0.0,0,0,,1
2023,14123,"Renfrow, Hunter",WR,0008,Keith Creelman,1.0,1,15,,24.27,0,0,,0
2023,14123,"Renfrow, Hunter",WR,0008,Keith Creelman,1.0,2,16,0.0,0.0,0,0,,1
2023,14127,"Meyers, Jakobi",WR,0012,Chris Klingenberg,1.0,1,14,,32.69,0,0,,0
2023,14127,"Meyers, Jakobi",WR,0005,Eric Martel,2.0,2,14,23.91,32.6,0,1,0012,0
2023,14127,"Meyers, Jakobi",WR,0012,Chris Klingenberg,5.0,3,23,15.4,24.0,0,1,0005,0
2023,14127,"Meyers, Jakobi",WR,0012,Chris Klingenberg,5.0,4,23,0.0,0.0,0,0,,1
2023,14157,"Williams, Quinnen",DT,0009,Bear Dunn,1.0,1,7,,24.42,0,0,,0
2023,14157,"Williams, Quinnen",DT,0009,Bear Dunn,1.0,2,7,0.0,0.0,0,0,,1
2023,14162,"Wilkins, Christian",DT,0010,Shawn Blake,1.0,1,0,,24.17,0,0,,0
2023,14162,"Wilkins, Christian",DT,0010,Shawn Blake,1.0,2,0,0.0,0.0,0,0,,1
2023,14168,"White, Devin",LB,0011,Eric Mannila,1.0,1,5,,24.79,0,0,,0
2023,14168,"White, Devin",LB,0012,Chris Klingenberg,2.0,2,23,6.63,7.42,1,0,,0
2023,14168,"White, Devin",LB,0011,Eric Mannila,2.0,3,6,16.58,0.0,0,0,,1
2023,14171,"Burns, Brian",DE,0005,Eric Martel,1.0,1,5,,24.04,0,0,,0
2023,14171,"Burns, Brian",DE,0010,Shawn Blake,3.0,2,6,23.42,23.46,1,0,,0
2023,14171,"Burns, Brian",DE,0004,Brian Cutting,4.0,3,13,16.81,16.28,1,0,,0
2023,14171,"Burns, Brian",DE,0004,Brian Cutting,5.0,4,15,21.55,13.83,1,0,,0
2023,14171,"Burns, Brian",DE,0005,Eric Martel,5.0,5,5,10.17,0.0,0,0,,1
2023,14179,"Love, Julian",S,0003,Matt Gerardi,1.0,1,14,,48.04,0,0,,0
2023,14179,"Love, Julian",S,0007,Josh Martel,2.0,2,14,0.23,24.26,1,0,,0
2023,14179,"Love, Julian",S,0007,Josh Martel,3.0,3,14,23.81,24.07,1,0,,0
2023,14179,"Love, Julian",S,0007,Josh Martel,4.0,4,14,23.98,24.05,0,1,0003,0
2023,14179,"Love, Julian",S,0007,Josh Martel,4.0,5,14,0.0,0.0,0,0,,1
2023,14218,"Okereke, Bobby",LB,0012,Chris Klingenberg,1.0,1,0,,29.52,0,0,,0
2023,14218,"Okereke, Bobby",LB,0005,Eric Martel,2.0,2,5,18.51,24.03,0,1,0012,0
2023,14218,"Okereke, Bobby",LB,0005,Eric Martel,2.0,3,5,0.0,0.0,0,0,,1
2023,14224,"Gardner-Johnson, Chauncey",S,0008,Keith Creelman,1.0,1,6,,24.54,0,0,,0
2023,14224,"Gardner-Johnson, Chauncey",S,0007,Josh Martel,2.0,2,7,23.52,24.06,0,1,0008,0
2023,14224,"Gardner-Johnson, Chauncey",S,0007,Josh Martel,4.0,3,17,14.05,14.11,0,0,,0
2023,14224,"Gardner-Johnson, Chauncey",S,0007,Josh Martel,4.0,4,7,9.89,0.0,0,0,,1
2023,14235,"Tranquill, Drue",LB,0003,Matt Gerardi,1.0,1,19,,25.32,0,0,,0
2023,14235,"Tranquill, Drue",LB,0003,Matt Gerardi,1.0,2,20,0.0,0.0,0,0,,1
2023,14260,"Holcomb, Cole",LB,0009,Bear Dunn,1.0,1,7,,24.09,0,0,,0
2023,14260,"Holcomb, Cole",LB,0009,Bear Dunn,1.0,2,7,0.0,0.0,0,0,,1
2023,14268,"Long, David",LB,0002,Derrick Whitman,1.0,1,16,,24.13,0,0,,0
2023,14268,"Long, David",LB,0002,Derrick Whitman,1.0,2,16,0.0,0.0,0,0,,1
2023,14322,"Edwards, T.J.",LB,0008,Keith Creelman,1.0,1,6,,24.64,0,0,,0
2023,14322,"Edwards, T.J.",LB,0008,Keith Creelman,1.0,2,6,0.0,0.0,0,0,,1
2023,14405,"Granderson, Carl",DE,0010,Shawn Blake,1.0,1,6,,24.75,0,0,,0
2023,14405,"Granderson, Carl",DE,0010,Shawn Blake,1.0,2,6,0.0,0.0,0,0,,1
2023,14412,"Singleton, Alex",LB,0002,Derrick Whitman,1.0,1,20,,24.0,0,0,,0
2023,14412,"Singleton, Alex",LB,0002,Derrick Whitman,1.0,2,20,0.0,0.0,0,0,,1
2023,14414,"Owens, Jonathan",S,0004,Brian Cutting,1.0,1,5,,24.1,0,0,,0
2023,14414,"Owens, Jonathan",S,0004,Brian Cutting,1.0,2,5,0.0,0.0,0,0,,1
2023,14489,"Gillan, Jamie",PN,0002,Derrick Whitman,1.0,1,8,,24.03,0,0,,0
2023,14489,"Gillan, Jamie",PN,0002,Derrick Whitman,1.0,2,8,0.0,0.0,0,0,,1
2023,14558,"Harty, Deonte",WR,0001,Ryan Bousquet,1.0,1,23,,24.41,0,0,,0
2023,14558,"Harty, Deonte",WR,0001,Ryan Bousquet,1.0,2,0,0.0,0.0,0,0,,1
2023,14590,"Al-Shaair, Azeez",LB,0008,Keith Creelman,1.0,1,0,,29.11,0,0,,0
2023,14590,"Al-Shaair, Azeez",LB,0008,Keith Creelman,1.0,2,5,0.0,0.0,0,0,,1
2023,14630,"Cole, A.J.",PN,0001,Ryan Bousquet,1.0,1,23,,31.95,0,0,,0
2023,14630,"Cole, A.J.",PN,0006,Josh Lima,2.0,2,7,16.2,24.15,0,1,0001,0
2023,14630,"Cole, A.J.",PN,0006,Josh Lima,2.0,3,7,0.0,0.0,0,0,,1
2023,14798,"Moss, Zack",RB,0002,Derrick Whitman,1.0,1,10,,35.69,0,0,,0
2023,14798,"Moss, Zack",RB,0008,Keith Creelman,2.0,2,21,12.91,24.59,1,0,,0
2023,14798,"Moss, Zack",RB,0008,Keith Creelman,3.0,3,21,23.51,24.11,0,1,0002,0
2023,14798,"Moss, Zack",RB,0004,Brian Cutting,4.0,4,15,6.09,6.19,1,0,,0
2023,14798,"Moss, Zack",RB,0008,Keith Creelman,4.0,5,22,17.81,0.0,0,0,,1
2023,14803,"Edwards-Helaire, Clyde",RB,0004,Brian Cutting,1.0,1,8,,24.01,0,0,,0
2023,14803,"Edwards-Helaire, Clyde",RB,0004,Brian Cutting,1.0,2,8,0.0,0.0,0,0,,1
2023,14807,"Kelley, Joshua",RB,0009,Bear Dunn,1.0,1,11,,24.12,0,0,,0
2023,14807,"Kelley, Joshua",RB,0009,Bear Dunn,1.0,2,11,0.0,0.0,0,0,,1
2023,14861,"Johnson, Juwan",TE,0012,Chris Klingenberg,1.0,1,9,,31.51,0,0,,0
2023,14861,"Johnson, Juwan",TE,0003,Matt Gerardi,2.0,2,16,16.5,24.01,0,1,0012,0
2023,14861,"Johnson, Juwan",TE,0003,Matt Gerardi,2.0,3,16,0.0,0.0,0,0,,1
2023,14887,"Simmons, Isaiah",LB,0010,Shawn Blake,1.0,1,2,,26.67,0,0,,0
2023,14887,"Simmons, Isaiah",LB,0010,Shawn Blake,1.0,2,5,0.0,0.0,0,0,,1
2023,14896,"Queen, Patrick",LB,0011,Eric Mannila,1.0,1,6,,41.28,0,0,,0
2023,14896,"Queen, Patrick",LB,0012,Chris Klingenberg,2.0,2,23,6.74,24.01,0,1,0011,0
2023,14896,"Queen, Patrick",LB,0012,Chris Klingenberg,2.0,3,23,0.0,0.0,0,0,,1
2023,14907,"Delpit, Grant",S,0008,Keith Creelman,1.0,1,10,,24.02,0,0,,0
2023,14907,"Delpit, Grant",S,0010,Shawn Blake,2.0,2,10,0.27,0.29,1,0,,0
2023,14907,"Delpit, Grant",S,0008,Keith Creelman,2.0,3,10,23.71,0.0,0,0,,1
2023,14928,"Wilson, Logan",LB,0006,Josh Lima,1.0,1,9,,24.07,0,0,,0
2023,14928,"Wilson, Logan",LB,0006,Josh Lima,1.0,2,9,0.0,0.0,0,0,,1
2023,14940,"Highsmith, Alex",DE,0008,Keith Creelman,1.0,1,10,,24.01,0,0,,0
2023,14940,"Highsmith, Alex",DE,0008,Keith Creelman,1.0,2,10,0.0,0.0,0,0,,1
2023,14977,"Osborn, K.J.",WR,0012,Chris Klingenberg,1.0,1,23,,36.56,0,0,,0
2023,14977,"Osborn, K.J.",WR,0009,Bear Dunn,2.0,2,11,11.62,24.18,0,1,0012,0
2023,14977,"Osborn, K.J.",WR,0009,Bear Dunn,2.0,3,11,0.0,0.0,0,0,,1
2023,14983,"Bass, Tyler",PK,0005,Eric Martel,1.0,1,0,,24.46,0,0,,0
2023,14983,"Bass, Tyler",PK,0003,Matt Gerardi,2.0,2,16,7.78,8.25,1,0,,0
2023,14983,"Bass, Tyler",PK,0005,Eric Martel,2.0,3,0,15.75,0.0,0,0,,1
2023,15001,"Curl, Kamren",S,0011,Eric Mannila,1.0,1,6,,24.72,0,0,,0
2023,15001,"Curl, Kamren",S,0011,Eric Mannila,1.0,2,6,0.0,0.0,0,0,,1
2023,15261,"Hubbard, Chuba",RB,0011,Eric Mannila,1.0,1,9,,24.04,0,0,,0
2023,15261,"Hubbard, Chuba",RB,0011,Eric Mannila,1.0,2,9,0.0,0.0,0,0,,1
2023,15308,"Marshall, Terrace",WR,0007,Josh Martel,1.0,1,13,,24.08,0,0,,0
2023,15308,"Marshall, Terrace",WR,0010,Shawn Blake,3.0,2,20,17.44,17.51,1,0,,0
2023,15308,"Marshall, Terrace",WR,0010,Shawn Blake,4.0,3,6,14.28,7.79,1,0,,0
2023,15308,"Marshall, Terrace",WR,0007,Josh Martel,4.0,4,13,16.21,0.0,0,0,,1
2023,15337,"Gray, Noah",TE,0008,Keith Creelman,1.0,1,11,,24.74,0,0,,0
2023,15337,"Gray, Noah",TE,0008,Keith Creelman,1.0,2,12,0.0,0.0,0,0,,1
2023,15352,"Collins, Zaven",DE,0004,Brian Cutting,1.0,1,6,,24.06,0,0,,0
2023,15352,"Collins, Zaven",DE,0004,Brian Cutting,1.0,2,6,0.0,0.0,0,0,,1
2023,15368,"McPherson, Evan",PK,0006,Josh Lima,1.0,1,7,,24.14,0,0,,0
2023,15368,"McPherson, Evan",PK,0006,Josh Lima,1.0,2,7,0.0,0.0,0,0,,1
2023,15369,"Patterson, Riley",PK,0008,Keith Creelman,1.0,1,5,,24.77,0,0,,0
2023,15369,"Patterson, Riley",PK,0008,Keith Creelman,1.0,2,6,0.0,0.0,0,0,,1
2023,15399,"Rice, Monty",LB,0010,Shawn Blake,1.0,1,6,,24.42,0,0,,0
2023,15399,"Rice, Monty",LB,0010,Shawn Blake,1.0,2,7,0.0,0.0,0,0,,1
2023,15414,"Nwangwu, Kene",RB,0009,Bear Dunn,1.0,1,6,,24.23,0,0,,0
2023,15414,"Nwangwu, Kene",RB,0009,Bear Dunn,1.0,2,6,0.0,0.0,0,0,,1
2023,15499,"Gillikin, Blake",PN,0004,Brian Cutting,1.0,1,6,,24.17,0,0,,0
2023,15499,"Gillikin, Blake",PN,0004,Brian Cutting,1.0,2,7,0.0,0.0,0,0,,1
2023,15696,"Zappe, Bailey",QB,0011,Eric Mannila,1.0,1,6,,30.19,0,0,,0
2023,15696,"Zappe, Bailey",QB,0003,Matt Gerardi,2.0,2,12,17.84,24.03,0,1,0011,0
2023,15696,"Zappe, Bailey",QB,0003,Matt Gerardi,2.0,3,12,0.0,0.0,0,0,,1
2023,15727,"Knight, Zonovan",RB,0009,Bear Dunn,1.0,1,7,,0.0,0,0,,0
2023,15738,"Davis, Malik",RB,0006,Josh Lima,1.0,1,10,,24.07,0,0,,0
2023,15738,"Davis, Malik",RB,0006,Josh Lima,1.0,2,10,0.0,0.0,0,0,,1
2023,15763,"Ross, Justyn",WR,0011,Eric Mannila,1.0,1,18,,52.41,0,0,,0
2023,15763,"Ross, Justyn",WR,0007,Josh Martel,4.0,2,22,20.11,48.53,1,0,,0
2023,15763,"Ross, Justyn",WR,0007,Josh Martel,5.0,3,14,8.18,32.71,1,0,,0
2023,15763,"Ross, Justyn",WR,0007,Josh Martel,8.0,4,15,23.31,32.02,0,1,0011,0
2023,15763,"Ross, Justyn",WR,0011,Eric Mannila,9.0,5,15,23.74,31.76,1,0,,0
2023,15763,"Ross, Justyn",WR,0011,Eric Mannila,10.0,6,15,24.0,31.76,1,0,,0
2023,15763,"Ross, Justyn",WR,0011,Eric Mannila,11.0,7,15,24.0,31.75,0,1,0007,0
2023,15763,"Ross, Justyn",WR,0002,Derrick Whitman,12.0,8,22,16.91,24.66,0,1,0011,0
2023,15763,"Ross, Justyn",WR,0011,Eric Mannila,15.0,9,22,23.97,24.62,0,1,0002,0
2023,15763,"Ross, Justyn",WR,0011,Eric Mannila,15.0,10,23,0.0,0.0,0,0,,1
2023,15786,"Nailor, Jalen",WR,0001,Ryan Bousquet,1.0,1,11,,24.02,0,0,,0
2023,15786,"Nailor, Jalen",WR,0001,Ryan Bousquet,1.0,2,11,0.0,0.0,0,0,,1
2023,15799,"Ferguson, Jake",TE,0010,Shawn Blake,1.0,1,0,,24.58,0,0,,0
2023,15799,"Ferguson, Jake",TE,0010,Shawn Blake,1.0,2,0,0.0,0.0,0,0,,1
2023,15821,"Dean, Nakobe",LB,0010,Shawn Blake,1.0,1,14,,24.01,0,0,,0
2023,15821,"Dean, Nakobe",LB,0010,Shawn Blake,1.0,2,14,0.0,0.0,0,0,,1
2023,15884,"Stout, Jordan",PN,0011,Eric Mannila,1.0,1,20,,24.56,0,0,,0
2023,15884,"Stout, Jordan",PN,0011,Eric Mannila,1.0,2,20,0.0,0.0,0,0,,1
2023,15887,"Camarda, Jake",PN,0010,Shawn Blake,1.0,1,6,,24.0,0,0,,0
2023,15887,"Camarda, Jake",PN,0010,Shawn Blake,1.0,2,6,0.0,0.0,0,0,,1
2023,15979,"Dicker, Cameron",PK,0012,Chris Klingenberg,1.0,1,9,,24.07,0,0,,0
2023,15979,"Dicker, Cameron",PK,0012,Chris Klingenberg,1.0,2,9,0.0,0.0,0,0,,1
2023,16011,"Stonehouse, Ryan",PN,0005,Eric Martel,1.0,1,0,,24.43,0,0,,0
2023,16011,"Stonehouse, Ryan",PN,0005,Eric Martel,1.0,2,0,0.0,0.0,0,0,,1
2023,16154,"Hall, Jaren",QB,0011,Eric Mannila,1.0,1,21,,24.14,0,0,,0
2023,16154,"Hall, Jaren",QB,0011,Eric Mannila,1.0,2,21,0.0,0.0,0,0,,1
2023,16158,"Thompson-Robinson, Dorian",QB,0007,Josh Martel,1.0,1,13,,24.06,0,0,,0
2023,16158,"Thompson-Robinson, Dorian",QB,0007,Josh Martel,1.0,2,13,0.0,0.0,0,0,,1
2023,16170,"McIntosh, Kenny",RB,0007,Josh Martel,1.0,1,13,,24.11,0,0,,0
2023,16170,"McIntosh, Kenny",RB,0004,Brian Cutting,2.0,2,17,20.04,20.15,1,0,,0
2023,16170,"McIntosh, Kenny",RB,0004,Brian Cutting,3.0,3,17,23.98,20.13,1,0,,0
2023,16170,"McIntosh, Kenny",RB,0004,Brian Cutting,4.0,4,17,24.0,20.13,1,0,,0
2023,16170,"McIntosh, Kenny",RB,0007,Josh Martel,4.0,5,13,3.87,0.0,0,0,,1
2023,16195,"Wicks, Dontayvion",WR,0004,Brian Cutting,1.0,1,14,,40.86,0,0,,0
2023,16195,"Wicks, Dontayvion",WR,0009,Bear Dunn,2.0,2,7,7.18,24.04,0,1,0004,0
2023,16195,"Wicks, Dontayvion",WR,0009,Bear Dunn,2.0,3,7,0.0,0.0,0,0,,1
2023,16253,"Forbes, Emmanuel",CB,0003,Matt Gerardi,1.0,1,9,,24.4,0,0,,0
2023,16253,"Forbes, Emmanuel",CB,0003,Matt Gerardi,1.0,2,9,0.0,0.0,0,0,,1
2023,16269,"Strange, Brenton",TE,0004,Brian Cutting,1.0,1,7,,24.23,0,0,,0
2023,16269,"Strange, Brenton",TE,0004,Brian Cutting,1.0,2,7,0.0,0.0,0,0,,1
2023,16380,"Prince, Deneric",RB,0008,Keith Creelman,1.0,1,16,,39.33,0,0,,0
2023,16380,"Prince, Deneric",RB,0009,Bear Dunn,4.0,2,6,10.34,25.67,1,0,,0
2023,16380,"Prince, Deneric",RB,0002,Derrick Whitman,5.0,3,8,22.38,24.06,0,1,0008,0
2023,16380,"Prince, Deneric",RB,0002,Derrick Whitman,5.0,4,8,0.0,0.0,0,0,,1
2023,16390,"McLaughlin, Jaleel",RB,0003,Matt Gerardi,1.0,1,17,,24.02,0,0,,0
2023,16390,"McLaughlin, Jaleel",RB,0003,Matt Gerardi,1.0,2,17,0.0,0.0,0,0,,1
2023,7836,"Rodgers, Aaron",QB,0008,Keith Creelman,1.0,1,14,,42.3,0,0,,0
2023,7836,"Rodgers, Aaron",QB,0010,Shawn Blake,2.0,2,14,23.56,41.86,0,1,0008,0
2023,7836,"Rodgers, Aaron",QB,0008,Keith Creelman,30.0,3,16,22.25,40.12,1,0,,0
2023,7836,"Rodgers, Aaron",QB,0011,Eric Mannila,36.0,4,8,7.9,24.02,1,0,,0
2023,7836,"Rodgers, Aaron",QB,0011,Eric Mannila,37.0,5,8,23.99,24.01,0,1,0010,0
2023,7836,"Rodgers, Aaron",QB,0010,Shawn Blake,40.0,6,15,16.99,17.0,1,0,,0
2023,7836,"Rodgers, Aaron",QB,0010,Shawn Blake,45.0,7,1,13.95,6.95,1,0,,0
2023,7836,"Rodgers, Aaron",QB,0010,Shawn Blake,48.0,8,6,19.03,1.98,1,0,,0
2023,7836,"Rodgers, Aaron",QB,0010,Shawn Blake,50.0,9,7,22.84,0.82,1,0,,0
2023,7836,"Rodgers, Aaron",QB,0011,Eric Mannila,50.0,10,8,23.18,0.0,0,0,,1
2023,9694,"Gano, Graham",PK,0001,Ryan Bousquet,1.0,1,23,,24.01,0,0,,0
2023,9694,"Gano, Graham",PK,0001,Ryan Bousquet,1.0,2,23,0.0,0.0,0,0,,1
2023,9899,"McCoy, Colt",QB,0009,Bear Dunn,1.0,1,7,,0.0,0,0,,0
2024,10703,"Wilson, Russell",QB,0006,Brian Cross,1.0,1,12,,24.33,0,0,,0
2024,10703,"Wilson, Russell",QB,0011,Eric Mannila,3.0,2,12,23.74,24.07,0,1,0006,0
2024,10703,"Wilson, Russell",QB,0004,Brian Cutting,4.0,3,12,23.97,24.04,0,1,0011,0
2024,10703,"Wilson, Russell",QB,0011,Eric Mannila,5.0,4,21,14.99,15.03,1,0,,0
2024,10703,"Wilson, Russell",QB,0011,Eric Mannila,6.0,5,21,23.99,15.02,1,0,,0
2024,10703,"Wilson, Russell",QB,0010,Shawn Blake,7.0,6,7,14.22,5.24,1,0,,0
2024,10703,"Wilson, Russell",QB,0004,Brian Cutting,7.0,7,12,18.76,0.0,0,0,,1
2024,10768,"David, Lavonte",LB,0001,Ryan Bousquet,1.0,1,23,,47.38,0,0,,0
2024,10768,"David, Lavonte",LB,0010,Shawn Blake,2.0,2,19,3.9,27.28,1,0,,0
2024,10768,"David, Lavonte",LB,0012,Chris Klingenberg,3.0,3,23,20.83,24.12,0,1,0001,0
2024,10768,"David, Lavonte",LB,0012,Chris Klingenberg,3.0,4,23,0.0,0.0,0,0,,1
2024,10775,"Wagner, Bobby",LB,0010,Shawn Blake,1.0,1,6,,34.68,0,0,,0
2024,10775,"Wagner, Bobby",LB,0006,Brian Cross,2.0,2,16,13.45,24.13,0,1,0010,0
2024,10775,"Wagner, Bobby",LB,0006,Brian Cross,2.0,3,17,0.0,0.0,0,0,,1
2024,10783,"Smith, Harrison",S,0008,Keith Creelman,1.0,1,7,,24.04,0,0,,0
2024,10783,"Smith, Harrison",S,0008,Keith Creelman,1.0,2,7,0.0,0.0,0,0,,1
2024,10976,"Tucker, Justin",PK,0012,Chris Klingenberg,1.0,1,14,,24.06,0,0,,0
2024,10976,"Tucker, Justin",PK,0012,Chris Klingenberg,1.0,2,14,0.0,0.0,0,0,,1
2024,11232,"Hopkins, DeAndre",WR,0002,Derrick Whitman,1.0,1,17,,43.54,0,0,,0
2024,11232,"Hopkins, DeAndre",WR,0010,Shawn Blake,2.0,2,7,9.89,29.43,1,0,,0
2024,11232,"Hopkins, DeAndre",WR,0001,Ryan Bousquet,4.0,3,8,22.76,28.18,1,0,,0
2024,11232,"Hopkins, DeAndre",WR,0008,Keith Creelman,11.0,4,13,19.84,24.02,0,1,0002,0
2024,11232,"Hopkins, DeAndre",WR,0008,Keith Creelman,11.0,5,13,0.0,0.0,0,0,,1
2024,11247,"Ertz, Zach",TE,0012,Chris Klingenberg,1.0,1,9,,36.81,0,0,,0
2024,11247,"Ertz, Zach",TE,0004,Brian Cutting,2.0,2,11,21.88,34.7,0,1,0012,0
2024,11247,"Ertz, Zach",TE,0012,Chris Klingenberg,3.0,3,22,13.37,24.07,0,1,0004,0
2024,11247,"Ertz, Zach",TE,0004,Brian Cutting,4.0,4,8,13.9,13.97,1,0,,0
2024,11247,"Ertz, Zach",TE,0012,Chris Klingenberg,4.0,5,22,10.03,0.0,0,0,,1
2024,11313,"Mathieu, Tyrann",S,0002,Derrick Whitman,1.0,1,9,,24.0,0,0,,0
2024,11313,"Mathieu, Tyrann",S,0002,Derrick Whitman,1.0,2,9,0.0,0.0,0,0,,1
2024,11317,"Poyer, Jordan",S,0009,Bear Dunn,1.0,1,7,,24.13,0,0,,0
2024,11317,"Poyer, Jordan",S,0009,Bear Dunn,1.0,2,7,0.0,0.0,0,0,,1
2024,11671,"Evans, Mike",WR,0007,Josh Martel,1.0,1,13,,56.98,0,0,,0
2024,11671,"Evans, Mike",WR,0008,Keith Creelman,2.0,2,15,22.28,55.26,0,1,0007,0
2024,11671,"Evans, Mike",WR,0010,Shawn Blake,4.0,3,17,22.18,53.44,1,0,,0
2024,11671,"Evans, Mike",WR,0001,Ryan Bousquet,5.0,4,22,19.02,48.46,0,1,0008,0
2024,11671,"Evans, Mike",WR,0012,Chris Klingenberg,8.0,5,23,23.12,47.59,0,1,0001,0
2024,11671,"Evans, Mike",WR,0010,Shawn Blake,9.0,6,7,15.41,38.99,1,0,,0
2024,11671,"Evans, Mike",WR,0009,Bear Dunn,11.0,7,12,18.84,33.83,0,1,0012,0
2024,11671,"Evans, Mike",WR,0012,Chris Klingenberg,15.0,8,21,14.9,24.74,0,1,0009,0
2024,11671,"Evans, Mike",WR,0001,Ryan Bousquet,20.0,9,22,23.52,24.26,1,0,,0
2024,11671,"Evans, Mike",WR,0001,Ryan Bousquet,21.0,10,22,23.95,24.2,0,1,0012,0
2024,11671,"Evans, Mike",WR,0012,Chris Klingenberg,24.0,11,22,23.8,24.0,0,1,0001,0
2024,11671,"Evans, Mike",WR,0012,Chris Klingenberg,24.0,12,22,0.0,0.0,0,0,,1
2024,11674,"Cooks, Brandin",WR,0008,Keith Creelman,1.0,1,5,,24.04,0,0,,0
2024,11674,"Cooks, Brandin",WR,0001,Ryan Bousquet,2.0,2,23,6.55,6.59,1,0,,0
2024,11674,"Cooks, Brandin",WR,0008,Keith Creelman,2.0,3,5,17.41,0.0,0,0,,1
2024,11675,"Adams, Davante",WR,0011,Eric Mannila,1.0,1,12,,33.78,0,0,,0
2024,11675,"Adams, Davante",WR,0004,Brian Cutting,10.0,2,12,23.38,33.16,1,0,,0
2024,11675,"Adams, Davante",WR,0004,Brian Cutting,12.0,3,12,24.0,33.16,1,0,,0
2024,11675,"Adams, Davante",WR,0004,Brian Cutting,15.0,4,16,20.1,29.26,1,0,,0
2024,11675,"Adams, Davante",WR,0004,Brian Cutting,20.0,5,22,18.76,24.01,1,0,,0
2024,11675,"Adams, Davante",WR,0004,Brian Cutting,26.0,6,22,23.99,24.0,0,1,0011,0
2024,11675,"Adams, Davante",WR,0012,Chris Klingenberg,30.0,7,20,1.13,1.13,1,0,,0
2024,11675,"Adams, Davante",WR,0004,Brian Cutting,30.0,8,22,22.87,0.0,0,0,,1
2024,11706,"Clowney, Jadeveon",DE,0006,Brian Cross,1.0,1,7,,26.02,0,0,,0
2024,11706,"Clowney, Jadeveon",DE,0012,Chris Klingenberg,2.0,2,9,21.98,24.0,0,1,0006,0
2024,11706,"Clowney, Jadeveon",DE,0012,Chris Klingenberg,2.0,3,9,0.0,0.0,0,0,,1
2024,11721,"Mack, Khalil",DE,0002,Derrick Whitman,1.0,1,17,,24.15,0,0,,0
2024,11721,"Mack, Khalil",DE,0009,Bear Dunn,2.0,2,12,4.82,4.97,1,0,,0
2024,11721,"Mack, Khalil",DE,0002,Derrick Whitman,2.0,3,17,19.03,0.0,0,0,,1
2024,11938,"Thielen, Adam",WR,0002,Derrick Whitman,1.0,1,9,,24.09,0,0,,0
2024,11938,"Thielen, Adam",WR,0002,Derrick Whitman,2.0,2,23,9.95,10.04,0,0,,0
2024,11938,"Thielen, Adam",WR,0001,Ryan Bousquet,3.0,3,7,15.94,1.97,1,0,,0
2024,11938,"Thielen, Adam",WR,0002,Derrick Whitman,3.0,4,9,22.03,0.0,0,0,,1
2024,11945,"Santos, Cairo",PK,0010,Shawn Blake,1.0,1,6,,24.18,0,0,,0
2024,11945,"Santos, Cairo",PK,0010,Shawn Blake,1.0,2,6,0.0,0.0,0,0,,1
2024,11985,"Way, Tress",PN,0006,Brian Cross,1.0,1,12,,24.13,0,0,,0
2024,11985,"Way, Tress",PN,0006,Brian Cross,1.0,2,12,0.0,0.0,0,0,,1
2024,12140,"Winston, Jameis",QB,0003,Matt Gerardi,1.0,1,18,,24.13,0,0,,0
2024,12140,"Winston, Jameis",QB,0003,Matt Gerardi,1.0,2,18,0.0,0.0,0,0,,1
2024,12186,"Diggs, Stefon",WR,0004,Brian Cutting,1.0,1,12,,42.23,0,0,,0
2024,12186,"Diggs, Stefon",WR,0008,Keith Creelman,7.0,2,16,20.41,38.64,0,1,0004,0
2024,12186,"Diggs, Stefon",WR,0012,Chris Klingenberg,12.0,3,22,17.7,32.34,1,0,,0
2024,12186,"Diggs, Stefon",WR,0012,Chris Klingenberg,15.0,4,22,23.99,32.33,0,1,0008,0
2024,12186,"Diggs, Stefon",WR,0011,Eric Mannila,16.0,5,6,15.83,24.16,0,1,0012,0
2024,12186,"Diggs, Stefon",WR,0011,Eric Mannila,16.0,6,7,0.0,0.0,0,0,,1
2024,12187,"Lockett, Tyler",WR,0010,Shawn Blake,1.0,1,6,,38.26,0,0,,0
2024,12187,"Lockett, Tyler",WR,0012,Chris Klingenberg,3.0,2,20,9.84,24.09,0,1,0010,0
2024,12187,"Lockett, Tyler",WR,0010,Shawn Blake,4.0,3,17,2.78,2.88,1,0,,0
2024,12187,"Lockett, Tyler",WR,0012,Chris Klingenberg,4.0,4,20,21.12,0.0,0,0,,1
2024,12221,"Hunter, Danielle",DE,0005,Eric Martel,1.0,5,12,,24.01,0,0,,0
2024,12221,"Hunter, Danielle",DE,0010,Shawn Blake,2.0,6,12,23.54,23.55,1,0,,0
2024,12221,"Hunter, Danielle",DE,0001,Ryan Bousquet,4.0,7,22,14.4,13.96,1,0,,0
2024,12221,"Hunter, Danielle",DE,0005,Eric Martel,4.0,8,12,10.04,0.0,0,0,,1
2024,12287,"Hicks, Jordan",LB,0002,Derrick Whitman,1.0,1,11,,24.46,0,0,,0
2024,12287,"Hicks, Jordan",LB,0002,Derrick Whitman,1.0,2,11,0.0,0.0,0,0,,1
2024,12447,"Mostert, Raheem",RB,0010,Shawn Blake,1.0,1,12,,24.1,0,0,,0
2024,12447,"Mostert, Raheem",RB,0005,Eric Martel,6.0,2,12,23.91,24.01,0,1,0010,0
2024,12447,"Mostert, Raheem",RB,0010,Shawn Blake,7.0,3,12,23.8,23.81,1,0,,0
2024,12447,"Mostert, Raheem",RB,0010,Shawn Blake,8.0,4,15,21.4,21.2,1,0,,0
2024,12447,"Mostert, Raheem",RB,0010,Shawn Blake,10.0,5,17,21.98,19.18,1,0,,0
2024,12447,"Mostert, Raheem",RB,0010,Shawn Blake,11.0,6,19,22.0,17.18,1,0,,0
2024,12447,"Mostert, Raheem",RB,0001,Ryan Bousquet,12.0,7,22,21.04,14.22,1,0,,0
2024,12447,"Mostert, Raheem",RB,0001,Ryan Bousquet,16.0,8,6,15.98,6.21,1,0,,0
2024,12447,"Mostert, Raheem",RB,0010,Shawn Blake,17.0,9,7,22.55,4.75,1,0,,0
2024,12447,"Mostert, Raheem",RB,0008,Keith Creelman,19.0,10,10,21.31,2.07,1,0,,0
2024,12447,"Mostert, Raheem",RB,0008,Keith Creelman,20.0,11,12,22.27,0.34,1,0,,0
2024,12447,"Mostert, Raheem",RB,0005,Eric Martel,20.0,12,12,23.66,0.0,0,0,,1
2024,12616,"Brissett, Jacoby",QB,0008,Keith Creelman,1.0,1,0,,24.02,0,0,,0
2024,12616,"Brissett, Jacoby",QB,0010,Shawn Blake,3.0,2,7,16.35,16.37,1,0,,0
2024,12616,"Brissett, Jacoby",QB,0008,Keith Creelman,3.0,3,0,7.63,0.0,0,0,,1
2024,12620,"Prescott, Dak",QB,0004,Brian Cutting,1.0,5,12,,33.18,1,0,,0
2024,12620,"Prescott, Dak",QB,0004,Brian Cutting,30.0,6,15,21.61,30.79,1,0,,0
2024,12620,"Prescott, Dak",QB,0004,Brian Cutting,35.0,7,21,17.37,24.16,1,0,,0
2024,12620,"Prescott, Dak",QB,0011,Eric Mannila,36.0,8,21,23.99,24.15,1,0,,0
2024,12620,"Prescott, Dak",QB,0004,Brian Cutting,37.0,9,22,23.85,24.0,1,0,,0
2024,12620,"Prescott, Dak",QB,0004,Brian Cutting,39.0,10,6,15.09,15.09,1,0,,0
2024,12620,"Prescott, Dak",QB,0004,Brian Cutting,40.0,11,22,8.93,0.03,1,0,,0
2024,12620,"Prescott, Dak",QB,0004,Brian Cutting,41.0,12,22,23.99,0.02,1,0,,0
2024,12620,"Prescott, Dak",QB,0004,Brian Cutting,42.0,13,22,24.0,0.01,1,0,,0
2024,12620,"Prescott, Dak",QB,0004,Brian Cutting,45.0,14,22,23.99,0.0,1,0,,0
2024,12620,"Prescott, Dak",QB,0004,Brian Cutting,45.0,15,22,24.0,0.0,1,0,,1
2024,12625,"Elliott, Ezekiel",RB,0008,Keith Creelman,1.0,1,5,,48.98,0,0,,0
2024,12625,"Elliott, Ezekiel",RB,0008,Keith Creelman,2.0,2,16,12.75,37.73,0,0,,0
2024,12625,"Elliott, Ezekiel",RB,0006,Brian Cross,3.0,3,16,23.99,37.72,0,1,0008,0
2024,12625,"Elliott, Ezekiel",RB,0012,Chris Klingenberg,4.0,4,20,20.31,34.03,0,1,0006,0
2024,12625,"Elliott, Ezekiel",RB,0010,Shawn Blake,6.0,5,22,22.06,32.09,0,1,0012,0
2024,12625,"Elliott, Ezekiel",RB,0012,Chris Klingenberg,7.0,6,23,23.49,31.59,0,1,0010,0
2024,12625,"Elliott, Ezekiel",RB,0005,Eric Martel,9.0,7,6,16.43,24.02,0,1,0012,0
2024,12625,"Elliott, Ezekiel",RB,0010,Shawn Blake,10.0,8,6,23.93,23.95,1,0,,0
2024,12625,"Elliott, Ezekiel",RB,0010,Shawn Blake,11.0,9,21,8.91,8.86,1,0,,0
2024,12625,"Elliott, Ezekiel",RB,0005,Eric Martel,11.0,10,6,15.14,0.0,0,0,,1
2024,12626,"Henry, Derrick",RB,0005,Eric Martel,1.0,2,12,,79.7,0,0,,0
2024,12626,"Henry, Derrick",RB,0010,Shawn Blake,2.0,3,12,23.55,79.25,0,1,0005,0
2024,12626,"Henry, Derrick",RB,0005,Eric Martel,6.0,4,12,23.93,79.18,0,1,0010,0
2024,12626,"Henry, Derrick",RB,0001,Ryan Bousquet,8.0,5,22,14.5,69.68,0,1,0005,0
2024,12626,"Henry, Derrick",RB,0004,Brian Cutting,15.0,6,22,23.59,69.27,0,1,0001,0
2024,12626,"Henry, Derrick",RB,0001,Ryan Bousquet,16.0,7,22,23.94,69.21,0,1,0004,0
2024,12626,"Henry, Derrick",RB,0004,Brian Cutting,20.0,8,22,23.7,68.9,1,0,,0
2024,12626,"Henry, Derrick",RB,0009,Bear Dunn,23.0,9,12,10.16,55.06,1,0,,0
2024,12626,"Henry, Derrick",RB,0002,Derrick Whitman,26.0,10,20,16.71,47.77,0,1,0001,0
2024,12626,"Henry, Derrick",RB,0004,Brian Cutting,28.0,11,22,21.9,45.67,0,1,0002,0
2024,12626,"Henry, Derrick",RB,0002,Derrick Whitman,30.0,12,7,14.75,36.42,1,0,,0
2024,12626,"Henry, Derrick",RB,0002,Derrick Whitman,31.0,13,15,15.98,28.4,0,1,0004,0
2024,12626,"Henry, Derrick",RB,0008,Keith Creelman,32.0,14,16,23.45,27.85,1,0,,0
2024,12626,"Henry, Derrick",RB,0003,Matt Gerardi,34.0,15,19,20.19,24.04,0,1,0002,0
2024,12626,"Henry, Derrick",RB,0003,Matt Gerardi,34.0,16,19,0.0,0.0,0,0,,1
2024,12678,"Higbee, Tyler",TE,0008,Keith Creelman,1.0,1,0,,29.08,0,0,,0
2024,12678,"Higbee, Tyler",TE,0008,Keith Creelman,1.0,2,5,0.0,0.0,0,0,,1
2024,12686,"Bosa, Joey",DE,0010,Shawn Blake,1.0,1,7,,24.01,0,0,,0
2024,12686,"Bosa, Joey",DE,0010,Shawn Blake,2.0,2,23,8.31,8.32,0,0,,0
2024,12686,"Bosa, Joey",DE,0010,Shawn Blake,2.0,3,7,15.68,0.0,0,0,,1
2024,12688,"Buckner, DeForest",DT,0001,Ryan Bousquet,1.0,1,16,,24.42,0,0,,0
2024,12688,"Buckner, DeForest",DT,0001,Ryan Bousquet,1.0,2,17,0.0,0.0,0,0,,1
2024,12779,"Campbell, De'Vondre",LB,0008,Keith Creelman,1.0,1,0,,29.1,0,0,,0
2024,12779,"Campbell, De'Vondre",LB,0008,Keith Creelman,1.0,2,5,0.0,0.0,0,0,,1
2024,12785,"Robinson, Demarcus",WR,0007,Josh Martel,1.0,1,16,,24.04,0,0,,0
2024,12785,"Robinson, Demarcus",WR,0007,Josh Martel,1.0,2,16,0.0,0.0,0,0,,1
2024,12801,"Hill, Tyreek",WR,0011,Eric Mannila,1.0,1,12,,33.69,0,0,,0
2024,12801,"Hill, Tyreek",WR,0011,Eric Mannila,7.0,2,12,23.75,33.44,0,0,,0
2024,12801,"Hill, Tyreek",WR,0010,Shawn Blake,10.0,3,12,23.9,33.35,1,0,,0
2024,12801,"Hill, Tyreek",WR,0004,Brian Cutting,26.0,4,12,23.72,33.07,0,1,0011,0
2024,12801,"Hill, Tyreek",WR,0011,Eric Mannila,29.0,5,14,22.07,31.14,1,0,,0
2024,12801,"Hill, Tyreek",WR,0011,Eric Mannila,35.0,6,21,16.93,24.06,1,0,,0
2024,12801,"Hill, Tyreek",WR,0007,Josh Martel,61.0,7,21,23.94,24.0,0,1,0004,0
2024,12801,"Hill, Tyreek",WR,0007,Josh Martel,61.0,8,21,0.0,0.0,0,0,,1
2024,12860,"Fairbairn, Ka'imi",PK,0011,Eric Mannila,1.0,1,5,,24.09,0,0,,0
2024,12860,"Fairbairn, Ka'imi",PK,0011,Eric Mannila,1.0,2,5,0.0,0.0,0,0,,1
2024,13131,"Mixon, Joe",RB,0001,Ryan Bousquet,1.0,8,22,,42.4,1,0,,0
2024,13131,"Mixon, Joe",RB,0001,Ryan Bousquet,3.0,9,7,14.63,33.03,1,0,,0
2024,13131,"Mixon, Joe",RB,0002,Derrick Whitman,6.0,10,9,22.18,31.21,1,0,,0
2024,13131,"Mixon, Joe",RB,0002,Derrick Whitman,10.0,11,11,21.88,29.09,1,0,,0
2024,13131,"Mixon, Joe",RB,0009,Bear Dunn,11.0,12,16,18.99,24.09,1,0,,0
2024,13131,"Mixon, Joe",RB,0009,Bear Dunn,14.0,13,13,2.73,2.82,1,0,,0
2024,13131,"Mixon, Joe",RB,0009,Bear Dunn,15.0,14,15,21.96,0.78,1,0,,0
2024,13131,"Mixon, Joe",RB,0009,Bear Dunn,16.0,15,15,24.0,0.78,1,0,,0
2024,13131,"Mixon, Joe",RB,0009,Bear Dunn,17.0,16,16,23.96,0.74,1,0,,0
2024,13131,"Mixon, Joe",RB,0009,Bear Dunn,18.0,17,16,23.92,0.66,1,0,,0
2024,13131,"Mixon, Joe",RB,0009,Bear Dunn,19.0,18,16,23.96,0.62,1,0,,0
2024,13131,"Mixon, Joe",RB,0009,Bear Dunn,19.0,19,16,23.38,0.0,1,0,,1
2024,13132,"Kamara, Alvin",RB,0006,Brian Cross,1.0,1,12,,92.86,0,0,,0
2024,13132,"Kamara, Alvin",RB,0011,Eric Mannila,2.0,2,12,23.73,92.59,0,1,0006,0
2024,13132,"Kamara, Alvin",RB,0008,Keith Creelman,4.0,3,15,21.43,90.02,0,1,0011,0
2024,13132,"Kamara, Alvin",RB,0003,Matt Gerardi,5.0,4,15,23.9,89.92,0,1,0008,0
2024,13132,"Kamara, Alvin",RB,0010,Shawn Blake,6.0,5,7,7.81,73.73,1,0,,0
2024,13132,"Kamara, Alvin",RB,0010,Shawn Blake,7.0,6,7,23.86,73.59,1,0,,0
2024,13132,"Kamara, Alvin",RB,0010,Shawn Blake,10.0,7,7,23.98,73.57,1,0,,0
2024,13132,"Kamara, Alvin",RB,0010,Shawn Blake,11.0,8,8,23.77,73.34,0,1,0003,0
2024,13132,"Kamara, Alvin",RB,0003,Matt Gerardi,13.0,9,13,19.02,68.36,0,1,0010,0
2024,13132,"Kamara, Alvin",RB,0005,Eric Martel,15.0,10,14,23.01,67.37,0,1,0003,0
2024,13132,"Kamara, Alvin",RB,0010,Shawn Blake,16.0,11,19,18.16,61.53,0,1,0005,0
2024,13132,"Kamara, Alvin",RB,0008,Keith Creelman,17.0,12,13,6.0,43.52,0,1,0010,0
2024,13132,"Kamara, Alvin",RB,0007,Josh Martel,20.0,13,14,23.78,43.3,1,0,,0
2024,13132,"Kamara, Alvin",RB,0007,Josh Martel,23.0,14,15,22.36,41.66,0,1,0008,0
2024,13132,"Kamara, Alvin",RB,0008,Keith Creelman,25.0,15,16,23.68,41.34,1,0,,0
2024,13132,"Kamara, Alvin",RB,0008,Keith Creelman,26.0,16,16,23.68,41.02,0,1,0007,0
2024,13132,"Kamara, Alvin",RB,0002,Derrick Whitman,27.0,17,9,7.0,24.03,0,1,0008,0
2024,13132,"Kamara, Alvin",RB,0002,Derrick Whitman,27.0,18,9,0.0,0.0,0,0,,1
2024,13133,"Perine, Samaje",RB,0006,Brian Cross,1.0,1,7,,46.91,0,0,,0
2024,13133,"Perine, Samaje",RB,0010,Shawn Blake,2.0,2,6,1.09,24.0,0,1,0006,0
2024,13133,"Perine, Samaje",RB,0010,Shawn Blake,3.0,3,7,23.34,23.34,0,0,,0
2024,13133,"Perine, Samaje",RB,0010,Shawn Blake,3.0,4,6,0.66,0.0,0,0,,1
2024,13134,"Foreman, D'Onta",RB,0005,Eric Martel,1.0,1,4,,25.04,0,0,,0
2024,13134,"Foreman, D'Onta",RB,0005,Eric Martel,1.0,2,5,0.0,0.0,0,0,,1
2024,13139,"Williams, Jamaal",RB,0006,Brian Cross,1.0,1,1,,29.65,0,0,,0
2024,13139,"Williams, Jamaal",RB,0006,Brian Cross,1.0,2,6,0.0,0.0,0,0,,1
2024,13146,"Conner, James",RB,0002,Derrick Whitman,1.0,1,9,,55.78,0,0,,0
2024,13146,"Conner, James",RB,0002,Derrick Whitman,2.0,2,10,22.7,54.49,0,0,,0
2024,13146,"Conner, James",RB,0003,Matt Gerardi,6.0,3,13,21.78,52.26,1,0,,0
2024,13146,"Conner, James",RB,0005,Eric Martel,9.0,4,20,16.6,44.86,0,1,0002,0
2024,13146,"Conner, James",RB,0004,Brian Cutting,10.0,5,22,21.79,42.66,1,0,,0
2024,13146,"Conner, James",RB,0004,Brian Cutting,12.0,6,15,7.13,25.78,1,0,,0
2024,13146,"Conner, James",RB,0004,Brian Cutting,13.0,7,15,24.0,25.78,1,0,,0
2024,13146,"Conner, James",RB,0004,Brian Cutting,14.0,8,15,23.99,25.77,1,0,,0
2024,13146,"Conner, James",RB,0007,Josh Martel,16.0,9,17,22.24,24.01,0,1,0005,0
2024,13146,"Conner, James",RB,0001,Ryan Bousquet,20.0,10,23,18.3,18.31,1,0,,0
2024,13146,"Conner, James",RB,0007,Josh Martel,20.0,11,17,5.69,0.0,0,0,,1
2024,13154,"Williams, Mike",WR,0003,Matt Gerardi,1.0,1,1,,46.29,0,0,,0
2024,13154,"Williams, Mike",WR,0001,Ryan Bousquet,2.0,2,0,1.79,24.08,1,0,,0
2024,13154,"Williams, Mike",WR,0001,Ryan Bousquet,3.0,3,0,23.98,24.06,0,1,0003,0
2024,13154,"Williams, Mike",WR,0001,Ryan Bousquet,3.0,4,0,0.0,0.0,0,0,,1
2024,13168,"Reynolds, Josh",WR,0006,Brian Cross,1.0,1,22,,54.29,0,0,,0
2024,13168,"Reynolds, Josh",WR,0008,Keith Creelman,2.0,2,0,22.52,52.82,0,1,0006,0
2024,13168,"Reynolds, Josh",WR,0007,Josh Martel,3.0,3,22,1.4,30.21,0,1,0008,0
2024,13168,"Reynolds, Josh",WR,0007,Josh Martel,3.0,4,4,0.0,0.0,0,0,,1
2024,13172,"Brown, Noah",WR,0001,Ryan Bousquet,1.0,1,22,,47.11,0,0,,0
2024,13172,"Brown, Noah",WR,0008,Keith Creelman,2.0,2,21,1.29,24.4,0,1,0001,0
2024,13172,"Brown, Noah",WR,0008,Keith Creelman,2.0,3,21,0.0,0.0,0,0,,1
2024,13176,"Jones, Zay",WR,0001,Ryan Bousquet,1.0,1,18,,25.65,0,0,,0
2024,13176,"Jones, Zay",WR,0001,Ryan Bousquet,1.0,2,20,0.0,0.0,0,0,,1
2024,13189,"Engram, Evan",TE,0007,Josh Martel,1.0,1,13,,56.65,0,0,,0
2024,13189,"Engram, Evan",TE,0001,Ryan Bousquet,2.0,2,22,15.5,48.15,0,1,0007,0
2024,13189,"Engram, Evan",TE,0012,Chris Klingenberg,5.0,3,22,23.43,47.59,1,0,,0
2024,13189,"Engram, Evan",TE,0012,Chris Klingenberg,7.0,4,23,23.71,47.29,1,0,,0
2024,13189,"Engram, Evan",TE,0012,Chris Klingenberg,10.0,5,23,23.98,47.27,1,0,,0
2024,13189,"Engram, Evan",TE,0012,Chris Klingenberg,11.0,6,23,23.39,46.67,0,1,0001,0
2024,13189,"Engram, Evan",TE,0001,Ryan Bousquet,13.0,7,22,1.34,24.01,0,1,0012,0
2024,13189,"Engram, Evan",TE,0001,Ryan Bousquet,13.0,8,22,0.0,0.0,0,0,,1
2024,13193,"Smith, Jonnu",TE,0011,Eric Mannila,1.0,1,12,,24.22,0,0,,0
2024,13193,"Smith, Jonnu",TE,0011,Eric Mannila,1.0,2,12,0.0,0.0,0,0,,1
2024,13198,"Garrett, Myles",DE,0004,Brian Cutting,1.0,1,4,,58.62,0,0,,0
2024,13198,"Garrett, Myles",DE,0010,Shawn Blake,3.0,2,7,20.29,54.91,1,0,,0
2024,13198,"Garrett, Myles",DE,0011,Eric Mannila,4.0,3,8,23.01,53.92,1,0,,0
2024,13198,"Garrett, Myles",DE,0011,Eric Mannila,5.0,4,16,16.0,45.92,1,0,,0
2024,13198,"Garrett, Myles",DE,0001,Ryan Bousquet,7.0,5,22,17.9,39.82,1,0,,0
2024,13198,"Garrett, Myles",DE,0001,Ryan Bousquet,8.0,6,23,23.91,39.73,0,1,0004,0
2024,13198,"Garrett, Myles",DE,0004,Brian Cutting,9.0,7,14,8.29,24.01,0,1,0001,0
2024,13198,"Garrett, Myles",DE,0004,Brian Cutting,9.0,8,14,0.0,0.0,0,0,,1
2024,13253,"Williams, Marcus",S,0004,Brian Cutting,1.0,1,6,,24.17,0,0,,0
2024,13253,"Williams, Marcus",S,0004,Brian Cutting,1.0,2,7,0.0,0.0,0,0,,1
2024,13284,"Hendrickson, Trey",DE,0009,Bear Dunn,1.0,1,6,,24.39,0,0,,0
2024,13284,"Hendrickson, Trey",DE,0009,Bear Dunn,2.0,2,23,7.44,7.84,0,0,,0
2024,13284,"Hendrickson, Trey",DE,0009,Bear Dunn,3.0,3,23,23.98,7.81,0,0,,0
2024,13284,"Hendrickson, Trey",DE,0009,Bear Dunn,3.0,4,7,16.19,0.0,0,0,,1
2024,13303,"Elliott, Jake",PK,0001,Ryan Bousquet,1.0,1,22,,24.02,0,0,,0
2024,13303,"Elliott, Jake",PK,0001,Ryan Bousquet,1.0,2,22,0.0,0.0,0,0,,1
2024,13319,"Jones, Aaron",RB,0010,Shawn Blake,1.0,1,12,,33.89,0,0,,0
2024,13319,"Jones, Aaron",RB,0008,Keith Creelman,4.0,2,15,20.88,30.77,1,0,,0
2024,13319,"Jones, Aaron",RB,0001,Ryan Bousquet,6.0,3,22,17.23,24.0,0,1,0010,0
2024,13319,"Jones, Aaron",RB,0010,Shawn Blake,8.0,4,7,14.54,14.54,1,0,,0
2024,13319,"Jones, Aaron",RB,0003,Matt Gerardi,9.0,5,19,11.86,2.4,1,0,,0
2024,13319,"Jones, Aaron",RB,0003,Matt Gerardi,10.0,6,19,23.99,2.39,1,0,,0
2024,13319,"Jones, Aaron",RB,0001,Ryan Bousquet,10.0,7,22,21.61,0.0,0,0,,1
2024,13354,"Butker, Harrison",PK,0007,Josh Martel,1.0,1,1,,27.24,0,0,,0
2024,13354,"Butker, Harrison",PK,0007,Josh Martel,1.0,2,5,0.0,0.0,0,0,,1
2024,13403,"Koo, Younghoe",PK,0002,Derrick Whitman,1.0,1,9,,24.1,0,0,,0
2024,13403,"Koo, Younghoe",PK,0002,Derrick Whitman,1.0,2,9,0.0,0.0,0,0,,1
2024,13404,"Ekeler, Austin",RB,0010,Shawn Blake,1.0,1,7,,57.04,0,0,,0
2024,13404,"Ekeler, Austin",RB,0010,Shawn Blake,2.0,2,11,20.56,53.6,0,0,,0
2024,13404,"Ekeler, Austin",RB,0010,Shawn Blake,3.0,3,11,23.99,53.59,0,0,,0
2024,13404,"Ekeler, Austin",RB,0009,Bear Dunn,4.0,4,12,22.21,51.8,0,1,0010,0
2024,13404,"Ekeler, Austin",RB,0003,Matt Gerardi,8.0,5,13,23.8,51.59,0,1,0009,0
2024,13404,"Ekeler, Austin",RB,0009,Bear Dunn,9.0,6,19,17.1,44.69,1,0,,0
2024,13404,"Ekeler, Austin",RB,0012,Chris Klingenberg,12.0,7,21,22.05,42.74,0,1,0003,0
2024,13404,"Ekeler, Austin",RB,0004,Brian Cutting,15.0,8,16,5.37,24.11,1,0,,0
2024,13404,"Ekeler, Austin",RB,0004,Brian Cutting,16.0,9,16,23.98,24.09,0,1,0012,0
2024,13404,"Ekeler, Austin",RB,0004,Brian Cutting,16.0,10,16,0.0,0.0,0,0,,1
2024,13418,"Bourne, Kendrick",WR,0012,Chris Klingenberg,1.0,1,9,,47.25,0,0,,0
2024,13418,"Bourne, Kendrick",WR,0006,Brian Cross,2.0,2,8,0.83,24.08,0,1,0012,0
2024,13418,"Bourne, Kendrick",WR,0006,Brian Cross,2.0,3,8,0.0,0.0,0,0,,1
2024,13424,"Hill, Taysom",QB,0001,Ryan Bousquet,1.0,1,0,,24.05,0,0,,0
2024,13424,"Hill, Taysom",QB,0001,Ryan Bousquet,1.0,2,0,0.0,0.0,0,0,,1
2024,13470,"Moore, Kenny",CB,0001,Ryan Bousquet,1.0,1,22,,24.26,0,0,,0
2024,13470,"Moore, Kenny",CB,0001,Ryan Bousquet,1.0,2,22,0.0,0.0,0,0,,1
2024,13592,"Darnold, Sam",QB,0003,Matt Gerardi,1.0,1,11,,67.49,0,0,,0
2024,13592,"Darnold, Sam",QB,0003,Matt Gerardi,2.0,2,4,6.32,49.8,0,0,,0
2024,13592,"Darnold, Sam",QB,0005,Eric Martel,4.0,3,8,20.49,46.3,0,1,0003,0
2024,13592,"Darnold, Sam",QB,0003,Matt Gerardi,5.0,4,10,22.31,44.6,0,1,0005,0
2024,13592,"Darnold, Sam",QB,0003,Matt Gerardi,6.0,5,5,5.01,25.62,0,0,,0
2024,13592,"Darnold, Sam",QB,0011,Eric Mannila,7.0,6,5,23.37,24.99,0,1,0003,0
2024,13592,"Darnold, Sam",QB,0011,Eric Mannila,7.0,7,6,0.0,0.0,0,0,,1
2024,13675,"Conklin, Tyler",TE,0004,Brian Cutting,1.0,1,4,,24.45,0,0,,0
2024,13675,"Conklin, Tyler",TE,0001,Ryan Bousquet,2.0,2,18,10.18,10.63,1,0,,0
2024,13675,"Conklin, Tyler",TE,0004,Brian Cutting,2.0,3,4,13.37,0.0,0,0,,1
2024,13681,"Chubb, Bradley",DE,0003,Matt Gerardi,1.0,1,9,,42.8,0,0,,0
2024,13681,"Chubb, Bradley",DE,0003,Matt Gerardi,2.0,2,16,16.43,35.23,0,0,,0
2024,13681,"Chubb, Bradley",DE,0001,Ryan Bousquet,3.0,3,3,13.79,25.02,0,1,0003,0
2024,13681,"Chubb, Bradley",DE,0001,Ryan Bousquet,3.0,4,4,0.0,0.0,0,0,,1
2024,13696,"Smith, Roquan",LB,0004,Brian Cutting,1.0,1,4,,28.84,0,0,,0
2024,13696,"Smith, Roquan",LB,0010,Shawn Blake,3.0,2,7,20.28,25.13,1,0,,0
2024,13696,"Smith, Roquan",LB,0011,Eric Mannila,4.0,3,8,23.03,24.16,0,1,0004,0
2024,13696,"Smith, Roquan",LB,0011,Eric Mannila,4.0,4,8,0.0,0.0,0,0,,1
2024,13697,"Edmunds, Tremaine",LB,0005,Eric Martel,1.0,1,9,,24.04,0,0,,0
2024,13697,"Edmunds, Tremaine",LB,0005,Eric Martel,1.0,2,9,0.0,0.0,0,0,,1
2024,13700,"Landry, Harold",DE,0006,Brian Cross,1.0,1,9,,24.45,0,0,,0
2024,13700,"Landry, Harold",DE,0006,Brian Cross,1.0,2,10,0.0,0.0,0,0,,1
2024,13743,"Warner, Fred",LB,0003,Matt Gerardi,1.0,1,2,,42.93,0,0,,0
2024,13743,"Warner, Fred",LB,0010,Shawn Blake,3.0,2,7,18.33,37.26,1,0,,0
2024,13743,"Warner, Fred",LB,0012,Chris Klingenberg,4.0,3,20,10.8,24.06,0,1,0003,0
2024,13743,"Warner, Fred",LB,0012,Chris Klingenberg,4.0,4,21,0.0,0.0,0,0,,1
2024,13763,"Dissly, Will",TE,0006,Brian Cross,1.0,1,9,,24.51,0,0,,0
2024,13763,"Dissly, Will",TE,0006,Brian Cross,1.0,2,10,0.0,0.0,0,0,,1
2024,13772,"Schultz, Dalton",TE,0006,Brian Cross,1.0,2,19,,39.47,0,0,,0
2024,13772,"Schultz, Dalton",TE,0006,Brian Cross,1.0,3,23,,35.96,0,0,,0
2024,13772,"Schultz, Dalton",TE,0006,Brian Cross,1.0,4,23,,35.35,0,0,,0
2024,13772,"Schultz, Dalton",TE,0008,Keith Creelman,1.0,5,0,,34.99,0,0,,0
2024,13772,"Schultz, Dalton",TE,0012,Chris Klingenberg,2.0,6,10,13.48,24.47,0,1,0008,0
2024,13772,"Schultz, Dalton",TE,0001,Ryan Bousquet,3.0,7,7,2.87,3.34,1,0,,0
2024,13772,"Schultz, Dalton",TE,0001,Ryan Bousquet,4.0,8,8,23.2,2.54,1,0,,0
2024,13772,"Schultz, Dalton",TE,0012,Chris Klingenberg,4.0,9,11,21.46,0.0,0,0,,1
2024,13813,"Oluokun, Foyesade",LB,0005,Eric Martel,1.0,1,0,,46.19,0,0,,0
2024,13813,"Oluokun, Foyesade",LB,0004,Brian Cutting,3.0,2,4,20.62,42.81,1,0,,0
2024,13813,"Oluokun, Foyesade",LB,0004,Brian Cutting,4.0,3,4,23.99,42.8,1,0,,0
2024,13813,"Oluokun, Foyesade",LB,0001,Ryan Bousquet,5.0,4,22,5.2,24.0,0,1,0005,0
2024,13813,"Oluokun, Foyesade",LB,0001,Ryan Bousquet,5.0,5,22,0.0,0.0,0,0,,1
2024,13832,"Sanders, Jason",PK,0009,Bear Dunn,1.0,1,12,,24.03,0,0,,0
2024,13832,"Sanders, Jason",PK,0009,Bear Dunn,1.0,2,12,0.0,0.0,0,0,,1
2024,13837,"Franklin, Zaire",LB,0009,Bear Dunn,1.0,1,7,,24.1,0,0,,0
2024,13837,"Franklin, Zaire",LB,0004,Brian Cutting,3.0,2,7,23.91,24.01,1,0,,0
2024,13837,"Franklin, Zaire",LB,0004,Brian Cutting,4.0,3,7,23.99,24.0,0,1,0009,0
2024,13837,"Franklin, Zaire",LB,0004,Brian Cutting,4.0,4,7,0.0,0.0,0,0,,1
2024,13844,"Cooke, Logan",PN,0010,Shawn Blake,1.0,1,0,,24.11,0,0,,0
2024,13844,"Cooke, Logan",PN,0010,Shawn Blake,1.0,2,0,0.0,0.0,0,0,,1
2024,13848,"Johnston, Cam",PN,0008,Keith Creelman,1.0,1,12,,24.01,0,0,,0
2024,13848,"Johnston, Cam",PN,0008,Keith Creelman,1.0,2,12,0.0,0.0,0,0,,1
2024,13952,"Luvu, Frankie",LB,0009,Bear Dunn,1.0,1,6,,24.01,0,0,,0
2024,13952,"Luvu, Frankie",LB,0009,Bear Dunn,1.0,2,6,0.0,0.0,0,0,,1
2024,13987,"Spillane, Robert",LB,0008,Keith Creelman,1.0,1,0,,46.98,0,0,,0
2024,13987,"Spillane, Robert",LB,0001,Ryan Bousquet,2.0,2,23,1.16,24.14,0,1,0008,0
2024,13987,"Spillane, Robert",LB,0001,Ryan Bousquet,2.0,3,23,0.0,0.0,0,0,,1
2024,14057,"Lock, Drew",QB,0005,Eric Martel,1.0,1,5,,25.17,0,0,,0
2024,14057,"Lock, Drew",QB,0005,Eric Martel,1.0,2,6,0.0,0.0,0,0,,1
2024,14063,"Stidham, Jarrett",QB,0003,Matt Gerardi,1.0,1,0,,24.01,0,0,,0
2024,14063,"Stidham, Jarrett",QB,0003,Matt Gerardi,1.0,2,0,0.0,0.0,0,0,,1
2024,14067,"Minshew, Gardner",QB,0006,Brian Cross,1.0,1,0,,62.22,0,0,,0
2024,14067,"Minshew, Gardner",QB,0011,Eric Mannila,2.0,2,16,7.48,45.69,0,1,0006,0
2024,14067,"Minshew, Gardner",QB,0011,Eric Mannila,3.0,3,20,20.25,41.94,0,0,,0
2024,14067,"Minshew, Gardner",QB,0006,Brian Cross,4.0,4,20,23.98,41.92,0,1,0011,0
2024,14067,"Minshew, Gardner",QB,0011,Eric Mannila,5.0,5,14,6.1,24.03,0,1,0006,0
2024,14067,"Minshew, Gardner",QB,0011,Eric Mannila,5.0,6,14,0.0,0.0,0,0,,1
2024,14079,"Sanders, Miles",RB,0006,Brian Cross,1.0,1,21,,60.08,0,0,,0
2024,14079,"Sanders, Miles",RB,0008,Keith Creelman,2.0,2,12,8.52,44.6,0,1,0006,0
2024,14079,"Sanders, Miles",RB,0012,Chris Klingenberg,3.0,3,9,3.41,24.0,0,1,0008,0
2024,14079,"Sanders, Miles",RB,0012,Chris Klingenberg,3.0,4,9,0.0,0.0,0,0,,1
2024,14080,"Singletary, Devin",RB,0006,Brian Cross,1.0,1,10,,84.75,0,0,,0
2024,14080,"Singletary, Devin",RB,0003,Matt Gerardi,2.0,2,20,14.59,75.34,0,1,0006,0
2024,14080,"Singletary, Devin",RB,0007,Josh Martel,4.0,3,22,21.48,72.82,0,1,0003,0
2024,14080,"Singletary, Devin",RB,0010,Shawn Blake,5.0,4,14,8.22,57.04,1,0,,0
2024,14080,"Singletary, Devin",RB,0001,Ryan Bousquet,6.0,5,15,22.58,55.62,1,0,,0
2024,14080,"Singletary, Devin",RB,0001,Ryan Bousquet,7.0,6,15,24.0,55.62,1,0,,0
2024,14080,"Singletary, Devin",RB,0001,Ryan Bousquet,8.0,7,15,24.0,55.62,0,1,0007,0
2024,14080,"Singletary, Devin",RB,0010,Shawn Blake,9.0,8,15,23.81,55.43,1,0,,0
2024,14080,"Singletary, Devin",RB,0009,Bear Dunn,11.0,9,17,22.79,54.21,1,0,,0
2024,14080,"Singletary, Devin",RB,0005,Eric Martel,12.0,10,19,21.51,51.73,0,1,0001,0
2024,14080,"Singletary, Devin",RB,0001,Ryan Bousquet,16.0,11,2,17.01,44.74,0,1,0005,0
2024,14080,"Singletary, Devin",RB,0003,Matt Gerardi,18.0,12,23,3.56,24.29,1,0,,0
2024,14080,"Singletary, Devin",RB,0003,Matt Gerardi,21.0,13,23,23.74,24.03,0,1,0001,0
2024,14080,"Singletary, Devin",RB,0003,Matt Gerardi,21.0,14,23,0.0,0.0,0,0,,1
2024,14085,"Pollard, Tony",RB,0009,Bear Dunn,1.0,1,12,,78.84,0,0,,0
2024,14085,"Pollard, Tony",RB,0010,Shawn Blake,2.0,2,16,20.81,75.65,0,1,0009,0
2024,14085,"Pollard, Tony",RB,0001,Ryan Bousquet,5.0,3,22,17.81,69.46,0,1,0010,0
2024,14085,"Pollard, Tony",RB,0010,Shawn Blake,6.0,4,7,14.51,59.98,1,0,,0
2024,14085,"Pollard, Tony",RB,0010,Shawn Blake,7.0,5,7,23.91,59.89,0,1,0001,0
2024,14085,"Pollard, Tony",RB,0003,Matt Gerardi,8.0,6,19,12.04,47.92,0,1,0010,0
2024,14085,"Pollard, Tony",RB,0009,Bear Dunn,11.0,7,17,2.71,26.63,1,0,,0
2024,14085,"Pollard, Tony",RB,0009,Bear Dunn,14.0,8,17,23.65,26.28,1,0,,0
2024,14085,"Pollard, Tony",RB,0009,Bear Dunn,16.0,9,19,21.95,24.23,1,0,,0
2024,14085,"Pollard, Tony",RB,0009,Bear Dunn,17.0,10,19,23.81,24.05,0,1,0003,0
2024,14085,"Pollard, Tony",RB,0009,Bear Dunn,17.0,11,19,0.0,0.0,0,0,,1
2024,14086,"Hill, Justice",RB,0003,Matt Gerardi,1.0,1,1,,44.54,0,0,,0
2024,14086,"Hill, Justice",RB,0003,Matt Gerardi,2.0,2,22,3.5,24.04,0,0,,0
2024,14086,"Hill, Justice",RB,0003,Matt Gerardi,3.0,3,22,23.99,24.03,0,0,,0
2024,14086,"Hill, Justice",RB,0010,Shawn Blake,4.0,4,22,24.0,24.03,0,1,0003,0
2024,14086,"Hill, Justice",RB,0010,Shawn Blake,4.0,5,22,0.0,0.0,0,0,,1
2024,14105,"Brown, Marquise",WR,0012,Chris Klingenberg,1.0,1,10,,36.15,0,0,,0
2024,14105,"Brown, Marquise",WR,0006,Brian Cross,2.0,2,13,21.52,33.66,0,1,0012,0
2024,14105,"Brown, Marquise",WR,0004,Brian Cutting,3.0,3,16,20.13,29.79,0,1,0006,0
2024,14105,"Brown, Marquise",WR,0012,Chris Klingenberg,5.0,4,21,18.98,24.77,1,0,,0
2024,14105,"Brown, Marquise",WR,0012,Chris Klingenberg,7.0,5,22,23.73,24.5,1,0,,0
2024,14105,"Brown, Marquise",WR,0012,Chris Klingenberg,8.0,6,22,23.51,24.0,0,1,0004,0
2024,14105,"Brown, Marquise",WR,0012,Chris Klingenberg,8.0,7,22,0.0,0.0,0,0,,1
2024,14108,"Dortch, Greg",WR,0010,Shawn Blake,1.0,1,6,,24.1,0,0,,0
2024,14108,"Dortch, Greg",WR,0010,Shawn Blake,1.0,2,6,0.0,0.0,0,0,,1
2024,14113,"Hardman, Mecole",WR,0011,Eric Mannila,1.0,1,5,,24.06,0,0,,0
2024,14113,"Hardman, Mecole",WR,0011,Eric Mannila,1.0,2,5,0.0,0.0,0,0,,1
2024,14122,"Slayton, Darius",WR,0005,Eric Martel,1.0,1,9,,24.01,0,0,,0
2024,14122,"Slayton, Darius",WR,0005,Eric Martel,1.0,2,9,0.0,0.0,0,0,,1
2024,14127,"Meyers, Jakobi",WR,0012,Chris Klingenberg,1.0,1,10,,36.4,0,0,,0
2024,14127,"Meyers, Jakobi",WR,0006,Brian Cross,2.0,2,20,13.99,26.39,0,1,0012,0
2024,14127,"Meyers, Jakobi",WR,0001,Ryan Bousquet,3.0,3,22,21.64,24.03,0,1,0006,0
2024,14127,"Meyers, Jakobi",WR,0008,Keith Creelman,4.0,4,22,0.69,0.72,1,0,,0
2024,14127,"Meyers, Jakobi",WR,0001,Ryan Bousquet,4.0,5,22,23.28,0.0,0,0,,1
2024,14137,"Fant, Noah",TE,0008,Keith Creelman,1.0,1,0,,48.21,0,0,,0
2024,14137,"Fant, Noah",TE,0005,Eric Martel,3.0,2,5,18.57,42.77,0,1,0008,0
2024,14137,"Fant, Noah",TE,0008,Keith Creelman,4.0,3,0,5.36,24.14,0,1,0005,0
2024,14137,"Fant, Noah",TE,0008,Keith Creelman,4.0,4,0,0.0,0.0,0,0,,1
2024,14147,"Bosa, Nick",DE,0004,Brian Cutting,1.0,1,5,,24.01,0,0,,0
2024,14147,"Bosa, Nick",DE,0008,Keith Creelman,2.0,2,7,22.18,22.19,1,0,,0
2024,14147,"Bosa, Nick",DE,0009,Bear Dunn,3.0,3,13,17.85,16.04,1,0,,0
2024,14147,"Bosa, Nick",DE,0009,Bear Dunn,4.0,4,13,23.97,16.0,1,0,,0
2024,14147,"Bosa, Nick",DE,0012,Chris Klingenberg,5.0,5,20,17.07,9.07,1,0,,0
2024,14147,"Bosa, Nick",DE,0004,Brian Cutting,5.0,6,5,14.93,0.0,0,0,,1
2024,14148,"Sweat, Montez",DE,0009,Bear Dunn,1.0,1,6,,24.35,0,0,,0
2024,14148,"Sweat, Montez",DE,0009,Bear Dunn,2.0,2,23,7.22,7.57,0,0,,0
2024,14148,"Sweat, Montez",DE,0009,Bear Dunn,2.0,3,7,16.43,0.0,0,0,,1
2024,14157,"Williams, Quinnen",DT,0009,Bear Dunn,1.0,1,7,,24.11,0,0,,0
2024,14157,"Williams, Quinnen",DT,0009,Bear Dunn,1.0,2,7,0.0,0.0,0,0,,1
2024,14163,"Simmons, Jeffery",DT,0011,Eric Mannila,1.0,1,5,,24.14,0,0,,0
2024,14163,"Simmons, Jeffery",DT,0011,Eric Mannila,1.0,2,5,0.0,0.0,0,0,,1
2024,14179,"Love, Julian",S,0011,Eric Mannila,1.0,1,5,,35.27,0,0,,0
2024,14179,"Love, Julian",S,0004,Brian Cutting,2.0,2,7,22.33,33.61,0,1,0011,0
2024,14179,"Love, Julian",S,0009,Bear Dunn,3.0,3,7,23.65,33.25,0,1,0004,0
2024,14179,"Love, Julian",S,0004,Brian Cutting,4.0,4,8,23.23,32.48,0,1,0009,0
2024,14179,"Love, Julian",S,0011,Eric Mannila,5.0,5,16,16.23,24.72,0,1,0004,0
2024,14179,"Love, Julian",S,0011,Eric Mannila,5.0,6,16,0.0,0.0,0,0,,1
2024,14218,"Okereke, Bobby",LB,0005,Eric Martel,1.0,1,5,,24.07,0,0,,0
2024,14218,"Okereke, Bobby",LB,0009,Bear Dunn,3.0,2,13,15.71,15.77,1,0,,0
2024,14218,"Okereke, Bobby",LB,0009,Bear Dunn,4.0,3,13,23.93,15.7,1,0,,0
2024,14218,"Okereke, Bobby",LB,0005,Eric Martel,4.0,4,5,8.3,0.0,0,0,,1
2024,14221,"Williams, Quincy",LB,0001,Ryan Bousquet,1.0,1,23,,44.18,0,0,,0
2024,14221,"Williams, Quincy",LB,0007,Josh Martel,2.0,2,8,15.19,35.37,1,0,,0
2024,14221,"Williams, Quincy",LB,0007,Josh Martel,3.0,3,19,12.64,24.01,0,1,0001,0
2024,14221,"Williams, Quincy",LB,0007,Josh Martel,3.0,4,19,0.0,0.0,0,0,,1
2024,14223,"Mattison, Alexander",RB,0006,Brian Cross,1.0,1,14,,64.23,0,0,,0
2024,14223,"Mattison, Alexander",RB,0004,Brian Cutting,2.0,2,14,23.9,64.14,0,1,0006,0
2024,14223,"Mattison, Alexander",RB,0006,Brian Cross,3.0,3,22,15.91,56.05,0,1,0004,0
2024,14223,"Mattison, Alexander",RB,0012,Chris Klingenberg,4.0,4,23,23.55,55.59,0,1,0006,0
2024,14223,"Mattison, Alexander",RB,0003,Matt Gerardi,5.0,5,1,21.11,52.71,1,0,,0
2024,14223,"Mattison, Alexander",RB,0004,Brian Cutting,6.0,6,7,18.98,47.68,0,1,0012,0
2024,14223,"Mattison, Alexander",RB,0003,Matt Gerardi,7.0,7,5,1.22,24.91,0,1,0004,0
2024,14223,"Mattison, Alexander",RB,0003,Matt Gerardi,7.0,8,6,0.0,0.0,0,0,,1
2024,14249,"Van Ginkel, Andrew",DE,0003,Matt Gerardi,1.0,1,2,,26.87,0,0,,0
2024,14249,"Van Ginkel, Andrew",DE,0001,Ryan Bousquet,2.0,2,22,3.7,6.57,1,0,,0
2024,14249,"Van Ginkel, Andrew",DE,0003,Matt Gerardi,2.0,3,5,17.43,0.0,0,0,,1
2024,14257,"Speed, E.J.",LB,0007,Josh Martel,1.0,1,7,,24.02,0,0,,0
2024,14257,"Speed, E.J.",LB,0007,Josh Martel,1.0,2,7,0.0,0.0,0,0,,1
2024,14303,"Elliss, Kaden",LB,0008,Keith Creelman,1.0,1,0,,24.03,0,0,,0
2024,14303,"Elliss, Kaden",LB,0008,Keith Creelman,1.0,2,0,0.0,0.0,0,0,,1
2024,14322,"Edwards, T.J.",LB,0010,Shawn Blake,1.0,1,6,,52.81,0,0,,0
2024,14322,"Edwards, T.J.",LB,0001,Ryan Bousquet,2.0,2,7,22.2,51.01,0,1,0010,0
2024,14322,"Edwards, T.J.",LB,0010,Shawn Blake,3.0,3,19,12.04,39.06,0,1,0001,0
2024,14322,"Edwards, T.J.",LB,0002,Derrick Whitman,4.0,4,10,9.63,24.69,0,1,0010,0
2024,14322,"Edwards, T.J.",LB,0002,Derrick Whitman,4.0,5,11,0.0,0.0,0,0,,1
2024,14358,"Browning, Jake",QB,0001,Ryan Bousquet,1.0,1,23,,24.04,0,0,,0
2024,14358,"Browning, Jake",QB,0001,Ryan Bousquet,1.0,2,23,0.0,0.0,0,0,,1
2024,14370,"Hudson, Tanner",TE,0012,Chris Klingenberg,1.0,1,0,,24.01,0,0,,0
2024,14370,"Hudson, Tanner",TE,0012,Chris Klingenberg,1.0,2,0,0.0,0.0,0,0,,1
2024,14412,"Singleton, Alex",LB,0002,Derrick Whitman,1.0,1,15,,24.1,0,0,,0
2024,14412,"Singleton, Alex",LB,0009,Bear Dunn,2.0,2,6,9.35,9.45,1,0,,0
2024,14412,"Singleton, Alex",LB,0009,Bear Dunn,3.0,3,6,23.99,9.44,1,0,,0
2024,14412,"Singleton, Alex",LB,0002,Derrick Whitman,3.0,4,15,14.56,0.0,0,0,,1
2024,14489,"Gillan, Jamie",PN,0001,Ryan Bousquet,1.0,1,22,,24.0,0,0,,0
2024,14489,"Gillan, Jamie",PN,0001,Ryan Bousquet,1.0,2,22,0.0,0.0,0,0,,1
2024,14518,"Thompson, Jalen",S,0011,Eric Mannila,1.0,1,12,,24.17,0,0,,0
2024,14518,"Thompson, Jalen",S,0009,Bear Dunn,2.0,2,13,22.61,22.78,1,0,,0
2024,14518,"Thompson, Jalen",S,0009,Bear Dunn,3.0,3,18,19.19,17.97,1,0,,0
2024,14518,"Thompson, Jalen",S,0011,Eric Mannila,3.0,4,12,6.03,0.0,0,0,,1
2024,14590,"Al-Shaair, Azeez",LB,0009,Bear Dunn,1.0,1,6,,24.0,0,0,,0
2024,14590,"Al-Shaair, Azeez",LB,0009,Bear Dunn,2.0,2,7,22.87,22.87,0,0,,0
2024,14590,"Al-Shaair, Azeez",LB,0009,Bear Dunn,2.0,3,6,1.13,0.0,0,0,,1
2024,14630,"Cole, A.J.",PN,0005,Eric Martel,1.0,1,5,,24.0,0,0,,0
2024,14630,"Cole, A.J.",PN,0005,Eric Martel,1.0,2,5,0.0,0.0,0,0,,1
2024,14800,"Dobbins, J.K.",RB,0012,Chris Klingenberg,1.0,1,0,,70.47,0,0,,0
2024,14800,"Dobbins, J.K.",RB,0004,Brian Cutting,2.0,2,6,18.27,64.74,0,1,0012,0
2024,14800,"Dobbins, J.K.",RB,0010,Shawn Blake,4.0,3,6,23.57,64.3,1,0,,0
2024,14800,"Dobbins, J.K.",RB,0012,Chris Klingenberg,6.0,4,9,21.39,61.7,0,1,0004,0
2024,14800,"Dobbins, J.K.",RB,0004,Brian Cutting,7.0,5,4,5.14,42.83,0,1,0012,0
2024,14800,"Dobbins, J.K.",RB,0010,Shawn Blake,8.0,6,8,20.08,38.91,1,0,,0
2024,14800,"Dobbins, J.K.",RB,0012,Chris Klingenberg,9.0,7,22,9.11,24.02,0,1,0004,0
2024,14800,"Dobbins, J.K.",RB,0012,Chris Klingenberg,9.0,8,22,0.0,0.0,0,0,,1
2024,14803,"Edwards-Helaire, Clyde",RB,0010,Shawn Blake,1.0,1,6,,24.84,0,0,,0
2024,14803,"Edwards-Helaire, Clyde",RB,0004,Brian Cutting,2.0,2,7,23.16,24.0,0,1,0010,0
2024,14803,"Edwards-Helaire, Clyde",RB,0004,Brian Cutting,2.0,3,7,0.0,0.0,0,0,,1
2024,14805,"Dillon, AJ",RB,0006,Brian Cross,1.0,1,0,,51.76,0,0,,0
2024,14805,"Dillon, AJ",RB,0001,Ryan Bousquet,2.0,2,2,22.33,50.09,0,1,0006,0
2024,14805,"Dillon, AJ",RB,0006,Brian Cross,3.0,3,7,19.4,45.49,0,1,0001,0
2024,14805,"Dillon, AJ",RB,0004,Brian Cutting,4.0,4,4,2.95,24.44,0,1,0006,0
2024,14805,"Dillon, AJ",RB,0004,Brian Cutting,4.0,5,4,0.0,0.0,0,0,,1
2024,14823,"Dowdle, Rico",RB,0010,Shawn Blake,1.0,1,6,,30.18,0,0,,0
2024,14823,"Dowdle, Rico",RB,0003,Matt Gerardi,2.0,2,7,23.39,29.57,1,0,,0
2024,14823,"Dowdle, Rico",RB,0001,Ryan Bousquet,3.0,3,12,18.45,24.02,0,1,0010,0
2024,14823,"Dowdle, Rico",RB,0010,Shawn Blake,4.0,4,17,18.98,19.0,1,0,,0
2024,14823,"Dowdle, Rico",RB,0010,Shawn Blake,6.0,5,21,20.04,15.04,1,0,,0
2024,14823,"Dowdle, Rico",RB,0010,Shawn Blake,8.0,6,6,14.87,5.92,1,0,,0
2024,14823,"Dowdle, Rico",RB,0010,Shawn Blake,9.0,7,8,22.82,4.74,1,0,,0
2024,14823,"Dowdle, Rico",RB,0010,Shawn Blake,10.0,8,11,20.46,1.2,1,0,,0
2024,14823,"Dowdle, Rico",RB,0010,Shawn Blake,11.0,9,12,22.82,0.03,1,0,,0
2024,14823,"Dowdle, Rico",RB,0001,Ryan Bousquet,11.0,10,12,23.97,0.0,0,0,,1
2024,14833,"Jeudy, Jerry",WR,0011,Eric Mannila,1.0,1,7,,24.13,0,0,,0
2024,14833,"Jeudy, Jerry",WR,0010,Shawn Blake,2.0,2,7,23.17,23.3,1,0,,0
2024,14833,"Jeudy, Jerry",WR,0008,Keith Creelman,3.0,3,5,2.28,1.58,1,0,,0
2024,14833,"Jeudy, Jerry",WR,0011,Eric Mannila,3.0,4,7,22.41,0.0,0,0,,1
2024,14845,"Davis, Gabriel",WR,0008,Keith Creelman,1.0,1,12,,24.01,0,0,,0
2024,14845,"Davis, Gabriel",WR,0008,Keith Creelman,2.0,2,23,12.68,12.68,0,0,,0
2024,14845,"Davis, Gabriel",WR,0001,Ryan Bousquet,4.0,3,8,14.88,3.56,1,0,,0
2024,14845,"Davis, Gabriel",WR,0008,Keith Creelman,4.0,4,12,20.44,0.0,0,0,,1
2024,14852,"Gibson, Antonio",RB,0008,Keith Creelman,1.0,1,0,,30.7,0,0,,0
2024,14852,"Gibson, Antonio",RB,0010,Shawn Blake,2.0,2,6,17.43,24.13,0,1,0008,0
2024,14852,"Gibson, Antonio",RB,0010,Shawn Blake,2.0,3,6,0.0,0.0,0,0,,1
2024,14858,"Jefferson, Van",WR,0003,Matt Gerardi,1.0,1,20,,24.01,0,0,,0
2024,14858,"Jefferson, Van",WR,0003,Matt Gerardi,1.0,2,20,0.0,0.0,0,0,,1
2024,14860,"Jennings, Jauan",WR,0011,Eric Mannila,1.0,1,5,,24.05,0,0,,0
2024,14860,"Jennings, Jauan",WR,0011,Eric Mannila,1.0,2,5,0.0,0.0,0,0,,1
2024,14867,"Kmet, Cole",TE,0001,Ryan Bousquet,1.0,1,22,,73.1,0,0,,0
2024,14867,"Kmet, Cole",TE,0012,Chris Klingenberg,2.0,2,22,23.91,73.01,0,1,0001,0
2024,14867,"Kmet, Cole",TE,0004,Brian Cutting,3.0,3,7,15.17,64.18,0,1,0012,0
2024,14867,"Kmet, Cole",TE,0007,Josh Martel,4.0,4,11,20.17,60.35,1,0,,0
2024,14867,"Kmet, Cole",TE,0007,Josh Martel,5.0,5,11,23.79,60.14,0,1,0004,0
2024,14867,"Kmet, Cole",TE,0004,Brian Cutting,6.0,6,8,2.97,39.11,0,1,0007,0
2024,14867,"Kmet, Cole",TE,0011,Eric Mannila,7.0,7,14,17.74,32.85,0,1,0004,0
2024,14867,"Kmet, Cole",TE,0004,Brian Cutting,8.0,8,15,23.73,32.58,0,1,0011,0
2024,14867,"Kmet, Cole",TE,0001,Ryan Bousquet,9.0,9,23,15.42,24.0,0,1,0004,0
2024,14867,"Kmet, Cole",TE,0001,Ryan Bousquet,9.0,10,23,0.0,0.0,0,0,,1
2024,14871,"Parkinson, Colby",TE,0007,Josh Martel,1.0,1,21,,24.05,0,0,,0
2024,14871,"Parkinson, Colby",TE,0008,Keith Creelman,2.0,2,21,23.65,23.7,1,0,,0
2024,14871,"Parkinson, Colby",TE,0008,Keith Creelman,4.0,3,14,6.89,6.6,1,0,,0
2024,14871,"Parkinson, Colby",TE,0007,Josh Martel,4.0,4,21,17.4,0.0,0,0,,1
2024,14882,"Greenard, Jonathan",DE,0008,Keith Creelman,1.0,1,18,,24.22,0,0,,0
2024,14882,"Greenard, Jonathan",DE,0008,Keith Creelman,1.0,2,18,0.0,0.0,0,0,,1
2024,14896,"Queen, Patrick",LB,0003,Matt Gerardi,1.0,1,0,,24.01,0,0,,0
2024,14896,"Queen, Patrick",LB,0012,Chris Klingenberg,2.0,2,22,1.36,1.37,1,0,,0
2024,14896,"Queen, Patrick",LB,0003,Matt Gerardi,2.0,3,0,22.63,0.0,0,0,,1
2024,14897,"Brown, Derrick",DT,0002,Derrick Whitman,1.0,1,9,,24.0,0,0,,0
2024,14897,"Brown, Derrick",DT,0002,Derrick Whitman,1.0,2,9,0.0,0.0,0,0,,1
2024,14900,"Madubuike, Nnamdi",DT,0001,Ryan Bousquet,1.0,1,18,,25.45,0,0,,0
2024,14900,"Madubuike, Nnamdi",DT,0001,Ryan Bousquet,1.0,2,20,0.0,0.0,0,0,,1
2024,14907,"Delpit, Grant",S,0005,Eric Martel,1.0,1,9,,48.12,0,0,,0
2024,14907,"Delpit, Grant",S,0007,Josh Martel,2.0,2,11,22.58,46.7,0,1,0005,0
2024,14907,"Delpit, Grant",S,0005,Eric Martel,3.0,3,9,1.46,24.17,0,1,0007,0
2024,14907,"Delpit, Grant",S,0005,Eric Martel,3.0,4,9,0.0,0.0,0,0,,1
2024,14908,"McKinney, Xavier",S,0009,Bear Dunn,1.0,1,7,,24.1,0,0,,0
2024,14908,"McKinney, Xavier",S,0009,Bear Dunn,1.0,2,7,0.0,0.0,0,0,,1
2024,14909,"Winfield, Antoine",S,0003,Matt Gerardi,1.0,1,12,,24.03,0,0,,0
2024,14909,"Winfield, Antoine",S,0010,Shawn Blake,3.0,2,16,20.22,20.25,1,0,,0
2024,14909,"Winfield, Antoine",S,0001,Ryan Bousquet,4.0,3,22,17.84,14.09,1,0,,0
2024,14909,"Winfield, Antoine",S,0003,Matt Gerardi,4.0,4,12,9.91,0.0,0,0,,1
2024,14910,"Jones, Brandon",S,0007,Josh Martel,1.0,1,17,,24.09,0,0,,0
2024,14910,"Jones, Brandon",S,0007,Josh Martel,1.0,2,17,0.0,0.0,0,0,,1
2024,14921,"Dugger, Kyle",S,0004,Brian Cutting,1.0,6,5,,24.4,1,0,,0
2024,14921,"Dugger, Kyle",S,0004,Brian Cutting,3.0,7,13,16.04,16.44,1,0,,0
2024,14921,"Dugger, Kyle",S,0004,Brian Cutting,3.0,8,6,7.56,0.0,1,0,,1
2024,14928,"Wilson, Logan",LB,0006,Brian Cross,1.0,1,0,,29.38,0,0,,0
2024,14928,"Wilson, Logan",LB,0001,Ryan Bousquet,2.0,2,2,22.17,27.54,0,1,0006,0
2024,14928,"Wilson, Logan",LB,0009,Bear Dunn,3.0,3,6,20.46,24.0,0,1,0001,0
2024,14928,"Wilson, Logan",LB,0009,Bear Dunn,3.0,4,6,0.0,0.0,0,0,,1
2024,14940,"Highsmith, Alex",DE,0007,Josh Martel,1.0,1,10,,24.02,0,0,,0
2024,14940,"Highsmith, Alex",DE,0007,Josh Martel,1.0,2,10,0.0,0.0,0,0,,1
2024,14974,"Mooney, Darnell",WR,0005,Eric Martel,1.0,1,0,,28.97,0,0,,0
2024,14974,"Mooney, Darnell",WR,0008,Keith Creelman,2.0,2,14,9.23,14.21,1,0,,0
2024,14974,"Mooney, Darnell",WR,0005,Eric Martel,2.0,3,5,9.79,0.0,0,0,,1
2024,14983,"Bass, Tyler",PK,0006,Brian Cross,1.0,1,0,,24.21,0,0,,0
2024,14983,"Bass, Tyler",PK,0006,Brian Cross,1.0,2,0,0.0,0.0,0,0,,1
2024,14991,"Fuller, Jordan",S,0002,Derrick Whitman,1.0,1,9,,24.06,0,0,,0
2024,14991,"Fuller, Jordan",S,0002,Derrick Whitman,1.0,2,9,0.0,0.0,0,0,,1
2024,14995,"Metellus, Josh",S,0008,Keith Creelman,1.0,1,0,,30.77,0,0,,0
2024,14995,"Metellus, Josh",S,0010,Shawn Blake,2.0,2,6,17.25,24.02,0,1,0008,0
2024,14995,"Metellus, Josh",S,0010,Shawn Blake,2.0,3,6,0.0,0.0,0,0,,1
2024,15001,"Curl, Kamren",S,0005,Eric Martel,1.0,1,6,,25.21,0,0,,0
2024,15001,"Curl, Kamren",S,0010,Shawn Blake,2.0,2,8,22.84,24.05,0,1,0005,0
2024,15001,"Curl, Kamren",S,0010,Shawn Blake,2.0,3,8,0.0,0.0,0,0,,1
2024,15239,"Wilson, Zach",QB,0004,Brian Cutting,1.0,1,6,,24.16,0,0,,0
2024,15239,"Wilson, Zach",QB,0004,Brian Cutting,1.0,2,6,0.0,0.0,0,0,,1
2024,15255,"Gainwell, Kenneth",RB,0006,Brian Cross,1.0,1,8,,24.15,0,0,,0
2024,15255,"Gainwell, Kenneth",RB,0006,Brian Cross,1.0,2,8,0.0,0.0,0,0,,1
2024,15257,"Sermon, Trey",RB,0001,Ryan Bousquet,1.0,1,16,,46.18,0,0,,0
2024,15257,"Sermon, Trey",RB,0008,Keith Creelman,2.0,2,12,3.96,26.14,1,0,,0
2024,15257,"Sermon, Trey",RB,0008,Keith Creelman,3.0,3,14,21.92,24.06,0,1,0001,0
2024,15257,"Sermon, Trey",RB,0008,Keith Creelman,3.0,4,15,0.0,0.0,0,0,,1
2024,15258,"Carter, Michael",RB,0006,Brian Cross,1.0,1,19,,24.4,0,0,,0
2024,15258,"Carter, Michael",RB,0006,Brian Cross,1.0,2,20,0.0,0.0,0,0,,1
2024,15261,"Hubbard, Chuba",RB,0007,Josh Martel,1.0,1,22,,24.05,0,0,,0
2024,15261,"Hubbard, Chuba",RB,0007,Josh Martel,2.0,2,23,23.16,23.21,0,0,,0
2024,15261,"Hubbard, Chuba",RB,0007,Josh Martel,3.0,3,23,23.99,23.2,0,0,,0
2024,15261,"Hubbard, Chuba",RB,0007,Josh Martel,4.0,4,16,6.53,5.73,0,0,,0
2024,15261,"Hubbard, Chuba",RB,0010,Shawn Blake,5.0,5,19,21.19,2.92,1,0,,0
2024,15261,"Hubbard, Chuba",RB,0010,Shawn Blake,6.0,6,22,21.37,0.29,1,0,,0
2024,15261,"Hubbard, Chuba",RB,0007,Josh Martel,6.0,7,22,23.71,0.0,0,0,,1
2024,15263,"Mitchell, Elijah",RB,0008,Keith Creelman,1.0,1,0,,24.0,0,0,,0
2024,15263,"Mitchell, Elijah",RB,0010,Shawn Blake,3.0,2,16,8.19,8.2,1,0,,0
2024,15263,"Mitchell, Elijah",RB,0008,Keith Creelman,3.0,3,0,15.8,0.0,0,0,,1
2024,15288,"Moore, Elijah",WR,0008,Keith Creelman,1.0,1,0,,29.07,0,0,,0
2024,15288,"Moore, Elijah",WR,0008,Keith Creelman,1.0,2,5,0.0,0.0,0,0,,1
2024,15351,"Owusu-Koramoah, Jeremiah",LB,0004,Brian Cutting,1.0,1,6,,24.14,0,0,,0
2024,15351,"Owusu-Koramoah, Jeremiah",LB,0004,Brian Cutting,1.0,2,7,0.0,0.0,0,0,,1
2024,15366,"Holland, Jevon",S,0005,Eric Martel,1.0,1,9,,24.21,0,0,,0
2024,15366,"Holland, Jevon",S,0009,Bear Dunn,2.0,2,9,23.98,24.19,0,1,0005,0
2024,15366,"Holland, Jevon",S,0009,Bear Dunn,2.0,3,9,0.0,0.0,0,0,,1
2024,15368,"McPherson, Evan",PK,0005,Eric Martel,1.0,1,0,,28.23,0,0,,0
2024,15368,"McPherson, Evan",PK,0005,Eric Martel,1.0,2,5,0.0,0.0,0,0,,1
2024,15378,"Oweh, Odafe",DE,0010,Shawn Blake,1.0,1,6,,24.14,0,0,,0
2024,15378,"Oweh, Odafe",DE,0010,Shawn Blake,1.0,2,6,0.0,0.0,0,0,,1
2024,15418,"Bynum, Camryn",S,0003,Matt Gerardi,1.0,1,12,,24.06,0,0,,0
2024,15418,"Bynum, Camryn",S,0009,Bear Dunn,2.0,2,18,18.14,18.2,1,0,,0
2024,15418,"Bynum, Camryn",S,0009,Bear Dunn,3.0,3,6,11.32,5.53,1,0,,0
2024,15418,"Bynum, Camryn",S,0003,Matt Gerardi,3.0,4,12,18.47,0.0,0,0,,1
2024,15452,"Hufanga, Talanoa",S,0004,Brian Cutting,1.0,1,4,,24.49,0,0,,0
2024,15452,"Hufanga, Talanoa",S,0004,Brian Cutting,1.0,2,4,0.0,0.0,0,0,,1
2024,15484,"Cooper, Jonathon",DE,0003,Matt Gerardi,1.0,1,7,,24.01,0,0,,0
2024,15484,"Cooper, Jonathon",DE,0003,Matt Gerardi,1.0,2,7,0.0,0.0,0,0,,1
2024,15499,"Gillikin, Blake",PN,0004,Brian Cutting,1.0,1,6,,24.04,0,0,,0
2024,15499,"Gillikin, Blake",PN,0004,Brian Cutting,1.0,2,6,0.0,0.0,0,0,,1
2024,15693,"Howell, Sam",QB,0003,Matt Gerardi,1.0,1,5,,24.87,0,0,,0
2024,15693,"Howell, Sam",QB,0007,Josh Martel,3.0,2,6,23.28,24.15,0,1,0003,0
2024,15693,"Howell, Sam",QB,0001,Ryan Bousquet,4.0,3,7,23.53,23.68,1,0,,0
2024,15693,"Howell, Sam",QB,0007,Josh Martel,4.0,4,6,0.32,0.0,0,0,,1
2024,15723,"Chandler, Ty",RB,0007,Josh Martel,1.0,1,16,,46.09,0,0,,0
2024,15723,"Chandler, Ty",RB,0008,Keith Creelman,4.0,2,16,23.98,46.08,1,0,,0
2024,15723,"Chandler, Ty",RB,0008,Keith Creelman,6.0,3,14,2.04,24.12,1,0,,0
2024,15723,"Chandler, Ty",RB,0008,Keith Creelman,7.0,4,14,24.0,24.12,0,1,0007,0
2024,15723,"Chandler, Ty",RB,0001,Ryan Bousquet,9.0,5,23,15.28,15.4,1,0,,0
2024,15723,"Chandler, Ty",RB,0008,Keith Creelman,9.0,6,15,8.6,0.0,0,0,,1
2024,15733,"Strong Jr., Pierre",RB,0008,Keith Creelman,1.0,1,0,,24.01,0,0,,0
2024,15733,"Strong Jr., Pierre",RB,0008,Keith Creelman,1.0,2,0,0.0,0.0,0,0,,1
2024,15752,"Burks, Treylon",WR,0010,Shawn Blake,1.0,1,0,,39.61,0,0,,0
2024,15752,"Burks, Treylon",WR,0004,Brian Cutting,2.0,2,7,17.49,33.1,1,0,,0
2024,15752,"Burks, Treylon",WR,0008,Keith Creelman,3.0,3,16,15.01,24.11,0,1,0010,0
2024,15752,"Burks, Treylon",WR,0010,Shawn Blake,4.0,4,16,23.96,24.07,0,1,0008,0
2024,15752,"Burks, Treylon",WR,0010,Shawn Blake,4.0,5,16,0.0,0.0,0,0,,1
2024,15763,"Ross, Justyn",WR,0008,Keith Creelman,1.0,1,21,,24.58,0,0,,0
2024,15763,"Ross, Justyn",WR,0008,Keith Creelman,1.0,2,22,0.0,0.0,0,0,,1
2024,15777,"Austin III, Calvin",WR,0005,Eric Martel,1.0,1,5,,25.3,0,0,,0
2024,15777,"Austin III, Calvin",WR,0005,Eric Martel,1.0,2,6,0.0,0.0,0,0,,1
2024,15806,"Thibodeaux, Kayvon",DE,0008,Keith Creelman,1.0,1,0,,24.01,0,0,,0
2024,15806,"Thibodeaux, Kayvon",DE,0008,Keith Creelman,1.0,2,0,0.0,0.0,0,0,,1
2024,15850,"Pitre, Jalen",S,0011,Eric Mannila,1.0,1,5,,24.02,0,0,,0
2024,15850,"Pitre, Jalen",S,0011,Eric Mannila,1.0,2,5,0.0,0.0,0,0,,1
2024,15859,"Taylor-Britt, Cam",CB,0006,Brian Cross,1.0,1,9,,24.07,0,0,,0
2024,15859,"Taylor-Britt, Cam",CB,0006,Brian Cross,1.0,2,9,0.0,0.0,0,0,,1
2024,15860,"Cook, Bryan",S,0006,Brian Cross,1.0,1,10,,24.0,0,0,,0
2024,15860,"Cook, Bryan",S,0006,Brian Cross,1.0,2,10,0.0,0.0,0,0,,1
2024,15871,"Joseph, Kerby",S,0007,Josh Martel,1.0,1,17,,24.13,0,0,,0
2024,15871,"Joseph, Kerby",S,0007,Josh Martel,1.0,2,17,0.0,0.0,0,0,,1
2024,15873,"Bellinger, Daniel",TE,0004,Brian Cutting,1.0,1,6,,24.27,0,0,,0
2024,15873,"Bellinger, Daniel",TE,0004,Brian Cutting,1.0,2,6,0.0,0.0,0,0,,1
2024,15875,"Belton, Dane",S,0008,Keith Creelman,1.0,1,7,,24.28,0,0,,0
2024,15875,"Belton, Dane",S,0008,Keith Creelman,1.0,2,7,0.0,0.0,0,0,,1
2024,15887,"Camarda, Jake",PN,0003,Matt Gerardi,1.0,1,9,,24.02,0,0,,0
2024,15887,"Camarda, Jake",PN,0003,Matt Gerardi,1.0,2,9,0.0,0.0,0,0,,1
2024,15904,"Bland, DaRon",CB,0003,Matt Gerardi,1.0,1,7,,24.26,0,0,,0
2024,15904,"Bland, DaRon",CB,0003,Matt Gerardi,1.0,2,7,0.0,0.0,0,0,,1
2024,15911,"Araiza, Matt",PN,0011,Eric Mannila,1.0,1,7,,24.05,0,0,,0
2024,15911,"Araiza, Matt",PN,0011,Eric Mannila,1.0,2,7,0.0,0.0,0,0,,1
2024,15970,"Krull, Lucas",TE,0007,Josh Martel,1.0,1,18,,24.28,0,0,,0
2024,15970,"Krull, Lucas",TE,0003,Matt Gerardi,2.0,2,18,23.84,24.12,0,1,0007,0
2024,15970,"Krull, Lucas",TE,0003,Matt Gerardi,2.0,3,18,0.0,0.0,0,0,,1
2024,15972,"Mason, Jordan",RB,0001,Ryan Bousquet,1.0,1,23,,24.04,0,0,,0
2024,15972,"Mason, Jordan",RB,0008,Keith Creelman,2.0,2,15,7.07,7.11,1,0,,0
2024,15972,"Mason, Jordan",RB,0008,Keith Creelman,3.0,3,15,24.0,7.1,1,0,,0
2024,15972,"Mason, Jordan",RB,0008,Keith Creelman,4.0,4,15,24.0,7.1,1,0,,0
2024,15972,"Mason, Jordan",RB,0001,Ryan Bousquet,4.0,5,23,16.9,0.0,0,0,,1
2024,15979,"Dicker, Cameron",PK,0004,Brian Cutting,1.0,1,6,,24.06,0,0,,0
2024,15979,"Dicker, Cameron",PK,0004,Brian Cutting,1.0,2,6,0.0,0.0,0,0,,1
2024,16011,"Stonehouse, Ryan",PN,0002,Derrick Whitman,1.0,1,15,,24.09,0,0,,0
2024,16011,"Stonehouse, Ryan",PN,0002,Derrick Whitman,1.0,2,15,0.0,0.0,0,0,,1
2024,16018,"Blankenship, Reed",S,0009,Bear Dunn,1.0,1,6,,24.04,0,0,,0
2024,16018,"Blankenship, Reed",S,0009,Bear Dunn,1.0,2,6,0.0,0.0,0,0,,1
2024,16199,"Palmer, Trey",WR,0001,Ryan Bousquet,1.0,1,16,,24.17,0,0,,0
2024,16199,"Palmer, Trey",WR,0001,Ryan Bousquet,1.0,2,16,0.0,0.0,0,0,,1
2024,16280,"Henley, Daiyan",LB,0003,Matt Gerardi,1.0,1,3,,24.93,0,0,,0
2024,16280,"Henley, Daiyan",LB,0003,Matt Gerardi,1.0,2,4,0.0,0.0,0,0,,1
2024,16383,"Pace, Ivan",LB,0001,Ryan Bousquet,1.0,1,22,,32.7,0,0,,0
2024,16383,"Pace, Ivan",LB,0006,Brian Cross,2.0,2,7,15.4,24.1,0,1,0001,0
2024,16383,"Pace, Ivan",LB,0006,Brian Cross,2.0,3,7,0.0,0.0,0,0,,1
2024,16384,"Bagent, Tyson",QB,0003,Matt Gerardi,1.0,1,0,,28.46,0,0,,0
2024,16384,"Bagent, Tyson",QB,0003,Matt Gerardi,1.0,2,5,0.0,0.0,0,0,,1
2024,16385,"Demercado, Emari",RB,0008,Keith Creelman,1.0,1,10,,24.56,0,0,,0
2024,16385,"Demercado, Emari",RB,0008,Keith Creelman,1.0,2,10,0.0,0.0,0,0,,1
2024,16416,"Gipson, Xavier",WR,0008,Keith Creelman,1.0,1,23,,28.93,0,0,,0
2024,16416,"Gipson, Xavier",WR,0008,Keith Creelman,1.0,2,4,0.0,0.0,0,0,,1
2024,16451,"Shavers, Tyrell",WR,0003,Matt Gerardi,1.0,1,20,,25.59,0,0,,0
2024,16451,"Shavers, Tyrell",WR,0003,Matt Gerardi,1.0,2,22,0.0,0.0,0,0,,1
2024,16609,"Johnson, Dillon",RB,0005,Eric Martel,1.0,1,4,,24.84,0,0,,0
2024,16609,"Johnson, Dillon",RB,0005,Eric Martel,1.0,2,5,0.0,0.0,0,0,,1
2024,16625,"Wilson, Johnny",WR,0007,Josh Martel,1.0,1,22,,30.13,0,0,,0
2024,16625,"Wilson, Johnny",WR,0007,Josh Martel,1.0,2,4,0.0,0.0,0,0,,1
2024,16633,"Whittington, Jordan",WR,0009,Bear Dunn,1.0,1,20,,26.28,0,0,,0
2024,16633,"Whittington, Jordan",WR,0006,Brian Cross,2.0,2,22,21.73,24.01,0,1,0009,0
2024,16633,"Whittington, Jordan",WR,0006,Brian Cross,2.0,3,22,0.0,0.0,0,0,,1
2024,16649,"Johnson, Theo",TE,0005,Eric Martel,1.0,1,6,,29.52,0,0,,0
2024,16649,"Johnson, Theo",TE,0010,Shawn Blake,2.0,2,7,23.56,29.08,1,0,,0
2024,16649,"Johnson, Theo",TE,0007,Josh Martel,4.0,3,9,21.96,27.04,1,0,,0
2024,16649,"Johnson, Theo",TE,0007,Josh Martel,5.0,4,12,21.15,24.2,0,1,0005,0
2024,16649,"Johnson, Theo",TE,0007,Josh Martel,5.0,5,12,0.0,0.0,0,0,,1
2024,16678,"Vaki, Sione",RB,0001,Ryan Bousquet,1.0,1,0,,24.03,0,0,,0
2024,16678,"Vaki, Sione",RB,0001,Ryan Bousquet,1.0,2,0,0.0,0.0,0,0,,1
2024,16683,"Rees-Zammit, Louis",RB,0007,Josh Martel,1.0,1,15,,24.12,0,0,,0
2024,16683,"Rees-Zammit, Louis",RB,0007,Josh Martel,1.0,2,16,0.0,0.0,0,0,,1
2024,16751,"Means, Bub",WR,0010,Shawn Blake,1.0,1,7,,24.18,0,0,,0
2024,16751,"Means, Bub",WR,0010,Shawn Blake,1.0,2,7,0.0,0.0,0,0,,1
2024,16858,"Tipton, Mason",WR,0003,Matt Gerardi,1.0,1,0,,47.63,0,0,,0
2024,16858,"Tipton, Mason",WR,0008,Keith Creelman,2.0,2,0,0.52,24.15,1,0,,0
2024,16858,"Tipton, Mason",WR,0008,Keith Creelman,3.0,3,0,24.0,24.15,0,1,0003,0
2024,16858,"Tipton, Mason",WR,0008,Keith Creelman,3.0,4,0,0.0,0.0,0,0,,1
2024,9064,"Flacco, Joe",QB,0008,Keith Creelman,1.0,1,10,,57.91,0,0,,0
2024,9064,"Flacco, Joe",QB,0001,Ryan Bousquet,2.0,2,17,16.45,50.36,0,1,0008,0
2024,9064,"Flacco, Joe",QB,0003,Matt Gerardi,3.0,3,17,0.21,26.57,0,1,0001,0
2024,9064,"Flacco, Joe",QB,0003,Matt Gerardi,3.0,4,20,0.0,0.0,0,0,,1
2024,9596,"Morstead, Thomas",PN,0012,Chris Klingenberg,1.0,1,14,,24.05,0,0,,0
2024,9596,"Morstead, Thomas",PN,0012,Chris Klingenberg,1.0,2,14,0.0,0.0,0,0,,1
2025,10413,"Taylor, Tyrod",QB,0007,Josh Martel,1.0,1,22,,25.17,0,0,,0
2025,10413,"Taylor, Tyrod",QB,0009,Bear Dunn,2.0,2,8,14.48,15.65,1,0,,0
2025,10413,"Taylor, Tyrod",QB,0007,Josh Martel,2.0,3,23,8.35,0.0,0,0,,1
2025,10700,"Cousins, Kirk",QB,0007,Josh Martel,1.0,1,10,,25.3,0,0,,0
2025,10700,"Cousins, Kirk",QB,0007,Josh Martel,1.0,2,12,0.0,0.0,0,0,,1
2025,10768,"David, Lavonte",LB,0003,Matt Gerardi,1.0,1,22,,25.01,0,0,,0
2025,10768,"David, Lavonte",LB,0003,Matt Gerardi,1.0,2,23,0.0,0.0,0,0,,1
2025,10775,"Wagner, Bobby",LB,0008,Keith Creelman,1.0,1,0,,29.92,0,0,,0
2025,10775,"Wagner, Bobby",LB,0008,Keith Creelman,1.0,2,6,0.0,0.0,0,0,,1
2025,10816,"Davis, Demario",LB,0003,Matt Gerardi,1.0,1,23,,24.01,0,0,,0
2025,10816,"Davis, Demario",LB,0003,Matt Gerardi,1.0,2,23,0.0,0.0,0,0,,1
2025,11150,"Smith, Geno",QB,0004,Brian Cutting,1.0,1,14,,25.67,0,0,,0
2025,11150,"Smith, Geno",QB,0005,Eric Martel,10.0,2,15,22.38,24.06,0,1,0004,0
2025,11150,"Smith, Geno",QB,0008,Keith Creelman,13.0,3,12,3.24,3.3,1,0,,0
2025,11150,"Smith, Geno",QB,0010,Shawn Blake,15.0,4,14,22.19,1.49,1,0,,0
2025,11150,"Smith, Geno",QB,0005,Eric Martel,15.0,5,15,22.51,0.0,0,0,,1
2025,11222,"Allen, Keenan",WR,0003,Matt Gerardi,1.0,1,5,,41.55,0,0,,0
2025,11222,"Allen, Keenan",WR,0008,Keith Creelman,2.0,2,8,20.36,37.91,1,0,,0
2025,11222,"Allen, Keenan",WR,0009,Bear Dunn,4.0,3,17,15.5,29.4,0,1,0003,0
2025,11222,"Allen, Keenan",WR,0012,Chris Klingenberg,5.0,4,22,18.6,24.01,0,1,0009,0
2025,11222,"Allen, Keenan",WR,0012,Chris Klingenberg,5.0,5,22,0.0,0.0,0,0,,1
2025,11232,"Hopkins, DeAndre",WR,0004,Brian Cutting,1.0,1,7,,24.06,0,0,,0
2025,11232,"Hopkins, DeAndre",WR,0001,Ryan Bousquet,2.0,2,23,7.75,7.81,1,0,,0
2025,11232,"Hopkins, DeAndre",WR,0004,Brian Cutting,2.0,3,7,16.19,0.0,0,0,,1
2025,11244,"Kelce, Travis",TE,0009,Bear Dunn,1.0,1,12,,123.32,0,0,,0
2025,11244,"Kelce, Travis",TE,0004,Brian Cutting,2.0,2,13,23.02,122.34,0,1,0009,0
2025,11244,"Kelce, Travis",TE,0008,Keith Creelman,3.0,3,19,17.99,116.33,1,0,,0
2025,11244,"Kelce, Travis",TE,0012,Chris Klingenberg,5.0,4,21,21.46,113.79,1,0,,0
2025,11244,"Kelce, Travis",TE,0012,Chris Klingenberg,8.0,5,9,12.55,102.34,1,0,,0
2025,11244,"Kelce, Travis",TE,0008,Keith Creelman,9.0,6,11,21.38,99.72,1,0,,0
2025,11244,"Kelce, Travis",TE,0008,Keith Creelman,10.0,7,12,22.79,98.51,1,0,,0
2025,11244,"Kelce, Travis",TE,0008,Keith Creelman,11.0,8,12,23.99,98.5,0,1,0004,0
2025,11244,"Kelce, Travis",TE,0003,Matt Gerardi,12.0,9,11,1.28,75.78,0,1,0008,0
2025,11244,"Kelce, Travis",TE,0004,Brian Cutting,15.0,10,12,23.12,74.9,0,1,0003,0
2025,11244,"Kelce, Travis",TE,0003,Matt Gerardi,16.0,11,11,1.31,52.21,0,1,0004,0
2025,11244,"Kelce, Travis",TE,0004,Brian Cutting,18.0,12,17,17.5,45.71,0,1,0003,0
2025,11244,"Kelce, Travis",TE,0010,Shawn Blake,20.0,13,15,2.52,24.23,0,1,0004,0
2025,11244,"Kelce, Travis",TE,0004,Brian Cutting,21.0,14,15,23.84,24.07,0,1,0010,0
2025,11244,"Kelce, Travis",TE,0004,Brian Cutting,21.0,15,15,0.0,0.0,0,0,,1
2025,11247,"Ertz, Zach",TE,0012,Chris Klingenberg,1.0,1,9,,24.0,0,0,,0
2025,11247,"Ertz, Zach",TE,0012,Chris Klingenberg,1.0,2,9,0.0,0.0,0,0,,1
2025,11721,"Mack, Khalil",DE,0009,Bear Dunn,1.0,1,7,,24.01,0,0,,0
2025,11721,"Mack, Khalil",DE,0009,Bear Dunn,1.0,2,7,0.0,0.0,0,0,,1
2025,11760,"Garoppolo, Jimmy",QB,0010,Shawn Blake,1.0,1,7,,24.48,0,0,,0
2025,11760,"Garoppolo, Jimmy",QB,0010,Shawn Blake,1.0,2,7,0.0,0.0,0,0,,1
2025,11769,"Lawrence, Demarcus",DE,0009,Bear Dunn,1.0,1,6,,24.18,0,0,,0
2025,11769,"Lawrence, Demarcus",DE,0009,Bear Dunn,1.0,2,6,0.0,0.0,0,0,,1
2025,11936,"Boswell, Chris",PK,0006,Brian Cross,1.0,1,5,,24.0,0,0,,0
2025,11936,"Boswell, Chris",PK,0006,Brian Cross,1.0,2,5,0.0,0.0,0,0,,1
2025,11938,"Thielen, Adam",WR,0002,Derrick Whitman,1.0,1,12,,47.78,0,0,,0
2025,11938,"Thielen, Adam",WR,0006,Brian Cross,2.0,2,19,16.76,40.54,1,0,,0
2025,11938,"Thielen, Adam",WR,0005,Eric Martel,4.0,3,11,8.15,24.68,0,1,0002,0
2025,11938,"Thielen, Adam",WR,0005,Eric Martel,4.0,4,12,0.0,0.0,0,0,,1
2025,11985,"Way, Tress",PN,0004,Brian Cutting,1.0,1,5,,24.03,0,0,,0
2025,11985,"Way, Tress",PN,0004,Brian Cutting,1.0,2,5,0.0,0.0,0,0,,1
2025,12140,"Winston, Jameis",QB,0008,Keith Creelman,1.0,1,17,,24.24,0,0,,0
2025,12140,"Winston, Jameis",QB,0008,Keith Creelman,1.0,2,17,0.0,0.0,0,0,,1
2025,12141,"Mariota, Marcus",QB,0009,Bear Dunn,1.0,1,5,,24.7,0,0,,0
2025,12141,"Mariota, Marcus",QB,0009,Bear Dunn,1.0,2,6,0.0,0.0,0,0,,1
2025,12186,"Diggs, Stefon",WR,0012,Chris Klingenberg,1.0,1,14,,75.59,0,0,,0
2025,12186,"Diggs, Stefon",WR,0008,Keith Creelman,2.0,2,14,23.3,74.89,0,1,0012,0
2025,12186,"Diggs, Stefon",WR,0008,Keith Creelman,4.0,3,17,21.64,72.53,0,0,,0
2025,12186,"Diggs, Stefon",WR,0005,Eric Martel,5.0,4,17,23.99,72.53,0,1,0008,0
2025,12186,"Diggs, Stefon",WR,0001,Ryan Bousquet,6.0,5,21,20.02,68.54,0,1,0005,0
2025,12186,"Diggs, Stefon",WR,0008,Keith Creelman,8.0,6,12,8.59,53.13,1,0,,0
2025,12186,"Diggs, Stefon",WR,0008,Keith Creelman,11.0,7,16,20.03,49.16,0,1,0001,0
2025,12186,"Diggs, Stefon",WR,0006,Brian Cross,12.0,8,20,20.52,45.68,0,1,0008,0
2025,12186,"Diggs, Stefon",WR,0008,Keith Creelman,14.0,9,12,8.04,29.71,1,0,,0
2025,12186,"Diggs, Stefon",WR,0001,Ryan Bousquet,18.0,10,17,18.3,24.02,1,0,,0
2025,12186,"Diggs, Stefon",WR,0001,Ryan Bousquet,20.0,11,17,23.99,24.01,0,1,0006,0
2025,12186,"Diggs, Stefon",WR,0001,Ryan Bousquet,20.0,12,17,0.0,0.0,0,0,,1
2025,12225,"Williams, Leonard",DT,0002,Derrick Whitman,1.0,1,11,,24.23,0,0,,0
2025,12225,"Williams, Leonard",DT,0002,Derrick Whitman,1.0,2,12,0.0,0.0,0,0,,1
2025,12263,"Waller, Darren",TE,0002,Derrick Whitman,1.0,1,19,,24.61,0,0,,0
2025,12263,"Waller, Darren",TE,0002,Derrick Whitman,1.0,2,20,0.0,0.0,0,0,,1
2025,12447,"Mostert, Raheem",RB,0008,Keith Creelman,1.0,1,6,,38.26,0,0,,0
2025,12447,"Mostert, Raheem",RB,0004,Brian Cutting,2.0,2,20,10.76,25.02,0,1,0008,0
2025,12447,"Mostert, Raheem",RB,0004,Brian Cutting,2.0,3,21,0.0,0.0,0,0,,1
2025,12676,"Henry, Hunter",TE,0011,Eric Mannila,1.0,1,7,,24.21,0,0,,0
2025,12676,"Henry, Hunter",TE,0004,Brian Cutting,2.0,2,20,10.55,10.77,1,0,,0
2025,12676,"Henry, Hunter",TE,0011,Eric Mannila,2.0,3,7,13.23,0.0,0,0,,1
2025,12677,"Hooper, Austin",TE,0012,Chris Klingenberg,1.0,1,21,,24.08,0,0,,0
2025,12677,"Hooper, Austin",TE,0012,Chris Klingenberg,1.0,2,21,0.0,0.0,0,0,,1
2025,12752,"Byard, Kevin",S,0008,Keith Creelman,1.0,1,5,,39.85,0,0,,0
2025,12752,"Byard, Kevin",S,0010,Shawn Blake,3.0,2,21,8.24,24.09,1,0,,0
2025,12752,"Byard, Kevin",S,0010,Shawn Blake,4.0,3,21,24.0,24.09,0,1,0008,0
2025,12752,"Byard, Kevin",S,0010,Shawn Blake,4.0,4,21,0.0,0.0,0,0,,1
2025,12860,"Fairbairn, Ka'imi",PK,0006,Brian Cross,1.0,1,5,,36.64,0,0,,0
2025,12860,"Fairbairn, Ka'imi",PK,0004,Brian Cutting,2.0,2,17,11.46,24.1,0,1,0006,0
2025,12860,"Fairbairn, Ka'imi",PK,0004,Brian Cutting,2.0,3,17,0.0,0.0,0,0,,1
2025,12956,"Lutz, Wil",PK,0003,Matt Gerardi,1.0,1,5,,24.13,0,0,,0
2025,12956,"Lutz, Wil",PK,0003,Matt Gerardi,1.0,2,5,0.0,0.0,0,0,,1
2025,13113,"Watson, Deshaun",QB,0008,Keith Creelman,1.0,1,6,,24.19,0,0,,0
2025,13113,"Watson, Deshaun",QB,0008,Keith Creelman,1.0,2,6,0.0,0.0,0,0,,1
2025,13115,"Trubisky, Mitchell",QB,0009,Bear Dunn,1.0,1,17,,26.2,0,0,,0
2025,13115,"Trubisky, Mitchell",QB,0009,Bear Dunn,1.0,2,20,0.0,0.0,0,0,,1
2025,13130,"McCaffrey, Christian",RB,0011,Eric Mannila,1.0,1,12,,43.47,0,0,,0
2025,13130,"McCaffrey, Christian",RB,0004,Brian Cutting,25.0,2,12,23.97,43.45,1,0,,0
2025,13130,"McCaffrey, Christian",RB,0010,Shawn Blake,28.0,3,12,23.72,43.16,0,1,0011,0
2025,13130,"McCaffrey, Christian",RB,0004,Brian Cutting,31.0,4,12,23.84,43.01,0,1,0010,0
2025,13130,"McCaffrey, Christian",RB,0011,Eric Mannila,32.0,5,12,23.98,42.99,0,1,0004,0
2025,13130,"McCaffrey, Christian",RB,0010,Shawn Blake,34.0,6,13,23.65,42.63,0,1,0011,0
2025,13130,"McCaffrey, Christian",RB,0004,Brian Cutting,36.0,7,14,22.82,41.45,0,1,0010,0
2025,13130,"McCaffrey, Christian",RB,0010,Shawn Blake,41.0,8,15,22.35,39.8,0,1,0004,0
2025,13130,"McCaffrey, Christian",RB,0004,Brian Cutting,42.0,9,7,8.21,24.01,0,1,0010,0
2025,13130,"McCaffrey, Christian",RB,0010,Shawn Blake,45.0,10,8,23.78,23.79,1,0,,0
2025,13130,"McCaffrey, Christian",RB,0007,Josh Martel,56.0,11,20,11.27,11.06,1,0,,0
2025,13130,"McCaffrey, Christian",RB,0004,Brian Cutting,56.0,12,7,12.94,0.0,0,0,,1
2025,13133,"Perine, Samaje",RB,0006,Brian Cross,1.0,1,6,,24.06,0,0,,0
2025,13133,"Perine, Samaje",RB,0006,Brian Cross,1.0,2,6,0.0,0.0,0,0,,1
2025,13138,"Hunt, Kareem",RB,0004,Brian Cutting,1.0,1,6,,49.17,0,0,,0
2025,13138,"Hunt, Kareem",RB,0004,Brian Cutting,2.0,2,8,21.6,46.77,0,0,,0
2025,13138,"Hunt, Kareem",RB,0005,Eric Martel,3.0,3,8,23.99,46.76,0,1,0004,0
2025,13138,"Hunt, Kareem",RB,0004,Brian Cutting,4.0,4,7,1.33,24.09,1,0,,0
2025,13138,"Hunt, Kareem",RB,0004,Brian Cutting,5.0,5,7,23.95,24.04,0,1,0005,0
2025,13138,"Hunt, Kareem",RB,0004,Brian Cutting,5.0,6,7,0.0,0.0,0,0,,1
2025,13163,"Godwin, Chris",WR,0010,Shawn Blake,1.0,1,14,,24.01,0,0,,0
2025,13163,"Godwin, Chris",WR,0008,Keith Creelman,4.0,2,14,23.38,23.39,1,0,,0
2025,13163,"Godwin, Chris",WR,0004,Brian Cutting,6.0,3,16,22.47,21.86,1,0,,0
2025,13163,"Godwin, Chris",WR,0004,Brian Cutting,8.0,4,16,23.99,21.85,1,0,,0
2025,13163,"Godwin, Chris",WR,0008,Keith Creelman,9.0,5,12,3.79,1.63,1,0,,0
2025,13163,"Godwin, Chris",WR,0003,Matt Gerardi,10.0,6,13,22.73,0.37,1,0,,0
2025,13163,"Godwin, Chris",WR,0010,Shawn Blake,10.0,7,14,23.63,0.0,0,0,,1
2025,13164,"Kupp, Cooper",WR,0006,Brian Cross,1.0,1,12,,24.01,0,0,,0
2025,13164,"Kupp, Cooper",WR,0010,Shawn Blake,6.0,2,12,23.17,23.19,1,0,,0
2025,13164,"Kupp, Cooper",WR,0008,Keith Creelman,7.0,3,14,22.09,21.28,1,0,,0
2025,13164,"Kupp, Cooper",WR,0010,Shawn Blake,9.0,4,5,9.21,6.49,1,0,,0
2025,13164,"Kupp, Cooper",WR,0006,Brian Cross,9.0,5,12,17.51,0.0,0,0,,1
2025,13168,"Reynolds, Josh",WR,0002,Derrick Whitman,1.0,1,10,,25.55,0,0,,0
2025,13168,"Reynolds, Josh",WR,0002,Derrick Whitman,1.0,2,12,0.0,0.0,0,0,,1
2025,13192,"Njoku, David",TE,0010,Shawn Blake,1.0,1,0,,106.35,0,0,,0
2025,13192,"Njoku, David",TE,0003,Matt Gerardi,6.0,2,0,23.75,106.1,0,1,0010,0
2025,13192,"Njoku, David",TE,0004,Brian Cutting,8.0,3,13,10.62,92.72,1,0,,0
2025,13192,"Njoku, David",TE,0004,Brian Cutting,9.0,4,13,24.0,92.72,0,1,0003,0
2025,13192,"Njoku, David",TE,0003,Matt Gerardi,13.0,5,19,18.05,86.76,0,1,0004,0
2025,13192,"Njoku, David",TE,0004,Brian Cutting,15.0,6,20,23.49,86.25,1,0,,0
2025,13192,"Njoku, David",TE,0004,Brian Cutting,16.0,7,7,12.32,74.57,0,1,0003,0
2025,13192,"Njoku, David",TE,0010,Shawn Blake,18.0,8,12,19.57,70.14,0,1,0004,0
2025,13192,"Njoku, David",TE,0003,Matt Gerardi,21.0,9,10,1.85,48.0,0,1,0010,0
2025,13192,"Njoku, David",TE,0010,Shawn Blake,22.0,10,10,23.85,47.84,0,1,0003,0
2025,13192,"Njoku, David",TE,0003,Matt Gerardi,25.0,11,10,0.17,24.01,0,1,0010,0
2025,13192,"Njoku, David",TE,0010,Shawn Blake,27.0,12,10,23.56,23.57,1,0,,0
2025,13192,"Njoku, David",TE,0003,Matt Gerardi,27.0,13,10,0.43,0.0,0,0,,1
2025,13193,"Smith, Jonnu",TE,0012,Chris Klingenberg,1.0,1,9,,25.99,0,0,,0
2025,13193,"Smith, Jonnu",TE,0005,Eric Martel,2.0,2,11,22.01,24.0,0,1,0012,0
2025,13193,"Smith, Jonnu",TE,0012,Chris Klingenberg,3.0,3,22,12.39,12.39,1,0,,0
2025,13193,"Smith, Jonnu",TE,0012,Chris Klingenberg,5.0,4,22,24.0,12.38,1,0,,0
2025,13193,"Smith, Jonnu",TE,0010,Shawn Blake,6.0,5,10,12.35,0.73,1,0,,0
2025,13193,"Smith, Jonnu",TE,0005,Eric Martel,6.0,6,11,23.27,0.0,0,0,,1
2025,13251,"Baker, Budda",S,0001,Ryan Bousquet,1.0,1,14,,27.62,0,0,,0
2025,13251,"Baker, Budda",S,0009,Bear Dunn,2.0,2,15,23.2,26.81,0,1,0001,0
2025,13251,"Baker, Budda",S,0007,Josh Martel,4.0,3,18,21.33,24.14,0,1,0009,0
2025,13251,"Baker, Budda",S,0007,Josh Martel,4.0,4,18,0.0,0.0,0,0,,1
2025,13284,"Hendrickson, Trey",DE,0010,Shawn Blake,1.0,1,6,,24.06,0,0,,0
2025,13284,"Hendrickson, Trey",DE,0009,Bear Dunn,2.0,2,7,23.7,23.76,1,0,,0
2025,13284,"Hendrickson, Trey",DE,0009,Bear Dunn,3.0,3,13,17.75,17.51,1,0,,0
2025,13284,"Hendrickson, Trey",DE,0010,Shawn Blake,3.0,4,6,6.49,0.0,0,0,,1
2025,13299,"Kittle, George",TE,0005,Eric Martel,1.0,1,12,,27.66,0,0,,0
2025,13299,"Kittle, George",TE,0004,Brian Cutting,9.0,2,12,23.73,27.39,1,0,,0
2025,13299,"Kittle, George",TE,0004,Brian Cutting,11.0,3,12,23.97,27.36,0,1,0005,0
2025,13299,"Kittle, George",TE,0005,Eric Martel,15.0,4,12,23.43,26.79,0,1,0004,0
2025,13299,"Kittle, George",TE,0004,Brian Cutting,17.0,5,13,23.9,26.68,1,0,,0
2025,13299,"Kittle, George",TE,0004,Brian Cutting,20.0,6,13,24.0,26.68,1,0,,0
2025,13299,"Kittle, George",TE,0004,Brian Cutting,22.0,7,13,24.0,26.68,1,0,,0
2025,13299,"Kittle, George",TE,0007,Josh Martel,29.0,8,15,21.36,24.04,0,1,0005,0
2025,13299,"Kittle, George",TE,0007,Josh Martel,29.0,9,15,0.0,0.0,0,0,,1
2025,13303,"Elliott, Jake",PK,0011,Eric Mannila,1.0,1,12,,24.01,0,0,,0
2025,13303,"Elliott, Jake",PK,0011,Eric Mannila,1.0,2,12,0.0,0.0,0,0,,1
2025,13354,"Butker, Harrison",PK,0011,Eric Mannila,1.0,1,6,,24.02,0,0,,0
2025,13354,"Butker, Harrison",PK,0011,Eric Mannila,1.0,2,7,0.0,0.0,0,0,,1
2025,13404,"Ekeler, Austin",RB,0008,Keith Creelman,1.0,1,14,,24.0,0,0,,0
2025,13404,"Ekeler, Austin",RB,0006,Brian Cross,8.0,2,12,2.16,2.16,1,0,,0
2025,13404,"Ekeler, Austin",RB,0008,Keith Creelman,8.0,3,14,21.84,0.0,0,0,,1
2025,13590,"Mayfield, Baker",QB,0004,Brian Cutting,1.0,1,12,,24.43,0,0,,0
2025,13590,"Mayfield, Baker",QB,0005,Eric Martel,16.0,2,12,23.98,24.41,0,1,0004,0
2025,13590,"Mayfield, Baker",QB,0010,Shawn Blake,20.0,3,12,23.73,24.15,1,0,,0
2025,13590,"Mayfield, Baker",QB,0004,Brian Cutting,22.0,4,12,23.87,24.01,1,0,,0
2025,13590,"Mayfield, Baker",QB,0004,Brian Cutting,25.0,5,12,23.99,24.01,1,0,,0
2025,13590,"Mayfield, Baker",QB,0004,Brian Cutting,29.0,6,12,24.0,24.0,0,1,0005,0
2025,13590,"Mayfield, Baker",QB,0001,Ryan Bousquet,31.0,7,9,3.36,3.37,1,0,,0
2025,13590,"Mayfield, Baker",QB,0004,Brian Cutting,31.0,8,12,20.63,0.0,0,0,,1
2025,13592,"Darnold, Sam",QB,0003,Matt Gerardi,1.0,1,13,,24.04,0,0,,0
2025,13592,"Darnold, Sam",QB,0004,Brian Cutting,5.0,2,16,21.14,21.17,1,0,,0
2025,13592,"Darnold, Sam",QB,0009,Bear Dunn,8.0,3,12,3.52,0.7,1,0,,0
2025,13592,"Darnold, Sam",QB,0009,Bear Dunn,11.0,4,12,23.99,0.69,1,0,,0
2025,13592,"Darnold, Sam",QB,0009,Bear Dunn,13.0,5,12,23.98,0.67,1,0,,0
2025,13592,"Darnold, Sam",QB,0009,Bear Dunn,14.0,6,13,23.77,0.44,1,0,,0
2025,13592,"Darnold, Sam",QB,0009,Bear Dunn,16.0,7,13,23.93,0.37,1,0,,0
2025,13592,"Darnold, Sam",QB,0009,Bear Dunn,18.0,8,13,23.7,0.06,1,0,,0
2025,13592,"Darnold, Sam",QB,0003,Matt Gerardi,18.0,9,13,23.94,0.0,0,0,,1
2025,13610,"Chubb, Nick",RB,0010,Shawn Blake,1.0,1,0,,41.51,0,0,,0
2025,13610,"Chubb, Nick",RB,0003,Matt Gerardi,2.0,2,0,23.66,41.17,1,0,,0
2025,13610,"Chubb, Nick",RB,0008,Keith Creelman,3.0,3,17,6.85,24.02,0,1,0010,0
2025,13610,"Chubb, Nick",RB,0008,Keith Creelman,3.0,4,17,0.0,0.0,0,0,,1
2025,13633,"Kirk, Christian",WR,0005,Eric Martel,1.0,1,5,,24.01,0,0,,0
2025,13633,"Kirk, Christian",WR,0010,Shawn Blake,2.0,2,0,5.61,5.62,1,0,,0
2025,13633,"Kirk, Christian",WR,0005,Eric Martel,2.0,3,5,18.38,0.0,0,0,,1
2025,13635,"Moore, D.J.",WR,0001,Ryan Bousquet,1.0,1,21,,41.18,0,0,,0
2025,13635,"Moore, D.J.",WR,0004,Brian Cutting,5.0,2,21,23.91,41.08,1,0,,0
2025,13635,"Moore, D.J.",WR,0004,Brian Cutting,9.0,3,21,24.0,41.08,1,0,,0
2025,13635,"Moore, D.J.",WR,0003,Matt Gerardi,15.0,4,14,6.94,24.02,1,0,,0
2025,13635,"Moore, D.J.",WR,0003,Matt Gerardi,17.0,5,14,23.99,24.01,0,1,0001,0
2025,13635,"Moore, D.J.",WR,0008,Keith Creelman,19.0,6,5,8.95,8.96,1,0,,0
2025,13635,"Moore, D.J.",WR,0008,Keith Creelman,20.0,7,11,17.6,2.56,1,0,,0
2025,13635,"Moore, D.J.",WR,0008,Keith Creelman,21.0,8,12,23.95,2.52,1,0,,0
2025,13635,"Moore, D.J.",WR,0003,Matt Gerardi,21.0,9,14,21.48,0.0,0,0,,1
2025,13672,"Gesicki, Mike",TE,0011,Eric Mannila,1.0,1,6,,24.04,0,0,,0
2025,13672,"Gesicki, Mike",TE,0011,Eric Mannila,1.0,2,6,0.0,0.0,0,0,,1
2025,13674,"Goedert, Dallas",TE,0001,Ryan Bousquet,1.0,1,17,,24.01,0,0,,0
2025,13674,"Goedert, Dallas",TE,0004,Brian Cutting,3.0,2,19,21.62,21.63,1,0,,0
2025,13674,"Goedert, Dallas",TE,0010,Shawn Blake,4.0,3,6,13.41,11.04,1,0,,0
2025,13674,"Goedert, Dallas",TE,0010,Shawn Blake,5.0,4,12,18.03,5.07,1,0,,0
2025,13674,"Goedert, Dallas",TE,0004,Brian Cutting,7.0,5,12,23.8,4.87,1,0,,0
2025,13674,"Goedert, Dallas",TE,0001,Ryan Bousquet,7.0,6,17,19.13,0.0,0,0,,1
2025,13714,"James, Derwin",S,0004,Brian Cutting,1.0,1,5,,26.18,0,0,,0
2025,13714,"James, Derwin",S,0010,Shawn Blake,2.0,2,6,22.37,24.55,1,0,,0
2025,13714,"James, Derwin",S,0009,Bear Dunn,3.0,3,7,23.67,24.22,0,1,0004,0
2025,13714,"James, Derwin",S,0004,Brian Cutting,4.0,4,7,23.78,24.0,0,1,0009,0
2025,13714,"James, Derwin",S,0004,Brian Cutting,4.0,5,7,0.0,0.0,0,0,,1
2025,13737,"Bates, Jessie",S,0008,Keith Creelman,1.0,1,6,,24.0,0,0,,0
2025,13737,"Bates, Jessie",S,0010,Shawn Blake,2.0,2,6,23.34,23.34,1,0,,0
2025,13737,"Bates, Jessie",S,0008,Keith Creelman,2.0,3,6,0.66,0.0,0,0,,1
2025,13763,"Dissly, Will",TE,0012,Chris Klingenberg,1.0,1,23,,24.16,0,0,,0
2025,13763,"Dissly, Will",TE,0012,Chris Klingenberg,1.0,2,23,0.0,0.0,0,0,,1
2025,13782,"Dickson, Michael",PN,0005,Eric Martel,1.0,1,2,,26.42,0,0,,0
2025,13782,"Dickson, Michael",PN,0005,Eric Martel,1.0,2,4,0.0,0.0,0,0,,1
2025,13806,"Elliott, DeShon",S,0002,Derrick Whitman,1.0,1,11,,24.25,0,0,,0
2025,13806,"Elliott, DeShon",S,0002,Derrick Whitman,1.0,2,12,0.0,0.0,0,0,,1
2025,13813,"Oluokun, Foyesade",LB,0009,Bear Dunn,1.0,1,5,,24.0,0,0,,0
2025,13813,"Oluokun, Foyesade",LB,0001,Ryan Bousquet,2.0,2,7,22.04,22.04,1,0,,0
2025,13813,"Oluokun, Foyesade",LB,0009,Bear Dunn,2.0,3,5,1.96,0.0,0,0,,1
2025,13837,"Franklin, Zaire",LB,0003,Matt Gerardi,1.0,1,0,,42.44,0,0,,0
2025,13837,"Franklin, Zaire",LB,0010,Shawn Blake,2.0,2,5,18.51,36.94,1,0,,0
2025,13837,"Franklin, Zaire",LB,0003,Matt Gerardi,4.0,3,5,24.0,36.94,0,0,,0
2025,13837,"Franklin, Zaire",LB,0005,Eric Martel,5.0,4,18,11.06,24.0,0,1,0003,0
2025,13837,"Franklin, Zaire",LB,0005,Eric Martel,5.0,5,18,0.0,0.0,0,0,,1
2025,13848,"Johnston, Cam",PN,0003,Matt Gerardi,1.0,1,23,,24.0,0,0,,0
2025,13848,"Johnston, Cam",PN,0003,Matt Gerardi,1.0,2,23,0.0,0.0,0,0,,1
2025,13869,"Bojorquez, Corey",PN,0004,Brian Cutting,1.0,1,5,,26.64,0,0,,0
2025,13869,"Bojorquez, Corey",PN,0001,Ryan Bousquet,2.0,2,8,21.38,24.03,0,1,0004,0
2025,13869,"Bojorquez, Corey",PN,0001,Ryan Bousquet,2.0,3,8,0.0,0.0,0,0,,1
2025,13952,"Luvu, Frankie",LB,0003,Matt Gerardi,1.0,1,12,,24.21,0,0,,0
2025,13952,"Luvu, Frankie",LB,0003,Matt Gerardi,1.0,2,12,0.0,0.0,0,0,,1
2025,13987,"Spillane, Robert",LB,0006,Brian Cross,1.0,1,5,,42.24,0,0,,0
2025,13987,"Spillane, Robert",LB,0010,Shawn Blake,2.0,2,6,23.2,41.43,0,1,0006,0
2025,13987,"Spillane, Robert",LB,0001,Ryan Bousquet,3.0,3,19,10.49,27.92,1,0,,0
2025,13987,"Spillane, Robert",LB,0006,Brian Cross,4.0,4,23,20.09,24.01,0,1,0010,0
2025,13987,"Spillane, Robert",LB,0006,Brian Cross,4.0,5,23,0.0,0.0,0,0,,1
2025,14071,"Montgomery, David",RB,0008,Keith Creelman,1.0,1,14,,52.95,0,0,,0
2025,14071,"Montgomery, David",RB,0009,Bear Dunn,4.0,2,17,21.73,50.68,1,0,,0
2025,14071,"Montgomery, David",RB,0001,Ryan Bousquet,10.0,3,21,19.88,46.56,1,0,,0
2025,14071,"Montgomery, David",RB,0010,Shawn Blake,12.0,4,12,9.15,31.71,0,1,0008,0
2025,14071,"Montgomery, David",RB,0006,Brian Cross,17.0,5,12,23.31,31.02,0,1,0010,0
2025,14071,"Montgomery, David",RB,0001,Ryan Bousquet,20.0,6,19,16.98,24.0,0,1,0006,0
2025,14071,"Montgomery, David",RB,0001,Ryan Bousquet,20.0,7,19,0.0,0.0,0,0,,1
2025,14079,"Sanders, Miles",RB,0005,Eric Martel,1.0,1,8,,24.17,0,0,,0
2025,14079,"Sanders, Miles",RB,0003,Matt Gerardi,2.0,2,4,3.65,3.82,1,0,,0
2025,14079,"Sanders, Miles",RB,0005,Eric Martel,2.0,3,8,20.18,0.0,0,0,,1
2025,14080,"Singletary, Devin",RB,0003,Matt Gerardi,1.0,1,16,,24.03,0,0,,0
2025,14080,"Singletary, Devin",RB,0003,Matt Gerardi,1.0,2,16,0.0,0.0,0,0,,1
2025,14086,"Hill, Justice",RB,0007,Josh Martel,1.0,1,18,,24.14,0,0,,0
2025,14086,"Hill, Justice",RB,0007,Josh Martel,1.0,2,19,0.0,0.0,0,0,,1
2025,14095,"Johnson, Ty",RB,0008,Keith Creelman,1.0,1,6,,24.17,0,0,,0
2025,14095,"Johnson, Ty",RB,0008,Keith Creelman,1.0,2,6,0.0,0.0,0,0,,1
2025,14109,"McLaurin, Terry",WR,0002,Derrick Whitman,1.0,1,9,,26.28,0,0,,0
2025,14109,"McLaurin, Terry",WR,0010,Shawn Blake,11.0,2,12,21.72,24.0,0,1,0002,0
2025,14109,"McLaurin, Terry",WR,0010,Shawn Blake,15.0,3,16,19.81,19.81,0,0,,0
2025,14109,"McLaurin, Terry",WR,0009,Bear Dunn,18.0,4,10,5.46,1.27,1,0,,0
2025,14109,"McLaurin, Terry",WR,0008,Keith Creelman,19.0,5,12,22.79,0.05,1,0,,0
2025,14109,"McLaurin, Terry",WR,0010,Shawn Blake,19.0,6,12,23.95,0.0,0,0,,1
2025,14122,"Slayton, Darius",WR,0009,Bear Dunn,1.0,1,5,,24.68,0,0,,0
2025,14122,"Slayton, Darius",WR,0009,Bear Dunn,1.0,2,6,0.0,0.0,0,0,,1
2025,14136,"Samuel, Deebo",WR,0002,Derrick Whitman,1.0,1,9,,29.46,0,0,,0
2025,14136,"Samuel, Deebo",WR,0008,Keith Creelman,2.0,2,12,21.18,26.64,0,1,0002,0
2025,14136,"Samuel, Deebo",WR,0004,Brian Cutting,6.0,3,13,23.08,25.72,1,0,,0
2025,14136,"Samuel, Deebo",WR,0003,Matt Gerardi,7.0,4,15,22.3,24.02,0,1,0008,0
2025,14136,"Samuel, Deebo",WR,0008,Keith Creelman,8.0,5,12,3.26,3.28,1,0,,0
2025,14136,"Samuel, Deebo",WR,0003,Matt Gerardi,8.0,6,15,20.72,0.0,0,0,,1
2025,14163,"Simmons, Jeffery",DT,0003,Matt Gerardi,1.0,1,14,,24.09,0,0,,0
2025,14163,"Simmons, Jeffery",DT,0003,Matt Gerardi,1.0,2,14,0.0,0.0,0,0,,1
2025,14167,"Hines-Allen, Josh",DE,0011,Eric Mannila,1.0,1,5,,41.92,0,0,,0
2025,14167,"Hines-Allen, Josh",DE,0001,Ryan Bousquet,2.0,2,23,6.26,24.18,0,1,0011,0
2025,14167,"Hines-Allen, Josh",DE,0001,Ryan Bousquet,2.0,3,23,0.0,0.0,0,0,,1
2025,14179,"Love, Julian",S,0002,Derrick Whitman,1.0,1,9,,24.02,0,0,,0
2025,14179,"Love, Julian",S,0010,Shawn Blake,2.0,2,7,1.79,1.81,1,0,,0
2025,14179,"Love, Julian",S,0002,Derrick Whitman,2.0,3,9,22.19,0.0,0,0,,1
2025,14210,"Pratt, Germaine",LB,0001,Ryan Bousquet,1.0,1,15,,24.14,0,0,,0
2025,14210,"Pratt, Germaine",LB,0001,Ryan Bousquet,1.0,2,15,0.0,0.0,0,0,,1
2025,14218,"Okereke, Bobby",LB,0005,Eric Martel,1.0,1,5,,24.0,0,0,,0
2025,14218,"Okereke, Bobby",LB,0001,Ryan Bousquet,2.0,2,7,21.77,21.77,1,0,,0
2025,14218,"Okereke, Bobby",LB,0005,Eric Martel,2.0,3,5,2.23,0.0,0,0,,1
2025,14221,"Williams, Quincy",LB,0011,Eric Mannila,1.0,1,5,,40.7,0,0,,0
2025,14221,"Williams, Quincy",LB,0005,Eric Martel,2.0,2,15,13.81,30.51,0,1,0011,0
2025,14221,"Williams, Quincy",LB,0011,Eric Mannila,3.0,3,21,17.87,24.38,1,0,,0
2025,14221,"Williams, Quincy",LB,0011,Eric Mannila,4.0,4,21,24.0,24.37,0,1,0005,0
2025,14221,"Williams, Quincy",LB,0011,Eric Mannila,4.0,5,22,0.0,0.0,0,0,,1
2025,14223,"Mattison, Alexander",RB,0005,Eric Martel,1.0,1,11,,24.01,0,0,,0
2025,14223,"Mattison, Alexander",RB,0010,Shawn Blake,3.0,2,21,13.82,13.83,1,0,,0
2025,14223,"Mattison, Alexander",RB,0004,Brian Cutting,4.0,3,7,14.53,4.36,1,0,,0
2025,14223,"Mattison, Alexander",RB,0005,Eric Martel,4.0,4,11,19.64,0.0,0,0,,1
2025,14225,"Crosby, Maxx",DE,0010,Shawn Blake,1.0,1,0,,30.48,0,0,,0
2025,14225,"Crosby, Maxx",DE,0010,Shawn Blake,4.0,2,2,21.78,28.27,0,0,,0
2025,14225,"Crosby, Maxx",DE,0010,Shawn Blake,6.0,3,2,23.79,28.06,0,0,,0
2025,14225,"Crosby, Maxx",DE,0011,Eric Mannila,9.0,4,6,20.02,24.07,0,1,0010,0
2025,14225,"Crosby, Maxx",DE,0010,Shawn Blake,10.0,5,12,18.22,18.3,1,0,,0
2025,14225,"Crosby, Maxx",DE,0011,Eric Mannila,10.0,6,6,5.7,0.0,0,0,,1
2025,14244,"Gay, Matt",PK,0005,Eric Martel,1.0,1,2,,26.51,0,0,,0
2025,14244,"Gay, Matt",PK,0005,Eric Martel,1.0,2,4,0.0,0.0,0,0,,1
2025,14251,"Cashman, Blake",LB,0001,Ryan Bousquet,1.0,1,15,,24.02,0,0,,0
2025,14251,"Cashman, Blake",LB,0010,Shawn Blake,2.0,2,15,0.09,0.11,1,0,,0
2025,14251,"Cashman, Blake",LB,0001,Ryan Bousquet,2.0,3,15,23.89,0.0,0,0,,1
2025,14412,"Singleton, Alex",LB,0004,Brian Cutting,1.0,1,4,,24.11,0,0,,0
2025,14412,"Singleton, Alex",LB,0009,Bear Dunn,2.0,2,22,6.66,6.77,1,0,,0
2025,14412,"Singleton, Alex",LB,0004,Brian Cutting,2.0,3,4,17.23,0.0,0,0,,1
2025,14489,"Gillan, Jamie",PN,0012,Chris Klingenberg,1.0,1,9,,24.02,0,0,,0
2025,14489,"Gillan, Jamie",PN,0012,Chris Klingenberg,1.0,2,9,0.0,0.0,0,0,,1
2025,14590,"Al-Shaair, Azeez",LB,0009,Bear Dunn,1.0,1,7,,24.06,0,0,,0
2025,14590,"Al-Shaair, Azeez",LB,0009,Bear Dunn,1.0,2,7,0.0,0.0,0,0,,1
2025,14630,"Cole, A.J.",PN,0011,Eric Mannila,1.0,1,4,,24.24,0,0,,0
2025,14630,"Cole, A.J.",PN,0011,Eric Mannila,1.0,2,4,0.0,0.0,0,0,,1
2025,14717,"McLaughlin, Chase",PK,0009,Bear Dunn,1.0,1,5,,24.02,0,0,,0
2025,14717,"McLaughlin, Chase",PK,0009,Bear Dunn,1.0,2,5,0.0,0.0,0,0,,1
2025,14779,"Herbert, Justin",QB,0005,Eric Martel,1.0,1,12,,24.31,0,0,,0
2025,14779,"Herbert, Justin",QB,0010,Shawn Blake,22.0,2,12,23.9,24.22,0,1,0005,0
2025,14779,"Herbert, Justin",QB,0004,Brian Cutting,25.0,3,12,23.81,24.03,1,0,,0
2025,14779,"Herbert, Justin",QB,0011,Eric Mannila,40.0,4,12,23.99,24.02,1,0,,0
2025,14779,"Herbert, Justin",QB,0011,Eric Mannila,51.0,5,12,24.0,24.02,0,1,0010,0
2025,14779,"Herbert, Justin",QB,0011,Eric Mannila,51.0,6,12,0.0,0.0,0,0,,1
2025,14797,"Swift, D'Andre",RB,0006,Brian Cross,1.0,1,12,,47.79,0,0,,0
2025,14797,"Swift, D'Andre",RB,0010,Shawn Blake,13.0,2,12,23.98,47.77,0,1,0006,0
2025,14797,"Swift, D'Andre",RB,0004,Brian Cutting,15.0,3,12,23.52,47.29,1,0,,0
2025,14797,"Swift, D'Andre",RB,0004,Brian Cutting,19.0,4,16,20.4,43.7,0,1,0010,0
2025,14797,"Swift, D'Andre",RB,0010,Shawn Blake,21.0,5,12,4.31,24.01,0,1,0004,0
2025,14797,"Swift, D'Andre",RB,0008,Keith Creelman,22.0,6,5,6.5,6.51,1,0,,0
2025,14797,"Swift, D'Andre",RB,0008,Keith Creelman,23.0,7,11,17.6,0.1,1,0,,0
2025,14797,"Swift, D'Andre",RB,0010,Shawn Blake,23.0,8,12,23.9,0.0,0,0,,1
2025,14823,"Dowdle, Rico",RB,0001,Ryan Bousquet,1.0,1,15,,24.04,0,0,,0
2025,14823,"Dowdle, Rico",RB,0007,Josh Martel,2.0,2,7,7.98,8.02,1,0,,0
2025,14823,"Dowdle, Rico",RB,0008,Keith Creelman,4.0,3,7,23.21,7.23,1,0,,0
2025,14823,"Dowdle, Rico",RB,0001,Ryan Bousquet,4.0,4,15,16.77,0.0,0,0,,1
2025,14840,"Aiyuk, Brandon",WR,0004,Brian Cutting,1.0,1,4,,34.84,0,0,,0
2025,14840,"Aiyuk, Brandon",WR,0008,Keith Creelman,4.0,2,5,23.13,33.98,1,0,,0
2025,14840,"Aiyuk, Brandon",WR,0009,Bear Dunn,6.0,3,7,22.27,32.24,0,1,0004,0
2025,14840,"Aiyuk, Brandon",WR,0004,Brian Cutting,8.0,4,7,23.52,31.77,0,1,0009,0
2025,14840,"Aiyuk, Brandon",WR,0009,Bear Dunn,9.0,5,10,20.96,28.73,0,1,0004,0
2025,14840,"Aiyuk, Brandon",WR,0008,Keith Creelman,10.0,6,15,19.68,24.41,0,1,0009,0
2025,14840,"Aiyuk, Brandon",WR,0004,Brian Cutting,11.0,7,15,23.94,24.36,0,1,0008,0
2025,14840,"Aiyuk, Brandon",WR,0004,Brian Cutting,11.0,8,15,0.0,0.0,0,0,,1
2025,14852,"Gibson, Antonio",RB,0007,Josh Martel,1.0,1,7,,24.03,0,0,,0
2025,14852,"Gibson, Antonio",RB,0007,Josh Martel,1.0,2,7,0.0,0.0,0,0,,1
2025,14877,"Young, Chase",DE,0008,Keith Creelman,1.0,1,6,,28.55,0,0,,0
2025,14877,"Young, Chase",DE,0008,Keith Creelman,1.0,2,11,0.0,0.0,0,0,,1
2025,14882,"Greenard, Jonathan",DE,0001,Ryan Bousquet,1.0,1,17,,24.06,0,0,,0
2025,14882,"Greenard, Jonathan",DE,0010,Shawn Blake,2.0,2,12,5.06,5.12,1,0,,0
2025,14882,"Greenard, Jonathan",DE,0001,Ryan Bousquet,2.0,3,17,18.88,0.0,0,0,,1
2025,14892,"Brooks, Jordyn",LB,0006,Brian Cross,1.0,1,5,,42.04,0,0,,0
2025,14892,"Brooks, Jordyn",LB,0001,Ryan Bousquet,2.0,2,10,18.99,37.03,0,1,0006,0
2025,14892,"Brooks, Jordyn",LB,0006,Brian Cross,3.0,3,23,11.01,24.04,1,0,,0
2025,14892,"Brooks, Jordyn",LB,0006,Brian Cross,4.0,4,23,23.97,24.0,0,1,0001,0
2025,14892,"Brooks, Jordyn",LB,0006,Brian Cross,4.0,5,23,0.0,0.0,0,0,,1
2025,14896,"Queen, Patrick",LB,0008,Keith Creelman,1.0,1,0,,24.16,0,0,,0
2025,14896,"Queen, Patrick",LB,0008,Keith Creelman,1.0,2,0,0.0,0.0,0,0,,1
2025,14910,"Jones, Brandon",S,0001,Ryan Bousquet,1.0,1,23,,24.25,0,0,,0
2025,14910,"Jones, Brandon",S,0010,Shawn Blake,3.0,2,23,23.87,24.11,0,1,0001,0
2025,14910,"Jones, Brandon",S,0010,Shawn Blake,3.0,3,23,0.0,0.0,0,0,,1
2025,14927,"Chinn, Jeremy",S,0005,Eric Martel,1.0,1,8,,24.1,0,0,,0
2025,14927,"Chinn, Jeremy",S,0009,Bear Dunn,2.0,2,22,10.01,10.11,1,0,,0
2025,14927,"Chinn, Jeremy",S,0005,Eric Martel,2.0,3,8,13.89,0.0,0,0,,1
2025,14928,"Wilson, Logan",LB,0009,Bear Dunn,1.0,1,12,,24.01,0,0,,0
2025,14928,"Wilson, Logan",LB,0001,Ryan Bousquet,2.0,2,21,14.88,14.9,1,0,,0
2025,14928,"Wilson, Logan",LB,0009,Bear Dunn,2.0,3,12,9.1,0.0,0,0,,1
2025,14983,"Bass, Tyler",PK,0002,Derrick Whitman,1.0,1,10,,25.57,0,0,,0
2025,14983,"Bass, Tyler",PK,0002,Derrick Whitman,1.0,2,12,0.0,0.0,0,0,,1
2025,15051,"Townsend, Tommy",PN,0006,Brian Cross,1.0,1,5,,24.1,0,0,,0
2025,15051,"Townsend, Tommy",PN,0006,Brian Cross,1.0,2,5,0.0,0.0,0,0,,1
2025,15076,"Rozeboom, Christian",LB,0004,Brian Cutting,1.0,1,5,,24.07,0,0,,0
2025,15076,"Rozeboom, Christian",LB,0004,Brian Cutting,1.0,2,5,0.0,0.0,0,0,,1
2025,15109,"Westbrook-Ikhine, Nick",WR,0008,Keith Creelman,1.0,1,23,,30.63,0,0,,0
2025,15109,"Westbrook-Ikhine, Nick",WR,0008,Keith Creelman,1.0,2,6,0.0,0.0,0,0,,1
2025,15253,"Etienne, Travis",RB,0003,Matt Gerardi,1.0,1,13,,78.89,0,0,,0
2025,15253,"Etienne, Travis",RB,0004,Brian Cutting,8.0,2,13,23.91,78.8,1,0,,0
2025,15253,"Etienne, Travis",RB,0004,Brian Cutting,9.0,3,16,21.17,75.97,1,0,,0
2025,15253,"Etienne, Travis",RB,0008,Keith Creelman,11.0,4,12,4.08,56.05,1,0,,0
2025,15253,"Etienne, Travis",RB,0008,Keith Creelman,12.0,5,12,24.0,56.05,0,1,0003,0
2025,15253,"Etienne, Travis",RB,0004,Brian Cutting,13.0,6,10,2.37,34.41,0,1,0008,0
2025,15253,"Etienne, Travis",RB,0003,Matt Gerardi,16.0,7,20,13.61,24.02,0,1,0004,0
2025,15253,"Etienne, Travis",RB,0004,Brian Cutting,17.0,8,20,23.86,23.88,1,0,,0
2025,15253,"Etienne, Travis",RB,0003,Matt Gerardi,17.0,9,20,0.12,0.0,0,0,,1
2025,15254,"Harris, Najee",RB,0011,Eric Mannila,1.0,1,0,,47.62,0,0,,0
2025,15254,"Harris, Najee",RB,0005,Eric Martel,2.0,2,2,22.37,45.99,0,1,0011,0
2025,15254,"Harris, Najee",RB,0008,Keith Creelman,4.0,3,5,20.42,42.41,1,0,,0
2025,15254,"Harris, Najee",RB,0008,Keith Creelman,6.0,4,12,17.52,35.93,1,0,,0
2025,15254,"Harris, Najee",RB,0008,Keith Creelman,8.0,5,19,16.57,28.5,1,0,,0
2025,15254,"Harris, Najee",RB,0006,Brian Cross,10.0,6,23,19.55,24.05,1,0,,0
2025,15254,"Harris, Najee",RB,0006,Brian Cross,12.0,7,23,23.99,24.03,1,0,,0
2025,15254,"Harris, Najee",RB,0006,Brian Cross,13.0,8,23,23.98,24.01,0,1,0005,0
2025,15254,"Harris, Najee",RB,0006,Brian Cross,13.0,9,0,0.0,0.0,0,0,,1
2025,15261,"Hubbard, Chuba",RB,0001,Ryan Bousquet,1.0,1,21,,82.66,0,0,,0
2025,15261,"Hubbard, Chuba",RB,0004,Brian Cutting,6.0,2,21,23.87,82.54,1,0,,0
2025,15261,"Hubbard, Chuba",RB,0001,Ryan Bousquet,8.0,3,21,23.49,82.02,0,0,,0
2025,15261,"Hubbard, Chuba",RB,0008,Keith Creelman,15.0,4,12,9.35,67.38,1,0,,0
2025,15261,"Hubbard, Chuba",RB,0008,Keith Creelman,20.0,5,16,19.99,63.37,1,0,,0
2025,15261,"Hubbard, Chuba",RB,0003,Matt Gerardi,23.0,6,18,21.71,61.08,1,0,,0
2025,15261,"Hubbard, Chuba",RB,0003,Matt Gerardi,24.0,7,18,23.98,61.06,1,0,,0
2025,15261,"Hubbard, Chuba",RB,0003,Matt Gerardi,26.0,8,18,23.99,61.05,1,0,,0
2025,15261,"Hubbard, Chuba",RB,0003,Matt Gerardi,28.0,9,19,23.39,60.45,0,1,0001,0
2025,15261,"Hubbard, Chuba",RB,0008,Keith Creelman,29.0,10,6,12.96,49.4,0,1,0003,0
2025,15261,"Hubbard, Chuba",RB,0003,Matt Gerardi,34.0,11,20,9.99,35.4,0,1,0008,0
2025,15261,"Hubbard, Chuba",RB,0008,Keith Creelman,36.0,12,7,12.65,24.05,1,0,,0
2025,15261,"Hubbard, Chuba",RB,0008,Keith Creelman,37.0,13,7,23.97,24.02,0,1,0003,0
2025,15261,"Hubbard, Chuba",RB,0008,Keith Creelman,37.0,14,8,0.0,0.0,0,0,,1
2025,15292,"Brown, Dyami",WR,0009,Bear Dunn,1.0,1,7,,28.89,0,0,,0
2025,15292,"Brown, Dyami",WR,0007,Josh Martel,3.0,2,11,19.64,24.52,0,1,0009,0
2025,15292,"Brown, Dyami",WR,0009,Bear Dunn,4.0,3,15,20.12,20.65,1,0,,0
2025,15292,"Brown, Dyami",WR,0007,Josh Martel,4.0,4,12,3.35,0.0,0,0,,1
2025,15293,"Bateman, Rashod",WR,0001,Ryan Bousquet,1.0,1,14,,47.17,0,0,,0
2025,15293,"Bateman, Rashod",WR,0006,Brian Cross,3.0,2,9,5.87,29.04,1,0,,0
2025,15293,"Bateman, Rashod",WR,0005,Eric Martel,5.0,3,13,19.09,24.12,0,1,0001,0
2025,15293,"Bateman, Rashod",WR,0005,Eric Martel,5.0,4,14,0.0,0.0,0,0,,1
2025,15301,"Atwell, Tutu",WR,0008,Keith Creelman,1.0,1,17,,24.07,0,0,,0
2025,15301,"Atwell, Tutu",WR,0008,Keith Creelman,1.0,2,17,0.0,0.0,0,0,,1
2025,15319,"Palmer, Joshua",WR,0012,Chris Klingenberg,1.0,1,21,,24.31,0,0,,0
2025,15319,"Palmer, Joshua",WR,0008,Keith Creelman,2.0,2,21,23.72,24.04,0,1,0012,0
2025,15319,"Palmer, Joshua",WR,0008,Keith Creelman,2.0,3,21,0.0,0.0,0,0,,1
2025,15331,"Freiermuth, Pat",TE,0012,Chris Klingenberg,1.0,1,14,,24.03,0,0,,0
2025,15331,"Freiermuth, Pat",TE,0012,Chris Klingenberg,1.0,2,14,0.0,0.0,0,0,,1
2025,15345,"Paye, Kwity",DE,0009,Bear Dunn,1.0,1,7,,24.02,0,0,,0
2025,15345,"Paye, Kwity",DE,0009,Bear Dunn,1.0,2,7,0.0,0.0,0,0,,1
2025,15346,"Rousseau, Gregory",DE,0008,Keith Creelman,1.0,1,5,,47.03,0,0,,0
2025,15346,"Rousseau, Gregory",DE,0001,Ryan Bousquet,2.0,2,23,5.69,28.72,0,1,0008,0
2025,15346,"Rousseau, Gregory",DE,0005,Eric Martel,3.0,3,2,21.45,26.17,0,1,0001,0
2025,15346,"Rousseau, Gregory",DE,0005,Eric Martel,3.0,4,4,0.0,0.0,0,0,,1
2025,15349,"Phillips, Jaelan",DE,0003,Matt Gerardi,1.0,1,14,,24.32,0,0,,0
2025,15349,"Phillips, Jaelan",DE,0003,Matt Gerardi,1.0,2,14,0.0,0.0,0,0,,1
2025,15368,"McPherson, Evan",PK,0008,Keith Creelman,1.0,1,5,,24.0,0,0,,0
2025,15368,"McPherson, Evan",PK,0008,Keith Creelman,1.0,2,5,0.0,0.0,0,0,,1
2025,15395,"Koonce, Malcolm",DE,0011,Eric Mannila,1.0,1,5,,24.25,0,0,,0
2025,15395,"Koonce, Malcolm",DE,0011,Eric Mannila,1.0,2,6,0.0,0.0,0,0,,1
2025,15404,"Jones, Ernest",LB,0011,Eric Mannila,1.0,1,5,,33.6,0,0,,0
2025,15404,"Jones, Ernest",LB,0011,Eric Mannila,2.0,2,14,15.26,24.87,0,0,,0
2025,15404,"Jones, Ernest",LB,0005,Eric Martel,3.0,3,14,24.0,24.86,0,1,0011,0
2025,15404,"Jones, Ernest",LB,0011,Eric Mannila,4.0,4,14,23.57,24.43,0,1,0005,0
2025,15404,"Jones, Ernest",LB,0011,Eric Mannila,4.0,5,15,0.0,0.0,0,0,,1
2025,15428,"Sherwood, Jamien",LB,0009,Bear Dunn,1.0,1,7,,38.18,0,0,,0
2025,15428,"Sherwood, Jamien",LB,0001,Ryan Bousquet,2.0,2,10,20.72,34.91,1,0,,0
2025,15428,"Sherwood, Jamien",LB,0004,Brian Cutting,3.0,3,21,13.09,24.0,0,1,0009,0
2025,15428,"Sherwood, Jamien",LB,0004,Brian Cutting,3.0,4,21,0.0,0.0,0,0,,1
2025,15452,"Hufanga, Talanoa",S,0007,Josh Martel,1.0,1,15,,24.02,0,0,,0
2025,15452,"Hufanga, Talanoa",S,0007,Josh Martel,1.0,2,15,0.0,0.0,0,0,,1
2025,15692,"Pickett, Kenny",QB,0007,Josh Martel,1.0,1,11,,24.8,0,0,,0
2025,15692,"Pickett, Kenny",QB,0007,Josh Martel,1.0,2,12,0.0,0.0,0,0,,1
2025,15698,"Purdy, Brock",QB,0010,Shawn Blake,1.0,1,12,,24.0,0,0,,0
2025,15698,"Purdy, Brock",QB,0010,Shawn Blake,21.0,2,12,23.83,23.83,0,0,,0
2025,15698,"Purdy, Brock",QB,0011,Eric Mannila,22.0,3,12,23.84,23.67,1,0,,0
2025,15698,"Purdy, Brock",QB,0010,Shawn Blake,28.0,4,12,23.44,23.11,0,0,,0
2025,15698,"Purdy, Brock",QB,0010,Shawn Blake,28.0,5,12,0.89,0.0,0,0,,1
2025,15713,"Ford, Jerome",RB,0007,Josh Martel,1.0,1,8,,24.0,0,0,,0
2025,15713,"Ford, Jerome",RB,0008,Keith Creelman,3.0,2,12,20.23,20.23,1,0,,0
2025,15713,"Ford, Jerome",RB,0010,Shawn Blake,5.0,3,12,23.78,20.01,1,0,,0
2025,15713,"Ford, Jerome",RB,0008,Keith Creelman,6.0,4,7,4.27,0.29,1,0,,0
2025,15713,"Ford, Jerome",RB,0007,Josh Martel,6.0,5,8,23.71,0.0,0,0,,1
2025,15786,"Nailor, Jalen",WR,0012,Chris Klingenberg,1.0,1,23,,24.17,0,0,,0
2025,15786,"Nailor, Jalen",WR,0012,Chris Klingenberg,1.0,2,23,0.0,0.0,0,0,,1
2025,15788,"Tolbert, Jalen",WR,0002,Derrick Whitman,1.0,1,14,,24.94,0,0,,0
2025,15788,"Tolbert, Jalen",WR,0002,Derrick Whitman,1.0,2,15,0.0,0.0,0,0,,1
2025,15821,"Dean, Nakobe",LB,0001,Ryan Bousquet,1.0,1,22,,25.07,0,0,,0
2025,15821,"Dean, Nakobe",LB,0001,Ryan Bousquet,1.0,2,23,0.0,0.0,0,0,,1
2025,15822,"Lloyd, Devin",LB,0003,Matt Gerardi,1.0,1,7,,25.68,0,0,,0
2025,15822,"Lloyd, Devin",LB,0003,Matt Gerardi,1.0,2,9,0.0,0.0,0,0,,1
2025,15835,"Brisker, Jaquan",S,0007,Josh Martel,1.0,1,17,,24.01,0,0,,0
2025,15835,"Brisker, Jaquan",S,0008,Keith Creelman,2.0,2,20,21.09,21.1,1,0,,0
2025,15835,"Brisker, Jaquan",S,0007,Josh Martel,2.0,3,17,2.9,0.0,0,0,,1
2025,15839,"Cross, Nick",S,0007,Josh Martel,1.0,1,15,,25.11,0,0,,0
2025,15839,"Cross, Nick",S,0004,Brian Cutting,2.0,2,15,23.69,24.8,1,0,,0
2025,15839,"Cross, Nick",S,0004,Brian Cutting,3.0,3,16,23.2,24.0,0,1,0007,0
2025,15839,"Cross, Nick",S,0004,Brian Cutting,3.0,4,16,0.0,0.0,0,0,,1
2025,15846,"Walker, Quay",LB,0005,Eric Martel,1.0,1,9,,24.3,0,0,,0
2025,15846,"Walker, Quay",LB,0005,Eric Martel,1.0,2,10,0.0,0.0,0,0,,1
2025,15850,"Pitre, Jalen",S,0005,Eric Martel,1.0,1,10,,24.83,0,0,,0
2025,15850,"Pitre, Jalen",S,0005,Eric Martel,1.0,2,10,0.0,0.0,0,0,,1
2025,15861,"Bonitto, Nik",DE,0009,Bear Dunn,1.0,1,7,,59.82,0,0,,0
2025,15861,"Bonitto, Nik",DE,0001,Ryan Bousquet,2.0,2,10,20.75,56.57,1,0,,0
2025,15861,"Bonitto, Nik",DE,0010,Shawn Blake,3.0,3,6,3.73,36.3,0,1,0009,0
2025,15861,"Bonitto, Nik",DE,0007,Josh Martel,4.0,4,18,12.02,24.31,0,1,0010,0
2025,15861,"Bonitto, Nik",DE,0007,Josh Martel,4.0,5,19,0.0,0.0,0,0,,1
2025,15869,"Bernard, Terrel",LB,0008,Keith Creelman,1.0,1,5,,33.26,0,0,,0
2025,15869,"Bernard, Terrel",LB,0010,Shawn Blake,2.0,2,15,14.75,24.0,0,1,0008,0
2025,15869,"Bernard, Terrel",LB,0010,Shawn Blake,2.0,3,15,0.0,0.0,0,0,,1
2025,15871,"Joseph, Kerby",S,0004,Brian Cutting,1.0,1,6,,24.16,0,0,,0
2025,15871,"Joseph, Kerby",S,0004,Brian Cutting,1.0,2,6,0.0,0.0,0,0,,1
2025,15872,"Bryant, Coby",S,0003,Matt Gerardi,1.0,1,14,,24.31,0,0,,0
2025,15872,"Bryant, Coby",S,0003,Matt Gerardi,1.0,2,14,0.0,0.0,0,0,,1
2025,15889,"Okonkwo, Chigoziem",TE,0001,Ryan Bousquet,1.0,1,23,,48.19,0,0,,0
2025,15889,"Okonkwo, Chigoziem",TE,0008,Keith Creelman,2.0,2,22,1.12,25.31,0,1,0001,0
2025,15889,"Okonkwo, Chigoziem",TE,0008,Keith Creelman,2.0,3,23,0.0,0.0,0,0,,1
2025,15979,"Dicker, Cameron",PK,0012,Chris Klingenberg,1.0,1,9,,24.01,0,0,,0
2025,15979,"Dicker, Cameron",PK,0012,Chris Klingenberg,1.0,2,9,0.0,0.0,0,0,,1
2025,15981,"Turpin, KaVontae",WR,0009,Bear Dunn,1.0,1,8,,25.38,0,0,,0
2025,15981,"Turpin, KaVontae",WR,0009,Bear Dunn,1.0,2,9,0.0,0.0,0,0,,1
2025,16014,"Adams, Tony",S,0002,Derrick Whitman,1.0,1,19,,24.61,0,0,,0
2025,16014,"Adams, Tony",S,0002,Derrick Whitman,1.0,2,20,0.0,0.0,0,0,,1
2025,16018,"Blankenship, Reed",S,0009,Bear Dunn,1.0,1,6,,24.19,0,0,,0
2025,16018,"Blankenship, Reed",S,0009,Bear Dunn,1.0,2,6,0.0,0.0,0,0,,1
2025,16102,"Pola-Mao, Isaiah",S,0008,Keith Creelman,1.0,1,8,,24.26,0,0,,0
2025,16102,"Pola-Mao, Isaiah",S,0008,Keith Creelman,1.0,2,9,0.0,0.0,0,0,,1
2025,16175,"Johnson, Roschon",RB,0003,Matt Gerardi,1.0,1,15,,37.07,0,0,,0
2025,16175,"Johnson, Roschon",RB,0005,Eric Martel,3.0,2,4,11.35,24.42,0,1,0003,0
2025,16175,"Johnson, Roschon",RB,0007,Josh Martel,4.0,3,16,12.41,12.83,1,0,,0
2025,16175,"Johnson, Roschon",RB,0005,Eric Martel,4.0,4,4,11.17,0.0,0,0,,1
2025,16178,"Mitchell, Keaton",RB,0006,Brian Cross,1.0,1,5,,24.01,0,0,,0
2025,16178,"Mitchell, Keaton",RB,0008,Keith Creelman,2.0,2,5,0.24,0.24,1,0,,0
2025,16178,"Mitchell, Keaton",RB,0006,Brian Cross,2.0,3,5,23.76,0.0,0,0,,1
2025,16267,"Stevenson, Tyrique",CB,0002,Derrick Whitman,1.0,1,14,,24.93,0,0,,0
2025,16267,"Stevenson, Tyrique",CB,0002,Derrick Whitman,1.0,2,15,0.0,0.0,0,0,,1
2025,16269,"Strange, Brenton",TE,0005,Eric Martel,1.0,1,8,,24.04,0,0,,0
2025,16269,"Strange, Brenton",TE,0011,Eric Mannila,2.0,2,7,1.19,1.23,1,0,,0
2025,16269,"Strange, Brenton",TE,0005,Eric Martel,2.0,3,8,22.77,0.0,0,0,,1
2025,16280,"Henley, Daiyan",LB,0010,Shawn Blake,1.0,1,0,,24.01,0,0,,0
2025,16280,"Henley, Daiyan",LB,0001,Ryan Bousquet,2.0,2,23,0.16,0.17,1,0,,0
2025,16280,"Henley, Daiyan",LB,0010,Shawn Blake,2.0,3,0,23.83,0.0,0,0,,1
2025,16351,"Evans, Ethan",PN,0008,Keith Creelman,1.0,1,6,,24.02,0,0,,0
2025,16351,"Evans, Ethan",PN,0008,Keith Creelman,1.0,2,6,0.0,0.0,0,0,,1
2025,16414,"Aubrey, Brandon",PK,0008,Keith Creelman,1.0,1,5,,25.84,0,0,,0
2025,16414,"Aubrey, Brandon",PK,0001,Ryan Bousquet,2.0,2,7,22.18,24.01,0,1,0008,0
2025,16414,"Aubrey, Brandon",PK,0001,Ryan Bousquet,2.0,3,7,0.0,0.0,0,0,,1
2025,16452,"Whelan, Daniel",PN,0002,Derrick Whitman,1.0,1,8,,24.02,0,0,,0
2025,16452,"Whelan, Daniel",PN,0002,Derrick Whitman,1.0,2,8,0.0,0.0,0,0,,1
2025,16585,"Milton, Joe",QB,0011,Eric Mannila,1.0,1,5,,24.26,0,0,,0
2025,16585,"Milton, Joe",QB,0011,Eric Mannila,1.0,2,6,0.0,0.0,0,0,,1
2025,16676,"Kinchens, Kamren",S,0011,Eric Mannila,1.0,1,5,,24.25,0,0,,0
2025,16676,"Kinchens, Kamren",S,0011,Eric Mannila,1.0,2,5,0.0,0.0,0,0,,1
2025,16681,"Reichard, Will",PK,0010,Shawn Blake,1.0,1,0,,24.01,0,0,,0
2025,16681,"Reichard, Will",PK,0010,Shawn Blake,1.0,2,0,0.0,0.0,0,0,,1
2025,16694,"Fiske, Braden",DT,0002,Derrick Whitman,1.0,1,12,,24.02,0,0,,0
2025,16694,"Fiske, Braden",DT,0002,Derrick Whitman,1.0,2,12,0.0,0.0,0,0,,1
2025,16696,"Cooper, Edgerrin",LB,0007,Josh Martel,1.0,2,18,,24.2,0,0,,0
2025,16696,"Cooper, Edgerrin",LB,0010,Shawn Blake,3.0,3,19,23.08,23.28,1,0,,0
2025,16696,"Cooper, Edgerrin",LB,0010,Shawn Blake,4.0,4,6,12.86,12.14,1,0,,0
2025,16696,"Cooper, Edgerrin",LB,0007,Josh Martel,4.0,5,19,11.86,0.0,0,0,,1
2025,16700,"Bishop, Cole",S,0010,Shawn Blake,1.0,1,6,,24.02,0,0,,0
2025,16700,"Bishop, Cole",S,0010,Shawn Blake,1.0,2,6,0.0,0.0,0,0,,1
2025,16723,"Barner, AJ",TE,0010,Shawn Blake,1.0,1,0,,24.01,0,0,,0
2025,16723,"Barner, AJ",TE,0010,Shawn Blake,1.0,2,0,0.0,0.0,0,0,,1
2025,16748,"Robinson, Keilan",RB,0003,Matt Gerardi,1.0,1,14,,24.06,0,0,,0
2025,16748,"Robinson, Keilan",RB,0003,Matt Gerardi,1.0,2,14,0.0,0.0,0,0,,1
2025,16788,"Vele, Devaughn",WR,0001,Ryan Bousquet,1.0,1,22,,25.04,0,0,,0
2025,16788,"Vele, Devaughn",WR,0001,Ryan Bousquet,1.0,2,23,0.0,0.0,0,0,,1
2025,16846,"Bates, Jake",PK,0007,Josh Martel,1.0,1,10,,24.05,0,0,,0
2025,16846,"Bates, Jake",PK,0007,Josh Martel,1.0,2,10,0.0,0.0,0,0,,1
2025,17050,"Mullings, Kalel",RB,0008,Keith Creelman,1.0,1,0,,29.97,0,0,,0
2025,17050,"Mullings, Kalel",RB,0008,Keith Creelman,1.0,2,6,0.0,0.0,0,0,,1
2025,17054,"Martinez, Damien",RB,0007,Josh Martel,1.0,1,7,,39.84,0,0,,0
2025,17054,"Martinez, Damien",RB,0010,Shawn Blake,2.0,2,11,19.95,35.79,1,0,,0
2025,17054,"Martinez, Damien",RB,0007,Josh Martel,3.0,3,11,23.88,35.67,0,0,,0
2025,17054,"Martinez, Damien",RB,0007,Josh Martel,4.0,4,14,21.16,32.82,0,0,,0
2025,17054,"Martinez, Damien",RB,0006,Brian Cross,5.0,5,22,15.2,24.03,0,1,0007,0
2025,17054,"Martinez, Damien",RB,0006,Brian Cross,5.0,6,22,0.0,0.0,0,0,,1
2025,17063,"Mafah, Phil",RB,0010,Shawn Blake,1.0,1,0,,24.15,0,0,,0
2025,17063,"Mafah, Phil",RB,0010,Shawn Blake,1.0,2,0,0.0,0.0,0,0,,1
2025,17097,"Felton, Tai",WR,0001,Ryan Bousquet,1.0,1,12,,24.08,0,0,,0
2025,17097,"Felton, Tai",WR,0001,Ryan Bousquet,1.0,2,12,0.0,0.0,0,0,,1
2025,17099,"Gadsden, Oronde",TE,0010,Shawn Blake,1.0,1,0,,38.41,0,0,,0
2025,17099,"Gadsden, Oronde",TE,0007,Josh Martel,2.0,2,7,16.9,31.31,0,1,0010,0
2025,17099,"Gadsden, Oronde",TE,0010,Shawn Blake,3.0,3,11,20.03,27.34,0,1,0007,0
2025,17099,"Gadsden, Oronde",TE,0007,Josh Martel,4.0,4,14,20.91,24.25,0,1,0010,0
2025,17099,"Gadsden, Oronde",TE,0007,Josh Martel,4.0,5,14,0.0,0.0,0,0,,1
2025,17205,"Lambert-Smith, KeAndre",WR,0010,Shawn Blake,1.0,1,7,,24.5,0,0,,0
2025,17205,"Lambert-Smith, KeAndre",WR,0010,Shawn Blake,1.0,2,7,0.0,0.0,0,0,,1
2025,17212,"Paul, Chris",LB,0011,Eric Mannila,1.0,1,7,,24.01,0,0,,0
2025,17212,"Paul, Chris",LB,0011,Eric Mannila,1.0,2,7,0.0,0.0,0,0,,1
2025,17222,"Loop, Tyler",PK,0006,Brian Cross,1.0,1,5,,24.02,0,0,,0
2025,17222,"Loop, Tyler",PK,0006,Brian Cross,1.0,2,5,0.0,0.0,0,0,,1
2025,17240,"Miller, Cam",QB,0003,Matt Gerardi,1.0,1,16,,25.02,0,0,,0
2025,17240,"Miller, Cam",QB,0003,Matt Gerardi,1.0,2,17,0.0,0.0,0,0,,1
2025,17241,"Crawshaw, Jeremy",PN,0008,Keith Creelman,1.0,1,5,,24.96,0,0,,0
2025,17241,"Crawshaw, Jeremy",PN,0010,Shawn Blake,2.0,2,6,23.16,24.12,0,1,0008,0
2025,17241,"Crawshaw, Jeremy",PN,0010,Shawn Blake,2.0,3,6,0.0,0.0,0,0,,1
2025,17250,"Wohler, Hunter",S,0010,Shawn Blake,1.0,1,0,,24.14,0,0,,0
2025,17250,"Wohler, Hunter",S,0010,Shawn Blake,1.0,2,0,0.0,0.0,0,0,,1
2025,17269,"Chism, Efton",WR,0010,Shawn Blake,1.0,1,0,,24.02,0,0,,0
2025,17269,"Chism, Efton",WR,0010,Shawn Blake,1.0,2,0,0.0,0.0,0,0,,1
2025,7836,"Rodgers, Aaron",QB,0002,Derrick Whitman,1.0,1,9,,33.46,0,0,,0
2025,7836,"Rodgers, Aaron",QB,0006,Brian Cross,5.0,2,12,20.75,30.2,1,0,,0
2025,7836,"Rodgers, Aaron",QB,0004,Brian Cutting,6.0,3,18,17.91,24.11,0,1,0002,0
2025,7836,"Rodgers, Aaron",QB,0008,Keith Creelman,7.0,4,15,3.71,3.81,1,0,,0
2025,7836,"Rodgers, Aaron",QB,0004,Brian Cutting,7.0,5,18,20.19,0.0,0,0,,1
2025,9064,"Flacco, Joe",QB,0007,Josh Martel,1.0,1,13,,47.61,0,0,,0
2025,9064,"Flacco, Joe",QB,0010,Shawn Blake,5.0,2,14,23.59,47.2,0,1,0007,0
2025,9064,"Flacco, Joe",QB,0006,Brian Cross,6.0,3,13,0.83,24.03,0,1,0010,0
2025,9064,"Flacco, Joe",QB,0006,Brian Cross,6.0,4,13,0.0,0.0,0,0,,1
2025,9431,"Stafford, Matthew",QB,0004,Brian Cutting,1.0,1,5,,36.11,0,0,,0
2025,9431,"Stafford, Matthew",QB,0001,Ryan Bousquet,8.0,2,7,21.73,33.84,0,1,0004,0
2025,9431,"Stafford, Matthew",QB,0004,Brian Cutting,11.0,3,13,18.54,28.38,0,1,0001,0
2025,9431,"Stafford, Matthew",QB,0001,Ryan Bousquet,13.0,4,17,19.68,24.06,0,1,0004,0
2025,9431,"Stafford, Matthew",QB,0004,Brian Cutting,14.0,5,7,9.6,9.66,1,0,,0
2025,9431,"Stafford, Matthew",QB,0008,Keith Creelman,16.0,6,15,16.73,2.38,1,0,,0
2025,9431,"Stafford, Matthew",QB,0008,Keith Creelman,18.0,7,15,23.99,2.38,1,0,,0
2025,9431,"Stafford, Matthew",QB,0001,Ryan Bousquet,18.0,8,17,21.62,0.0,0,0,,1
2025,9596,"Morstead, Thomas",PN,0002,Derrick Whitman,1.0,1,8,,24.01,0,0,,0
2025,9596,"Morstead, Thomas",PN,0002,Derrick Whitman,1.0,2,8,0.0,0.0,0,0,,1
