season,player,pos,age,sf_ecr,sf_pos_rank,value_2qb,fp_id,asof
2020,Christian McCaffrey,RB,24.1,1.1,RB1,10240,16393,2020-07-31
2020,Saquon Barkley,RB,23.5,2.3,RB2,9944,17240,2020-07-31
2020,Michael Thomas,WR,27.4,3.6,WR1,9639,15528,2020-07-31
2020,Ezekiel Elliott,RB,25,5.9,RB3,9137,15498,2020-07-31
2020,Alvin Kamara,RB,25,7.9,RB4,8730,16421,2020-07-31
2020,Davante Adams,WR,27.6,10.4,WR2,8217,12123,2020-07-31
2020,Tyreek Hill,WR,26.4,10.6,WR3,8191,15802,2020-07-31
2020,DeAndre Hopkins,WR,28.1,11.3,WR4,8058,11606,2020-07-31
2020,Dalvin Cook,RB,25,12.1,RB5,7893,16374,2020-07-31
2020,Chris Godwin,WR,24.4,12.4,WR5,7850,16406,2020-07-31
2020,Joe Mixon,RB,24,17.7,RB6,6930,16420,2020-07-31
2020,Nick Chubb,RB,24.6,19.9,RB7,6580,17246,2020-07-31
2020,JuJu Smith-Schuster,WR,23.7,20.3,WR6,6513,16427,2020-07-31
2020,Mike Evans,WR,26.9,21.3,WR7,6365,12119,2020-07-31
2020,D.J. Moore,WR,23.3,23.0,WR8,6118,17265,2020-07-31
2020,Josh Jacobs,RB,22.4,25.0,RB8,5836,18269,2020-07-31
2020,Miles Sanders,RB,23.2,26.6,RB9,5614,18283,2020-07-31
2020,Clyde Edwards-Helaire,RB,21.3,27.2,RB10,5542,19325,2020-07-31
2020,Amari Cooper,WR,26.1,28.6,WR9,5359,13894,2020-07-31
2020,George Kittle,TE,26.8,29.9,TE1,5195,16499,2020-07-31
2020,Kenny Golladay,WR,26.7,30.5,WR10,5131,16488,2020-07-31
2020,A.J. Brown,WR,23.1,30.6,WR11,5114,18218,2020-07-31
2020,Odell Beckham Jr.,WR,27.7,33.3,WR12,4799,12127,2020-07-31
2020,Jonathan Taylor,RB,21.5,34.2,RB11,4700,19217,2020-07-31
2020,Derrick Henry,RB,26.6,34.5,RB12,4670,15514,2020-07-31
2020,Julio Jones,WR,31.5,38.8,WR13,4221,9867,2020-07-31
2020,Patrick Mahomes,QB,24.9,5.3,QB1,9272,16413,2020-07-31
2020,Travis Kelce,TE,30.8,41.2,TE2,3987,11594,2020-07-31
2020,Austin Ekeler,RB,25.2,42.8,RB13,3841,16483,2020-07-31
2020,Courtland Sutton,WR,24.8,43.7,WR14,3761,17253,2020-07-31
2020,Calvin Ridley,WR,25.6,43.7,WR15,3761,17258,2020-07-31
2020,Lamar Jackson,QB,23.5,6.2,QB2,9073,17233,2020-07-31
2020,Allen Robinson,WR,26.9,46.1,WR16,3550,12126,2020-07-31
2020,Aaron Jones,RB,25.6,46.4,RB14,3526,16673,2020-07-31
2020,D.K. Metcalf,WR,22.6,49.0,WR17,3316,18219,2020-07-31
2020,Cooper Kupp,WR,27.1,51.5,WR18,3130,16433,2020-07-31
2020,D'Andre Swift,RB,21.5,54.1,RB15,2941,19210,2020-07-31
2020,Keenan Allen,WR,28.2,56.8,WR19,2761,11616,2020-07-31
2020,J.K. Dobbins,RB,21.6,56.0,RB16,2817,19245,2020-07-31
2020,Kenyan Drake,RB,26.5,56.0,RB17,2817,15637,2020-07-31
2020,Stefon Diggs,WR,26.7,58.1,WR20,2679,13981,2020-07-31
2020,CeeDee Lamb,WR,21.3,58.7,WR21,2643,19202,2020-07-31
2020,D.J. Chark,WR,23.8,61.0,WR22,2505,17292,2020-07-31
2020,Leonard Fournette,RB,25.5,62.0,RB18,2443,16378,2020-07-31
2020,Terry McLaurin,WR,24.9,65.0,WR23,2282,18466,2020-07-31
2020,Jerry Jeudy,WR,21.3,65.9,WR24,2229,19201,2020-07-31
2020,Mark Andrews,TE,23.9,59.9,TE3,2569,17269,2020-07-31
2020,Cam Akers,RB,21.1,65.5,RB19,2255,19268,2020-07-31
2020,Robert Woods,WR,28.3,72.9,WR25,1893,11610,2020-07-31
2020,Melvin Gordon,RB,27.3,71.8,RB20,1941,13903,2020-07-31
2020,Tyler Lockett,WR,27.8,75.6,WR26,1776,13971,2020-07-31
2020,Todd Gurley,RB,26,72.4,RB21,1913,13912,2020-07-31
2020,Tyler Boyd,WR,25.7,76.0,WR27,1759,15547,2020-07-31
2020,Deebo Samuel,WR,24.5,76.4,WR28,1742,18244,2020-07-31
2020,Kyler Murray,QB,23,14.5,QB3,7475,18600,2020-07-31
2020,Jarvis Landry,WR,27.7,83.0,WR29,1494,12128,2020-07-31
2020,David Montgomery,RB,23.1,79.4,RB22,1624,18239,2020-07-31
2020,Dak Prescott,QB,27,15.0,QB4,7374,15600,2020-07-31
2020,Zach Ertz,TE,29.7,75.2,TE4,1794,11689,2020-07-31
2020,Deshaun Watson,QB,24.9,15.5,QB5,7291,16398,2020-07-31
2020,Adam Thielen,WR,29.9,86.8,WR30,1367,13429,2020-07-31
2020,Devin Singletary,RB,22.9,82.1,RB23,1525,18280,2020-07-31
2020,Michael Gallup,WR,24.4,88.1,WR31,1326,17259,2020-07-31
2020,Evan Engram,TE,25.9,78.9,TE5,1645,16411,2020-07-31
2020,Marquise Brown,WR,23.1,91.3,WR32,1230,18226,2020-07-31
2020,Jalen Reagor,WR,21.6,92.1,WR33,1205,19219,2020-07-31
2020,Christian Kirk,WR,23.7,93.6,WR34,1163,17268,2020-07-31
2020,DeVante Parker,WR,27.5,94.1,WR35,1149,13897,2020-07-31
2020,Justin Jefferson,WR,21.1,94.4,WR36,1142,19236,2020-07-31
2020,James Conner,RB,25.2,90.3,RB24,1257,16447,2020-07-31
2020,Russell Wilson,QB,31.6,18.6,QB6,6780,11180,2020-07-31
2020,Chris Carson,RB,25.9,91.9,RB25,1212,16754,2020-07-31
2020,Kareem Hunt,RB,25,91.9,RB26,1212,16425,2020-07-31
2020,Le'Veon Bell,RB,28.4,93.5,RB27,1168,11645,2020-07-31
2020,Henry Ruggs III,WR,21.5,106.1,WR37,867,19207,2020-07-31
2020,Darren Waller,TE,27.9,95.0,TE6,1127,14104,2020-07-31
2020,Hunter Henry,TE,25.6,95.2,TE7,1121,15561,2020-07-31
2020,N'Keal Harry,WR,22.6,109.9,WR38,793,18222,2020-07-31
2020,Mike Williams,WR,25.8,110.4,WR39,785,16377,2020-07-31
2020,Ke'Shawn Vaughn,RB,23.2,106.8,RB28,853,19351,2020-07-31
2020,T.Y. Hilton,WR,30.7,115.6,WR40,695,11206,2020-07-31
2020,David Johnson,RB,28.6,109.5,RB29,801,13948,2020-07-31
2020,Derrius Guice,RB,23.1,111.9,RB30,757,17241,2020-07-31
2020,Noah Fant,TE,22.7,106.3,TE8,863,17527,2020-07-31
2020,Brandin Cooks,WR,26.8,119.6,WR41,631,12122,2020-07-31
2020,Will Fuller,WR,26.3,119.7,WR42,630,15629,2020-07-31
2020,T.J. Hockenson,TE,23.1,108.1,TE9,827,18290,2020-07-31
2020,Josh Allen,QB,24.2,28.0,QB7,5437,17298,2020-07-31
2020,Carson Wentz,QB,27.6,28.7,QB8,5352,15520,2020-07-31
2020,Tee Higgins,WR,21.5,127.5,WR43,525,19211,2020-07-31
2020,Michael Pittman Jr.,WR,22.8,128.2,WR44,516,19278,2020-07-31
2020,Mecole Hardman,WR,22.4,128.3,WR45,514,18587,2020-07-31
2020,Diontae Johnson,WR,24.1,128.7,WR46,511,18615,2020-07-31
2020,Darius Slayton,WR,23.5,129.2,WR47,504,18706,2020-07-31
2020,Denzel Mims,WR,22.8,129.2,WR48,504,19344,2020-07-31
2020,A.J. Green,WR,32,129.6,WR49,500,9857,2020-07-31
2020,Mike Gesicki,TE,24.8,118.8,TE10,644,17272,2020-07-31
2020,Kerryon Johnson,RB,23.1,125.4,RB31,551,17247,2020-07-31
2020,Dallas Goedert,TE,26.6,119.6,TE11,632,17270,2020-07-31
2020,Baker Mayfield,QB,25.3,31.5,QB9,5003,17237,2020-07-31
2020,Joe Burrow,QB,23.6,31.7,QB10,4984,19196,2020-07-31
2020,Austin Hooper,TE,25.7,122.1,TE12,596,15581,2020-07-31
2020,Phillip Lindsay,RB,26,129.5,RB32,500,17498,2020-07-31
2020,Tyler Higbee,TE,27.6,123.5,TE13,576,15623,2020-07-31
2020,Brandon Aiyuk,WR,22.4,137.2,WR50,417,19252,2020-07-31
2020,Raheem Mostert,RB,28.3,134.0,RB33,450,14338,2020-07-31
2020,Laviska Shenault Jr.,WR,21.8,141.8,WR51,375,19221,2020-07-31
2020,Matt Ryan,QB,35.2,35.9,QB11,4514,9444,2020-07-31
2020,Mark Ingram II,RB,30.6,138.3,RB34,407,9872,2020-07-31
2020,Sony Michel,RB,25.4,139.0,RB35,401,17309,2020-07-31
2020,Sterling Shepard,WR,27.4,144.8,WR52,349,15569,2020-07-31
2020,Ronald Jones II,RB,23,139.8,RB36,393,17243,2020-07-31
2020,Curtis Samuel,WR,24,145.2,WR53,346,16434,2020-07-31
2020,Aaron Rodgers,QB,36.6,37.3,QB12,4372,9001,2020-07-31
2020,Marlon Mack,RB,24.4,140.1,RB37,390,16444,2020-07-31
2020,Anthony Miller,WR,25.8,146.2,WR54,338,17255,2020-07-31
2020,Darrell Henderson,RB,22.9,142.1,RB38,372,18588,2020-07-31
2020,Zack Moss,RB,22.6,143.2,RB39,363,19263,2020-07-31
2020,Alexander Mattison,RB,22.1,145.2,RB40,347,18621,2020-07-31
2020,Preston Williams,WR,23.3,150.7,WR55,304,18612,2020-07-31
2020,Daniel Jones,QB,23.2,40.4,QB13,4059,18232,2020-07-31
2020,Matthew Stafford,QB,32.5,40.5,QB14,4053,9451,2020-07-31
2020,John Brown,WR,30.3,154.0,WR56,282,12231,2020-07-31
2020,Jared Goff,QB,25.8,42.2,QB15,3897,15501,2020-07-31
2020,Tua Tagovailoa,QB,22.4,42.3,QB16,3885,19198,2020-07-31
2020,Parris Campbell,WR,23,157.8,WR57,257,18463,2020-07-31
2020,Matt Breida,RB,25.4,154.0,RB41,281,17058,2020-07-31
2020,Marvin Jones,WR,30.4,159.7,WR58,246,11215,2020-07-31
2020,Robby Anderson,WR,27.2,160.4,WR59,242,15688,2020-07-31
2020,Tarik Cohen,RB,25,156.8,RB42,264,16450,2020-07-31
2020,Tony Pollard,RB,23.2,157.9,RB43,257,18705,2020-07-31
2020,Bryan Edwards,WR,21.7,164.1,WR60,222,18634,2020-07-31
2020,Julian Edelman,WR,34.2,165.1,WR61,217,9332,2020-07-31
2020,James White,RB,28.5,159.2,RB44,249,12195,2020-07-31
2020,Tevin Coleman,RB,27.3,160.6,RB45,241,13926,2020-07-31
2020,Sam Darnold,QB,23.1,51.9,QB17,3103,17236,2020-07-31
2020,Jamison Crowder,WR,27.1,168.6,WR62,200,13976,2020-07-31
2020,Rashaad Penny,RB,24.5,162.7,RB46,229,17308,2020-07-31
2020,Irv Smith Jr.,TE,22,155.6,TE14,271,18610,2020-07-31
2020,Jordan Howard,RB,25.7,163.6,RB47,225,15585,2020-07-31
2020,Hayden Hurst,TE,26.9,158.3,TE15,254,17283,2020-07-31
2020,Drew Lock,QB,23.7,55.2,QB18,2868,18225,2020-07-31
2020,A.J. Dillon,RB,22.2,166.6,RB48,209,19358,2020-07-31
2020,Sammy Watkins,WR,27.1,175.4,WR63,170,12118,2020-07-31
2020,Kirk Cousins,QB,31.9,57.1,QB19,2747,11177,2020-07-31
2020,Jimmy Garoppolo,QB,28.7,58.1,QB20,2681,12208,2020-07-31
2020,Jonnu Smith,TE,24.9,164.1,TE16,222,16460,2020-07-31
2020,Corey Davis,WR,25.5,179.7,WR64,154,16385,2020-07-31
2020,Damien Williams,RB,28.3,171.8,RB49,185,12334,2020-07-31
2020,Ryan Tannehill,QB,32,58.7,QB21,2641,11174,2020-07-31
2020,Antonio Gibson,RB,22,174.3,RB50,175,19624,2020-07-31
2020,Golden Tate,WR,32,182.8,WR65,143,9683,2020-07-31
2020,O.J. Howard,TE,25.7,169.4,TE17,196,16380,2020-07-31
2020,Chase Claypool,WR,22,187.0,WR66,130,18627,2020-07-31
2020,Dede Westbrook,WR,26.7,188.9,WR67,124,16436,2020-07-31
2020,James Washington,WR,24.3,189.0,WR68,124,17254,2020-07-31
2020,Damien Harris,RB,23.4,182.2,RB51,145,18230,2020-07-31
2020,Emmanuel Sanders,WR,33.4,191.7,WR69,116,9707,2020-07-31
2020,Ian Thomas,TE,24.1,175.2,TE18,171,17387,2020-07-31
2020,KJ Hamler,WR,21,192.2,WR70,115,19267,2020-07-31
2020,Rob Gronkowski,TE,31.2,176.0,TE19,168,9721,2020-07-31
2020,Alshon Jeffery,WR,30.4,194.0,WR71,110,11199,2020-07-31
2020,Darrynton Evans,RB,22,186.9,RB52,130,19418,2020-07-31
2020,Duke Johnson,RB,26.8,188.4,RB53,125,13939,2020-07-31
2020,Chase Edmonds,RB,24.3,189.3,RB54,123,17496,2020-07-31
2020,Justin Herbert,QB,22.4,67.7,QB22,2142,18635,2020-07-31
2020,Joshua Kelley,RB,22.7,190.2,RB55,120,19445,2020-07-31
2020,Allen Lazard,WR,24.6,199.3,WR72,97,17301,2020-07-31
2020,John Ross,WR,24.7,201.0,WR73,93,16388,2020-07-31
2020,Breshad Perriman,WR,26.9,201.9,WR74,91,13975,2020-07-31
2020,Andy Isabella,WR,23.7,202.3,WR75,90,18409,2020-07-31
2020,Drew Brees,QB,41.5,72.9,QB23,1894,9200,2020-07-31
2020,Latavius Murray,RB,30.5,195.3,RB56,107,11821,2020-07-31
2020,Jared Cook,TE,33.3,186.2,TE20,132,9265,2020-07-31
2020,David Njoku,TE,24,186.8,TE21,130,16399,2020-07-31
2020,Anthony McFarland Jr.,RB,21,197.0,RB57,103,19366,2020-07-31
2020,Hunter Renfrow,WR,24.6,204.9,WR76,85,18345,2020-07-31
2020,Eric Ebron,TE,27.3,188.1,TE22,126,12143,2020-07-31
2020,Nyheim Hines,RB,23.7,198.0,RB58,100,17297,2020-07-31
2020,Teddy Bridgewater,QB,27.8,77.4,QB24,1704,12088,2020-07-31
2020,Chris Herndon IV,TE,24.4,189.5,TE23,122,17536,2020-07-31
2020,Cole Kmet,TE,21.4,191.3,TE24,117,19229,2020-07-31
2020,Cam Newton,QB,31.2,80.5,QB25,1582,9869,2020-07-31
2020,Justice Hill,RB,22.7,201.6,RB59,92,18256,2020-07-31
2020,Devin Duvernay,WR,22.9,208.5,WR77,78,19270,2020-07-31
2020,Blake Jarwin,TE,26,192.2,TE25,115,16638,2020-07-31
2020,Tom Brady,QB,43,82.5,QB26,1511,9603,2020-07-31
2020,Gardner Minshew II,QB,24.2,82.8,QB27,1501,18562,2020-07-31
2020,Tyrell Williams,WR,28.4,209.9,WR78,76,14324,2020-07-31
2020,Van Jefferson,WR,24,210.0,WR79,75,19483,2020-07-31
2020,Dawson Knox,TE,23.7,193.7,TE26,111,18631,2020-07-31
2020,J.J. Arcega-Whiteside,WR,23.6,211.6,WR80,73,18235,2020-07-31
2020,Dwayne Haskins,QB,23.2,86.1,QB28,1387,18214,2020-07-31
2020,Jace Sternberger,TE,24.1,196.9,TE27,103,18614,2020-07-31
2020,Boston Scott,RB,25.2,208.6,RB60,78,17612,2020-07-31
2020,Ben Roethlisberger,QB,38.4,89.7,QB29,1277,9039,2020-07-31
2020,Josh Reynolds,WR,25.4,216.1,WR81,65,16439,2020-07-31
2020,Jack Doyle,TE,30.2,201.4,TE28,92,11987,2020-07-31
2020,Miles Boykin,WR,23.8,218.6,WR82,62,18636,2020-07-31
2020,Antonio Gandy-Golden,WR,22.3,218.8,WR83,61,19338,2020-07-31
2020,Derek Carr,QB,29.3,93.2,QB30,1175,12092,2020-07-31
2020,Adam Trautman,TE,23.5,205.5,TE29,84,19423,2020-07-31
2020,Ryquell Armstead,RB,23.7,215.6,RB61,66,18521,2020-07-31
2020,Jameis Winston,QB,26.5,95.0,QB31,1127,13891,2020-07-31
2020,Will Dissly,TE,24,207.2,TE30,81,18049,2020-07-31
2020,Jamaal Williams,RB,25.3,217.0,RB62,64,16424,2020-07-31
2020,Royce Freeman,RB,24.4,217.1,RB63,64,17245,2020-07-31
2020,Jalen Hurd,WR,24.5,221.1,WR84,58,18318,2020-07-31
2020,Kenny Stills,WR,28.3,221.4,WR85,58,11611,2020-07-31
2020,Devonta Freeman,RB,NA,218.3,RB64,62,12108,2020-07-31
2020,DeSean Jackson,WR,33.6,222.0,WR86,57,9186,2020-07-31
2020,Larry Fitzgerald,WR,36.9,222.3,WR87,57,9383,2020-07-31
2020,Gerald Everett,TE,26.1,210.1,TE31,75,16459,2020-07-31
2020,Tyler Johnson,WR,21.9,222.9,WR88,56,18633,2020-07-31
2020,Philip Rivers,QB,38.6,98.2,QB32,1045,9509,2020-07-31
2020,Justin Jackson,RB,25.3,220.5,RB65,59,17300,2020-07-31
2020,Lynn Bowden Jr.,RB,22.8,220.5,RB66,59,19587,2020-07-31
2020,Tre'Quan Smith,WR,24.5,225.4,WR89,53,17261,2020-07-31
2020,Steven Sims,WR,23.3,225.8,WR90,52,18962,2020-07-31
2020,Marquez Valdes-Scantling,WR,25.8,226.2,WR91,52,17528,2020-07-31
2020,Auden Tate,WR,23.5,226.6,WR92,51,17306,2020-07-31
2020,Kelvin Harmon,WR,23.6,226.6,WR93,51,18228,2020-07-31
2020,Carlos Hyde,RB,29.8,223.5,RB67,55,12105,2020-07-31
2020,Benny Snell Jr.,RB,22.4,223.6,RB68,55,18609,2020-07-31
2020,Cole Beasley,WR,31.2,227.2,WR94,50,11459,2020-07-31
2020,Drew Sample,TE,24.3,217.6,TE32,63,18561,2020-07-31
2020,Randall Cobb,WR,29.9,228.2,WR95,49,9902,2020-07-31
2020,Kyle Rudolph,TE,30.7,220.3,TE33,59,9906,2020-07-31
2020,Antonio Brown,WR,NA,228.9,WR96,48,9808,2020-07-31
2020,Jordan Love,QB,21.7,115.3,QB33,699,19246,2020-07-31
2020,Lamical Perine,RB,22.5,225.8,RB69,52,19333,2020-07-31
2020,Eno Benjamin,RB,20.6,226.1,RB70,52,19361,2020-07-31
2020,Devin Funchess,WR,26.2,230.4,WR97,47,13915,2020-07-31
2020,Gabriel Davis,WR,21.3,230.6,WR98,47,19398,2020-07-31
2020,Devin Asiasi,TE,22.9,225.3,TE34,53,19435,2020-07-31
2020,DeeJay Dallas,RB,21.9,226.6,RB71,51,19521,2020-07-31
2020,James Proche,WR,23.8,231.9,WR99,45,19359,2020-07-31
2020,Jaylen Samuels,RB,24,227.2,RB72,50,17271,2020-07-31
2020,Malcolm Brown,RB,27.2,227.3,RB73,50,13953,2020-07-31
2020,Hakeem Butler,WR,24.2,232.7,WR100,44,18229,2020-07-31
2020,Giovani Bernard,RB,28.7,227.5,RB74,50,11644,2020-07-31
2020,Mitch Trubisky,QB,NA,160.7,QB34,241,16381,2020-07-31
2020,Keke Coutee,WR,23.5,233.1,WR101,44,17490,2020-07-31
2020,Mohamed Sanu,WR,30.9,233.3,WR102,44,11200,2020-07-31
2020,Jalen Hurts,QB,22,168.4,QB35,201,19275,2020-07-31
2020,Darwin Thompson,RB,23.4,228.3,RB75,49,18620,2020-07-31
2020,Zach Pascal,WR,25.6,234.3,WR103,43,16972,2020-07-31
2020,Dante Pettis,WR,24.8,235.0,WR104,42,17264,2020-07-31
2020,Jakobi Meyers,WR,23.7,235.4,WR105,42,18598,2020-07-31
2020,Bryce Love,RB,23,229.0,RB76,48,18266,2020-07-31
2020,Greg Olsen,TE,35.4,235.4,TE35,42,9238,2020-07-31
2020,Jarrett Stidham,QB,24,199.0,QB36,98,18604,2020-07-31
2020,Quez Watkins,WR,22.1,236.7,WR106,40,19715,2020-07-31
2020,Jalen Richard,RB,26.8,229.9,RB77,47,16120,2020-07-31
2020,Ito Smith,RB,24.9,230.2,RB78,47,17249,2020-07-31
2020,Jerick McKinnon,RB,28.2,230.3,RB79,47,12209,2020-07-31
2020,Gus Edwards,RB,25.3,230.5,RB80,47,17687,2020-07-31
2020,Chris Thompson,RB,29.8,230.5,RB81,47,11651,2020-07-31
2020,Chris Conley,WR,27.7,238.3,WR107,39,14151,2020-07-31
2020,Josh Gordon,WR,29.3,238.5,WR108,39,11440,2020-07-31
2020,Adrian Peterson,RB,35.3,230.8,RB82,46,9006,2020-07-31
2020,Quintez Cephus,WR,22.3,239.1,WR109,38,19396,2020-07-31
2020,Russell Gage,WR,24.5,239.3,WR110,38,17606,2020-07-31
2020,Josh Oliver,TE,23.3,244.8,TE36,33,18487,2020-07-31
2020,Albert Wilson,WR,28,240.5,WR111,37,12338,2020-07-31
2020,Albert Okwuegbunam,TE,22.2,246.2,TE37,32,18246,2020-07-31
2020,Trey Burton,TE,28.7,246.6,TE38,32,12153,2020-07-31
2020,DaeSean Hamilton,WR,25.4,240.9,WR112,36,17470,2020-07-31
2020,LeSean McCoy,RB,32,232.1,RB83,45,9398,2020-07-31
2020,Demarcus Robinson,WR,25.8,241.3,WR113,36,15665,2020-07-31
2020,Isaiah Coulter,WR,21,241.7,WR114,36,19771,2020-07-31
2020,Isaiah Ford,WR,24.5,241.8,WR115,36,16432,2020-07-31
2020,Nelson Agholor,WR,27.2,242.1,WR116,36,13969,2020-07-31
2020,Mike Boone,RB,25.1,232.8,RB84,44,17813,2020-07-31
2020,Lamar Miller,RB,29.2,232.8,RB85,44,11185,2020-07-31
2020,Jordan Akins,TE,28.3,250.1,TE39,29,17415,2020-07-31
2020,Equanimeous St. Brown,WR,23.8,242.5,WR117,35,17307,2020-07-31
2020,Vance McDonald,TE,30.1,250.5,TE40,29,11699,2020-07-31
2020,Nick Foles,QB,31.5,216.6,QB37,65,11176,2020-07-31
2020,Phillip Dorsett,WR,27.5,244.0,WR118,34,13979,2020-07-31
2020,Dion Lewis,RB,29.8,233.8,RB86,43,9983,2020-07-31
2020,Bo Scarbrough,RB,23.8,233.8,RB87,43,17299,2020-07-31
2020,Peyton Barber,RB,26.1,233.9,RB88,43,15920,2020-07-31
2020,Adam Humphries,WR,27.1,244.7,WR119,33,14498,2020-07-31
2020,Geronimo Allison,WR,26.5,244.9,WR120,33,15853,2020-07-31
2020,Dan Arnold,TE,25.4,255.4,TE41,26,17143,2020-07-31
2020,Trayveon Williams,RB,22.8,234.4,RB89,43,18607,2020-07-31
2020,KeeSean Johnson,WR,23.8,245.5,WR121,33,18618,2020-07-31
2020,Jauan Jennings,WR,23,246.4,WR122,32,19590,2020-07-31
2020,Kendrick Bourne,WR,25,246.5,WR123,32,17066,2020-07-31
2020,Tyler Eifert,TE,29.9,259.2,TE42,24,11692,2020-07-31
2020,Jacob Hollister,TE,26.7,259.9,TE43,23,16527,2020-07-31
2020,Tyrod Taylor,QB,31,226.9,QB38,51,10007,2020-07-31
2020,Rodney Anderson,RB,23.9,235.5,RB90,41,18608,2020-07-31
2020,Mike Davis,RB,27.4,235.6,RB91,41,13943,2020-07-31
2020,Ryan Fitzpatrick,QB,37.7,227.7,QB39,50,9545,2020-07-31
2020,Danny Amendola,WR,34.7,247.6,WR124,31,9146,2020-07-31
2020,Rashard Higgins,WR,25.8,247.9,WR125,31,15586,2020-07-31
2020,Dalton Keene,TE,21.3,262.7,TE44,22,19563,2020-07-31
2020,Darrel Williams,RB,25.3,236.0,RB92,41,17514,2020-07-31
2020,Taywan Taylor,WR,25.4,248.2,WR126,31,16426,2020-07-31
2020,Taysom Hill,QB,29.9,230.2,QB40,47,17115,2020-07-31
2020,Jimmy Graham,TE,33.7,263.6,TE45,21,9712,2020-07-31
2020,Antonio Callaway,WR,23.5,248.6,WR127,30,17286,2020-07-31
2020,Marquise Goodwin,WR,29.7,248.7,WR128,30,11599,2020-07-31
2020,Donovan Peoples-Jones,WR,21.4,248.7,WR129,30,19298,2020-07-31
2020,Travis Homer,RB,22,236.3,RB93,41,18616,2020-07-31
2020,Joe Reed,WR,22.6,248.8,WR130,30,19468,2020-07-31
2020,Isaiah Hodgins,WR,21.8,249.1,WR131,30,19375,2020-07-31
2020,Rex Burkhead,RB,30.1,236.7,RB94,40,11655,2020-07-31
2020,Nick Boyle,TE,27.4,266.0,TE46,20,13963,2020-07-31
2020,Wayne Gallman,RB,25.8,236.8,RB95,40,16422,2020-07-31
2020,Marqise Lee,WR,28.7,249.9,WR132,30,12120,2020-07-31
2020,Brian Hill,RB,24.7,237.0,RB96,40,16448,2020-07-31
2020,Dare Ogunbowale,RB,26.2,237.1,RB97,40,16879,2020-07-31
2020,Jacoby Brissett,QB,27.6,235.4,QB41,42,15642,2020-07-31
2020,Jeff Wilson,RB,NA,237.2,RB98,40,18026,2020-07-31
2020,Robert Foster,WR,26.2,250.6,WR133,29,17458,2020-07-31
2020,Marcus Mariota,QB,26.7,236.7,QB42,40,13890,2020-07-31
2020,Foster Moreau,TE,23.2,268.8,TE47,19,18397,2020-07-31
2020,Case Keenum,QB,32.4,236.8,QB43,40,11425,2020-07-31
2020,Zay Jones,WR,25.3,251.1,WR134,29,16431,2020-07-31
2020,Tajae Sharpe,WR,25.6,251.5,WR135,28,15587,2020-07-31
2020,DeAndre Washington,RB,27.4,237.8,RB99,39,15806,2020-07-31
2020,Trent Taylor,WR,26.2,251.8,WR136,28,16505,2020-07-31
2020,Paul Richardson Jr.,WR,28.3,252.2,WR137,28,12129,2020-07-31
2020,James Robinson,RB,22,238.3,RB100,39,19631,2020-07-31
2020,K.J. Hill,WR,22.9,252.4,WR138,28,19332,2020-07-31
2020,Andy Dalton,QB,32.7,241.0,QB44,36,9907,2020-07-31
2020,Darren Fells,TE,34.3,273.1,TE48,17,13636,2020-07-31
2020,Justin Watson,WR,25.3,253.1,WR139,27,17603,2020-07-31
2020,Kyle Allen,QB,24.4,243.0,QB45,35,17869,2020-07-31
2020,Olabisi Johnson,WR,23.4,253.5,WR140,27,18713,2020-07-31
2020,Ty Johnson,RB,22.9,239.1,RB101,38,18406,2020-07-31
2020,Harrison Bryant,TE,22.3,275.9,TE49,16,19389,2020-07-31
2020,Patrick Laird,RB,24.9,239.3,RB102,38,18332,2020-07-31
2020,Ryan Griffin,TE,30.5,276.4,TE50,16,11830,2020-07-31
2020,Thaddeus Moss,TE,NA,276.4,TE51,16,19622,2020-07-31
2020,Delanie Walker,TE,35.9,276.5,TE52,16,9172,2020-07-31
2020,Jordan Wilkins,RB,26,239.4,RB103,38,17497,2020-07-31
2020,David Moore,WR,25.5,254.5,WR141,27,16757,2020-07-31
2020,Laquon Treadwell,WR,25.1,254.5,WR142,27,15495,2020-07-31
2020,Reggie Bonnafon,RB,24.6,239.5,RB104,38,17867,2020-07-31
2020,Frank Gore,RB,37.2,239.6,RB105,38,9218,2020-07-31
2020,Brycen Hopkins,TE,23.3,277.6,TE53,15,19234,2020-07-31
2020,Dexter Williams,RB,23.5,239.7,RB106,38,18460,2020-07-31
2020,Trey Quinn,WR,24.6,255.1,WR143,26,17266,2020-07-31
2020,Kalen Ballage,RB,24.6,239.9,RB107,37,17250,2020-07-31
2020,Darnell Mooney,WR,22.7,255.3,WR144,26,19810,2020-07-31
2020,Riley Ridley,WR,24,255.5,WR145,26,18264,2020-07-31
2020,Tim Patrick,WR,26.7,255.6,WR146,26,16556,2020-07-31
2020,Myles Gaskin,RB,23.4,240.3,RB108,37,17251,2020-07-31
2020,Devine Ozigbo,RB,23.8,240.3,RB109,37,18630,2020-07-31
2020,Willie Snead,WR,27.8,256.2,WR147,26,12904,2020-07-31
2020,Keelan Cole,WR,27.3,256.2,WR148,25,16864,2020-07-31
2020,Collin Johnson,WR,22.8,256.3,WR149,25,18289,2020-07-31
2020,Taylor Gabriel,WR,29.4,256.3,WR150,25,12888,2020-07-31
2020,Michael Warren II,RB,NA,240.5,RB110,37,19399,2020-07-31
2020,Quincy Enunwa,WR,28.1,256.6,WR151,25,12298,2020-07-31
2020,Kaden Smith,TE,23.2,282.2,TE54,14,18293,2020-07-31
2020,Nick Mullens,QB,25.3,253.2,QB46,27,16726,2020-07-31
2020,Deon Cain,WR,24,257.3,WR152,25,17263,2020-07-31
2020,Cameron Brate,TE,29.1,285.3,TE55,13,13470,2020-07-31
2020,Greg Ward,WR,25,258.4,WR153,24,17130,2020-07-31
2020,Ty Montgomery,RB,27.5,241.7,RB111,36,13977,2020-07-31
2020,Demaryius Thomas,WR,32.6,258.8,WR154,24,9691,2020-07-31
2020,Scott Miller,WR,23,259.3,WR155,24,18714,2020-07-31
2020,T.J. Yeldon,RB,26.8,242.1,RB112,35,13941,2020-07-31
2020,Jonathan Williams,RB,26.5,242.1,RB113,35,15611,2020-07-31
2020,John Kelly,RB,23.8,242.3,RB114,35,17304,2020-07-31
2020,Mo Alie-Cox,TE,26.8,288.3,TE56,12,16579,2020-07-31
2020,Jordan Reed,TE,30.1,288.5,TE57,12,11690,2020-07-31
2020,Jacob Eason,QB,22.7,260.8,QB47,23,19220,2020-07-31
2020,Vyncint Smith,WR,24.1,260.2,WR156,23,17714,2020-07-31
2020,Marcus Johnson,WR,26,260.2,WR157,23,15814,2020-07-31
2020,John Hightower,WR,24.1,260.2,WR158,23,19329,2020-07-31
2020,Kenneth Dixon,RB,26.5,242.8,RB115,35,15577,2020-07-31
2020,Kahale Warring,TE,23.3,292.3,TE58,11,18680,2020-07-31
2020,Qadree Ollison,RB,23.9,243.4,RB116,34,18480,2020-07-31
2020,Damiere Byrd,WR,27.5,261.8,WR159,22,14222,2020-07-31
2020,Josh Doctson,WR,27.6,262.6,WR160,22,15511,2020-07-31
2020,Jason Huntley,RB,22.3,244.4,RB117,34,19655,2020-07-31
2020,Josh Rosen,QB,23.4,271.4,QB48,18,17235,2020-07-31
2020,C.J. Uzomah,TE,27.5,298.2,TE59,9,14084,2020-07-31
2020,Elijah McGuire,RB,26.1,245.2,RB118,33,16454,2020-07-31
2020,Allen Hurns,WR,28.7,265.0,WR161,21,12996,2020-07-31
2020,Dontrell Hilliard,RB,25.4,245.8,RB119,33,18037,2020-07-31
2020,Jake Fromm,QB,22,281.8,QB49,14,19243,2020-07-31
2020,Jakeem Grant,WR,27.7,269.9,WR162,18,15680,2020-07-31
2020,JaMycal Hasty,RB,NA,248.0,RB120,31,19627,2020-07-31
2020,Colby Parkinson,TE,21.5,311.1,TE60,7,19372,2020-07-31
2020,Ricky Seals-Jones,TE,25.4,312.0,TE61,7,16730,2020-07-31
2020,Byron Pringle,WR,26.7,271.4,WR163,18,17739,2020-07-31
2020,Stephen Sullivan,TE,23.7,315.1,TE62,6,19641,2020-07-31
2020,Isaiah McKenzie,WR,25.3,272.8,WR164,17,16604,2020-07-31
2020,Josiah Deguara,TE,23.4,317.1,TE63,6,19456,2020-07-31
2020,Jeremy Sprinkle,TE,26,318.1,TE64,6,16461,2020-07-31
2020,Isaiah Crowell,RB,27.5,250.3,RB121,29,12116,2020-07-31
2020,Javon Wims,WR,25.9,274.9,WR165,16,17388,2020-07-31
2020,Raymond Calais,RB,22.3,252.9,RB122,28,19613,2020-07-31
2020,Hunter Bryant,TE,NA,334.2,TE65,4,19242,2020-07-31
2020,J.D. McKissic,RB,26.8,254.4,RB123,27,16230,2020-07-31
2021,Christian McCaffrey,RB,25.1,2.2,RB1,9971,16393,2021-07-30
2021,Dalvin Cook,RB,26,7.6,RB2,8783,16374,2021-07-30
2021,Jonathan Taylor,RB,22.5,8.4,RB3,8619,19217,2021-07-30
2021,Saquon Barkley,RB,24.5,8.4,RB4,8619,17240,2021-07-30
2021,Alvin Kamara,RB,26,11.7,RB5,7976,16421,2021-07-30
2021,Tyreek Hill,WR,27.4,13.0,WR2,7736,15802,2021-07-30
2021,A.J. Brown,WR,24.1,12.9,WR1,7754,18218,2021-07-30
2021,Justin Jefferson,WR,22.1,13.7,WR3,7610,19236,2021-07-30
2021,D.K. Metcalf,WR,23.6,14.2,WR4,7521,18219,2021-07-30
2021,Davante Adams,WR,28.6,17.3,WR5,6992,12123,2021-07-30
2021,Nick Chubb,RB,25.6,19.4,RB6,6656,17246,2021-07-30
2021,Stefon Diggs,WR,27.7,20.2,WR6,6532,13981,2021-07-30
2021,Calvin Ridley,WR,26.6,22.9,WR7,6130,17258,2021-07-30
2021,Derrick Henry,RB,27.6,23.7,RB7,6016,15514,2021-07-30
2021,Travis Kelce,TE,31.8,23.9,TE1,5988,11594,2021-07-30
2021,D'Andre Swift,RB,22.5,27.2,RB9,5541,19210,2021-07-30
2021,Antonio Gibson,RB,23.1,27.7,RB10,5476,19624,2021-07-30
2021,Najee Harris,RB,23.4,27.0,RB8,5567,19302,2021-07-30
2021,CeeDee Lamb,WR,22.3,28.0,WR8,5438,19202,2021-07-30
2021,Aaron Jones,RB,26.7,28.4,RB11,5387,16673,2021-07-30
2021,DeAndre Hopkins,WR,29.1,30.4,WR9,5140,11606,2021-07-30
2021,George Kittle,TE,27.8,30.2,TE2,5164,16499,2021-07-30
2021,Ezekiel Elliott,RB,26,31.2,RB12,5044,15498,2021-07-30
2021,Patrick Mahomes II,QB,25.9,1.6,QB1,10113,16413,2021-07-30
2021,Clyde Edwards-Helaire,RB,22.3,34.7,RB13,4646,19325,2021-07-30
2021,J.K. Dobbins,RB,22.6,35.8,RB14,4527,19245,2021-07-30
2021,Terry McLaurin,WR,25.9,35.0,WR10,4613,18466,2021-07-30
2021,Ja'Marr Chase,WR,21.4,37.2,WR11,4381,19788,2021-07-30
2021,Joe Mixon,RB,25,38.5,RB15,4249,16420,2021-07-30
2021,Darren Waller,TE,28.9,40.3,TE3,4073,14104,2021-07-30
2021,D.J. Moore,WR,24.3,43.1,WR12,3813,17265,2021-07-30
2021,Allen Robinson II,WR,27.9,43.6,WR13,3769,12126,2021-07-30
2021,Austin Ekeler,RB,26.2,43.2,RB16,3804,16483,2021-07-30
2021,Chris Godwin,WR,25.4,45.9,WR14,3571,16406,2021-07-30
2021,Michael Thomas,WR,28.4,49.7,WR16,3266,15528,2021-07-30
2021,Amari Cooper,WR,27.1,49.6,WR15,3273,13894,2021-07-30
2021,Travis Etienne,RB,22.5,50.0,RB17,3243,19231,2021-07-30
2021,Tee Higgins,WR,22.5,50.7,WR17,3190,19211,2021-07-30
2021,Keenan Allen,WR,29.3,51.5,WR18,3130,11616,2021-07-30
2021,Kyle Pitts,TE,20.8,54.8,TE4,2897,20164,2021-07-30
2021,Brandon Aiyuk,WR,23.4,54.3,WR19,2931,19252,2021-07-30
2021,Mike Evans,WR,27.9,58.1,WR20,2681,12119,2021-07-30
2021,Miles Sanders,RB,24.2,59.7,RB18,2582,18283,2021-07-30
2021,Josh Allen,QB,25.2,3.6,QB2,9648,17298,2021-07-30
2021,Kyler Murray,QB,24,5.2,QB3,9292,18600,2021-07-30
2021,Javonte Williams,RB,21.3,60.0,RB19,2564,22739,2021-07-30
2021,Diontae Johnson,WR,25.1,61.3,WR21,2486,18615,2021-07-30
2021,David Montgomery,RB,24.1,62.4,RB20,2423,18239,2021-07-30
2021,Jerry Jeudy,WR,22.3,62.1,WR22,2440,19201,2021-07-30
2021,Josh Jacobs,RB,23.5,64.8,RB21,2290,18269,2021-07-30
2021,Courtland Sutton,WR,25.8,67.7,WR25,2139,17253,2021-07-30
2021,Kenny Golladay,WR,27.7,66.1,WR23,2221,16488,2021-07-30
2021,Dak Prescott,QB,28,9.2,QB4,8459,15600,2021-07-30
2021,DeVonta Smith,WR,22.7,70.0,WR26,2027,19222,2021-07-30
2021,Lamar Jackson,QB,24.6,11.2,QB5,8070,17233,2021-07-30
2021,Chase Claypool,WR,23.1,67.6,WR24,2144,18627,2021-07-30
2021,T.J. Hockenson,TE,24.1,70.3,TE5,2012,18290,2021-07-30
2021,Robert Woods,WR,29.3,71.8,WR27,1943,11610,2021-07-30
2021,Cooper Kupp,WR,28.1,75.7,WR28,1773,16433,2021-07-30
2021,Justin Herbert,QB,23.4,13.7,QB6,7610,18635,2021-07-30
2021,Chris Carson,RB,26.9,76.8,RB23,1727,16754,2021-07-30
2021,Kareem Hunt,RB,26,79.3,RB24,1629,16425,2021-07-30
2021,Mark Andrews,TE,24.9,78.0,TE6,1679,17269,2021-07-30
2021,Julio Jones,WR,32.5,81.9,WR30,1532,9867,2021-07-30
2021,Cam Akers,RB,22.1,75.7,RB22,1773,19268,2021-07-30
2021,Jaylen Waddle,WR,22.7,80.9,WR29,1569,19790,2021-07-30
2021,JuJu Smith-Schuster,WR,24.7,84.5,WR31,1441,16427,2021-07-30
2021,Joe Burrow,QB,24.6,22.5,QB7,6188,19196,2021-07-30
2021,Trey Sermon,RB,22.5,89.2,RB25,1291,19425,2021-07-30
2021,Tyler Lockett,WR,28.8,88.8,WR32,1303,13971,2021-07-30
2021,D.J. Chark Jr.,WR,24.8,89.1,WR33,1294,17292,2021-07-30
2021,Russell Wilson,QB,32.7,25.0,QB8,5835,11180,2021-07-30
2021,Noah Fant,TE,23.7,89.2,TE7,1291,17527,2021-07-30
2021,Myles Gaskin,RB,24.5,90.2,RB26,1261,17251,2021-07-30
2021,Odell Beckham Jr.,WR,28.7,94.3,WR34,1145,12127,2021-07-30
2021,Michael Carter,RB,22.2,95.5,RB27,1113,22728,2021-07-30
2021,Deebo Samuel,WR,25.5,94.8,WR36,1132,18244,2021-07-30
2021,Rashod Bateman,WR,21.7,94.3,WR35,1145,19794,2021-07-30
2021,Laviska Shenault Jr.,WR,22.8,96.6,WR37,1085,19221,2021-07-30
2021,Trevor Lawrence,QB,21.8,28.6,QB9,5362,19780,2021-07-30
2021,Tyler Boyd,WR,26.7,98.9,WR38,1028,15547,2021-07-30
2021,Dallas Goedert,TE,26.6,97.2,TE8,1069,17270,2021-07-30
2021,Ronald Jones II,RB,24,101.5,RB28,967,17243,2021-07-30
2021,James Robinson,RB,23,104.9,RB30,892,19631,2021-07-30
2021,Adam Thielen,WR,30.9,102.8,WR39,938,13429,2021-07-30
2021,Chase Edmonds,RB,25.3,103.8,RB29,916,17496,2021-07-30
2021,Elijah Moore,WR,21.3,106.9,WR40,851,20114,2021-07-30
2021,Will Fuller V,WR,27.3,108.1,WR41,828,15629,2021-07-30
2021,Curtis Samuel,WR,25,109.8,WR42,795,16434,2021-07-30
2021,Aaron Rodgers,QB,37.7,44.1,QB11,3725,9001,2021-07-30
2021,AJ Dillon,RB,23.2,109.4,RB31,803,19358,2021-07-30
2021,Damien Harris,RB,24.5,112.9,RB32,740,18230,2021-07-30
2021,Zack Moss,RB,23.6,114.1,RB34,719,19263,2021-07-30
2021,Trey Lance,QB,21.2,43.2,QB10,3804,20082,2021-07-30
2021,Darrell Henderson,RB,23.9,113.7,RB33,726,18588,2021-07-30
2021,Michael Gallup,WR,25.4,117.8,WR44,659,17259,2021-07-30
2021,Justin Fields,QB,22.4,45.7,QB12,3587,19781,2021-07-30
2021,Deshaun Watson,QB,25.9,50.4,QB13,3212,16398,2021-07-30
2021,Michael Pittman Jr.,WR,23.8,115.1,WR43,702,19278,2021-07-30
2021,Robby Anderson,WR,28.2,123.1,WR47,582,15688,2021-07-30
2021,Brandin Cooks,WR,27.8,121.9,WR45,599,12122,2021-07-30
2021,Rondale Moore,WR,21.1,122.8,WR46,586,19796,2021-07-30
2021,Mike Gesicki,TE,25.8,124.2,TE9,567,17272,2021-07-30
2021,Jalen Reagor,WR,22.6,125.4,WR48,551,19219,2021-07-30
2021,Irv Smith Jr.,TE,23,125.5,TE10,550,18610,2021-07-30
2021,Jalen Hurts,QB,23,56.8,QB15,2764,19275,2021-07-30
2021,Corey Davis,WR,26.5,126.6,WR49,536,16385,2021-07-30
2021,Terrace Marshall Jr.,WR,21.1,128.6,WR51,511,23242,2021-07-30
2021,Mike Davis,RB,28.4,126.3,RB35,540,13943,2021-07-30
2021,Ryan Tannehill,QB,33,53.1,QB14,3015,11174,2021-07-30
2021,Leonard Fournette,RB,26.5,130.4,RB38,490,16378,2021-07-30
2021,Melvin Gordon III,RB,28.3,128.7,RB37,510,13903,2021-07-30
2021,Tony Pollard,RB,24.2,128.1,RB36,517,18705,2021-07-30
2021,Jarvis Landry,WR,28.7,128.3,WR50,515,12128,2021-07-30
2021,Darnell Mooney,WR,23.8,130.3,WR52,491,19810,2021-07-30
2021,Marquise Brown,WR,24.2,131.8,WR53,474,18226,2021-07-30
2021,Matthew Stafford,QB,33.5,60.5,QB16,2534,9451,2021-07-30
2021,Robert Tonyan,TE,27.2,135.3,TE11,437,16502,2021-07-30
2021,Tua Tagovailoa,QB,23.4,61.9,QB17,2452,19198,2021-07-30
2021,Henry Ruggs III,WR,22.5,136.3,WR54,427,19207,2021-07-30
2021,Jonnu Smith,TE,25.9,139.3,TE12,398,16460,2021-07-30
2021,Mike Williams,WR,26.8,138.7,WR55,403,16377,2021-07-30
2021,Raheem Mostert,RB,29.3,136.6,RB39,424,14338,2021-07-30
2021,Kenyan Drake,RB,27.5,139.1,RB40,400,15637,2021-07-30
2021,Baker Mayfield,QB,26.3,65.3,QB18,2263,17237,2021-07-30
2021,James Conner,RB,26.2,142.4,RB41,370,16447,2021-07-30
2021,Zach Wilson,QB,22,67.8,QB19,2134,22679,2021-07-30
2021,Cole Kmet,TE,22.4,146.0,TE14,340,19229,2021-07-30
2021,Logan Thomas,TE,30.1,143.4,TE13,361,12095,2021-07-30
2021,Hunter Henry,TE,26.6,146.0,TE15,340,15561,2021-07-30
2021,Devin Singletary,RB,23.9,147.4,RB42,329,18280,2021-07-30
2021,DeVante Parker,WR,28.5,147.6,WR56,327,13897,2021-07-30
2021,Evan Engram,TE,26.9,150.1,TE17,309,16411,2021-07-30
2021,Tyler Higbee,TE,28.6,149.0,TE16,317,15623,2021-07-30
2021,Nyheim Hines,RB,24.7,155.9,RB43,269,17297,2021-07-30
2021,David Johnson,RB,29.6,156.6,RB45,265,13948,2021-07-30
2021,Alexander Mattison,RB,23.1,157.3,RB46,260,18621,2021-07-30
2021,Kadarius Toney,WR,22.5,154.9,WR57,276,20119,2021-07-30
2021,Gus Edwards,RB,26.3,156.0,RB44,269,17687,2021-07-30
2021,Adam Trautman,TE,24.5,156.3,TE18,267,19423,2021-07-30
2021,Kenneth Gainwell,RB,22.4,158.2,RB47,255,23310,2021-07-30
2021,Amon-Ra St. Brown,WR,21.8,158.2,WR59,255,19799,2021-07-30
2021,Gabriel Davis,WR,22.3,156.9,WR58,263,19398,2021-07-30
2021,Parris Campbell,WR,24,161.8,WR61,234,18463,2021-07-30
2021,Denzel Mims,WR,23.8,159.6,WR60,247,19344,2021-07-30
2021,Carson Wentz,QB,28.6,84.9,QB20,1428,15520,2021-07-30
2021,Chuba Hubbard,RB,22.1,166.2,RB48,211,19792,2021-07-30
2021,Mecole Hardman,WR,23.4,165.1,WR62,217,18587,2021-07-30
2021,Kirk Cousins,QB,32.9,90.6,QB21,1249,11177,2021-07-30
2021,Austin Hooper,TE,26.8,169.9,TE19,194,15581,2021-07-30
2021,Tarik Cohen,RB,26,179.0,RB51,156,16450,2021-07-30
2021,Jamaal Williams,RB,26.3,174.8,RB49,173,16424,2021-07-30
2021,Matt Ryan,QB,36.2,97.9,QB23,1052,9444,2021-07-30
2021,Phillip Lindsay,RB,27,178.2,RB50,159,17498,2021-07-30
2021,Blake Jarwin,TE,27,177.8,TE21,161,16638,2021-07-30
2021,Mac Jones,QB,22.9,96.2,QB22,1095,20156,2021-07-30
2021,Christian Kirk,WR,24.7,177.7,WR64,161,17268,2021-07-30
2021,Amari Rodgers,WR,21.9,176.5,WR63,166,20132,2021-07-30
2021,Pat Freiermuth,TE,22.8,176.9,TE20,164,20163,2021-07-30
2021,Daniel Jones,QB,24.2,101.1,QB24,976,18232,2021-07-30
2021,Tom Brady,QB,44,106.6,QB25,858,9603,2021-07-30
2021,Derek Carr,QB,30.3,107.2,QB26,846,12092,2021-07-30
2021,Dyami Brown,WR,21.7,182.1,WR65,145,20113,2021-07-30
2021,Bryan Edwards,WR,22.7,185.8,WR66,133,18634,2021-07-30
2021,Marvin Jones Jr.,WR,31.4,189.1,WR67,123,11215,2021-07-30
2021,J.D. McKissic,RB,27.8,185.1,RB52,136,16230,2021-07-30
2021,Rashaad Penny,RB,25.5,193.8,RB53,110,17308,2021-07-30
2021,Sam Darnold,QB,24.2,109.8,QB27,795,17236,2021-07-30
2021,Sterling Shepard,WR,28.5,193.6,WR70,111,15569,2021-07-30
2021,Darius Slayton,WR,24.5,192.2,WR69,115,18706,2021-07-30
2021,Gerald Everett,TE,27.1,189.9,TE22,121,16459,2021-07-30
2021,Nico Collins,WR,22.4,194.3,WR71,109,20130,2021-07-30
2021,Antonio Brown,WR,33.1,191.5,WR68,117,9808,2021-07-30
2021,Jared Goff,QB,26.8,115.3,QB28,699,15501,2021-07-30
2021,Zach Ertz,TE,30.7,199.4,TE23,97,11689,2021-07-30
2021,Nelson Agholor,WR,28.2,195.6,WR72,106,13969,2021-07-30
2021,Rhamondre Stevenson,RB,23.4,196.8,RB54,103,22726,2021-07-30
2021,D'Wayne Eskridge,WR,24.4,201.5,WR74,92,22785,2021-07-30
2021,Jamison Crowder,WR,28.1,198.7,WR73,98,13976,2021-07-30
2021,Jakobi Meyers,WR,24.7,202.3,WR76,90,18598,2021-07-30
2021,John Brown,WR,31.3,205.1,WR79,85,12231,2021-07-30
2021,O.J. Howard,TE,26.7,203.8,TE24,87,16380,2021-07-30
2021,KJ Hamler,WR,22.1,202.0,WR75,91,19267,2021-07-30
2021,Marlon Mack,RB,25.4,211.9,RB57,72,16444,2021-07-30
2021,Russell Gage,WR,25.5,203.3,WR78,88,17606,2021-07-30
2021,T.Y. Hilton,WR,31.7,202.6,WR77,90,11206,2021-07-30
2021,Salvon Ahmed,RB,22.6,210.0,RB56,75,19449,2021-07-30
2021,Hayden Hurst,TE,27.9,216.3,TE26,65,17283,2021-07-30
2021,Anthony Firkser,TE,26.4,210.6,TE25,74,16787,2021-07-30
2021,Latavius Murray,RB,31.5,208.1,RB55,79,11821,2021-07-30
2021,Sony Michel,RB,26.4,217.2,RB60,64,17309,2021-07-30
2021,Darrynton Evans,RB,23.1,214.4,RB58,68,19418,2021-07-30
2021,Jeff Wilson Jr.,RB,25.7,220.4,RB62,59,18026,2021-07-30
2021,Ke'Shawn Vaughn,RB,24.2,216.4,RB59,65,19351,2021-07-30
2021,Josh Palmer,WR,21.9,212.8,WR80,71,22845,2021-07-30
2021,Van Jefferson,WR,25,215.6,WR83,66,19483,2021-07-30
2021,Jameis Winston,QB,27.6,130.5,QB29,489,13891,2021-07-30
2021,Allen Lazard,WR,25.6,215.1,WR82,67,17301,2021-07-30
2021,Tre'Quan Smith,WR,25.6,215.0,WR81,67,17261,2021-07-30
2021,Joshua Kelley,RB,23.7,226.5,RB63,51,19445,2021-07-30
2021,Javian Hawkins,RB,NA,217.4,RB61,63,22762,2021-07-30
2021,James White,RB,29.5,229.2,RB64,48,12195,2021-07-30
2021,Cole Beasley,WR,32.3,226.6,WR84,51,11459,2021-07-30
2021,Eric Ebron,TE,28.3,226.0,TE27,52,12143,2021-07-30
2021,Rob Gronkowski,TE,32.2,226.8,TE28,51,9721,2021-07-30
2021,Elijah Mitchell,RB,NA,229.9,RB65,47,22813,2021-07-30
2021,Dawson Knox,TE,24.7,229.2,TE30,48,18631,2021-07-30
2021,Harrison Bryant,TE,23.3,233.7,TE31,43,19389,2021-07-30
2021,Preston Williams,WR,24.3,232.3,WR86,45,18612,2021-07-30
2021,Tutu Atwell,WR,21.8,236.0,WR90,41,20126,2021-07-30
2021,Quintez Cephus,WR,23.3,233.4,WR87,44,19396,2021-07-30
2021,Anthony Miller,WR,26.8,230.4,WR85,47,17255,2021-07-30
2021,Todd Gurley II,RB,NA,231.8,RB66,45,13912,2021-07-30
2021,Josh Reynolds,WR,26.5,233.6,WR89,43,16439,2021-07-30
2021,Tylan Wallace,WR,22.2,233.5,WR88,43,19801,2021-07-30
2021,Tevin Coleman,RB,28.3,237.4,RB67,40,13926,2021-07-30
2021,La'Mical Perine,RB,23.5,238.1,RB68,39,19333,2021-07-30
2021,Breshad Perriman,WR,27.9,241.2,WR92,36,13975,2021-07-30
2021,Larry Rountree III,RB,NA,238.8,RB69,38,19537,2021-07-30
2021,Kerryon Johnson,RB,24.1,241.1,RB70,36,17247,2021-07-30
2021,Tyler Johnson,WR,22.9,236.4,WR91,41,18633,2021-07-30
2021,Kylin Hill,RB,22.9,242.7,RB71,35,19323,2021-07-30
2021,Giovani Bernard,RB,29.7,251.1,RB75,29,11644,2021-07-30
2021,N'Keal Harry,WR,23.6,246.5,WR96,32,18222,2021-07-30
2021,Anthony McFarland Jr.,RB,22.4,251.1,RB76,29,19366,2021-07-30
2021,David Njoku,TE,25.1,248.0,TE34,31,16399,2021-07-30
2021,Jonathan Adams Jr.,WR,NA,242.5,WR93,35,22818,2021-07-30
2021,Hunter Long,TE,22.9,247.5,TE33,31,22783,2021-07-30
2021,Chris Evans,RB,23.8,244.7,RB72,33,22797,2021-07-30
2021,Tim Patrick,WR,27.7,244.8,WR94,33,16556,2021-07-30
2021,James Washington,WR,25.3,247.7,WR97,31,17254,2021-07-30
2021,Anthony Schwartz,WR,20.9,262.8,WR106,22,20125,2021-07-30
2021,Lynn Bowden Jr.,WR,23.8,247.8,WR98,31,19587,2021-07-30
2021,Jermar Jefferson,RB,21.3,248.6,RB74,30,20088,2021-07-30
2021,Brevin Jordan,TE,21,245.4,TE32,33,20162,2021-07-30
2021,Sammy Watkins,WR,28.1,248.1,WR99,31,12118,2021-07-30
2021,Donovan Peoples-Jones,WR,22.4,246.1,WR95,32,19298,2021-07-30
2021,Taysom Hill,QB,30.9,156.3,QB32,267,17115,2021-07-30
2021,Xavier Jones,RB,23.9,246.4,RB73,32,19493,2021-07-30
2021,Wayne Gallman,RB,26.8,260.1,RB80,23,16422,2021-07-30
2021,Jake Funk,RB,23.5,317.8,RB120,6,23190,2021-07-30
2021,Chris Herndon IV,TE,25.4,257.7,TE36,25,17536,2021-07-30
2021,Benny Snell Jr.,RB,23.4,261.0,RB82,23,18609,2021-07-30
2021,Emmanuel Sanders,WR,34.4,248.3,WR100,31,9707,2021-07-30
2021,Hunter Renfrow,WR,25.6,260.8,WR103,23,18345,2021-07-30
2021,Darrel Williams,RB,26.3,257.7,RB78,25,17514,2021-07-30
2021,Jordan Love,QB,22.7,159.6,QB34,247,19246,2021-07-30
2021,Jared Cook,TE,34.3,255.9,TE35,26,9265,2021-07-30
2021,Tamorrion Terry,WR,NA,261.8,WR105,22,20121,2021-07-30
2021,Le'Veon Bell,RB,NA,256.1,RB77,26,11645,2021-07-30
2021,Rashard Higgins,WR,26.8,260.8,WR104,23,15586,2021-07-30
2021,Ty Johnson,RB,23.9,258.2,RB79,24,18406,2021-07-30
2021,Cornell Powell,WR,23.7,265.0,WR109,21,22811,2021-07-30
2021,Marquez Valdes-Scantling,WR,26.8,255.8,WR101,26,17528,2021-07-30
2021,Cam Newton,QB,32.2,156.0,QB30,269,9869,2021-07-30
2021,Ryan Fitzpatrick,QB,38.7,165.1,QB36,217,9545,2021-07-30
2021,Justin Jackson,RB,26.3,263.6,RB83,21,17300,2021-07-30
2021,Dalton Schultz,TE,25.1,263.5,TE37,21,17349,2021-07-30
2021,Boston Scott,RB,26.3,266.6,RB85,20,17612,2021-07-30
2021,Marlon Williams,WR,NA,264.0,WR108,21,22753,2021-07-30
2021,Marquez Callaway,WR,23.3,258.1,WR102,24,19505,2021-07-30
2021,Khalil Herbert,RB,23.3,260.2,RB81,23,22763,2021-07-30
2021,Keke Coutee,WR,24.5,263.5,WR107,21,17490,2021-07-30
2021,Drew Lock,QB,24.7,157.9,QB33,257,18225,2021-07-30
2021,Keelan Cole Sr.,WR,28.3,268.3,WR111,19,16864,2021-07-30
2021,Tyrell Williams,WR,29.5,270.9,WR113,18,14324,2021-07-30
2021,Scotty Miller,WR,24,268.1,WR110,19,18714,2021-07-30
2021,A.J. Green,WR,33,268.5,WR112,19,9857,2021-07-30
2021,Teddy Bridgewater,QB,28.8,162.0,QB35,233,12088,2021-07-30
2021,Damien Williams,RB,29.3,272.7,RB87,17,12334,2021-07-30
2021,Noah Gray,TE,22.3,227.4,TE29,50,19539,2021-07-30
2021,DeeJay Dallas,RB,22.9,274.0,RB88,17,19521,2021-07-30
2021,Albert Okwuegbunam,TE,23.3,265.8,TE38,20,18246,2021-07-30
2021,Kyle Trask,QB,23.4,184.1,QB39,139,19800,2021-07-30
2021,Devin Duvernay,WR,23.9,273.6,WR114,17,19270,2021-07-30
2021,Mark Ingram II,RB,NA,265.6,RB84,20,9872,2021-07-30
2021,Seth Williams,WR,21.3,290.6,WR119,11,20118,2021-07-30
2021,Kendrick Bourne,WR,26,276.0,WR115,16,17066,2021-07-30
2021,Jimmy Garoppolo,QB,29.7,156.0,QB31,269,12208,2021-07-30
2021,Dez Fitzpatrick,WR,23.6,278.6,WR116,15,20112,2021-07-30
2021,Ben Roethlisberger,QB,39.4,167.4,QB37,205,9039,2021-07-30
2021,Jacob Harris,TE,NA,283.1,TE43,14,23251,2021-07-30
2021,Donald Parham Jr.,TE,24,285.2,TE44,13,18835,2021-07-30
2021,Devontae Booker,RB,29.2,283.4,RB94,13,15555,2021-07-30
2021,Malcolm Brown,RB,28.2,283.9,RB95,13,13953,2021-07-30
2021,Tommy Tremble,TE,21.2,280.1,TE40,15,22795,2021-07-30
2021,Justice Hill,RB,23.7,281.9,RB92,14,18256,2021-07-30
2021,Olamide Zaccheaus,WR,24,285.4,WR117,13,18864,2021-07-30
2021,Tyler Conklin,TE,NA,300.0,TE49,9,17598,2021-07-30
2021,Tre' McKitty,TE,NA,281.3,TE41,14,22807,2021-07-30
2021,Mike Boone,RB,NA,271.9,RB86,18,17813,2021-07-30
2021,Dan Arnold,TE,26.4,288.2,TE45,12,17143,2021-07-30
2021,Eno Benjamin,RB,21.6,277.5,RB90,15,19361,2021-07-30
2021,Maxx Williams,TE,NA,276.0,TE39,16,13919,2021-07-30
2021,Mo Alie-Cox,TE,27.9,282.0,TE42,14,16579,2021-07-30
2021,Robert Griffin III,QB,NA,357.0,QB87,2,11173,2021-07-30
2021,Collin Johnson,WR,23.8,294.4,WR123,10,18289,2021-07-30
2021,Travis Fulgham,WR,25.9,295.0,WR124,10,18470,2021-07-30
2021,Duke Johnson Jr.,RB,NA,281.8,RB91,14,13939,2021-07-30
2021,Jacob Hollister,TE,27.7,297.5,TE46,10,16527,2021-07-30
2021,Matt Breida,RB,26.4,288.9,RB98,12,17058,2021-07-30
2021,Zach Pascal,WR,26.6,293.8,WR122,11,16972,2021-07-30
2021,Jerick McKinnon,RB,29.2,294.2,RB100,10,12209,2021-07-30
2021,Alex Smith,QB,NA,231.0,QB46,46,9012,2021-07-30
2021,Tyrod Taylor,QB,32,219.2,QB41,61,10007,2021-07-30
2021,Carlos Hyde,RB,NA,283.0,RB93,14,12105,2021-07-30
2021,LeSean McCoy,RB,NA,299.5,RB102,9,9398,2021-07-30
2021,Devonta Freeman,RB,NA,288.8,RB97,12,12108,2021-07-30
2021,Randall Cobb,WR,NA,292.1,WR120,11,9902,2021-07-30
2021,Jalen Guyton,WR,24.1,304.5,WR131,8,18941,2021-07-30
2021,Demarcus Robinson,WR,26.9,295.0,WR125,10,15665,2021-07-30
2021,Kelvin Harmon,WR,24.6,341.5,WR198,3,18228,2021-07-30
2021,Will Dissly,TE,25.1,300.5,TE51,9,18049,2021-07-30
2021,Taylor Heinicke,QB,28.4,253.2,QB49,27,13932,2021-07-30
2021,Julian Edelman,WR,NA,316.5,WR150,6,9332,2021-07-30
2021,Dwayne Haskins,QB,24.2,261.2,QB52,23,18214,2021-07-30
2021,Ihmir Smith-Marsette,WR,21.9,298.0,WR127,10,20116,2021-07-30
2021,Ian Thomas,TE,25.1,300.0,TE50,9,17387,2021-07-30
2021,Dede Westbrook,WR,NA,339.8,WR193,4,16436,2021-07-30
2021,Nick Foles,QB,NA,257.1,QB50,25,11176,2021-07-30
2021,C.J. Uzomah,TE,28.5,309.4,TE56,7,14084,2021-07-30
2021,Jaelon Darden,WR,NA,290.1,WR118,11,22796,2021-07-30
2021,Marquez Stevenson,WR,NA,295.0,WR126,10,20133,2021-07-30
2021,Rex Burkhead,RB,NA,296.1,RB101,10,11655,2021-07-30
2021,Jacob Eason,QB,23.7,284.4,QB55,13,19220,2021-07-30
2021,Davis Mills,QB,22.8,205.3,QB40,84,22799,2021-07-30
2021,Sage Surratt,WR,23.3,308.3,WR134,7,20120,2021-07-30
2021,Andy Isabella,WR,24.7,298.1,WR128,10,18409,2021-07-30
2021,Shi Smith,WR,22.8,305.4,WR132,8,20127,2021-07-30
2021,Kyle Allen,QB,25.4,300.9,QB60,9,17869,2021-07-30
2021,Freddie Swain,WR,NA,327.7,WR172,5,19729,2021-07-30
2021,Chris Conley,WR,28.8,301.2,WR130,9,14151,2021-07-30
2021,Jarrett Stidham,QB,NA,307.7,QB62,8,18604,2021-07-30
2021,Marcus Mariota,QB,27.7,228.4,QB45,49,13890,2021-07-30
2021,Gerrid Doaks,RB,23.1,309.0,RB111,7,23286,2021-07-30
2021,Jaret Patterson,RB,21.6,300.3,RB103,9,20155,2021-07-30
2021,Alshon Jeffery,WR,NA,309.3,WR135,7,11199,2021-07-30
2021,Jamie Newman,QB,NA,251.0,QB48,29,19785,2021-07-30
2021,Larry Fitzgerald,WR,NA,336.8,WR187,4,9383,2021-07-30
2021,Chad Hansen,WR,NA,334.8,WR182,4,16430,2021-07-30
2021,Ryquell Armstead,RB,NA,317.0,RB119,6,18521,2021-07-30
2021,Miles Boykin,WR,24.8,293.4,WR121,11,18636,2021-07-30
2021,J.J. Arcega-Whiteside,WR,NA,326.2,WR169,5,18235,2021-07-30
2021,Jalen Richard,RB,NA,307.0,RB109,8,16120,2021-07-30
2021,Mason Rudolph,QB,26,296.6,QB58,10,17234,2021-07-30
2021,Kenny Stills,WR,NA,338.2,WR191,4,11611,2021-07-30
2021,Kylen Granson,TE,23.3,298.2,TE47,10,22841,2021-07-30
2021,DaeSean Hamilton,WR,NA,309.3,WR136,7,17470,2021-07-30
2021,Josh Rosen,QB,NA,297.8,QB59,10,17235,2021-07-30
2021,Kyle Rudolph,TE,NA,302.1,TE52,9,9906,2021-07-30
2021,Sam Ehlinger,QB,NA,330.8,QB66,4,19803,2021-07-30
2021,Samaje Perine,RB,25.9,311.4,RB112,7,16423,2021-07-30
2021,Cam Sims,WR,25.6,312.5,WR143,7,18016,2021-07-30
2021,Peyton Barber,RB,NA,324.8,RB125,5,15920,2021-07-30
2021,J.J. Taylor,RB,23.6,288.2,RB96,12,19438,2021-07-30
2021,Tyron Johnson,WR,25.6,314.0,WR148,7,18804,2021-07-30
2021,Nick Mullens,QB,NA,272.6,QB53,17,16726,2021-07-30
2021,Cordarrelle Patterson,WR,NA,328.8,WR175,5,11613,2021-07-30
2021,Demetric Felton,WR,NA,309.3,WR137,7,20105,2021-07-30
2021,Qadree Ollison,RB,24.9,301.6,RB106,9,18480,2021-07-30
2021,Antonio Gandy-Golden,WR,23.3,309.7,WR139,7,19338,2021-07-30
2021,Royce Freeman,RB,25.4,305.0,RB107,8,17245,2021-07-30
2021,Adrian Peterson,RB,NA,325.8,RB126,5,9006,2021-07-30
2021,Kellen Mond,QB,22.1,183.6,QB38,140,19383,2021-07-30
2021,Chris Thompson,RB,NA,293.0,RB99,11,11651,2021-07-30
2021,Devin Funchess,WR,27.2,309.3,WR138,7,13915,2021-07-30
2021,Auden Tate,WR,24.5,312.5,WR144,7,17306,2021-07-30
2021,JaMycal Hasty,RB,24.9,336.5,RB136,4,19627,2021-07-30
2021,Simi Fehoko,WR,NA,310.5,WR141,7,23196,2021-07-30
2021,Ian Book,QB,23.3,325.0,QB65,5,20159,2021-07-30
2021,Brandon Allen,QB,NA,306.0,QB61,8,15745,2021-07-30
2021,Jason Huntley,RB,NA,348.5,RB144,3,19655,2021-07-30
2021,Dazz Newsome,WR,22.2,317.2,WR154,6,20122,2021-07-30
2021,Jordan Wilkins,RB,27,328.8,RB127,5,17497,2021-07-30
2021,Deonte Harris,WR,23.7,323.3,WR162,5,18876,2021-07-30
2021,Isaiah McKenzie,WR,NA,311.3,WR142,7,16604,2021-07-30
2021,Dante Pettis,WR,NA,339.1,WR192,4,17264,2021-07-30
2021,Case Keenum,QB,NA,336.2,QB68,4,11425,2021-07-30
2021,Pooka Williams Jr.,RB,22.1,343.4,RB139,3,20090,2021-07-30
2021,DeSean Jackson,WR,34.7,310.1,WR140,7,9186,2021-07-30
2021,C.J. Beathard,QB,NA,336.5,QB69,4,16419,2021-07-30
2021,Jake Luton,QB,NA,336.5,QB70,4,19618,2021-07-30
2021,Jakeem Grant Sr.,WR,NA,346.5,WR208,3,15680,2021-07-30
2021,Jaylen Samuels,RB,25,329.6,RB129,5,17271,2021-07-30
2021,Jordan Akins,TE,29.3,314.1,TE60,7,17415,2021-07-30
2021,Geronimo Allison,WR,NA,317.0,WR152,6,15853,2021-07-30
2021,Jimmy Graham,TE,NA,309.1,TE55,7,9712,2021-07-30
2021,Byron Pringle,WR,27.7,317.6,WR155,6,17739,2021-07-30
2021,Tyler Huntley,QB,NA,337.3,QB71,4,19297,2021-07-30
2021,Thaddeus Moss,TE,23.2,324.8,TE68,5,19622,2021-07-30
2021,Trayveon Williams,RB,23.8,311.6,RB113,7,18607,2021-07-30
2021,Braxton Berrios,WR,25.8,312.9,WR145,7,17289,2021-07-30
2021,KeeSean Johnson,WR,NA,312.9,WR146,7,18618,2021-07-30
2021,Trevon Grimes,WR,NA,307.7,WR133,8,22744,2021-07-30
2021,Kalen Ballage,RB,25.6,306.9,RB108,8,17250,2021-07-30
2021,Cameron Brate,TE,NA,304.8,TE53,8,13470,2021-07-30
2021,Tyler Vaughns,WR,NA,317.0,WR153,6,19513,2021-07-30
2021,Brycen Hopkins,TE,24.3,310.8,TE57,7,19234,2021-07-30
2021,Willie Snead IV,WR,NA,313.3,WR147,7,12904,2021-07-30
2021,Chad Henne,QB,NA,338.2,QB72,4,9101,2021-07-30
2021,Trey Ragas,RB,NA,331.4,RB130,4,20160,2021-07-30
2021,Jake Fromm,QB,NA,318.0,QB64,6,19243,2021-07-30
2021,Mohamed Sanu,WR,NA,332.8,WR179,4,11200,2021-07-30
2021,Equanimeous St. Brown,WR,24.8,346.8,WR210,3,17307,2021-07-30
2021,Ito Smith,RB,NA,300.9,RB104,9,17249,2021-07-30
2021,Olabisi Johnson,WR,24.4,315.8,WR149,6,18713,2021-07-30
2021,David Moore,WR,26.5,319.3,WR157,6,16757,2021-07-30
2021,Jordan Howard,RB,NA,316.6,RB118,6,15585,2021-07-30
2021,Cedrick Wilson,WR,NA,316.6,WR151,6,17262,2021-07-30
2021,Rodney Smith,RB,NA,334.5,RB133,4,19470,2021-07-30
2021,Jack Doyle,TE,31.2,314.9,TE61,6,11987,2021-07-30
2021,John Hightower,WR,NA,336.2,WR186,4,19329,2021-07-30
2021,Travis Homer,RB,23,334.9,RB134,4,18616,2021-07-30
2021,Quez Watkins,WR,23.1,345.3,WR205,3,19715,2021-07-30
2021,Trey Burton,TE,NA,315.1,TE62,6,12153,2021-07-30
2021,Gary Brightwell,RB,NA,333.0,RB132,4,23293,2021-07-30
2021,Josh Adams,RB,24.8,335.5,RB135,4,17248,2021-07-30
2021,Trace McSorley,QB,NA,242.0,QB47,36,18475,2021-07-30
2021,Darwin Thompson,RB,24.5,315.7,RB116,6,18620,2021-07-30
2021,Mike Glennon,QB,NA,280.0,QB54,15,11685,2021-07-30
2021,James Morgan,QB,NA,343.0,QB73,3,19628,2021-07-30
2021,Isaiah Hodgins,WR,22.8,324.0,WR165,5,19375,2021-07-30
2021,Hunter Bryant,TE,22.9,312.2,TE58,7,19242,2021-07-30
2021,Alex Collins,RB,NA,307.5,RB110,8,15546,2021-07-30
2021,DeAndre Washington,RB,NA,323.5,RB124,5,15806,2021-07-30
2021,Dare Ogunbowale,RB,NA,336.6,RB137,4,16879,2021-07-30
2021,Greg Ward,WR,26.1,324.3,WR166,5,17130,2021-07-30
2021,Lil'Jordan Humphrey,WR,NA,335.0,WR183,4,18590,2021-07-30
2021,Devin Asiasi,TE,24,331.9,TE72,4,19435,2021-07-30
2021,Jace Sternberger,TE,25.1,320.0,TE65,6,18614,2021-07-30
2021,John Ross,WR,25.7,319.4,WR158,6,16388,2021-07-30
2021,Kene Nwangwu,RB,23.5,317.9,RB121,6,23249,2021-07-30
2021,Bo Scarbrough,RB,NA,314.0,RB115,7,17299,2021-07-30
2021,Drew Sample,TE,25.3,316.6,TE63,6,18561,2021-07-30
2021,Blake Bortles,QB,NA,296.0,QB57,10,12090,2021-07-30
2021,Ryan Finley,QB,NA,346.0,QB74,3,18255,2021-07-30
2021,Ty Montgomery,RB,NA,339.2,RB138,4,13977,2021-07-30
2021,Isaiah Ford,WR,NA,339.8,WR194,4,16432,2021-07-30
2021,Stevie Scott III,RB,NA,301.0,RB105,9,22864,2021-07-30
2021,Tim Boyle,QB,NA,347.2,QB75,3,17801,2021-07-30
2021,AJ McCarron,QB,NA,347.3,QB76,3,12091,2021-07-30
2021,Golden Tate,WR,NA,322.3,WR159,5,9683,2021-07-30
2021,Albert Wilson,WR,NA,322.9,WR161,5,12338,2021-07-30
2021,Jeff Driskel,QB,NA,347.7,QB77,3,15615,2021-07-30
2021,Richie James Jr.,WR,NA,322.8,WR160,5,17303,2021-07-30
2021,Logan Woodside,QB,NA,348.2,QB78,3,17239,2021-07-30
2021,Zay Jones,WR,NA,328.5,WR174,5,16431,2021-07-30
2021,Antonio Callaway,WR,24.6,323.8,WR164,5,17286,2021-07-30
2021,Steven Sims Jr.,WR,24.3,327.8,WR173,5,18962,2021-07-30
2021,Gardner Minshew II,QB,25.2,226.6,QB44,51,18562,2021-07-30
2021,Jordan Reed,TE,NA,329.7,TE71,5,11690,2021-07-30
2021,Mitchell Trubisky,QB,26.9,222.4,QB42,56,16381,2021-07-30
2021,Will Grier,QB,NA,349.0,QB79,3,18241,2021-07-30
2021,Matt Barkley,QB,NA,349.2,QB80,3,11686,2021-07-30
2021,Rakeem Boyd,RB,NA,322.6,RB122,5,20096,2021-07-30
2021,Josh Imatorbhebhe,WR,NA,341.3,WR197,3,20128,2021-07-30
2021,David Blough,QB,NA,349.7,QB81,3,18756,2021-07-30
2021,Easton Stick,QB,NA,349.7,QB82,3,18446,2021-07-30
2021,Brian Hill,RB,25.7,323.2,RB123,5,16448,2021-07-30
2021,Brett Rypien,QB,NA,331.0,QB67,4,18323,2021-07-30
2021,Foster Moreau,TE,24.2,329.0,TE70,5,18397,2021-07-30
2021,Frank Darby,WR,NA,345.0,WR202,3,22882,2021-07-30
2021,Damiere Byrd,WR,NA,325.4,WR167,5,14222,2021-07-30
2021,Phillip Walker,QB,NA,293.0,QB56,11,16841,2021-07-30
2021,Danny Amendola,WR,NA,325.8,WR168,5,9146,2021-07-30
2021,Tyler Eifert,TE,NA,319.3,TE64,6,11692,2021-07-30
2021,Kenny Yeboah,TE,22.7,341.6,TE80,3,22815,2021-07-30
2021,Dion Lewis,RB,NA,316.0,RB117,6,9983,2021-07-30
2021,D'Onta Foreman,RB,NA,344.3,RB140,3,16407,2021-07-30
2021,Kaden Smith,TE,NA,349.0,TE86,3,18293,2021-07-30
2021,Patrick Laird,RB,NA,344.7,RB141,3,18332,2021-07-30
2021,Justin Watson,WR,NA,327.1,WR171,5,17603,2021-07-30
2021,Isaiah Coulter,WR,22.9,334.4,WR181,4,19771,2021-07-30
2021,Colby Parkinson,TE,NA,333.3,TE73,4,19372,2021-07-30
2021,Cade Johnson,WR,NA,326.6,WR170,5,22808,2021-07-30
2021,Josh Oliver,TE,NA,320.9,TE66,6,18487,2021-07-30
2021,Devine Ozigbo,RB,NA,332.0,RB131,4,18630,2021-07-30
2021,Andy Dalton,QB,33.8,223.5,QB43,55,9907,2021-07-30
2021,Jalen Hurd,WR,25.5,323.7,WR163,5,18318,2021-07-30
2021,Kahale Warring,TE,NA,321.0,TE67,6,18680,2021-07-30
2021,John Wolford,QB,NA,313.0,QB63,7,18185,2021-07-30
2021,Reggie Bonnafon,RB,NA,347.1,RB142,3,17867,2021-07-30
2021,Raymond Calais,RB,NA,329.0,RB128,5,19613,2021-07-30
2021,Chad Beebe,WR,NA,329.9,WR176,5,18063,2021-07-30
2021,Joe Flacco,QB,NA,354.7,QB83,3,9300,2021-07-30
2021,Warren Jackson,WR,NA,330.0,WR177,5,22853,2021-07-30
2021,Lamar Miller,RB,NA,274.0,RB89,17,11185,2021-07-30
2021,Phillip Dorsett II,WR,NA,330.5,WR178,4,13979,2021-07-30
2021,T.J. Yeldon,RB,NA,348.2,RB143,3,13941,2021-07-30
2021,Trent Taylor,WR,NA,301.0,WR129,9,16505,2021-07-30
2021,Dalton Keene,TE,NA,325.8,TE69,5,19563,2021-07-30
2021,Chase Daniel,QB,NA,355.3,QB84,2,9111,2021-07-30
2021,Colt McCoy,QB,NA,355.3,QB85,2,9702,2021-07-30
2021,Darren Fells,TE,NA,334.6,TE75,4,13636,2021-07-30
2021,Jeremy McNichols,RB,25.6,348.7,RB145,3,16445,2021-07-30
2021,D'Ernest Johnson,RB,NA,348.7,RB146,3,19111,2021-07-30
2021,Bryce Love,RB,NA,313.1,RB114,7,18266,2021-07-30
2021,Adam Humphries,WR,28.1,341.0,WR196,3,14498,2021-07-30
2021,Tyler Kroft,TE,NA,337.3,TE76,4,13960,2021-07-30
2021,James O'Shaughnessy,TE,NA,313.0,TE59,7,14146,2021-07-30
2021,Jacoby Brissett,QB,NA,261.1,QB51,23,15642,2021-07-30
2021,Garrett Gilbert,QB,NA,356.5,QB86,2,12302,2021-07-30
2021,Dexter Williams,RB,NA,349.5,RB147,3,18460,2021-07-30
2021,Dontrell Hilliard,RB,NA,349.7,RB148,3,18037,2021-07-30
2021,Ameer Abdullah,RB,NA,350.5,RB149,3,13924,2021-07-30
2021,Artavis Pierce,RB,NA,350.7,RB150,3,19547,2021-07-30
2021,Josiah Deguara,TE,NA,334.0,TE74,4,19456,2021-07-30
2021,Riley Ridley,WR,25,333.1,WR180,4,18264,2021-07-30
2021,Cole McDonald,QB,NA,358.0,QB88,2,19500,2021-07-30
2021,Cooper Rush,QB,NA,358.0,QB89,2,16477,2021-07-30
2021,Luke Farrell,TE,NA,339.0,TE77,4,19501,2021-07-30
2021,Jonathan Williams,RB,NA,351.3,RB151,3,15611,2021-07-30
2021,Ashton Dulin,WR,NA,344.8,WR201,3,18656,2021-07-30
2021,Frank Gore,RB,NA,351.4,RB152,3,9218,2021-07-30
2021,Ross Dwelley,TE,NA,339.8,TE78,4,17886,2021-07-30
2021,K.J. Costello,QB,NA,359.0,QB90,2,19795,2021-07-30
2021,Antonio Williams,RB,NA,352.2,RB153,3,19843,2021-07-30
2021,Nate Sudfeld,QB,NA,359.3,QB91,2,15833,2021-07-30
2021,Adam Shaheen,TE,NA,340.8,TE79,3,16457,2021-07-30
2021,Trey Quinn,WR,NA,335.2,WR184,4,17266,2021-07-30
2021,Ryan Griffin,TE,NA,343.5,TE81,3,11830,2021-07-30
2021,Hakeem Butler,WR,NA,319.0,WR156,6,18229,2021-07-30
2021,Deon Jackson,RB,NA,353.2,RB154,3,20097,2021-07-30
2021,K.J. Hill Jr.,WR,23.9,345.0,WR203,3,19332,2021-07-30
2021,Laquon Treadwell,WR,NA,336.1,WR185,4,15495,2021-07-30
2021,Blaine Gabbert,QB,NA,361.0,QB92,2,9858,2021-07-30
2021,Joshua Dobbs,QB,NA,361.7,QB93,2,16417,2021-07-30
2021,Malcolm Perry,WR,NA,337.1,WR188,4,19746,2021-07-30
2021,Robert Foster,WR,NA,337.1,WR189,4,17458,2021-07-30
2021,Allen Hurns,WR,NA,346.0,WR206,3,12996,2021-07-30
2021,Nate Stanley,QB,NA,362.0,QB94,2,19461,2021-07-30
2021,Theo Riddick,RB,NA,355.1,RB155,2,11649,2021-07-30
2021,Ben DiNucci,QB,NA,362.5,QB95,2,19827,2021-07-30
2021,Jeff Smith,WR,NA,337.9,WR190,4,18791,2021-07-30
2021,Corey Clement,RB,NA,355.9,RB156,2,16446,2021-07-30
2021,Mike White,QB,NA,363.0,QB96,2,17447,2021-07-30
2021,Tyler Davis,TE,NA,344.0,TE82,3,19811,2021-07-30
2021,CJ Marable,RB,NA,356.2,RB157,2,22819,2021-07-30
2021,Tommy Stevens,QB,NA,363.5,QB97,2,19838,2021-07-30
2021,Chris Streveler,QB,NA,363.5,QB98,2,19755,2021-07-30
2021,Nick Boyle,TE,NA,345.0,TE84,3,13963,2021-07-30
2021,Durham Smythe,TE,NA,345.6,TE85,3,17508,2021-07-30
2021,Damonte Coxie,WR,NA,343.3,WR200,3,22737,2021-07-30
2021,Matt Schaub,QB,NA,365.0,QB99,2,9445,2021-07-30
2021,Jaeden Graham,TE,NA,344.3,TE83,3,18135,2021-07-30
2021,Marcus Johnson,WR,NA,341.5,WR199,3,15814,2021-07-30
2021,Devlin Hodges,QB,NA,367.5,QB100,2,19063,2021-07-30
2021,Sean Mannion,QB,NA,367.7,QB101,2,13930,2021-07-30
2021,Ricky Seals-Jones,TE,NA,299.0,TE48,9,16730,2021-07-30
2021,Stephen Anderson,TE,NA,350.0,TE87,3,15760,2021-07-30
2021,Marcedes Lewis,TE,NA,307.0,TE54,8,9413,2021-07-30
2021,John Kelly,RB,NA,362.1,RB158,2,17304,2021-07-30
2021,Jordan Scarlett,RB,NA,362.4,RB159,2,18603,2021-07-30
2021,Javon Wims,WR,NA,345.0,WR204,3,17388,2021-07-30
2021,Brett Hundley,QB,NA,370.0,QB102,2,13907,2021-07-30
2021,Elijah McGuire,RB,NA,363.0,RB160,2,16454,2021-07-30
2021,Rodney Anderson,RB,NA,363.9,RB161,2,18608,2021-07-30
2021,Joe Reed,WR,23.6,346.2,WR207,3,19468,2021-07-30
2021,Ryan Izzo,TE,NA,352.0,TE88,3,17541,2021-07-30
2021,Donte Moncrief,WR,NA,346.7,WR209,3,12125,2021-07-30
2021,DeShone Kizer,QB,NA,372.0,QB103,2,16389,2021-07-30
2021,Jared Pinkney,TE,NA,353.5,TE89,3,19250,2021-07-30
2021,Nathan Peterman,QB,NA,372.7,QB104,2,16414,2021-07-30
2021,Tyrie Cleveland,WR,NA,348.5,WR211,3,19674,2021-07-30
2021,Brian Hoyer,QB,NA,374.0,QB105,2,9078,2021-07-30
2021,Mack Hollins,WR,NA,349.5,WR212,3,16489,2021-07-30
2021,Dax Milne,WR,NA,340.0,WR195,4,22800,2021-07-30
2021,Jordan Ta'amu,QB,NA,375.0,QB106,2,19128,2021-07-30
2021,Jake Kumerow,WR,NA,350.5,WR213,3,14083,2021-07-30
2021,James Proche,WR,NA,352.0,WR214,3,19359,2021-07-30
2021,Dez Bryant,WR,NA,354.2,WR215,3,9681,2021-07-30
2021,Caleb Wilson,TE,NA,360.0,TE90,2,18613,2021-07-30
2021,Jordan Thomas,TE,NA,360.8,TE91,2,17399,2021-07-30
2021,Matt LaCosse,TE,NA,361.0,TE92,2,14288,2021-07-30
2021,Josh Hill,TE,NA,361.3,TE93,2,13565,2021-07-30
2021,Deon Cain,WR,NA,355.9,WR216,2,17263,2021-07-30
2021,Alex Erickson,WR,NA,357.0,WR217,2,15706,2021-07-30
2021,Matt Moore,QB,NA,384.0,QB107,1,9442,2021-07-30
2021,Tanner Hudson,TE,NA,365.0,TE94,2,17826,2021-07-30
2021,Tajae Sharpe,WR,NA,359.7,WR218,2,15587,2021-07-30
2021,Stephen Sullivan,TE,NA,365.5,TE95,2,19641,2021-07-30
2021,Johnny Mundt,TE,NA,366.5,TE96,2,16743,2021-07-30
2021,Kyle Juszczyk,RB,NA,378.7,RB162,1,11798,2021-07-30
2021,Chris Moore,WR,NA,361.0,WR219,2,15654,2021-07-30
2021,Demetrius Harris,TE,NA,366.8,TE97,2,11881,2021-07-30
2021,Wendell Smallwood,RB,NA,379.7,RB163,1,15672,2021-07-30
2021,Vyncint Smith,WR,NA,362.0,WR220,2,17714,2021-07-30
2021,Jauan Jennings,WR,NA,366.2,WR221,2,19590,2021-07-30
2021,Gary Jennings Jr.,WR,NA,368.5,WR222,2,18565,2021-07-30
2021,Trent Sherfield,WR,NA,369.0,WR223,2,17888,2021-07-30
2021,Jake Butt,TE,NA,375.0,TE98,2,16456,2021-07-30
2021,K.J. Osborn,WR,NA,370.0,WR224,2,19708,2021-07-30
2021,Dontrelle Inman,WR,NA,370.5,WR225,2,13105,2021-07-30
2021,Taywan Taylor,WR,NA,371.8,WR226,2,16426,2021-07-30
2021,Jeremy Sprinkle,TE,NA,378.0,TE99,1,16461,2021-07-30
2021,Chester Rogers,WR,NA,379.0,WR227,1,16038,2021-07-30
2021,Damion Ratley,WR,NA,380.0,WR228,1,17547,2021-07-30
2021,Jaleel Scott,WR,NA,391.0,WR229,1,17260,2021-07-30
2021,Travis Benjamin,WR,NA,394.5,WR230,1,11214,2021-07-30
2021,Keith Kirkwood,WR,NA,395.0,WR231,1,17871,2021-07-30
2021,Seth Roberts,WR,NA,402.5,WR232,1,13840,2021-07-30
2021,Emanuel Hall,WR,NA,408.5,WR233,1,18432,2021-07-30
2022,Jonathan Taylor,RB,23.5,4.1,RB1,9536,19217,2022-07-29
2022,Ja'Marr Chase,WR,22.4,6.6,WR1,8991,19788,2022-07-29
2022,Justin Jefferson,WR,23.1,6.9,WR2,8928,19236,2022-07-29
2022,Najee Harris,RB,24.4,8.6,RB2,8579,19302,2022-07-29
2022,D'Andre Swift,RB,23.5,11.4,RB3,8032,19210,2022-07-29
2022,Christian McCaffrey,RB,26.1,12.4,RB4,7846,16393,2022-07-29
2022,CeeDee Lamb,WR,23.3,14.0,WR3,7556,19202,2022-07-29
2022,Javonte Williams,RB,22.3,14.4,RB5,7486,22739,2022-07-29
2022,Cooper Kupp,WR,29.1,15.4,WR4,7312,16433,2022-07-29
2022,Kyle Pitts,TE,21.8,16.1,TE1,7192,20164,2022-07-29
2022,Breece Hall,RB,21.2,21.6,RB6,6320,22982,2022-07-29
2022,A.J. Brown,WR,25.1,21.6,WR5,6320,18218,2022-07-29
2022,Joe Mixon,RB,26,25.2,RB7,5808,16420,2022-07-29
2022,Tee Higgins,WR,23.5,25.1,WR6,5821,19211,2022-07-29
2022,Austin Ekeler,RB,27.2,25.2,RB8,5808,16483,2022-07-29
2022,Mark Andrews,TE,25.9,25.3,TE2,5794,17269,2022-07-29
2022,Davante Adams,WR,29.6,26.4,WR7,5646,12123,2022-07-29
2022,Stefon Diggs,WR,28.7,26.7,WR8,5606,13981,2022-07-29
2022,Deebo Samuel,WR,26.5,27.9,WR9,5451,18244,2022-07-29
2022,Jaylen Waddle,WR,23.7,30.1,WR10,5176,19790,2022-07-29
2022,Dalvin Cook,RB,27,31.2,RB9,5044,16374,2022-07-29
2022,DK Metcalf,WR,24.6,31.5,WR11,5008,18219,2022-07-29
2022,Nick Chubb,RB,26.6,36.7,RB10,4432,17246,2022-07-29
2022,Saquon Barkley,RB,25.5,37.0,RB11,4401,17240,2022-07-29
2022,Josh Allen,QB,26.2,1.6,QB1,10113,17298,2022-07-29
2022,Tyreek Hill,WR,28.4,35.9,WR12,4516,15802,2022-07-29
2022,Alvin Kamara,RB,27,41.0,RB12,4006,16421,2022-07-29
2022,DJ Moore,WR,25.3,41.7,WR13,3941,17265,2022-07-29
2022,Michael Pittman Jr.,WR,24.8,43.2,WR14,3804,19278,2022-07-29
2022,Derrick Henry,RB,28.6,44.6,RB13,3681,15514,2022-07-29
2022,Diontae Johnson,WR,26.1,44.4,WR15,3699,18615,2022-07-29
2022,Travis Kelce,TE,32.8,45.8,TE3,3579,11594,2022-07-29
2022,Travis Etienne Jr.,RB,23.5,47.2,RB15,3463,19231,2022-07-29
2022,Cam Akers,RB,23.1,46.9,RB14,3488,19268,2022-07-29
2022,Chris Godwin,WR,26.4,48.0,WR16,3399,16406,2022-07-29
2022,Patrick Mahomes II,QB,26.9,3.0,QB2,9785,16413,2022-07-29
2022,Terry McLaurin,WR,26.9,52.1,WR17,3086,18466,2022-07-29
2022,J.K. Dobbins,RB,23.6,49.4,RB16,3289,19245,2022-07-29
2022,Drake London,WR,21,52.5,WR18,3058,23163,2022-07-29
2022,Justin Herbert,QB,24.4,4.1,QB3,9536,18635,2022-07-29
2022,Mike Evans,WR,28.9,53.1,WR19,3015,12119,2022-07-29
2022,George Kittle,TE,28.8,52.3,TE4,3072,16499,2022-07-29
2022,Ken Walker III,RB,21.8,57.8,RB17,2700,23021,2022-07-29
2022,Rashod Bateman,WR,22.7,59.7,WR20,2582,19794,2022-07-29
2022,Aaron Jones,RB,27.7,63.4,RB19,2367,16673,2022-07-29
2022,Garrett Wilson,WR,22,60.5,WR21,2534,23072,2022-07-29
2022,Antonio Gibson,RB,24.1,62.4,RB18,2423,19624,2022-07-29
2022,Elijah Moore,WR,22.3,61.9,WR22,2452,20114,2022-07-29
2022,David Montgomery,RB,25.1,68.7,RB20,2090,18239,2022-07-29
2022,Joe Burrow,QB,25.6,9.6,QB4,8379,19196,2022-07-29
2022,Lamar Jackson,QB,25.6,11.4,QB6,8032,17233,2022-07-29
2022,Treylon Burks,WR,22.3,67.7,WR24,2139,22905,2022-07-29
2022,Jerry Jeudy,WR,23.3,68.7,WR25,2090,19201,2022-07-29
2022,DeVonta Smith,WR,23.7,66.8,WR23,2185,19222,2022-07-29
2022,Courtland Sutton,WR,26.8,68.8,WR26,2085,17253,2022-07-29
2022,Jameson Williams,WR,21.3,71.3,WR27,1966,23677,2022-07-29
2022,AJ Dillon,RB,24.2,71.9,RB21,1938,19358,2022-07-29
2022,Kyler Murray,QB,25,11.3,QB5,8051,18600,2022-07-29
2022,Chris Olave,WR,22.1,74.8,WR29,1810,20111,2022-07-29
2022,Leonard Fournette,RB,27.5,77.1,RB23,1715,16378,2022-07-29
2022,Keenan Allen,WR,30.3,76.4,WR30,1744,11616,2022-07-29
2022,Mike Williams,WR,27.8,74.4,WR28,1828,16377,2022-07-29
2022,Elijah Mitchell,RB,24.2,76.6,RB22,1735,22813,2022-07-29
2022,Darren Waller,TE,29.9,77.0,TE5,1719,14104,2022-07-29
2022,Marquise Brown,WR,25.1,78.0,WR31,1679,18226,2022-07-29
2022,Darnell Mooney,WR,24.7,78.6,WR32,1656,19810,2022-07-29
2022,T.J. Hockenson,TE,25.1,81.4,TE6,1550,18290,2022-07-29
2022,Ezekiel Elliott,RB,27,82.4,RB24,1514,15498,2022-07-29
2022,Josh Jacobs,RB,24.5,83.9,RB25,1462,18269,2022-07-29
2022,James Conner,RB,27.2,84.9,RB26,1428,16447,2022-07-29
2022,Amari Cooper,WR,28.1,84.8,WR33,1431,13894,2022-07-29
2022,Amon-Ra St. Brown,WR,22.8,87.2,WR34,1353,19799,2022-07-29
2022,Dak Prescott,QB,29,20.6,QB7,6471,15600,2022-07-29
2022,Dalton Schultz,TE,26,96.2,TE7,1095,17349,2022-07-29
2022,DeAndre Hopkins,WR,30.1,95.1,WR35,1124,11606,2022-07-29
2022,Gabriel Davis,WR,23.3,96.7,WR37,1082,19398,2022-07-29
2022,Dallas Goedert,TE,27.6,96.3,TE8,1092,17270,2022-07-29
2022,Skyy Moore,WR,21.9,95.8,WR36,1105,23905,2022-07-29
2022,Miles Sanders,RB,25.2,99.6,RB27,1011,18283,2022-07-29
2022,Brandon Aiyuk,WR,24.4,101.5,WR38,967,19252,2022-07-29
2022,Clyde Edwards-Helaire,RB,23.3,102.3,RB28,949,19325,2022-07-29
2022,Jalen Hurts,QB,24,29.8,QB9,5213,19275,2022-07-29
2022,James Cook,RB,22.8,102.5,RB29,944,22958,2022-07-29
2022,Brandin Cooks,WR,28.8,102.2,WR39,951,12122,2022-07-29
2022,Pat Freiermuth,TE,23.8,102.0,TE9,955,20163,2022-07-29
2022,JuJu Smith-Schuster,WR,25.7,102.9,WR40,935,16427,2022-07-29
2022,Russell Wilson,QB,33.7,29.6,QB8,5237,11180,2022-07-29
2022,Tony Pollard,RB,25.2,106.0,RB30,870,18705,2022-07-29
2022,Trey Lance,QB,22.2,31.0,QB10,5068,20082,2022-07-29
2022,Jahan Dotson,WR,22.4,105.7,WR42,876,23101,2022-07-29
2022,Allen Robinson II,WR,28.9,104.3,WR41,905,12126,2022-07-29
2022,Damien Harris,RB,25.5,109.9,RB32,794,18230,2022-07-29
2022,Kareem Hunt,RB,27,109.7,RB31,797,16425,2022-07-29
2022,Deshaun Watson,QB,26.9,36.2,QB11,4485,16398,2022-07-29
2022,Chase Claypool,WR,24.1,112.4,WR43,748,18627,2022-07-29
2022,Christian Watson,WR,23.2,114.6,WR45,711,23886,2022-07-29
2022,Michael Thomas,WR,29.4,113.5,WR44,729,15528,2022-07-29
2022,Rachaad White,RB,23.3,117.5,RB33,664,23891,2022-07-29
2022,Chase Edmonds,RB,26.3,118.4,RB34,650,17496,2022-07-29
2022,George Pickens,WR,21.4,117.8,WR46,659,22963,2022-07-29
2022,Trevor Lawrence,QB,22.8,41.1,QB12,3997,19780,2022-07-29
2022,Matthew Stafford,QB,34.5,42.6,QB13,3858,9451,2022-07-29
2022,Hunter Renfrow,WR,26.6,120.3,WR47,621,18345,2022-07-29
2022,Cole Kmet,TE,23.4,122.3,TE10,593,19229,2022-07-29
2022,Kadarius Toney,WR,23.5,122.0,WR48,597,20119,2022-07-29
2022,Dawson Knox,TE,25.7,123.0,TE11,583,18631,2022-07-29
2022,Rhamondre Stevenson,RB,24.4,124.3,RB35,566,22726,2022-07-29
2022,Tyler Lockett,WR,29.8,124.8,WR49,559,13971,2022-07-29
2022,Christian Kirk,WR,25.7,125.3,WR50,553,17268,2022-07-29
2022,Justin Fields,QB,23.4,48.5,QB14,3359,19781,2022-07-29
2022,Devin Singletary,RB,24.9,127.8,RB36,521,18280,2022-07-29
2022,Michael Carter,RB,23.2,127.8,RB37,521,22728,2022-07-29
2022,Aaron Rodgers,QB,38.7,52.2,QB15,3079,9001,2022-07-29
2022,Rashaad Penny,RB,26.5,128.5,RB38,513,17308,2022-07-29
2022,Isaiah Spiller,RB,21,130.5,RB39,489,23143,2022-07-29
2022,Michael Gallup,WR,26.4,132.0,WR51,472,17259,2022-07-29
2022,Dameon Pierce,RB,22.4,134.8,RB40,442,22947,2022-07-29
2022,Mike Gesicki,TE,26.8,133.9,TE12,451,17272,2022-07-29
2022,Noah Fant,TE,24.7,135.7,TE13,433,17527,2022-07-29
2022,Derek Carr,QB,31.3,59.8,QB16,2576,12092,2022-07-29
2022,Calvin Ridley,WR,27.6,136.4,WR52,426,17258,2022-07-29
2022,Alexander Mattison,RB,24.1,142.7,RB41,367,18621,2022-07-29
2022,Tua Tagovailoa,QB,24.4,63.6,QB17,2356,19198,2022-07-29
2022,James Robinson,RB,24,144.8,RB42,349,19631,2022-07-29
2022,Irv Smith Jr.,TE,24,149.0,TE15,317,18610,2022-07-29
2022,Albert Okwuegbunam,TE,24.3,148.0,TE14,324,18246,2022-07-29
2022,Melvin Gordon III,RB,29.3,152.3,RB43,293,13903,2022-07-29
2022,Rondale Moore,WR,22.1,149.4,WR53,314,19796,2022-07-29
2022,Mac Jones,QB,23.9,66.5,QB18,2200,20156,2022-07-29
2022,Trey McBride,TE,22.7,152.8,TE17,290,22936,2022-07-29
2022,Zach Ertz,TE,31.7,152.2,TE16,294,11689,2022-07-29
2022,Brian Robinson Jr.,RB,23.4,153.7,RB44,283,20094,2022-07-29
2022,Khalil Herbert,RB,24.3,153.7,RB45,283,22763,2022-07-29
2022,Adam Thielen,WR,31.9,151.2,WR54,301,13429,2022-07-29
2022,Robert Woods,WR,30.3,156.1,WR56,268,11610,2022-07-29
2022,Zamir White,RB,22.9,156.6,RB47,265,20095,2022-07-29
2022,Hunter Henry,TE,27.6,156.0,TE18,269,15561,2022-07-29
2022,Tyler Boyd,WR,27.7,156.5,WR57,265,15547,2022-07-29
2022,Russell Gage,WR,26.5,153.7,WR55,283,17606,2022-07-29
2022,Darrell Henderson Jr.,RB,24.9,155.5,RB46,272,18588,2022-07-29
2022,Zach Wilson,QB,23,71.7,QB19,1947,22679,2022-07-29
2022,Kirk Cousins,QB,33.9,73.1,QB20,1884,11177,2022-07-29
2022,Allen Lazard,WR,26.6,157.4,WR58,260,17301,2022-07-29
2022,David Bell,WR,21.6,159.7,WR60,246,23108,2022-07-29
2022,Ronald Jones II,RB,25,160.1,RB49,244,17243,2022-07-29
2022,David Njoku,TE,26.1,158.7,TE19,252,16399,2022-07-29
2022,Tyler Allgeier,RB,22.3,159.1,RB48,250,24172,2022-07-29
2022,Jalen Tolbert,WR,23.4,157.6,WR59,259,23770,2022-07-29
2022,Kenneth Gainwell,RB,23.4,164.8,RB50,218,23310,2022-07-29
2022,Tom Brady,QB,45,89.1,QB21,1294,9603,2022-07-29
2022,Alec Pierce,WR,22.2,168.0,WR62,203,23791,2022-07-29
2022,Jakobi Meyers,WR,25.7,167.4,WR61,205,18598,2022-07-29
2022,Cordarrelle Patterson,RB,31.4,168.8,RB51,199,11613,2022-07-29
2022,Kenny Golladay,WR,28.7,172.4,WR63,183,16488,2022-07-29
2022,Wan'Dale Robinson,WR,21.6,175.1,WR64,171,22985,2022-07-29
2022,Odell Beckham Jr.,WR,29.3,179.5,WR66,155,12127,2022-07-29
2022,Kenny Pickett,QB,24.1,92.4,QB22,1197,22722,2022-07-29
2022,Nyheim Hines,RB,25.7,178.5,RB53,158,17297,2022-07-29
2022,DJ Chark Jr.,WR,25.8,177.2,WR65,163,17292,2022-07-29
2022,Tyrion Davis-Price,RB,21.8,176.1,RB52,167,22992,2022-07-29
2022,Evan Engram,TE,27.9,183.1,TE20,142,16411,2022-07-29
2022,Gus Edwards,RB,27.3,186.0,RB54,133,17687,2022-07-29
2022,Davis Mills,QB,23.8,102.8,QB23,938,22799,2022-07-29
2022,John Metchie III,WR,22,189.2,WR67,123,22895,2022-07-29
2022,Jameis Winston,QB,28.6,108.3,QB25,824,13891,2022-07-29
2022,J.D. McKissic,RB,28.8,192.0,RB55,115,16230,2022-07-29
2022,Corey Davis,WR,27.5,190.2,WR68,120,16385,2022-07-29
2022,Gerald Everett,TE,28.1,191.3,TE21,117,16459,2022-07-29
2022,Ryan Tannehill,QB,34,106.1,QB24,868,11174,2022-07-29
2022,Jarvis Landry,WR,29.7,192.4,WR70,114,12128,2022-07-29
2022,Tim Patrick,WR,28.7,192.3,WR69,114,16556,2022-07-29
2022,Marquez Valdes-Scantling,WR,27.8,194.0,WR71,110,17528,2022-07-29
2022,Sony Michel,RB,27.4,199.8,RB56,96,17309,2022-07-29
2022,Laviska Shenault Jr.,WR,23.8,195.1,WR73,107,19221,2022-07-29
2022,Tyler Higbee,TE,29.6,198.4,TE24,99,15623,2022-07-29
2022,Robert Tonyan,TE,28.2,195.6,TE22,106,16502,2022-07-29
2022,Van Jefferson,WR,26,196.8,WR74,103,19483,2022-07-29
2022,Nico Collins,WR,23.4,194.4,WR72,109,20130,2022-07-29
2022,Brevin Jordan,TE,22,197.8,TE23,101,20162,2022-07-29
2022,Jamaal Williams,RB,27.3,200.4,RB58,95,16424,2022-07-29
2022,D'Ernest Johnson,RB,26.4,203.3,RB60,88,19111,2022-07-29
2022,Hassan Haskins,RB,22.7,203.6,RB61,88,23798,2022-07-29
2022,Matt Ryan,QB,37.2,119.7,QB26,630,9444,2022-07-29
2022,Chuba Hubbard,RB,23.1,202.2,RB59,91,19792,2022-07-29
2022,Joshua Palmer,WR,22.9,201.3,WR75,93,22845,2022-07-29
2022,D'Onta Foreman,RB,26.3,203.7,RB62,88,16407,2022-07-29
2022,Pierre Strong Jr.,RB,23.6,200.0,RB57,96,24173,2022-07-29
2022,Logan Thomas,TE,31.1,209.5,TE27,76,12095,2022-07-29
2022,Darrel Williams,RB,27.3,206.8,RB63,81,17514,2022-07-29
2022,Curtis Samuel,WR,26,203.0,WR76,89,16434,2022-07-29
2022,Terrace Marshall Jr.,WR,22.1,204.2,WR77,87,23242,2022-07-29
2022,Greg Dulcich,TE,22.3,203.4,TE25,88,23153,2022-07-29
2022,DeVante Parker,WR,29.5,205.2,WR78,85,13897,2022-07-29
2022,Jelani Woods,TE,23.8,207.6,TE26,80,23829,2022-07-29
2022,Trey Sermon,RB,23.5,208.6,RB64,78,19425,2022-07-29
2022,K.J. Osborn,WR,25.1,209.9,WR79,76,19708,2022-07-29
2022,Mecole Hardman,WR,24.4,213.3,WR80,70,18587,2022-07-29
2022,William Fuller V,WR,28.3,215.4,WR84,67,15629,2022-07-29
2022,Daniel Jones,QB,25.2,126.7,QB27,535,18232,2022-07-29
2022,Donovan Peoples-Jones,WR,23.4,215.2,WR82,67,19298,2022-07-29
2022,Raheem Mostert,RB,30.3,221.4,RB66,58,14338,2022-07-29
2022,Khalil Shakir,WR,22.5,215.3,WR83,67,23748,2022-07-29
2022,Kendrick Bourne,WR,27,214.4,WR81,68,17066,2022-07-29
2022,Baker Mayfield,QB,27.3,127.0,QB28,531,17237,2022-07-29
2022,Marlon Mack,RB,26.4,219.0,RB65,61,16444,2022-07-29
2022,Austin Hooper,TE,27.7,217.1,TE28,64,15581,2022-07-29
2022,Tyquan Thornton,WR,21.9,219.5,WR86,60,22913,2022-07-29
2022,Carson Wentz,QB,29.6,133.5,QB30,456,15520,2022-07-29
2022,Adam Trautman,TE,25.5,227.2,TE29,50,19423,2022-07-29
2022,KJ Hamler,WR,23.1,226.6,WR87,51,19267,2022-07-29
2022,Kenyan Drake,RB,28.5,229.4,RB69,48,15637,2022-07-29
2022,Malik Willis,QB,23.2,130.8,QB29,486,23499,2022-07-29
2022,Chris Evans,RB,24.8,223.9,RB67,54,22797,2022-07-29
2022,Kyren Williams,RB,21.9,228.5,RB68,49,23059,2022-07-29
2022,Julio Jones,WR,33.5,228.9,WR88,48,9867,2022-07-29
2022,Desmond Ridder,QB,22.9,139.4,QB32,397,20080,2022-07-29
2022,Romeo Doubs,WR,22.3,236.4,WR90,41,23794,2022-07-29
2022,Bryan Edwards,WR,23.7,237.3,WR93,40,18634,2022-07-29
2022,Robbie Anderson,WR,29.2,235.0,WR89,42,15688,2022-07-29
2022,Tyler Badie,RB,22.5,236.5,RB71,41,23812,2022-07-29
2022,Parris Campbell,WR,25,236.5,WR91,41,18463,2022-07-29
2022,Jonnu Smith,TE,26.9,238.4,TE30,39,16460,2022-07-29
2022,Keaontay Ingram,RB,22.8,232.8,RB70,44,23162,2022-07-29
2022,Jamison Crowder,WR,29.1,237.2,WR92,40,13976,2022-07-29
2022,Calvin Austin III,WR,23.3,241.2,WR95,36,23739,2022-07-29
2022,Jared Goff,QB,27.8,138.7,QB31,403,15501,2022-07-29
2022,Marvin Jones Jr.,WR,32.4,243.1,WR96,35,11215,2022-07-29
2022,Ke'Shawn Vaughn,RB,25.2,245.9,RB73,32,19351,2022-07-29
2022,Marquez Callaway,WR,24.3,240.6,WR94,37,19505,2022-07-29
2022,Velus Jones Jr.,WR,25.2,244.3,WR97,34,24214,2022-07-29
2022,Jerome Ford,RB,22.9,243.4,RB72,34,22921,2022-07-29
2022,Hayden Hurst,TE,28.9,243.7,TE31,34,17283,2022-07-29
2022,Cedrick Wilson Jr.,WR,26.7,248.4,WR99,31,17262,2022-07-29
2022,Sterling Shepard,WR,29.5,247.7,WR98,31,15569,2022-07-29
2022,Myles Gaskin,RB,25.4,246.8,RB74,32,17251,2022-07-29
2022,Jeremy Ruckert,TE,22,249.4,TE32,30,23742,2022-07-29
2022,Dyami Brown,WR,22.7,250.2,WR100,29,20113,2022-07-29
2022,Harrison Bryant,TE,24.3,250.2,TE34,29,19389,2022-07-29
2022,Eno Benjamin,RB,23.3,248.7,RB75,30,19361,2022-07-29
2022,Kevin Harris,RB,21.7,253.8,RB76,27,23117,2022-07-29
2022,Daniel Bellinger,TE,21.8,249.5,TE33,30,24238,2022-07-29
2022,Amari Rodgers,WR,22.8,258.0,WR101,24,20132,2022-07-29
2022,Zack Moss,RB,24.6,259.5,RB78,24,19263,2022-07-29
2022,Jeff Wilson Jr.,RB,26.7,259.3,RB77,24,18026,2022-07-29
2022,Danny Gray,WR,23.3,263.5,WR103,21,24178,2022-07-29
2022,Cade Otton,TE,23.3,259.8,TE35,23,23181,2022-07-29
2022,Boston Scott,RB,27.3,267.2,RB82,20,17612,2022-07-29
2022,Kylin Hill,RB,23.9,261.9,RB79,22,19323,2022-07-29
2022,Jaret Patterson,RB,22.6,262.8,RB80,22,20155,2022-07-29
2022,Braxton Berrios,WR,26.8,265.0,WR104,21,17289,2022-07-29
2022,Samaje Perine,RB,26.9,270.7,RB84,18,16423,2022-07-29
2022,Chris Carson,RB,27.9,278.6,RB90,15,16754,2022-07-29
2022,Craig Reynolds,RB,NA,263.4,RB81,22,19074,2022-07-29
2022,Ty Chandler,RB,24.2,275.0,RB88,16,19471,2022-07-29
2022,Anthony Schwartz,WR,21.9,263.2,WR102,22,20125,2022-07-29
2022,Tommy Tremble,TE,22.2,264.4,TE37,21,22795,2022-07-29
2022,C.J. Uzomah,TE,29.5,266.3,TE38,20,14084,2022-07-29
2022,Mo Alie-Cox,TE,28.9,270.2,TE39,18,16579,2022-07-29
2022,Justyn Ross,WR,22.6,271.0,WR107,18,19798,2022-07-29
2022,James Washington,WR,26.3,271.7,WR108,18,17254,2022-07-29
2022,Tyler Conklin,TE,27,271.9,TE40,18,17598,2022-07-29
2022,Matt Corral,QB,23.5,161.0,QB33,239,23028,2022-07-29
2022,Sammy Watkins,WR,29.1,274.4,WR112,17,12118,2022-07-29
2022,Isiah Pacheco,RB,23.4,276.0,RB89,16,24333,2022-07-29
2022,Dan Arnold,TE,27.4,276.4,TE42,16,17143,2022-07-29
2022,Snoop Conner,RB,22.6,272.9,RB87,17,23027,2022-07-29
2022,Zay Jones,WR,27.3,275.7,WR117,16,16431,2022-07-29
2022,Cameron Brate,TE,31.1,276.2,TE41,16,13470,2022-07-29
2022,Jimmy Garoppolo,QB,30.7,162.9,QB34,228,12208,2022-07-29
2022,Damien Williams,RB,30.3,281.7,RB93,14,12334,2022-07-29
2022,Quintez Cephus,WR,24.3,281.4,WR132,14,19396,2022-07-29
2022,Darius Slayton,WR,25.5,277.0,WR118,16,18706,2022-07-29
2022,Quez Watkins,WR,24.1,275.5,WR115,16,19715,2022-07-29
2022,Mark Ingram II,RB,32.6,282.0,RB94,14,9872,2022-07-29
2022,Antoine Wesley,WR,NA,291.5,WR157,11,18605,2022-07-29
2022,Kyle Philips,WR,NA,268.3,WR105,19,23896,2022-07-29
2022,Dee Eskridge,WR,25.3,282.8,WR138,14,22785,2022-07-29
2022,Jermar Jefferson,RB,22.3,280.4,RB92,14,20088,2022-07-29
2022,Devin Duvernay,WR,24.9,278.1,WR120,15,19270,2022-07-29
2022,Jalen Reagor,WR,23.6,280.4,WR125,14,19219,2022-07-29
2022,Isaiah McKenzie,WR,27.3,281.0,WR128,14,16604,2022-07-29
2022,Byron Pringle,WR,28.7,282.8,WR139,14,17739,2022-07-29
2022,Jerick McKinnon,RB,30.2,279.4,RB91,15,12209,2022-07-29
2022,O.J. Howard,TE,27.7,281.9,TE44,14,16380,2022-07-29
2022,James Proche II,WR,25.9,282.6,WR136,14,19359,2022-07-29
2022,Kene Nwangwu,RB,24.5,283.6,RB95,13,23249,2022-07-29
2022,James White,RB,30.5,286.9,RB97,12,12195,2022-07-29
2022,Seth Williams,WR,NA,300.3,WR173,9,20118,2022-07-29
2022,Travis Fulgham,WR,NA,280.5,WR126,14,18470,2022-07-29
2022,Marcus Mariota,QB,28.7,164.6,QB35,219,13890,2022-07-29
2022,Bo Melton,WR,NA,286.6,WR144,12,24049,2022-07-29
2022,Jalen Wydermyer,TE,21.6,290.0,TE47,12,23145,2022-07-29
2022,Mitch Trubisky,QB,27.9,165.6,QB36,214,16381,2022-07-29
2022,A.J. Green,WR,34,290.2,WR153,11,9857,2022-07-29
2022,Dontario Drummond,WR,NA,281.3,WR131,14,23809,2022-07-29
2022,Jordan Akins,TE,NA,297.3,TE52,10,17415,2022-07-29
2022,Laquon Treadwell,WR,27.1,327.2,WR213,5,15495,2022-07-29
2022,Isaiah Likely,TE,22.3,279.3,TE43,15,23781,2022-07-29
2022,Tre'Quan Smith,WR,26.6,287.2,WR146,12,17261,2022-07-29
2022,Tylan Wallace,WR,23.2,292.4,WR159,11,19801,2022-07-29
2022,Charlie Kolar,TE,23.5,293.7,TE50,11,22756,2022-07-29
2022,T.Y. Hilton,WR,32.7,339.7,WR227,4,11206,2022-07-29
2022,Antonio Brown,WR,33.6,280.1,WR124,15,9808,2022-07-29
2022,Randall Cobb,WR,31.9,328.9,WR217,5,9902,2022-07-29
2022,Erik Ezukanma,WR,22.5,337.9,WR225,4,23755,2022-07-29
2022,Foster Moreau,TE,25.2,288.5,TE46,12,18397,2022-07-29
2022,Dontrell Hilliard,RB,27.4,295.6,RB102,10,18037,2022-07-29
2022,Jalen Guyton,WR,25.1,288.6,WR149,12,18941,2022-07-29
2022,Derrick Gore,RB,NA,286.7,RB96,12,19113,2022-07-29
2022,Hunter Long,TE,23.9,294.4,TE51,10,22783,2022-07-29
2022,Mike Davis,RB,29.4,298.8,RB104,9,13943,2022-07-29
2022,Josh Reynolds,WR,27.4,299.6,WR170,9,16439,2022-07-29
2022,Jaelon Darden,WR,23.5,329.8,WR219,5,22796,2022-07-29
2022,Jashaun Corbin,RB,NA,272.3,RB86,17,22948,2022-07-29
2022,Miles Boykin,WR,25.8,303.2,WR176,8,18636,2022-07-29
2022,Donald Parham Jr.,TE,25,290.6,TE48,11,18835,2022-07-29
2022,Jauan Jennings,WR,25.1,288.0,WR147,12,19590,2022-07-29
2022,Rob Gronkowski,TE,32.8,284.0,TE45,13,9721,2022-07-29
2022,Justin Jackson,RB,27.3,298.9,RB105,9,17300,2022-07-29
2022,Breshad Perriman,WR,NA,329.3,WR218,5,13975,2022-07-29
2022,Steven Sims Jr.,WR,NA,311.0,WR188,7,18962,2022-07-29
2022,Tyler Johnson,WR,23.9,293.6,WR162,11,18633,2022-07-29
2022,Rex Burkhead,RB,32.1,301.4,RB108,9,11655,2022-07-29
2022,Samori Toure,WR,NA,331.8,WR220,4,23883,2022-07-29
2022,Jalen Nailor,WR,NA,342.2,WR229,3,24177,2022-07-29
2022,Scotty Miller,WR,25,336.3,WR224,4,18714,2022-07-29
2022,Preston Williams,WR,25.3,340.3,WR228,4,18612,2022-07-29
2022,Alex Collins,RB,27.5,305.3,RB110,8,15546,2022-07-29
2022,Keelan Cole Sr.,WR,29.3,272.0,WR109,18,16864,2022-07-29
2022,Denzel Mims,WR,24.8,309.2,WR183,7,19344,2022-07-29
2022,Tyrell Williams,WR,NA,332.5,WR221,4,14324,2022-07-29
2022,Phillip Lindsay,RB,28,307.8,RB115,8,17498,2022-07-29
2022,Abram Smith,RB,23.9,298.9,RB106,9,23796,2022-07-29
2022,Deonte Harty,WR,24.6,313.2,WR192,7,18876,2022-07-29
2022,Tutu Atwell,WR,22.8,310.7,WR186,7,20126,2022-07-29
2022,Benny Snell Jr.,RB,24.4,305.8,RB111,8,18609,2022-07-29
2022,Damiere Byrd,WR,NA,273.5,WR110,17,14222,2022-07-29
2022,Kevin Austin Jr.,WR,22.3,273.9,WR111,17,23049,2022-07-29
2022,Nelson Agholor,WR,29.2,306.2,WR179,8,13969,2022-07-29
2022,N'Keal Harry,WR,24.6,310.8,WR187,7,18222,2022-07-29
2022,Jamal Agnew,WR,27.3,275.4,WR114,16,16666,2022-07-29
2022,Brandon Zylstra,WR,NA,275.5,WR116,16,17232,2022-07-29
2022,Tony Jones Jr.,RB,24.7,310.0,RB117,7,19482,2022-07-29
2022,Julius Chestnut,RB,NA,323.5,RB138,5,24689,2022-07-29
2022,Ihmir Smith-Marsette,WR,22.9,305.8,WR178,8,20116,2022-07-29
2022,Olamide Zaccheaus,WR,25,313.5,WR194,7,18864,2022-07-29
2022,J.J. Arcega-Whiteside,WR,NA,299.0,WR168,9,18235,2022-07-29
2022,Tyler Goodson,RB,NA,297.2,RB103,10,22976,2022-07-29
2022,Darrynton Evans,RB,24.1,306.9,RB113,8,19418,2022-07-29
2022,Tarik Cohen,RB,26.6,307.7,RB114,8,16450,2022-07-29
2022,Nick Westbrook-Ikhine,WR,25.4,309.5,WR185,7,19747,2022-07-29
2022,Anthony Miller,WR,NA,328.8,WR216,5,17255,2022-07-29
2022,Mike Strachan,WR,25,278.3,WR121,15,23395,2022-07-29
2022,Latavius Murray,RB,32.1,290.7,RB99,11,11821,2022-07-29
2022,Trestan Ebner,RB,NA,312.5,RB118,7,24047,2022-07-29
2022,Chester Rogers,WR,NA,279.2,WR122,15,16038,2022-07-29
2022,Equanimeous St. Brown,WR,25.8,279.5,WR123,15,17307,2022-07-29
2022,Kylen Granson,TE,24.3,306.9,TE57,8,22841,2022-07-29
2022,Wayne Gallman Jr.,RB,27.4,318.8,RB129,6,16422,2022-07-29
2022,Andy Isabella,WR,25.7,322.5,WR203,5,18409,2022-07-29
2022,Freddie Swain,WR,NA,280.6,WR127,14,19729,2022-07-29
2022,Duke Johnson Jr.,RB,28.8,320.7,RB132,6,13939,2022-07-29
2022,Godwin Igwebuike,RB,NA,293.0,RB101,11,17352,2022-07-29
2022,Mack Hollins,WR,NA,281.0,WR129,14,16489,2022-07-29
2022,Josiah Deguara,TE,NA,306.3,TE56,8,19456,2022-07-29
2022,Gary Brightwell,RB,NA,304.5,RB109,8,23293,2022-07-29
2022,D'Vonte Price,RB,NA,316.8,RB126,6,23874,2022-07-29
2022,Will Dissly,TE,26.1,331.4,TE92,4,18049,2022-07-29
2022,Cam Sims,WR,NA,282.0,WR133,14,18016,2022-07-29
2022,Jeff Smith,WR,NA,282.0,WR134,14,18791,2022-07-29
2022,Sincere McCormick,RB,21.9,333.9,RB150,4,23172,2022-07-29
2022,Tyree Jackson,TE,25.5,336.3,TE96,4,18591,2022-07-29
2022,David Johnson,RB,30.2,292.3,RB100,11,13948,2022-07-29
2022,Jordan Love,QB,23.7,194.4,QB38,109,19246,2022-07-29
2022,Ben Skowronek,WR,NA,282.5,WR135,14,22843,2022-07-29
2022,Michael Woods II,WR,NA,282.7,WR137,14,23893,2022-07-29
2022,Demarcus Robinson,WR,27.9,282.9,WR140,14,15665,2022-07-29
2022,ZaQuandre White,RB,NA,330.0,RB146,5,24669,2022-07-29
2022,Jake Ferguson,TE,23.5,317.7,TE74,6,22718,2022-07-29
2022,Mohamed Sanu Sr.,WR,NA,317.0,WR197,6,11200,2022-07-29
2022,Demetric Felton Jr.,RB,24,327.4,RB142,5,20105,2022-07-29
2022,Keke Coutee,WR,NA,284.1,WR141,13,17490,2022-07-29
2022,Chris Conley,WR,29.8,333.0,WR223,4,14151,2022-07-29
2022,Albert Wilson,WR,NA,284.2,WR142,13,12338,2022-07-29
2022,Anthony Firkser,TE,27.4,338.0,TE100,4,16787,2022-07-29
2022,Zonovan Knight,RB,21.3,345.8,RB172,3,24901,2022-07-29
2022,Ty Johnson,RB,24.9,314.2,RB121,7,18406,2022-07-29
2022,Noah Gray,TE,23.2,317.2,TE73,6,19539,2022-07-29
2022,Dez Fitzpatrick,WR,24.6,332.8,WR222,4,20112,2022-07-29
2022,Jacob Harris,TE,25.3,331.6,TE93,4,23251,2022-07-29
2022,Tevin Coleman,RB,29.3,340.4,RB164,4,13926,2022-07-29
2022,Salvon Ahmed,RB,23.6,322.3,RB136,5,19449,2022-07-29
2022,Dazz Newsome,WR,NA,327.0,WR212,5,20122,2022-07-29
2022,Zach Pascal,WR,27.6,325.3,WR209,5,16972,2022-07-29
2022,Makai Polk,WR,NA,300.0,WR171,9,23032,2022-07-29
2022,Sam Darnold,QB,25.1,207.1,QB39,81,17236,2022-07-29
2022,Kalif Raymond,WR,28,286.1,WR143,13,16081,2022-07-29
2022,Ricky Seals-Jones,TE,27.4,316.8,TE69,6,16730,2022-07-29
2022,Braylon Sanders,WR,NA,291.0,WR154,11,24228,2022-07-29
2022,DeSean Jackson,WR,NA,311.0,WR189,7,9186,2022-07-29
2022,Grant Calcaterra,TE,NA,315.6,TE66,6,24180,2022-07-29
2022,Adam Humphries,WR,28.7,277.0,WR119,16,14498,2022-07-29
2022,Ashton Dulin,WR,25.2,328.4,WR214,5,18656,2022-07-29
2022,JaMycal Hasty,RB,25.9,317.6,RB128,6,19627,2022-07-29
2022,Jordan Howard,RB,27.3,321.3,RB134,6,15585,2022-07-29
2022,Juwan Johnson,TE,25.9,336.6,TE97,4,19562,2022-07-29
2022,Larry Rountree III,RB,24.5,316.8,RB127,6,19537,2022-07-29
2022,Geno Smith,QB,31.8,226.9,QB42,51,11687,2022-07-29
2022,Kelvin Harmon,WR,25.6,288.0,WR148,12,18228,2022-07-29
2022,Cole Turner,TE,NA,330.4,TE90,4,23727,2022-07-29
2022,Mike Boone,RB,NA,338.2,RB159,4,17813,2022-07-29
2022,Tyler Huntley,QB,24.5,227.1,QB43,51,19297,2022-07-29
2022,James O'Shaughnessy,TE,NA,330.0,TE89,5,14146,2022-07-29
2022,DeeJay Dallas,RB,23.9,315.3,RB122,6,19521,2022-07-29
2022,Kennedy Brooks,RB,23.8,313.7,RB120,7,20161,2022-07-29
2022,Teddy Bridgewater,QB,29.8,241.1,QB46,36,12088,2022-07-29
2022,Cyril Grayson Jr.,WR,NA,289.2,WR150,12,17096,2022-07-29
2022,Phillip Dorsett II,WR,NA,289.2,WR151,12,13979,2022-07-29
2022,Jerrion Ealy,RB,21.9,339.8,RB163,4,23029,2022-07-29
2022,Zach Gentry,TE,NA,307.5,TE58,8,18690,2022-07-29
2022,Kyle Rudolph,TE,NA,319.6,TE77,6,9906,2022-07-29
2022,Gardner Minshew II,QB,26.2,248.8,QB48,30,18562,2022-07-29
2022,Cole Beasley,WR,33.3,315.6,WR195,6,11459,2022-07-29
2022,Ian Thomas,TE,26.1,308.0,TE59,8,17387,2022-07-29
2022,Ray-Ray McCloud,WR,NA,289.9,WR152,12,17530,2022-07-29
2022,Matt Breida,RB,27.4,333.6,RB149,4,17058,2022-07-29
2022,Anthony McFarland Jr.,RB,23.4,334.1,RB152,4,19366,2022-07-29
2022,Chigoziem Okonkwo,TE,NA,292.2,TE49,11,23982,2022-07-29
2022,Maxx Williams,TE,NA,336.0,TE95,4,13919,2022-07-29
2022,Simi Fehoko,WR,NA,328.4,WR215,5,23196,2022-07-29
2022,James Mitchell,TE,NA,337.5,TE99,4,23174,2022-07-29
2022,Jacoby Brissett,QB,29.6,227.1,QB44,51,15642,2022-07-29
2022,Marquez Stevenson,WR,NA,291.3,WR155,11,20133,2022-07-29
2022,Blake Jarwin,TE,28,309.4,TE60,7,16638,2022-07-29
2022,John Ross,WR,NA,291.4,WR156,11,16388,2022-07-29
2022,Joshua Kelley,RB,24.7,322.0,RB135,5,19445,2022-07-29
2022,Tre' McKitty,TE,23.5,319.6,TE78,6,22807,2022-07-29
2022,Devonta Freeman,RB,29.9,323.1,RB137,5,12108,2022-07-29
2022,Auden Tate,WR,25.5,322.1,WR202,5,17306,2022-07-29
2022,Zonovan Knight,RB,NA,324.3,RB139,5,23038,2022-07-29
2022,Jakeem Grant Sr.,WR,NA,292.2,WR158,11,15680,2022-07-29
2022,Eric Ebron,TE,28.9,310.4,TE61,7,12143,2022-07-29
2022,Collin Johnson,WR,24.8,292.4,WR160,11,18289,2022-07-29
2022,Tyler Kroft,TE,NA,310.5,TE62,7,13960,2022-07-29
2022,Ty'Son Williams,RB,25.9,341.2,RB166,3,19636,2022-07-29
2022,Dare Ogunbowale,RB,28.2,315.9,RB123,6,16879,2022-07-29
2022,Kendall Blanton,TE,NA,311.0,TE63,7,18431,2022-07-29
2022,Giovani Bernard,RB,30.7,315.9,RB124,6,11644,2022-07-29
2022,Rashard Higgins,WR,27.8,326.4,WR211,5,15586,2022-07-29
2022,Kyle Juszczyk,RB,NA,316.5,RB125,6,11798,2022-07-29
2022,La'Mical Perine,RB,24.5,334.4,RB155,4,19333,2022-07-29
2022,Chris Moore,WR,NA,293.5,WR161,11,15654,2022-07-29
2022,Devontae Booker,RB,29.7,307.9,RB116,8,15555,2022-07-29
2022,Shi Smith,WR,23.8,293.9,WR163,11,20127,2022-07-29
2022,Noah Grey,TE,NA,328.0,TE86,5,23534,2022-07-29
2022,Emmanuel Sanders,WR,35.4,323.0,WR204,5,9707,2022-07-29
2022,Lynn Bowden Jr.,WR,24.8,348.5,WR234,3,19587,2022-07-29
2022,Taysom Hill,QB,31.9,235.9,QB45,41,17115,2022-07-29
2022,Durham Smythe,TE,NA,313.0,TE64,7,17508,2022-07-29
2022,Taylor Heinicke,QB,29.4,302.8,QB52,9,13932,2022-07-29
2022,Greg Ward,WR,NA,322.0,WR199,5,17130,2022-07-29
2022,Jaylen Warren,RB,NA,326.8,RB141,5,24209,2022-07-29
2022,Drew Lock,QB,25.7,186.9,QB37,130,18225,2022-07-29
2022,John Bates,TE,24.7,323.3,TE83,5,22833,2022-07-29
2022,Jeremy McNichols,RB,26.6,318.8,RB130,6,16445,2022-07-29
2022,Kellen Mond,QB,23.1,285.2,QB51,13,19383,2022-07-29
2022,Andy Dalton,QB,NA,248.3,QB47,31,9907,2022-07-29
2022,Tyrod Taylor,QB,33,283.3,QB50,13,10007,2022-07-29
2022,Marquise Goodwin,WR,NA,296.5,WR165,10,11599,2022-07-29
2022,Max Borghi,RB,NA,319.8,RB131,6,20099,2022-07-29
2022,Sam Howell,QB,21.9,226.6,QB41,51,23045,2022-07-29
2022,Chris Herndon IV,TE,26,331.0,TE91,4,17536,2022-07-29
2022,Kyle Trask,QB,24.4,330.2,QB53,4,19800,2022-07-29
2022,Bailey Zappe,QB,23.3,346.3,QB54,3,24027,2022-07-29
2022,Brycen Hopkins,TE,25.3,315.4,TE65,6,19234,2022-07-29
2022,Royce Freeman,RB,NA,343.3,RB170,3,17245,2022-07-29
2022,Mataeo Durant,RB,NA,338.0,RB158,4,23899,2022-07-29
2022,Jared Cook,TE,34.9,305.1,TE55,8,9265,2022-07-29
2022,Brandon Bolden,RB,NA,334.3,RB153,4,11410,2022-07-29
2022,Lil'Jordan Humphrey,WR,24.3,297.8,WR166,10,18590,2022-07-29
2022,Nick Vannett,TE,NA,316.0,TE67,6,15645,2022-07-29
2022,Travis Homer,RB,24,321.1,RB133,6,18616,2022-07-29
2022,Colby Parkinson,TE,NA,316.2,TE68,6,19372,2022-07-29
2022,Montrell Washington,WR,NA,269.0,WR106,19,24554,2022-07-29
2022,Charleston Rambo,WR,NA,339.0,WR226,4,19457,2022-07-29
2022,Drew Sample,TE,26.3,337.2,TE98,4,18561,2022-07-29
2022,Tyron Johnson,WR,NA,298.7,WR167,9,18804,2022-07-29
2022,Adam Shaheen,TE,NA,316.8,TE70,6,16457,2022-07-29
2022,Geoff Swaim,TE,NA,316.9,TE71,6,14164,2022-07-29
2022,Cam Newton,QB,32.8,209.0,QB40,77,9869,2022-07-29
2022,Sam Ehlinger,QB,23.8,348.1,QB55,3,19803,2022-07-29
2022,Rico Dowdle,RB,NA,338.8,RB160,4,19647,2022-07-29
2022,Dante Pettis,WR,NA,299.2,WR169,9,17264,2022-07-29
2022,Kahale Warring,TE,NA,319.0,TE76,6,18680,2022-07-29
2022,Jacob Hollister,TE,28.7,318.0,TE75,6,16527,2022-07-29
2022,Carson Strong,QB,22.9,349.2,QB56,3,23042,2022-07-29
2022,Dezmon Patmon,WR,NA,300.2,WR172,9,19736,2022-07-29
2022,Cornell Powell,WR,NA,300.4,WR174,9,22811,2022-07-29
2022,Case Keenum,QB,NA,257.7,QB49,25,11425,2022-07-29
2022,Mason Rudolph,QB,27,350.3,QB57,3,17234,2022-07-29
2022,Trevor Siemian,QB,NA,350.4,QB58,3,14142,2022-07-29
2022,Jimmy Graham,TE,NA,300.0,TE53,9,9712,2022-07-29
2022,Skylar Thompson,QB,NA,351.1,QB59,3,24170,2022-07-29
2022,Josh Oliver,TE,25.4,320.2,TE79,6,18487,2022-07-29
2022,Jace Sternberger,TE,NA,262.0,TE36,22,18614,2022-07-29
2022,Kenny Yeboah,TE,NA,320.3,TE80,6,22815,2022-07-29
2022,Dareke Young,WR,NA,302.8,WR175,9,24570,2022-07-29
2022,Peyton Barber,RB,NA,289.0,RB98,12,15920,2022-07-29
2022,Carlos Hyde,RB,NA,271.0,RB85,18,12105,2022-07-29
2022,Slade Bolden,WR,NA,287.0,WR145,12,23887,2022-07-29
2022,Colt McCoy,QB,NA,352.4,QB60,3,9702,2022-07-29
2022,Charlie Woerner,TE,NA,323.0,TE81,5,19665,2022-07-29
2022,Malcolm Brown,RB,NA,339.3,RB161,4,13953,2022-07-29
2022,Dalton Keene,TE,NA,317.0,TE72,6,19563,2022-07-29
2022,Joe Flacco,QB,NA,353.4,QB61,3,9300,2022-07-29
2022,Mike White,QB,27.3,353.7,QB62,3,17447,2022-07-29
2022,DaeSean Hamilton,WR,NA,322.0,WR200,5,17470,2022-07-29
2022,Nick Muse,TE,NA,323.0,TE82,5,24239,2022-07-29
2022,Kalen Ballage,RB,NA,313.3,RB119,7,17250,2022-07-29
2022,Ameer Abdullah,RB,29.1,328.2,RB143,5,13924,2022-07-29
2022,Isaiah Weston,WR,NA,305.3,WR177,8,24327,2022-07-29
2022,Qadree Ollison,RB,NA,328.6,RB144,5,18480,2022-07-29
2022,Jack Coan,QB,NA,354.7,QB63,3,20075,2022-07-29
2022,Devin Asiasi,TE,NA,324.1,TE84,5,19435,2022-07-29
2022,Javian Hawkins,RB,NA,269.0,RB83,19,22762,2022-07-29
2022,Kyle Allen,QB,NA,355.3,QB64,2,17869,2022-07-29
2022,Jacob Eason,QB,24.7,355.4,QB65,2,19220,2022-07-29
2022,Antonio Gandy-Golden,WR,NA,306.4,WR180,8,19338,2022-07-29
2022,Nick Foles,QB,NA,355.6,QB66,2,11176,2022-07-29
2022,J.J. Taylor,RB,24.6,329.8,RB145,5,19438,2022-07-29
2022,Nick Mullens,QB,NA,356.2,QB67,2,16726,2022-07-29
2022,Ryan Griffin,TE,NA,325.5,TE85,5,11830,2022-07-29
2022,Dede Westbrook,WR,NA,275.0,WR113,16,16436,2022-07-29
2022,P.J. Walker,QB,NA,357.1,QB68,2,16841,2022-07-29
2022,Dax Milne,WR,NA,308.2,WR181,8,22800,2022-07-29
2022,Gerrid Doaks,RB,NA,331.8,RB147,4,23286,2022-07-29
2022,Ian Book,QB,NA,357.9,QB69,2,20159,2022-07-29
2022,Justin Watson,WR,NA,308.8,WR182,7,17603,2022-07-29
2022,Kerryon Johnson,RB,NA,332.0,RB148,4,17247,2022-07-29
2022,David Moore,WR,27.5,309.3,WR184,7,16757,2022-07-29
2022,Marcedes Lewis,TE,NA,328.0,TE87,5,9413,2022-07-29
2022,Tyler Davis,TE,NA,328.3,TE88,5,19811,2022-07-29
2022,Ryquell Armstead,RB,NA,334.0,RB151,4,18521,2022-07-29
2022,Adrian Peterson,RB,NA,334.3,RB154,4,9006,2022-07-29
2022,Frank Darby,WR,NA,345.7,WR230,3,22882,2022-07-29
2022,Justice Hill,RB,24.7,335.9,RB156,4,18256,2022-07-29
2022,Jason Huntley,RB,NA,336.0,RB157,4,19655,2022-07-29
2022,Trent Sherfield,WR,26.4,313.0,WR190,7,17888,2022-07-29
2022,Tanner Conner,WR,NA,313.3,WR193,7,24216,2022-07-29
2022,Derrick Deese Jr.,TE,NA,332.2,TE94,4,23971,2022-07-29
2022,Bryant Koback,RB,NA,339.5,RB162,4,24211,2022-07-29
2022,Kenny Stills,WR,NA,296.0,WR164,10,11611,2022-07-29
2022,Danny Amendola,WR,NA,316.5,WR196,6,9146,2022-07-29
2022,Trayveon Williams,RB,24.8,300.4,RB107,9,18607,2022-07-29
2022,Le'Veon Bell,RB,NA,340.6,RB165,4,11645,2022-07-29
2022,John Hightower,WR,NA,313.0,WR191,7,19329,2022-07-29
2022,Darwin Thompson,RB,NA,342.0,RB167,3,18620,2022-07-29
2022,Jordan Wilkins,RB,28,342.3,RB168,3,17497,2022-07-29
2022,Devine Ozigbo,RB,NA,343.0,RB169,3,18630,2022-07-29
2022,Jaquarii Roberson,WR,NA,320.3,WR198,6,23818,2022-07-29
2022,Ross Dwelley,TE,NA,339.0,TE101,4,17886,2022-07-29
2022,Deon Jackson,RB,NA,344.5,RB171,3,20097,2022-07-29
2022,John Brown,WR,NA,217.0,WR85,64,12231,2022-07-29
2022,Jake Kumerow,WR,NA,322.0,WR201,5,14083,2022-07-29
2022,Jeremy Sprinkle,TE,NA,340.5,TE102,4,16461,2022-07-29
2022,Leddie Brown,RB,NA,346.0,RB173,3,23953,2022-07-29
2022,KeeSean Johnson,WR,NA,323.0,WR205,5,18618,2022-07-29
2022,Jaivon Heiligh,WR,NA,323.8,WR206,5,22935,2022-07-29
2022,Chris Thompson,RB,NA,347.0,RB174,3,11651,2022-07-29
2022,Cade Johnson,WR,NA,324.3,WR207,5,22808,2022-07-29
2022,Mike Thomas,WR,NA,325.0,WR208,5,15914,2022-07-29
2022,Pooka Williams Jr.,RB,NA,348.5,RB175,3,20090,2022-07-29
2022,Bisi Johnson,WR,25.4,325.5,WR210,5,18713,2022-07-29
2022,Brian Hill,RB,NA,306.0,RB112,8,16448,2022-07-29
2022,Ito Smith,RB,NA,349.8,RB176,3,17249,2022-07-29
2022,Jalen Richard,RB,NA,326.0,RB140,5,16120,2022-07-29
2022,Jake Funk,RB,24.5,350.2,RB177,3,23190,2022-07-29
2022,Hunter Bryant,TE,23.9,345.5,TE103,3,19242,2022-07-29
2022,Jaylen Samuels,RB,NA,352.5,RB178,3,17271,2022-07-29
2022,Patrick Laird,RB,NA,354.5,RB179,3,18332,2022-07-29
2022,Shane Zylstra,TE,NA,349.5,TE104,3,23461,2022-07-29
2022,Sammis Reyes,TE,NA,303.0,TE54,8,23212,2022-07-29
2022,Reggie Bonnafon,RB,NA,356.5,RB180,2,17867,2022-07-29
2022,Troy Fumagalli,TE,NA,351.5,TE105,3,17273,2022-07-29
2022,Richie James Jr.,WR,NA,346.5,WR231,3,17303,2022-07-29
2022,Reggie Roberson Jr.,WR,NA,346.5,WR232,3,20124,2022-07-29
2022,Vyncint Smith,WR,NA,348.0,WR233,3,17714,2022-07-29
2022,Robert Foster,WR,NA,349.5,WR235,3,17458,2022-07-29
2022,Jalen Camp,WR,NA,281.0,WR130,14,23296,2022-07-29
2022,Isaiah Coulter,WR,NA,353.5,WR236,3,19771,2022-07-29
2022,Joe Reed,WR,24.6,362.0,WR237,2,19468,2022-07-29
2022,Isaiah Hodgins,WR,NA,364.5,WR238,2,19375,2022-07-29
2022,Sage Surratt,WR,NA,365.5,WR239,2,20120,2022-07-29
2022,Jerreth Sterns,WR,NA,366.2,WR240,2,23844,2022-07-29
2022,Deon Cain,WR,NA,370.5,WR241,2,17263,2022-07-29
2022,Stone Smartt,TE,NA,397.0,TE106,1,24621,2022-07-29
2022,Jequez Ezzard,WR,NA,427.0,WR242,0,24232,2022-07-29
2022,Josh Imatorbhebhe,WR,NA,440.5,WR243,0,20128,2022-07-29
2023,Justin Jefferson,WR,24.1,5.1,WR1,9314,19236,2023-08-04
2023,Bijan Robinson,RB,NA,7.0,RB1,8907,23133,2023-08-04
2023,Ja'Marr Chase,WR,23.4,7.8,WR2,8741,19788,2023-08-04
2023,CeeDee Lamb,WR,24.3,12.5,WR3,7827,19202,2023-08-04
2023,Breece Hall,RB,22.2,14.0,RB2,7556,22982,2023-08-04
2023,A.J. Brown,WR,26.1,14.0,WR4,7556,18218,2023-08-04
2023,Jonathan Taylor,RB,24.5,14.6,RB3,7450,19217,2023-08-04
2023,Garrett Wilson,WR,23,16.1,WR5,7192,23072,2023-08-04
2023,Jaylen Waddle,WR,24.7,17.4,WR6,6976,19790,2023-08-04
2023,Christian McCaffrey,RB,27.2,19.0,RB4,6719,16393,2023-08-04
2023,Amon-Ra St. Brown,WR,23.8,20.9,WR7,6425,19799,2023-08-04
2023,Jahmyr Gibbs,RB,NA,23.0,RB5,6116,22968,2023-08-04
2023,Saquon Barkley,RB,26.5,25.1,RB6,5821,17240,2023-08-04
2023,Chris Olave,WR,23.1,25.1,WR8,5821,20111,2023-08-04
2023,Patrick Mahomes II,QB,27.9,1.5,QB1,10136,16413,2023-08-04
2023,Kenneth Walker III,RB,22.8,30.1,RB7,5176,23021,2023-08-04
2023,DeVonta Smith,WR,24.7,31.9,WR9,4962,19222,2023-08-04
2023,Travis Etienne Jr.,RB,24.5,31.6,RB8,4997,19231,2023-08-04
2023,Tyreek Hill,WR,29.4,32.5,WR10,4892,15802,2023-08-04
2023,Tee Higgins,WR,24.5,33.1,WR11,4824,19211,2023-08-04
2023,Kyle Pitts,TE,22.8,30.7,TE1,5103,20164,2023-08-04
2023,Mark Andrews,TE,27.9,33.0,TE2,4835,17269,2023-08-04
2023,Josh Allen,QB,27.2,2.7,QB2,9854,17298,2023-08-04
2023,Stefon Diggs,WR,29.7,36.6,WR14,4443,13981,2023-08-04
2023,Drake London,WR,22,34.7,WR13,4646,23163,2023-08-04
2023,DK Metcalf,WR,25.6,34.4,WR12,4678,18219,2023-08-04
2023,Josh Jacobs,RB,25.5,36.7,RB9,4432,18269,2023-08-04
2023,Travis Kelce,TE,33.8,38.6,TE3,4239,11594,2023-08-04
2023,Jalen Hurts,QB,25,4.1,QB3,9536,19275,2023-08-04
2023,Jaxon Smith-Njigba,WR,NA,40.2,WR16,4082,23070,2023-08-04
2023,Cooper Kupp,WR,30.1,39.5,WR15,4150,16433,2023-08-04
2023,Tony Pollard,RB,26.3,41.2,RB10,3988,18705,2023-08-04
2023,Austin Ekeler,RB,28.2,46.5,RB12,3521,16483,2023-08-04
2023,Joe Burrow,QB,26.6,6.6,QB4,8991,19196,2023-08-04
2023,Rhamondre Stevenson,RB,25.4,44.0,RB11,3734,22726,2023-08-04
2023,Najee Harris,RB,25.4,47.6,RB13,3431,19302,2023-08-04
2023,Davante Adams,WR,30.6,46.0,WR17,3562,12123,2023-08-04
2023,Nick Chubb,RB,27.6,50.0,RB14,3243,17246,2023-08-04
2023,Javonte Williams,RB,23.3,54.7,RB15,2904,22739,2023-08-04
2023,Justin Herbert,QB,25.4,9.6,QB5,8379,18635,2023-08-04
2023,DJ Moore,WR,26.3,52.2,WR19,3079,17265,2023-08-04
2023,Christian Watson,WR,24.2,51.9,WR18,3101,23886,2023-08-04
2023,Jordan Addison,WR,NA,58.4,WR21,2662,23107,2023-08-04
2023,Lamar Jackson,QB,26.6,12.4,QB6,7846,17233,2023-08-04
2023,T.J. Hockenson,TE,26.1,56.3,TE4,2796,18290,2023-08-04
2023,Jerry Jeudy,WR,24.3,57.9,WR20,2693,19201,2023-08-04
2023,Brandon Aiyuk,WR,25.4,63.7,WR25,2350,19252,2023-08-04
2023,Trevor Lawrence,QB,23.8,12.6,QB7,7809,19780,2023-08-04
2023,Deebo Samuel,WR,27.6,61.1,WR22,2498,18244,2023-08-04
2023,Jameson Williams,WR,22.4,66.0,WR27,2226,23677,2023-08-04
2023,Justin Fields,QB,24.4,15.2,QB8,7346,19781,2023-08-04
2023,Treylon Burks,WR,23.4,65.2,WR26,2269,22905,2023-08-04
2023,Michael Pittman Jr.,WR,25.8,62.8,WR24,2400,19278,2023-08-04
2023,Chris Godwin,WR,27.4,62.6,WR23,2412,16406,2023-08-04
2023,J.K. Dobbins,RB,24.6,68.2,RB16,2114,19245,2023-08-04
2023,Quentin Johnston,WR,NA,66.8,WR28,2185,23123,2023-08-04
2023,Terry McLaurin,WR,27.9,68.5,WR29,2099,18466,2023-08-04
2023,Derrick Henry,RB,29.6,71.2,RB17,1970,15514,2023-08-04
2023,Dameon Pierce,RB,23.5,74.8,RB18,1810,22947,2023-08-04
2023,Jahan Dotson,WR,23.4,73.3,WR30,1875,23101,2023-08-04
2023,D'Andre Swift,RB,24.1,78.3,RB19,1667,19210,2023-08-04
2023,Marquise Brown,WR,26.2,79.6,WR32,1617,18226,2023-08-04
2023,Miles Sanders,RB,26.3,81.6,RB20,1543,18283,2023-08-04
2023,Zay Flowers,WR,NA,78.8,WR31,1648,22916,2023-08-04
2023,George Pickens,WR,22.4,81.3,WR33,1554,22963,2023-08-04
2023,George Kittle,TE,29.8,76.6,TE5,1735,16499,2023-08-04
2023,Rachaad White,RB,24.3,84.5,RB21,1441,23891,2023-08-04
2023,Dallas Goedert,TE,28.6,81.2,TE6,1558,17270,2023-08-04
2023,Christian Kirk,WR,26.7,85.8,WR36,1398,17268,2023-08-04
2023,Diontae Johnson,WR,27.1,84.5,WR34,1441,18615,2023-08-04
2023,Calvin Ridley,WR,28.6,85.5,WR35,1408,17258,2023-08-04
2023,Zach Charbonnet,RB,NA,88.5,RB22,1312,23152,2023-08-04
2023,Amari Cooper,WR,29.1,86.6,WR37,1372,13894,2023-08-04
2023,Joe Mixon,RB,27,92.3,RB25,1200,16420,2023-08-04
2023,Cam Akers,RB,24.1,90.3,RB23,1258,19268,2023-08-04
2023,Aaron Jones,RB,28.7,90.3,RB24,1258,16673,2023-08-04
2023,Dalvin Cook,RB,27.5,96.5,RB26,1087,16374,2023-08-04
2023,Pat Freiermuth,TE,24.8,94.1,TE7,1150,20163,2023-08-04
2023,David Montgomery,RB,26.2,97.2,RB27,1069,18239,2023-08-04
2023,Dalton Kincaid,TE,NA,97.7,TE8,1057,25247,2023-08-04
2023,De'Von Achane,RB,NA,98.3,RB28,1042,23136,2023-08-04
2023,Isiah Pacheco,RB,24.4,101.7,RB29,962,24333,2023-08-04
2023,DeAndre Hopkins,WR,30.7,102.8,WR38,938,11606,2023-08-04
2023,Kyler Murray,QB,26,31.1,QB10,5056,18600,2023-08-04
2023,Rashod Bateman,WR,23.7,103.5,WR39,922,19794,2023-08-04
2023,Deshaun Watson,QB,27.9,27.8,QB9,5463,16398,2023-08-04
2023,James Cook,RB,23.9,103.9,RB30,914,22958,2023-08-04
2023,Anthony Richardson,QB,NA,31.1,QB11,5056,24347,2023-08-04
2023,Mike Williams,WR,28.8,106.6,WR40,858,16377,2023-08-04
2023,Kendre Miller,RB,NA,107.4,RB31,842,24360,2023-08-04
2023,AJ Dillon,RB,25.3,112.7,RB32,743,19358,2023-08-04
2023,Keenan Allen,WR,31.3,110.9,WR42,775,11616,2023-08-04
2023,Mike Evans,WR,30,109.1,WR41,809,12119,2023-08-04
2023,Alvin Kamara,RB,28,116.1,RB33,686,16421,2023-08-04
2023,Elijah Moore,WR,23.4,113.0,WR43,738,20114,2023-08-04
2023,Dak Prescott,QB,30,35.2,QB12,4591,15600,2023-08-04
2023,Bryce Young,QB,NA,41.5,QB13,3960,22900,2023-08-04
2023,Brian Robinson Jr.,RB,24.4,119.6,RB35,632,20094,2023-08-04
2023,Khalil Herbert,RB,25.3,121.8,RB36,600,22763,2023-08-04
2023,Kadarius Toney,WR,24.5,115.7,WR44,692,20119,2023-08-04
2023,Alexander Mattison,RB,25.1,118.5,RB34,648,18621,2023-08-04
2023,Tua Tagovailoa,QB,25.4,43.7,QB14,3760,19198,2023-08-04
2023,Darren Waller,TE,30.9,123.8,TE10,572,14104,2023-08-04
2023,Roschon Johnson,RB,NA,123.3,RB37,579,25322,2023-08-04
2023,David Njoku,TE,27.1,118.8,TE9,644,16399,2023-08-04
2023,C.J. Stroud,QB,NA,46.0,QB15,3562,23071,2023-08-04
2023,Sam LaPorta,TE,NA,127.3,TE12,527,22978,2023-08-04
2023,Tyler Lockett,WR,30.8,126.5,WR45,537,13971,2023-08-04
2023,Gabe Davis,WR,24.3,130.3,WR46,491,19398,2023-08-04
2023,Greg Dulcich,TE,23.4,124.3,TE11,566,23153,2023-08-04
2023,Evan Engram,TE,28.9,127.6,TE13,523,16411,2023-08-04
2023,Michael Mayer,TE,NA,129.8,TE14,497,23056,2023-08-04
2023,Antonio Gibson,RB,25.1,132.7,RB40,464,19624,2023-08-04
2023,Courtland Sutton,WR,27.8,131.0,WR47,483,17253,2023-08-04
2023,Tyler Allgeier,RB,23.3,132.5,RB39,467,24172,2023-08-04
2023,Tank Bigsby,RB,NA,131.0,RB38,483,22908,2023-08-04
2023,Daniel Jones,QB,26.2,52.2,QB16,3079,18232,2023-08-04
2023,Marvin Mims Jr.,WR,NA,132.0,WR48,472,23080,2023-08-04
2023,JuJu Smith-Schuster,WR,26.7,138.3,WR51,407,16427,2023-08-04
2023,Jayden Reed,WR,NA,135.0,WR49,440,23020,2023-08-04
2023,James Conner,RB,28.2,138.9,RB41,401,16447,2023-08-04
2023,Tyjae Spears,RB,NA,139.5,RB42,396,25323,2023-08-04
2023,Jonathan Mingo,WR,NA,139.2,WR52,399,23030,2023-08-04
2023,Jakobi Meyers,WR,26.7,140.4,WR53,388,18598,2023-08-04
2023,Skyy Moore,WR,22.9,138.1,WR50,409,23905,2023-08-04
2023,Chigoziem Okonkwo,TE,23.9,145.6,TE16,343,23982,2023-08-04
2023,Rashee Rice,WR,NA,142.6,WR54,368,23113,2023-08-04
2023,Jamaal Williams,RB,28.3,145.0,RB43,348,16424,2023-08-04
2023,Rashaad Penny,RB,27.5,153.9,RB45,282,17308,2023-08-04
2023,Damien Harris,RB,26.5,151.3,RB44,300,18230,2023-08-04
2023,Wan'Dale Robinson,WR,22.6,150.9,WR58,303,22985,2023-08-04
2023,Darnell Mooney,WR,25.8,149.0,WR55,317,19810,2023-08-04
2023,Dalton Schultz,TE,27.1,152.9,TE18,289,17349,2023-08-04
2023,Cole Kmet,TE,24.4,145.5,TE15,344,19229,2023-08-04
2023,Brandin Cooks,WR,29.9,150.7,WR57,304,12122,2023-08-04
2023,Josh Downs,WR,NA,149.0,WR56,317,24706,2023-08-04
2023,Trey McBride,TE,23.7,152.5,TE17,292,22936,2023-08-04
2023,Rondale Moore,WR,23.2,157.4,WR59,260,19796,2023-08-04
2023,Elijah Mitchell,RB,25.3,158.9,RB46,251,22813,2023-08-04
2023,Kirk Cousins,QB,35,79.1,QB19,1636,11177,2023-08-04
2023,Alec Pierce,WR,23.3,162.4,WR61,231,23791,2023-08-04
2023,Jared Goff,QB,28.8,76.6,QB17,1735,15501,2023-08-04
2023,Kenny Pickett,QB,25.2,78.4,QB18,1664,22722,2023-08-04
2023,Kenneth Gainwell,RB,24.4,165.4,RB47,215,23310,2023-08-04
2023,Geno Smith,QB,32.8,85.0,QB21,1425,11687,2023-08-04
2023,Jalin Hyatt,WR,NA,161.5,WR60,236,25251,2023-08-04
2023,Nico Collins,WR,24.4,167.9,WR62,203,20130,2023-08-04
2023,Russell Wilson,QB,34.7,86.1,QB22,1388,11180,2023-08-04
2023,Jordan Love,QB,24.8,82.6,QB20,1507,19246,2023-08-04
2023,Chase Brown,RB,NA,166.3,RB48,211,25324,2023-08-04
2023,Devin Singletary,RB,25.9,172.6,RB49,182,18280,2023-08-04
2023,Trey Lance,QB,23.2,94.4,QB23,1142,20082,2023-08-04
2023,Romeo Doubs,WR,23.3,173.2,WR63,179,23794,2023-08-04
2023,Luke Musgrave,TE,NA,174.9,TE19,172,25282,2023-08-04
2023,Samaje Perine,RB,27.9,174.9,RB50,172,16423,2023-08-04
2023,Aaron Rodgers,QB,39.2,101.2,QB25,974,9001,2023-08-04
2023,Jaylen Warren,RB,24.8,184.0,RB52,139,24209,2023-08-04
2023,Donovan Peoples-Jones,WR,24.5,177.8,WR64,161,19298,2023-08-04
2023,Chase Claypool,WR,25.1,178.8,WR66,157,18627,2023-08-04
2023,Derek Carr,QB,32.4,95.3,QB24,1118,12092,2023-08-04
2023,Michael Thomas,WR,30.4,180.0,WR67,153,15528,2023-08-04
2023,Brock Purdy,QB,23.6,101.9,QB26,958,19797,2023-08-04
2023,Cedric Tillman,WR,NA,178.4,WR65,159,25287,2023-08-04
2023,Isaiah Likely,TE,23.3,181.1,TE20,149,23781,2023-08-04
2023,John Metchie III,WR,23,181.5,WR68,148,22895,2023-08-04
2023,D'Onta Foreman,RB,27.3,185.0,RB54,136,16407,2023-08-04
2023,Allen Lazard,WR,27.6,182.7,WR69,143,17301,2023-08-04
2023,DJ Chark Jr.,WR,26.9,186.3,WR71,132,17292,2023-08-04
2023,Zach Evans,RB,NA,184.4,RB53,138,23122,2023-08-04
2023,Israel Abanikanda,RB,NA,181.2,RB51,149,24352,2023-08-04
2023,Juwan Johnson,TE,26.9,184.7,TE22,137,19562,2023-08-04
2023,Tyler Boyd,WR,28.7,185.7,WR70,134,15547,2023-08-04
2023,Ezekiel Elliott,RB,27.6,189.7,RB55,122,15498,2023-08-04
2023,Kareem Hunt,RB,27.6,190.7,RB56,119,16425,2023-08-04
2023,Jelani Woods,TE,24.8,198.1,TE25,100,23829,2023-08-04
2023,Noah Fant,TE,25.7,181.8,TE21,146,17527,2023-08-04
2023,Joshua Palmer,WR,23.9,191.2,WR72,117,22845,2023-08-04
2023,Mike Gesicki,TE,27.8,197.0,TE24,102,17272,2023-08-04
2023,Clyde Edwards-Helaire,RB,24.3,199.4,RB57,97,19325,2023-08-04
2023,Leonard Fournette,RB,28.1,206.2,RB59,83,16378,2023-08-04
2023,Zay Jones,WR,28.3,197.1,WR73,102,16431,2023-08-04
2023,Mac Jones,QB,24.9,112.7,QB27,743,20156,2023-08-04
2023,Michael Gallup,WR,27.4,197.6,WR74,101,17259,2023-08-04
2023,Dawson Knox,TE,26.7,195.6,TE23,106,18631,2023-08-04
2023,Michael Carter,RB,24.2,200.2,RB58,95,22728,2023-08-04
2023,Chuba Hubbard,RB,24.1,207.9,RB61,79,19792,2023-08-04
2023,Curtis Samuel,WR,27,199.2,WR76,97,16434,2023-08-04
2023,Terrace Marshall Jr.,WR,23.2,197.8,WR75,101,23242,2023-08-04
2023,Jeff Wilson Jr.,RB,27.7,207.0,RB60,81,18026,2023-08-04
2023,Isaiah Hodgins,WR,24.8,202.1,WR77,91,19375,2023-08-04
2023,Rashid Shaheed,WR,24.9,206.4,WR80,82,24687,2023-08-04
2023,Tyquan Thornton,WR,22.9,208.4,WR83,78,22913,2023-08-04
2023,Odell Beckham Jr.,WR,29.3,207.9,WR82,79,12127,2023-08-04
2023,Khalil Shakir,WR,23.5,211.2,WR85,73,23748,2023-08-04
2023,K.J. Osborn,WR,26.1,206.6,WR81,82,19708,2023-08-04
2023,Jerome Ford,RB,23.9,220.4,RB66,59,22921,2023-08-04
2023,Zamir White,RB,23.9,212.3,RB64,72,20095,2023-08-04
2023,Hunter Renfrow,WR,27.6,204.3,WR79,86,18345,2023-08-04
2023,Michael Wilson,WR,NA,203.6,WR78,88,25333,2023-08-04
2023,DeWayne McBride,RB,NA,208.2,RB62,79,25265,2023-08-04
2023,Evan Hull,RB,NA,208.5,RB63,78,25325,2023-08-04
2023,Tank Dell,WR,NA,209.7,WR84,76,25361,2023-08-04
2023,Irv Smith Jr.,TE,25,212.7,TE26,71,18610,2023-08-04
2023,Jerick McKinnon,RB,31.3,225.2,RB68,53,12209,2023-08-04
2023,Matthew Stafford,QB,35.5,130.9,QB29,484,9451,2023-08-04
2023,Gerald Everett,TE,29.1,219.6,TE28,60,16459,2023-08-04
2023,Pierre Strong Jr.,RB,24.6,227.1,RB70,51,24173,2023-08-04
2023,Adam Thielen,WR,33,218.3,WR86,62,13429,2023-08-04
2023,Tyler Higbee,TE,30.6,223.5,TE29,55,15623,2023-08-04
2023,Luke Schoonmaker,TE,NA,215.6,TE27,66,25267,2023-08-04
2023,Eric Gray,RB,NA,217.6,RB65,63,23075,2023-08-04
2023,Raheem Mostert,RB,31.3,226.5,RB69,51,14338,2023-08-04
2023,Sam Howell,QB,22.9,137.6,QB32,414,23045,2023-08-04
2023,Parris Campbell,WR,26.1,226.5,WR87,51,18463,2023-08-04
2023,Isaiah Spiller,RB,22,228.5,RB71,49,23143,2023-08-04
2023,Cade Otton,TE,24.3,224.2,TE31,54,23181,2023-08-04
2023,Desmond Ridder,QB,23.9,132.9,QB30,462,20080,2023-08-04
2023,Mecole Hardman Jr.,WR,25.4,227.3,WR88,50,18587,2023-08-04
2023,Will Levis,QB,NA,128.4,QB28,514,22987,2023-08-04
2023,Deuce Vaughn,RB,NA,222.4,RB67,56,22984,2023-08-04
2023,Darius Slayton,WR,26.6,237.3,WR92,40,18706,2023-08-04
2023,Jake Ferguson,TE,24.5,223.5,TE30,55,22718,2023-08-04
2023,Tyler Scott,WR,NA,229.0,WR89,48,25442,2023-08-04
2023,Gus Edwards,RB,28.3,244.5,RB74,34,17687,2023-08-04
2023,Tucker Kraft,TE,NA,227.6,TE32,50,25298,2023-08-04
2023,Daniel Bellinger,TE,22.9,230.9,TE33,46,24238,2023-08-04
2023,Kayshon Boutte,WR,NA,232.6,WR91,44,22989,2023-08-04
2023,Hayden Hurst,TE,29.9,236.5,TE34,41,17283,2023-08-04
2023,James Robinson,RB,24.5,243.5,RB73,34,19631,2023-08-04
2023,Hunter Henry,TE,28.7,238.3,TE35,39,15561,2023-08-04
2023,Cordarrelle Patterson,RB,32.4,246.0,RB75,32,11613,2023-08-04
2023,Van Jefferson,WR,27,249.8,WR96,30,19483,2023-08-04
2023,Jimmy Garoppolo,QB,31.8,137.5,QB31,415,12208,2023-08-04
2023,Zach Ertz,TE,32.7,247.4,TE37,31,11689,2023-08-04
2023,Zonovan Knight,RB,22.3,248.0,RB76,31,24901,2023-08-04
2023,Puka Nacua,WR,NA,231.4,WR90,46,23180,2023-08-04
2023,Marquez Valdes-Scantling,WR,28.8,244.8,WR94,33,17528,2023-08-04
2023,Xavier Hutchinson,WR,NA,239.4,WR93,38,25332,2023-08-04
2023,Allen Robinson II,WR,29.5,254.9,WR98,26,12126,2023-08-04
2023,David Bell,WR,22.6,258.3,WR101,24,23108,2023-08-04
2023,Joshua Kelley,RB,25.7,251.7,RB77,28,19445,2023-08-04
2023,Kyren Williams,RB,22.9,253.0,RB78,27,23059,2023-08-04
2023,Corey Davis,WR,28.6,256.1,WR99,26,16385,2023-08-04
2023,Tim Patrick,WR,29.7,254.4,WR97,27,16556,2023-08-04
2023,Sean Tucker,RB,NA,242.1,RB72,36,23679,2023-08-04
2023,Keaontay Ingram,RB,23.8,259.6,RB79,24,23162,2023-08-04
2023,Russell Gage,WR,27.5,266.2,WR105,20,17606,2023-08-04
2023,Darnell Washington,TE,NA,245.0,TE36,33,22967,2023-08-04
2023,Charlie Jones,WR,NA,245.3,WR95,33,25336,2023-08-04
2023,Hassan Haskins,RB,23.7,260.5,RB80,23,23798,2023-08-04
2023,Greg Dortch,WR,25.2,259.7,WR103,23,18585,2023-08-04
2023,Robert Woods,WR,31.3,264.6,WR104,21,11610,2023-08-04
2023,Chase Edmonds,RB,27.3,270.4,RB84,18,17496,2023-08-04
2023,Tyler Conklin,TE,28,268.6,TE38,19,17598,2023-08-04
2023,KJ Hamler,WR,23.6,268.5,WR107,19,19267,2023-08-04
2023,Kyle Philips,WR,24.1,267.2,WR106,20,23896,2023-08-04
2023,Nyheim Hines,RB,26.7,276.1,RB87,16,17297,2023-08-04
2023,Parker Washington,WR,NA,258.2,WR100,24,23106,2023-08-04
2023,Devin Duvernay,WR,25.9,269.4,WR109,19,19270,2023-08-04
2023,Ty Chandler,RB,25.2,281.2,RB91,14,19471,2023-08-04
2023,Tyrion Davis-Price,RB,22.8,278.8,RB89,15,22992,2023-08-04
2023,Laviska Shenault Jr.,WR,24.8,268.7,WR108,19,19221,2023-08-04
2023,Ryan Tannehill,QB,35,165.7,QB34,214,11174,2023-08-04
2023,Malik Davis,RB,24.7,273.5,RB85,17,24205,2023-08-04
2023,A.T. Perry,WR,NA,259.2,WR102,24,24353,2023-08-04
2023,Chris Rodriguez Jr.,RB,NA,262.1,RB81,22,22986,2023-08-04
2023,Taysom Hill,TE,32.9,270.7,TE39,18,17115,2023-08-04
2023,D'Ernest Johnson,RB,27.4,277.2,RB88,16,19111,2023-08-04
2023,Isaiah McKenzie,WR,28.3,285.6,WR115,13,16604,2023-08-04
2023,Justyn Ross,WR,23.6,276.7,WR111,16,19798,2023-08-04
2023,Deon Jackson,RB,24.5,288.0,RB95,12,20097,2023-08-04
2023,Jordan Mason,RB,24.2,280.3,RB90,14,22969,2023-08-04
2023,DeVante Parker,WR,30.5,286.7,WR116,12,13897,2023-08-04
2023,Kenny McIntosh,RB,NA,265.2,RB83,21,25329,2023-08-04
2023,Kevin Harris,RB,22.7,289.7,RB96,12,23117,2023-08-04
2023,Albert Okwuegbunam,TE,25.3,278.2,TE41,15,18246,2023-08-04
2023,Baker Mayfield,QB,28.3,170.7,QB35,190,17237,2023-08-04
2023,Hendon Hooker,QB,NA,155.5,QB33,272,24332,2023-08-04
2023,Trey Palmer,WR,NA,271.1,WR110,18,25331,2023-08-04
2023,Andrei Iosivas,WR,NA,279.2,WR113,15,25335,2023-08-04
2023,Jalen Tolbert,WR,24.4,285.1,WR114,13,23770,2023-08-04
2023,Chris Evans,RB,25.8,282.2,RB92,14,22797,2023-08-04
2023,Zack Moss,RB,25.6,292.3,RB97,11,19263,2023-08-04
2023,Dyami Brown,WR,23.8,297.8,WR120,10,20113,2023-08-04
2023,Boston Scott,RB,28.3,292.5,RB98,11,17612,2023-08-04
2023,Brenton Strange,TE,NA,276.8,TE40,16,25345,2023-08-04
2023,Deneric Prince,RB,NA,264.5,RB82,21,25770,2023-08-04
2023,Kendrick Bourne,WR,28,302.2,WR122,9,17066,2023-08-04
2023,Austin Hooper,TE,28.8,293.6,TE43,11,15581,2023-08-04
2023,Demario Douglas,WR,NA,309.7,WR126,7,25304,2023-08-04
2023,Mohamed Ibrahim,RB,NA,286.0,RB94,13,20153,2023-08-04
2023,Camerun Peoples,RB,NA,306.5,RB100,8,25330,2023-08-04
2023,Dontayvion Wicks,WR,NA,278.4,WR112,15,24354,2023-08-04
2023,Calvin Austin III,WR,24.4,291.1,WR117,11,23739,2023-08-04
2023,Eno Benjamin,RB,24.3,307.6,RB102,8,19361,2023-08-04
2023,Noah Gray,TE,24.3,291.6,TE42,11,19539,2023-08-04
2023,JaMycal Hasty,RB,26.9,307.5,RB101,8,19627,2023-08-04
2023,Deonte Harty,WR,25.7,331.7,WR144,4,18876,2023-08-04
2023,Richie James Jr.,WR,27.9,309.7,WR127,7,17303,2023-08-04
2023,Cole Turner,TE,NA,343.6,TE71,3,23727,2023-08-04
2023,Malik Willis,QB,24.2,227.3,QB42,50,23499,2023-08-04
2023,Brevin Jordan,TE,23,305.7,TE45,8,20162,2023-08-04
2023,Logan Thomas,TE,32.1,337.7,TE64,4,12095,2023-08-04
2023,Nelson Agholor,WR,30.2,318.1,WR132,6,13969,2023-08-04
2023,Latavius Murray,RB,33.1,318.4,RB107,6,11821,2023-08-04
2023,Tutu Atwell,WR,23.8,302.1,WR121,9,20126,2023-08-04
2023,Robbie Chosen,WR,29.8,319.6,WR134,6,15688,2023-08-04
2023,Sterling Shepard,WR,30.5,308.1,WR124,8,15569,2023-08-04
2023,Foster Moreau,TE,25.8,348.4,TE74,3,18397,2023-08-04
2023,Josh Reynolds,WR,28.5,308.3,WR125,7,16439,2023-08-04
2023,Rico Dowdle,RB,NA,274.5,RB86,17,19647,2023-08-04
2023,Brock Wright,TE,24.7,325.0,TE54,5,23341,2023-08-04
2023,Artavis Scott,WR,NA,335.5,WR150,4,16492,2023-08-04
2023,Braxton Berrios,WR,27.8,344.2,WR160,3,17289,2023-08-04
2023,Jeremy Ruckert,TE,23,323.8,TE53,5,23742,2023-08-04
2023,Tyler Badie,RB,23.5,326.7,RB112,5,23812,2023-08-04
2023,Melvin Gordon III,RB,29.9,325.0,RB109,5,13903,2023-08-04
2023,Grant DuBose,WR,NA,343.0,WR154,3,25470,2023-08-04
2023,Ben Skowronek,WR,26.1,333.5,WR147,4,22843,2023-08-04
2023,Robert Tonyan,TE,29.3,311.1,TE48,7,16502,2023-08-04
2023,Jamison Crowder,WR,30.1,325.9,WR141,5,13976,2023-08-04
2023,Julio Jones,WR,34.1,326.1,WR142,5,9867,2023-08-04
2023,Kene Nwangwu,RB,25.5,316.2,RB105,6,23249,2023-08-04
2023,Jonnu Smith,TE,28,309.8,TE47,7,16460,2023-08-04
2023,J.D. McKissic,RB,29.8,326.8,RB113,5,16230,2023-08-04
2023,Adam Trautman,TE,26.1,327.4,TE56,5,19423,2023-08-04
2023,Nick Westbrook-Ikhine,WR,26.4,318.7,WR133,6,19747,2023-08-04
2023,Ke'Shawn Vaughn,RB,26.3,347.9,RB137,3,19351,2023-08-04
2023,Kenyan Drake,RB,29.1,328.2,RB115,5,15637,2023-08-04
2023,Olamide Zaccheaus,WR,25.6,349.5,WR170,3,18864,2023-08-04
2023,Will Mallory,TE,NA,322.6,TE52,5,23821,2023-08-04
2023,Justice Hill,RB,25.7,329.2,RB116,5,18256,2023-08-04
2023,Dontrell Hilliard,RB,28,340.2,RB128,4,18037,2023-08-04
2023,Will Dissly,TE,27.1,345.2,TE72,3,18049,2023-08-04
2023,Myles Gaskin,RB,26.5,329.6,RB117,5,17251,2023-08-04
2023,Raheem Blackshear,RB,NA,282.5,RB93,14,20100,2023-08-04
2023,Quez Watkins,WR,25.2,315.3,WR130,6,19715,2023-08-04
2023,Rakim Jarrett,WR,NA,345.2,WR162,3,23001,2023-08-04
2023,O.J. Howard,TE,28.3,313.9,TE49,7,16380,2023-08-04
2023,Xazavian Valladay,RB,NA,311.0,RB103,7,25357,2023-08-04
2023,Velus Jones Jr.,WR,26.2,325.0,WR139,5,24214,2023-08-04
2023,Matt Breida,RB,28.4,330.4,RB119,4,17058,2023-08-04
2023,Zach Wilson,QB,24,220.3,QB40,59,22679,2023-08-04
2023,Sony Michel,RB,28.5,330.6,RB120,4,17309,2023-08-04
2023,Harrison Bryant,TE,25.3,306.2,TE46,8,19389,2023-08-04
2023,Kalif Raymond,WR,29,331.2,WR143,4,16081,2023-08-04
2023,Craig Reynolds,RB,27.1,331.5,RB122,4,19074,2023-08-04
2023,Ronnie Bell,WR,NA,334.0,WR149,4,23012,2023-08-04
2023,Trayveon Williams,RB,25.8,326.5,RB110,5,18607,2023-08-04
2023,C.J. Uzomah,TE,30.6,332.4,TE58,4,14084,2023-08-04
2023,Hunter Long,TE,25,332.9,TE60,4,22783,2023-08-04
2023,Cedrick Wilson Jr.,WR,27.7,333.1,WR146,4,17262,2023-08-04
2023,Mike Boone,RB,28.1,333.7,RB124,4,17813,2023-08-04
2023,Keaton Mitchell,RB,NA,324.1,RB108,5,25360,2023-08-04
2023,Denzel Mims,WR,25.4,346.0,WR163,3,19344,2023-08-04
2023,Noah Brown,WR,26,317.4,WR131,6,16443,2023-08-04
2023,Jacoby Brissett,QB,30.6,210.6,QB39,74,15642,2023-08-04
2023,Zack Kuntz,TE,NA,300.4,TE44,9,25347,2023-08-04
2023,Bryce Ford-Wheaton,WR,NA,325.4,WR140,5,25340,2023-08-04
2023,Darrel Williams,RB,27.9,335.4,RB126,4,17514,2023-08-04
2023,Amari Rodgers,WR,23.4,332.9,WR145,4,20132,2023-08-04
2023,Charlie Kolar,TE,24.5,336.2,TE62,4,22756,2023-08-04
2023,Derius Davis,WR,NA,302.3,WR123,9,25334,2023-08-04
2023,Ty Montgomery,RB,30.1,344.0,RB133,3,13977,2023-08-04
2023,Jalen Guyton,WR,26.2,347.2,WR166,3,18941,2023-08-04
2023,Josh Oliver,TE,26.4,337.4,TE63,4,18487,2023-08-04
2023,Durham Smythe,TE,NA,340.2,TE70,4,17508,2023-08-04
2023,Aidan O'Connell,QB,NA,346.2,QB57,3,24330,2023-08-04
2023,Peyton Hendershot,TE,NA,332.8,TE59,4,22971,2023-08-04
2023,James Mitchell,TE,24,337.7,TE65,4,23174,2023-08-04
2023,Mack Hollins,WR,29.9,333.7,WR148,4,16489,2023-08-04
2023,Mo Alie-Cox,TE,29.9,338.2,TE66,4,16579,2023-08-04
2023,Tre'Quan Smith,WR,27.6,338.4,WR151,4,17261,2023-08-04
2023,Danny Gray,WR,24.3,322.6,WR136,5,24178,2023-08-04
2023,Davis Allen,TE,NA,338.8,TE67,4,23761,2023-08-04
2023,Trestan Ebner,RB,24.6,332.8,RB123,4,24047,2023-08-04
2023,DeAndre Carter,WR,30.3,339.3,WR152,4,14103,2023-08-04
2023,Jordan Akins,TE,NA,339.5,TE68,4,17415,2023-08-04
2023,Ameer Abdullah,RB,30.1,339.5,RB127,4,13924,2023-08-04
2023,Gardner Minshew II,QB,27.2,225.1,QB41,53,18562,2023-08-04
2023,Jameis Winston,QB,29.6,255.1,QB46,26,13891,2023-08-04
2023,Payne Durham,TE,NA,339.7,TE69,4,25346,2023-08-04
2023,Kyle Trask,QB,25.4,204.2,QB36,87,19800,2023-08-04
2023,Donald Parham Jr.,TE,26,325.9,TE55,5,18835,2023-08-04
2023,Lew Nichols III,RB,NA,303.6,RB99,8,25443,2023-08-04
2023,Justin Shorter,WR,NA,314.3,WR128,7,24083,2023-08-04
2023,Jarvis Landry,WR,30.2,322.5,WR135,5,12128,2023-08-04
2023,Tre Tucker,WR,NA,296.6,WR119,10,25337,2023-08-04
2023,Travis Homer,RB,25,340.8,RB129,3,18616,2023-08-04
2023,Marquez Callaway,WR,25.4,314.7,WR129,6,19505,2023-08-04
2023,Anthony Schwartz,WR,22.9,341.3,WR153,3,20125,2023-08-04
2023,DeeJay Dallas,RB,24.9,331.0,RB121,4,19521,2023-08-04
2023,Marvin Jones Jr.,WR,33.4,324.6,WR138,5,11215,2023-08-04
2023,Justin Jackson,RB,28.3,341.9,RB130,3,17300,2023-08-04
2023,Mike White,QB,28.4,263.4,QB49,22,17447,2023-08-04
2023,Caleb Huntley,RB,24.4,342.0,RB131,3,19368,2023-08-04
2023,Tyler Huntley,QB,25.5,269.5,QB50,19,19297,2023-08-04
2023,Ashton Dulin,WR,26.2,343.0,WR155,3,18656,2023-08-04
2023,Erik Ezukanma,WR,23.5,343.1,WR156,3,23755,2023-08-04
2023,Dee Eskridge,WR,26.4,343.2,WR157,3,22785,2023-08-04
2023,Darrell Henderson Jr.,RB,26,326.5,RB111,5,18588,2023-08-04
2023,Taylor Heinicke,QB,30.4,258.8,QB47,24,13932,2023-08-04
2023,Rex Burkhead,RB,32.6,327.8,RB114,5,11655,2023-08-04
2023,Ronald Jones II,RB,26,316.1,RB104,6,17243,2023-08-04
2023,Justin Watson,WR,NA,343.9,WR158,3,17603,2023-08-04
2023,Bryan Edwards,WR,24.7,344.0,WR159,3,18634,2023-08-04
2023,Marcus Mariota,QB,29.8,290.9,QB54,11,13890,2023-08-04
2023,Mark Ingram II,RB,32.2,316.5,RB106,6,9872,2023-08-04
2023,Salvon Ahmed,RB,24.6,344.2,RB134,3,19449,2023-08-04
2023,Kenny Golladay,WR,29.7,344.2,WR161,3,16488,2023-08-04
2023,Dontay Demus,WR,NA,296.0,WR118,10,24365,2023-08-04
2023,Bailey Zappe,QB,24.3,206.2,QB37,83,24027,2023-08-04
2023,Jashaun Corbin,RB,NA,345.3,RB135,3,22948,2023-08-04
2023,Tommy Tremble,TE,23.2,335.5,TE61,4,22795,2023-08-04
2023,Jake Haener,QB,NA,245.0,QB45,33,24728,2023-08-04
2023,Dorian Thompson-Robinson,QB,NA,281.5,QB51,14,20086,2023-08-04
2023,John Bates,TE,25.7,346.1,TE73,3,22833,2023-08-04
2023,Trey Sermon,RB,24.5,329.6,RB118,5,19425,2023-08-04
2023,Jalen Reagor,WR,24.6,346.5,WR164,3,19219,2023-08-04
2023,Samori Toure,WR,NA,346.6,WR165,3,23883,2023-08-04
2023,Davis Mills,QB,24.8,241.0,QB44,36,22799,2023-08-04
2023,Stetson Bennett,QB,NA,230.2,QB43,47,23927,2023-08-04
2023,Marlon Mack,RB,27,347.2,RB136,3,16444,2023-08-04
2023,Equanimeous St. Brown,WR,26.8,347.6,WR167,3,17307,2023-08-04
2023,Sam Darnold,QB,26.2,210.4,QB38,75,17236,2023-08-04
2023,Jauan Jennings,WR,26.1,324.1,WR137,5,19590,2023-08-04
2023,Clayton Tune,QB,NA,263.0,QB48,22,25227,2023-08-04
2023,Jarrett Stidham,QB,27,286.7,QB52,12,18604,2023-08-04
2023,Andy Dalton,QB,35.8,304.2,QB56,8,9907,2023-08-04
2023,Carson Wentz,QB,30.6,290.4,QB53,11,15520,2023-08-04
2023,Shi Smith,WR,24.8,348.7,WR168,3,20127,2023-08-04
2023,Tre' McKitty,TE,24.6,348.9,TE75,3,22807,2023-08-04
2023,Demarcus Robinson,WR,28.4,349.0,WR169,3,15665,2023-08-04
2023,Snoop Conner,RB,23.6,334.5,RB125,4,23027,2023-08-04
2023,Julius Chestnut,RB,22.8,342.3,RB132,3,24689,2023-08-04
2023,Kylen Granson,TE,25.4,332.1,TE57,4,22841,2023-08-04
2023,Cameron Latu,TE,NA,321.9,TE51,5,24331,2023-08-04
2023,Grant Calcaterra,TE,NA,349.7,TE76,3,24180,2023-08-04
2023,Elijah Higgins,TE,NA,314.7,TE50,6,23119,2023-08-04
2023,Tiyon Evans,RB,NA,350.0,RB138,3,25327,2023-08-04
2023,Dan Arnold,TE,27.9,350.5,TE77,3,17143,2023-08-04
2023,N'Keal Harry,WR,25.2,350.6,WR171,3,18222,2023-08-04
2023,Laquon Treadwell,WR,26.7,350.9,WR172,3,15495,2023-08-04
2023,Ian Thomas,TE,27.2,351.1,TE78,3,17387,2023-08-04
2023,Colby Parkinson,TE,24.6,351.3,TE79,3,19372,2023-08-04
2023,Kylin Hill,RB,25,351.8,RB139,3,19323,2023-08-04
2023,Cole Beasley,WR,32.8,352.1,WR173,3,11459,2023-08-04
2023,Tony Jones Jr.,RB,25.7,352.2,RB140,3,19482,2023-08-04
2023,Ty Johnson,RB,25.4,352.5,RB141,3,18406,2023-08-04
2023,Trent Sherfield,WR,27.4,352.7,WR174,3,17888,2023-08-04
2023,Brycen Hopkins,TE,26.4,352.8,TE80,3,19234,2023-08-04
2023,Brandon Bolden,RB,NA,353.0,RB142,3,11410,2023-08-04
2023,Jaren Hall,QB,NA,349.5,QB58,3,24073,2023-08-04
2023,Matt Corral,QB,24.5,297.8,QB55,10,23028,2023-08-04
2023,Jalen Wydermyer,TE,22.2,354.8,TE81,3,23145,2023-08-04
2023,Jamal Agnew,WR,28.3,355.2,WR175,2,16666,2023-08-04
2023,Josh Whyle,TE,NA,355.3,TE82,2,22923,2023-08-04
2023,Scott Miller,WR,26,355.4,WR176,2,18714,2023-08-04
2023,Tylan Wallace,WR,24.2,355.6,WR177,2,19801,2023-08-04
2023,Randall Cobb,WR,32.5,355.9,WR178,2,9902,2023-08-04
2023,Darrynton Evans,RB,24.6,356.0,RB143,2,19418,2023-08-04
2023,Colt McCoy,QB,36.9,352.5,QB59,3,9702,2023-08-04
2023,Jaret Patterson,RB,23.6,356.4,RB144,2,20155,2023-08-04
2023,Montrell Washington,WR,NA,356.8,WR179,2,24554,2023-08-04
2023,Cooper Rush,QB,29.7,353.1,QB60,3,16477,2023-08-04
2023,Quintin Morris,TE,NA,356.9,TE83,2,22820,2023-08-04
2023,Drew Lock,QB,26.7,353.2,QB61,3,18225,2023-08-04
2023,Teddy Bridgewater,QB,30.4,353.6,QB62,3,12088,2023-08-04
2023,James Proche II,WR,26.9,357.4,WR180,2,19359,2023-08-04
2023,Josiah Deguara,TE,26.5,357.5,TE84,2,19456,2023-08-04
2023,Demetric Felton Jr.,RB,25.1,357.9,RB145,2,20105,2023-08-04
2023,Mitch Trubisky,QB,29,354.2,QB63,3,16381,2023-08-04
2023,Drew Sample,TE,27.3,358.0,TE85,2,18561,2023-08-04
2023,Matt Ryan,QB,37.8,354.7,QB64,3,9444,2023-08-04
2023,Tyler Goodson,RB,NA,358.5,RB146,2,22976,2023-08-04
2023,Damien Williams,RB,29.9,358.7,RB147,2,12334,2023-08-04
2023,Tanner McKee,QB,NA,355.0,QB65,3,24740,2023-08-04
2023,Dare Ogunbowale,RB,29.3,358.8,RB148,2,16879,2023-08-04
2023,Ihmir Smith-Marsette,WR,23.9,358.8,WR181,2,20116,2023-08-04
2023,Cameron Brate,TE,31.6,358.9,TE86,2,13470,2023-08-04
2023,Jerrion Ealy,RB,NA,359.0,RB149,2,23029,2023-08-04
2023,Tyler Johnson,WR,24.5,359.3,WR182,2,18633,2023-08-04
2023,P.J. Walker,QB,28.4,356.1,QB66,2,16841,2023-08-04
2023,Chris Moore,WR,29.7,359.9,WR183,2,15654,2023-08-04
2023,Jermar Jefferson,RB,23.3,360.0,RB150,2,20088,2023-08-04
2023,Sincere McCormick,RB,22.9,360.0,RB151,2,23172,2023-08-04
2023,Jacob Harris,TE,25.9,360.0,TE87,2,23251,2023-08-04
2023,Mike Strachan,WR,26,360.0,WR184,2,23395,2023-08-04
2023,Larry Rountree III,RB,25.5,360.2,RB152,2,19537,2023-08-04
2023,Case Keenum,QB,NA,356.7,QB67,2,11425,2023-08-04
2023,Shane Zylstra,TE,26.7,360.6,TE88,2,23461,2023-08-04
2023,Max Duggan,QB,NA,357.2,QB68,2,23121,2023-08-04
2023,Devin Asiasi,TE,NA,361.0,TE89,2,19435,2023-08-04
2023,Quintez Cephus,WR,24.9,361.0,WR185,2,19396,2023-08-04
2023,Sammy Watkins,WR,29.7,361.2,WR186,2,12118,2023-08-04
2023,William Fuller V,WR,29.3,361.3,WR187,2,15629,2023-08-04
2023,Tyrod Taylor,QB,32.6,357.5,QB69,2,10007,2023-08-04
2023,Anthony Firkser,TE,28,361.3,TE90,2,16787,2023-08-04
2023,Zach Pascal,WR,28.6,361.4,WR188,2,16972,2023-08-04
2023,Royce Freeman,RB,NA,361.8,RB153,2,17245,2023-08-04
2023,Duke Johnson Jr.,RB,NA,362.0,RB154,2,13939,2023-08-04
2023,Skylar Thompson,QB,26.2,358.3,QB70,2,24170,2023-08-04
2023,J.J. Taylor,RB,25.6,362.4,RB155,2,19438,2023-08-04
2023,Sam Ehlinger,QB,24.8,359.0,QB71,2,19803,2023-08-04
2023,James Washington,WR,26.9,362.8,WR189,2,17254,2023-08-04
2023,Gary Brightwell,RB,24.4,363.2,RB156,2,23293,2023-08-04
2023,Jack Stoll,TE,NA,363.3,TE91,2,23193,2023-08-04
2023,Dante Pettis,WR,NA,363.4,WR190,2,17264,2023-08-04
2023,Lynn Bowden Jr.,WR,25.4,363.4,WR191,2,19587,2023-08-04
2023,MyCole Pruitt,TE,NA,363.8,TE92,2,13964,2023-08-04
2023,D'Vonte Price,RB,NA,364.0,RB157,2,23874,2023-08-04
2023,Keelan Cole Sr.,WR,30.3,364.0,WR192,2,16864,2023-08-04
2023,Marquise Goodwin,WR,32.7,364.2,WR193,2,11599,2023-08-04
2023,Jaelon Darden,WR,24.6,364.8,WR194,2,22796,2023-08-04
2023,Jalen Nailor,WR,24.4,364.9,WR195,2,24177,2023-08-04
2023,Kennedy Brooks,RB,NA,365.2,RB158,2,20161,2023-08-04
2023,Derrick Gore,RB,NA,365.5,RB159,2,19113,2023-08-04
2023,Benny Snell Jr.,RB,25,365.8,RB160,2,18609,2023-08-04
2023,Dareke Young,WR,NA,365.8,WR196,2,24570,2023-08-04
2023,Freddie Swain,WR,NA,366.1,WR197,2,19729,2023-08-04
2023,Connor Heyward,TE,NA,366.3,TE93,2,24562,2023-08-04
2023,Maxx Williams,TE,NA,366.3,TE94,2,13919,2023-08-04
2023,Malik Cunningham,QB,NA,362.7,QB72,2,22988,2023-08-04
2023,DeSean Jackson,WR,NA,366.6,WR198,2,9186,2023-08-04
2023,Mike Davis,RB,29,367.0,RB161,2,13943,2023-08-04
2023,Kyle Allen,QB,27.4,363.3,QB73,2,17869,2023-08-04
2023,Teagan Quitoriano,TE,NA,367.3,TE95,2,24182,2023-08-04
2023,Anthony Miller,WR,NA,367.6,WR199,2,17255,2023-08-04
2023,Preston Williams,WR,25.9,367.6,WR200,2,18612,2023-08-04
2023,Ray-Ray McCloud III,WR,NA,367.6,WR201,2,17530,2023-08-04
2023,Trevor Siemian,QB,NA,363.9,QB74,2,14142,2023-08-04
2023,Tevin Coleman,RB,28.9,368.3,RB162,2,13926,2023-08-04
2023,Derrick Deese Jr.,TE,NA,368.3,TE96,2,23971,2023-08-04
2023,Nick Mullens,QB,NA,364.6,QB75,2,16726,2023-08-04
2023,Tavion Thomas,RB,NA,368.5,RB163,2,25362,2023-08-04
2023,Kenny Yeboah,TE,NA,368.6,TE97,2,22815,2023-08-04
2023,Joe Flacco,QB,NA,365.6,QB76,2,9300,2023-08-04
2023,Anthony McFarland Jr.,RB,24.4,369.5,RB164,2,19366,2023-08-04
2023,Tyler Kroft,TE,NA,369.6,TE98,2,13960,2023-08-04
2023,Kellen Mond,QB,24.1,365.9,QB77,2,19383,2023-08-04
2023,Jacob Eason,QB,NA,365.9,QB78,2,19220,2023-08-04
2023,Wayne Gallman Jr.,RB,27.4,369.7,RB165,2,16422,2023-08-04
2023,Sean Clifford,QB,NA,366.3,QB79,2,20073,2023-08-04
2023,Eric Saubert,TE,NA,370.3,TE99,2,16706,2023-08-04
2023,Nick Foles,QB,NA,366.6,QB80,2,11176,2023-08-04
2023,Josh Johnson,QB,NA,367.9,QB81,2,9326,2023-08-04
2023,Malcolm Brown,RB,NA,371.7,RB166,2,13953,2023-08-04
2023,Phillip Dorsett II,WR,NA,372.0,WR202,2,13979,2023-08-04
2023,Ross Dwelley,TE,NA,372.3,TE100,2,17886,2023-08-04
2023,Simi Fehoko,WR,NA,372.4,WR203,2,23196,2023-08-04
2023,Abram Smith,RB,NA,372.5,RB167,2,23796,2023-08-04
2023,Nick Muse,TE,NA,372.6,TE101,2,24239,2023-08-04
2023,Dazz Newsome,WR,NA,373.3,WR204,2,20122,2023-08-04
2023,Byron Pringle,WR,29.3,373.8,WR205,2,17739,2023-08-04
2023,Mike Glennon,QB,NA,370.4,QB82,2,11685,2023-08-04
2023,La'Mical Perine,RB,24.1,374.2,RB168,2,19333,2023-08-04
2023,Andrew Ogletree,TE,NA,374.3,TE102,2,24561,2023-08-04
2023,Ricky Seals-Jones,TE,27,375.0,TE103,2,16730,2023-08-04
2023,Ian Book,QB,NA,371.4,QB83,2,20159,2023-08-04
2023,Zach Gentry,TE,NA,375.3,TE104,2,18690,2023-08-04
2023,Mason Rudolph,QB,28,371.7,QB84,2,17234,2023-08-04
2023,Seth Williams,WR,NA,375.6,WR206,2,20118,2023-08-04
2023,Phillip Lindsay,RB,27.6,376.0,RB169,2,17498,2023-08-04
2023,Bo Melton,WR,NA,376.1,WR207,2,24049,2023-08-04
2023,Ronnie Rivers,RB,NA,376.3,RB170,2,23986,2023-08-04
2023,Jacob Hollister,TE,NA,376.8,TE105,1,16527,2023-08-04
2023,Tyree Jackson,TE,26.5,376.8,TE106,1,18591,2023-08-04
2023,Breshad Perriman,WR,NA,377.0,WR208,1,13975,2023-08-04
2023,Dez Fitzpatrick,WR,25.6,377.2,WR209,1,20112,2023-08-04
2023,Chris Herndon IV,TE,26,377.3,TE107,1,17536,2023-08-04
2023,Devonta Freeman,RB,29.9,377.5,RB171,1,12108,2023-08-04
2023,Carson Strong,QB,23.9,373.9,QB85,2,23042,2023-08-04
2023,Kendall Blanton,TE,NA,377.8,TE108,1,18431,2023-08-04
2023,Kendall Hinton,WR,NA,377.8,WR210,1,19901,2023-08-04
2023,Jason Huntley,RB,NA,378.0,RB172,1,19655,2023-08-04
2023,Jalen Moreno-Cropper,WR,NA,378.4,WR211,1,25359,2023-08-04
2023,Jordan Howard,RB,27.3,378.5,RB173,1,15585,2023-08-04
2023,Cam Newton,QB,32.8,374.9,QB86,2,9869,2023-08-04
2023,Tyler Davis,TE,NA,378.8,TE109,1,19811,2023-08-04
2023,Javian Hawkins,RB,NA,379.0,RB174,1,22762,2023-08-04
2023,Eric Ebron,TE,28.9,379.3,TE110,1,12143,2023-08-04
2023,Kyle Rudolph,TE,NA,379.3,TE111,1,9906,2023-08-04
2023,T.Y. Hilton,WR,32.3,379.6,WR212,1,11206,2023-08-04
2023,Charlie Woerner,TE,NA,379.8,TE112,1,19665,2023-08-04
2023,Devontae Booker,RB,29.7,380.0,RB175,1,15555,2023-08-04
2023,Jimmy Graham,TE,NA,380.8,TE113,1,9712,2023-08-04
2023,Collin Johnson,WR,25.9,381.1,WR213,1,18289,2023-08-04
2023,Antonio Brown,WR,33.6,381.3,WR214,1,9808,2023-08-04
2023,Andy Isabella,WR,25.3,381.6,WR215,1,18409,2023-08-04
2023,Marquez Stevenson,WR,NA,381.6,WR216,1,20133,2023-08-04
2023,Kaden Smith,TE,NA,381.8,TE114,1,18293,2023-08-04
2023,Patrick Laird,RB,NA,382.0,RB176,1,18332,2023-08-04
2023,Blake Jarwin,TE,27.6,382.0,TE115,1,16638,2023-08-04
2023,Jared Cook,TE,34.9,382.3,TE116,1,9265,2023-08-04
2023,Tanner Hudson,TE,NA,382.8,TE117,1,17826,2023-08-04
2023,Frank Darby,WR,NA,383.1,WR217,1,22882,2023-08-04
2023,Cam Sims,WR,NA,383.2,WR218,1,18016,2023-08-04
2023,Luke Farrell,TE,NA,383.8,TE118,1,19501,2023-08-04
2023,Tarik Cohen,RB,26.6,384.5,RB177,1,16450,2023-08-04
2023,Sammis Reyes,TE,NA,384.8,TE119,1,23212,2023-08-04
2023,Qadree Ollison,RB,NA,385.3,RB178,1,18480,2023-08-04
2023,Geoff Swaim,TE,NA,385.6,TE120,1,14164,2023-08-04
2023,Carlos Hyde,RB,NA,386.5,RB179,1,12105,2023-08-04
2023,Rashard Higgins,WR,28.4,386.9,WR219,1,15586,2023-08-04
2023,Cornell Powell,WR,NA,387.3,WR220,1,22811,2023-08-04
2023,David Johnson,RB,30.2,387.7,RB180,1,13948,2023-08-04
2023,Tyron Johnson,WR,NA,387.9,WR221,1,18804,2023-08-04
2023,Jace Sternberger,TE,NA,388.0,TE121,1,18614,2023-08-04
2023,Cade Johnson,WR,NA,388.1,WR222,1,22808,2023-08-04
2023,Jake Funk,RB,25.6,389.7,RB181,1,23190,2023-08-04
2023,KaVontae Turpin,WR,27,390.6,WR223,1,18520,2023-08-04
2023,Damiere Byrd,WR,NA,391.1,WR224,1,14222,2023-08-04
2023,Auden Tate,WR,26.1,391.6,WR225,1,17306,2023-08-04
2023,Keke Coutee,WR,NA,392.6,WR226,1,17490,2023-08-04
2023,Gerrid Doaks,RB,NA,393.3,RB182,1,23286,2023-08-04
2023,Chris Conley,WR,NA,394.6,WR227,1,14151,2023-08-04
2023,Giovani Bernard,RB,30.3,396.0,RB183,1,11644,2023-08-04
2023,Kalen Ballage,RB,NA,396.0,RB184,1,17250,2023-08-04
2023,John Ross,WR,NA,396.6,WR228,1,16388,2023-08-04
2023,Miles Boykin,WR,26.8,399.6,WR229,1,18636,2023-08-04
2023,Makai Polk,WR,NA,399.6,WR230,1,23032,2023-08-04
2023,Michael Woods II,WR,NA,400.1,WR231,1,23893,2023-08-04
2023,Corey Clement,RB,NA,400.5,RB185,1,16446,2023-08-04
2023,Jordan Wilkins,RB,NA,400.5,RB186,1,17497,2023-08-04
2023,David Moore,WR,27.1,405.6,WR232,1,16757,2023-08-04
2023,Joseph Ngata,WR,NA,406.9,WR233,1,23778,2023-08-04
2023,J.J. Arcega-Whiteside,WR,NA,407.1,WR234,1,18235,2023-08-04
2023,Travis Fulgham,WR,NA,407.6,WR235,1,18470,2023-08-04
2024,Ja'Marr Chase,WR,24.4,7.2,WR3,8866,19788,2024-08-02
2024,Justin Jefferson,WR,25.1,5.5,WR1,9227,19236,2024-08-02
2024,CeeDee Lamb,WR,25.3,7.0,WR2,8907,19202,2024-08-02
2024,Amon-Ra St. Brown,WR,24.8,11.4,WR4,8032,19799,2024-08-02
2024,Bijan Robinson,RB,22.5,12.7,RB1,7791,23133,2024-08-02
2024,Breece Hall,RB,23.2,15.8,RB2,7243,22982,2024-08-02
2024,Marvin Harrison Jr.,WR,22,14.8,WR5,7416,23064,2024-08-02
2024,Jahmyr Gibbs,RB,22.4,19.2,RB3,6687,22968,2024-08-02
2024,Garrett Wilson,WR,24,19.4,WR6,6656,23072,2024-08-02
2024,Christian McCaffrey,RB,28.2,21.8,RB4,6291,16393,2024-08-02
2024,Puka Nacua,WR,23.2,21.2,WR7,6380,23180,2024-08-02
2024,A.J. Brown,WR,27.1,23.3,WR8,6073,18218,2024-08-02
2024,Malik Nabers,WR,21,26.7,WR9,5606,25409,2024-08-02
2024,Jonathan Taylor,RB,25.5,30.0,RB5,5188,19217,2024-08-02
2024,Sam LaPorta,TE,23.6,27.5,TE1,5502,22978,2024-08-02
2024,Chris Olave,WR,24.1,31.3,WR10,5032,20111,2024-08-02
2024,Josh Allen,QB,28.2,1.3,QB1,10184,17298,2024-08-02
2024,Tyreek Hill,WR,30.4,31.6,WR11,4997,15802,2024-08-02
2024,Jaylen Waddle,WR,25.7,33.8,WR13,4745,19790,2024-08-02
2024,Drake London,WR,23,33.2,WR12,4812,23163,2024-08-02
2024,Patrick Mahomes II,QB,28.9,2.0,QB2,10018,16413,2024-08-02
2024,Travis Etienne Jr.,RB,25.5,37.4,RB6,4360,19231,2024-08-02
2024,Brandon Aiyuk,WR,26.4,36.8,WR14,4422,19252,2024-08-02
2024,DeVonta Smith,WR,25.7,38.9,WR15,4209,19222,2024-08-02
2024,Rome Odunze,WR,22.2,39.0,WR16,4199,25411,2024-08-02
2024,De'Von Achane,RB,22.8,39.1,RB7,4189,23136,2024-08-02
2024,Nico Collins,WR,25.4,42.9,WR18,3831,20130,2024-08-02
2024,C.J. Stroud,QB,22.8,4.6,QB3,9424,23071,2024-08-02
2024,Trey McBride,TE,24.7,43.5,TE2,3778,22936,2024-08-02
2024,Michael Pittman Jr.,WR,26.8,42.3,WR17,3886,19278,2024-08-02
2024,Saquon Barkley,RB,27.5,39.1,RB8,4189,17240,2024-08-02
2024,DK Metcalf,WR,26.6,43.7,WR19,3760,18219,2024-08-02
2024,Jalen Hurts,QB,26,6.7,QB4,8970,19275,2024-08-02
2024,Lamar Jackson,QB,27.6,7.0,QB5,8907,17233,2024-08-02
2024,DJ Moore,WR,27.3,44.2,WR20,3716,17265,2024-08-02
2024,Kenneth Walker III,RB,23.3,49.2,RB11,3304,23021,2024-08-02
2024,Rachaad White,RB,24.8,48.8,RB10,3335,23891,2024-08-02
2024,Zay Flowers,WR,23.9,48.7,WR21,3343,22916,2024-08-02
2024,Kyren Williams,RB,23.9,45.8,RB9,3579,23059,2024-08-02
2024,Isiah Pacheco,RB,24,51.1,RB12,3160,24333,2024-08-02
2024,Dalton Kincaid,TE,24.8,52.4,TE3,3065,25247,2024-08-02
2024,Jonathon Brooks,RB,21,55.6,RB14,2843,26148,2024-08-02
2024,James Cook,RB,24.4,54.7,RB13,2904,22958,2024-08-02
2024,Brock Bowers,TE,21.6,54.9,TE4,2890,22955,2024-08-02
2024,Tank Dell,WR,24.8,59.9,WR24,2570,25361,2024-08-02
2024,Mark Andrews,TE,27.5,58.6,TE5,2649,17269,2024-08-02
2024,Jordan Addison,WR,22,58.6,WR23,2649,23107,2024-08-02
2024,Joe Burrow,QB,27.6,10.2,QB6,8262,19196,2024-08-02
2024,Anthony Richardson,QB,22.2,13.6,QB7,7628,24347,2024-08-02
2024,Tee Higgins,WR,25.5,56.3,WR22,2796,19211,2024-08-02
2024,George Pickens,WR,23.4,60.8,WR25,2516,22963,2024-08-02
2024,Kyle Pitts,TE,23.8,61.8,TE6,2457,20164,2024-08-02
2024,Jaxon Smith-Njigba,WR,22,66.7,WR26,2190,23070,2024-08-02
2024,Josh Jacobs,RB,25,66.6,RB15,2195,18269,2024-08-02
2024,Deebo Samuel Sr.,WR,27.1,69.7,WR27,2041,18244,2024-08-02
2024,Caleb Williams,QB,22.7,16.8,QB8,7075,23084,2024-08-02
2024,Rashee Rice,WR,23.8,71.6,WR28,1952,23113,2024-08-02
2024,Trey Benson,RB,22,72.3,RB16,1920,25388,2024-08-02
2024,Xavier Worthy,WR,21.3,74.4,WR29,1828,23019,2024-08-02
2024,D'Andre Swift,RB,24.1,76.1,RB17,1756,19210,2024-08-02
2024,Davante Adams,WR,30.2,76.3,WR30,1748,12123,2024-08-02
2024,Joe Mixon,RB,26.6,77.6,RB18,1695,16420,2024-08-02
2024,Rhamondre Stevenson,RB,25,78.1,RB19,1675,22726,2024-08-02
2024,Jayden Reed,WR,23.8,78.7,WR31,1652,23020,2024-08-02
2024,Travis Kelce,TE,33.4,80.3,TE8,1591,11594,2024-08-02
2024,Ladd McConkey,WR,22.8,80.3,WR32,1591,26122,2024-08-02
2024,T.J. Hockenson,TE,26.6,79.9,TE7,1606,18290,2024-08-02
2024,Mike Evans,WR,29.5,81.8,WR33,1536,12119,2024-08-02
2024,Kyler Murray,QB,27,21.1,QB11,6395,18600,2024-08-02
2024,Jordan Love,QB,25.7,19.7,QB9,6609,19246,2024-08-02
2024,Derrick Henry,RB,29.1,85.3,RB20,1415,15514,2024-08-02
2024,Justin Herbert,QB,26.4,20.0,QB10,6563,18635,2024-08-02
2024,David Montgomery,RB,25.7,87.4,RB21,1346,18239,2024-08-02
2024,Brian Thomas Jr.,WR,21.8,87.6,WR34,1340,23000,2024-08-02
2024,Stefon Diggs,WR,29.2,88.9,WR35,1300,13981,2024-08-02
2024,George Kittle,TE,29.4,89.6,TE9,1279,16499,2024-08-02
2024,Christian Kirk,WR,26.3,90.2,WR36,1261,17268,2024-08-02
2024,Jayden Daniels,QB,23.6,26.6,QB12,5620,22902,2024-08-02
2024,Amari Cooper,WR,28.7,93.3,WR38,1172,13894,2024-08-02
2024,Terry McLaurin,WR,27.4,93.1,WR37,1178,18466,2024-08-02
2024,Tony Pollard,RB,25.8,94.4,RB22,1142,18705,2024-08-02
2024,Cooper Kupp,WR,29.7,96.1,WR39,1097,16433,2024-08-02
2024,Alvin Kamara,RB,27.6,96.3,RB23,1092,16421,2024-08-02
2024,Najee Harris,RB,25,98.4,RB24,1040,19302,2024-08-02
2024,Diontae Johnson,WR,26.6,98.4,WR40,1040,18615,2024-08-02
2024,Evan Engram,TE,28.5,98.2,TE10,1045,16411,2024-08-02
2024,Tyjae Spears,RB,22.7,98.8,RB25,1030,25323,2024-08-02
2024,Javonte Williams,RB,22.8,100.8,RB26,983,22739,2024-08-02
2024,Chris Godwin,WR,27,101.6,WR41,964,16406,2024-08-02
2024,Keon Coleman,WR,21.2,102.7,WR42,940,26019,2024-08-02
2024,David Njoku,TE,26.6,102.1,TE11,953,16399,2024-08-02
2024,Trevor Lawrence,QB,24.8,28.5,QB13,5374,19780,2024-08-02
2024,Zamir White,RB,23.4,103.5,RB27,922,20095,2024-08-02
2024,Christian Watson,WR,23.8,104.4,WR43,903,23886,2024-08-02
2024,Brian Robinson Jr.,RB,23.9,106.1,RB29,868,20094,2024-08-02
2024,Jaylen Warren,RB,24.3,106.0,RB28,870,24209,2024-08-02
2024,Dak Prescott,QB,31,34.5,QB15,4668,15600,2024-08-02
2024,Brock Purdy,QB,24.6,33.5,QB14,4778,19797,2024-08-02
2024,Calvin Ridley,WR,28.2,111.3,WR44,768,17258,2024-08-02
2024,Jake Ferguson,TE,24.1,111.5,TE12,764,22718,2024-08-02
2024,Blake Corum,RB,23.7,113.4,RB30,731,23013,2024-08-02
2024,Hollywood Brown,WR,25.7,115.7,WR45,692,18226,2024-08-02
2024,Ricky Pearsall,WR,23.9,115.8,WR46,691,26214,2024-08-02
2024,Aaron Jones,RB,28.2,118.4,RB31,650,16673,2024-08-02
2024,Keenan Allen,WR,30.8,118.9,WR47,642,11616,2024-08-02
2024,Tua Tagovailoa,QB,26.4,44.5,QB16,3690,19198,2024-08-02
2024,Dallas Goedert,TE,28.1,121.8,TE13,600,17270,2024-08-02
2024,Xavier Legette,WR,23.5,124.6,WR48,562,26136,2024-08-02
2024,Jameson Williams,WR,21.9,125.4,WR49,551,23677,2024-08-02
2024,Zach Charbonnet,RB,23.1,126.4,RB32,538,23152,2024-08-02
2024,Pat Freiermuth,TE,24.3,127.7,TE14,522,20163,2024-08-02
2024,Courtland Sutton,WR,27.4,128.3,WR50,515,17253,2024-08-02
2024,Jared Goff,QB,29.8,53.4,QB17,2994,15501,2024-08-02
2024,James Conner,RB,27.8,129.9,RB33,496,16447,2024-08-02
2024,Adonai Mitchell,WR,21.8,129.6,WR51,499,24357,2024-08-02
2024,J.J. McCarthy,QB,21.5,60.6,QB19,2528,23018,2024-08-02
2024,DeAndre Hopkins,WR,30.7,130.9,WR52,484,11606,2024-08-02
2024,Josh Downs,WR,22.5,132.5,WR53,467,24706,2024-08-02
2024,Drake Maye,QB,21.9,55.2,QB18,2870,23046,2024-08-02
2024,MarShawn Lloyd,RB,23.6,134.6,RB34,444,23118,2024-08-02
2024,Devin Singletary,RB,25.5,136.9,RB35,421,18280,2024-08-02
2024,Ben Sinnott,TE,22.1,136.1,TE15,429,26310,2024-08-02
2024,Cole Kmet,TE,24,136.6,TE16,424,19229,2024-08-02
2024,Nick Chubb,RB,27.2,139.6,RB36,395,17246,2024-08-02
2024,Jahan Dotson,WR,22.9,140.2,WR54,389,23101,2024-08-02
2024,Kendre Miller,RB,21.7,140.5,RB37,387,24360,2024-08-02
2024,Dalton Schultz,TE,26.6,141.8,TE17,375,17349,2024-08-02
2024,Chase Brown,RB,23.9,142.2,RB38,371,25324,2024-08-02
2024,Romeo Doubs,WR,22.9,143.8,WR55,358,23794,2024-08-02
2024,Bryce Young,QB,22.5,69.9,QB20,2031,22900,2024-08-02
2024,Zack Moss,RB,25.2,145.7,RB39,342,19263,2024-08-02
2024,Luke Musgrave,TE,23.4,145.2,TE18,346,25282,2024-08-02
2024,Jerry Jeudy,WR,23.8,145.0,WR56,348,19201,2024-08-02
2024,Deshaun Watson,QB,27.4,71.3,QB21,1966,16398,2024-08-02
2024,Jakobi Meyers,WR,26.3,146.2,WR58,338,18598,2024-08-02
2024,Roman Wilson,WR,23.1,145.8,WR57,341,26160,2024-08-02
2024,Jaylen Wright,RB,21.3,147.6,RB40,327,25987,2024-08-02
2024,Austin Ekeler,RB,27.8,148.4,RB41,321,16483,2024-08-02
2024,Ja'Lynn Polk,WR,22.3,149.4,WR59,314,26205,2024-08-02
2024,Troy Franklin,WR,21.5,150.2,WR60,308,23092,2024-08-02
2024,Jerome Ford,RB,23.5,152.4,RB42,292,22921,2024-08-02
2024,Raheem Mostert,RB,30.9,156.6,RB43,265,14338,2024-08-02
2024,Jermaine Burton,WR,23.1,154.7,WR61,277,22956,2024-08-02
2024,Ray Davis,RB,24.7,160.4,RB44,242,26191,2024-08-02
2024,Isaiah Likely,TE,22.9,160.8,TE19,240,23781,2024-08-02
2024,Will Levis,QB,24.6,87.9,QB22,1331,22987,2024-08-02
2024,Marvin Mims Jr.,WR,21.9,161.9,WR62,234,23080,2024-08-02
2024,Dontayvion Wicks,WR,22.7,163.2,WR64,227,24354,2024-08-02
2024,Tyler Lockett,WR,30.4,162.0,WR63,233,13971,2024-08-02
2024,Baker Mayfield,QB,27.9,89.3,QB24,1288,17237,2024-08-02
2024,Michael Mayer,TE,22.6,166.0,TE20,212,23056,2024-08-02
2024,Kirk Cousins,QB,34.5,88.1,QB23,1324,11177,2024-08-02
2024,Tucker Kraft,TE,23.3,167.1,TE21,207,25298,2024-08-02
2024,Joshua Palmer,WR,23.4,167.0,WR65,207,22845,2024-08-02
2024,Gabe Davis,WR,23.9,167.0,WR66,207,19398,2024-08-02
2024,Roschon Johnson,RB,23,169.4,RB45,196,25322,2024-08-02
2024,Rashid Shaheed,WR,24.5,169.3,WR67,196,24687,2024-08-02
2024,Matthew Stafford,QB,35,97.2,QB25,1069,9451,2024-08-02
2024,Quentin Johnston,WR,22.4,169.7,WR68,195,23123,2024-08-02
2024,Chuba Hubbard,RB,23.7,174.4,RB46,174,19792,2024-08-02
2024,Kimani Vidal,RB,22.9,175.0,RB47,172,26355,2024-08-02
2024,Bo Nix,QB,24.4,97.7,QB26,1057,22910,2024-08-02
2024,Noah Fant,TE,25.3,176.5,TE23,166,17527,2024-08-02
2024,Cade Otton,TE,23.9,174.9,TE22,172,23181,2024-08-02
2024,Khalil Shakir,WR,23.1,175.7,WR69,169,23748,2024-08-02
2024,Tyler Allgeier,RB,22.9,179.1,RB49,156,24172,2024-08-02
2024,Gus Edwards,RB,27.9,178.4,RB48,159,17687,2024-08-02
2024,Ja'Tavion Sanders,TE,21.4,177.1,TE24,164,24334,2024-08-02
2024,Curtis Samuel,WR,26.5,178.8,WR71,157,16434,2024-08-02
2024,Mike Williams,WR,28.4,177.5,WR70,162,16377,2024-08-02
2024,DeMario Douglas,WR,23.2,180.4,WR74,151,25304,2024-08-02
2024,Javon Baker,WR,22.5,178.8,WR72,157,22885,2024-08-02
2024,Antonio Gibson,RB,24.7,182.7,RB50,143,19624,2024-08-02
2024,Michael Wilson,WR,24,179.4,WR73,155,25333,2024-08-02
2024,Malachi Corley,WR,22.4,183.4,WR75,141,26023,2024-08-02
2024,Chigoziem Okonkwo,TE,23.5,187.3,TE25,129,23982,2024-08-02
2024,Khalil Herbert,RB,24.8,190.3,RB51,120,22763,2024-08-02
2024,Michael Penix Jr.,QB,24.2,113.1,QB27,736,22973,2024-08-02
2024,Wan'Dale Robinson,WR,22.1,189.4,WR76,123,22985,2024-08-02
2024,Brandin Cooks,WR,29.4,190.4,WR77,120,12122,2024-08-02
2024,Jaleel McLaughlin,RB,23.4,192.8,RB52,113,25876,2024-08-02
2024,Rashod Bateman,WR,23.2,191.7,WR78,116,19794,2024-08-02
2024,Ezekiel Elliott,RB,27.6,195.8,RB54,105,15498,2024-08-02
2024,Bucky Irving,RB,22,194.3,RB53,109,25981,2024-08-02
2024,Justin Fields,QB,24.9,116.9,QB28,673,19781,2024-08-02
2024,Darnell Mooney,WR,25.3,198.4,WR81,99,19810,2024-08-02
2024,Elijah Moore,WR,22.9,197.2,WR80,102,20114,2024-08-02
2024,Jalen McMillan,WR,22.7,195.5,WR79,106,23179,2024-08-02
2024,Dameon Pierce,RB,23,200.4,RB56,95,22947,2024-08-02
2024,Geno Smith,QB,32.4,118.6,QB29,647,11687,2024-08-02
2024,Keaton Mitchell,RB,22.1,202.1,RB58,91,25360,2024-08-02
2024,Jalin Hyatt,WR,22.4,201.0,WR82,93,25251,2024-08-02
2024,Tyrone Tracy Jr.,RB,24.7,201.9,RB57,91,22980,2024-08-02
2024,Ty Chandler,RB,24.8,200.1,RB55,95,19471,2024-08-02
2024,Audric Estime,RB,20.9,203.1,RB59,89,23054,2024-08-02
2024,J.K. Dobbins,RB,24.2,205.9,RB62,83,19245,2024-08-02
2024,Hunter Henry,TE,28.2,201.2,TE26,93,15561,2024-08-02
2024,Braelon Allen,RB,20.5,203.2,RB60,89,24346,2024-08-02
2024,Luke McCaffrey,WR,23.3,202.7,WR83,90,26328,2024-08-02
2024,Rico Dowdle,RB,NA,204.7,RB61,86,19647,2024-08-02
2024,Juwan Johnson,TE,26.4,204.2,TE27,87,19562,2024-08-02
2024,Greg Dulcich,TE,22.9,204.9,TE28,85,23153,2024-08-02
2024,Adam Thielen,WR,32.5,206.9,WR84,81,13429,2024-08-02
2024,Aaron Rodgers,QB,39.2,127.5,QB30,525,9001,2024-08-02
2024,Elijah Mitchell,RB,24.8,211.9,RB64,72,22813,2024-08-02
2024,Daniel Jones,QB,25.7,129.9,QB31,496,18232,2024-08-02
2024,Treylon Burks,WR,22.9,209.7,WR85,76,22905,2024-08-02
2024,Will Shipley,RB,21.9,208.8,RB63,78,22930,2024-08-02
2024,Theo Johnson,TE,23.4,212.0,TE29,72,23104,2024-08-02
2024,Jelani Woods,TE,24.4,215.2,TE30,67,23829,2024-08-02
2024,Jonathan Mingo,WR,22.8,218.4,WR86,62,23030,2024-08-02
2024,Isaac Guerendo,RB,24.1,220.6,RB65,59,26392,2024-08-02
2024,Devontez Walker,WR,23.1,221.5,WR87,58,26011,2024-08-02
2024,Tyler Boyd,WR,28.3,222.2,WR88,57,15547,2024-08-02
2024,Tank Bigsby,RB,22.4,222.5,RB66,56,22908,2024-08-02
2024,Jonnu Smith,TE,27.5,224.4,TE31,54,16460,2024-08-02
2024,AJ Dillon,RB,24.8,228.3,RB68,49,19358,2024-08-02
2024,Zay Jones,WR,27.9,227.1,WR89,51,16431,2024-08-02
2024,Trey Palmer,WR,22.9,227.6,WR90,50,25331,2024-08-02
2024,Dylan Laube,RB,24.6,227.4,RB67,50,26194,2024-08-02
2024,Derek Carr,QB,31.9,133.7,QB32,454,12092,2024-08-02
2024,Alexander Mattison,RB,24.7,230.8,RB69,46,18621,2024-08-02
2024,Taysom Hill,TE,32.5,230.5,TE32,47,17115,2024-08-02
2024,Russell Wilson,QB,34.2,139.7,QB33,394,11180,2024-08-02
2024,Cedric Tillman,WR,23.8,233.8,WR91,43,25287,2024-08-02
2024,Odell Beckham Jr.,WR,29.3,235.1,WR93,42,12127,2024-08-02
2024,Andrei Iosivas,WR,24.3,234.9,WR92,42,25335,2024-08-02
2024,DJ Chark Jr.,WR,26.4,238.1,WR95,39,17292,2024-08-02
2024,Kendrick Bourne,WR,27.6,235.4,WR94,42,17066,2024-08-02
2024,Miles Sanders,RB,25.8,237.2,RB70,40,18283,2024-08-02
2024,Erick All Jr.,TE,23.9,236.6,TE33,40,23837,2024-08-02
2024,Alec Pierce,WR,22.8,243.8,WR98,34,23791,2024-08-02
2024,Dawson Knox,TE,26.3,240.5,TE34,37,18631,2024-08-02
2024,Rondale Moore,WR,22.7,243.1,WR96,35,19796,2024-08-02
2024,A.T. Perry,WR,24.3,243.2,WR97,35,24353,2024-08-02
2024,Malik Washington,WR,23.6,244.9,WR101,33,26314,2024-08-02
2024,K.J. Osborn,WR,25.7,244.6,WR100,33,19708,2024-08-02
2024,Kenneth Gainwell,RB,24,245.8,RB71,33,23310,2024-08-02
2024,Jacob Cowing,WR,NA,244.1,WR99,34,25289,2024-08-02
2024,Tyler Conklin,TE,27.6,242.4,TE35,35,17598,2024-08-02
2024,Deneric Prince,RB,NA,248.2,RB73,31,25770,2024-08-02
2024,D'Onta Foreman,RB,26.8,246.4,RB72,32,16407,2024-08-02
2024,Darius Slayton,WR,26.1,245.2,WR102,33,18706,2024-08-02
2024,Gerald Everett,TE,28.7,245.1,TE36,33,16459,2024-08-02
2024,Dillon Johnson,RB,NA,256.8,RB78,25,26226,2024-08-02
2024,Tyler Higbee,TE,30.1,248.8,TE37,30,15623,2024-08-02
2024,Tutu Atwell,WR,23.4,253.8,WR106,27,20126,2024-08-02
2024,Clyde Edwards-Helaire,RB,23.9,249.5,RB75,30,19325,2024-08-02
2024,Mike Gesicki,TE,27.4,250.6,TE38,29,17272,2024-08-02
2024,Greg Dortch,WR,24.7,252.4,WR105,28,18585,2024-08-02
2024,Kalif Raymond,WR,28.5,267.0,WR117,20,16081,2024-08-02
2024,Noah Brown,WR,25.6,253.8,WR107,27,16443,2024-08-02
2024,Sam Howell,QB,22.4,156.2,QB35,267,23045,2024-08-02
2024,Jalen Tolbert,WR,24,246.4,WR103,32,23770,2024-08-02
2024,Michael Thomas,WR,30,256.9,WR109,25,15528,2024-08-02
2024,Rasheen Ali,RB,23.5,251.1,RB76,29,25983,2024-08-02
2024,Evan Hull,RB,NA,249.3,RB74,30,25325,2024-08-02
2024,Skyy Moore,WR,22.5,259.6,WR112,24,23905,2024-08-02
2024,Kadarius Toney,WR,24.1,257.1,WR110,25,20119,2024-08-02
2024,Jamaal Williams,RB,27.9,260.0,RB79,23,16424,2024-08-02
2024,Kenny Pickett,QB,24.7,166.0,QB38,212,22722,2024-08-02
2024,John Metchie III,WR,22.6,254.2,WR108,27,22895,2024-08-02
2024,Tre Tucker,WR,22.9,249.3,WR104,30,25337,2024-08-02
2024,Kenny McIntosh,RB,NA,266.3,RB86,20,25329,2024-08-02
2024,Trey Sermon,RB,24.1,261.4,RB81,23,19425,2024-08-02
2024,Colby Parkinson,TE,24.1,259.8,TE40,23,19372,2024-08-02
2024,JuJu Smith-Schuster,WR,26.3,261.5,WR113,23,16427,2024-08-02
2024,Samaje Perine,RB,27.4,263.3,RB83,22,16423,2024-08-02
2024,Gardner Minshew II,QB,26.8,161.5,QB36,236,18562,2024-08-02
2024,Brenden Rice,WR,22.4,258.2,WR111,24,26213,2024-08-02
2024,Cade Stover,TE,24.1,259.5,TE39,24,25269,2024-08-02
2024,Demarcus Robinson,WR,28.4,261.7,WR114,22,15665,2024-08-02
2024,Josh Reynolds,WR,28,263.9,WR115,21,16439,2024-08-02
2024,Daniel Bellinger,TE,22.4,260.9,TE41,23,24238,2024-08-02
2024,Cody Schrader,RB,NA,282.2,RB96,14,26216,2024-08-02
2024,Parker Washington,WR,21.9,266.8,WR116,20,23106,2024-08-02
2024,Chris Rodriguez Jr.,RB,23.4,265.2,RB84,21,22986,2024-08-02
2024,Israel Abanikanda,RB,21.3,268.9,RB88,19,24352,2024-08-02
2024,Trenton Irwin,WR,NA,277.0,WR123,16,18726,2024-08-02
2024,Tyler Scott,WR,NA,267.3,WR118,20,25442,2024-08-02
2024,Michael Carter,RB,23.8,266.0,RB85,20,22728,2024-08-02
2024,Jameis Winston,QB,29.1,354.4,QB48,3,13891,2024-08-02
2024,Isaiah Davis,RB,NA,267.6,RB87,20,25977,2024-08-02
2024,Aidan O'Connell,QB,25.4,154.8,QB34,276,24330,2024-08-02
2024,Ainias Smith,WR,NA,273.1,WR122,17,23142,2024-08-02
2024,Michael Gallup,WR,27,270.0,WR120,18,17259,2024-08-02
2024,Leonard Fournette,RB,28.1,253.5,RB77,27,16378,2024-08-02
2024,Sam Darnold,QB,25.7,166.2,QB39,211,17236,2024-08-02
2024,Justice Hill,RB,25.3,263.2,RB82,22,18256,2024-08-02
2024,Ty Johnson,RB,25.4,299.5,RB110,9,18406,2024-08-02
2024,Jaheim Bell,TE,NA,273.4,TE42,17,24747,2024-08-02
2024,Joshua Dobbs,QB,NA,359.0,QB51,2,16417,2024-08-02
2024,Trey Lance,QB,22.8,222.0,QB43,57,20082,2024-08-02
2024,Mac Jones,QB,24.5,174.5,QB40,174,20156,2024-08-02
2024,Bo Melton,WR,NA,268.6,WR119,19,24049,2024-08-02
2024,Zach Wilson,QB,23.6,355.3,QB49,2,22679,2024-08-02
2024,Hendon Hooker,QB,26.1,353.4,QB46,3,24332,2024-08-02
2024,Casey Washington,WR,NA,279.7,WR127,15,26413,2024-08-02
2024,Jordan Travis,QB,24.3,361.2,QB54,2,25377,2024-08-02
2024,Xavier Gipson,WR,22.9,270.8,WR121,18,25758,2024-08-02
2024,Jalen Coker,WR,NA,288.8,WR132,12,26403,2024-08-02
2024,Eric Gray,RB,NA,269.6,RB89,19,23075,2024-08-02
2024,Cedrick Wilson Jr.,WR,27.3,306.0,WR146,8,17262,2024-08-02
2024,Kareem Hunt,RB,27.6,277.2,RB91,16,16425,2024-08-02
2024,Dallin Holker,TE,NA,319.5,TE64,6,24732,2024-08-02
2024,Isaiah Hodgins,WR,24.3,277.6,WR125,15,19375,2024-08-02
2024,Cole Turner,TE,NA,290.2,TE52,11,23727,2024-08-02
2024,Johnny Wilson,WR,NA,279.4,WR126,15,25295,2024-08-02
2024,Joshua Kelley,RB,25.3,261.2,RB80,23,19445,2024-08-02
2024,Jeff Wilson Jr.,RB,27.3,275.5,RB90,16,18026,2024-08-02
2024,Jamari Thrash,WR,NA,277.4,WR124,15,26162,2024-08-02
2024,Jeremy Ruckert,TE,22.5,275.1,TE44,16,23742,2024-08-02
2024,Donovan Peoples-Jones,WR,24,281.7,WR129,14,19298,2024-08-02
2024,Jared Wiley,TE,NA,276.4,TE46,16,26343,2024-08-02
2024,Chase Claypool,WR,24.6,284.0,WR131,13,18627,2024-08-02
2024,Xavier Hutchinson,WR,23.7,289.7,WR133,12,25332,2024-08-02
2024,Emari Demercado,RB,25.1,282.4,RB97,14,25654,2024-08-02
2024,Cam Akers,RB,23.7,280.7,RB92,14,19268,2024-08-02
2024,Dalvin Cook,RB,27.5,285.8,RB99,13,16374,2024-08-02
2024,Nelson Agholor,WR,29.8,293.7,WR138,11,13969,2024-08-02
2024,Zach Ertz,TE,32.3,282.4,TE48,14,11689,2024-08-02
2024,Hayden Hurst,TE,29.5,276.3,TE45,16,17283,2024-08-02
2024,Logan Thomas,TE,31.7,282.7,TE49,14,12095,2024-08-02
2024,Jacoby Brissett,QB,30.2,165.4,QB37,215,15642,2024-08-02
2024,Sean Tucker,RB,22.3,281.4,RB94,14,23679,2024-08-02
2024,Jordan Whittington,WR,NA,336.3,WR157,4,23135,2024-08-02
2024,Parris Campbell,WR,25.6,296.8,WR140,10,18463,2024-08-02
2024,Luke Schoonmaker,TE,25.4,285.8,TE51,13,25267,2024-08-02
2024,Jase McClellan,RB,NA,285.8,RB100,13,22894,2024-08-02
2024,Van Jefferson,WR,26.6,282.8,WR130,14,19483,2024-08-02
2024,Pierre Strong Jr.,RB,24.2,280.8,RB93,14,24173,2024-08-02
2024,Chris Evans,RB,25.4,297.0,RB106,10,22797,2024-08-02
2024,Blake Watson,RB,NA,284.9,RB98,13,26391,2024-08-02
2024,AJ Barner,TE,NA,273.4,TE43,17,26335,2024-08-02
2024,Davis Allen,TE,NA,280.8,TE47,14,23761,2024-08-02
2024,Jha'Quan Jackson,WR,NA,309.5,WR147,7,26377,2024-08-02
2024,Tyquan Thornton,WR,22.5,290.2,WR134,11,22913,2024-08-02
2024,Peyton Hendershot,TE,NA,303.0,TE59,8,22971,2024-08-02
2024,Malik Heath,WR,NA,340.6,WR158,4,25668,2024-08-02
2024,Deuce Vaughn,RB,22.3,281.4,RB95,14,22984,2024-08-02
2024,Frank Gore Jr.,RB,22.4,292.0,RB103,11,25980,2024-08-02
2024,Desmond Ridder,QB,23.5,353.9,QB47,3,20080,2024-08-02
2024,Bailey Zappe,QB,23.8,363.1,QB56,2,24027,2024-08-02
2024,Spencer Rattler,QB,23.8,187.7,QB41,128,23081,2024-08-02
2024,DeWayne McBride,RB,NA,292.5,RB104,11,25265,2024-08-02
2024,Jimmy Garoppolo,QB,31.3,352.8,QB45,3,12208,2024-08-02
2024,Mitchell Trubisky,QB,28.5,373.0,QB71,2,16381,2024-08-02
2024,Cornelius Johnson,WR,NA,342.6,WR159,3,23017,2024-08-02
2024,Carson Wentz,QB,30.2,364.7,QB57,2,15520,2024-08-02
2024,Jake Browning,QB,NA,216.0,QB42,66,18557,2024-08-02
2024,Royce Freeman,RB,NA,313.5,RB116,7,17245,2024-08-02
2024,Jarrett Stidham,QB,26.5,359.7,QB52,2,18604,2024-08-02
2024,Bub Means,WR,NA,291.6,WR135,11,26354,2024-08-02
2024,Irv Smith Jr.,TE,24.5,294.3,TE55,10,18610,2024-08-02
2024,Drew Lock,QB,26.3,350.7,QB44,3,18225,2024-08-02
2024,D'Ernest Johnson,RB,27,287.1,RB101,12,19111,2024-08-02
2024,Cordarrelle Patterson,RB,31.9,294.5,RB105,10,11613,2024-08-02
2024,Jordan Mason,RB,23.8,290.9,RB102,11,22969,2024-08-02
2024,Kyle Trask,QB,25,373.8,QB72,2,19800,2024-08-02
2024,Craig Reynolds,RB,26.7,313.5,RB117,7,19074,2024-08-02
2024,Nick Westbrook-Ikhine,WR,25.9,346.3,WR161,3,19747,2024-08-02
2024,Isaiah Spiller,RB,21.5,297.2,RB107,10,23143,2024-08-02
2024,Ryan Tannehill,QB,34.6,356.4,QB50,2,11174,2024-08-02
2024,Kayshon Boutte,WR,21.8,311.2,WR150,7,22989,2024-08-02
2024,Darnell Washington,TE,22.5,295.1,TE56,10,22967,2024-08-02
2024,Allen Robinson II,WR,29.5,280.5,WR128,14,12126,2024-08-02
2024,Justyn Ross,WR,23.2,343.5,WR160,3,19798,2024-08-02
2024,Mack Hollins,WR,29.4,333.0,WR156,4,16489,2024-08-02
2024,Calvin Austin III,WR,23.9,293.2,WR137,11,23739,2024-08-02
2024,Hunter Renfrow,WR,27.2,300.2,WR143,9,18345,2024-08-02
2024,Rashaad Penny,RB,27.1,299.0,RB109,9,17308,2024-08-02
2024,Will Dissly,TE,26.6,305.1,TE60,8,18049,2024-08-02
2024,David Bell,WR,22.2,294.4,WR139,10,23108,2024-08-02
2024,Joe Flacco,QB,NA,359.9,QB53,2,9300,2024-08-02
2024,Donald Parham Jr.,TE,25.5,292.0,TE53,11,18835,2024-08-02
2024,Justin Watson,WR,NA,317.5,WR151,6,17603,2024-08-02
2024,Mecole Hardman Jr.,WR,25,351.0,WR162,3,18587,2024-08-02
2024,Charlie Jones,WR,NA,298.0,WR142,10,25336,2024-08-02
2024,Ronnie Bell,WR,NA,351.1,WR163,3,23012,2024-08-02
2024,Jauan Jennings,WR,25.6,292.1,WR136,11,19590,2024-08-02
2024,Josh Oliver,TE,25.9,320.8,TE65,6,18487,2024-08-02
2024,Anthony Gould,WR,NA,351.6,WR164,3,26404,2024-08-02
2024,Chase Edmonds,RB,26.9,322.5,RB119,5,17496,2024-08-02
2024,Allen Lazard,WR,27.2,297.2,WR141,10,17301,2024-08-02
2024,Tejhaun Palmer,WR,NA,352.1,WR165,3,26411,2024-08-02
2024,Kevin Harris,RB,22.3,312.0,RB114,7,23117,2024-08-02
2024,Malik Davis,RB,24.2,319.5,RB118,6,24205,2024-08-02
2024,Ronnie Rivers,RB,NA,312.8,RB115,7,23986,2024-08-02
2024,Jerick McKinnon,RB,30.8,298.6,RB108,9,12209,2024-08-02
2024,Keilan Robinson,RB,NA,332.2,RB123,4,22896,2024-08-02
2024,Mason Rudolph,QB,27.6,374.7,QB75,2,17234,2024-08-02
2024,Derius Davis,WR,NA,354.4,WR166,3,25334,2024-08-02
2024,Kylen Granson,TE,24.9,296.1,TE57,10,22841,2024-08-02
2024,Noah Gray,TE,23.8,292.0,TE54,11,19539,2024-08-02
2024,Laviska Shenault Jr.,WR,24.4,354.9,WR167,3,19221,2024-08-02
2024,Malik Willis,QB,23.8,366.7,QB58,2,23499,2024-08-02
2024,Joe Milton III,QB,NA,366.7,QB59,2,25967,2024-08-02
2024,Andy Dalton,QB,35.3,366.8,QB60,2,9907,2024-08-02
2024,Marcus Rosemy-Jacksaint,WR,NA,356.1,WR168,2,26342,2024-08-02
2024,Jawhar Jordan,RB,NA,301.2,RB111,9,26329,2024-08-02
2024,DeeJay Dallas,RB,24.4,329.5,RB122,5,19521,2024-08-02
2024,Tip Reiman,TE,NA,282.8,TE50,14,26432,2024-08-02
2024,Braxton Berrios,WR,27.4,356.8,WR169,2,17289,2024-08-02
2024,Tyler Huntley,QB,25.1,368.4,QB61,2,19297,2024-08-02
2024,Keaontay Ingram,RB,23.3,329.0,RB121,5,23162,2024-08-02
2024,Taylor Heinicke,QB,29.9,368.5,QB62,2,13932,2024-08-02
2024,Jake Haener,QB,NA,368.5,QB63,2,24728,2024-08-02
2024,Tanner McLachlan,TE,NA,325.0,TE69,5,26352,2024-08-02
2024,Will Mallory,TE,NA,314.8,TE62,6,23821,2024-08-02
2024,Dyami Brown,WR,23.3,357.6,WR170,2,20113,2024-08-02
2024,Robert Woods,WR,30.9,304.2,WR144,8,11610,2024-08-02
2024,Tahj Washington,WR,NA,320.0,WR153,6,26397,2024-08-02
2024,Dorian Thompson-Robinson,QB,NA,369.4,QB66,2,20086,2024-08-02
2024,Quez Watkins,WR,24.7,358.2,WR171,2,19715,2024-08-02
2024,Terrace Marshall Jr.,WR,22.7,304.7,WR145,8,23242,2024-08-02
2024,Brevin Jordan,TE,22.6,297.0,TE58,10,20162,2024-08-02
2024,Brenton Strange,TE,NA,323.8,TE68,5,25345,2024-08-02
2024,Tommy Tremble,TE,22.7,321.3,TE66,6,22795,2024-08-02
2024,Tanner Hudson,TE,NA,318.1,TE63,6,17826,2024-08-02
2024,Michael Pratt,QB,NA,369.1,QB65,2,25226,2024-08-02
2024,Foster Moreau,TE,25.8,328.8,TE71,5,18397,2024-08-02
2024,Marcus Mariota,QB,29.3,370.5,QB68,2,13890,2024-08-02
2024,Jamal Agnew,WR,27.9,359.1,WR172,2,16666,2024-08-02
2024,Latavius Murray,RB,33.1,310.0,RB113,7,11821,2024-08-02
2024,Jason Brownlee,WR,NA,360.0,WR173,2,25754,2024-08-02
2024,Trayveon Williams,RB,25.4,338.3,RB124,4,18607,2024-08-02
2024,Justin Shorter,WR,NA,360.8,WR174,2,24083,2024-08-02
2024,Cooper Rush,QB,29.3,372.5,QB69,2,16477,2024-08-02
2024,Kendall Milton,RB,NA,339.2,RB125,4,22962,2024-08-02
2024,Isaiah McKenzie,WR,27.9,361.1,WR175,2,16604,2024-08-02
2024,Kyle Philips,WR,23.7,322.5,WR155,5,23896,2024-08-02
2024,Tommy DeVito,QB,NA,372.9,QB70,2,25746,2024-08-02
2024,Marquez Valdes-Scantling,WR,28.4,310.9,WR149,7,17528,2024-08-02
2024,Louis Rees-Zammit,RB,NA,340.4,RB126,4,26443,2024-08-02
2024,Ryan Flournoy,WR,NA,310.5,WR148,7,26398,2024-08-02
2024,Clayton Tune,QB,NA,373.8,QB73,2,25227,2024-08-02
2024,Davis Mills,QB,24.3,373.9,QB74,2,22799,2024-08-02
2024,Daijun Edwards,RB,NA,340.9,RB127,3,25985,2024-08-02
2024,Jake Bobo,WR,25.5,320.2,WR154,6,25339,2024-08-02
2024,Isaiah Williams,WR,NA,362.8,WR176,2,26379,2024-08-02
2024,Stetson Bennett,QB,NA,374.7,QB76,2,23927,2024-08-02
2024,Jaren Hall,QB,NA,374.9,QB77,2,24073,2024-08-02
2024,KJ Hamler,WR,23.6,363.4,WR177,2,19267,2024-08-02
2024,Zonovan Knight,RB,21.9,325.0,RB120,5,24901,2024-08-02
2024,Bryce Ford-Wheaton,WR,NA,363.6,WR178,2,25340,2024-08-02
2024,Pharaoh Brown,TE,NA,338.5,TE74,4,16937,2024-08-02
2024,Tim Patrick,WR,29.3,319.8,WR152,6,16556,2024-08-02
2024,Zach Evans,RB,22.7,308.3,RB112,7,23122,2024-08-02
2024,Tyson Bagent,QB,NA,368.5,QB64,2,25321,2024-08-02
2024,Sterling Shepard,WR,30,371.8,WR192,2,15569,2024-08-02
2024,Chris Moore,WR,29.7,364.4,WR179,2,15654,2024-08-02
2024,Durham Smythe,TE,NA,321.8,TE67,5,17508,2024-08-02
2024,Devin Duvernay,WR,25.5,364.8,WR180,2,19270,2024-08-02
2024,Austin Hooper,TE,28.3,339.7,TE75,4,15581,2024-08-02
2024,Adam Trautman,TE,26.1,311.1,TE61,7,19423,2024-08-02
2024,Elijah Higgins,TE,NA,325.2,TE70,5,23119,2024-08-02
2024,Tyrod Taylor,QB,32.6,363.0,QB55,2,10007,2024-08-02
2024,KaVontae Turpin,WR,26.6,365.4,WR181,2,18520,2024-08-02
2024,Jalen Guyton,WR,25.7,365.6,WR182,2,18941,2024-08-02
2024,Zack Kuntz,TE,NA,332.3,TE72,4,25347,2024-08-02
2024,Jordan Akins,TE,NA,340.6,TE76,4,17415,2024-08-02
2024,Deonte Harty,WR,25.2,366.0,WR183,2,18876,2024-08-02
2024,Nyheim Hines,RB,26.3,344.4,RB128,3,17297,2024-08-02
2024,Trent Sherfield Sr.,WR,27,366.3,WR184,2,17888,2024-08-02
2024,Mike White,QB,27.9,370.0,QB67,2,17447,2024-08-02
2024,Velus Jones Jr.,WR,25.8,367.0,WR185,2,24214,2024-08-02
2024,Devin Leary,QB,NA,378.6,QB78,1,24698,2024-08-02
2024,Nick Mullens,QB,NA,378.7,QB79,1,16726,2024-08-02
2024,Harrison Bryant,TE,24.8,334.2,TE73,4,19389,2024-08-02
2024,Michael Wiley,RB,NA,345.7,RB129,3,26380,2024-08-02
2024,Charlie Kolar,TE,24,342.7,TE77,3,22756,2024-08-02
2024,Tyrion Davis-Price,RB,22.3,347.5,RB130,3,22992,2024-08-02
2024,Jalen Reagor,WR,24.1,368.2,WR186,2,19219,2024-08-02
2024,Easton Stick,QB,NA,383.3,QB82,1,18446,2024-08-02
2024,Brandon Johnson,WR,NA,368.6,WR187,2,24233,2024-08-02
2024,Miyan Williams,RB,NA,348.2,RB131,3,25386,2024-08-02
2024,Brock Wright,TE,24.2,345.0,TE79,3,23341,2024-08-02
2024,Malik Cunningham,QB,NA,382.2,QB80,1,22988,2024-08-02
2024,Olamide Zaccheaus,WR,25.6,370.8,WR188,2,18864,2024-08-02
2024,Erik Ezukanma,WR,23.1,371.1,WR189,2,23755,2024-08-02
2024,Sean Clifford,QB,NA,382.7,QB81,1,20073,2024-08-02
2024,Scotty Miller,WR,25.6,371.2,WR190,2,18714,2024-08-02
2024,Emanuel Wilson,RB,NA,349.7,RB132,3,25885,2024-08-02
2024,C.J. Uzomah,TE,30.1,346.4,TE80,3,14084,2024-08-02
2024,Marvin Jones Jr.,WR,33,371.6,WR191,2,11215,2024-08-02
2024,Robert Tonyan,TE,28.8,346.7,TE81,3,16502,2024-08-02
2024,Albert Okwuegbunam Jr.,TE,24.8,346.8,TE82,3,18246,2024-08-02
2024,Danny Gray,WR,23.9,372.0,WR193,2,24178,2024-08-02
2024,Salvon Ahmed,RB,24.2,350.5,RB133,3,19449,2024-08-02
2024,P.J. Walker,QB,28,383.9,QB83,1,16841,2024-08-02
2024,Hunter Long,TE,24.5,347.2,TE83,3,22783,2024-08-02
2024,Devin Culp,TE,NA,347.3,TE84,3,26440,2024-08-02
2024,JaMycal Hasty,RB,26.5,350.9,RB134,3,19627,2024-08-02
2024,Mo Alie-Cox,TE,29.4,347.6,TE85,3,16579,2024-08-02
2024,Max Duggan,QB,NA,384.9,QB84,1,23121,2024-08-02
2024,Case Keenum,QB,NA,384.9,QB85,1,11425,2024-08-02
2024,Jamison Crowder,WR,29.7,373.4,WR194,2,13976,2024-08-02
2024,Matt Breida,RB,28,351.7,RB135,3,17058,2024-08-02
2024,Sam Ehlinger,QB,24.4,385.4,QB86,1,19803,2024-08-02
2024,George Holani,RB,NA,352.1,RB136,3,22915,2024-08-02
2024,Zach Pascal,WR,28.2,373.9,WR195,2,16972,2024-08-02
2024,Payne Durham,TE,NA,349.0,TE86,3,25346,2024-08-02
2024,Cameron Latu,TE,NA,349.1,TE87,3,24331,2024-08-02
2024,Skylar Thompson,QB,25.7,385.9,QB87,1,24170,2024-08-02
2024,John Bates,TE,25.3,349.4,TE88,3,22833,2024-08-02
2024,Russell Gage,WR,27.1,374.6,WR196,2,17606,2024-08-02
2024,Ben Skowronek,WR,25.7,374.6,WR197,2,22843,2024-08-02
2024,Samori Toure,WR,NA,374.6,WR198,2,23883,2024-08-02
2024,Tyler Johnson,WR,24.5,374.6,WR199,2,18633,2024-08-02
2024,Tanner McKee,QB,NA,386.6,QB88,1,24740,2024-08-02
2024,Connor Heyward,TE,NA,344.5,TE78,3,24562,2024-08-02
2024,Teagan Quitoriano,TE,NA,350.0,TE89,3,24182,2024-08-02
2024,Richie James Jr.,WR,27.9,375.2,WR200,2,17303,2024-08-02
2024,Tyler Goodson,RB,NA,353.7,RB137,3,22976,2024-08-02
2024,Boston Scott,RB,27.8,353.9,RB138,3,17612,2024-08-02
2024,Lynn Bowden Jr.,WR,25.4,376.1,WR201,2,19587,2024-08-02
2024,Emani Bailey,RB,NA,354.9,RB139,3,26330,2024-08-02
2024,Marquez Callaway,WR,24.9,376.8,WR202,1,19505,2024-08-02
2024,Kyle Allen,QB,27,388.4,QB89,1,17869,2024-08-02
2024,Hassan Haskins,RB,23.2,355.7,RB140,2,23798,2024-08-02
2024,Tylan Wallace,WR,23.8,378.1,WR203,1,19801,2024-08-02
2024,Tre'Quan Smith,WR,27.1,378.3,WR204,1,17261,2024-08-02
2024,Deon Jackson,RB,24,356.7,RB141,2,20097,2024-08-02
2024,Rakim Jarrett,WR,NA,378.8,WR205,1,23001,2024-08-02
2024,Raheem Blackshear,RB,NA,357.2,RB142,2,20100,2024-08-02
2024,Dee Eskridge,WR,25.9,379.3,WR206,1,22785,2024-08-02
2024,Ashton Dulin,WR,25.8,379.6,WR207,1,18656,2024-08-02
2024,Kenny Yeboah,TE,NA,355.0,TE90,3,22815,2024-08-02
2024,Kene Nwangwu,RB,25,358.7,RB143,2,23249,2024-08-02
2024,Darrynton Evans,RB,24.6,358.9,RB144,2,19418,2024-08-02
2024,Phillip Dorsett II,WR,NA,381.1,WR208,1,13979,2024-08-02
2024,James Robinson,RB,24.5,359.5,RB145,2,19631,2024-08-02
2024,Ameer Abdullah,RB,29.7,359.7,RB146,2,13924,2024-08-02
2024,Jalen Nailor,WR,NA,381.6,WR209,1,24177,2024-08-02
2024,Drew Sample,TE,26.9,356.5,TE91,2,18561,2024-08-02
2024,Darrell Henderson Jr.,RB,25.5,360.1,RB147,2,18588,2024-08-02
2024,Myles Gaskin,RB,26,360.2,RB148,2,17251,2024-08-02
2024,Trevor Siemian,QB,NA,393.9,QB90,1,14142,2024-08-02
2024,Julius Chestnut,RB,NA,360.6,RB149,2,24689,2024-08-02
2024,Jaden Shirden,RB,NA,360.6,RB150,2,26364,2024-08-02
2024,Tyler Badie,RB,23,360.7,RB151,2,23812,2024-08-02
2024,Equanimeous St. Brown,WR,26.4,382.8,WR210,1,17307,2024-08-02
2024,James Mitchell,TE,23.5,357.8,TE92,2,23174,2024-08-02
2024,Ian Thomas,TE,26.7,358.0,TE93,2,17387,2024-08-02
2024,Snoop Conner,RB,23.2,361.7,RB152,2,23027,2024-08-02
2024,Josh Whyle,TE,NA,358.3,TE94,2,22923,2024-08-02
2024,Drew Ogletree,TE,NA,358.3,TE95,2,24561,2024-08-02
2024,La'Mical Perine,RB,24.1,362.9,RB153,2,19333,2024-08-02
2024,Ihmir Smith-Marsette,WR,23.5,385.3,WR211,1,20116,2024-08-02
2024,Mike Boone,RB,27.7,363.9,RB154,2,17813,2024-08-02
2024,Dez Fitzpatrick,WR,25.2,386.1,WR212,1,20112,2024-08-02
2024,Seth Williams,WR,NA,386.1,WR213,1,20118,2024-08-02
2024,Travis Homer,RB,24.6,364.7,RB155,2,18616,2024-08-02
2024,Robbie Chosen,WR,29.8,387.1,WR214,1,15688,2024-08-02
2024,Melvin Gordon III,RB,29.9,365.6,RB156,2,13903,2024-08-02
2024,Antonio Brown,WR,33.6,387.6,WR215,1,9808,2024-08-02
2024,DeAndre Carter,WR,29.9,387.6,WR216,1,14103,2024-08-02
2024,Grant Calcaterra,TE,NA,362.5,TE96,2,24180,2024-08-02
2024,Eno Benjamin,RB,23.9,366.2,RB157,2,19361,2024-08-02
2024,Andy Isabella,WR,25.3,388.1,WR217,1,18409,2024-08-02
2024,Tre' McKitty,TE,24.1,363.0,TE97,2,22807,2024-08-02
2024,Ke'Shawn Vaughn,RB,25.8,366.7,RB158,2,19351,2024-08-02
2024,Jaelon Darden,WR,24.1,388.6,WR218,1,22796,2024-08-02
2024,Tony Jones Jr.,RB,25.3,367.1,RB159,2,19482,2024-08-02
2024,Cornell Powell,WR,NA,389.1,WR219,1,22811,2024-08-02
2024,Patrick Taylor Jr.,RB,NA,367.4,RB160,2,19544,2024-08-02
2024,Marquise Goodwin,WR,32.3,390.1,WR220,1,11599,2024-08-02
2024,Jack Stoll,TE,NA,366.0,TE98,2,23193,2024-08-02
2024,Julian Hill,TE,NA,366.7,TE99,2,25824,2024-08-02
2024,Charlie Woerner,TE,NA,367.5,TE100,2,19665,2024-08-02
2024,Javian Hawkins,RB,NA,371.9,RB161,2,22762,2024-08-02
2024,Chris Brooks,RB,NA,372.9,RB162,2,25823,2024-08-02
2024,Dante Pettis,WR,NA,396.1,WR221,1,17264,2024-08-02
2024,Luke Farrell,TE,NA,371.0,TE101,2,19501,2024-08-02
2024,Eric Saubert,TE,NA,373.0,TE102,2,16706,2024-08-02
2024,Dare Ogunbowale,RB,28.8,378.4,RB163,1,16879,2024-08-02
2024,Ross Dwelley,TE,NA,375.0,TE103,2,17886,2024-08-02
2024,Denzel Mims,WR,25.4,401.1,WR222,1,19344,2024-08-02
2024,Gary Brightwell,RB,24,379.9,RB164,1,23293,2024-08-02
2024,Brandon Bolden,RB,NA,382.9,RB165,1,11410,2024-08-02
2024,J.J. Taylor,RB,25.1,385.4,RB166,1,19438,2024-08-02
2024,N'Keal Harry,WR,25.2,414.6,WR223,1,18222,2024-08-02
2024,Jarvis Landry,WR,30.2,416.6,WR224,1,12128,2024-08-02
2024,Kenyan Drake,RB,29.1,394.9,RB167,1,15637,2024-08-02
2025,Ja'Marr Chase,WR,25.4,6.3,WR2,9055,19788,2025-08-01
2025,Justin Jefferson,WR,26.1,5.8,WR1,9162,19236,2025-08-01
2025,CeeDee Lamb,WR,26.3,9.7,WR3,8360,19202,2025-08-01
2025,Bijan Robinson,RB,23.5,12.3,RB1,7864,23133,2025-08-01
2025,Jahmyr Gibbs,RB,23.4,17.0,RB2,7042,22968,2025-08-01
2025,Amon-Ra St. Brown,WR,25.8,14.9,WR4,7398,19799,2025-08-01
2025,Malik Nabers,WR,22,18.6,WR5,6782,25409,2025-08-01
2025,Brian Thomas Jr.,WR,22.8,19.6,WR7,6625,23000,2025-08-01
2025,Puka Nacua,WR,24.2,18.6,WR6,6782,23180,2025-08-01
2025,Ashton Jeanty,RB,21.7,20.0,RB3,6563,25989,2025-08-01
2025,Garrett Wilson,WR,25,28.9,WR10,5324,23072,2025-08-01
2025,Marvin Harrison Jr.,WR,23,26.0,WR8,5699,23064,2025-08-01
2025,Drake London,WR,24,27.8,WR9,5463,23163,2025-08-01
2025,Breece Hall,RB,24.2,28.9,RB5,5324,22982,2025-08-01
2025,Nico Collins,WR,26.4,30.6,WR12,5116,20130,2025-08-01
2025,A.J. Brown,WR,28.1,30.5,WR11,5128,18218,2025-08-01
2025,Ladd McConkey,WR,23.7,30.6,WR13,5116,26122,2025-08-01
2025,Josh Allen,QB,29.2,1.4,QB1,10160,17298,2025-08-01
2025,Jaxon Smith-Njigba,WR,23.5,34.9,WR14,4624,23070,2025-08-01
2025,De'Von Achane,RB,23.8,36.3,RB6,4474,23136,2025-08-01
2025,Brock Bowers,TE,22.6,35.9,TE1,4516,22955,2025-08-01
2025,Lamar Jackson,QB,28.6,4.1,QB2,9536,17233,2025-08-01
2025,Jayden Daniels,QB,24.6,12.4,QB6,7846,22902,2025-08-01
2025,Jonathan Taylor,RB,26.5,39.5,RB7,4150,19217,2025-08-01
2025,Saquon Barkley,RB,28.5,28.3,RB4,5400,17240,2025-08-01
2025,Omarion Hampton,RB,22.4,40.0,RB8,4102,25395,2025-08-01
2025,Bucky Irving,RB,23,40.7,RB9,4035,25981,2025-08-01
2025,Trey McBride,TE,25.7,40.0,TE2,4102,22936,2025-08-01
2025,Travis Hunter,WR,22.2,42.9,WR16,3831,26034,2025-08-01
2025,Sam LaPorta,TE,24.6,42.1,TE3,3904,22978,2025-08-01
2025,Tetairoa McMillan,WR,22.3,44.1,WR17,3725,25417,2025-08-01
2025,DeVonta Smith,WR,26.7,45.5,WR18,3604,19222,2025-08-01
2025,Patrick Mahomes II,QB,29.9,6.4,QB3,9034,16413,2025-08-01
2025,Rashee Rice,WR,25.3,46.0,WR19,3562,23113,2025-08-01
2025,Jalen Hurts,QB,27,6.9,QB4,8928,19275,2025-08-01
2025,Rome Odunze,WR,23.2,49.8,WR20,3258,25411,2025-08-01
2025,Joe Burrow,QB,28.6,7.7,QB5,8762,19196,2025-08-01
2025,Tee Higgins,WR,26.5,41.6,WR15,3950,19211,2025-08-01
2025,Christian McCaffrey,RB,29.1,48.7,RB10,3343,16393,2025-08-01
2025,Chris Olave,WR,25.1,52.8,WR22,3036,20111,2025-08-01
2025,Zay Flowers,WR,24.9,53.4,WR23,2994,22916,2025-08-01
2025,Jaylen Waddle,WR,26.7,52.5,WR21,3058,19790,2025-08-01
2025,Kyren Williams,RB,24.9,51.9,RB11,3101,23059,2025-08-01
2025,DK Metcalf,WR,27.6,58.3,WR24,2668,18219,2025-08-01
2025,James Cook,RB,25.9,55.2,RB12,2870,22958,2025-08-01
2025,Chase Brown,RB,25.4,58.4,RB13,2662,25324,2025-08-01
2025,DJ Moore,WR,28.3,60.9,WR25,2510,17265,2025-08-01
2025,Josh Jacobs,RB,27.5,59.8,RB14,2576,18269,2025-08-01
2025,C.J. Stroud,QB,23.8,12.7,QB7,7791,23071,2025-08-01
2025,Jordan Addison,WR,23.5,61.6,WR26,2469,23107,2025-08-01
2025,Terry McLaurin,WR,29.9,62.0,WR28,2446,18466,2025-08-01
2025,Tyreek Hill,WR,31.4,61.8,WR27,2457,15802,2025-08-01
2025,TreVeyon Henderson,RB,22.8,62.4,RB15,2423,23065,2025-08-01
2025,Kenneth Walker III,RB,24.8,64.5,RB16,2306,23021,2025-08-01
2025,Xavier Worthy,WR,22.3,65.4,WR29,2258,23019,2025-08-01
2025,Justin Herbert,QB,27.4,14.1,QB8,7539,18635,2025-08-01
2025,George Kittle,TE,31.8,69.7,TE4,2041,16499,2025-08-01
2025,Brandon Aiyuk,WR,27.4,68.5,WR30,2099,19252,2025-08-01
2025,T.J. Hockenson,TE,28.1,70.0,TE5,2027,18290,2025-08-01
2025,Jameson Williams,WR,24.4,69.6,WR31,2046,23677,2025-08-01
2025,Emeka Egbuka,WR,22.8,71.0,WR32,1980,23062,2025-08-01
2025,George Pickens,WR,24.4,79.3,WR33,1629,22963,2025-08-01
2025,Caleb Williams,QB,23.7,16.2,QB9,7176,23084,2025-08-01
2025,Derrick Henry,RB,31.6,73.8,RB17,1853,15514,2025-08-01
2025,Tyler Warren,TE,23.2,74.7,TE6,1815,26434,2025-08-01
2025,Bo Nix,QB,25.4,18.6,QB10,6782,22910,2025-08-01
2025,Colston Loveland,TE,21.3,77.9,TE8,1683,26006,2025-08-01
2025,Kaleb Johnson,RB,22,79.5,RB18,1621,27165,2025-08-01
2025,Dalton Kincaid,TE,25.8,77.7,TE7,1691,25247,2025-08-01
2025,Drake Maye,QB,22.9,31.1,QB15,5056,23046,2025-08-01
2025,RJ Harvey,RB,24.5,82.0,RB20,1529,27142,2025-08-01
2025,Quinshon Judkins,RB,21.8,81.7,RB19,1539,25391,2025-08-01
2025,Jerry Jeudy,WR,26.3,83.5,WR34,1476,19201,2025-08-01
2025,Michael Pittman Jr.,WR,27.8,110.2,WR47,788,19278,2025-08-01
2025,Davante Adams,WR,32.6,86.3,WR35,1382,12123,2025-08-01
2025,Chuba Hubbard,RB,26.1,87.8,RB21,1334,19792,2025-08-01
2025,Mike Evans,WR,31.9,89.0,WR36,1297,12119,2025-08-01
2025,David Njoku,TE,29.1,90.5,TE9,1252,16399,2025-08-01
2025,Tucker Kraft,TE,24.7,91.7,TE10,1217,25298,2025-08-01
2025,Jordan Love,QB,26.7,22.6,QB11,6174,19246,2025-08-01
2025,David Montgomery,RB,28.2,95.0,RB22,1126,18239,2025-08-01
2025,Mark Andrews,TE,29.9,94.7,TE11,1134,17269,2025-08-01
2025,Luther Burden III,WR,21.6,98.8,WR38,1030,27016,2025-08-01
2025,Matthew Golden,WR,22,98.5,WR37,1037,26024,2025-08-01
2025,Brock Purdy,QB,25.6,28.3,QB13,5400,19797,2025-08-01
2025,Joe Mixon,RB,29,99.2,RB24,1020,16420,2025-08-01
2025,Kyler Murray,QB,28,27.0,QB12,5567,18600,2025-08-01
2025,Ricky Pearsall,WR,24.9,99.2,WR39,1020,26214,2025-08-01
2025,Travis Etienne Jr.,RB,26.5,98.6,RB23,1035,19231,2025-08-01
2025,Kyle Pitts Sr.,TE,24.8,125.9,TE14,545,20164,2025-08-01
2025,Baker Mayfield,QB,30.3,29.3,QB14,5274,17237,2025-08-01
2025,Alvin Kamara,RB,30,101.4,RB25,969,16421,2025-08-01
2025,Chris Godwin,WR,29.4,102.5,WR40,944,16406,2025-08-01
2025,Khalil Shakir,WR,25.5,104.2,WR42,907,23748,2025-08-01
2025,Josh Downs,WR,24,103.7,WR41,918,24706,2025-08-01
2025,Courtland Sutton,WR,29.8,105.5,WR43,880,17253,2025-08-01
2025,Tony Pollard,RB,28.3,108.3,RB26,824,18705,2025-08-01
2025,Jayden Higgins,WR,22.6,108.1,WR44,828,27077,2025-08-01
2025,Jayden Reed,WR,25.3,108.4,WR45,822,23020,2025-08-01
2025,Tre' Harris,WR,23.4,109.7,WR46,797,26215,2025-08-01
2025,D'Andre Swift,RB,26.5,112.6,RB27,745,19210,2025-08-01
2025,Evan Engram,TE,30.9,112.5,TE12,746,16411,2025-08-01
2025,Brian Robinson Jr.,RB,26.4,113.7,RB28,726,20094,2025-08-01
2025,Trevor Lawrence,QB,25.8,33.9,QB16,4734,19780,2025-08-01
2025,Isiah Pacheco,RB,26.4,114.3,RB29,716,24333,2025-08-01
2025,Calvin Ridley,WR,30.6,117.1,WR48,670,17258,2025-08-01
2025,James Conner,RB,30.2,116.8,RB30,675,16447,2025-08-01
2025,J.J. McCarthy,QB,22.5,42.8,QB17,3840,23018,2025-08-01
2025,Jauan Jennings,WR,28.1,120.8,WR49,614,19590,2025-08-01
2025,Deebo Samuel Sr.,WR,29.5,122.9,WR50,585,18244,2025-08-01
2025,Tyrone Tracy Jr.,RB,25.7,123.0,RB31,583,22980,2025-08-01
2025,Travis Kelce,TE,35.8,123.3,TE13,579,11594,2025-08-01
2025,Jakobi Meyers,WR,28.7,123.3,WR51,579,18598,2025-08-01
2025,Jared Goff,QB,30.8,50.6,QB19,3197,15501,2025-08-01
2025,Cam Skattebo,RB,23.5,125.8,RB32,546,27166,2025-08-01
2025,Anthony Richardson Sr.,QB,23.2,70.1,QB23,2022,24347,2025-08-01
2025,Aaron Jones Sr.,RB,30.7,127.9,RB33,520,16673,2025-08-01
2025,Dak Prescott,QB,32,46.9,QB18,3488,15600,2025-08-01
2025,Keon Coleman,WR,22.2,128.7,WR52,510,26019,2025-08-01
2025,Tank Dell,WR,25.8,178.2,WR69,159,25361,2025-08-01
2025,Darnell Mooney,WR,27.8,132.1,WR53,471,19810,2025-08-01
2025,Michael Penix Jr.,QB,25.2,58.0,QB20,2687,22973,2025-08-01
2025,Jalen McMillan,WR,23.6,134.4,WR54,446,23179,2025-08-01
2025,Stefon Diggs,WR,31.7,135.9,WR55,431,13981,2025-08-01
2025,Jack Bech,WR,22.6,137.3,WR56,417,27224,2025-08-01
2025,Cameron Ward,QB,23.2,62.7,QB21,2406,24755,2025-08-01
2025,Najee Harris,RB,27.4,138.9,RB34,401,19302,2025-08-01
2025,Dallas Goedert,TE,30.6,139.2,TE15,399,17270,2025-08-01
2025,Cooper Kupp,WR,32.1,140.2,WR57,389,16433,2025-08-01
2025,Zach Charbonnet,RB,24.6,139.6,RB35,395,23152,2025-08-01
2025,Bhayshul Tuten,RB,22.5,140.8,RB36,384,27297,2025-08-01
2025,Isaiah Likely,TE,25.3,141.3,TE16,379,23781,2025-08-01
2025,Rashid Shaheed,WR,26.9,141.9,WR58,374,24687,2025-08-01
2025,Trey Benson,RB,23,141.8,RB37,375,25388,2025-08-01
2025,Kyle Williams,WR,22.7,143.9,WR59,357,27487,2025-08-01
2025,Jake Ferguson,TE,26.5,145.2,TE17,346,22718,2025-08-01
2025,Jonnu Smith,TE,NA,147.8,TE18,326,16460,2025-08-01
2025,Jaylen Warren,RB,26.7,148.8,RB38,318,24209,2025-08-01
2025,Justin Fields,QB,26.4,74.4,QB24,1828,19781,2025-08-01
2025,Mason Taylor,TE,21.2,151.1,TE19,301,26005,2025-08-01
2025,Bryce Young,QB,24,76.5,QB25,1740,22900,2025-08-01
2025,Tua Tagovailoa,QB,27.4,66.5,QB22,2200,19198,2025-08-01
2025,Rashod Bateman,WR,25.7,152.1,WR60,294,19794,2025-08-01
2025,Rhamondre Stevenson,RB,27.4,153.6,RB39,284,22726,2025-08-01
2025,Christian Kirk,WR,28.7,152.9,WR61,289,17268,2025-08-01
2025,Jonathon Brooks,RB,22,212.3,RB60,72,26148,2025-08-01
2025,Cedric Tillman,WR,25.3,155.4,WR62,272,25287,2025-08-01
2025,Marvin Mims Jr.,WR,23.4,155.8,WR63,270,23080,2025-08-01
2025,Pat Freiermuth,TE,26.8,157.9,TE20,257,20163,2025-08-01
2025,Rachaad White,RB,26.6,158.3,RB40,254,23891,2025-08-01
2025,Romeo Doubs,WR,25.3,159.2,WR64,249,23794,2025-08-01
2025,Javonte Williams,RB,25.3,159.8,RB41,246,22739,2025-08-01
2025,Sam Darnold,QB,28.2,90.7,QB26,1246,17236,2025-08-01
2025,Elijah Arroyo,TE,22.3,162.1,TE21,233,23004,2025-08-01
2025,Jaylin Noel,WR,22.9,161.6,WR65,235,27122,2025-08-01
2025,Jordan Mason,RB,26.2,164.1,RB43,222,22969,2025-08-01
2025,Tyjae Spears,RB,24.1,163.6,RB42,225,25323,2025-08-01
2025,Xavier Legette,WR,24.5,163.8,WR66,224,26136,2025-08-01
2025,Tank Bigsby,RB,23.9,166.4,RB44,210,22908,2025-08-01
2025,Marquise Brown,WR,28.2,166.5,WR67,210,18226,2025-08-01
2025,Jaxson Dart,QB,22.2,98.8,QB27,1030,23160,2025-08-01
2025,Terrance Ferguson,TE,22.4,172.3,TE22,183,23091,2025-08-01
2025,Isaac Guerendo,RB,25.1,174.3,RB45,175,26392,2025-08-01
2025,Wan'Dale Robinson,WR,24.6,174.7,WR68,173,22985,2025-08-01
2025,Cade Otton,TE,26.3,176.2,TE23,167,23181,2025-08-01
2025,Jaylen Wright,RB,22.3,176.6,RB46,166,25987,2025-08-01
2025,Geno Smith,QB,34.8,99.2,QB28,1020,11687,2025-08-01
2025,Ray Davis,RB,25.7,178.3,RB47,159,26191,2025-08-01
2025,Hunter Henry,TE,30.7,178.3,TE24,159,15561,2025-08-01
2025,Quentin Johnston,WR,23.9,179.4,WR70,155,23123,2025-08-01
2025,Braelon Allen,RB,21.5,181.3,RB48,148,24346,2025-08-01
2025,Matthew Stafford,QB,37.5,112.0,QB29,755,9451,2025-08-01
2025,J.K. Dobbins,RB,26.6,182.4,RB50,144,19245,2025-08-01
2025,Jaydon Blue,RB,21.6,181.3,RB49,148,24344,2025-08-01
2025,Brenton Strange,TE,24.6,179.6,TE25,154,25345,2025-08-01
2025,Harold Fannin Jr.,TE,21,180.2,TE26,152,27050,2025-08-01
2025,Dylan Sampson,RB,20.9,183.7,RB51,140,27102,2025-08-01
2025,Joshua Palmer,WR,25.9,186.1,WR71,132,22845,2025-08-01
2025,Jalen Royals,WR,22.5,187.5,WR74,128,27076,2025-08-01
2025,Adonai Mitchell,WR,22.8,187.2,WR73,129,24357,2025-08-01
2025,Jalen Coker,WR,23.8,187.7,WR75,128,26403,2025-08-01
2025,Elic Ayomanor,WR,22.2,186.9,WR72,130,27059,2025-08-01
2025,Blake Corum,RB,24.7,193.6,RB52,111,23013,2025-08-01
2025,Rico Dowdle,RB,27.1,195.7,RB53,106,19647,2025-08-01
2025,Cole Kmet,TE,26.4,196.0,TE27,105,19229,2025-08-01
2025,Tyler Allgeier,RB,25.3,195.8,RB54,105,24172,2025-08-01
2025,DeMario Douglas,WR,24.6,195.8,WR76,105,25304,2025-08-01
2025,Ja'Tavion Sanders,TE,22.3,197.2,TE28,102,24334,2025-08-01
2025,Christian Watson,WR,26.2,198.8,WR78,98,23886,2025-08-01
2025,Dontayvion Wicks,WR,24.1,197.0,WR77,102,24354,2025-08-01
2025,Mike Gesicki,TE,29.8,200.3,TE29,95,17272,2025-08-01
2025,Jarquez Hunter,RB,22.6,199.6,RB55,96,24335,2025-08-01
2025,Chig Okonkwo,TE,25.9,206.1,TE30,83,23982,2025-08-01
2025,DeAndre Hopkins,WR,33.2,204.5,WR79,86,11606,2025-08-01
2025,Amari Cooper,WR,31.1,208.0,WR81,79,13894,2025-08-01
2025,Michael Wilson,WR,25.4,206.9,WR80,81,25333,2025-08-01
2025,MarShawn Lloyd,RB,24.6,207.4,RB56,80,23118,2025-08-01
2025,Theo Johnson,TE,24.4,207.6,TE31,80,23104,2025-08-01
2025,Keenan Allen,WR,33.3,210.6,WR84,74,11616,2025-08-01
2025,Ben Sinnott,TE,23.1,209.6,TE32,76,26310,2025-08-01
2025,Jerome Ford,RB,25.9,208.7,RB57,78,22921,2025-08-01
2025,Jalen Milroe,QB,22.6,133.7,QB30,454,22884,2025-08-01
2025,Alec Pierce,WR,25.2,210.8,WR85,74,23791,2025-08-01
2025,Diontae Johnson,WR,29.1,212.2,WR86,72,18615,2025-08-01
2025,Adam Thielen,WR,34.9,210.4,WR83,75,13429,2025-08-01
2025,DJ Giddens,RB,21.9,211.1,RB58,74,27097,2025-08-01
2025,Zach Ertz,TE,34.7,212.4,TE33,71,11689,2025-08-01
2025,Pat Bryant,WR,22.6,210.2,WR82,75,27211,2025-08-01
2025,Roschon Johnson,RB,24.5,212.9,RB61,71,25322,2025-08-01
2025,Devin Neal,RB,22,211.6,RB59,73,23682,2025-08-01
2025,Russell Wilson,QB,36.7,146.9,QB33,333,11180,2025-08-01
2025,Dalton Schultz,TE,29.1,216.9,TE34,64,17349,2025-08-01
2025,Tyler Shough,QB,25.8,137.5,QB31,415,23096,2025-08-01
2025,Troy Franklin,WR,22.5,217.7,WR87,63,23092,2025-08-01
2025,Daniel Jones,QB,28.2,150.5,QB35,306,18232,2025-08-01
2025,Roman Wilson,WR,24.1,224.7,WR88,53,26160,2025-08-01
2025,Brashard Smith,RB,22.3,222.2,RB62,57,27259,2025-08-01
2025,Nick Chubb,RB,29.6,225.2,RB63,53,17246,2025-08-01
2025,Oronde Gadsden II,TE,22.1,223.2,TE35,55,25997,2025-08-01
2025,Andrei Iosivas,WR,25.8,227.7,WR89,50,25335,2025-08-01
2025,Isaac TeSlaa,WR,23.4,228.5,WR90,49,27446,2025-08-01
2025,Noah Fant,TE,NA,230.5,TE36,47,17527,2025-08-01
2025,Malik Washington,WR,24.6,228.8,WR92,49,26314,2025-08-01
2025,Aaron Rodgers,QB,41.7,143.9,QB32,357,9001,2025-08-01
2025,Darius Slayton,WR,28.6,228.6,WR91,49,18706,2025-08-01
2025,Juwan Johnson,TE,28.9,232.0,TE37,45,19562,2025-08-01
2025,Austin Ekeler,RB,30.2,228.0,RB64,49,16483,2025-08-01
2025,Shedeur Sanders,QB,23.5,149.2,QB34,315,25968,2025-08-01
2025,Tyler Lockett,WR,32.8,233.3,WR96,44,13971,2025-08-01
2025,Savion Williams,WR,23.7,232.4,WR94,45,27144,2025-08-01
2025,Kendre Miller,RB,23.1,230.8,RB65,46,24360,2025-08-01
2025,Elijah Moore,WR,25.3,233.8,WR97,43,20114,2025-08-01
2025,Audric Estime,RB,21.9,233.0,RB67,44,23054,2025-08-01
2025,Jalen Tolbert,WR,26.4,237.0,WR99,40,23770,2025-08-01
2025,Devaughn Vele,WR,27.6,235.2,WR98,42,26409,2025-08-01
2025,Tory Horton,WR,22.7,232.1,WR93,45,26022,2025-08-01
2025,Tahj Brooks,RB,23.2,232.2,RB66,45,26212,2025-08-01
2025,Tai Felton,WR,22.4,232.7,WR95,44,27182,2025-08-01
2025,Michael Mayer,TE,24.1,235.8,TE38,41,23056,2025-08-01
2025,Kyle Monangai,RB,23.2,236.6,RB70,40,27131,2025-08-01
2025,Calvin Austin III,WR,26.4,237.6,WR100,39,23739,2025-08-01
2025,Noah Gray,TE,26.3,241.4,TE39,36,19539,2025-08-01
2025,Jordan James,RB,21.3,233.9,RB69,43,27310,2025-08-01
2025,Dyami Brown,WR,25.7,241.4,WR103,36,20113,2025-08-01
2025,Dont'e Thornton Jr.,WR,22.7,240.1,WR102,37,27288,2025-08-01
2025,Kayshon Boutte,WR,23.2,238.9,WR101,38,22989,2025-08-01
2025,Xavier Restrepo,WR,23.3,244.7,WR104,33,27066,2025-08-01
2025,Woody Marks,RB,24.6,233.0,RB68,44,27520,2025-08-01
2025,Jordan Whittington,WR,24.8,245.2,WR105,33,23135,2025-08-01
2025,Ollie Gordon II,RB,21.5,238.1,RB71,39,25984,2025-08-01
2025,Ja'Lynn Polk,WR,23.3,247.8,WR107,31,26205,2025-08-01
2025,Trevor Etienne,RB,21.1,240.0,RB72,37,25393,2025-08-01
2025,Luke McCaffrey,WR,24.3,250.6,WR110,29,26328,2025-08-01
2025,Tutu Atwell,WR,25.8,248.5,WR108,31,20126,2025-08-01
2025,Isaiah Bond,WR,NA,247.3,WR106,31,24371,2025-08-01
2025,Jaleel McLaughlin,RB,24.9,244.8,RB74,33,25876,2025-08-01
2025,Jacory Croskey-Merritt,RB,24.3,244.9,RB75,33,27316,2025-08-01
2025,Brandin Cooks,WR,31.8,249.9,WR109,30,12122,2025-08-01
2025,Damien Martinez,RB,21.5,244.1,RB73,34,25976,2025-08-01
2025,Nick Westbrook-Ikhine,WR,28.4,250.9,WR112,29,19747,2025-08-01
2025,Tez Johnson,WR,23.2,256.5,WR116,25,27147,2025-08-01
2025,Jermaine Burton,WR,24.1,252.0,WR113,28,22956,2025-08-01
2025,Parker Washington,WR,23.4,250.6,WR111,29,23106,2025-08-01
2025,Tyler Higbee,TE,32.6,253.9,TE41,27,15623,2025-08-01
2025,Kalel Mullings,RB,22.8,265.5,RB85,20,27045,2025-08-01
2025,Tre Tucker,WR,24.4,255.4,WR114,26,25337,2025-08-01
2025,Tyler Conklin,TE,30,254.4,TE42,27,17598,2025-08-01
2025,Will Shipley,RB,22.9,249.8,RB76,30,22930,2025-08-01
2025,Will Howard,QB,23.9,175.5,QB36,170,25972,2025-08-01
2025,Taysom Hill,TE,34.9,251.0,TE40,29,17115,2025-08-01
2025,Kirk Cousins,QB,37,218.4,QB39,62,11177,2025-08-01
2025,Nick Nash,WR,25,270.0,WR118,18,27263,2025-08-01
2025,Mitchell Trubisky,QB,NA,355.9,QB70,2,16381,2025-08-01
2025,Miles Sanders,RB,28.3,253.7,RB77,27,18283,2025-08-01
2025,Gunnar Helm,TE,22.9,256.0,TE43,26,27109,2025-08-01
2025,Luke Musgrave,TE,24.9,260.9,TE45,23,25282,2025-08-01
2025,Thomas Fidone II,TE,NA,277.8,TE50,15,23039,2025-08-01
2025,Will Dissly,TE,29.1,260.6,TE44,23,18049,2025-08-01
2025,Keaton Mitchell,RB,23.5,257.0,RB78,25,25360,2025-08-01
2025,Dillon Gabriel,QB,24.6,215.0,QB38,67,23150,2025-08-01
2025,Devin Singletary,RB,27.9,258.3,RB79,24,18280,2025-08-01
2025,Deshaun Watson,QB,NA,338.8,QB52,4,16398,2025-08-01
2025,Josh Reynolds,WR,30.5,256.2,WR115,25,16439,2025-08-01
2025,Joe Flacco,QB,40.5,184.0,QB37,139,9300,2025-08-01
2025,Spencer Rattler,QB,24.8,234.3,QB41,43,23081,2025-08-01
2025,Gabe Davis,WR,26.3,265.6,WR117,20,19398,2025-08-01
2025,Cade Stover,TE,25.1,265.9,TE46,20,25269,2025-08-01
2025,Chris Rodriguez Jr.,RB,24.8,263.3,RB81,22,22986,2025-08-01
2025,Jacoby Brissett,QB,32.6,316.5,QB48,6,15642,2025-08-01
2025,Darren Waller,TE,NA,266.8,TE47,20,14104,2025-08-01
2025,Javon Baker,WR,23.4,272.9,WR121,17,22885,2025-08-01
2025,Zack Moss,RB,NA,261.4,RB80,23,19263,2025-08-01
2025,Jameis Winston,QB,31.6,245.3,QB42,33,13891,2025-08-01
2025,Antonio Gibson,RB,27.1,264.9,RB83,21,19624,2025-08-01
2025,Kareem Hunt,RB,30,265.0,RB84,21,16425,2025-08-01
2025,Mason Rudolph,QB,30,338.3,QB51,4,17234,2025-08-01
2025,Jaylin Lane,WR,23.3,271.6,WR120,18,27454,2025-08-01
2025,Chimere Dike,WR,23.6,270.3,WR119,18,27315,2025-08-01
2025,Isaiah Davis,RB,23.4,264.8,RB82,21,25977,2025-08-01
2025,Justice Hill,RB,27.7,266.3,RB86,20,18256,2025-08-01
2025,Khalil Herbert,RB,27.3,268.1,RB87,19,22763,2025-08-01
2025,Malachi Corley,WR,23.4,278.6,WR125,15,26023,2025-08-01
2025,Joe Milton III,QB,25.4,333.3,QB49,4,25967,2025-08-01
2025,Gavin Bartholomew,TE,NA,292.5,TE61,11,26002,2025-08-01
2025,Hendon Hooker,QB,27.5,345.4,QB58,3,24332,2025-08-01
2025,Aidan O'Connell,QB,26.9,336.2,QB50,4,24330,2025-08-01
2025,Jahan Dotson,WR,25.4,280.3,WR128,14,23101,2025-08-01
2025,Demarcus Robinson,WR,30.9,273.9,WR122,17,15665,2025-08-01
2025,LeQuint Allen Jr.,RB,21,282.1,RB92,14,27285,2025-08-01
2025,John Metchie III,WR,25,279.8,WR126,15,22895,2025-08-01
2025,Phil Mafah,RB,22.8,286.2,RB94,13,22928,2025-08-01
2025,Curtis Samuel,WR,29,276.1,WR123,16,16434,2025-08-01
2025,Mac Jones,QB,26.9,292.0,QB45,11,20156,2025-08-01
2025,AJ Barner,TE,23.2,274.1,TE49,17,26335,2025-08-01
2025,Will Levis,QB,26.1,221.0,QB40,58,22987,2025-08-01
2025,Raheem Mostert,RB,33.3,271.1,RB88,18,14338,2025-08-01
2025,Dawson Knox,TE,28.7,268.5,TE48,19,18631,2025-08-01
2025,Donovan Edwards,RB,22.4,306.7,RB108,8,23014,2025-08-01
2025,Kimani Vidal,RB,23.9,276.9,RB91,16,26355,2025-08-01
2025,Jalen Nailor,WR,26.4,279.8,WR127,15,24177,2025-08-01
2025,Elijah Mitchell,RB,27.2,274.3,RB89,17,22813,2025-08-01
2025,Quinn Ewers,QB,22.2,342.7,QB55,3,23680,2025-08-01
2025,Erick All Jr.,TE,24.9,282.4,TE53,14,23837,2025-08-01
2025,Sean Tucker,RB,23.8,274.6,RB90,17,23679,2025-08-01
2025,Carson Steele,RB,22.8,316.0,RB112,6,26372,2025-08-01
2025,Luke Lachey,TE,24.1,282.0,TE52,14,22977,2025-08-01
2025,Jake Browning,QB,29.3,315.0,QB47,6,18557,2025-08-01
2025,Cam Akers,RB,26.1,289.0,RB97,12,19268,2025-08-01
2025,Noah Brown,WR,29.6,278.0,WR124,15,16443,2025-08-01
2025,Stone Smartt,TE,26.8,301.0,TE65,9,24621,2025-08-01
2025,Arian Smith,WR,23.8,288.2,WR132,12,22965,2025-08-01
2025,Zay Jones,WR,30.3,289.0,WR134,12,16431,2025-08-01
2025,Kalif Raymond,WR,31,312.5,WR152,7,16081,2025-08-01
2025,Jalin Hyatt,WR,23.8,288.9,WR133,12,25251,2025-08-01
2025,Mack Hollins,WR,31.9,299.6,WR144,9,16489,2025-08-01
2025,Marcus Mariota,QB,31.8,293.5,QB46,11,13890,2025-08-01
2025,Jake Bobo,WR,27,303.5,WR149,8,25339,2025-08-01
2025,A.J. Dillon,RB,27.2,290.8,RB99,11,19358,2025-08-01
2025,Theo Wease Jr.,WR,NA,313.0,WR153,7,27222,2025-08-01
2025,Sam Howell,QB,24.9,340.2,QB53,4,23045,2025-08-01
2025,Ricky White III,WR,NA,291.6,WR135,11,27186,2025-08-01
2025,KeAndre Lambert-Smith,WR,23.8,294.1,WR137,10,24372,2025-08-01
2025,Efton Chism III,WR,NA,287.2,WR131,12,27445,2025-08-01
2025,Kenny Pickett,QB,27.2,246.7,QB43,32,22722,2025-08-01
2025,Darnell Washington,TE,24,285.9,TE55,13,22967,2025-08-01
2025,Jimmy Garoppolo,QB,NA,348.6,QB61,3,12208,2025-08-01
2025,Zach Wilson,QB,26,341.0,QB54,3,22679,2025-08-01
2025,Treylon Burks,WR,25.4,299.4,WR142,9,22905,2025-08-01
2025,Sincere McCormick,RB,24.9,287.2,RB95,12,23172,2025-08-01
2025,Kenneth Gainwell,RB,26.4,284.9,RB93,13,23310,2025-08-01
2025,Tim Patrick,WR,31.7,282.5,WR129,14,16556,2025-08-01
2025,Dylan Laube,RB,25.6,313.0,RB109,7,26194,2025-08-01
2025,Ty Johnson,RB,27.9,289.1,RB98,12,18406,2025-08-01
2025,Gardner Minshew II,QB,29.2,343.5,QB56,3,18562,2025-08-01
2025,Jelani Woods,TE,26.8,290.2,TE58,11,23829,2025-08-01
2025,Mitchell Evans,TE,NA,294.0,TE62,10,27138,2025-08-01
2025,Emari Demercado,RB,26.5,315.0,RB110,6,25654,2025-08-01
2025,Allen Lazard,WR,29.6,285.4,WR130,13,17301,2025-08-01
2025,Ray-Ray McCloud III,WR,28.8,292.1,WR136,11,17530,2025-08-01
2025,Alexander Mattison,RB,27.1,291.5,RB100,11,18621,2025-08-01
2025,Tommy Tremble,TE,25.2,296.5,TE63,10,22795,2025-08-01
2025,Malik Willis,QB,26.2,251.0,QB44,29,23499,2025-08-01
2025,Elijah Higgins,TE,24.8,291.0,TE59,11,23119,2025-08-01
2025,Ty Chandler,RB,27.2,295.3,RB102,10,19471,2025-08-01
2025,Pierre Strong Jr.,RB,26.6,319.5,RB115,6,24173,2025-08-01
2025,Devontez Walker,WR,24.1,297.8,WR140,10,26011,2025-08-01
2025,Grant Calcaterra,TE,26.7,288.8,TE57,12,24180,2025-08-01
2025,Cooper Rush,QB,31.7,352.5,QB66,3,16477,2025-08-01
2025,Trey Sermon,RB,26.5,318.7,RB114,6,19425,2025-08-01
2025,Kaden Prather,WR,NA,325.7,WR155,5,25413,2025-08-01
2025,Joshua Dobbs,QB,NA,348.6,QB62,3,16417,2025-08-01
2025,Jordan Watkins,WR,23.5,299.5,WR143,9,27486,2025-08-01
2025,Austin Hooper,TE,30.8,280.0,TE51,15,15581,2025-08-01
2025,Dameon Pierce,RB,25.4,288.7,RB96,12,22947,2025-08-01
2025,Raheim Sanders,RB,23.1,304.0,RB106,8,24351,2025-08-01
2025,KaVontae Turpin,WR,29,303.3,WR148,8,18520,2025-08-01
2025,Antwane Wells Jr.,WR,NA,328.7,WR156,5,27218,2025-08-01
2025,Konata Mumpfield,WR,NA,297.7,WR139,10,27449,2025-08-01
2025,LaJohntay Wester,WR,NA,329.0,WR157,5,27447,2025-08-01
2025,Zamir White,RB,25.9,294.3,RB101,10,20095,2025-08-01
2025,Jeremy Ruckert,TE,25,285.2,TE54,13,23742,2025-08-01
2025,Jonathan Mingo,WR,24.3,300.6,WR145,9,23030,2025-08-01
2025,Luke Schoonmaker,TE,26.8,292.0,TE60,11,25267,2025-08-01
2025,Trey Palmer,WR,24.3,323.7,WR154,5,25331,2025-08-01
2025,Samaje Perine,RB,29.9,303.8,RB105,8,16423,2025-08-01
2025,Trey Lance,QB,25.2,346.3,QB60,3,20082,2025-08-01
2025,Hunter Long,TE,NA,287.0,TE56,12,22783,2025-08-01
2025,Marcus Yarns,RB,NA,317.6,RB113,6,27293,2025-08-01
2025,Olamide Zaccheaus,WR,28,332.2,WR158,4,18864,2025-08-01
2025,Jacob Cowing,WR,24.5,307.3,WR150,8,25289,2025-08-01
2025,Greg Dortch,WR,27.2,302.0,WR147,9,18585,2025-08-01
2025,Chris Brooks,RB,25.6,305.4,RB107,8,25823,2025-08-01
2025,Van Jefferson,WR,29,333.1,WR160,4,19483,2025-08-01
2025,Kendrick Bourne,WR,30,294.8,WR138,10,17066,2025-08-01
2025,Jimmy Horn Jr.,WR,22.9,333.5,WR161,4,27294,2025-08-01
2025,JuJu Smith-Schuster,WR,28.7,333.6,WR162,4,16427,2025-08-01
2025,Bub Means,WR,24.6,298.0,WR141,10,26354,2025-08-01
2025,Clyde Edwards-Helaire,RB,26.3,333.5,RB117,4,19325,2025-08-01
2025,Johnny Wilson,WR,24.3,336.6,WR163,4,25295,2025-08-01
2025,Drew Lock,QB,28.7,352.3,QB65,3,18225,2025-08-01
2025,Jared Wiley,TE,24.7,315.3,TE72,6,26343,2025-08-01
2025,Hunter Renfrow,WR,NA,339.0,WR164,4,18345,2025-08-01
2025,Luke Farrell,TE,NA,301.5,TE67,9,19501,2025-08-01
2025,Tyrod Taylor,QB,NA,345.9,QB59,3,10007,2025-08-01
2025,Daniel Bellinger,TE,24.9,301.2,TE66,9,24238,2025-08-01
2025,Rondale Moore,WR,25.1,309.7,WR151,7,19796,2025-08-01
2025,K.J. Osborn,WR,28.1,341.0,WR165,3,19708,2025-08-01
2025,Greg Dulcich,TE,25.3,308.7,TE71,7,23153,2025-08-01
2025,Emanuel Wilson,RB,26.2,296.2,RB103,10,25885,2025-08-01
2025,Da'Quan Felton,WR,NA,341.5,WR166,3,27089,2025-08-01
2025,Rasheen Ali,RB,24.5,315.0,RB111,6,25983,2025-08-01
2025,Tylan Wallace,WR,26.2,342.0,WR167,3,19801,2025-08-01
2025,Kenny McIntosh,RB,25.4,342.3,RB118,3,25329,2025-08-01
2025,Jeremy McNichols,RB,NA,342.5,RB119,3,16445,2025-08-01
2025,Riley Leonard,QB,22.9,348.9,QB63,3,25373,2025-08-01
2025,Craig Reynolds,RB,NA,343.1,RB121,3,19074,2025-08-01
2025,Michael Gallup,WR,NA,343.2,WR168,3,17259,2025-08-01
2025,Eric Gray,RB,25.7,343.4,RB122,3,23075,2025-08-01
2025,Israel Abanikanda,RB,NA,342.5,RB120,3,24352,2025-08-01
2025,Colby Parkinson,TE,26.6,307.0,TE70,8,19372,2025-08-01
2025,Montrell Johnson Jr.,RB,NA,343.8,RB123,3,27649,2025-08-01
2025,Kylen Granson,TE,27.3,322.3,TE73,5,22841,2025-08-01
2025,Jalin Conyers,TE,NA,344.4,TE75,3,22901,2025-08-01
2025,Marquez Valdes-Scantling,WR,30.8,301.6,WR146,9,17528,2025-08-01
2025,Kurtis Rourke,QB,NA,350.5,QB64,3,27129,2025-08-01
2025,Ameer Abdullah,RB,NA,345.1,RB124,3,13924,2025-08-01
2025,Jamaal Williams,RB,NA,345.3,RB125,3,16424,2025-08-01
2025,Julius Chestnut,RB,NA,345.3,RB126,3,24689,2025-08-01
2025,Gus Edwards,RB,NA,302.8,RB104,9,17687,2025-08-01
2025,David Moore,WR,NA,345.7,WR169,3,16757,2025-08-01
2025,Foster Moreau,TE,28.2,305.6,TE69,8,18397,2025-08-01
2025,Michael Carter,RB,26.2,329.7,RB116,5,22728,2025-08-01
2025,Dominic Lovett,WR,NA,333.0,WR159,4,26013,2025-08-01
2025,Patrick Taylor Jr.,RB,NA,346.5,RB127,3,19544,2025-08-01
2025,Brenden Rice,WR,23.4,346.5,WR170,3,26213,2025-08-01
2025,Kyle McCord,QB,22.9,344.0,QB57,3,23066,2025-08-01
2025,Andy Dalton,QB,NA,352.8,QB67,3,9907,2025-08-01
2025,Blake Watson,RB,25.8,346.9,RB128,3,26391,2025-08-01
2025,Adam Trautman,TE,28.5,347.1,TE76,3,19423,2025-08-01
2025,Cordarrelle Patterson,RB,NA,347.1,RB129,3,11613,2025-08-01
2025,Evan Hull,RB,NA,347.2,RB130,3,25325,2025-08-01
2025,Tyler Badie,RB,25.5,347.2,RB131,3,23812,2025-08-01
2025,Bo Melton,WR,26.2,347.2,WR171,3,24049,2025-08-01
2025,Charlie Kolar,TE,NA,347.6,TE77,3,22756,2025-08-01
2025,Jarrett Stidham,QB,29,353.7,QB68,3,18604,2025-08-01
2025,Josh Whyle,TE,25.9,347.8,TE78,3,22923,2025-08-01
2025,Austin Trammell,WR,NA,348.0,WR172,3,23260,2025-08-01
2025,Casey Washington,WR,NA,348.3,WR173,3,26413,2025-08-01
2025,Gerald Everett,TE,NA,348.4,TE79,3,16459,2025-08-01
2025,Lucas Krull,TE,27.1,348.6,TE80,3,24240,2025-08-01
2025,DeeJay Dallas,RB,26.9,348.7,RB132,3,19521,2025-08-01
2025,Sterling Shepard,WR,NA,348.8,WR174,3,15569,2025-08-01
2025,Harrison Bryant,TE,27.3,303.5,TE68,8,19389,2025-08-01
2025,Brevin Jordan,TE,25,299.0,TE64,9,20162,2025-08-01
2025,Josh Oliver,TE,28.4,329.5,TE74,5,18487,2025-08-01
2025,Tyler Johnson,WR,26.9,349.0,WR175,3,18633,2025-08-01
2025,Deuce Vaughn,RB,23.7,349.4,RB133,3,22984,2025-08-01
2025,Xavier Hutchinson,WR,25.2,349.4,WR176,3,25332,2025-08-01
2025,Cody Schrader,RB,NA,349.7,RB134,3,26216,2025-08-01
2025,Dorian Thompson-Robinson,QB,25.7,355.7,QB69,2,20086,2025-08-01
2025,Jamari Thrash,WR,24.6,349.8,WR177,3,26162,2025-08-01
2025,Johnny Mundt,TE,NA,350.2,TE81,3,16743,2025-08-01
2025,Irv Smith Jr.,TE,27,350.2,TE82,3,18610,2025-08-01
2025,Tyler Boyd,WR,NA,350.2,WR178,3,15547,2025-08-01
2025,Carson Wentz,QB,NA,356.4,QB71,2,15520,2025-08-01
2025,Jawhar Jordan,RB,NA,350.7,RB135,3,26329,2025-08-01
2025,Nelson Agholor,WR,NA,350.8,WR179,3,13969,2025-08-01
2025,Ezekiel Elliott,RB,NA,350.9,RB136,3,15498,2025-08-01
2025,Jaheim Bell,TE,24.1,351.0,TE83,3,24747,2025-08-01
2025,Ainias Smith,WR,24.2,351.2,WR180,3,23142,2025-08-01
2025,Hayden Hurst,TE,NA,351.4,TE84,3,17283,2025-08-01
2025,Tanner Hudson,TE,NA,351.6,TE85,3,17826,2025-08-01
2025,Clayton Tune,QB,NA,357.7,QB72,2,25227,2025-08-01
2025,D'Onta Foreman,RB,NA,351.8,RB137,3,16407,2025-08-01
2025,Davis Mills,QB,NA,357.9,QB73,2,22799,2025-08-01
2025,Nick Mullens,QB,NA,357.9,QB74,2,16726,2025-08-01
2025,Kyle Juszczyk,RB,NA,352.0,RB138,3,11798,2025-08-01
2025,Frank Gore Jr.,RB,23.4,352.2,RB139,3,25980,2025-08-01
2025,Hassan Haskins,RB,25.7,352.3,RB140,3,23798,2025-08-01
2025,Tyson Bagent,QB,25.1,358.4,QB75,2,25321,2025-08-01
2025,Davis Allen,TE,24.5,352.6,TE86,3,23761,2025-08-01
2025,Derius Davis,WR,24.9,352.8,WR181,3,25334,2025-08-01
2025,A.T. Perry,WR,25.8,353.2,WR182,3,24353,2025-08-01
2025,Tanner McKee,QB,NA,359.2,QB76,2,24740,2025-08-01
2025,Justin Watson,WR,29.3,353.7,WR183,3,17603,2025-08-01
2025,Brock Wright,TE,26.7,353.8,TE87,3,23341,2025-08-01
2025,Tyler Goodson,RB,24.7,354.3,RB141,3,22976,2025-08-01
2025,Jake Briningstool,TE,NA,354.5,TE88,3,22924,2025-08-01
2025,Tyler Huntley,QB,27.5,360.5,QB77,2,19297,2025-08-01
2025,Jake Haener,QB,26.4,360.7,QB78,2,24728,2025-08-01
2025,Tip Reiman,TE,23.9,354.8,TE89,3,26432,2025-08-01
2025,Dare Ogunbowale,RB,NA,355.0,RB142,3,16879,2025-08-01
2025,Ronnie Rivers,RB,NA,355.1,RB143,2,23986,2025-08-01
2025,Taylor Heinicke,QB,NA,361.1,QB79,2,13932,2025-08-01
2025,Dallin Holker,TE,NA,355.3,TE90,2,24732,2025-08-01
2025,Travis Homer,RB,27,355.8,RB144,2,18616,2025-08-01
2025,Jordan Akins,TE,NA,356.0,TE91,2,17415,2025-08-01
2025,Donald Parham Jr.,TE,NA,356.4,TE92,2,18835,2025-08-01
2025,Tyler Scott,WR,23.8,356.6,WR184,2,25442,2025-08-01
2025,Skylar Thompson,QB,NA,362.9,QB80,2,24170,2025-08-01
2025,D'Ernest Johnson,RB,NA,357.1,RB145,2,19111,2025-08-01
2025,Payne Durham,TE,NA,357.2,TE93,2,25346,2025-08-01
2025,Sione Vaki,RB,24,357.3,RB146,2,26309,2025-08-01
2025,Skyy Moore,WR,24.9,357.3,WR185,2,23905,2025-08-01
2025,Michael Pratt,QB,NA,363.4,QB81,2,25226,2025-08-01
2025,Jase McClellan,RB,NA,357.5,RB147,2,22894,2025-08-01
2025,Moliki Matavao,TE,NA,357.5,TE94,2,23093,2025-08-01
2025,Braxton Berrios,WR,NA,357.5,WR186,2,17289,2025-08-01
2025,Kyle Philips,WR,NA,358.0,WR187,2,23896,2025-08-01
2025,Will Mallory,TE,NA,358.3,TE95,2,23821,2025-08-01
2025,Pharaoh Brown,TE,NA,358.3,TE96,2,16937,2025-08-01
2025,Keaontay Ingram,RB,NA,358.5,RB148,2,23162,2025-08-01
2025,Jeff Wilson Jr.,RB,NA,358.7,RB149,2,18026,2025-08-01
2025,Tommy DeVito,QB,27,365.1,QB82,2,25746,2025-08-01
2025,Jaret Patterson,RB,NA,359.2,RB150,2,20155,2025-08-01
2025,Salvon Ahmed,RB,NA,359.5,RB151,2,19449,2025-08-01
2025,Bailey Zappe,QB,NA,365.9,QB83,2,24027,2025-08-01
2025,John Bates,TE,NA,360.2,TE97,2,22833,2025-08-01
2025,Quez Watkins,WR,NA,360.2,WR188,2,19715,2025-08-01
2025,Parris Campbell,WR,NA,360.2,WR189,2,18463,2025-08-01
2025,Drew Ogletree,TE,NA,360.5,TE98,2,24561,2025-08-01
2025,Isaiah Hodgins,WR,26.8,360.5,WR190,2,19375,2025-08-01
2025,Robert Woods,WR,NA,360.6,WR191,2,11610,2025-08-01
2025,Mike White,QB,NA,366.7,QB84,2,17447,2025-08-01
2025,Keilan Robinson,RB,NA,360.9,RB152,2,22896,2025-08-01
2025,Cole Turner,TE,NA,361.0,TE99,2,23727,2025-08-01
2025,Stetson Bennett IV,QB,NA,367.1,QB85,2,23927,2025-08-01
2025,Joshua Simon,TE,NA,361.5,TE100,2,27466,2025-08-01
2025,DJ Chark Jr.,WR,NA,361.5,WR192,2,17292,2025-08-01
2025,Zonovan Knight,RB,NA,361.7,RB153,2,24901,2025-08-01
2025,Tanner McLachlan,TE,NA,361.8,TE101,2,26352,2025-08-01
2025,Devin Duvernay,WR,27.9,362.0,WR193,2,19270,2025-08-01
2025,Easton Stick,QB,NA,368.0,QB86,2,18446,2025-08-01
2025,Charlie Woerner,TE,NA,362.7,TE102,2,19665,2025-08-01
2025,Brandon Allen,QB,NA,368.7,QB87,2,15745,2025-08-01
2025,Ryan Flournoy,WR,25.8,362.8,WR194,2,26398,2025-08-01
2025,Xavier Gipson,WR,24.4,362.8,WR195,2,25758,2025-08-01
2025,Charlie Jones,WR,NA,363.2,WR196,2,25336,2025-08-01
2025,David Bell,WR,24.6,363.2,WR197,2,23108,2025-08-01
2025,Zack Kuntz,TE,NA,363.3,TE103,2,25347,2025-08-01
2025,Durham Smythe,TE,NA,363.4,TE104,2,17508,2025-08-01
2025,Mo Alie-Cox,TE,NA,363.4,TE105,2,16579,2025-08-01
2025,Terrace Marshall Jr.,WR,25.1,363.4,WR198,2,23242,2025-08-01
2025,Kyle Trask,QB,NA,369.4,QB88,2,19800,2025-08-01
2025,Kene Nwangwu,RB,NA,363.5,RB154,2,23249,2025-08-01
2025,Jha'Quan Jackson,WR,NA,364.0,WR199,2,26377,2025-08-01
2025,Cedrick Wilson Jr.,WR,29.7,364.6,WR200,2,17262,2025-08-01
2025,Brevyn Spann-Ford,TE,NA,365.0,TE106,2,26003,2025-08-01
2025,Sam Ehlinger,QB,NA,371.4,QB89,2,19803,2025-08-01
2025,Jalen Reagor,WR,26.6,365.8,WR201,2,19219,2025-08-01
2025,Malik Heath,WR,25.4,366.0,WR202,2,25668,2025-08-01
2025,Sean Clifford,QB,NA,372.0,QB90,2,20073,2025-08-01
2025,Trayveon Williams,RB,NA,366.2,RB155,2,18607,2025-08-01
2025,Desmond Ridder,QB,NA,372.4,QB91,2,20080,2025-08-01
2025,George Holani,RB,NA,366.5,RB156,2,22915,2025-08-01
2025,Kyle Allen,QB,NA,372.7,QB92,2,17869,2025-08-01
2025,Tyquan Thornton,WR,25,367.0,WR203,2,22913,2025-08-01
2025,Laviska Shenault Jr.,WR,NA,367.0,WR204,2,19221,2025-08-01
2025,Devin Culp,TE,NA,367.2,TE107,2,26440,2025-08-01
2025,Lil'Jordan Humphrey,WR,27.3,367.2,WR205,2,18590,2025-08-01
2025,Caleb Lohner,TE,NA,367.3,TE108,2,27550,2025-08-01
2025,Mecole Hardman Jr.,WR,27.4,367.6,WR206,2,18587,2025-08-01
2025,Darrynton Evans,RB,NA,368.0,RB157,2,19418,2025-08-01
2025,Anthony Gould,WR,NA,369.0,WR207,2,26404,2025-08-01
2025,Jaren Hall,QB,NA,375.2,QB93,2,24073,2025-08-01
2025,Justyn Ross,WR,NA,369.3,WR208,2,19798,2025-08-01
2025,Raheem Blackshear,RB,NA,369.5,RB158,2,20100,2025-08-01
2025,Ronnie Bell,WR,NA,370.0,WR209,2,23012,2025-08-01
2025,Ian Thomas,TE,NA,370.2,TE109,2,17387,2025-08-01
2025,Julian Hill,TE,NA,370.2,TE110,2,25824,2025-08-01
2025,Ashton Dulin,WR,NA,370.8,WR210,2,18656,2025-08-01
2025,Eric Saubert,TE,NA,371.3,TE111,2,16706,2025-08-01
2025,Drew Sample,TE,NA,372.2,TE112,2,18561,2025-08-01
2025,Rakim Jarrett,WR,24.5,373.0,WR211,2,23001,2025-08-01
2025,Chase Edmonds,RB,NA,373.5,RB159,2,17496,2025-08-01
2025,Isaiah Williams,WR,NA,373.5,WR212,2,26379,2025-08-01
2025,KJ Hamler,WR,26.1,374.5,WR213,2,19267,2025-08-01
2025,Case Keenum,QB,NA,380.7,QB94,1,11425,2025-08-01
2025,Emani Bailey,RB,NA,375.0,RB160,2,26330,2025-08-01
2025,Tahj Washington,WR,24.2,375.0,WR214,2,26397,2025-08-01
2025,Zach Evans,RB,NA,376.0,RB161,2,23122,2025-08-01
2025,Joshua Kelley,RB,NA,376.5,RB162,2,19445,2025-08-01
2025,Zach Pascal,WR,NA,376.6,WR215,2,16972,2025-08-01
2025,Donovan Peoples-Jones,WR,26.4,377.0,WR216,1,19298,2025-08-01
2025,Tyrion Davis-Price,RB,NA,378.0,RB163,1,22992,2025-08-01
2025,Jamison Crowder,WR,NA,378.0,WR217,1,13976,2025-08-01
2025,Connor Heyward,TE,NA,378.7,TE113,1,24562,2025-08-01
2025,Bryce Ford-Wheaton,WR,NA,380.0,WR218,1,25340,2025-08-01
2025,Kenny Yeboah,TE,NA,380.2,TE114,1,22815,2025-08-01
2025,JaMycal Hasty,RB,NA,380.5,RB164,1,19627,2025-08-01
2025,Ben Skowronek,WR,NA,380.7,WR219,1,22843,2025-08-01
2025,Dalvin Cook,RB,NA,381.5,RB165,1,16374,2025-08-01
2025,Mike Boone,RB,NA,382.0,RB166,1,17813,2025-08-01
2025,Chris Evans,RB,NA,382.0,RB167,1,22797,2025-08-01
2025,Cameron Latu,TE,NA,382.0,TE115,1,24331,2025-08-01
2025,Robert Tonyan,TE,NA,382.0,TE116,1,16502,2025-08-01
2025,Simi Fehoko,WR,NA,382.0,WR220,1,23196,2025-08-01
2025,Jack Stoll,TE,NA,382.5,TE117,1,23193,2025-08-01
2025,DeAndre Carter,WR,NA,382.5,WR221,1,14103,2025-08-01
2025,Dee Eskridge,WR,NA,382.7,WR222,1,22785,2025-08-01
2025,Dillon Johnson,RB,NA,383.0,RB168,1,26226,2025-08-01
2025,Teagan Quitoriano,TE,NA,383.3,TE118,1,24182,2025-08-01
2025,Jason Brownlee,WR,NA,383.5,WR223,1,25754,2025-08-01
2025,Trenton Irwin,WR,NA,384.0,WR224,1,18726,2025-08-01
2025,Trent Sherfield Sr.,WR,NA,384.3,WR225,1,17888,2025-08-01
2025,Albert Okwuegbunam Jr.,TE,NA,384.5,TE119,1,18246,2025-08-01
2025,Shane Zylstra,TE,NA,385.7,TE120,1,23461,2025-08-01
2025,James Mitchell,TE,NA,386.0,TE121,1,23174,2025-08-01
2025,Isaiah Spiller,RB,NA,386.5,RB169,1,23143,2025-08-01
2025,Dante Pettis,WR,NA,386.5,WR226,1,17264,2025-08-01
2025,Dez Fitzpatrick,WR,NA,389.0,WR227,1,20112,2025-08-01
2025,Allen Robinson II,WR,NA,389.5,WR228,1,12126,2025-08-01
2025,Velus Jones Jr.,WR,NA,390.0,WR229,1,24214,2025-08-01
2025,Deneric Prince,RB,NA,390.5,RB170,1,25770,2025-08-01
2025,Ihmir Smith-Marsette,WR,NA,391.0,WR230,1,20116,2025-08-01
2025,Daijun Edwards,RB,NA,391.5,RB171,1,25985,2025-08-01
2025,Quintin Morris,TE,NA,391.7,TE122,1,22820,2025-08-01
2025,Odell Beckham Jr.,WR,NA,392.0,WR231,1,12127,2025-08-01
2025,Latavius Murray,RB,NA,393.0,RB172,1,11821,2025-08-01
2025,Kevin Harris,RB,NA,393.5,RB173,1,23117,2025-08-01
2025,Michael Thomas,WR,NA,393.5,WR232,1,15528,2025-08-01
2025,Royce Freeman,RB,NA,394.5,RB174,1,17245,2025-08-01
2025,Jerick McKinnon,RB,NA,396.0,RB175,1,12209,2025-08-01
2025,Matt Breida,RB,NA,399.0,RB176,1,17058,2025-08-01
2025,DeWayne McBride,RB,NA,400.5,RB177,1,25265,2025-08-01
2025,Scotty Miller,WR,NA,411.5,WR233,1,18714,2025-08-01
