# UPS THREE-VALUE BOARD — every line beginning with '#' is metadata; skip them to parse the CSV.
# generated: 2026-07-23T07:17:44-04:00   league: L=74598 2026   cap: $300K   viewer: 0008 (Real Deal Creel)
# rows: 1468  (FA 1147 / rostered 321)
#
# ── THE THREE VALUES (they do NOT sum; each answers a different question) ──
# current_season_value_k = worth for 2026 only. Offense: E[APWE] at the FantasyPros redraft
#     slot x $6.5/APWE. IDP/K/P: the UPS auction order-statistic ladder (see IDP CAVEAT).
# ultimate_value_k = dynasty_value_raw_k + contract_surplus_k. NOT a triple sum; option value is
#     NOT folded in (see option_band) because it would double-count the surplus already priced.
#     contract_surplus = SUM over t=0..cy-1 of 0.9^t * (ep_equiv_k * DECAY[pos]^t - aav_k)
#     DECAY = {'QB': 0.95, 'RB': 0.8, 'WR': 0.93, 'TE': 0.93, 'DL': 0.92, 'LB': 0.92, 'DB': 0.92, 'PK': 0.97, 'PN': 0.97}
#     A free agent's surplus is 0 by construction: an auction win becomes a 1-yr Vet-FAA at the
#     price paid, so there is no contract edge at the moment of purchase.
# fa_value_k = expected auction price, auction-eligible (unrostered) rows ONLY; blank if rostered.
#
# ── !! THE TWO VALUE COLUMNS ARE ON DIFFERENT DOLLAR SCALES — READ THIS BEFORE COMPARING !! ──
# current_season_value_k is denominated at $6.5/APWE, which the backtest says runs ~1.6-1.9x
# HOT vs realized auction dollars. fa_value_k is in realized auction dollars. Comparing them
# directly makes every player look like a bargain. THAT COMPARISON IS INVALID.
# current_season_market_k restates the SAME 2026-only value in realized auction dollars, using the
#   fitted clearing line (2.67 + 0.84*redraft_worth) x M_money. No new constant.
#   >>> To ask 'is this 2026 price fair?', compare fa_value_k against current_season_market_k. <<<
#   >>> current_season_value_k is the production measure; it is NOT a dollar you would bid. <<<
#
# ── EP MODEL SERVED ──
# model: v5   ep = round(max(floor, max(affine, dyn_anchor) * M_money))
# calibration: ep_v5_calibration.json ship_gate=True   lambda=0.47699  R_bar=2.56783
# gamma=0.0 (sign-guarded=True) -> M_pos is INERT (identically 1.0).
# elite factor 1.0 enabled=False -> inert.
# LIVE REGIME: R_now = (sum capspace $1426K - sum reserve $105K) / credible redraft-worth $954K = 1.3847
# M_money raw = 0.7802  ->  SERVED 0.8000
# *** M_money IS PINNED TO ITS CLAMP FLOOR 0.8. THE 20% MARKDOWN IS A CHOSEN
# *** FLOOR, NOT A MEASURED QUANTITY. The fitted model wanted 0.7802; the clamp overrode it.
# *** The clamp [0.8, 1.6] is a Keith-tunable guardrail, never fitted to data.
# *** R_now 1.385 is OUTSIDE the fitted range [2.0689, 3.5695]. M_money is an extrapolation.
#
# ── BUDGET-CONSTRAINT COHERENCE (the accounting identity, checked at BUILD time) ──
# PROJECTED SPEND = clamp(deploy_frac 0.714 x available $1426K,  mandatory floor $946K,  available) = $1018K.
#   deploy_frac is the SF-era mean (spend / pre-auction available; 2022-25 = 0.75/0.64/0.75/0.72).
#   mandatory floor = 12 x $260K committed (league_context_v1.md:161) - $2174K committed today.
# PREDICTED CLEARING SET = sum of fa_value over the top-N per bucket (N = this league's historical
#   mean clears: QB16 RB30 WR28 TE13 | DL20 LB24 DB23 PK12 PN11, total ~176). NOT sum-of-all-rows.
# CONSTRAINT: predicted clearing set  ==  projected spend.
#   predicted $1061.8K  /  projected $1018K  =  RATIO 1.043   [band 0.6-1.15]   status=OK
#   per-bucket predicted-clearing $K: QB:356  RB:255  WR:200  TE:88  DL:44  LB:52  DB:40  PK:15  PN:13
# BUDGET NORMALIZE = tail: reshaped to the SF-era realized curve (measured from the archive):
#   $1K-share 49%  top10-share 42%  top25-share 62%
#   segment scales: top-10 x1.009  ranks 11-25 x0.774  rest x0.586
#   (before 1.142 -> after 1.043; studs UP to the historical dollar share, tail toward $1K)
#   Applied to OFFENSE FA prices only; IDP/K/P ladder already clears at realized $ (untouched).
#
# ── PER-ARM BINDING COUNTS (FA offense rows) ──
# credible branch rw>=3 (n=38): floor=9  affine=18  dyn_anchor=11
# ep>=5-only branch (n=20): floor=3  affine=0  dyn_anchor=17
# The ep>=5-only branch is POLLUTED for 2026: dynasty_adp_history.csv has no 2026 rows, so it
# falls back to a KTC board carrying only the top ~396 players. Trust the rw>=3 branch.
# Union of both branches = 58 credible rows, of which 28 bind on the dynasty anchor.
# NOTE ON ATTRIBUTION: the arm is recorded AFTER M_money scales the two market arms, so a row
#   whose scaled market arm drops below the startability floor is credited to 'floor' here even
#   though it would read 'dyn_anchor' pre-scaling. That accounts for ~2 rows of drift vs a
#   pre-scaling census. M_money never reorders affine vs dyn_anchor (it scales both equally).
# dyn_anchor_hit=TRUE on 164 rows: the $75K top-asset anchor is a HAND-PIN
#   and sits ABOVE 3 of the last 4 season maxima ($66K/$94K/$61K/$56K). Every TRUE row is a judgement call.
#
# ── IDP / K / P CAVEAT (READ THIS) ──
# IDP, K and P are MANDATORY STARTERS (2 DL, 2 LB, 2 DB, 1 D-Flex, 1 K, 1 P) and are NOT on the
# offense scale. Offense = 3 independent cardinal panels. IDP = ONE source (FantasyPros dynasty-IDP
# ECR) through a hand-made LINEAR ramp idpVal = 10000 - rank*45. At the offense $/value-unit that
# ramp claims IDP1 ~= $74K and rank-100 ~= $41K. THE UPS LEAGUE HAS NEVER PAID
# MORE THAN $15K FOR AN IDP and the median clear is $1-2K. The ramp is off by 10-40x mid-board.
# THIS BOARD DOES NOT USE THE RAMP. IDP/K/P price off the UPS auction order-statistic ladder:
# for each bucket, the k-th most expensive clear per season, averaged 2022-25. The raw ramp value
# is echoed in idp_ramp_value_k so the distortion stays visible.
# *** For IDP/K/P the VALUE axis and the PRICE axis are THE SAME MEASUREMENT. There is no
# *** independent value signal, so do NOT read a value-vs-price surplus verdict off those rows.
# IDP source_count/dispersion mean something DIFFERENT than on offense: they count independent
#   ORDERINGS (FantasyPros dynasty-IDP ECR vs MFL week-1 league-scoring projection), not cardinal
#   panels, and dispersion is the $K gap between the price each ordering implies. The two disagree
#   hard on pass rushers - ECR is an OVERALL IDP list where tackle-volume LBs crowd out DL, so it
#   ranks Micah Parsons ~9th among DL while MFL scoring has him top-3. A large dispersion here
#   means the RANKING is contested, not that the dollar is volatile. Order matters more than
#   price on this shopping list: every rung past ~6 is $1-2K anyway.
# K and P have NO dynasty source anywhere in the pipeline -> scale_trust=none. In 2024 every
# single K and P cleared at exactly $1K. Budget $1-2K each and buy them last.
#   ladder[DL]: n=81 clears  median $1.0K  max $13.0K  top rungs [10.0, 5.0, 3.8, 3.5, 3.0, 2.2]
#   ladder[LB]: n=97 clears  median $2.0K  max $15.0K  top rungs [7.2, 5.2, 4.0, 3.5, 3.2, 3.0]
#   ladder[DB]: n=90 clears  median $1.0K  max $9.0K  top rungs [5.5, 4.0, 3.5, 3.2, 2.8, 2.5]
#   ladder[PK]: n=48 clears  median $1.0K  max $3.0K  top rungs [2.0, 2.0, 1.2, 1.2, 1.2, 1.0]
#   ladder[PN]: n=44 clears  median $1.0K  max $3.0K  top rungs [2.0, 1.5, 1.2, 1.0, 1.0, 1.0]
#
# ── OTHER MODEL CAVEATS ──
# $/APWE = $6.5 is ~1.6-1.9x hot vs the realized market. It CANCELS out of the price ratio
#   but it BIASES any value-vs-price verdict, so no verdict column is shipped here.
# e_apwe_p90 is OMITTED: a p50 tail adjustment in build_eapw_curves.py:92 inflates p50 above p90 on
#   126 rows, which would be an impossible ceiling. Rather than ship it wrong, it is not shipped.
# option_band is a LABEL. Extension strikes: Schedule 1 (QB/RB/WR/TE) +$10K/1yr, +$20K/2yr;
#   Schedule 2 (DL/LB/DB/PK/PN) +$3K/1yr, +$5K/2yr. Tag = max(positional tier, 1.10 x prior AAV).
#
# ── TIERS ──
# Cut where the drop from the player above is >=20% of his value AND >=$1.0K absolute.
# Computed separately for FA and rostered, so the FA ladder answers 'what is the next BUYABLE body
# worth?'. Both guards are required: relative-only splits the $1-2K fodder on rounding noise;
# absolute-only gives every elite QB his own private tier (the gaps up there are $9-16K).
# unpriced rows: 1 rostered skill player(s) carry no source ranking at all and ship with
#   every dollar column BLANK (scale_trust=unpriced-no-source) rather than a confident zero.
#
# ── TUNABLES (judgement calls, not fits) ──
# DISC=0.9  MIN_ROSTER=27  TIER_GAP_REL=0.2  TIER_GAP_ABS=1.0
# IDP_AGE_PIVOT=27.0  IDP_AGE_SLOPE=0.03  TAG_MULT=1.1
# m_money_clamp=[0.8, 1.6]  m_pos_clamp=[0.85, 1.35]  (both Keith-tunable guardrails)
# DYN_ANCHOR_K=$75K  POS_DYN_W={'QB': 1.0, 'WR': 0.9, 'TE': 0.9, 'RB': 0.55}  AFFINE=2.67+0.84*rw
#
player,pos,nfl_team,age,status,owner,salary_k,years_remaining,contract_type,aav_k,tcv_k,current_season_value_k,ultimate_value_k,fa_value_k,dynasty_value_raw_k,contract_surplus_k,option_band,ep_arm_bound,dyn_anchor_hit,tier,source_count,dispersion,scale_trust,current_season_market_k,ep_equiv_k,idp_ramp_value_k
Josh Allen,QB,BUF,30.1,FA,,,,,,,75,76.0,62,76,0.0,n/a - auction win = 1yr Vet-FAA at price paid,dyn_anchor,TRUE,QB-T1,3,2.3,cardinal-3panel,52.5,62.0,
Lamar Jackson,QB,BAL,29.4,FA,,,,,,,74,53.0,52,53,0.0,n/a - auction win = 1yr Vet-FAA at price paid,affine,FALSE,QB-T2,3,12.8,cardinal-3panel,51.9,52.0,
Joe Burrow,QB,CIN,29.5,FA,,,,,,,67,51.0,47,51,0.0,n/a - auction win = 1yr Vet-FAA at price paid,affine,FALSE,QB-T2,3,10.9,cardinal-3panel,47.2,47.0,
Christian McCaffrey,RB,SFO,30,FA,,,,,,,59,27.0,42,27,0.0,n/a - auction win = 1yr Vet-FAA at price paid,affine,FALSE,RB-T1,3,13.0,cardinal-3panel,41.8,42.0,
Jonathan Taylor,RB,IND,27.4,FA,,,,,,,59,33.0,42,33,0.0,n/a - auction win = 1yr Vet-FAA at price paid,affine,FALSE,RB-T1,3,11.0,cardinal-3panel,41.8,42.0,
Saquon Barkley,RB,PHI,29.4,FA,,,,,,,59,25.0,42,25,0.0,n/a - auction win = 1yr Vet-FAA at price paid,affine,FALSE,RB-T1,3,20.0,cardinal-3panel,41.8,42.0,
George Pickens,WR,DAL,25.3,FA,,,,,,,54,31.0,38,31,0.0,n/a - auction win = 1yr Vet-FAA at price paid,affine,FALSE,WR-T1,3,11.6,cardinal-3panel,38.4,38.0,
Dak Prescott,QB,DAL,32.9,FA,,,,,,,50,28.0,36,28,0.0,n/a - auction win = 1yr Vet-FAA at price paid,affine,FALSE,QB-T4,3,6.9,cardinal-3panel,35.7,36.0,
DeVonta Smith,WR,PHI,27.6,FA,,,,,,,47,26.0,34,26,0.0,n/a - auction win = 1yr Vet-FAA at price paid,affine,FALSE,WR-T1,3,14.6,cardinal-3panel,33.7,34.0,
Patrick Mahomes II,QB,KCC,30.8,FA,,,,,,,40,39.0,31,39,0.0,n/a - auction win = 1yr Vet-FAA at price paid,dyn_anchor,TRUE,QB-T3,2,4.2,cardinal-3panel,29.0,31.0,
Matthew Stafford,QB,LAR,38.4,FA,,,,,,,37,18.0,21,18,0.0,n/a - auction win = 1yr Vet-FAA at price paid,affine,FALSE,QB-T4,3,19.3,cardinal-3panel,27.0,21.0,
Josh Jacobs,RB,GBP,28.4,FA,,,,,,,25,18.0,20,18,0.0,n/a - auction win = 1yr Vet-FAA at price paid,floor,FALSE,RB-T2,3,22.0,cardinal-3panel,18.9,20.0,
Jared Goff,QB,DET,31.7,FA,,,,,,,31,24.0,18,24,0.0,n/a - auction win = 1yr Vet-FAA at price paid,affine,FALSE,QB-T4,3,12.1,cardinal-3panel,23.0,18.0,
Kyler Murray,QB,MIN,28.9,FA,,,,,,,31,21.0,18,21,0.0,n/a - auction win = 1yr Vet-FAA at price paid,affine,FALSE,QB-T4,3,8.5,cardinal-3panel,23.0,18.0,
Jaylen Waddle,WR,DEN,27.6,FA,,,,,,,27,25.0,16,25,0.0,n/a - auction win = 1yr Vet-FAA at price paid,affine,FALSE,WR-T1,3,12.3,cardinal-3panel,20.3,16.0,
Jameson Williams,WR,DET,25.2,FA,,,,,,,25,21.0,15,21,0.0,n/a - auction win = 1yr Vet-FAA at price paid,affine,FALSE,WR-T1,3,18.3,cardinal-3panel,18.9,15.0,
Kyle Pitts Sr.,TE,ATL,25.7,FA,,,,,,,10,24.0,14,24,0.0,n/a - auction win = 1yr Vet-FAA at price paid,dyn_anchor,TRUE,TE-T1,2,11.8,cardinal-3panel,8.9,14.0,
Mark Andrews,TE,BAL,30.8,FA,,,,,,,5,12.0,14,12,0.0,n/a - auction win = 1yr Vet-FAA at price paid,floor,FALSE,TE-T3,3,17.9,cardinal-3panel,5.5,14.0,
Travis Kelce,TE,KCC,36.7,FA,,,,,,,8,12.0,14,12,0.0,n/a - auction win = 1yr Vet-FAA at price paid,floor,FALSE,TE-T3,3,17.6,cardinal-3panel,7.5,14.0,
Malik Willis,QB,MIA,27.1,FA,,,,,,,22,17.0,13,17,0.0,n/a - auction win = 1yr Vet-FAA at price paid,affine,FALSE,QB-T4,3,17.8,cardinal-3panel,16.9,13.0,
Aaron Rodgers,QB,PIT,42.5,FA,,,,,,,6,8.0,12,8,0.0,n/a - auction win = 1yr Vet-FAA at price paid,floor,FALSE,QB-T5,3,13.0,cardinal-3panel,6.2,12.0,
D'Andre Swift,RB,CHI,27.4,FA,,,,,,,19,16.0,12,16,0.0,n/a - auction win = 1yr Vet-FAA at price paid,affine,FALSE,RB-T2,3,20.6,cardinal-3panel,14.9,12.0,
Daniel Jones,QB,IND,29.1,FA,,,,,,,10,16.0,12,16,0.0,n/a - auction win = 1yr Vet-FAA at price paid,dyn_anchor,TRUE,QB-T4,3,20.2,cardinal-3panel,8.9,12.0,
Jacoby Brissett,QB,ARI,33.5,FA,,,,,,,5,10.0,12,10,0.0,n/a - auction win = 1yr Vet-FAA at price paid,floor,FALSE,QB-T5,3,17.1,cardinal-3panel,5.5,12.0,
Aidan Hutchinson,DE,DET,26.0,FA,,,,,,,10.0,10.3,10.0,10.3,0.0,n/a - auction win = 1yr Vet-FAA at price paid,ups-auction-ladder,FALSE,DL-T1,2,7.8,idp-linear-1source,10.0,10.0,73.7
Chuba Hubbard,RB,CAR,27,FA,,,,,,,6,12.0,10,12,0.0,n/a - auction win = 1yr Vet-FAA at price paid,floor,FALSE,RB-T2,3,20.6,cardinal-3panel,6.2,10.0,
DK Metcalf,WR,PIT,28.5,FA,,,,,,,16,14.0,10,14,0.0,n/a - auction win = 1yr Vet-FAA at price paid,affine,FALSE,WR-T2,3,16.8,cardinal-3panel,12.9,10.0,
Jaylen Warren,RB,PIT,27.6,FA,,,,,,,5,13.0,10,13,0.0,n/a - auction win = 1yr Vet-FAA at price paid,floor,FALSE,RB-T2,3,20.5,cardinal-3panel,5.5,10.0,
Parker Washington,WR,JAC,24.2,FA,,,,,,,16,15.0,10,15,0.0,n/a - auction win = 1yr Vet-FAA at price paid,affine,FALSE,WR-T2,3,20.8,cardinal-3panel,12.9,10.0,
Rhamondre Stevenson,RB,NEP,28.3,FA,,,,,,,5,12.0,10,12,0.0,n/a - auction win = 1yr Vet-FAA at price paid,floor,FALSE,RB-T2,3,19.6,cardinal-3panel,5.5,10.0,
Tony Pollard,RB,TEN,29.1,FA,,,,,,,4,11.0,10,11,0.0,n/a - auction win = 1yr Vet-FAA at price paid,floor,FALSE,RB-T2,3,18.6,cardinal-3panel,4.8,10.0,
Jordyn Brooks,LB,MIA,28.8,FA,,,,,,,7.2,6.9,7.2,6.9,0.0,n/a - auction win = 1yr Vet-FAA at price paid,ups-auction-ladder,FALSE,LB-T1,2,3.2,idp-linear-1source,7.2,7.2,72.0
Isaiah Likely,TE,NYG,26.2,FA,,,,,,,4,16.0,7,16,0.0,n/a - auction win = 1yr Vet-FAA at price paid,dyn_anchor,TRUE,TE-T2,3,19.7,cardinal-3panel,4.8,7.0,
Joe Flacco,QB,CIN,41.4,FA,,,,,,,2,1.0,6,1,0.0,n/a - auction win = 1yr Vet-FAA at price paid,floor,FALSE,QB-T8,3,7.6,cardinal-3panel,3.5,6.0,
Justin Fields,QB,KCC,27.3,FA,,,,,,,2,7.0,6,7,0.0,n/a - auction win = 1yr Vet-FAA at price paid,floor,FALSE,QB-T5,3,14.1,cardinal-3panel,3.5,6.0,
Kirk Cousins,QB,LVR,37.8,FA,,,,,,,2,6.0,6,6,0.0,n/a - auction win = 1yr Vet-FAA at price paid,floor,FALSE,QB-T5,3,13.3,cardinal-3panel,3.5,6.0,
Kyle Hamilton,S,BAL,25.4,FA,,,,,,,5.5,5.8,5.5,5.8,0.0,n/a - auction win = 1yr Vet-FAA at price paid,ups-auction-ladder,FALSE,DB-T1,2,4.5,idp-linear-1source,5.5,5.5,65.3
Foyesade Oluokun,LB,JAC,31.0,FA,,,,,,,5.2,4.6,5.2,4.6,0.0,n/a - auction win = 1yr Vet-FAA at price paid,ups-auction-ladder,FALSE,LB-T2,2,3.8,idp-linear-1source,5.2,5.2,71.3
Chig Okonkwo,TE,,26.8,FA,,,,,,,4,12.0,5,12,0.0,n/a - auction win = 1yr Vet-FAA at price paid,dyn_anchor,TRUE,TE-T3,3,18.4,cardinal-3panel,4.8,5.0,
Gunnar Helm,TE,TEN,23.8,FA,,,,,,,3,11.0,5,11,0.0,n/a - auction win = 1yr Vet-FAA at price paid,dyn_anchor,TRUE,TE-T3,3,19.1,cardinal-3panel,4.2,5.0,
Hunter Henry,TE,NEP,31.5,FA,,,,,,,4,10.0,5,10,0.0,n/a - auction win = 1yr Vet-FAA at price paid,dyn_anchor,TRUE,TE-T3,3,16.3,cardinal-3panel,4.8,5.0,
Juwan Johnson,TE,NOS,29.8,FA,,,,,,,4,10.0,5,10,0.0,n/a - auction win = 1yr Vet-FAA at price paid,dyn_anchor,TRUE,TE-T3,3,15.7,cardinal-3panel,4.8,5.0,
Maxx Crosby,DE,LVR,28.9,FA,,,,,,,5.0,4.7,5.0,4.7,0.0,n/a - auction win = 1yr Vet-FAA at price paid,ups-auction-ladder,FALSE,DL-T2,2,0.0,idp-linear-1source,5.0,5.0,60.7
Michael Pittman Jr.,WR,PIT,28.7,FA,,,,,,,2,13.0,5,13,0.0,n/a - auction win = 1yr Vet-FAA at price paid,dyn_anchor,TRUE,WR-T2,2,11.8,cardinal-3panel,3.5,5.0,
Romeo Doubs,WR,NEP,26.2,FA,,,,,,,2,11.0,5,11,0.0,n/a - auction win = 1yr Vet-FAA at price paid,dyn_anchor,TRUE,WR-T2,3,19.7,cardinal-3panel,3.5,5.0,
Stefon Diggs,WR,FA,32.6,FA,,,,,,,1,8.0,5,8,0.0,n/a - auction win = 1yr Vet-FAA at price paid,dyn_anchor,TRUE,WR-T3,3,14.3,cardinal-3panel,2.8,5.0,
Aaron Jones Sr.,RB,MIN,31.5,FA,,,,,,,2,8.0,4,8,0.0,n/a - auction win = 1yr Vet-FAA at price paid,floor,FALSE,RB-T2,2,7.9,cardinal-3panel,3.5,4.0,
Brandon Aiyuk,WR,SFO,28.3,FA,,,,,,,1,8.0,4,8,0.0,n/a - auction win = 1yr Vet-FAA at price paid,dyn_anchor,TRUE,WR-T3,3,7.3,cardinal-3panel,2.8,4.0,
Darnell Washington,TE,PIT,24.8,FA,,,,,,,2,5.0,4,5,0.0,n/a - auction win = 1yr Vet-FAA at price paid,dyn_anchor,TRUE,TE-T4,3,14.3,cardinal-3panel,3.5,4,
Derwin James,S,LAC,30.0,FA,,,,,,,4.0,3.6,4.0,3.6,0.0,n/a - auction win = 1yr Vet-FAA at price paid,ups-auction-ladder,FALSE,DB-T2,2,3.0,idp-linear-1source,4.0,4.0,61.7
Greg Dulcich,TE,MIA,26.2,FA,,,,,,,3,9.0,4,9,0.0,n/a - auction win = 1yr Vet-FAA at price paid,dyn_anchor,TRUE,TE-T3,3,16.0,cardinal-3panel,4.2,4.0,
Isiah Pacheco,RB,DET,27.3,FA,,,,,,,2,8.0,4,8,0.0,n/a - auction win = 1yr Vet-FAA at price paid,floor,FALSE,RB-T2,3,16.4,cardinal-3panel,3.5,4.0,
Jalen Nailor,WR,LVR,27.3,FA,,,,,,,1,8.0,4,8,0.0,n/a - auction win = 1yr Vet-FAA at price paid,dyn_anchor,TRUE,WR-T3,3,18.4,cardinal-3panel,2.8,4.0,
Keon Coleman,WR,BUF,23.1,FA,,,,,,,1,8.0,4,8,0.0,n/a - auction win = 1yr Vet-FAA at price paid,dyn_anchor,TRUE,WR-T3,3,17.6,cardinal-3panel,2.8,4.0,
Mac Jones,QB,SFO,27.8,FA,,,,,,,2,9.0,4,9,0.0,n/a - auction win = 1yr Vet-FAA at price paid,dyn_anchor,TRUE,QB-T5,3,18.5,cardinal-3panel,3.5,4.0,
Mike Gesicki,TE,CIN,30.7,FA,,,,,,,3,4.0,4,4,0.0,n/a - auction win = 1yr Vet-FAA at price paid,affine,FALSE,TE-T5,3,10.5,cardinal-3panel,4.2,4,
Nick Bolton,LB,KCC,26.4,FA,,,,,,,4.0,4.1,4.0,4.1,0.0,n/a - auction win = 1yr Vet-FAA at price paid,ups-auction-ladder,FALSE,LB-T2,2,1.8,idp-linear-1source,4.0,4.0,71.0
Pat Freiermuth,TE,PIT,27.6,FA,,,,,,,3,9.0,4,9,0.0,n/a - auction win = 1yr Vet-FAA at price paid,dyn_anchor,TRUE,TE-T3,3,16.3,cardinal-3panel,4.2,4.0,
Rachaad White,RB,WAS,27.4,FA,,,,,,,2,11.0,4,11,0.0,n/a - auction win = 1yr Vet-FAA at price paid,dyn_anchor,TRUE,RB-T2,3,19.6,cardinal-3panel,3.5,4.0,
Troy Franklin,WR,DEN,23.4,FA,,,,,,,1,8.0,4,8,0.0,n/a - auction win = 1yr Vet-FAA at price paid,dyn_anchor,TRUE,WR-T3,3,18.0,cardinal-3panel,2.8,4.0,
Tyreek Hill,WR,FA,32.3,FA,,,,,,,1,8.0,4,8,0.0,n/a - auction win = 1yr Vet-FAA at price paid,dyn_anchor,TRUE,WR-T3,3,10.3,cardinal-3panel,2.8,4.0,
Jalen Carter,DT,PHI,25.3,FA,,,,,,,3.8,3.9,3.8,3.9,0.0,n/a - auction win = 1yr Vet-FAA at price paid,ups-auction-ladder,FALSE,DL-T2,2,2.8,idp-linear-1source,3.8,3.8,57.7
Budda Baker,S,ARI,30.5,FA,,,,,,,3.5,3.1,3.5,3.1,0.0,n/a - auction win = 1yr Vet-FAA at price paid,ups-auction-ladder,FALSE,DB-T2,2,2.0,idp-linear-1source,3.5,3.5,60.0
Edgerrin Cooper,LB,GBP,24.7,FA,,,,,,,3.5,3.7,3.5,3.7,0.0,n/a - auction win = 1yr Vet-FAA at price paid,ups-auction-ladder,FALSE,LB-T2,2,2.5,idp-linear-1source,3.5,3.5,70.3
Jeffery Simmons,DT,TEN,29.0,FA,,,,,,,3.5,3.3,3.5,3.3,0.0,n/a - auction win = 1yr Vet-FAA at price paid,ups-auction-ladder,FALSE,DL-T2,2,2.5,idp-linear-1source,3.5,3.5,56.7
T.J. Edwards,LB,CHI,29.9,FA,,,,,,,3.2,3.0,3.2,3.0,0.0,n/a - auction win = 1yr Vet-FAA at price paid,ups-auction-ladder,FALSE,LB-T2,2,2.2,idp-linear-1source,3.2,3.2,70.0
Tyler Nubin,S,NYG,25.1,FA,,,,,,,3.2,3.4,3.2,3.4,0.0,n/a - auction win = 1yr Vet-FAA at price paid,ups-auction-ladder,FALSE,DB-T2,2,2.2,idp-linear-1source,3.2,3.2,55.7
Adam Trautman,TE,DEN,NA,FA,,,,,,,1,0.0,3,0,0.0,n/a - auction win = 1yr Vet-FAA at price paid,affine,FALSE,TE-T8,0,,cardinal-3panel,2.8,3,
Andrei Iosivas,WR,CIN,26.7,FA,,,,,,,1,2.0,3,2,0.0,n/a - auction win = 1yr Vet-FAA at price paid,affine,FALSE,WR-T7,3,11.7,cardinal-3panel,2.8,3,
Andy Dalton,QB,PHI,NA,FA,,,,,,,2,0.0,3,0,0.0,n/a - auction win = 1yr Vet-FAA at price paid,affine,FALSE,QB-T9,0,,cardinal-3panel,3.5,3,
Antonio Gibson,RB,FA,NA,FA,,,,,,,1,0.0,3,0,0.0,n/a - auction win = 1yr Vet-FAA at price paid,affine,FALSE,RB-T6,0,,cardinal-3panel,2.8,3,
Ashton Dulin,WR,IND,NA,FA,,,,,,,1,0.0,3,0,0.0,n/a - auction win = 1yr Vet-FAA at price paid,affine,FALSE,WR-T9,0,,cardinal-3panel,2.8,3,
Audric Estime,RB,NOS,22.8,FA,,,,,,,1,1.0,3,1,0.0,n/a - auction win = 1yr Vet-FAA at price paid,affine,FALSE,RB-T5,3,11.2,cardinal-3panel,2.8,3,
Austin Ekeler,RB,FA,NA,FA,,,,,,,1,0.0,3,0,0.0,n/a - auction win = 1yr Vet-FAA at price paid,affine,FALSE,RB-T6,2,0.2,cardinal-3panel,2.8,3,
Brevin Jordan,TE,HOU,25.9,FA,,,,,,,1,0.0,3,0,0.0,n/a - auction win = 1yr Vet-FAA at price paid,affine,FALSE,TE-T8,0,,cardinal-3panel,2.8,3,
Brevyn Spann-Ford,TE,DAL,NA,FA,,,,,,,1,0.0,3,0,0.0,n/a - auction win = 1yr Vet-FAA at price paid,affine,FALSE,TE-T8,0,,cardinal-3panel,2.8,3,
CJ Daniels,WR,LAR,NA,FA,,,,,,,1,1.0,3,1,0.0,n/a - auction win = 1yr Vet-FAA at price paid,affine,FALSE,WR-T8,3,7.7,cardinal-3panel,2.8,3,
Calvin Austin III,WR,NYG,27.2,FA,,,,,,,1,1.0,3,1,0.0,n/a - auction win = 1yr Vet-FAA at price paid,affine,FALSE,WR-T8,2,9.9,cardinal-3panel,2.8,3,
Charlie Kolar,TE,LAC,27.4,FA,,,,,,,2,0.0,3,0,0.0,n/a - auction win = 1yr Vet-FAA at price paid,affine,FALSE,TE-T8,0,,cardinal-3panel,3.5,3,
Colbie Young,WR,CIN,NA,FA,,,,,,,1,1.0,3,1,0.0,n/a - auction win = 1yr Vet-FAA at price paid,affine,FALSE,WR-T8,2,1.0,cardinal-3panel,2.8,3,
Daniel Bellinger,TE,TEN,25.7,FA,,,,,,,1,0.0,3,0,0.0,n/a - auction win = 1yr Vet-FAA at price paid,affine,FALSE,TE-T8,0,,cardinal-3panel,2.8,3,
Darius Cooper,WR,PHI,NA,FA,,,,,,,1,0.0,3,0,0.0,n/a - auction win = 1yr Vet-FAA at price paid,affine,FALSE,WR-T9,0,,cardinal-3panel,2.8,3,
Darren Waller,TE,FA,33.8,FA,,,,,,,1,1.0,3,1,0.0,n/a - auction win = 1yr Vet-FAA at price paid,affine,FALSE,TE-T7,2,0.2,cardinal-3panel,2.8,3,
Dawson Knox,TE,BUF,29.6,FA,,,,,,,2,2.0,3,2,0.0,n/a - auction win = 1yr Vet-FAA at price paid,affine,FALSE,TE-T6,3,12.6,cardinal-3panel,3.5,3,
Durham Smythe,TE,BAL,NA,FA,,,,,,,1,0.0,3,0,0.0,n/a - auction win = 1yr Vet-FAA at price paid,affine,FALSE,TE-T8,0,,cardinal-3panel,2.8,3,
Dyami Brown,WR,WAS,26.6,FA,,,,,,,1,1.0,3,1,0.0,n/a - auction win = 1yr Vet-FAA at price paid,affine,FALSE,WR-T8,3,9.9,cardinal-3panel,2.8,3,
Elijah Higgins,TE,ARI,25.6,FA,,,,,,,1,0.0,3,0,0.0,n/a - auction win = 1yr Vet-FAA at price paid,affine,FALSE,TE-T8,0,,cardinal-3panel,2.8,3,
Emari Demercado,RB,KCC,27.4,FA,,,,,,,1,1.0,3,1,0.0,n/a - auction win = 1yr Vet-FAA at price paid,affine,FALSE,RB-T5,3,8.9,cardinal-3panel,2.8,3,
Foster Moreau,TE,HOU,29.1,FA,,,,,,,1,0.0,3,0,0.0,n/a - auction win = 1yr Vet-FAA at price paid,affine,FALSE,TE-T8,0,,cardinal-3panel,2.8,3,
Greg Dortch,WR,DET,28.1,FA,,,,,,,1,0.0,3,0,0.0,n/a - auction win = 1yr Vet-FAA at price paid,affine,FALSE,WR-T9,0,,cardinal-3panel,2.8,3,
Gregory Rousseau,DE,BUF,26.3,FA,,,,,,,3.0,3.1,3.0,3.1,0.0,n/a - auction win = 1yr Vet-FAA at price paid,ups-auction-ladder,FALSE,DL-T2,2,2.0,idp-linear-1source,3.0,3.0,56.3
Ja'Lynn Polk,WR,NOS,24.2,FA,,,,,,,1,1.0,3,1,0.0,n/a - auction win = 1yr Vet-FAA at price paid,affine,FALSE,WR-T8,3,10.1,cardinal-3panel,2.8,3,
Jack Endries,TE,CIN,NA,FA,,,,,,,1,1.0,3,1,0.0,n/a - auction win = 1yr Vet-FAA at price paid,affine,FALSE,TE-T7,3,5.1,cardinal-3panel,2.8,3,
Jacob Cowing,WR,SFO,25.4,FA,,,,,,,1,0.0,3,0,0.0,n/a - auction win = 1yr Vet-FAA at price paid,affine,FALSE,WR-T9,0,,cardinal-3panel,2.8,3,
Jahan Dotson,WR,ATL,26.2,FA,,,,,,,1,2.0,3,2,0.0,n/a - auction win = 1yr Vet-FAA at price paid,affine,FALSE,WR-T7,3,11.9,cardinal-3panel,2.8,3,
Jahdae Walker,WR,CHI,NA,FA,,,,,,,1,0.0,3,0,0.0,n/a - auction win = 1yr Vet-FAA at price paid,affine,FALSE,WR-T9,0,,cardinal-3panel,2.8,3,
Jalen Tolbert,WR,MIA,27.3,FA,,,,,,,1,2.0,3,2,0.0,n/a - auction win = 1yr Vet-FAA at price paid,affine,FALSE,WR-T7,3,13.5,cardinal-3panel,2.8,3,
Jameis Winston,QB,NYG,32.4,FA,,,,,,,2,2.0,3,2,0.0,n/a - auction win = 1yr Vet-FAA at price paid,affine,FALSE,QB-T7,3,9.2,cardinal-3panel,3.5,3,
Jaydn Ott,RB,KCC,NA,FA,,,,,,,1,1.0,3,1,0.0,n/a - auction win = 1yr Vet-FAA at price paid,affine,FALSE,RB-T5,2,0.2,cardinal-3panel,2.8,3,
Jeff Caldwell,WR,KCC,NA,FA,,,,,,,1,1.0,3,1,0.0,n/a - auction win = 1yr Vet-FAA at price paid,affine,FALSE,WR-T8,2,1.3,cardinal-3panel,2.8,3,
Joe Milton III,QB,DAL,26.3,FA,,,,,,,2,2.0,3,2,0.0,n/a - auction win = 1yr Vet-FAA at price paid,affine,FALSE,QB-T7,2,10.1,cardinal-3panel,3.5,3,
John Metchie III,WR,CAR,25.9,FA,,,,,,,1,1.0,3,1,0.0,n/a - auction win = 1yr Vet-FAA at price paid,affine,FALSE,WR-T8,2,9.2,cardinal-3panel,2.8,3,
Johnny Wilson,WR,PHI,25.2,FA,,,,,,,1,0.0,3,0,0.0,n/a - auction win = 1yr Vet-FAA at price paid,affine,FALSE,WR-T9,0,,cardinal-3panel,2.8,3,
Jordan Whittington,WR,LAR,25.7,FA,,,,,,,1,1.0,3,1,0.0,n/a - auction win = 1yr Vet-FAA at price paid,affine,FALSE,WR-T8,3,10.9,cardinal-3panel,2.8,3,
Josh Oliver,TE,MIN,NA,FA,,,,,,,1,0.0,3,0,0.0,n/a - auction win = 1yr Vet-FAA at price paid,affine,FALSE,TE-T8,0,,cardinal-3panel,2.8,3,
Josh Whyle,TE,GBP,NA,FA,,,,,,,1,0.0,3,0,0.0,n/a - auction win = 1yr Vet-FAA at price paid,affine,FALSE,TE-T8,0,,cardinal-3panel,2.8,3,
Joshua Palmer,WR,BUF,26.7,FA,,,,,,,1,1.0,3,1,0.0,n/a - auction win = 1yr Vet-FAA at price paid,affine,FALSE,WR-T8,0,,cardinal-3panel,2.8,3,
JuJu Smith-Schuster,WR,NYG,NA,FA,,,,,,,1,0.0,3,0,0.0,n/a - auction win = 1yr Vet-FAA at price paid,affine,FALSE,WR-T9,0,,cardinal-3panel,2.8,3,
KaVontae Turpin,WR,DAL,29.9,FA,,,,,,,1,1.0,3,1,0.0,n/a - auction win = 1yr Vet-FAA at price paid,affine,FALSE,WR-T8,3,8.3,cardinal-3panel,2.8,3,
Kalif Raymond,WR,CHI,NA,FA,,,,,,,1,0.0,3,0,0.0,n/a - auction win = 1yr Vet-FAA at price paid,affine,FALSE,WR-T9,2,0.0,cardinal-3panel,2.8,3,
Kendrick Bourne,WR,ARI,30.9,FA,,,,,,,1,1.0,3,1,0.0,n/a - auction win = 1yr Vet-FAA at price paid,affine,FALSE,WR-T8,3,9.2,cardinal-3panel,2.8,3,
Kenneth Gainwell,RB,TBB,27.3,FA,,,,,,,0,11.0,3,11,0.0,n/a - auction win = 1yr Vet-FAA at price paid,dyn_anchor,TRUE,RB-T2,3,20.0,cardinal-3panel,2.1,3.0,
Luke McCaffrey,WR,WAS,25.2,FA,,,,,,,1,1.0,3,1,0.0,n/a - auction win = 1yr Vet-FAA at price paid,affine,FALSE,WR-T8,3,11.7,cardinal-3panel,2.8,3,
Luke Musgrave,TE,GBP,25.8,FA,,,,,,,2,2.0,3,2,0.0,n/a - auction win = 1yr Vet-FAA at price paid,affine,FALSE,TE-T6,3,13.1,cardinal-3panel,3.5,3,
Luke Schoonmaker,TE,DAL,27.7,FA,,,,,,,1,0.0,3,0,0.0,n/a - auction win = 1yr Vet-FAA at price paid,affine,FALSE,TE-T8,0,,cardinal-3panel,2.8,3,
Mack Hollins,WR,NEP,32.8,FA,,,,,,,1,0.0,3,0,0.0,n/a - auction win = 1yr Vet-FAA at price paid,affine,FALSE,WR-T9,3,8.0,cardinal-3panel,2.8,3,
Malik Benson,WR,LVR,NA,FA,,,,,,,1,1.0,3,1,0.0,n/a - auction win = 1yr Vet-FAA at price paid,affine,FALSE,WR-T8,2,2.2,cardinal-3panel,2.8,3,
Marcus Mariota,QB,WAS,32.6,FA,,,,,,,2,2.0,3,2,0.0,n/a - auction win = 1yr Vet-FAA at price paid,affine,FALSE,QB-T7,3,8.3,cardinal-3panel,3.5,3,
Matt Hibner,TE,,NA,FA,,,,,,,1,0.0,3,0,0.0,n/a - auction win = 1yr Vet-FAA at price paid,affine,FALSE,TE-T8,0,,cardinal-3panel,2.8,3,
Michael Trigg,TE,DAL,NA,FA,,,,,,,1,2.0,3,2,0.0,n/a - auction win = 1yr Vet-FAA at price paid,affine,FALSE,TE-T6,3,8.6,cardinal-3panel,2.8,3,
Mitchell Evans,TE,CAR,23.3,FA,,,,,,,1,0.0,3,0,0.0,n/a - auction win = 1yr Vet-FAA at price paid,affine,FALSE,TE-T8,0,,cardinal-3panel,2.8,3,
Mitchell Trubisky,QB,TEN,NA,FA,,,,,,,2,0.0,3,0,0.0,n/a - auction win = 1yr Vet-FAA at price paid,affine,FALSE,QB-T9,0,,cardinal-3panel,3.5,3,
Nate Boerkircher,TE,JAC,NA,FA,,,,,,,1,0.0,3,0,0.0,n/a - auction win = 1yr Vet-FAA at price paid,affine,FALSE,TE-T8,0,,cardinal-3panel,2.8,3,
Nick Westbrook-Ikhine,WR,IND,29.2,FA,,,,,,,1,0.0,3,0,0.0,n/a - auction win = 1yr Vet-FAA at price paid,affine,FALSE,WR-T9,3,7.2,cardinal-3panel,2.8,3,
Noah Gray,TE,KCC,27.1,FA,,,,,,,2,2.0,3,2,0.0,n/a - auction win = 1yr Vet-FAA at price paid,affine,FALSE,TE-T6,3,11.1,cardinal-3panel,3.5,3,
Odell Beckham Jr.,WR,NYG,NA,FA,,,,,,,1,1.0,3,1,0.0,n/a - auction win = 1yr Vet-FAA at price paid,affine,FALSE,WR-T8,1,0.0,cardinal-3panel,2.8,3,
Olamide Zaccheaus,WR,ATL,28.9,FA,,,,,,,1,1.0,3,1,0.0,n/a - auction win = 1yr Vet-FAA at price paid,affine,FALSE,WR-T8,3,9.0,cardinal-3panel,2.8,3,
Phil Mafah,RB,DAL,23.7,FA,,,,,,,1,0.0,3,0,0.0,n/a - auction win = 1yr Vet-FAA at price paid,affine,FALSE,RB-T6,3,9.3,cardinal-3panel,2.8,3,
Rasheen Ali,RB,BAL,25.3,FA,,,,,,,1,0.0,3,0,0.0,n/a - auction win = 1yr Vet-FAA at price paid,affine,FALSE,RB-T6,3,9.3,cardinal-3panel,2.8,3,
Samaje Perine,RB,CIN,30.8,FA,,,,,,,1,1.0,3,1,0.0,n/a - auction win = 1yr Vet-FAA at price paid,affine,FALSE,RB-T5,3,5.2,cardinal-3panel,2.8,3,
Skyy Moore,WR,GBP,25.8,FA,,,,,,,1,0.0,3,0,0.0,n/a - auction win = 1yr Vet-FAA at price paid,affine,FALSE,WR-T9,0,,cardinal-3panel,2.8,3,
Tai Felton,WR,MIN,23.3,FA,,,,,,,1,1.0,3,1,0.0,n/a - auction win = 1yr Vet-FAA at price paid,affine,FALSE,WR-T8,3,9.3,cardinal-3panel,2.8,3,
Tanner Hudson,TE,CIN,NA,FA,,,,,,,1,0.0,3,0,0.0,n/a - auction win = 1yr Vet-FAA at price paid,affine,FALSE,TE-T8,0,,cardinal-3panel,2.8,3,
Tanner Koziol,TE,JAC,NA,FA,,,,,,,1,2.0,3,2,0.0,n/a - auction win = 1yr Vet-FAA at price paid,affine,FALSE,TE-T6,2,0.8,cardinal-3panel,2.8,3,
Theo Johnson,TE,NYG,25.3,FA,,,,,,,2,7.0,3,7,0.0,n/a - auction win = 1yr Vet-FAA at price paid,dyn_anchor,TRUE,TE-T4,3,15.6,cardinal-3panel,3.5,3.0,
Tim Patrick,WR,NYJ,NA,FA,,,,,,,1,0.0,3,0,0.0,n/a - auction win = 1yr Vet-FAA at price paid,affine,FALSE,WR-T9,0,,cardinal-3panel,2.8,3,
Tommy Tremble,TE,CAR,26,FA,,,,,,,1,1.0,3,1,0.0,n/a - auction win = 1yr Vet-FAA at price paid,affine,FALSE,TE-T7,0,,cardinal-3panel,2.8,3,
Treylon Burks,WR,WAS,26.2,FA,,,,,,,1,1.0,3,1,0.0,n/a - auction win = 1yr Vet-FAA at price paid,affine,FALSE,WR-T8,3,12.0,cardinal-3panel,2.8,3,
Tutu Atwell,WR,MIA,26.7,FA,,,,,,,1,1.0,3,1,0.0,n/a - auction win = 1yr Vet-FAA at price paid,affine,FALSE,WR-T8,3,11.1,cardinal-3panel,2.8,3,
Tyler Higbee,TE,LAR,33.5,FA,,,,,,,1,1.0,3,1,0.0,n/a - auction win = 1yr Vet-FAA at price paid,affine,FALSE,TE-T7,3,9.5,cardinal-3panel,2.8,3,
Tyrod Taylor,QB,GBP,36.9,FA,,,,,,,2,0.0,3,0,0.0,n/a - auction win = 1yr Vet-FAA at price paid,affine,FALSE,QB-T9,0,,cardinal-3panel,3.5,3,
Van Jefferson,WR,WAS,29.9,FA,,,,,,,1,0.0,3,0,0.0,n/a - auction win = 1yr Vet-FAA at price paid,affine,FALSE,WR-T9,0,,cardinal-3panel,2.8,3,
Will Kacmarek,TE,MIA,NA,FA,,,,,,,1,1.0,3,1,0.0,n/a - auction win = 1yr Vet-FAA at price paid,affine,FALSE,TE-T7,2,2.2,cardinal-3panel,2.8,3,
Xavier Hutchinson,WR,HOU,26,FA,,,,,,,1,1.0,3,1,0.0,n/a - auction win = 1yr Vet-FAA at price paid,affine,FALSE,WR-T8,3,11.5,cardinal-3panel,2.8,3,
Zaire Franklin,LB,GBP,30.1,FA,,,,,,,3.0,2.7,3.0,2.7,0.0,n/a - auction win = 1yr Vet-FAA at price paid,ups-auction-ladder,FALSE,LB-T2,2,0.8,idp-linear-1source,3.0,3.0,69.7
Zavion Thomas,WR,CHI,NA,FA,,,,,,,1,2.0,3,2,0.0,n/a - auction win = 1yr Vet-FAA at price paid,affine,FALSE,WR-T7,3,11.9,cardinal-3panel,2.8,3,
Jessie Bates,S,ATL,29.4,FA,,,,,,,2.8,2.6,2.8,2.6,0.0,n/a - auction win = 1yr Vet-FAA at price paid,ups-auction-ladder,FALSE,DB-T2,2,1.8,idp-linear-1source,2.8,2.8,55.0
Nick Cross,S,WAS,24.9,FA,,,,,,,2.5,2.7,2.5,2.7,0.0,n/a - auction win = 1yr Vet-FAA at price paid,ups-auction-ladder,FALSE,DB-T2,2,1.5,idp-linear-1source,2.5,2.5,53.7
Zack Baun,LB,PHI,29.6,FA,,,,,,,2.5,2.3,2.5,2.3,0.0,n/a - auction win = 1yr Vet-FAA at price paid,ups-auction-ladder,FALSE,LB-T2,2,0.8,idp-linear-1source,2.5,2.5,69.3
Blake Cashman,LB,MIN,30.2,FA,,,,,,,2.2,2.0,2.2,2.0,0.0,n/a - auction win = 1yr Vet-FAA at price paid,ups-auction-ladder,FALSE,LB-T2,2,1.0,idp-linear-1source,2.2,2.2,68.0
Dexter Lawrence,DT,CIN,28.7,FA,,,,,,,2.2,2.1,2.2,2.1,0.0,n/a - auction win = 1yr Vet-FAA at price paid,ups-auction-ladder,FALSE,DL-T3,2,1.2,idp-linear-1source,2.2,2.2,55.3
Ernest Jones,LB,SEA,26.7,FA,,,,,,,2.2,2.3,2.2,2.3,0.0,n/a - auction win = 1yr Vet-FAA at price paid,ups-auction-ladder,FALSE,LB-T2,2,5.0,idp-linear-1source,2.2,2.2,68.3
Jamien Sherwood,LB,NYJ,26.5,FA,,,,,,,2.2,2.3,2.2,2.3,0.0,n/a - auction win = 1yr Vet-FAA at price paid,ups-auction-ladder,FALSE,LB-T2,2,0.0,idp-linear-1source,2.2,2.2,68.7
A.T. Perry,WR,PIT,NA,FA,,,,,,,0,0.0,2,0,0.0,n/a - auction win = 1yr Vet-FAA at price paid,affine,FALSE,WR-T9,0,,cardinal-3panel,2.1,2,
AJ Dillon,RB,CAR,28.1,FA,,,,,,,0,0.0,2,0,0.0,n/a - auction win = 1yr Vet-FAA at price paid,affine,FALSE,RB-T6,0,,cardinal-3panel,2.1,2,
Aaron Anderson,WR,CLE,NA,FA,,,,,,,0,0.0,2,0,0.0,n/a - auction win = 1yr Vet-FAA at price paid,affine,FALSE,WR-T9,0,,cardinal-3panel,2.1,2,
Aidan O'Connell,QB,LVR,27.8,FA,,,,,,,0,0.0,2,0,0.0,n/a - auction win = 1yr Vet-FAA at price paid,affine,FALSE,QB-T9,0,,cardinal-3panel,2.1,2,
Alexander Mattison,RB,MIA,28,FA,,,,,,,0,0.0,2,0,0.0,n/a - auction win = 1yr Vet-FAA at price paid,affine,FALSE,RB-T6,0,,cardinal-3panel,2.1,2,
Allen Lazard,WR,FA,NA,FA,,,,,,,0,0.0,2,0,0.0,n/a - auction win = 1yr Vet-FAA at price paid,affine,FALSE,WR-T9,0,,cardinal-3panel,2.1,2,
Alvin Kamara,RB,NOS,30.9,FA,,,,,,,1,7.0,2,7,0.0,n/a - auction win = 1yr Vet-FAA at price paid,dyn_anchor,TRUE,RB-T2,3,14.2,cardinal-3panel,2.8,2.0,
Ameer Abdullah,RB,JAC,NA,FA,,,,,,,0,0.0,2,0,0.0,n/a - auction win = 1yr Vet-FAA at price paid,affine,FALSE,RB-T6,0,,cardinal-3panel,2.1,2,
Arian Smith,WR,NYJ,24.7,FA,,,,,,,0,0.0,2,0,0.0,n/a - auction win = 1yr Vet-FAA at price paid,affine,FALSE,WR-T9,0,,cardinal-3panel,2.1,2,
Austin Hooper,TE,ATL,NA,FA,,,,,,,0,0.0,2,0,0.0,n/a - auction win = 1yr Vet-FAA at price paid,affine,FALSE,TE-T8,0,,cardinal-3panel,2.1,2,
Bailey Zappe,QB,NYJ,NA,FA,,,,,,,0,0.0,2,0,0.0,n/a - auction win = 1yr Vet-FAA at price paid,affine,FALSE,QB-T9,0,,cardinal-3panel,2.1,2,
Bam Knight,RB,ARI,25.2,FA,,,,,,,0,0.0,2,0,0.0,n/a - auction win = 1yr Vet-FAA at price paid,affine,FALSE,RB-T6,2,6.6,cardinal-3panel,2.1,2,
Barion Brown,WR,NOS,NA,FA,,,,,,,0,0.0,2,0,0.0,n/a - auction win = 1yr Vet-FAA at price paid,affine,FALSE,WR-T9,0,,cardinal-3panel,2.1,2,
Ben Skowronek,WR,PIT,NA,FA,,,,,,,0,0.0,2,0,0.0,n/a - auction win = 1yr Vet-FAA at price paid,affine,FALSE,WR-T9,0,,cardinal-3panel,2.1,2,
Blake Watson,RB,FA,NA,FA,,,,,,,0,0.0,2,0,0.0,n/a - auction win = 1yr Vet-FAA at price paid,affine,FALSE,RB-T6,0,,cardinal-3panel,2.1,2,
Bo Melton,WR,GBP,27.1,FA,,,,,,,0,0.0,2,0,0.0,n/a - auction win = 1yr Vet-FAA at price paid,affine,FALSE,WR-T9,0,,cardinal-3panel,2.1,2,
Brady Cook,QB,NYJ,NA,FA,,,,,,,0,0.0,2,0,0.0,n/a - auction win = 1yr Vet-FAA at price paid,affine,FALSE,QB-T9,0,,cardinal-3panel,2.1,2,
Brandin Cooks,WR,BUF,NA,FA,,,,,,,0,0.0,2,0,0.0,n/a - auction win = 1yr Vet-FAA at price paid,affine,FALSE,WR-T9,0,,cardinal-3panel,2.1,2,
Brashard Smith,RB,KCC,23.2,FA,,,,,,,1,2.0,2,2,0.0,n/a - auction win = 1yr Vet-FAA at price paid,affine,FALSE,RB-T4,3,12.8,cardinal-3panel,2.8,2.0,
Braxton Berrios,WR,NYG,NA,FA,,,,,,,0,0.0,2,0,0.0,n/a - auction win = 1yr Vet-FAA at price paid,affine,FALSE,WR-T9,0,,cardinal-3panel,2.1,2,
Brenen Thompson,WR,LAC,NA,FA,,,,,,,1,4.0,2,4,0.0,n/a - auction win = 1yr Vet-FAA at price paid,dyn_anchor,TRUE,WR-T5,3,11.9,cardinal-3panel,2.8,2.0,
Brian Robinson Jr.,RB,ATL,27.2,FA,,,,,,,2,8.0,2,8,0.0,n/a - auction win = 1yr Vet-FAA at price paid,dyn_anchor,TRUE,RB-T2,2,8.4,cardinal-3panel,3.5,2.0,
Brock Wright,TE,DET,27.6,FA,,,,,,,0,0.0,2,0,0.0,n/a - auction win = 1yr Vet-FAA at price paid,affine,FALSE,TE-T8,0,,cardinal-3panel,2.1,2,
Bub Means,WR,NOS,25.4,FA,,,,,,,0,0.0,2,0,0.0,n/a - auction win = 1yr Vet-FAA at price paid,affine,FALSE,WR-T9,0,,cardinal-3panel,2.1,2,
CJ Donaldson,RB,NOS,NA,FA,,,,,,,0,0.0,2,0,0.0,n/a - auction win = 1yr Vet-FAA at price paid,affine,FALSE,RB-T6,0,,cardinal-3panel,2.1,2,
Calvin Ridley,WR,TEN,31.5,FA,,,,,,,1,6.0,2,6,0.0,n/a - auction win = 1yr Vet-FAA at price paid,dyn_anchor,TRUE,WR-T4,3,12.9,cardinal-3panel,2.8,2.0,
Cam Akers,RB,FA,NA,FA,,,,,,,0,0.0,2,0,0.0,n/a - auction win = 1yr Vet-FAA at price paid,affine,FALSE,RB-T6,0,,cardinal-3panel,2.1,2,
Carsen Ryan,TE,CLE,NA,FA,,,,,,,0,0.0,2,0,0.0,n/a - auction win = 1yr Vet-FAA at price paid,affine,FALSE,TE-T8,0,,cardinal-3panel,2.1,2,
Carson Steele,RB,PHI,NA,FA,,,,,,,0,0.0,2,0,0.0,n/a - auction win = 1yr Vet-FAA at price paid,affine,FALSE,RB-T6,0,,cardinal-3panel,2.1,2,
Case Keenum,QB,CHI,NA,FA,,,,,,,0,0.0,2,0,0.0,n/a - auction win = 1yr Vet-FAA at price paid,affine,FALSE,QB-T9,0,,cardinal-3panel,2.1,2,
Casey Washington,WR,FA,NA,FA,,,,,,,0,0.0,2,0,0.0,n/a - auction win = 1yr Vet-FAA at price paid,affine,FALSE,WR-T9,0,,cardinal-3panel,2.1,2,
Cedric Tillman,WR,CLE,26.2,FA,,,,,,,1,3.0,2,3,0.0,n/a - auction win = 1yr Vet-FAA at price paid,affine,FALSE,WR-T6,3,12.8,cardinal-3panel,2.8,2.0,
Cedrick Wilson Jr.,WR,DET,NA,FA,,,,,,,0,0.0,2,0,0.0,n/a - auction win = 1yr Vet-FAA at price paid,affine,FALSE,WR-T9,0,,cardinal-3panel,2.1,2,
Charlie Jones,WR,CIN,NA,FA,,,,,,,0,0.0,2,0,0.0,n/a - auction win = 1yr Vet-FAA at price paid,affine,FALSE,WR-T9,0,,cardinal-3panel,2.1,2,
Chase Claypool,WR,FA,NA,FA,,,,,,,0,0.0,2,0,0.0,n/a - auction win = 1yr Vet-FAA at price paid,affine,FALSE,WR-T9,0,,cardinal-3panel,2.1,2,
Chase Edmonds,RB,WAS,NA,FA,,,,,,,0,0.0,2,0,0.0,n/a - auction win = 1yr Vet-FAA at price paid,affine,FALSE,RB-T6,0,,cardinal-3panel,2.1,2,
Chase Roberts,WR,LVR,NA,FA,,,,,,,0,0.0,2,0,0.0,n/a - auction win = 1yr Vet-FAA at price paid,affine,FALSE,WR-T9,0,,cardinal-3panel,2.1,2,
Chip Trayanum,RB,NYJ,NA,FA,,,,,,,0,0.0,2,0,0.0,n/a - auction win = 1yr Vet-FAA at price paid,affine,FALSE,RB-T6,0,,cardinal-3panel,2.1,2,
Chris Brooks,RB,GBP,26.4,FA,,,,,,,1,2.0,2,2,0.0,n/a - auction win = 1yr Vet-FAA at price paid,affine,FALSE,RB-T4,3,10.7,cardinal-3panel,2.8,2.0,
Chris Evans,RB,,NA,FA,,,,,,,0,0.0,2,0,0.0,n/a - auction win = 1yr Vet-FAA at price paid,affine,FALSE,RB-T6,0,,cardinal-3panel,2.1,2,
Christian Kirk,WR,SFO,29.6,FA,,,,,,,1,4.0,2,4,0.0,n/a - auction win = 1yr Vet-FAA at price paid,dyn_anchor,TRUE,WR-T5,3,13.9,cardinal-3panel,2.8,2.0,
Clyde Edwards-Helaire,RB,KCC,NA,FA,,,,,,,0,0.0,2,0,0.0,n/a - auction win = 1yr Vet-FAA at price paid,affine,FALSE,RB-T6,0,,cardinal-3panel,2.1,2,
Cody Schrader,RB,DEN,NA,FA,,,,,,,0,0.0,2,0,0.0,n/a - auction win = 1yr Vet-FAA at price paid,affine,FALSE,RB-T6,0,,cardinal-3panel,2.1,2,
Connor Heyward,TE,LVR,NA,FA,,,,,,,0,0.0,2,0,0.0,n/a - auction win = 1yr Vet-FAA at price paid,affine,FALSE,TE-T8,0,,cardinal-3panel,2.1,2,
Cooper Kupp,WR,SEA,33,FA,,,,,,,1,3.0,2,3,0.0,n/a - auction win = 1yr Vet-FAA at price paid,affine,FALSE,WR-T6,3,12.3,cardinal-3panel,2.8,2.0,
Cooper Rush,QB,FA,NA,FA,,,,,,,0,0.0,2,0,0.0,n/a - auction win = 1yr Vet-FAA at price paid,affine,FALSE,QB-T9,0,,cardinal-3panel,2.1,2,
Cordarrelle Patterson,RB,FA,NA,FA,,,,,,,0,0.0,2,0,0.0,n/a - auction win = 1yr Vet-FAA at price paid,affine,FALSE,RB-T6,0,,cardinal-3panel,2.1,2,
Craig Reynolds,RB,NEP,NA,FA,,,,,,,0,0.0,2,0,0.0,n/a - auction win = 1yr Vet-FAA at price paid,affine,FALSE,RB-T6,0,,cardinal-3panel,2.1,2,
Curtis Samuel,WR,FA,NA,FA,,,,,,,0,0.0,2,0,0.0,n/a - auction win = 1yr Vet-FAA at price paid,affine,FALSE,WR-T9,0,,cardinal-3panel,2.1,2,
Cyrus Allen,WR,KCC,NA,FA,,,,,,,1,1.0,2,1,0.0,n/a - auction win = 1yr Vet-FAA at price paid,affine,FALSE,WR-T8,3,7.9,cardinal-3panel,2.8,2.0,
D'Ernest Johnson,RB,NEP,NA,FA,,,,,,,0,0.0,2,0,0.0,n/a - auction win = 1yr Vet-FAA at price paid,affine,FALSE,RB-T6,0,,cardinal-3panel,2.1,2,
D'Onta Foreman,RB,FA,NA,FA,,,,,,,0,0.0,2,0,0.0,n/a - auction win = 1yr Vet-FAA at price paid,affine,FALSE,RB-T6,0,,cardinal-3panel,2.1,2,
Dae'Quan Wright,TE,PHI,NA,FA,,,,,,,0,0.0,2,0,0.0,n/a - auction win = 1yr Vet-FAA at price paid,affine,FALSE,TE-T8,0,,cardinal-3panel,2.1,2,
Daijun Edwards,RB,,NA,FA,,,,,,,0,0.0,2,0,0.0,n/a - auction win = 1yr Vet-FAA at price paid,affine,FALSE,RB-T6,0,,cardinal-3panel,2.1,2,
Dallen Bentley,TE,DEN,NA,FA,,,,,,,0,0.0,2,0,0.0,n/a - auction win = 1yr Vet-FAA at price paid,affine,FALSE,TE-T8,0,,cardinal-3panel,2.1,2,
Dalvin Cook,RB,FA,NA,FA,,,,,,,0,0.0,2,0,0.0,n/a - auction win = 1yr Vet-FAA at price paid,affine,FALSE,RB-T6,0,,cardinal-3panel,2.1,2,
Dameon Pierce,RB,PHI,26.3,FA,,,,,,,0,0.0,2,0,0.0,n/a - auction win = 1yr Vet-FAA at price paid,affine,FALSE,RB-T6,3,7.7,cardinal-3panel,2.1,2,
Damien Martinez,RB,GBP,22.4,FA,,,,,,,0,1.0,2,1,0.0,n/a - auction win = 1yr Vet-FAA at price paid,affine,FALSE,RB-T5,3,10.1,cardinal-3panel,2.1,2,
Dane Key,WR,DEN,NA,FA,,,,,,,0,0.0,2,0,0.0,n/a - auction win = 1yr Vet-FAA at price paid,affine,FALSE,WR-T9,0,,cardinal-3panel,2.1,2,
Danny Gray,WR,PHI,NA,FA,,,,,,,0,0.0,2,0,0.0,n/a - auction win = 1yr Vet-FAA at price paid,affine,FALSE,WR-T9,0,,cardinal-3panel,2.1,2,
Dare Ogunbowale,RB,HOU,NA,FA,,,,,,,0,0.0,2,0,0.0,n/a - auction win = 1yr Vet-FAA at price paid,affine,FALSE,RB-T6,0,,cardinal-3panel,2.1,2,
Darius Slayton,WR,NYG,29.4,FA,,,,,,,1,2.0,2,2,0.0,n/a - auction win = 1yr Vet-FAA at price paid,affine,FALSE,WR-T7,3,10.8,cardinal-3panel,2.8,2.0,
Darnell Mooney,WR,NYG,28.6,FA,,,,,,,1,6.0,2,6,0.0,n/a - auction win = 1yr Vet-FAA at price paid,dyn_anchor,TRUE,WR-T4,3,14.4,cardinal-3panel,2.8,2.0,
Darrynton Evans,RB,,NA,FA,,,,,,,0,0.0,2,0,0.0,n/a - auction win = 1yr Vet-FAA at price paid,affine,FALSE,RB-T6,0,,cardinal-3panel,2.1,2,
David Moore,WR,CAR,NA,FA,,,,,,,0,0.0,2,0,0.0,n/a - auction win = 1yr Vet-FAA at price paid,affine,FALSE,WR-T9,0,,cardinal-3panel,2.1,2,
Davis Allen,TE,LAR,25.4,FA,,,,,,,0,0.0,2,0,0.0,n/a - auction win = 1yr Vet-FAA at price paid,affine,FALSE,TE-T8,0,,cardinal-3panel,2.1,2,
Davis Mills,QB,HOU,27.7,FA,,,,,,,0,1.0,2,1,0.0,n/a - auction win = 1yr Vet-FAA at price paid,affine,FALSE,QB-T8,3,9.1,cardinal-3panel,2.1,2,
Daylan Smothers,RB,,NA,FA,,,,,,,0,0.0,2,0,0.0,n/a - auction win = 1yr Vet-FAA at price paid,affine,FALSE,RB-T6,0,,cardinal-3panel,2.1,2,
DeAndre Hopkins,WR,FA,NA,FA,,,,,,,0,0.0,2,0,0.0,n/a - auction win = 1yr Vet-FAA at price paid,affine,FALSE,WR-T9,0,,cardinal-3panel,2.1,2,
DeMario Douglas,WR,NEP,25.5,FA,,,,,,,1,3.0,2,3,0.0,n/a - auction win = 1yr Vet-FAA at price paid,affine,FALSE,WR-T6,3,13.8,cardinal-3panel,2.8,2.0,
DeWayne McBride,RB,,NA,FA,,,,,,,0,0.0,2,0,0.0,n/a - auction win = 1yr Vet-FAA at price paid,affine,FALSE,RB-T6,0,,cardinal-3panel,2.1,2,
Dean Connors,RB,LAR,NA,FA,,,,,,,0,0.0,2,0,0.0,n/a - auction win = 1yr Vet-FAA at price paid,affine,FALSE,RB-T6,0,,cardinal-3panel,2.1,2,
DeeJay Dallas,RB,JAC,NA,FA,,,,,,,0,0.0,2,0,0.0,n/a - auction win = 1yr Vet-FAA at price paid,affine,FALSE,RB-T6,0,,cardinal-3panel,2.1,2,
Demarcus Robinson,WR,SFO,31.7,FA,,,,,,,0,0.0,2,0,0.0,n/a - auction win = 1yr Vet-FAA at price paid,affine,FALSE,WR-T9,0,,cardinal-3panel,2.1,2,
Deneric Prince,RB,NEP,NA,FA,,,,,,,0,0.0,2,0,0.0,n/a - auction win = 1yr Vet-FAA at price paid,affine,FALSE,RB-T6,0,,cardinal-3panel,2.1,2,
Derius Davis,WR,LAC,25.8,FA,,,,,,,0,0.0,2,0,0.0,n/a - auction win = 1yr Vet-FAA at price paid,affine,FALSE,WR-T9,0,,cardinal-3panel,2.1,2,
Desmond Reid,RB,FA,NA,FA,,,,,,,0,0.0,2,0,0.0,n/a - auction win = 1yr Vet-FAA at price paid,affine,FALSE,RB-T6,0,,cardinal-3panel,2.1,2,
Desmond Ridder,QB,FA,NA,FA,,,,,,,0,0.0,2,0,0.0,n/a - auction win = 1yr Vet-FAA at price paid,affine,FALSE,QB-T9,0,,cardinal-3panel,2.1,2,
Deuce Vaughn,RB,FA,24.6,FA,,,,,,,0,0.0,2,0,0.0,n/a - auction win = 1yr Vet-FAA at price paid,affine,FALSE,RB-T6,0,,cardinal-3panel,2.1,2,
Devaughn Vele,WR,NOS,28.5,FA,,,,,,,1,2.0,2,2,0.0,n/a - auction win = 1yr Vet-FAA at price paid,affine,FALSE,WR-T7,3,10.2,cardinal-3panel,2.8,2.0,
Devin Culp,TE,TBB,NA,FA,,,,,,,0,0.0,2,0,0.0,n/a - auction win = 1yr Vet-FAA at price paid,affine,FALSE,TE-T8,0,,cardinal-3panel,2.1,2,
Devin Duvernay,WR,ARI,NA,FA,,,,,,,0,0.0,2,0,0.0,n/a - auction win = 1yr Vet-FAA at price paid,affine,FALSE,WR-T9,0,,cardinal-3panel,2.1,2,
Devin Singletary,RB,NYG,28.8,FA,,,,,,,1,1.0,2,1,0.0,n/a - auction win = 1yr Vet-FAA at price paid,affine,FALSE,RB-T5,3,8.8,cardinal-3panel,2.8,2.0,
Diego Pavia,QB,BAL,NA,FA,,,,,,,0,1.0,2,1,0.0,n/a - auction win = 1yr Vet-FAA at price paid,affine,FALSE,QB-T8,0,,cardinal-3panel,2.1,2,
Dillon Johnson,RB,,NA,FA,,,,,,,0,0.0,2,0,0.0,n/a - auction win = 1yr Vet-FAA at price paid,affine,FALSE,RB-T6,0,,cardinal-3panel,2.1,2,
Diontae Johnson,WR,FA,NA,FA,,,,,,,0,0.0,2,0,0.0,n/a - auction win = 1yr Vet-FAA at price paid,affine,FALSE,WR-T9,0,,cardinal-3panel,2.1,2,
Dominic Lovett,WR,DET,NA,FA,,,,,,,0,0.0,2,0,0.0,n/a - auction win = 1yr Vet-FAA at price paid,affine,FALSE,WR-T9,0,,cardinal-3panel,2.1,2,
Donald Parham Jr.,TE,PIT,NA,FA,,,,,,,0,0.0,2,0,0.0,n/a - auction win = 1yr Vet-FAA at price paid,affine,FALSE,TE-T8,0,,cardinal-3panel,2.1,2,
Donovan Edwards,RB,MIA,23.3,FA,,,,,,,0,0.0,2,0,0.0,n/a - auction win = 1yr Vet-FAA at price paid,affine,FALSE,RB-T6,0,,cardinal-3panel,2.1,2,
Donovan Peoples-Jones,WR,FA,NA,FA,,,,,,,0,0.0,2,0,0.0,n/a - auction win = 1yr Vet-FAA at price paid,affine,FALSE,WR-T9,0,,cardinal-3panel,2.1,2,
Dorian Thompson-Robinson,QB,,NA,FA,,,,,,,0,0.0,2,0,0.0,n/a - auction win = 1yr Vet-FAA at price paid,affine,FALSE,QB-T9,0,,cardinal-3panel,2.1,2,
Drew Lock,QB,SEA,29.6,FA,,,,,,,0,0.0,2,0,0.0,n/a - auction win = 1yr Vet-FAA at price paid,affine,FALSE,QB-T9,0,,cardinal-3panel,2.1,2,
Drew Ogletree,TE,IND,NA,FA,,,,,,,0,0.0,2,0,0.0,n/a - auction win = 1yr Vet-FAA at price paid,affine,FALSE,TE-T8,0,,cardinal-3panel,2.1,2,
Drew Sample,TE,CIN,NA,FA,,,,,,,0,0.0,2,0,0.0,n/a - auction win = 1yr Vet-FAA at price paid,affine,FALSE,TE-T8,0,,cardinal-3panel,2.1,2,
Elijah Mitchell,RB,PHI,NA,FA,,,,,,,0,0.0,2,0,0.0,n/a - auction win = 1yr Vet-FAA at price paid,affine,FALSE,RB-T6,0,,cardinal-3panel,2.1,2,
Elijah Moore,WR,PHI,26.2,FA,,,,,,,0,0.0,2,0,0.0,n/a - auction win = 1yr Vet-FAA at price paid,affine,FALSE,WR-T9,0,,cardinal-3panel,2.1,2,
Emani Bailey,RB,,NA,FA,,,,,,,0,0.0,2,0,0.0,n/a - auction win = 1yr Vet-FAA at price paid,affine,FALSE,RB-T6,0,,cardinal-3panel,2.1,2,
Eric Gray,RB,NYG,NA,FA,,,,,,,0,0.0,2,0,0.0,n/a - auction win = 1yr Vet-FAA at price paid,affine,FALSE,RB-T6,0,,cardinal-3panel,2.1,2,
Eric McAlister,WR,FA,NA,FA,,,,,,,0,0.0,2,0,0.0,n/a - auction win = 1yr Vet-FAA at price paid,affine,FALSE,WR-T9,0,,cardinal-3panel,2.1,2,
Eric Rivers Jr.,WR,TBB,NA,FA,,,,,,,0,0.0,2,0,0.0,n/a - auction win = 1yr Vet-FAA at price paid,affine,FALSE,WR-T9,0,,cardinal-3panel,2.1,2,
Eric Saubert,TE,SEA,NA,FA,,,,,,,0,0.0,2,0,0.0,n/a - auction win = 1yr Vet-FAA at price paid,affine,FALSE,TE-T8,0,,cardinal-3panel,2.1,2,
Evan Engram,TE,DEN,31.8,FA,,,,,,,2,5.0,2,5,0.0,n/a - auction win = 1yr Vet-FAA at price paid,dyn_anchor,TRUE,TE-T4,3,13.3,cardinal-3panel,3.5,2.0,
Evan Hull,RB,HOU,NA,FA,,,,,,,0,0.0,2,0,0.0,n/a - auction win = 1yr Vet-FAA at price paid,affine,FALSE,RB-T6,0,,cardinal-3panel,2.1,2,
Frank Gore Jr.,RB,BUF,24.3,FA,,,,,,,0,0.0,2,0,0.0,n/a - auction win = 1yr Vet-FAA at price paid,affine,FALSE,RB-T6,0,,cardinal-3panel,2.1,2,
Gabe Davis,WR,,27.2,FA,,,,,,,0,0.0,2,0,0.0,n/a - auction win = 1yr Vet-FAA at price paid,affine,FALSE,WR-T9,0,,cardinal-3panel,2.1,2,
Gardner Minshew II,QB,ARI,30.1,FA,,,,,,,0,1.0,2,1,0.0,n/a - auction win = 1yr Vet-FAA at price paid,affine,FALSE,QB-T8,2,8.1,cardinal-3panel,2.1,2,
Garrett Nussmeier,QB,KCC,NA,FA,,,,,,,0,3.0,2,3,0.0,n/a - auction win = 1yr Vet-FAA at price paid,dyn_anchor,TRUE,QB-T6,3,10.9,cardinal-3panel,2.1,2,
Gary Brightwell,RB,CIN,NA,FA,,,,,,,0,0.0,2,0,0.0,n/a - auction win = 1yr Vet-FAA at price paid,affine,FALSE,RB-T6,0,,cardinal-3panel,2.1,2,
Gavin Bartholomew,TE,MIN,NA,FA,,,,,,,0,0.0,2,0,0.0,n/a - auction win = 1yr Vet-FAA at price paid,affine,FALSE,TE-T8,0,,cardinal-3panel,2.1,2,
George Holani,RB,SEA,26.5,FA,,,,,,,1,2.0,2,2,0.0,n/a - auction win = 1yr Vet-FAA at price paid,affine,FALSE,RB-T4,3,11.4,cardinal-3panel,2.8,2.0,
Gerald Everett,TE,FA,NA,FA,,,,,,,0,0.0,2,0,0.0,n/a - auction win = 1yr Vet-FAA at price paid,affine,FALSE,TE-T8,0,,cardinal-3panel,2.1,2,
Grant Calcaterra,TE,PHI,27.5,FA,,,,,,,0,0.0,2,0,0.0,n/a - auction win = 1yr Vet-FAA at price paid,affine,FALSE,TE-T8,0,,cardinal-3panel,2.1,2,
Gus Edwards,RB,FA,NA,FA,,,,,,,0,0.0,2,0,0.0,n/a - auction win = 1yr Vet-FAA at price paid,affine,FALSE,RB-T6,0,,cardinal-3panel,2.1,2,
Harrison Bryant,TE,SEA,NA,FA,,,,,,,0,0.0,2,0,0.0,n/a - auction win = 1yr Vet-FAA at price paid,affine,FALSE,TE-T8,0,,cardinal-3panel,2.1,2,
Harrison Mevis,PK,LAR,24.3,FA,,,,,,,2.0,2.2,2.0,2.2,0.0,n/a - auction win = 1yr Vet-FAA at price paid,ups-auction-ladder,FALSE,PK-T1,1,,none,2.0,2.0,
Harrison Wallace III,WR,ARI,NA,FA,,,,,,,0,0.0,2,0,0.0,n/a - auction win = 1yr Vet-FAA at price paid,affine,FALSE,WR-T9,0,,cardinal-3panel,2.1,2,
Hassan Haskins,RB,LAC,26.6,FA,,,,,,,0,0.0,2,0,0.0,n/a - auction win = 1yr Vet-FAA at price paid,affine,FALSE,RB-T6,0,,cardinal-3panel,2.1,2,
Haynes King,QB,CAR,NA,FA,,,,,,,0,0.0,2,0,0.0,n/a - auction win = 1yr Vet-FAA at price paid,affine,FALSE,QB-T9,0,,cardinal-3panel,2.1,2,
Hendon Hooker,QB,TEN,NA,FA,,,,,,,0,0.0,2,0,0.0,n/a - auction win = 1yr Vet-FAA at price paid,affine,FALSE,QB-T9,0,,cardinal-3panel,2.1,2,
Henry Ruggs III,WR,FA,NA,FA,,,,,,,0,0.0,2,0,0.0,n/a - auction win = 1yr Vet-FAA at price paid,affine,FALSE,WR-T9,0,,cardinal-3panel,2.1,2,
Hollywood Brown,WR,,29,FA,,,,,,,1,0.0,2,0,0.0,n/a - auction win = 1yr Vet-FAA at price paid,affine,FALSE,WR-T9,0,,cardinal-3panel,2.8,2.0,
Hunter Long,TE,JAC,NA,FA,,,,,,,0,0.0,2,0,0.0,n/a - auction win = 1yr Vet-FAA at price paid,affine,FALSE,TE-T8,0,,cardinal-3panel,2.1,2,
Hunter Renfrow,WR,FA,NA,FA,,,,,,,0,0.0,2,0,0.0,n/a - auction win = 1yr Vet-FAA at price paid,affine,FALSE,WR-T9,0,,cardinal-3panel,2.1,2,
Ian Thomas,TE,LVR,NA,FA,,,,,,,0,0.0,2,0,0.0,n/a - auction win = 1yr Vet-FAA at price paid,affine,FALSE,TE-T8,0,,cardinal-3panel,2.1,2,
Irv Smith Jr.,TE,FA,NA,FA,,,,,,,0,0.0,2,0,0.0,n/a - auction win = 1yr Vet-FAA at price paid,affine,FALSE,TE-T8,0,,cardinal-3panel,2.1,2,
Isaac Guerendo,RB,SFO,26,FA,,,,,,,1,1.0,2,1,0.0,n/a - auction win = 1yr Vet-FAA at price paid,affine,FALSE,RB-T5,3,10.7,cardinal-3panel,2.8,2.0,
Isaiah Hodgins,WR,NYG,27.7,FA,,,,,,,0,0.0,2,0,0.0,n/a - auction win = 1yr Vet-FAA at price paid,affine,FALSE,WR-T9,0,,cardinal-3panel,2.1,2,
Israel Abanikanda,RB,DAL,23.7,FA,,,,,,,0,0.0,2,0,0.0,n/a - auction win = 1yr Vet-FAA at price paid,affine,FALSE,RB-T6,0,,cardinal-3panel,2.1,2,
J'Mari Taylor,RB,JAC,NA,FA,,,,,,,1,1.0,2,1,0.0,n/a - auction win = 1yr Vet-FAA at price paid,affine,FALSE,RB-T5,3,6.9,cardinal-3panel,2.8,2.0,
JaMycal Hasty,RB,,NA,FA,,,,,,,0,0.0,2,0,0.0,n/a - auction win = 1yr Vet-FAA at price paid,affine,FALSE,RB-T6,0,,cardinal-3panel,2.1,2,
Jack Stoll,TE,CLE,NA,FA,,,,,,,0,0.0,2,0,0.0,n/a - auction win = 1yr Vet-FAA at price paid,affine,FALSE,TE-T8,0,,cardinal-3panel,2.1,2,
Jackson Hawes,TE,BUF,NA,FA,,,,,,,0,0.0,2,0,0.0,n/a - auction win = 1yr Vet-FAA at price paid,affine,FALSE,TE-T8,2,0.2,cardinal-3panel,2.1,2,
Jaheim Bell,TE,PIT,NA,FA,,,,,,,0,0.0,2,0,0.0,n/a - auction win = 1yr Vet-FAA at price paid,affine,FALSE,TE-T8,0,,cardinal-3panel,2.1,2,
Jake Bates,PK,DET,27.4,FA,,,,,,,2.0,2.0,2.0,2.0,0.0,n/a - auction win = 1yr Vet-FAA at price paid,ups-auction-ladder,FALSE,PK-T1,1,,none,2.0,2.0,
Jake Bobo,WR,SEA,27.9,FA,,,,,,,0,0.0,2,0,0.0,n/a - auction win = 1yr Vet-FAA at price paid,affine,FALSE,WR-T9,0,,cardinal-3panel,2.1,2,
Jake Briningstool,TE,KCC,NA,FA,,,,,,,0,0.0,2,0,0.0,n/a - auction win = 1yr Vet-FAA at price paid,affine,FALSE,TE-T8,0,,cardinal-3panel,2.1,2,
Jake Browning,QB,TBB,NA,FA,,,,,,,0,0.0,2,0,0.0,n/a - auction win = 1yr Vet-FAA at price paid,affine,FALSE,QB-T9,0,,cardinal-3panel,2.1,2,
Jake Tonges,TE,SFO,26.9,FA,,,,,,,2,6.0,2,6,0.0,n/a - auction win = 1yr Vet-FAA at price paid,dyn_anchor,TRUE,TE-T4,3,15.5,cardinal-3panel,3.5,2.0,
Jaleel McLaughlin,RB,DEN,25.8,FA,,,,,,,0,0.0,2,0,0.0,n/a - auction win = 1yr Vet-FAA at price paid,affine,FALSE,RB-T6,3,9.7,cardinal-3panel,2.1,2,
Jalen Reagor,WR,MIA,NA,FA,,,,,,,0,0.0,2,0,0.0,n/a - auction win = 1yr Vet-FAA at price paid,affine,FALSE,WR-T9,0,,cardinal-3panel,2.1,2,
Jalin Conyers,TE,FA,NA,FA,,,,,,,0,0.0,2,0,0.0,n/a - auction win = 1yr Vet-FAA at price paid,affine,FALSE,TE-T8,0,,cardinal-3panel,2.1,2,
Jalin Hyatt,WR,NYG,24.7,FA,,,,,,,0,0.0,2,0,0.0,n/a - auction win = 1yr Vet-FAA at price paid,affine,FALSE,WR-T9,3,9.1,cardinal-3panel,2.1,2,
Jamari Thrash,WR,CLE,25.5,FA,,,,,,,0,0.0,2,0,0.0,n/a - auction win = 1yr Vet-FAA at price paid,affine,FALSE,WR-T9,0,,cardinal-3panel,2.1,2,
James Conner,RB,ARI,31.1,FA,,,,,,,1,4.0,2,4,0.0,n/a - auction win = 1yr Vet-FAA at price paid,affine,FALSE,RB-T3,3,12.4,cardinal-3panel,2.8,2.0,
James Mitchell,TE,CAR,NA,FA,,,,,,,0,0.0,2,0,0.0,n/a - auction win = 1yr Vet-FAA at price paid,affine,FALSE,TE-T8,0,,cardinal-3panel,2.1,2,
Jared Wiley,TE,KCC,25.6,FA,,,,,,,0,0.0,2,0,0.0,n/a - auction win = 1yr Vet-FAA at price paid,affine,FALSE,TE-T8,0,,cardinal-3panel,2.1,2,
Jaren Kanak,TE,TEN,NA,FA,,,,,,,0,0.0,2,0,0.0,n/a - auction win = 1yr Vet-FAA at price paid,affine,FALSE,TE-T8,0,,cardinal-3panel,2.1,2,
Jaret Patterson,RB,LAC,NA,FA,,,,,,,0,0.0,2,0,0.0,n/a - auction win = 1yr Vet-FAA at price paid,affine,FALSE,RB-T6,0,,cardinal-3panel,2.1,2,
Jarrett Stidham,QB,DEN,NA,FA,,,,,,,0,0.0,2,0,0.0,n/a - auction win = 1yr Vet-FAA at price paid,affine,FALSE,QB-T9,2,0.3,cardinal-3panel,2.1,2,
Jase McClellan,RB,FA,NA,FA,,,,,,,0,0.0,2,0,0.0,n/a - auction win = 1yr Vet-FAA at price paid,affine,FALSE,RB-T6,0,,cardinal-3panel,2.1,2,
Jashaun Corbin,RB,,NA,FA,,,,,,,0,0.0,2,0,0.0,n/a - auction win = 1yr Vet-FAA at price paid,affine,FALSE,RB-T6,0,,cardinal-3panel,2.1,2,
Jason Brownlee,WR,KCC,NA,FA,,,,,,,0,0.0,2,0,0.0,n/a - auction win = 1yr Vet-FAA at price paid,affine,FALSE,WR-T9,0,,cardinal-3panel,2.1,2,
Javon Baker,WR,SFO,24.3,FA,,,,,,,0,0.0,2,0,0.0,n/a - auction win = 1yr Vet-FAA at price paid,affine,FALSE,WR-T9,0,,cardinal-3panel,2.1,2,
Jawhar Jordan,RB,HOU,26.8,FA,,,,,,,0,0.0,2,0,0.0,n/a - auction win = 1yr Vet-FAA at price paid,affine,FALSE,RB-T6,0,,cardinal-3panel,2.1,2,
Jeff Wilson Jr.,RB,,NA,FA,,,,,,,0,0.0,2,0,0.0,n/a - auction win = 1yr Vet-FAA at price paid,affine,FALSE,RB-T6,0,,cardinal-3panel,2.1,2,
Jelani Woods,TE,NYJ,NA,FA,,,,,,,0,0.0,2,0,0.0,n/a - auction win = 1yr Vet-FAA at price paid,affine,FALSE,TE-T8,0,,cardinal-3panel,2.1,2,
Jeremy McNichols,RB,WAS,30.5,FA,,,,,,,0,0.0,2,0,0.0,n/a - auction win = 1yr Vet-FAA at price paid,affine,FALSE,RB-T6,0,,cardinal-3panel,2.1,2,
Jeremy Ruckert,TE,NYJ,25.9,FA,,,,,,,0,0.0,2,0,0.0,n/a - auction win = 1yr Vet-FAA at price paid,affine,FALSE,TE-T8,0,,cardinal-3panel,2.1,2,
Jerick McKinnon,RB,,NA,FA,,,,,,,0,0.0,2,0,0.0,n/a - auction win = 1yr Vet-FAA at price paid,affine,FALSE,RB-T6,0,,cardinal-3panel,2.1,2,
Jerome Ford,RB,WAS,26.8,FA,,,,,,,1,1.0,2,1,0.0,n/a - auction win = 1yr Vet-FAA at price paid,affine,FALSE,RB-T5,3,10.6,cardinal-3panel,2.8,2.0,
Jimmy Garoppolo,QB,LAR,NA,FA,,,,,,,0,0.0,2,0,0.0,n/a - auction win = 1yr Vet-FAA at price paid,affine,FALSE,QB-T9,0,,cardinal-3panel,2.1,2,
Jimmy Horn Jr.,WR,CAR,23.8,FA,,,,,,,0,0.0,2,0,0.0,n/a - auction win = 1yr Vet-FAA at price paid,affine,FALSE,WR-T9,2,10.7,cardinal-3panel,2.1,2,
Joe Mixon,RB,FA,29.9,FA,,,,,,,1,1.0,2,1,0.0,n/a - auction win = 1yr Vet-FAA at price paid,affine,FALSE,RB-T5,3,6.1,cardinal-3panel,2.8,2.0,
Joe Royer,TE,CLE,NA,FA,,,,,,,0,0.0,2,0,0.0,n/a - auction win = 1yr Vet-FAA at price paid,affine,FALSE,TE-T8,0,,cardinal-3panel,2.1,2,
Joey Aguilar,QB,,NA,FA,,,,,,,0,0.0,2,0,0.0,n/a - auction win = 1yr Vet-FAA at price paid,affine,FALSE,QB-T9,0,,cardinal-3panel,2.1,2,
John Bates,TE,WAS,NA,FA,,,,,,,0,0.0,2,0,0.0,n/a - auction win = 1yr Vet-FAA at price paid,affine,FALSE,TE-T8,0,,cardinal-3panel,2.1,2,
John Michael Gyllenborg,TE,KCC,NA,FA,,,,,,,0,1.0,2,1,0.0,n/a - auction win = 1yr Vet-FAA at price paid,affine,FALSE,TE-T7,2,0.8,cardinal-3panel,2.1,2,
Johnny Mundt,TE,PHI,NA,FA,,,,,,,0,0.0,2,0,0.0,n/a - auction win = 1yr Vet-FAA at price paid,affine,FALSE,TE-T8,0,,cardinal-3panel,2.1,2,
Jonathan Mingo,WR,DAL,25.2,FA,,,,,,,0,0.0,2,0,0.0,n/a - auction win = 1yr Vet-FAA at price paid,affine,FALSE,WR-T9,0,,cardinal-3panel,2.1,2,
Jordan Watkins,WR,SFO,24.3,FA,,,,,,,0,0.0,2,0,0.0,n/a - auction win = 1yr Vet-FAA at price paid,affine,FALSE,WR-T9,0,,cardinal-3panel,2.1,2,
Josh Cameron,WR,JAC,NA,FA,,,,,,,0,1.0,2,1,0.0,n/a - auction win = 1yr Vet-FAA at price paid,affine,FALSE,WR-T8,2,1.6,cardinal-3panel,2.1,2,
Josh Cuevas,TE,BAL,NA,FA,,,,,,,0,0.0,2,0,0.0,n/a - auction win = 1yr Vet-FAA at price paid,affine,FALSE,TE-T8,0,,cardinal-3panel,2.1,2,
Josh Johnson,QB,CIN,NA,FA,,,,,,,0,0.0,2,0,0.0,n/a - auction win = 1yr Vet-FAA at price paid,affine,FALSE,QB-T9,0,,cardinal-3panel,2.1,2,
Josh Reynolds,WR,NYJ,NA,FA,,,,,,,0,0.0,2,0,0.0,n/a - auction win = 1yr Vet-FAA at price paid,affine,FALSE,WR-T9,0,,cardinal-3panel,2.1,2,
Joshua Dobbs,QB,FA,NA,FA,,,,,,,0,0.0,2,0,0.0,n/a - auction win = 1yr Vet-FAA at price paid,affine,FALSE,QB-T9,0,,cardinal-3panel,2.1,2,
Joshua Kelley,RB,,NA,FA,,,,,,,0,0.0,2,0,0.0,n/a - auction win = 1yr Vet-FAA at price paid,affine,FALSE,RB-T6,0,,cardinal-3panel,2.1,2,
Julian Hill,TE,NEP,NA,FA,,,,,,,0,0.0,2,0,0.0,n/a - auction win = 1yr Vet-FAA at price paid,affine,FALSE,TE-T8,0,,cardinal-3panel,2.1,2,
Julius Chestnut,RB,TEN,25.6,FA,,,,,,,0,0.0,2,0,0.0,n/a - auction win = 1yr Vet-FAA at price paid,affine,FALSE,RB-T6,0,,cardinal-3panel,2.1,2,
Justice Hill,RB,BAL,28.6,FA,,,,,,,1,1.0,2,1,0.0,n/a - auction win = 1yr Vet-FAA at price paid,affine,FALSE,RB-T5,3,10.2,cardinal-3panel,2.8,2.0,
Justin Watson,WR,HOU,NA,FA,,,,,,,0,0.0,2,0,0.0,n/a - auction win = 1yr Vet-FAA at price paid,affine,FALSE,WR-T9,0,,cardinal-3panel,2.1,2,
Justyn Ross,WR,FA,NA,FA,,,,,,,0,0.0,2,0,0.0,n/a - auction win = 1yr Vet-FAA at price paid,affine,FALSE,WR-T9,0,,cardinal-3panel,2.1,2,
K.J. Osborn,WR,TEN,NA,FA,,,,,,,0,0.0,2,0,0.0,n/a - auction win = 1yr Vet-FAA at price paid,affine,FALSE,WR-T9,0,,cardinal-3panel,2.1,2,
Kaden Wetjen,WR,PIT,NA,FA,,,,,,,0,0.0,2,0,0.0,n/a - auction win = 1yr Vet-FAA at price paid,affine,FALSE,WR-T9,0,,cardinal-3panel,2.1,2,
Kalel Mullings,RB,TEN,23.7,FA,,,,,,,0,0.0,2,0,0.0,n/a - auction win = 1yr Vet-FAA at price paid,affine,FALSE,RB-T6,0,,cardinal-3panel,2.1,2,
Kameron Johnson,WR,TBB,24.3,FA,,,,,,,0,0.0,2,0,0.0,n/a - auction win = 1yr Vet-FAA at price paid,affine,FALSE,WR-T9,0,,cardinal-3panel,2.1,2,
Kareem Hunt,RB,FA,30.9,FA,,,,,,,0,1.0,2,1,0.0,n/a - auction win = 1yr Vet-FAA at price paid,affine,FALSE,RB-T5,0,,cardinal-3panel,2.1,2,
Keaontay Ingram,RB,KCC,NA,FA,,,,,,,0,0.0,2,0,0.0,n/a - auction win = 1yr Vet-FAA at price paid,affine,FALSE,RB-T6,0,,cardinal-3panel,2.1,2,
Keenan Allen,WR,FA,34.1,FA,,,,,,,1,2.0,2,2,0.0,n/a - auction win = 1yr Vet-FAA at price paid,affine,FALSE,WR-T7,3,8.7,cardinal-3panel,2.8,2.0,
Keilan Robinson,RB,FA,NA,FA,,,,,,,0,0.0,2,0,0.0,n/a - auction win = 1yr Vet-FAA at price paid,affine,FALSE,RB-T6,0,,cardinal-3panel,2.1,2,
Kendall Milton,RB,CIN,24.4,FA,,,,,,,0,0.0,2,0,0.0,n/a - auction win = 1yr Vet-FAA at price paid,affine,FALSE,RB-T6,0,,cardinal-3panel,2.1,2,
Kendrick Law,WR,DET,NA,FA,,,,,,,0,0.0,2,0,0.0,n/a - auction win = 1yr Vet-FAA at price paid,affine,FALSE,WR-T9,0,,cardinal-3panel,2.1,2,
Kene Nwangwu,RB,NYJ,NA,FA,,,,,,,0,0.0,2,0,0.0,n/a - auction win = 1yr Vet-FAA at price paid,affine,FALSE,RB-T6,0,,cardinal-3panel,2.1,2,
Kenny McIntosh,RB,SEA,26.3,FA,,,,,,,0,0.0,2,0,0.0,n/a - auction win = 1yr Vet-FAA at price paid,affine,FALSE,RB-T6,0,,cardinal-3panel,2.1,2,
Kenny Pickett,QB,CAR,28,FA,,,,,,,0,0.0,2,0,0.0,n/a - auction win = 1yr Vet-FAA at price paid,affine,FALSE,QB-T9,0,,cardinal-3panel,2.1,2,
Kevin Harris,RB,,NA,FA,,,,,,,0,0.0,2,0,0.0,n/a - auction win = 1yr Vet-FAA at price paid,affine,FALSE,RB-T6,0,,cardinal-3panel,2.1,2,
Khalil Herbert,RB,NYJ,NA,FA,,,,,,,0,0.0,2,0,0.0,n/a - auction win = 1yr Vet-FAA at price paid,affine,FALSE,RB-T6,0,,cardinal-3panel,2.1,2,
Kurtis Rourke,QB,SFO,NA,FA,,,,,,,0,0.0,2,0,0.0,n/a - auction win = 1yr Vet-FAA at price paid,affine,FALSE,QB-T9,0,,cardinal-3panel,2.1,2,
Kyle Allen,QB,BUF,NA,FA,,,,,,,0,0.0,2,0,0.0,n/a - auction win = 1yr Vet-FAA at price paid,affine,FALSE,QB-T9,0,,cardinal-3panel,2.1,2,
Kyle McCord,QB,GBP,23.7,FA,,,,,,,0,0.0,2,0,0.0,n/a - auction win = 1yr Vet-FAA at price paid,affine,FALSE,QB-T9,0,,cardinal-3panel,2.1,2,
Kyle Philips,WR,,NA,FA,,,,,,,0,0.0,2,0,0.0,n/a - auction win = 1yr Vet-FAA at price paid,affine,FALSE,WR-T9,0,,cardinal-3panel,2.1,2,
Kylen Granson,TE,TEN,NA,FA,,,,,,,0,0.0,2,0,0.0,n/a - auction win = 1yr Vet-FAA at price paid,affine,FALSE,TE-T8,0,,cardinal-3panel,2.1,2,
Lew Nichols III,RB,PIT,NA,FA,,,,,,,0,0.0,2,0,0.0,n/a - auction win = 1yr Vet-FAA at price paid,affine,FALSE,RB-T6,0,,cardinal-3panel,2.1,2,
Lucas Krull,TE,DEN,NA,FA,,,,,,,0,0.0,2,0,0.0,n/a - auction win = 1yr Vet-FAA at price paid,affine,FALSE,TE-T8,0,,cardinal-3panel,2.1,2,
Luke Farrell,TE,SFO,NA,FA,,,,,,,0,0.0,2,0,0.0,n/a - auction win = 1yr Vet-FAA at price paid,affine,FALSE,TE-T8,0,,cardinal-3panel,2.1,2,
Luke Lachey,TE,GBP,NA,FA,,,,,,,0,0.0,2,0,0.0,n/a - auction win = 1yr Vet-FAA at price paid,affine,FALSE,TE-T8,0,,cardinal-3panel,2.1,2,
Malik Davis,RB,DAL,27.6,FA,,,,,,,1,1.0,2,1,0.0,n/a - auction win = 1yr Vet-FAA at price paid,affine,FALSE,RB-T5,3,11.1,cardinal-3panel,2.8,2.0,
Marcus Yarns,RB,,NA,FA,,,,,,,0,0.0,2,0,0.0,n/a - auction win = 1yr Vet-FAA at price paid,affine,FALSE,RB-T6,0,,cardinal-3panel,2.1,2,
Mark Fletcher,RB,,NA,FA,,,,,,,0,0.0,2,0,0.0,n/a - auction win = 1yr Vet-FAA at price paid,affine,FALSE,RB-T6,0,,cardinal-3panel,2.1,2,
Marlin Klein,TE,HOU,NA,FA,,,,,,,0,2.0,2,2,0.0,n/a - auction win = 1yr Vet-FAA at price paid,affine,FALSE,TE-T6,2,1.8,cardinal-3panel,2.1,2,
Marquez Valdes-Scantling,WR,DAL,NA,FA,,,,,,,0,0.0,2,0,0.0,n/a - auction win = 1yr Vet-FAA at price paid,affine,FALSE,WR-T9,0,,cardinal-3panel,2.1,2,
Mason Rudolph,QB,PIT,30.9,FA,,,,,,,0,0.0,2,0,0.0,n/a - auction win = 1yr Vet-FAA at price paid,affine,FALSE,QB-T9,0,,cardinal-3panel,2.1,2,
Matt Breida,RB,,NA,FA,,,,,,,0,0.0,2,0,0.0,n/a - auction win = 1yr Vet-FAA at price paid,affine,FALSE,RB-T6,0,,cardinal-3panel,2.1,2,
Max Brosmer,QB,MIN,NA,FA,,,,,,,0,0.0,2,0,0.0,n/a - auction win = 1yr Vet-FAA at price paid,affine,FALSE,QB-T9,0,,cardinal-3panel,2.1,2,
Mecole Hardman Jr.,WR,BUF,NA,FA,,,,,,,0,0.0,2,0,0.0,n/a - auction win = 1yr Vet-FAA at price paid,affine,FALSE,WR-T9,0,,cardinal-3panel,2.1,2,
Michael Carter,RB,TEN,27.1,FA,,,,,,,0,0.0,2,0,0.0,n/a - auction win = 1yr Vet-FAA at price paid,affine,FALSE,RB-T6,3,7.3,cardinal-3panel,2.1,2,
Michael Dickson,PN,SEA,30.5,FA,,,,,,,2.0,1.8,2.0,1.8,0.0,n/a - auction win = 1yr Vet-FAA at price paid,ups-auction-ladder,FALSE,PN-T1,1,,none,2.0,2.0,
Michael Thomas,WR,,NA,FA,,,,,,,0,0.0,2,0,0.0,n/a - auction win = 1yr Vet-FAA at price paid,affine,FALSE,WR-T9,0,,cardinal-3panel,2.1,2,
Michael Wiley,RB,FA,NA,FA,,,,,,,0,0.0,2,0,0.0,n/a - auction win = 1yr Vet-FAA at price paid,affine,FALSE,RB-T6,0,,cardinal-3panel,2.1,2,
Miles Sanders,RB,FA,29.1,FA,,,,,,,0,0.0,2,0,0.0,n/a - auction win = 1yr Vet-FAA at price paid,affine,FALSE,RB-T6,0,,cardinal-3panel,2.1,2,
Mitch Tinsley,WR,,NA,FA,,,,,,,0,0.0,2,0,0.0,n/a - auction win = 1yr Vet-FAA at price paid,affine,FALSE,WR-T9,0,,cardinal-3panel,2.1,2,
Mo Alie-Cox,TE,IND,NA,FA,,,,,,,0,0.0,2,0,0.0,n/a - auction win = 1yr Vet-FAA at price paid,affine,FALSE,TE-T8,0,,cardinal-3panel,2.1,2,
Moliki Matavao,TE,NOS,NA,FA,,,,,,,0,0.0,2,0,0.0,n/a - auction win = 1yr Vet-FAA at price paid,affine,FALSE,TE-T8,0,,cardinal-3panel,2.1,2,
Najee Harris,RB,FA,28.3,FA,,,,,,,1,2.0,2,2,0.0,n/a - auction win = 1yr Vet-FAA at price paid,affine,FALSE,RB-T4,3,9.4,cardinal-3panel,2.8,2.0,
Nelson Agholor,WR,FA,NA,FA,,,,,,,0,0.0,2,0,0.0,n/a - auction win = 1yr Vet-FAA at price paid,affine,FALSE,WR-T9,0,,cardinal-3panel,2.1,2,
Nick Chubb,RB,FA,NA,FA,,,,,,,0,0.0,2,0,0.0,n/a - auction win = 1yr Vet-FAA at price paid,affine,FALSE,RB-T6,2,0.5,cardinal-3panel,2.1,2,
Nick Mullens,QB,JAC,NA,FA,,,,,,,0,0.0,2,0,0.0,n/a - auction win = 1yr Vet-FAA at price paid,affine,FALSE,QB-T9,0,,cardinal-3panel,2.1,2,
Nick Nash,WR,WAS,NA,FA,,,,,,,0,0.0,2,0,0.0,n/a - auction win = 1yr Vet-FAA at price paid,affine,FALSE,WR-T9,0,,cardinal-3panel,2.1,2,
Noah Brown,WR,WAS,NA,FA,,,,,,,0,0.0,2,0,0.0,n/a - auction win = 1yr Vet-FAA at price paid,affine,FALSE,WR-T9,0,,cardinal-3panel,2.1,2,
Noah Fant,TE,NOS,28.6,FA,,,,,,,0,2.0,2,2,0.0,n/a - auction win = 1yr Vet-FAA at price paid,affine,FALSE,TE-T6,3,10.5,cardinal-3panel,2.1,2,
Noah Thomas,WR,CIN,NA,FA,,,,,,,0,0.0,2,0,0.0,n/a - auction win = 1yr Vet-FAA at price paid,affine,FALSE,WR-T9,0,,cardinal-3panel,2.1,2,
Noah Whittington,RB,HOU,NA,FA,,,,,,,0,0.0,2,0,0.0,n/a - auction win = 1yr Vet-FAA at price paid,affine,FALSE,RB-T6,0,,cardinal-3panel,2.1,2,
Nyheim Miller-Hines,RB,,NA,FA,,,,,,,0,0.0,2,0,0.0,n/a - auction win = 1yr Vet-FAA at price paid,affine,FALSE,RB-T6,0,,cardinal-3panel,2.1,2,
Payne Durham,TE,TBB,NA,FA,,,,,,,0,0.0,2,0,0.0,n/a - auction win = 1yr Vet-FAA at price paid,affine,FALSE,TE-T8,0,,cardinal-3panel,2.1,2,
Philip Rivers,QB,FA,NA,FA,,,,,,,0,0.0,2,0,0.0,n/a - auction win = 1yr Vet-FAA at price paid,affine,FALSE,QB-T9,0,,cardinal-3panel,2.1,2,
Pierre Strong Jr.,RB,GBP,NA,FA,,,,,,,0,0.0,2,0,0.0,n/a - auction win = 1yr Vet-FAA at price paid,affine,FALSE,RB-T6,0,,cardinal-3panel,2.1,2,
Quez Watkins,WR,PHI,NA,FA,,,,,,,0,0.0,2,0,0.0,n/a - auction win = 1yr Vet-FAA at price paid,affine,FALSE,WR-T9,0,,cardinal-3panel,2.1,2,
RJ Maryland,TE,,NA,FA,,,,,,,0,0.0,2,0,0.0,n/a - auction win = 1yr Vet-FAA at price paid,affine,FALSE,TE-T8,0,,cardinal-3panel,2.1,2,
Raheem Mostert,RB,LVR,NA,FA,,,,,,,0,0.0,2,0,0.0,n/a - auction win = 1yr Vet-FAA at price paid,affine,FALSE,RB-T6,0,,cardinal-3panel,2.1,2,
Raheim Sanders,RB,CLE,24,FA,,,,,,,0,0.0,2,0,0.0,n/a - auction win = 1yr Vet-FAA at price paid,affine,FALSE,RB-T6,0,,cardinal-3panel,2.1,2,
Rahsul Faison,RB,,NA,FA,,,,,,,0,0.0,2,0,0.0,n/a - auction win = 1yr Vet-FAA at price paid,affine,FALSE,RB-T6,0,,cardinal-3panel,2.1,2,
Ray-Ray McCloud III,WR,NYG,NA,FA,,,,,,,0,0.0,2,0,0.0,n/a - auction win = 1yr Vet-FAA at price paid,affine,FALSE,WR-T9,0,,cardinal-3panel,2.1,2,
Reggie Virgil,WR,ARI,NA,FA,,,,,,,0,0.0,2,0,0.0,n/a - auction win = 1yr Vet-FAA at price paid,affine,FALSE,WR-T9,2,0.7,cardinal-3panel,2.1,2,
Ricky White III,WR,SEA,NA,FA,,,,,,,0,0.0,2,0,0.0,n/a - auction win = 1yr Vet-FAA at price paid,affine,FALSE,WR-T9,0,,cardinal-3panel,2.1,2,
Riley Leonard,QB,IND,23.8,FA,,,,,,,0,1.0,2,1,0.0,n/a - auction win = 1yr Vet-FAA at price paid,affine,FALSE,QB-T8,3,12.1,cardinal-3panel,2.1,2,
Riley Nowakowski,TE,PIT,NA,FA,,,,,,,0,0.0,2,0,0.0,n/a - auction win = 1yr Vet-FAA at price paid,affine,FALSE,TE-T8,0,,cardinal-3panel,2.1,2,
Roman Hemby,RB,LVR,NA,FA,,,,,,,0,0.0,2,0,0.0,n/a - auction win = 1yr Vet-FAA at price paid,affine,FALSE,RB-T6,0,,cardinal-3panel,2.1,2,
Romello Brinson,WR,,NA,FA,,,,,,,0,0.0,2,0,0.0,n/a - auction win = 1yr Vet-FAA at price paid,affine,FALSE,WR-T9,0,,cardinal-3panel,2.1,2,
Ronnie Rivers,RB,LAR,NA,FA,,,,,,,0,0.0,2,0,0.0,n/a - auction win = 1yr Vet-FAA at price paid,affine,FALSE,RB-T6,0,,cardinal-3panel,2.1,2,
Royce Freeman,RB,,NA,FA,,,,,,,0,0.0,2,0,0.0,n/a - auction win = 1yr Vet-FAA at price paid,affine,FALSE,RB-T6,0,,cardinal-3panel,2.1,2,
Russell Wilson,QB,FA,NA,FA,,,,,,,0,0.0,2,0,0.0,n/a - auction win = 1yr Vet-FAA at price paid,affine,FALSE,QB-T9,0,,cardinal-3panel,2.1,2,
Ryan Flournoy,WR,DAL,26.6,FA,,,,,,,1,6.0,2,6,0.0,n/a - auction win = 1yr Vet-FAA at price paid,dyn_anchor,TRUE,WR-T4,3,14.3,cardinal-3panel,2.8,2.0,
Salvon Ahmed,RB,CHI,NA,FA,,,,,,,0,0.0,2,0,0.0,n/a - auction win = 1yr Vet-FAA at price paid,affine,FALSE,RB-T6,0,,cardinal-3panel,2.1,2,
Sam Ehlinger,QB,DEN,NA,FA,,,,,,,0,0.0,2,0,0.0,n/a - auction win = 1yr Vet-FAA at price paid,affine,FALSE,QB-T9,0,,cardinal-3panel,2.1,2,
Sam Howell,QB,DAL,25.8,FA,,,,,,,0,0.0,2,0,0.0,n/a - auction win = 1yr Vet-FAA at price paid,affine,FALSE,QB-T9,0,,cardinal-3panel,2.1,2,
Scotty Miller,WR,CHI,NA,FA,,,,,,,0,0.0,2,0,0.0,n/a - auction win = 1yr Vet-FAA at price paid,affine,FALSE,WR-T9,0,,cardinal-3panel,2.1,2,
Sean Clifford,QB,CIN,NA,FA,,,,,,,0,0.0,2,0,0.0,n/a - auction win = 1yr Vet-FAA at price paid,affine,FALSE,QB-T9,0,,cardinal-3panel,2.1,2,
Seydou Traore,TE,MIA,NA,FA,,,,,,,0,0.0,2,0,0.0,n/a - auction win = 1yr Vet-FAA at price paid,affine,FALSE,TE-T8,0,,cardinal-3panel,2.1,2,
Shane Zylstra,TE,BUF,NA,FA,,,,,,,0,0.0,2,0,0.0,n/a - auction win = 1yr Vet-FAA at price paid,affine,FALSE,TE-T8,0,,cardinal-3panel,2.1,2,
Sincere McCormick,RB,SFO,NA,FA,,,,,,,0,0.0,2,0,0.0,n/a - auction win = 1yr Vet-FAA at price paid,affine,FALSE,RB-T6,0,,cardinal-3panel,2.1,2,
Sterling Shepard,WR,TBB,33.4,FA,,,,,,,0,0.0,2,0,0.0,n/a - auction win = 1yr Vet-FAA at price paid,affine,FALSE,WR-T9,0,,cardinal-3panel,2.1,2,
Stetson Bennett IV,QB,LAR,NA,FA,,,,,,,0,0.0,2,0,0.0,n/a - auction win = 1yr Vet-FAA at price paid,affine,FALSE,QB-T9,0,,cardinal-3panel,2.1,2,
Stone Smartt,TE,PHI,NA,FA,,,,,,,0,0.0,2,0,0.0,n/a - auction win = 1yr Vet-FAA at price paid,affine,FALSE,TE-T8,0,,cardinal-3panel,2.1,2,
Tahj Washington,WR,MIA,25.1,FA,,,,,,,0,0.0,2,0,0.0,n/a - auction win = 1yr Vet-FAA at price paid,affine,FALSE,WR-T9,0,,cardinal-3panel,2.1,2,
Tanner McKee,QB,PHI,26.1,FA,,,,,,,0,0.0,2,0,0.0,n/a - auction win = 1yr Vet-FAA at price paid,affine,FALSE,QB-T9,0,,cardinal-3panel,2.1,2,
Taysom Hill,TE,FA,NA,FA,,,,,,,0,0.0,2,0,0.0,n/a - auction win = 1yr Vet-FAA at price paid,affine,FALSE,TE-T8,0,,cardinal-3panel,2.1,2,
Teagan Quitoriano,TE,ARI,NA,FA,,,,,,,0,0.0,2,0,0.0,n/a - auction win = 1yr Vet-FAA at price paid,affine,FALSE,TE-T8,0,,cardinal-3panel,2.1,2,
Tejhaun Palmer,WR,ARI,NA,FA,,,,,,,0,0.0,2,0,0.0,n/a - auction win = 1yr Vet-FAA at price paid,affine,FALSE,WR-T9,0,,cardinal-3panel,2.1,2,
Terion Stewart,RB,KCC,NA,FA,,,,,,,0,0.0,2,0,0.0,n/a - auction win = 1yr Vet-FAA at price paid,affine,FALSE,RB-T6,0,,cardinal-3panel,2.1,2,
Terrace Marshall Jr.,WR,MIA,NA,FA,,,,,,,0,0.0,2,0,0.0,n/a - auction win = 1yr Vet-FAA at price paid,affine,FALSE,WR-T9,0,,cardinal-3panel,2.1,2,
Tez Johnson,WR,TBB,24.1,FA,,,,,,,1,5.0,2,5,0.0,n/a - auction win = 1yr Vet-FAA at price paid,dyn_anchor,TRUE,WR-T4,3,15.1,cardinal-3panel,2.8,2.0,
Thomas Fidone II,TE,NYG,23.7,FA,,,,,,,0,0.0,2,0,0.0,n/a - auction win = 1yr Vet-FAA at price paid,affine,FALSE,TE-T8,0,,cardinal-3panel,2.1,2,
Tip Reiman,TE,ARI,NA,FA,,,,,,,0,0.0,2,0,0.0,n/a - auction win = 1yr Vet-FAA at price paid,affine,FALSE,TE-T8,0,,cardinal-3panel,2.1,2,
Tommy DeVito,QB,NEP,NA,FA,,,,,,,0,0.0,2,0,0.0,n/a - auction win = 1yr Vet-FAA at price paid,affine,FALSE,QB-T9,0,,cardinal-3panel,2.1,2,
Travis Homer,RB,PIT,NA,FA,,,,,,,0,0.0,2,0,0.0,n/a - auction win = 1yr Vet-FAA at price paid,affine,FALSE,RB-T6,0,,cardinal-3panel,2.1,2,
Trayveon Williams,RB,CLE,NA,FA,,,,,,,0,0.0,2,0,0.0,n/a - auction win = 1yr Vet-FAA at price paid,affine,FALSE,RB-T6,0,,cardinal-3panel,2.1,2,
Trebor Pena,WR,JAC,NA,FA,,,,,,,0,0.0,2,0,0.0,n/a - auction win = 1yr Vet-FAA at price paid,affine,FALSE,WR-T9,0,,cardinal-3panel,2.1,2,
Trenton Irwin,WR,,NA,FA,,,,,,,0,0.0,2,0,0.0,n/a - auction win = 1yr Vet-FAA at price paid,affine,FALSE,WR-T9,0,,cardinal-3panel,2.1,2,
Trey Benson,RB,ARI,23.9,FA,,,,,,,1,6.0,2,6,0.0,n/a - auction win = 1yr Vet-FAA at price paid,affine,FALSE,RB-T2,3,16.2,cardinal-3panel,2.8,2.0,
Trey Lance,QB,LAC,26.1,FA,,,,,,,0,0.0,2,0,0.0,n/a - auction win = 1yr Vet-FAA at price paid,affine,FALSE,QB-T9,3,7.8,cardinal-3panel,2.1,2,
Trey Palmer,WR,NOS,25.2,FA,,,,,,,0,0.0,2,0,0.0,n/a - auction win = 1yr Vet-FAA at price paid,affine,FALSE,WR-T9,0,,cardinal-3panel,2.1,2,
Trey Sermon,RB,PIT,NA,FA,,,,,,,0,0.0,2,0,0.0,n/a - auction win = 1yr Vet-FAA at price paid,affine,FALSE,RB-T6,0,,cardinal-3panel,2.1,2,
Ty Chandler,RB,NOS,28.1,FA,,,,,,,0,0.0,2,0,0.0,n/a - auction win = 1yr Vet-FAA at price paid,affine,FALSE,RB-T6,0,,cardinal-3panel,2.1,2,
Ty Johnson,RB,BUF,28.8,FA,,,,,,,1,1.0,2,1,0.0,n/a - auction win = 1yr Vet-FAA at price paid,affine,FALSE,RB-T5,3,9.1,cardinal-3panel,2.8,2.0,
Tylan Wallace,WR,CLE,NA,FA,,,,,,,0,0.0,2,0,0.0,n/a - auction win = 1yr Vet-FAA at price paid,affine,FALSE,WR-T9,0,,cardinal-3panel,2.1,2,
Tyler Allgeier,RB,ARI,26.2,FA,,,,,,,2,9.0,2,9,0.0,n/a - auction win = 1yr Vet-FAA at price paid,dyn_anchor,TRUE,RB-T2,3,18.4,cardinal-3panel,3.5,2.0,
Tyler Badie,RB,DEN,26.4,FA,,,,,,,0,0.0,2,0,0.0,n/a - auction win = 1yr Vet-FAA at price paid,affine,FALSE,RB-T6,0,,cardinal-3panel,2.1,2,
Tyler Conklin,TE,DET,NA,FA,,,,,,,0,0.0,2,0,0.0,n/a - auction win = 1yr Vet-FAA at price paid,affine,FALSE,TE-T8,0,,cardinal-3panel,2.1,2,
Tyler Goodson,RB,ATL,25.6,FA,,,,,,,0,0.0,2,0,0.0,n/a - auction win = 1yr Vet-FAA at price paid,affine,FALSE,RB-T6,0,,cardinal-3panel,2.1,2,
Tyler Huntley,QB,BAL,28.4,FA,,,,,,,0,0.0,2,0,0.0,n/a - auction win = 1yr Vet-FAA at price paid,affine,FALSE,QB-T9,3,8.8,cardinal-3panel,2.1,2,
Tyler Johnson,WR,DAL,27.8,FA,,,,,,,0,0.0,2,0,0.0,n/a - auction win = 1yr Vet-FAA at price paid,affine,FALSE,WR-T9,0,,cardinal-3panel,2.1,2,
Tyler Lockett,WR,FA,NA,FA,,,,,,,0,0.0,2,0,0.0,n/a - auction win = 1yr Vet-FAA at price paid,affine,FALSE,WR-T9,0,,cardinal-3panel,2.1,2,
Tyler Scott,WR,LAR,24.7,FA,,,,,,,0,0.0,2,0,0.0,n/a - auction win = 1yr Vet-FAA at price paid,affine,FALSE,WR-T9,0,,cardinal-3panel,2.1,2,
Tyrell Shavers,WR,BUF,26.8,FA,,,,,,,0,0.0,2,0,0.0,n/a - auction win = 1yr Vet-FAA at price paid,affine,FALSE,WR-T9,0,,cardinal-3panel,2.1,2,
Tyren Montgomery,WR,TEN,NA,FA,,,,,,,0,0.0,2,0,0.0,n/a - auction win = 1yr Vet-FAA at price paid,affine,FALSE,WR-T9,0,,cardinal-3panel,2.1,2,
Tyrion Davis-Price,RB,,NA,FA,,,,,,,0,0.0,2,0,0.0,n/a - auction win = 1yr Vet-FAA at price paid,affine,FALSE,RB-T6,0,,cardinal-3panel,2.1,2,
Velus Jones Jr.,WR,SEA,NA,FA,,,,,,,0,0.0,2,0,0.0,n/a - auction win = 1yr Vet-FAA at price paid,affine,FALSE,WR-T9,0,,cardinal-3panel,2.1,2,
Vinny Anthony II,WR,ATL,NA,FA,,,,,,,0,0.0,2,0,0.0,n/a - auction win = 1yr Vet-FAA at price paid,affine,FALSE,WR-T9,0,,cardinal-3panel,2.1,2,
Will Dissly,TE,FA,NA,FA,,,,,,,0,0.0,2,0,0.0,n/a - auction win = 1yr Vet-FAA at price paid,affine,FALSE,TE-T8,0,,cardinal-3panel,2.1,2,
Will Mallory,TE,IND,NA,FA,,,,,,,0,0.0,2,0,0.0,n/a - auction win = 1yr Vet-FAA at price paid,affine,FALSE,TE-T8,0,,cardinal-3panel,2.1,2,
Xavier Gipson,WR,NYG,25.3,FA,,,,,,,0,0.0,2,0,0.0,n/a - auction win = 1yr Vet-FAA at price paid,affine,FALSE,WR-T9,0,,cardinal-3panel,2.1,2,
Xavier Restrepo,WR,TEN,24.2,FA,,,,,,,0,0.0,2,0,0.0,n/a - auction win = 1yr Vet-FAA at price paid,affine,FALSE,WR-T9,0,,cardinal-3panel,2.1,2,
Zach Ertz,TE,FA,35.6,FA,,,,,,,0,1.0,2,1,0.0,n/a - auction win = 1yr Vet-FAA at price paid,affine,FALSE,TE-T7,3,5.0,cardinal-3panel,2.1,2,
Zach Pascal,WR,FA,NA,FA,,,,,,,0,0.0,2,0,0.0,n/a - auction win = 1yr Vet-FAA at price paid,affine,FALSE,WR-T9,0,,cardinal-3panel,2.1,2,
Zach Wilson,QB,NOS,26.9,FA,,,,,,,0,0.0,2,0,0.0,n/a - auction win = 1yr Vet-FAA at price paid,affine,FALSE,QB-T9,3,6.9,cardinal-3panel,2.1,2,
Zack Moss,RB,FA,NA,FA,,,,,,,0,0.0,2,0,0.0,n/a - auction win = 1yr Vet-FAA at price paid,affine,FALSE,RB-T6,0,,cardinal-3panel,2.1,2,
Zamir White,RB,FA,NA,FA,,,,,,,0,0.0,2,0,0.0,n/a - auction win = 1yr Vet-FAA at price paid,affine,FALSE,RB-T6,0,,cardinal-3panel,2.1,2,
Zay Jones,WR,ARI,NA,FA,,,,,,,0,0.0,2,0,0.0,n/a - auction win = 1yr Vet-FAA at price paid,affine,FALSE,WR-T9,0,,cardinal-3panel,2.1,2,
Antoine Winfield,S,TBB,27.9,FA,,,,,,,1.8,1.7,1.8,1.7,0.0,n/a - auction win = 1yr Vet-FAA at price paid,ups-auction-ladder,FALSE,DB-T2,2,0.5,idp-linear-1source,1.8,1.8,52.7
Josh Metellus,S,MIN,28.5,FA,,,,,,,1.8,1.7,1.8,1.7,0.0,n/a - auction win = 1yr Vet-FAA at price paid,ups-auction-ladder,FALSE,DB-T2,2,0.8,idp-linear-1source,1.8,1.8,49.4
Malachi Moore,S,NYJ,24.9,FA,,,,,,,1.8,1.9,1.8,1.9,0.0,n/a - auction win = 1yr Vet-FAA at price paid,ups-auction-ladder,FALSE,DB-T2,2,0.8,idp-linear-1source,1.8,1.8,49.0
Nate Landman,LB,LAR,27.7,FA,,,,,,,1.8,1.7,1.8,1.7,0.0,n/a - auction win = 1yr Vet-FAA at price paid,ups-auction-ladder,FALSE,LB-T2,2,1.2,idp-linear-1source,1.8,1.8,67.7
Quinnen Williams,DT,DAL,28.6,FA,,,,,,,1.8,1.7,1.8,1.7,0.0,n/a - auction win = 1yr Vet-FAA at price paid,ups-auction-ladder,FALSE,DL-T3,2,0.8,idp-linear-1source,1.8,1.8,54.3
Zach Allen,DT,DEN,28.9,FA,,,,,,,1.8,1.7,1.8,1.7,0.0,n/a - auction win = 1yr Vet-FAA at price paid,ups-auction-ladder,FALSE,DL-T3,2,0.8,idp-linear-1source,1.8,1.8,52.0
Austin McNamara,PN,NYJ,25.4,FA,,,,,,,1.5,1.6,1.5,1.6,0.0,n/a - auction win = 1yr Vet-FAA at price paid,ups-auction-ladder,FALSE,PN-T1,1,,none,1.5,1.5,
Nakobe Dean,LB,LVR,25.6,FA,,,,,,,1.5,1.6,1.5,1.6,0.0,n/a - auction win = 1yr Vet-FAA at price paid,ups-auction-ladder,FALSE,LB-T2,2,0.5,idp-linear-1source,1.5,1.5,66.7
Quincy Williams,LB,CLE,29.9,FA,,,,,,,1.5,1.4,1.5,1.4,0.0,n/a - auction win = 1yr Vet-FAA at price paid,ups-auction-ladder,FALSE,LB-T2,2,0.5,idp-linear-1source,1.5,1.5,66.0
Tremaine Edmunds,LB,NYG,28.2,FA,,,,,,,1.5,1.4,1.5,1.4,0.0,n/a - auction win = 1yr Vet-FAA at price paid,ups-auction-ladder,FALSE,LB-T2,2,2.0,idp-linear-1source,1.5,1.5,67.0
DeForest Buckner,DT,IND,32.4,FA,,,,,,,1.2,1.0,1.2,1.0,0.0,n/a - auction win = 1yr Vet-FAA at price paid,ups-auction-ladder,FALSE,DL-T3,2,0.2,idp-linear-1source,1.2,1.2,49.7
Dre Greenlaw,LB,SFO,29.2,FA,,,,,,,1.2,1.2,1.2,1.2,0.0,n/a - auction win = 1yr Vet-FAA at price paid,ups-auction-ladder,FALSE,LB-T2,2,0.2,idp-linear-1source,1.2,1.2,65.7
Evan McPherson,PK,CIN,27.0,FA,,,,,,,1.2,1.2,1.2,1.2,0.0,n/a - auction win = 1yr Vet-FAA at price paid,ups-auction-ladder,FALSE,PK-T1,1,,none,1.2,1.2,
Micah Parsons,DE,GBP,27.2,FA,,,,,,,1.2,1.2,1.2,1.2,0.0,n/a - auction win = 1yr Vet-FAA at price paid,ups-auction-ladder,FALSE,DL-T3,2,0.2,idp-linear-1source,1.2,1.2,50.4
Ryan Rehkow,PN,CIN,27.9,FA,,,,,,,1.2,1.2,1.2,1.2,0.0,n/a - auction win = 1yr Vet-FAA at price paid,ups-auction-ladder,FALSE,PN-T1,1,,none,1.2,1.2,
Talanoa Hufanga,S,DEN,26.5,FA,,,,,,,1.2,1.3,1.2,1.3,0.0,n/a - auction win = 1yr Vet-FAA at price paid,ups-auction-ladder,FALSE,DB-T2,2,0.2,idp-linear-1source,1.2,1.2,47.0
Trevon Moehrig,S,CAR,27.1,FA,,,,,,,1.2,1.2,1.2,1.2,0.0,n/a - auction win = 1yr Vet-FAA at price paid,ups-auction-ladder,FALSE,DB-T2,2,0.2,idp-linear-1source,1.2,1.2,48.7
Tyler Loop,PK,BAL,25.0,FA,,,,,,,1.2,1.3,1.2,1.3,0.0,n/a - auction win = 1yr Vet-FAA at price paid,ups-auction-ladder,FALSE,PK-T1,1,,none,1.2,1.2,
Wil Lutz,PK,DEN,32.0,FA,,,,,,,1.2,1.1,1.2,1.1,0.0,n/a - auction win = 1yr Vet-FAA at price paid,ups-auction-ladder,FALSE,PK-T1,1,,none,1.2,1.2,
A'Shawn Robinson,DT,TBB,31.3,FA,,,,,,,1.0,0.9,1.0,0.9,0.0,n/a - auction win = 1yr Vet-FAA at price paid,ups-auction-ladder,FALSE,DL-T3,1,,idp-linear-1source,1.0,1.0,
A.J. Cole,PN,LVR,30.7,FA,,,,,,,1.0,0.9,1.0,0.9,0.0,n/a - auction win = 1yr Vet-FAA at price paid,ups-auction-ladder,FALSE,PN-T1,1,,none,1.0,1.0,
A.J. Epenesa,DE,PHI,27.9,FA,,,,,,,1.0,1.0,1.0,1.0,0.0,n/a - auction win = 1yr Vet-FAA at price paid,ups-auction-ladder,FALSE,DL-T3,1,,idp-linear-1source,1.0,1.0,
A.J. Terrell,CB,ATL,27.8,FA,,,,,,,1.0,1.0,1.0,1.0,0.0,n/a - auction win = 1yr Vet-FAA at price paid,ups-auction-ladder,FALSE,DB-T2,1,,idp-linear-1source,1.0,1.0,
Adam Butler,DT,LVR,32.3,FA,,,,,,,1.0,0.8,1.0,0.8,0.0,n/a - auction win = 1yr Vet-FAA at price paid,ups-auction-ladder,FALSE,DL-T3,1,,idp-linear-1source,1.0,1.0,
Adisa Isaac,DE,BAL,24.8,FA,,,,,,,1.0,1.1,1.0,1.1,0.0,n/a - auction win = 1yr Vet-FAA at price paid,ups-auction-ladder,FALSE,DL-T3,1,,idp-linear-1source,1.0,1.0,
Ahkello Witherspoon,CB,WAS,31.3,FA,,,,,,,1.0,0.9,1.0,0.9,0.0,n/a - auction win = 1yr Vet-FAA at price paid,ups-auction-ladder,FALSE,DB-T2,1,,idp-linear-1source,1.0,1.0,
Akayleb Evans,CB,CAR,27.1,FA,,,,,,,1.0,1.0,1.0,1.0,0.0,n/a - auction win = 1yr Vet-FAA at price paid,ups-auction-ladder,FALSE,DB-T2,1,,idp-linear-1source,1.0,1.0,
Akeem Davis-Gaither,LB,IND,28.8,FA,,,,,,,1.0,0.9,1.0,0.9,0.0,n/a - auction win = 1yr Vet-FAA at price paid,ups-auction-ladder,FALSE,LB-T2,1,,idp-linear-1source,1.0,1.0,
Al-Quadin Muhammad,DE,TBB,31.3,FA,,,,,,,1.0,0.9,1.0,0.9,0.0,n/a - auction win = 1yr Vet-FAA at price paid,ups-auction-ladder,FALSE,DL-T3,1,,idp-linear-1source,1.0,1.0,
Albert Regis,DT,JAC,,FA,,,,,,,1.0,1.0,1.0,1.0,0.0,n/a - auction win = 1yr Vet-FAA at price paid,ups-auction-ladder,FALSE,DL-T3,1,,idp-linear-1source,1.0,1.0,
Alex Anzalone,LB,TBB,31.8,FA,,,,,,,1.0,0.9,1.0,0.9,0.0,n/a - auction win = 1yr Vet-FAA at price paid,ups-auction-ladder,FALSE,LB-T2,1,,idp-linear-1source,1.0,1.0,
Alex Highsmith,DE,PIT,29.0,FA,,,,,,,1.0,0.9,1.0,0.9,0.0,n/a - auction win = 1yr Vet-FAA at price paid,ups-auction-ladder,FALSE,DL-T3,2,0.8,idp-linear-1source,1.0,1.0,40.7
Alex Singleton,LB,DEN,32.6,FA,,,,,,,1.0,0.8,1.0,0.8,0.0,n/a - auction win = 1yr Vet-FAA at price paid,ups-auction-ladder,FALSE,LB-T2,2,0.0,idp-linear-1source,1.0,1.0,63.0
Alex Wright,DE,CLE,25.9,FA,,,,,,,1.0,1.0,1.0,1.0,0.0,n/a - auction win = 1yr Vet-FAA at price paid,ups-auction-ladder,FALSE,DL-T3,1,,idp-linear-1source,1.0,1.0,
Alfred Collins,DT,SFO,24.8,FA,,,,,,,1.0,1.1,1.0,1.1,0.0,n/a - auction win = 1yr Vet-FAA at price paid,ups-auction-ladder,FALSE,DL-T3,1,,idp-linear-1source,1.0,1.0,
Alijah Clark,S,DAL,23.0,FA,,,,,,,1.0,1.1,1.0,1.1,0.0,n/a - auction win = 1yr Vet-FAA at price paid,ups-auction-ladder,FALSE,DB-T2,1,,idp-linear-1source,1.0,1.0,
Alim McNeill,DT,DET,26.2,FA,,,,,,,1.0,1.0,1.0,1.0,0.0,n/a - auction win = 1yr Vet-FAA at price paid,ups-auction-ladder,FALSE,DL-T3,1,,idp-linear-1source,1.0,1.0,
Alohi Gilman,S,KCC,28.8,FA,,,,,,,1.0,0.9,1.0,0.9,0.0,n/a - auction win = 1yr Vet-FAA at price paid,ups-auction-ladder,FALSE,DB-T2,1,,idp-linear-1source,1.0,1.0,
Alontae Taylor,CB,TEN,27.6,FA,,,,,,,1.0,1.0,1.0,1.0,0.0,n/a - auction win = 1yr Vet-FAA at price paid,ups-auction-ladder,FALSE,DB-T2,1,,idp-linear-1source,1.0,1.0,
Amani Hooker,S,TEN,28.1,FA,,,,,,,1.0,1.0,1.0,1.0,0.0,n/a - auction win = 1yr Vet-FAA at price paid,ups-auction-ladder,FALSE,DB-T2,1,,idp-linear-1source,1.0,1.0,
Amani Oruwariye,CB,BAL,30.5,FA,,,,,,,1.0,0.9,1.0,0.9,0.0,n/a - auction win = 1yr Vet-FAA at price paid,ups-auction-ladder,FALSE,DB-T2,1,,idp-linear-1source,1.0,1.0,
Amik Robertson,CB,WAS,28.0,FA,,,,,,,1.0,1.0,1.0,1.0,0.0,n/a - auction win = 1yr Vet-FAA at price paid,ups-auction-ladder,FALSE,DB-T2,1,,idp-linear-1source,1.0,1.0,
Andre Cisco,S,NYJ,26.3,FA,,,,,,,1.0,1.0,1.0,1.0,0.0,n/a - auction win = 1yr Vet-FAA at price paid,ups-auction-ladder,FALSE,DB-T2,1,,idp-linear-1source,1.0,1.0,
Andre Szmyt,PK,CLE,27.8,FA,,,,,,,1.0,1.0,1.0,1.0,0.0,n/a - auction win = 1yr Vet-FAA at price paid,ups-auction-ladder,FALSE,PK-T1,1,,none,1.0,1.0,
Andres Borregales,PK,NEP,24.6,FA,,,,,,,1.0,1.1,1.0,1.1,0.0,n/a - auction win = 1yr Vet-FAA at price paid,ups-auction-ladder,FALSE,PK-T1,1,,none,1.0,1.0,
Andrew Mukuba,S,PHI,23.6,FA,,,,,,,1.0,1.1,1.0,1.1,0.0,n/a - auction win = 1yr Vet-FAA at price paid,ups-auction-ladder,FALSE,DB-T2,1,,idp-linear-1source,1.0,1.0,
Andrew Van Ginkel,DE,MIN,31.1,FA,,,,,,,1.0,0.9,1.0,0.9,0.0,n/a - auction win = 1yr Vet-FAA at price paid,ups-auction-ladder,FALSE,DL-T3,1,,idp-linear-1source,1.0,1.0,
Andrew Wingard,S,ARI,29.6,FA,,,,,,,1.0,0.9,1.0,0.9,0.0,n/a - auction win = 1yr Vet-FAA at price paid,ups-auction-ladder,FALSE,DB-T2,1,,idp-linear-1source,1.0,1.0,
Andru Phillips,CB,NYG,24.6,FA,,,,,,,1.0,1.1,1.0,1.1,0.0,n/a - auction win = 1yr Vet-FAA at price paid,ups-auction-ladder,FALSE,DB-T2,1,,idp-linear-1source,1.0,1.0,
Anfernee Jennings,DE,NOS,29.2,FA,,,,,,,1.0,0.9,1.0,0.9,0.0,n/a - auction win = 1yr Vet-FAA at price paid,ups-auction-ladder,FALSE,DL-T3,1,,idp-linear-1source,1.0,1.0,
Anthony Nelson,DE,TBB,29.4,FA,,,,,,,1.0,0.9,1.0,0.9,0.0,n/a - auction win = 1yr Vet-FAA at price paid,ups-auction-ladder,FALSE,DL-T3,1,,idp-linear-1source,1.0,1.0,
Antonio Johnson,S,JAC,24.7,FA,,,,,,,1.0,1.1,1.0,1.1,0.0,n/a - auction win = 1yr Vet-FAA at price paid,ups-auction-ladder,FALSE,DB-T2,1,,idp-linear-1source,1.0,1.0,
Arden Key,DE,IND,30.2,FA,,,,,,,1.0,0.9,1.0,0.9,0.0,n/a - auction win = 1yr Vet-FAA at price paid,ups-auction-ladder,FALSE,DL-T3,1,,idp-linear-1source,1.0,1.0,
Arik Armstead,DT,JAC,32.7,FA,,,,,,,1.0,0.8,1.0,0.8,0.0,n/a - auction win = 1yr Vet-FAA at price paid,ups-auction-ladder,FALSE,DL-T3,1,,idp-linear-1source,1.0,1.0,
Arnold Ebiketie,DE,PHI,27.5,FA,,,,,,,1.0,1.0,1.0,1.0,0.0,n/a - auction win = 1yr Vet-FAA at price paid,ups-auction-ladder,FALSE,DL-T3,1,,idp-linear-1source,1.0,1.0,
Asante Samuel,CB,PIT,26.8,FA,,,,,,,1.0,1.0,1.0,1.0,0.0,n/a - auction win = 1yr Vet-FAA at price paid,ups-auction-ladder,FALSE,DB-T2,1,,idp-linear-1source,1.0,1.0,
Ashton Gillotte,DE,KCC,23.7,FA,,,,,,,1.0,1.1,1.0,1.1,0.0,n/a - auction win = 1yr Vet-FAA at price paid,ups-auction-ladder,FALSE,DL-T3,1,,idp-linear-1source,1.0,1.0,
Ashtyn Davis,S,SFO,29.8,FA,,,,,,,1.0,0.9,1.0,0.9,0.0,n/a - auction win = 1yr Vet-FAA at price paid,ups-auction-ladder,FALSE,DB-T2,1,,idp-linear-1source,1.0,1.0,
Austin Ajiake,LB,IND,26.1,FA,,,,,,,1.0,1.0,1.0,1.0,0.0,n/a - auction win = 1yr Vet-FAA at price paid,ups-auction-ladder,FALSE,LB-T2,1,,idp-linear-1source,1.0,1.0,
Austin Booker,DE,CHI,23.6,FA,,,,,,,1.0,1.1,1.0,1.1,0.0,n/a - auction win = 1yr Vet-FAA at price paid,ups-auction-ladder,FALSE,DL-T3,1,,idp-linear-1source,1.0,1.0,
Avieon Terrell,CB,ATL,21.5,FA,,,,,,,1.0,1.2,1.0,1.2,0.0,n/a - auction win = 1yr Vet-FAA at price paid,ups-auction-ladder,FALSE,DB-T2,1,,idp-linear-1source,1.0,1.0,
Avonte Maddox,CB,DET,30.3,FA,,,,,,,1.0,0.9,1.0,0.9,0.0,n/a - auction win = 1yr Vet-FAA at price paid,ups-auction-ladder,FALSE,DB-T2,1,,idp-linear-1source,1.0,1.0,
Azareye'h Thomas,CB,NYJ,22.0,FA,,,,,,,1.0,1.1,1.0,1.1,0.0,n/a - auction win = 1yr Vet-FAA at price paid,ups-auction-ladder,FALSE,DB-T2,1,,idp-linear-1source,1.0,1.0,
Azeez Al-Shaair,LB,HOU,29.0,FA,,,,,,,1.0,0.9,1.0,0.9,0.0,n/a - auction win = 1yr Vet-FAA at price paid,ups-auction-ladder,FALSE,LB-T2,2,0.0,idp-linear-1source,1.0,1.0,64.7
Azeez Ojulari,DE,ATL,26.1,FA,,,,,,,1.0,1.0,1.0,1.0,0.0,n/a - auction win = 1yr Vet-FAA at price paid,ups-auction-ladder,FALSE,DL-T3,1,,idp-linear-1source,1.0,1.0,
B.J. Hill,DT,CIN,31.3,FA,,,,,,,1.0,0.9,1.0,0.9,0.0,n/a - auction win = 1yr Vet-FAA at price paid,ups-auction-ladder,FALSE,DL-T3,1,,idp-linear-1source,1.0,1.0,
Bam Martin-Scott,LB,CAR,26.1,FA,,,,,,,1.0,1.0,1.0,1.0,0.0,n/a - auction win = 1yr Vet-FAA at price paid,ups-auction-ladder,FALSE,LB-T2,1,,idp-linear-1source,1.0,1.0,
Baron Browning,DE,ARI,27.4,FA,,,,,,,1.0,1.0,1.0,1.0,0.0,n/a - auction win = 1yr Vet-FAA at price paid,ups-auction-ladder,FALSE,DL-T3,1,,idp-linear-1source,1.0,1.0,
Barrett Carter,LB,CIN,23.7,FA,,,,,,,1.0,1.1,1.0,1.1,0.0,n/a - auction win = 1yr Vet-FAA at price paid,ups-auction-ladder,FALSE,LB-T2,2,0.0,idp-linear-1source,1.0,1.0,61.3
Barryn Sorrell,DE,GBP,23.6,FA,,,,,,,1.0,1.1,1.0,1.1,0.0,n/a - auction win = 1yr Vet-FAA at price paid,ups-auction-ladder,FALSE,DL-T3,1,,idp-linear-1source,1.0,1.0,
Ben Sauls,PK,NYG,25.0,FA,,,,,,,1.0,1.1,1.0,1.1,0.0,n/a - auction win = 1yr Vet-FAA at price paid,ups-auction-ladder,FALSE,PK-T1,1,,none,1.0,1.0,
Benjamin Morrison,CB,TBB,22.4,FA,,,,,,,1.0,1.1,1.0,1.1,0.0,n/a - auction win = 1yr Vet-FAA at price paid,ups-auction-ladder,FALSE,DB-T2,1,,idp-linear-1source,1.0,1.0,
Benjamin St-Juste,CB,GBP,28.9,FA,,,,,,,1.0,0.9,1.0,0.9,0.0,n/a - auction win = 1yr Vet-FAA at price paid,ups-auction-ladder,FALSE,DB-T2,1,,idp-linear-1source,1.0,1.0,
Billy Bowman,S,ATL,23.5,FA,,,,,,,1.0,1.1,1.0,1.1,0.0,n/a - auction win = 1yr Vet-FAA at price paid,ups-auction-ladder,FALSE,DB-T2,1,,idp-linear-1source,1.0,1.0,
Blake Gillikin,PN,ARI,28.5,FA,,,,,,,1.0,1.0,1.0,1.0,0.0,n/a - auction win = 1yr Vet-FAA at price paid,ups-auction-ladder,FALSE,PN-T1,1,,none,1.0,1.0,
Blake Grupe,PK,IND,27.7,FA,,,,,,,1.0,1.0,1.0,1.0,0.0,n/a - auction win = 1yr Vet-FAA at price paid,ups-auction-ladder,FALSE,PK-T1,1,,none,1.0,1.0,
Bo Richter,DE,MIN,25.9,FA,,,,,,,1.0,1.0,1.0,1.0,0.0,n/a - auction win = 1yr Vet-FAA at price paid,ups-auction-ladder,FALSE,DL-T3,1,,idp-linear-1source,1.0,1.0,
Bobby Brown,DT,CAR,26.0,FA,,,,,,,1.0,1.0,1.0,1.0,0.0,n/a - auction win = 1yr Vet-FAA at price paid,ups-auction-ladder,FALSE,DL-T3,1,,idp-linear-1source,1.0,1.0,
Boye Mafe,DE,CIN,27.6,FA,,,,,,,1.0,1.0,1.0,1.0,0.0,n/a - auction win = 1yr Vet-FAA at price paid,ups-auction-ladder,FALSE,DL-T3,1,,idp-linear-1source,1.0,1.0,
Braden Fiske,DT,LAR,26.5,FA,,,,,,,1.0,1.0,1.0,1.0,0.0,n/a - auction win = 1yr Vet-FAA at price paid,ups-auction-ladder,FALSE,DL-T3,1,,idp-linear-1source,1.0,1.0,
Braden Mann,PN,PHI,28.7,FA,,,,,,,1.0,0.9,1.0,0.9,0.0,n/a - auction win = 1yr Vet-FAA at price paid,ups-auction-ladder,FALSE,PN-T1,1,,none,1.0,1.0,
Bradley Chubb,DE,BUF,30.1,FA,,,,,,,1.0,0.9,1.0,0.9,0.0,n/a - auction win = 1yr Vet-FAA at price paid,ups-auction-ladder,FALSE,DL-T3,1,,idp-linear-1source,1.0,1.0,
Bradley Pinion,PN,MIA,32.1,FA,,,,,,,1.0,0.8,1.0,0.8,0.0,n/a - auction win = 1yr Vet-FAA at price paid,ups-auction-ladder,FALSE,PN-T1,1,,none,1.0,1.0,
Bradyn Swinson,DE,NEP,24.1,FA,,,,,,,1.0,1.1,1.0,1.1,0.0,n/a - auction win = 1yr Vet-FAA at price paid,ups-auction-ladder,FALSE,DL-T3,1,,idp-linear-1source,1.0,1.0,
Braiden McGregor,DE,NYJ,25.0,FA,,,,,,,1.0,1.1,1.0,1.1,0.0,n/a - auction win = 1yr Vet-FAA at price paid,ups-auction-ladder,FALSE,DL-T3,1,,idp-linear-1source,1.0,1.0,
Bralen Trice,DE,ATL,25.4,FA,,,,,,,1.0,1.0,1.0,1.0,0.0,n/a - auction win = 1yr Vet-FAA at price paid,ups-auction-ladder,FALSE,DL-T3,1,,idp-linear-1source,1.0,1.0,
Brandon Dorlus,DT,ATL,25.3,FA,,,,,,,1.0,1.1,1.0,1.1,0.0,n/a - auction win = 1yr Vet-FAA at price paid,ups-auction-ladder,FALSE,DL-T3,1,,idp-linear-1source,1.0,1.0,
Brandon Jones,S,DEN,28.3,FA,,,,,,,1.0,1.0,1.0,1.0,0.0,n/a - auction win = 1yr Vet-FAA at price paid,ups-auction-ladder,FALSE,DB-T2,2,0.0,idp-linear-1source,1.0,1.0,46.7
Brandon Stephens,CB,NYJ,28.6,FA,,,,,,,1.0,1.0,1.0,1.0,0.0,n/a - auction win = 1yr Vet-FAA at price paid,ups-auction-ladder,FALSE,DB-T2,1,,idp-linear-1source,1.0,1.0,
Brenden Schooler,S,NEP,29.1,FA,,,,,,,1.0,0.9,1.0,0.9,0.0,n/a - auction win = 1yr Vet-FAA at price paid,ups-auction-ladder,FALSE,DB-T2,1,,idp-linear-1source,1.0,1.0,
Brenton Cox,DE,GBP,26.5,FA,,,,,,,1.0,1.0,1.0,1.0,0.0,n/a - auction win = 1yr Vet-FAA at price paid,ups-auction-ladder,FALSE,DL-T3,1,,idp-linear-1source,1.0,1.0,
Brian Burns,DE,NYG,28.2,FA,,,,,,,1.0,1.0,1.0,1.0,0.0,n/a - auction win = 1yr Vet-FAA at price paid,ups-auction-ladder,FALSE,DL-T3,2,0.0,idp-linear-1source,1.0,1.0,48.4
Broderick Washington,DT,BAL,29.6,FA,,,,,,,1.0,0.9,1.0,0.9,0.0,n/a - auction win = 1yr Vet-FAA at price paid,ups-auction-ladder,FALSE,DL-T3,1,,idp-linear-1source,1.0,1.0,
Bryan Anger,PN,DAL,37.8,FA,,,,,,,1.0,0.7,1.0,0.7,0.0,n/a - auction win = 1yr Vet-FAA at price paid,ups-auction-ladder,FALSE,PN-T1,1,,none,1.0,1.0,
Bryan Bresee,DT,NOS,24.8,FA,,,,,,,1.0,1.1,1.0,1.1,0.0,n/a - auction win = 1yr Vet-FAA at price paid,ups-auction-ladder,FALSE,DL-T3,1,,idp-linear-1source,1.0,1.0,
Bryan Cook,S,CIN,26.9,FA,,,,,,,1.0,1.0,1.0,1.0,0.0,n/a - auction win = 1yr Vet-FAA at price paid,ups-auction-ladder,FALSE,DB-T2,1,,idp-linear-1source,1.0,1.0,
Bryce Baringer,PN,NEP,27.2,FA,,,,,,,1.0,1.0,1.0,1.0,0.0,n/a - auction win = 1yr Vet-FAA at price paid,ups-auction-ladder,FALSE,PN-T1,1,,none,1.0,1.0,
Bryce Boettcher,LB,IND,24.0,FA,,,,,,,1.0,1.1,1.0,1.1,0.0,n/a - auction win = 1yr Vet-FAA at price paid,ups-auction-ladder,FALSE,LB-T2,1,,idp-linear-1source,1.0,1.0,
Bud Clark,S,SEA,24.2,FA,,,,,,,1.0,1.1,1.0,1.1,0.0,n/a - auction win = 1yr Vet-FAA at price paid,ups-auction-ladder,FALSE,DB-T2,1,,idp-linear-1source,1.0,1.0,
Bud Dupree,DE,LAC,33.4,FA,,,,,,,1.0,0.8,1.0,0.8,0.0,n/a - auction win = 1yr Vet-FAA at price paid,ups-auction-ladder,FALSE,DL-T3,1,,idp-linear-1source,1.0,1.0,
Byron Murphy,CB,MIN,28.5,FA,,,,,,,1.0,1.0,1.0,1.0,0.0,n/a - auction win = 1yr Vet-FAA at price paid,ups-auction-ladder,FALSE,DB-T2,1,,idp-linear-1source,1.0,1.0,
Byron Young,DE,LAR,28.4,FA,,,,,,,1.0,1.0,1.0,1.0,0.0,n/a - auction win = 1yr Vet-FAA at price paid,ups-auction-ladder,FALSE,DL-T3,2,0.0,idp-linear-1source,1.0,1.0,42.4
CJ West,DT,SFO,24.1,FA,,,,,,,1.0,1.1,1.0,1.1,0.0,n/a - auction win = 1yr Vet-FAA at price paid,ups-auction-ladder,FALSE,DL-T3,1,,idp-linear-1source,1.0,1.0,
Cade York,PK,NYJ,25.5,FA,,,,,,,1.0,1.0,1.0,1.0,0.0,n/a - auction win = 1yr Vet-FAA at price paid,ups-auction-ladder,FALSE,PK-T1,1,,none,1.0,1.0,
Caelen Carson,CB,DAL,24.4,FA,,,,,,,1.0,1.1,1.0,1.1,0.0,n/a - auction win = 1yr Vet-FAA at price paid,ups-auction-ladder,FALSE,DB-T2,1,,idp-linear-1source,1.0,1.0,
Cairo Santos,PK,CHI,34.7,FA,,,,,,,1.0,0.8,1.0,0.8,0.0,n/a - auction win = 1yr Vet-FAA at price paid,ups-auction-ladder,FALSE,PK-T1,1,,none,1.0,1.0,
Caleb Banks,DT,MIN,23.4,FA,,,,,,,1.0,1.1,1.0,1.1,0.0,n/a - auction win = 1yr Vet-FAA at price paid,ups-auction-ladder,FALSE,DL-T3,1,,idp-linear-1source,1.0,1.0,
Caleb Ransaw,S,JAC,23.6,FA,,,,,,,1.0,1.1,1.0,1.1,0.0,n/a - auction win = 1yr Vet-FAA at price paid,ups-auction-ladder,FALSE,DB-T2,1,,idp-linear-1source,1.0,1.0,
Calen Bullock,S,HOU,23.2,FA,,,,,,,1.0,1.1,1.0,1.1,0.0,n/a - auction win = 1yr Vet-FAA at price paid,ups-auction-ladder,FALSE,DB-T2,1,,idp-linear-1source,1.0,1.0,
Calijah Kancey,DT,TBB,25.4,FA,,,,,,,1.0,1.0,1.0,1.0,0.0,n/a - auction win = 1yr Vet-FAA at price paid,ups-auction-ladder,FALSE,DL-T3,1,,idp-linear-1source,1.0,1.0,47.4
Cam Hart,CB,LAC,25.6,FA,,,,,,,1.0,1.0,1.0,1.0,0.0,n/a - auction win = 1yr Vet-FAA at price paid,ups-auction-ladder,FALSE,DB-T2,1,,idp-linear-1source,1.0,1.0,
Cam Johnston,PN,PIT,34.4,FA,,,,,,,1.0,0.8,1.0,0.8,0.0,n/a - auction win = 1yr Vet-FAA at price paid,ups-auction-ladder,FALSE,PN-T1,1,,none,1.0,1.0,
Cam Lewis,S,CHI,29.3,FA,,,,,,,1.0,0.9,1.0,0.9,0.0,n/a - auction win = 1yr Vet-FAA at price paid,ups-auction-ladder,FALSE,DB-T2,1,,idp-linear-1source,1.0,1.0,
Cam Little,PK,JAC,22.9,FA,,,,,,,1.0,1.1,1.0,1.1,0.0,n/a - auction win = 1yr Vet-FAA at price paid,ups-auction-ladder,FALSE,PK-T1,1,,none,1.0,1.0,
Cam Taylor-Britt,CB,IND,26.8,FA,,,,,,,1.0,1.0,1.0,1.0,0.0,n/a - auction win = 1yr Vet-FAA at price paid,ups-auction-ladder,FALSE,DB-T2,1,,idp-linear-1source,1.0,1.0,
Cameron Dicker,PK,LAC,26.2,FA,,,,,,,1.0,1.0,1.0,1.0,0.0,n/a - auction win = 1yr Vet-FAA at price paid,ups-auction-ladder,FALSE,PK-T1,1,,none,1.0,1.0,
Cameron Heyward,DT,PIT,37.2,FA,,,,,,,1.0,0.7,1.0,0.7,0.0,n/a - auction win = 1yr Vet-FAA at price paid,ups-auction-ladder,FALSE,DL-T3,1,,idp-linear-1source,1.0,1.0,
Cameron Jordan,DE,NOS,37.0,FA,,,,,,,1.0,0.7,1.0,0.7,0.0,n/a - auction win = 1yr Vet-FAA at price paid,ups-auction-ladder,FALSE,DL-T3,1,,idp-linear-1source,1.0,1.0,
Cameron Thomas,DE,ATL,26.5,FA,,,,,,,1.0,1.0,1.0,1.0,0.0,n/a - auction win = 1yr Vet-FAA at price paid,ups-auction-ladder,FALSE,DL-T3,1,,idp-linear-1source,1.0,1.0,
Carl Granderson,DE,NOS,29.6,FA,,,,,,,1.0,0.9,1.0,0.9,0.0,n/a - auction win = 1yr Vet-FAA at price paid,ups-auction-ladder,FALSE,DL-T3,1,,idp-linear-1source,1.0,1.0,
Carl Jones,LB,BAL,,FA,,,,,,,1.0,1.0,1.0,1.0,0.0,n/a - auction win = 1yr Vet-FAA at price paid,ups-auction-ladder,FALSE,LB-T2,1,,idp-linear-1source,1.0,1.0,
Carlton Davis,CB,NEP,29.6,FA,,,,,,,1.0,0.9,1.0,0.9,0.0,n/a - auction win = 1yr Vet-FAA at price paid,ups-auction-ladder,FALSE,DB-T2,1,,idp-linear-1source,1.0,1.0,
Carrington Valentine,CB,GBP,24.9,FA,,,,,,,1.0,1.1,1.0,1.1,0.0,n/a - auction win = 1yr Vet-FAA at price paid,ups-auction-ladder,FALSE,DB-T2,1,,idp-linear-1source,1.0,1.0,
Carson Bruener,LB,PIT,25.1,FA,,,,,,,1.0,1.1,1.0,1.1,0.0,n/a - auction win = 1yr Vet-FAA at price paid,ups-auction-ladder,FALSE,LB-T2,1,,idp-linear-1source,1.0,1.0,
Cashius Howell,DE,CIN,23.3,FA,,,,,,,1.0,1.1,1.0,1.1,0.0,n/a - auction win = 1yr Vet-FAA at price paid,ups-auction-ladder,FALSE,DL-T3,1,,idp-linear-1source,1.0,1.0,
Chad Muma,LB,NEP,26.9,FA,,,,,,,1.0,1.0,1.0,1.0,0.0,n/a - auction win = 1yr Vet-FAA at price paid,ups-auction-ladder,FALSE,LB-T2,1,,idp-linear-1source,1.0,1.0,
Chad Ryland,PK,ARI,26.8,FA,,,,,,,1.0,1.0,1.0,1.0,0.0,n/a - auction win = 1yr Vet-FAA at price paid,ups-auction-ladder,FALSE,PK-T1,1,,none,1.0,1.0,
Chamarri Conner,S,KCC,26.0,FA,,,,,,,1.0,1.0,1.0,1.0,0.0,n/a - auction win = 1yr Vet-FAA at price paid,ups-auction-ladder,FALSE,DB-T2,2,0.0,idp-linear-1source,1.0,1.0,45.4
Channing Tindall,LB,ATL,26.3,FA,,,,,,,1.0,1.0,1.0,1.0,0.0,n/a - auction win = 1yr Vet-FAA at price paid,ups-auction-ladder,FALSE,LB-T2,1,,idp-linear-1source,1.0,1.0,
Charlie Smyth,PK,NOS,24.7,FA,,,,,,,1.0,1.1,1.0,1.1,0.0,n/a - auction win = 1yr Vet-FAA at price paid,ups-auction-ladder,FALSE,PK-T1,1,,none,1.0,1.0,
Charvarius Ward,CB,IND,30.2,FA,,,,,,,1.0,0.9,1.0,0.9,0.0,n/a - auction win = 1yr Vet-FAA at price paid,ups-auction-ladder,FALSE,DB-T2,1,,idp-linear-1source,1.0,1.0,
Chase McLaughlin,PK,TBB,30.3,FA,,,,,,,1.0,0.9,1.0,0.9,0.0,n/a - auction win = 1yr Vet-FAA at price paid,ups-auction-ladder,FALSE,PK-T1,1,,none,1.0,1.0,
Chase Young,DE,NOS,27.3,FA,,,,,,,1.0,1.0,1.0,1.0,0.0,n/a - auction win = 1yr Vet-FAA at price paid,ups-auction-ladder,FALSE,DL-T3,1,,idp-linear-1source,1.0,1.0,
Chau Smith-Wade,CB,CAR,23.8,FA,,,,,,,1.0,1.1,1.0,1.1,0.0,n/a - auction win = 1yr Vet-FAA at price paid,ups-auction-ladder,FALSE,DB-T2,1,,idp-linear-1source,1.0,1.0,
Chauncey Gardner-Johnson,S,BUF,28.6,FA,,,,,,,1.0,1.0,1.0,1.0,0.0,n/a - auction win = 1yr Vet-FAA at price paid,ups-auction-ladder,FALSE,DB-T2,1,,idp-linear-1source,1.0,1.0,
Chauncey Golston,DE,NYG,28.4,FA,,,,,,,1.0,1.0,1.0,1.0,0.0,n/a - auction win = 1yr Vet-FAA at price paid,ups-auction-ladder,FALSE,DL-T3,1,,idp-linear-1source,1.0,1.0,
Chidobe Awuzie,CB,BAL,31.2,FA,,,,,,,1.0,0.9,1.0,0.9,0.0,n/a - auction win = 1yr Vet-FAA at price paid,ups-auction-ladder,FALSE,DB-T2,1,,idp-linear-1source,1.0,1.0,
Chris Boswell,PK,PIT,35.4,FA,,,,,,,1.0,0.7,1.0,0.7,0.0,n/a - auction win = 1yr Vet-FAA at price paid,ups-auction-ladder,FALSE,PK-T1,1,,none,1.0,1.0,
Chris Johnson,CB,MIA,21.7,FA,,,,,,,1.0,1.2,1.0,1.2,0.0,n/a - auction win = 1yr Vet-FAA at price paid,ups-auction-ladder,FALSE,DB-T2,1,,idp-linear-1source,1.0,1.0,
Chris Jones,DT,KCC,32.1,FA,,,,,,,1.0,0.8,1.0,0.8,0.0,n/a - auction win = 1yr Vet-FAA at price paid,ups-auction-ladder,FALSE,DL-T3,2,0.0,idp-linear-1source,1.0,1.0,37.7
Chris Lammons,CB,IND,30.5,FA,,,,,,,1.0,0.9,1.0,0.9,0.0,n/a - auction win = 1yr Vet-FAA at price paid,ups-auction-ladder,FALSE,DB-T2,1,,idp-linear-1source,1.0,1.0,
Chris Roland-Wallace,CB,KCC,24.7,FA,,,,,,,1.0,1.1,1.0,1.1,0.0,n/a - auction win = 1yr Vet-FAA at price paid,ups-auction-ladder,FALSE,DB-T2,1,,idp-linear-1source,1.0,1.0,
Chris Rumph,DE,NOS,27.8,FA,,,,,,,1.0,1.0,1.0,1.0,0.0,n/a - auction win = 1yr Vet-FAA at price paid,ups-auction-ladder,FALSE,DL-T3,1,,idp-linear-1source,1.0,1.0,
Christian Barmore,DT,NEP,27.0,FA,,,,,,,1.0,1.0,1.0,1.0,0.0,n/a - auction win = 1yr Vet-FAA at price paid,ups-auction-ladder,FALSE,DL-T3,1,,idp-linear-1source,1.0,1.0,
Christian Benford,CB,BUF,25.8,FA,,,,,,,1.0,1.0,1.0,1.0,0.0,n/a - auction win = 1yr Vet-FAA at price paid,ups-auction-ladder,FALSE,DB-T2,1,,idp-linear-1source,1.0,1.0,
Christian Elliss,LB,NEP,27.6,FA,,,,,,,1.0,1.0,1.0,1.0,0.0,n/a - auction win = 1yr Vet-FAA at price paid,ups-auction-ladder,FALSE,LB-T2,1,,idp-linear-1source,1.0,1.0,
Christian Gonzalez,CB,NEP,24.1,FA,,,,,,,1.0,1.1,1.0,1.1,0.0,n/a - auction win = 1yr Vet-FAA at price paid,ups-auction-ladder,FALSE,DB-T2,1,,idp-linear-1source,1.0,1.0,
Christian Harris,LB,ATL,25.5,FA,,,,,,,1.0,1.0,1.0,1.0,0.0,n/a - auction win = 1yr Vet-FAA at price paid,ups-auction-ladder,FALSE,LB-T2,1,,idp-linear-1source,1.0,1.0,
Christian Izien,S,DET,26.1,FA,,,,,,,1.0,1.0,1.0,1.0,0.0,n/a - auction win = 1yr Vet-FAA at price paid,ups-auction-ladder,FALSE,DB-T2,1,,idp-linear-1source,1.0,1.0,
Christian Rozeboom,LB,TBB,29.5,FA,,,,,,,1.0,0.9,1.0,0.9,0.0,n/a - auction win = 1yr Vet-FAA at price paid,ups-auction-ladder,FALSE,LB-T2,1,,idp-linear-1source,1.0,1.0,
Chuck Clark,S,DET,31.3,FA,,,,,,,1.0,0.9,1.0,0.9,0.0,n/a - auction win = 1yr Vet-FAA at price paid,ups-auction-ladder,FALSE,DB-T2,1,,idp-linear-1source,1.0,1.0,
Clark Phillips,CB,ATL,24.6,FA,,,,,,,1.0,1.1,1.0,1.1,0.0,n/a - auction win = 1yr Vet-FAA at price paid,ups-auction-ladder,FALSE,DB-T2,1,,idp-linear-1source,1.0,1.0,
Claudin Cherelus,LB,CAR,28.4,FA,,,,,,,1.0,1.0,1.0,1.0,0.0,n/a - auction win = 1yr Vet-FAA at price paid,ups-auction-ladder,FALSE,LB-T2,1,,idp-linear-1source,1.0,1.0,
Cobee Bryant,CB,ATL,24.8,FA,,,,,,,1.0,1.1,1.0,1.1,0.0,n/a - auction win = 1yr Vet-FAA at price paid,ups-auction-ladder,FALSE,DB-T2,1,,idp-linear-1source,1.0,1.0,
Coby Bryant,S,CHI,27.3,FA,,,,,,,1.0,1.0,1.0,1.0,0.0,n/a - auction win = 1yr Vet-FAA at price paid,ups-auction-ladder,FALSE,DB-T2,1,,idp-linear-1source,1.0,1.0,
Cody Barton,LB,TEN,29.7,FA,,,,,,,1.0,0.9,1.0,0.9,0.0,n/a - auction win = 1yr Vet-FAA at price paid,ups-auction-ladder,FALSE,LB-T2,1,,idp-linear-1source,1.0,1.0,
Cody Simon,LB,ARI,24.3,FA,,,,,,,1.0,1.1,1.0,1.1,0.0,n/a - auction win = 1yr Vet-FAA at price paid,ups-auction-ladder,FALSE,LB-T2,1,,idp-linear-1source,1.0,1.0,
Colby Wooden,DT,IND,25.6,FA,,,,,,,1.0,1.0,1.0,1.0,0.0,n/a - auction win = 1yr Vet-FAA at price paid,ups-auction-ladder,FALSE,DL-T3,1,,idp-linear-1source,1.0,1.0,
Cole Bishop,S,BUF,23.7,FA,,,,,,,1.0,1.1,1.0,1.1,0.0,n/a - auction win = 1yr Vet-FAA at price paid,ups-auction-ladder,FALSE,DB-T2,1,,idp-linear-1source,1.0,1.0,
Cole Christiansen,LB,KCC,29.0,FA,,,,,,,1.0,0.9,1.0,0.9,0.0,n/a - auction win = 1yr Vet-FAA at price paid,ups-auction-ladder,FALSE,LB-T2,1,,idp-linear-1source,1.0,1.0,
Cole Holcomb,LB,PIT,30.0,FA,,,,,,,1.0,0.9,1.0,0.9,0.0,n/a - auction win = 1yr Vet-FAA at price paid,ups-auction-ladder,FALSE,LB-T2,1,,idp-linear-1source,1.0,1.0,
Cole Wisniewski,S,PHI,,FA,,,,,,,1.0,1.0,1.0,1.0,0.0,n/a - auction win = 1yr Vet-FAA at price paid,ups-auction-ladder,FALSE,DB-T2,1,,idp-linear-1source,1.0,1.0,
Cooper DeJean,CB,PHI,23.5,FA,,,,,,,1.0,1.1,1.0,1.1,0.0,n/a - auction win = 1yr Vet-FAA at price paid,ups-auction-ladder,FALSE,DB-T2,1,,idp-linear-1source,1.0,1.0,
Cordale Flott,CB,TEN,24.9,FA,,,,,,,1.0,1.1,1.0,1.1,0.0,n/a - auction win = 1yr Vet-FAA at price paid,ups-auction-ladder,FALSE,DB-T2,1,,idp-linear-1source,1.0,1.0,
Corey Bojorquez,PN,CLE,29.9,FA,,,,,,,1.0,0.9,1.0,0.9,0.0,n/a - auction win = 1yr Vet-FAA at price paid,ups-auction-ladder,FALSE,PN-T1,1,,none,1.0,1.0,
Corliss Waitman,PN,SFO,31.0,FA,,,,,,,1.0,0.9,1.0,0.9,0.0,n/a - auction win = 1yr Vet-FAA at price paid,ups-auction-ladder,FALSE,PN-T1,1,,none,1.0,1.0,
Cory Durden,DT,NEP,27.5,FA,,,,,,,1.0,1.0,1.0,1.0,0.0,n/a - auction win = 1yr Vet-FAA at price paid,ups-auction-ladder,FALSE,DL-T3,1,,idp-linear-1source,1.0,1.0,
Craig Woodson,S,NEP,25.4,FA,,,,,,,1.0,1.0,1.0,1.0,0.0,n/a - auction win = 1yr Vet-FAA at price paid,ups-auction-ladder,FALSE,DB-T2,1,,idp-linear-1source,1.0,1.0,
D'Angelo Ponds,CB,NYJ,,FA,,,,,,,1.0,1.0,1.0,1.0,0.0,n/a - auction win = 1yr Vet-FAA at price paid,ups-auction-ladder,FALSE,DB-T2,1,,idp-linear-1source,1.0,1.0,
D'Anthony Bell,S,SEA,29.8,FA,,,,,,,1.0,0.9,1.0,0.9,0.0,n/a - auction win = 1yr Vet-FAA at price paid,ups-auction-ladder,FALSE,DB-T2,1,,idp-linear-1source,1.0,1.0,
D'Marco Jackson,LB,CHI,28.0,FA,,,,,,,1.0,1.0,1.0,1.0,0.0,n/a - auction win = 1yr Vet-FAA at price paid,ups-auction-ladder,FALSE,LB-T2,1,,idp-linear-1source,1.0,1.0,
D.J. Davidson,DT,WAS,28.8,FA,,,,,,,1.0,0.9,1.0,0.9,0.0,n/a - auction win = 1yr Vet-FAA at price paid,ups-auction-ladder,FALSE,DL-T3,1,,idp-linear-1source,1.0,1.0,
D.J. Jones,DT,DEN,31.5,FA,,,,,,,1.0,0.9,1.0,0.9,0.0,n/a - auction win = 1yr Vet-FAA at price paid,ups-auction-ladder,FALSE,DL-T3,1,,idp-linear-1source,1.0,1.0,
D.J. Reader,DT,NYG,32.1,FA,,,,,,,1.0,0.8,1.0,0.8,0.0,n/a - auction win = 1yr Vet-FAA at price paid,ups-auction-ladder,FALSE,DL-T3,1,,idp-linear-1source,1.0,1.0,
D.J. Reed,CB,DET,29.7,FA,,,,,,,1.0,0.9,1.0,0.9,0.0,n/a - auction win = 1yr Vet-FAA at price paid,ups-auction-ladder,FALSE,DB-T2,1,,idp-linear-1source,1.0,1.0,
D.J. Wonnum,DE,DET,28.7,FA,,,,,,,1.0,0.9,1.0,0.9,0.0,n/a - auction win = 1yr Vet-FAA at price paid,ups-auction-ladder,FALSE,DL-T3,1,,idp-linear-1source,1.0,1.0,
DJ Turner,CB,CIN,25.7,FA,,,,,,,1.0,1.0,1.0,1.0,0.0,n/a - auction win = 1yr Vet-FAA at price paid,ups-auction-ladder,FALSE,DB-T2,1,,idp-linear-1source,1.0,1.0,
Da'Ron Payne,DT,WAS,29.2,FA,,,,,,,1.0,0.9,1.0,0.9,0.0,n/a - auction win = 1yr Vet-FAA at price paid,ups-auction-ladder,FALSE,DL-T3,1,,idp-linear-1source,1.0,1.0,
Da'Shawn Hand,DT,ATL,30.7,FA,,,,,,,1.0,0.9,1.0,0.9,0.0,n/a - auction win = 1yr Vet-FAA at price paid,ups-auction-ladder,FALSE,DL-T3,1,,idp-linear-1source,1.0,1.0,
DaRon Bland,CB,DAL,27.0,FA,,,,,,,1.0,1.0,1.0,1.0,0.0,n/a - auction win = 1yr Vet-FAA at price paid,ups-auction-ladder,FALSE,DB-T2,1,,idp-linear-1source,1.0,1.0,
Dadrion Taylor-Demerson,S,ARI,25.5,FA,,,,,,,1.0,1.0,1.0,1.0,0.0,n/a - auction win = 1yr Vet-FAA at price paid,ups-auction-ladder,FALSE,DB-T2,1,,idp-linear-1source,1.0,1.0,
Dalvin Tomlinson,DT,LAC,32.4,FA,,,,,,,1.0,0.8,1.0,0.8,0.0,n/a - auction win = 1yr Vet-FAA at price paid,ups-auction-ladder,FALSE,DL-T3,1,,idp-linear-1source,1.0,1.0,
Damar Hamlin,S,BUF,28.3,FA,,,,,,,1.0,1.0,1.0,1.0,0.0,n/a - auction win = 1yr Vet-FAA at price paid,ups-auction-ladder,FALSE,DB-T2,1,,idp-linear-1source,1.0,1.0,
Damone Clark,LB,DET,26.1,FA,,,,,,,1.0,1.0,1.0,1.0,0.0,n/a - auction win = 1yr Vet-FAA at price paid,ups-auction-ladder,FALSE,LB-T2,1,,idp-linear-1source,1.0,1.0,
Dan Jackson,S,DET,25.6,FA,,,,,,,1.0,1.0,1.0,1.0,0.0,n/a - auction win = 1yr Vet-FAA at price paid,ups-auction-ladder,FALSE,DB-T2,1,,idp-linear-1source,1.0,1.0,
Dane Belton,S,NYJ,25.6,FA,,,,,,,1.0,1.0,1.0,1.0,0.0,n/a - auction win = 1yr Vet-FAA at price paid,ups-auction-ladder,FALSE,DB-T2,1,,idp-linear-1source,1.0,1.0,
Dane Jackson,CB,JAC,29.6,FA,,,,,,,1.0,0.9,1.0,0.9,0.0,n/a - auction win = 1yr Vet-FAA at price paid,ups-auction-ladder,FALSE,DB-T2,1,,idp-linear-1source,1.0,1.0,
Dani Dennis-Sutton,DE,GBP,,FA,,,,,,,1.0,1.0,1.0,1.0,0.0,n/a - auction win = 1yr Vet-FAA at price paid,ups-auction-ladder,FALSE,DL-T3,1,,idp-linear-1source,1.0,1.0,
Daniel Ekuale,DT,PIT,32.5,FA,,,,,,,1.0,0.8,1.0,0.8,0.0,n/a - auction win = 1yr Vet-FAA at price paid,ups-auction-ladder,FALSE,DL-T3,1,,idp-linear-1source,1.0,1.0,
Daniel Scott,S,IND,27.7,FA,,,,,,,1.0,1.0,1.0,1.0,0.0,n/a - auction win = 1yr Vet-FAA at price paid,ups-auction-ladder,FALSE,DB-T2,1,,idp-linear-1source,1.0,1.0,
Daniel Whelan,PN,GBP,27.4,FA,,,,,,,1.0,1.0,1.0,1.0,0.0,n/a - auction win = 1yr Vet-FAA at price paid,ups-auction-ladder,FALSE,PN-T1,1,,none,1.0,1.0,
Danielle Hunter,DE,HOU,31.7,FA,,,,,,,1.0,0.9,1.0,0.9,0.0,n/a - auction win = 1yr Vet-FAA at price paid,ups-auction-ladder,FALSE,DL-T3,2,0.0,idp-linear-1source,1.0,1.0,38.4
Danny Striggow,DE,JAC,24.0,FA,,,,,,,1.0,1.1,1.0,1.1,0.0,n/a - auction win = 1yr Vet-FAA at price paid,ups-auction-ladder,FALSE,DL-T3,1,,idp-linear-1source,1.0,1.0,
Dante Fowler,DE,SEA,32.0,FA,,,,,,,1.0,0.8,1.0,0.8,0.0,n/a - auction win = 1yr Vet-FAA at price paid,ups-auction-ladder,FALSE,DL-T3,1,,idp-linear-1source,1.0,1.0,
Dante Stills,DT,ARI,26.6,FA,,,,,,,1.0,1.0,1.0,1.0,0.0,n/a - auction win = 1yr Vet-FAA at price paid,ups-auction-ladder,FALSE,DL-T3,1,,idp-linear-1source,1.0,1.0,
Dante Trader,S,MIA,23.4,FA,,,,,,,1.0,1.1,1.0,1.1,0.0,n/a - auction win = 1yr Vet-FAA at price paid,ups-auction-ladder,FALSE,DB-T2,1,,idp-linear-1source,1.0,1.0,
Darien Porter,CB,LVR,25.5,FA,,,,,,,1.0,1.0,1.0,1.0,0.0,n/a - auction win = 1yr Vet-FAA at price paid,ups-auction-ladder,FALSE,DB-T2,1,,idp-linear-1source,1.0,1.0,
Darius Alexander,DT,NYG,25.9,FA,,,,,,,1.0,1.0,1.0,1.0,0.0,n/a - auction win = 1yr Vet-FAA at price paid,ups-auction-ladder,FALSE,DL-T3,1,,idp-linear-1source,1.0,1.0,
Darius Muasau,LB,NYG,25.4,FA,,,,,,,1.0,1.0,1.0,1.0,0.0,n/a - auction win = 1yr Vet-FAA at price paid,ups-auction-ladder,FALSE,LB-T2,1,,idp-linear-1source,1.0,1.0,
Darius Robinson,DT,ARI,24.9,FA,,,,,,,1.0,1.1,1.0,1.1,0.0,n/a - auction win = 1yr Vet-FAA at price paid,ups-auction-ladder,FALSE,DL-T3,1,,idp-linear-1source,1.0,1.0,
Darnell Savage,S,PIT,29.0,FA,,,,,,,1.0,0.9,1.0,0.9,0.0,n/a - auction win = 1yr Vet-FAA at price paid,ups-auction-ladder,FALSE,DB-T2,1,,idp-linear-1source,1.0,1.0,
Darrell Baker,CB,MIA,28.3,FA,,,,,,,1.0,1.0,1.0,1.0,0.0,n/a - auction win = 1yr Vet-FAA at price paid,ups-auction-ladder,FALSE,DB-T2,1,,idp-linear-1source,1.0,1.0,
Darrell Jackson,DT,NYJ,23.2,FA,,,,,,,1.0,1.1,1.0,1.1,0.0,n/a - auction win = 1yr Vet-FAA at price paid,ups-auction-ladder,FALSE,DL-T3,1,,idp-linear-1source,1.0,1.0,
David Ojabo,DE,MIA,26.2,FA,,,,,,,1.0,1.0,1.0,1.0,0.0,n/a - auction win = 1yr Vet-FAA at price paid,ups-auction-ladder,FALSE,DL-T3,1,,idp-linear-1source,1.0,1.0,
Davison Igbinosun,CB,BUF,,FA,,,,,,,1.0,1.0,1.0,1.0,0.0,n/a - auction win = 1yr Vet-FAA at price paid,ups-auction-ladder,FALSE,DB-T2,1,,idp-linear-1source,1.0,1.0,
Davon Godchaux,DT,NOS,31.7,FA,,,,,,,1.0,0.9,1.0,0.9,0.0,n/a - auction win = 1yr Vet-FAA at price paid,ups-auction-ladder,FALSE,DL-T3,1,,idp-linear-1source,1.0,1.0,
Davon Hamilton,DT,JAC,29.5,FA,,,,,,,1.0,0.9,1.0,0.9,0.0,n/a - auction win = 1yr Vet-FAA at price paid,ups-auction-ladder,FALSE,DL-T3,1,,idp-linear-1source,1.0,1.0,
Daxton Hill,CB,CIN,25.8,FA,,,,,,,1.0,1.0,1.0,1.0,0.0,n/a - auction win = 1yr Vet-FAA at price paid,ups-auction-ladder,FALSE,DB-T2,1,,idp-linear-1source,1.0,1.0,
Daylen Everette,CB,PIT,22.2,FA,,,,,,,1.0,1.1,1.0,1.1,0.0,n/a - auction win = 1yr Vet-FAA at price paid,ups-auction-ladder,FALSE,DB-T2,1,,idp-linear-1source,1.0,1.0,
Dayo Odeyingbo,DE,CHI,26.8,FA,,,,,,,1.0,1.0,1.0,1.0,0.0,n/a - auction win = 1yr Vet-FAA at price paid,ups-auction-ladder,FALSE,DL-T3,1,,idp-linear-1source,1.0,1.0,
DeMarcco Hellams,S,ATL,26.1,FA,,,,,,,1.0,1.0,1.0,1.0,0.0,n/a - auction win = 1yr Vet-FAA at price paid,ups-auction-ladder,FALSE,DB-T2,1,,idp-linear-1source,1.0,1.0,
DeMarvion Overshown,LB,DAL,25.9,FA,,,,,,,1.0,1.0,1.0,1.0,0.0,n/a - auction win = 1yr Vet-FAA at price paid,ups-auction-ladder,FALSE,LB-T2,2,0.0,idp-linear-1source,1.0,1.0,64.0
DeWayne Carter,DT,BUF,25.6,FA,,,,,,,1.0,1.0,1.0,1.0,0.0,n/a - auction win = 1yr Vet-FAA at price paid,ups-auction-ladder,FALSE,DL-T3,1,,idp-linear-1source,1.0,1.0,
Dean Clark,S,NYJ,24.3,FA,,,,,,,1.0,1.1,1.0,1.1,0.0,n/a - auction win = 1yr Vet-FAA at price paid,ups-auction-ladder,FALSE,DB-T2,1,,idp-linear-1source,1.0,1.0,
Deane Leonard,CB,LAC,26.7,FA,,,,,,,1.0,1.0,1.0,1.0,0.0,n/a - auction win = 1yr Vet-FAA at price paid,ups-auction-ladder,FALSE,DB-T2,1,,idp-linear-1source,1.0,1.0,
Decobie Durant,CB,DAL,28.4,FA,,,,,,,1.0,1.0,1.0,1.0,0.0,n/a - auction win = 1yr Vet-FAA at price paid,ups-auction-ladder,FALSE,DB-T2,1,,idp-linear-1source,1.0,1.0,
Dee Alford,CB,BUF,28.7,FA,,,,,,,1.0,0.9,1.0,0.9,0.0,n/a - auction win = 1yr Vet-FAA at price paid,ups-auction-ladder,FALSE,DB-T2,1,,idp-linear-1source,1.0,1.0,
Dee Winters,LB,DAL,25.8,FA,,,,,,,1.0,1.0,1.0,1.0,0.0,n/a - auction win = 1yr Vet-FAA at price paid,ups-auction-ladder,FALSE,LB-T2,1,,idp-linear-1source,1.0,1.0,
Del'Shawn Phillips,LB,LAC,29.8,FA,,,,,,,1.0,0.9,1.0,0.9,0.0,n/a - auction win = 1yr Vet-FAA at price paid,ups-auction-ladder,FALSE,LB-T2,1,,idp-linear-1source,1.0,1.0,
Delarrin Turner-Yell,S,DEN,26.6,FA,,,,,,,1.0,1.0,1.0,1.0,0.0,n/a - auction win = 1yr Vet-FAA at price paid,ups-auction-ladder,FALSE,DB-T2,1,,idp-linear-1source,1.0,1.0,
Dell Pettus,S,NEP,25.1,FA,,,,,,,1.0,1.1,1.0,1.1,0.0,n/a - auction win = 1yr Vet-FAA at price paid,ups-auction-ladder,FALSE,DB-T2,1,,idp-linear-1source,1.0,1.0,
Demarcus Lawrence,DE,SEA,34.2,FA,,,,,,,1.0,0.8,1.0,0.8,0.0,n/a - auction win = 1yr Vet-FAA at price paid,ups-auction-ladder,FALSE,DL-T3,1,,idp-linear-1source,1.0,1.0,
Demario Davis,LB,NYJ,37.5,FA,,,,,,,1.0,0.7,1.0,0.7,0.0,n/a - auction win = 1yr Vet-FAA at price paid,ups-auction-ladder,FALSE,LB-T2,1,,idp-linear-1source,1.0,1.0,
Demetrius Flannigan-Fowles,LB,BUF,29.9,FA,,,,,,,1.0,0.9,1.0,0.9,0.0,n/a - auction win = 1yr Vet-FAA at price paid,ups-auction-ladder,FALSE,LB-T2,1,,idp-linear-1source,1.0,1.0,
Demetrius Knight,LB,CIN,26.5,FA,,,,,,,1.0,1.0,1.0,1.0,0.0,n/a - auction win = 1yr Vet-FAA at price paid,ups-auction-ladder,FALSE,LB-T2,2,0.0,idp-linear-1source,1.0,1.0,59.0
Dennis Gardeck,DE,JAC,32.0,FA,,,,,,,1.0,0.8,1.0,0.8,0.0,n/a - auction win = 1yr Vet-FAA at price paid,ups-auction-ladder,FALSE,DL-T3,1,,idp-linear-1source,1.0,1.0,
Denzel Burke,CB,ARI,23.7,FA,,,,,,,1.0,1.1,1.0,1.1,0.0,n/a - auction win = 1yr Vet-FAA at price paid,ups-auction-ladder,FALSE,DB-T2,1,,idp-linear-1source,1.0,1.0,
Denzel Perryman,LB,LAC,33.6,FA,,,,,,,1.0,0.8,1.0,0.8,0.0,n/a - auction win = 1yr Vet-FAA at price paid,ups-auction-ladder,FALSE,LB-T2,1,,idp-linear-1source,1.0,1.0,
Denzel Ward,CB,CLE,29.2,FA,,,,,,,1.0,0.9,1.0,0.9,0.0,n/a - auction win = 1yr Vet-FAA at price paid,ups-auction-ladder,FALSE,DB-T2,1,,idp-linear-1source,1.0,1.0,
Deommodore Lenoir,CB,SFO,26.8,FA,,,,,,,1.0,1.0,1.0,1.0,0.0,n/a - auction win = 1yr Vet-FAA at price paid,ups-auction-ladder,FALSE,DB-T2,1,,idp-linear-1source,1.0,1.0,
Deone Walker,DT,BUF,22.4,FA,,,,,,,1.0,1.1,1.0,1.1,0.0,n/a - auction win = 1yr Vet-FAA at price paid,ups-auction-ladder,FALSE,DL-T3,1,,idp-linear-1source,1.0,1.0,
Deonte Banks,CB,NYG,25.4,FA,,,,,,,1.0,1.0,1.0,1.0,0.0,n/a - auction win = 1yr Vet-FAA at price paid,ups-auction-ladder,FALSE,DB-T2,1,,idp-linear-1source,1.0,1.0,
Derek Stingley Jr.,CB,HOU,25.1,FA,,,,,,,1.0,1.1,1.0,1.1,0.0,n/a - auction win = 1yr Vet-FAA at price paid,ups-auction-ladder,FALSE,DB-T2,1,,idp-linear-1source,1.0,1.0,
Derick Hall,DE,SEA,25.3,FA,,,,,,,1.0,1.1,1.0,1.1,0.0,n/a - auction win = 1yr Vet-FAA at price paid,ups-auction-ladder,FALSE,DL-T3,1,,idp-linear-1source,1.0,1.0,
Derrick Barnes,LB,DET,27.2,FA,,,,,,,1.0,1.0,1.0,1.0,0.0,n/a - auction win = 1yr Vet-FAA at price paid,ups-auction-ladder,FALSE,LB-T2,1,,idp-linear-1source,1.0,1.0,
Derrick Brown,DT,CAR,28.3,FA,,,,,,,1.0,1.0,1.0,1.0,0.0,n/a - auction win = 1yr Vet-FAA at price paid,ups-auction-ladder,FALSE,DL-T3,2,0.0,idp-linear-1source,1.0,1.0,37.4
Derrick Harmon,DT,PIT,23.0,FA,,,,,,,1.0,1.1,1.0,1.1,0.0,n/a - auction win = 1yr Vet-FAA at price paid,ups-auction-ladder,FALSE,DL-T3,1,,idp-linear-1source,1.0,1.0,
Derrick Moore,DE,DET,23.6,FA,,,,,,,1.0,1.1,1.0,1.1,0.0,n/a - auction win = 1yr Vet-FAA at price paid,ups-auction-ladder,FALSE,DL-T3,1,,idp-linear-1source,1.0,1.0,
Devin Bush,LB,CHI,28.0,FA,,,,,,,1.0,1.0,1.0,1.0,0.0,n/a - auction win = 1yr Vet-FAA at price paid,ups-auction-ladder,FALSE,LB-T2,2,0.0,idp-linear-1source,1.0,1.0,59.3
Devin Lloyd,LB,CAR,27.8,FA,,,,,,,1.0,1.0,1.0,1.0,0.0,n/a - auction win = 1yr Vet-FAA at price paid,ups-auction-ladder,FALSE,LB-T2,2,0.5,idp-linear-1source,1.0,1.0,52.4
Devin Moore,CB,DAL,,FA,,,,,,,1.0,1.0,1.0,1.0,0.0,n/a - auction win = 1yr Vet-FAA at price paid,ups-auction-ladder,FALSE,DB-T2,1,,idp-linear-1source,1.0,1.0,
Devon Key,S,DEN,28.7,FA,,,,,,,1.0,0.9,1.0,0.9,0.0,n/a - auction win = 1yr Vet-FAA at price paid,ups-auction-ladder,FALSE,DB-T2,1,,idp-linear-1source,1.0,1.0,
Devonte Wyatt,DT,GBP,28.3,FA,,,,,,,1.0,1.0,1.0,1.0,0.0,n/a - auction win = 1yr Vet-FAA at price paid,ups-auction-ladder,FALSE,DL-T3,1,,idp-linear-1source,1.0,1.0,
Divine Deablo,LB,ATL,27.9,FA,,,,,,,1.0,1.0,1.0,1.0,0.0,n/a - auction win = 1yr Vet-FAA at price paid,ups-auction-ladder,FALSE,LB-T2,2,0.0,idp-linear-1source,1.0,1.0,58.7
Dominique Robinson,DE,HOU,28.1,FA,,,,,,,1.0,1.0,1.0,1.0,0.0,n/a - auction win = 1yr Vet-FAA at price paid,ups-auction-ladder,FALSE,DL-T3,1,,idp-linear-1source,1.0,1.0,
Dondrea Tillman,DE,DEN,28.2,FA,,,,,,,1.0,1.0,1.0,1.0,0.0,n/a - auction win = 1yr Vet-FAA at price paid,ups-auction-ladder,FALSE,DL-T3,1,,idp-linear-1source,1.0,1.0,
Donovan Ezeiruaku,DE,DAL,22.8,FA,,,,,,,1.0,1.1,1.0,1.1,0.0,n/a - auction win = 1yr Vet-FAA at price paid,ups-auction-ladder,FALSE,DL-T3,1,,idp-linear-1source,1.0,1.0,
Donte Jackson,CB,LAC,30.7,FA,,,,,,,1.0,0.9,1.0,0.9,0.0,n/a - auction win = 1yr Vet-FAA at price paid,ups-auction-ladder,FALSE,DB-T2,1,,idp-linear-1source,1.0,1.0,
Dorance Armstrong,DE,WAS,29.1,FA,,,,,,,1.0,0.9,1.0,0.9,0.0,n/a - auction win = 1yr Vet-FAA at price paid,ups-auction-ladder,FALSE,DL-T3,1,,idp-linear-1source,1.0,1.0,
Dorian Strong,CB,BUF,24.4,FA,,,,,,,1.0,1.1,1.0,1.1,0.0,n/a - auction win = 1yr Vet-FAA at price paid,ups-auction-ladder,FALSE,DB-T2,1,,idp-linear-1source,1.0,1.0,
Dorian Williams,LB,BUF,25.1,FA,,,,,,,1.0,1.1,1.0,1.1,0.0,n/a - auction win = 1yr Vet-FAA at price paid,ups-auction-ladder,FALSE,LB-T2,1,,idp-linear-1source,1.0,1.0,
Drake Thomas,LB,SEA,26.4,FA,,,,,,,1.0,1.0,1.0,1.0,0.0,n/a - auction win = 1yr Vet-FAA at price paid,ups-auction-ladder,FALSE,LB-T2,1,,idp-linear-1source,1.0,1.0,
Dre'Mont Jones,DE,NEP,29.5,FA,,,,,,,1.0,0.9,1.0,0.9,0.0,n/a - auction win = 1yr Vet-FAA at price paid,ups-auction-ladder,FALSE,DL-T3,1,,idp-linear-1source,1.0,1.0,
Drew Sanders,LB,DEN,24.6,FA,,,,,,,1.0,1.1,1.0,1.1,0.0,n/a - auction win = 1yr Vet-FAA at price paid,ups-auction-ladder,FALSE,LB-T2,1,,idp-linear-1source,1.0,1.0,
Drue Tranquill,LB,KCC,30.9,FA,,,,,,,1.0,0.9,1.0,0.9,0.0,n/a - auction win = 1yr Vet-FAA at price paid,ups-auction-ladder,FALSE,LB-T2,1,,idp-linear-1source,1.0,1.0,
Dwight McGlothern,CB,MIN,24.5,FA,,,,,,,1.0,1.1,1.0,1.1,0.0,n/a - auction win = 1yr Vet-FAA at price paid,ups-auction-ladder,FALSE,DB-T2,1,,idp-linear-1source,1.0,1.0,
Dylan Horton,DE,HOU,25.9,FA,,,,,,,1.0,1.0,1.0,1.0,0.0,n/a - auction win = 1yr Vet-FAA at price paid,ups-auction-ladder,FALSE,DL-T3,1,,idp-linear-1source,1.0,1.0,
E.J. Speed,LB,HOU,31.1,FA,,,,,,,1.0,0.9,1.0,0.9,0.0,n/a - auction win = 1yr Vet-FAA at price paid,ups-auction-ladder,FALSE,LB-T2,1,,idp-linear-1source,1.0,1.0,
Ed Oliver,DT,BUF,28.6,FA,,,,,,,1.0,1.0,1.0,1.0,0.0,n/a - auction win = 1yr Vet-FAA at price paid,ups-auction-ladder,FALSE,DL-T3,1,,idp-linear-1source,1.0,1.0,
Eddie Goldman,DT,WAS,32.5,FA,,,,,,,1.0,0.8,1.0,0.8,0.0,n/a - auction win = 1yr Vet-FAA at price paid,ups-auction-ladder,FALSE,DL-T3,1,,idp-linear-1source,1.0,1.0,
Eddy Pineiro,PK,SFO,30.9,FA,,,,,,,1.0,0.9,1.0,0.9,0.0,n/a - auction win = 1yr Vet-FAA at price paid,ups-auction-ladder,FALSE,PK-T1,1,,none,1.0,1.0,
Elijah Campbell,S,NYG,30.9,FA,,,,,,,1.0,0.9,1.0,0.9,0.0,n/a - auction win = 1yr Vet-FAA at price paid,ups-auction-ladder,FALSE,DB-T2,1,,idp-linear-1source,1.0,1.0,
Elijah Hicks,S,CHI,26.8,FA,,,,,,,1.0,1.0,1.0,1.0,0.0,n/a - auction win = 1yr Vet-FAA at price paid,ups-auction-ladder,FALSE,DB-T2,1,,idp-linear-1source,1.0,1.0,
Elijah Molden,S,LAC,27.5,FA,,,,,,,1.0,1.0,1.0,1.0,0.0,n/a - auction win = 1yr Vet-FAA at price paid,ups-auction-ladder,FALSE,DB-T2,1,,idp-linear-1source,1.0,1.0,
Elijah Roberts,DT,TBB,24.6,FA,,,,,,,1.0,1.1,1.0,1.1,0.0,n/a - auction win = 1yr Vet-FAA at price paid,ups-auction-ladder,FALSE,DL-T3,1,,idp-linear-1source,1.0,1.0,
Emmanuel Forbes,CB,LAR,25.5,FA,,,,,,,1.0,1.0,1.0,1.0,0.0,n/a - auction win = 1yr Vet-FAA at price paid,ups-auction-ladder,FALSE,DB-T2,1,,idp-linear-1source,1.0,1.0,
Ennis Rakestraw,CB,DET,24.1,FA,,,,,,,1.0,1.1,1.0,1.1,0.0,n/a - auction win = 1yr Vet-FAA at price paid,ups-auction-ladder,FALSE,DB-T2,1,,idp-linear-1source,1.0,1.0,
Eric Murray,S,JAC,32.5,FA,,,,,,,1.0,0.8,1.0,0.8,0.0,n/a - auction win = 1yr Vet-FAA at price paid,ups-auction-ladder,FALSE,DB-T2,1,,idp-linear-1source,1.0,1.0,
Eric Stokes,CB,LVR,27.4,FA,,,,,,,1.0,1.0,1.0,1.0,0.0,n/a - auction win = 1yr Vet-FAA at price paid,ups-auction-ladder,FALSE,DB-T2,1,,idp-linear-1source,1.0,1.0,
Eric Wilson,LB,MIN,31.8,FA,,,,,,,1.0,0.9,1.0,0.9,0.0,n/a - auction win = 1yr Vet-FAA at price paid,ups-auction-ladder,FALSE,LB-T2,1,,idp-linear-1source,1.0,1.0,
Ethan Evans,PN,LAR,25.0,FA,,,,,,,1.0,1.1,1.0,1.1,0.0,n/a - auction win = 1yr Vet-FAA at price paid,ups-auction-ladder,FALSE,PN-T1,1,,none,1.0,1.0,
Evan Williams,S,GBP,25.0,FA,,,,,,,1.0,1.1,1.0,1.1,0.0,n/a - auction win = 1yr Vet-FAA at price paid,ups-auction-ladder,FALSE,DB-T2,1,,idp-linear-1source,1.0,1.0,
Fadil Diggs,DE,NOS,24.8,FA,,,,,,,1.0,1.1,1.0,1.1,0.0,n/a - auction win = 1yr Vet-FAA at price paid,ups-auction-ladder,FALSE,DL-T3,1,,idp-linear-1source,1.0,1.0,
Felix Anudike-Uzomah,DE,KCC,24.5,FA,,,,,,,1.0,1.1,1.0,1.1,0.0,n/a - auction win = 1yr Vet-FAA at price paid,ups-auction-ladder,FALSE,DL-T3,1,,idp-linear-1source,1.0,1.0,
Foley Fatukasi,DT,HOU,31.4,FA,,,,,,,1.0,0.9,1.0,0.9,0.0,n/a - auction win = 1yr Vet-FAA at price paid,ups-auction-ladder,FALSE,DL-T3,1,,idp-linear-1source,1.0,1.0,
Francisco Mauigoa,LB,NYJ,23.4,FA,,,,,,,1.0,1.1,1.0,1.1,0.0,n/a - auction win = 1yr Vet-FAA at price paid,ups-auction-ladder,FALSE,LB-T2,1,,idp-linear-1source,1.0,1.0,
Frankie Luvu,LB,WAS,29.8,FA,,,,,,,1.0,0.9,1.0,0.9,0.0,n/a - auction win = 1yr Vet-FAA at price paid,ups-auction-ladder,FALSE,LB-T2,2,0.0,idp-linear-1source,1.0,1.0,41.4
Garrett Williams,CB,ARI,25.1,FA,,,,,,,1.0,1.1,1.0,1.1,0.0,n/a - auction win = 1yr Vet-FAA at price paid,ups-auction-ladder,FALSE,DB-T2,1,,idp-linear-1source,1.0,1.0,
Genesis Smith,S,LAC,,FA,,,,,,,1.0,1.0,1.0,1.0,0.0,n/a - auction win = 1yr Vet-FAA at price paid,ups-auction-ladder,FALSE,DB-T2,1,,idp-linear-1source,1.0,1.0,
Geno Stone,S,BUF,27.3,FA,,,,,,,1.0,1.0,1.0,1.0,0.0,n/a - auction win = 1yr Vet-FAA at price paid,ups-auction-ladder,FALSE,DB-T2,1,,idp-linear-1source,1.0,1.0,
Gervon Dexter,DT,CHI,24.8,FA,,,,,,,1.0,1.1,1.0,1.1,0.0,n/a - auction win = 1yr Vet-FAA at price paid,ups-auction-ladder,FALSE,DL-T3,1,,idp-linear-1source,1.0,1.0,
Grady Jarrett,DT,CHI,33.2,FA,,,,,,,1.0,0.8,1.0,0.8,0.0,n/a - auction win = 1yr Vet-FAA at price paid,ups-auction-ladder,FALSE,DL-T3,1,,idp-linear-1source,1.0,1.0,
Grant Delpit,S,CLE,27.8,FA,,,,,,,1.0,1.0,1.0,1.0,0.0,n/a - auction win = 1yr Vet-FAA at price paid,ups-auction-ladder,FALSE,DB-T2,1,,idp-linear-1source,1.0,1.0,
Grant Stuard,LB,LAR,27.8,FA,,,,,,,1.0,1.0,1.0,1.0,0.0,n/a - auction win = 1yr Vet-FAA at price paid,ups-auction-ladder,FALSE,LB-T2,1,,idp-linear-1source,1.0,1.0,
Greg Newsome,CB,NYG,26.2,FA,,,,,,,1.0,1.0,1.0,1.0,0.0,n/a - auction win = 1yr Vet-FAA at price paid,ups-auction-ladder,FALSE,DB-T2,1,,idp-linear-1source,1.0,1.0,
Grover Stewart,DT,IND,32.8,FA,,,,,,,1.0,0.8,1.0,0.8,0.0,n/a - auction win = 1yr Vet-FAA at price paid,ups-auction-ladder,FALSE,DL-T3,1,,idp-linear-1source,1.0,1.0,
Harold Landry,DE,NEP,30.1,FA,,,,,,,1.0,0.9,1.0,0.9,0.0,n/a - auction win = 1yr Vet-FAA at price paid,ups-auction-ladder,FALSE,DL-T3,1,,idp-linear-1source,1.0,1.0,
Harrison Butker,PK,KCC,31.0,FA,,,,,,,1.0,0.9,1.0,0.9,0.0,n/a - auction win = 1yr Vet-FAA at price paid,ups-auction-ladder,FALSE,PK-T1,1,,none,1.0,1.0,
Harrison Phillips,DT,NYJ,30.5,FA,,,,,,,1.0,0.9,1.0,0.9,0.0,n/a - auction win = 1yr Vet-FAA at price paid,ups-auction-ladder,FALSE,DL-T3,1,,idp-linear-1source,1.0,1.0,
Henry To'oTo'o,LB,HOU,25.5,FA,,,,,,,1.0,1.0,1.0,1.0,0.0,n/a - auction win = 1yr Vet-FAA at price paid,ups-auction-ladder,FALSE,LB-T2,1,,idp-linear-1source,1.0,1.0,
Hunter Wohler,S,IND,23.5,FA,,,,,,,1.0,1.1,1.0,1.1,0.0,n/a - auction win = 1yr Vet-FAA at price paid,ups-auction-ladder,FALSE,DB-T2,1,,idp-linear-1source,1.0,1.0,
Isaac Yiadom,CB,NOS,30.4,FA,,,,,,,1.0,0.9,1.0,0.9,0.0,n/a - auction win = 1yr Vet-FAA at price paid,ups-auction-ladder,FALSE,DB-T2,1,,idp-linear-1source,1.0,1.0,
Isaiah McDuffie,LB,GBP,27.0,FA,,,,,,,1.0,1.0,1.0,1.0,0.0,n/a - auction win = 1yr Vet-FAA at price paid,ups-auction-ladder,FALSE,LB-T2,1,,idp-linear-1source,1.0,1.0,
Isaiah McGuire,DE,CLE,25.0,FA,,,,,,,1.0,1.1,1.0,1.1,0.0,n/a - auction win = 1yr Vet-FAA at price paid,ups-auction-ladder,FALSE,DL-T3,1,,idp-linear-1source,1.0,1.0,
Isaiah Oliver,S,ARI,29.8,FA,,,,,,,1.0,0.9,1.0,0.9,0.0,n/a - auction win = 1yr Vet-FAA at price paid,ups-auction-ladder,FALSE,DB-T2,1,,idp-linear-1source,1.0,1.0,
Isaiah Pola-Mao,S,LVR,27.1,FA,,,,,,,1.0,1.0,1.0,1.0,0.0,n/a - auction win = 1yr Vet-FAA at price paid,ups-auction-ladder,FALSE,DB-T2,1,,idp-linear-1source,1.0,1.0,
Isaiah Rodgers,CB,MIN,28.5,FA,,,,,,,1.0,1.0,1.0,1.0,0.0,n/a - auction win = 1yr Vet-FAA at price paid,ups-auction-ladder,FALSE,DB-T2,1,,idp-linear-1source,1.0,1.0,
Isaiah Stalbird,LB,NOS,26.0,FA,,,,,,,1.0,1.0,1.0,1.0,0.0,n/a - auction win = 1yr Vet-FAA at price paid,ups-auction-ladder,FALSE,LB-T2,1,,idp-linear-1source,1.0,1.0,
Ivan Pace,LB,MIN,25.6,FA,,,,,,,1.0,1.0,1.0,1.0,0.0,n/a - auction win = 1yr Vet-FAA at price paid,ups-auction-ladder,FALSE,LB-T2,1,,idp-linear-1source,1.0,1.0,
J.K. Scott,PN,LAC,30.7,FA,,,,,,,1.0,0.9,1.0,0.9,0.0,n/a - auction win = 1yr Vet-FAA at price paid,ups-auction-ladder,FALSE,PN-T1,1,,none,1.0,1.0,
JD Bertrand,LB,ATL,26.2,FA,,,,,,,1.0,1.0,1.0,1.0,0.0,n/a - auction win = 1yr Vet-FAA at price paid,ups-auction-ladder,FALSE,LB-T2,1,,idp-linear-1source,1.0,1.0,
JL Skinner,S,DEN,25.3,FA,,,,,,,1.0,1.1,1.0,1.1,0.0,n/a - auction win = 1yr Vet-FAA at price paid,ups-auction-ladder,FALSE,DB-T2,1,,idp-linear-1source,1.0,1.0,
JT Tuimoloau,DE,IND,23.2,FA,,,,,,,1.0,1.1,1.0,1.1,0.0,n/a - auction win = 1yr Vet-FAA at price paid,ups-auction-ladder,FALSE,DL-T3,1,,idp-linear-1source,1.0,1.0,
Ja'Quan McMillian,CB,DEN,26.1,FA,,,,,,,1.0,1.0,1.0,1.0,0.0,n/a - auction win = 1yr Vet-FAA at price paid,ups-auction-ladder,FALSE,DB-T2,1,,idp-linear-1source,1.0,1.0,
Jack Cochrane,LB,KCC,27.5,FA,,,,,,,1.0,1.0,1.0,1.0,0.0,n/a - auction win = 1yr Vet-FAA at price paid,ups-auction-ladder,FALSE,LB-T2,1,,idp-linear-1source,1.0,1.0,
Jack Fox,PN,DET,29.9,FA,,,,,,,1.0,0.9,1.0,0.9,0.0,n/a - auction win = 1yr Vet-FAA at price paid,ups-auction-ladder,FALSE,PN-T1,1,,none,1.0,1.0,
Jack Gibbens,LB,ARI,27.7,FA,,,,,,,1.0,1.0,1.0,1.0,0.0,n/a - auction win = 1yr Vet-FAA at price paid,ups-auction-ladder,FALSE,LB-T2,1,,idp-linear-1source,1.0,1.0,
Jack Kiser,LB,JAC,25.9,FA,,,,,,,1.0,1.0,1.0,1.0,0.0,n/a - auction win = 1yr Vet-FAA at price paid,ups-auction-ladder,FALSE,LB-T2,1,,idp-linear-1source,1.0,1.0,
Jack Sanborn,LB,CHI,26.0,FA,,,,,,,1.0,1.0,1.0,1.0,0.0,n/a - auction win = 1yr Vet-FAA at price paid,ups-auction-ladder,FALSE,LB-T2,1,,idp-linear-1source,1.0,1.0,
Jack Sawyer,DE,PIT,24.2,FA,,,,,,,1.0,1.1,1.0,1.1,0.0,n/a - auction win = 1yr Vet-FAA at price paid,ups-auction-ladder,FALSE,DL-T3,1,,idp-linear-1source,1.0,1.0,
Jacob Parrish,CB,TBB,22.4,FA,,,,,,,1.0,1.1,1.0,1.1,0.0,n/a - auction win = 1yr Vet-FAA at price paid,ups-auction-ladder,FALSE,DB-T2,1,,idp-linear-1source,1.0,1.0,
Jaden Hicks,S,KCC,23.9,FA,,,,,,,1.0,1.1,1.0,1.1,0.0,n/a - auction win = 1yr Vet-FAA at price paid,ups-auction-ladder,FALSE,DB-T2,1,,idp-linear-1source,1.0,1.0,
Jaelan Phillips,DE,CAR,27.2,FA,,,,,,,1.0,1.0,1.0,1.0,0.0,n/a - auction win = 1yr Vet-FAA at price paid,ups-auction-ladder,FALSE,DL-T3,1,,idp-linear-1source,1.0,1.0,
Jaishawn Barham,LB,DAL,,FA,,,,,,,1.0,1.0,1.0,1.0,0.0,n/a - auction win = 1yr Vet-FAA at price paid,ups-auction-ladder,FALSE,LB-T2,1,,idp-linear-1source,1.0,1.0,
Jake Bailey,PN,ATL,29.1,FA,,,,,,,1.0,0.9,1.0,0.9,0.0,n/a - auction win = 1yr Vet-FAA at price paid,ups-auction-ladder,FALSE,PN-T1,1,,none,1.0,1.0,
Jake Elliott,PK,PHI,31.5,FA,,,,,,,1.0,0.9,1.0,0.9,0.0,n/a - auction win = 1yr Vet-FAA at price paid,ups-auction-ladder,FALSE,PK-T1,1,,none,1.0,1.0,
Jake Hansen,LB,HOU,28.1,FA,,,,,,,1.0,1.0,1.0,1.0,0.0,n/a - auction win = 1yr Vet-FAA at price paid,ups-auction-ladder,FALSE,LB-T2,1,,idp-linear-1source,1.0,1.0,
Jake Martin,DE,TEN,30.6,FA,,,,,,,1.0,0.9,1.0,0.9,0.0,n/a - auction win = 1yr Vet-FAA at price paid,ups-auction-ladder,FALSE,DL-T3,1,,idp-linear-1source,1.0,1.0,
Jake Moody,PK,WAS,26.7,FA,,,,,,,1.0,1.0,1.0,1.0,0.0,n/a - auction win = 1yr Vet-FAA at price paid,ups-auction-ladder,FALSE,PK-T1,1,,none,1.0,1.0,
Jakobe Thomas,S,MIN,23.1,FA,,,,,,,1.0,1.1,1.0,1.1,0.0,n/a - auction win = 1yr Vet-FAA at price paid,ups-auction-ladder,FALSE,DB-T2,1,,idp-linear-1source,1.0,1.0,
Jalen Davis,CB,CIN,30.5,FA,,,,,,,1.0,0.9,1.0,0.9,0.0,n/a - auction win = 1yr Vet-FAA at price paid,ups-auction-ladder,FALSE,DB-T2,1,,idp-linear-1source,1.0,1.0,
Jalen Huskey,S,JAC,,FA,,,,,,,1.0,1.0,1.0,1.0,0.0,n/a - auction win = 1yr Vet-FAA at price paid,ups-auction-ladder,FALSE,DB-T2,1,,idp-linear-1source,1.0,1.0,
Jalen McLeod,DE,JAC,24.1,FA,,,,,,,1.0,1.1,1.0,1.1,0.0,n/a - auction win = 1yr Vet-FAA at price paid,ups-auction-ladder,FALSE,DL-T3,1,,idp-linear-1source,1.0,1.0,
Jalen Pitre,S,HOU,27.1,FA,,,,,,,1.0,1.0,1.0,1.0,0.0,n/a - auction win = 1yr Vet-FAA at price paid,ups-auction-ladder,FALSE,DB-T2,1,,idp-linear-1source,1.0,1.0,
Jalen Ramsey,CB,PIT,31.7,FA,,,,,,,1.0,0.9,1.0,0.9,0.0,n/a - auction win = 1yr Vet-FAA at price paid,ups-auction-ladder,FALSE,DB-T2,1,,idp-linear-1source,1.0,1.0,
Jalen Redmond,DT,MIN,27.4,FA,,,,,,,1.0,1.0,1.0,1.0,0.0,n/a - auction win = 1yr Vet-FAA at price paid,ups-auction-ladder,FALSE,DL-T3,1,,idp-linear-1source,1.0,1.0,
Jalen Thompson,S,DAL,28.0,FA,,,,,,,1.0,1.0,1.0,1.0,0.0,n/a - auction win = 1yr Vet-FAA at price paid,ups-auction-ladder,FALSE,DB-T2,1,,idp-linear-1source,1.0,1.0,
Jalon Kilgore,S,BUF,,FA,,,,,,,1.0,1.0,1.0,1.0,0.0,n/a - auction win = 1yr Vet-FAA at price paid,ups-auction-ladder,FALSE,DB-T2,1,,idp-linear-1source,1.0,1.0,
Jalyn Armour-Davis,CB,TEN,26.9,FA,,,,,,,1.0,1.0,1.0,1.0,0.0,n/a - auction win = 1yr Vet-FAA at price paid,ups-auction-ladder,FALSE,DB-T2,1,,idp-linear-1source,1.0,1.0,
Jalyx Hunt,DE,PHI,25.4,FA,,,,,,,1.0,1.0,1.0,1.0,0.0,n/a - auction win = 1yr Vet-FAA at price paid,ups-auction-ladder,FALSE,DL-T3,1,,idp-linear-1source,1.0,1.0,
Jamal Hill,LB,HOU,25.3,FA,,,,,,,1.0,1.1,1.0,1.1,0.0,n/a - auction win = 1yr Vet-FAA at price paid,ups-auction-ladder,FALSE,LB-T2,1,,idp-linear-1source,1.0,1.0,
Jamaree Caldwell,DT,LAC,25.9,FA,,,,,,,1.0,1.0,1.0,1.0,0.0,n/a - auction win = 1yr Vet-FAA at price paid,ups-auction-ladder,FALSE,DL-T3,1,,idp-linear-1source,1.0,1.0,
Jamel Dean,CB,PIT,29.8,FA,,,,,,,1.0,0.9,1.0,0.9,0.0,n/a - auction win = 1yr Vet-FAA at price paid,ups-auction-ladder,FALSE,DB-T2,1,,idp-linear-1source,1.0,1.0,
James Lynch,DT,CHI,27.5,FA,,,,,,,1.0,1.0,1.0,1.0,0.0,n/a - auction win = 1yr Vet-FAA at price paid,ups-auction-ladder,FALSE,DL-T3,1,,idp-linear-1source,1.0,1.0,
James Pierre,CB,MIN,29.8,FA,,,,,,,1.0,0.9,1.0,0.9,0.0,n/a - auction win = 1yr Vet-FAA at price paid,ups-auction-ladder,FALSE,DB-T2,1,,idp-linear-1source,1.0,1.0,
James Williams,LB,TEN,23.4,FA,,,,,,,1.0,1.1,1.0,1.1,0.0,n/a - auction win = 1yr Vet-FAA at price paid,ups-auction-ladder,FALSE,LB-T2,1,,idp-linear-1source,1.0,1.0,
Jammie Robinson,S,ATL,25.5,FA,,,,,,,1.0,1.0,1.0,1.0,0.0,n/a - auction win = 1yr Vet-FAA at price paid,ups-auction-ladder,FALSE,DB-T2,1,,idp-linear-1source,1.0,1.0,
Jaquan Brisker,S,PIT,27.3,FA,,,,,,,1.0,1.0,1.0,1.0,0.0,n/a - auction win = 1yr Vet-FAA at price paid,ups-auction-ladder,FALSE,DB-T2,2,0.0,idp-linear-1source,1.0,1.0,39.0
Jarran Reed,DT,SEA,33.6,FA,,,,,,,1.0,0.8,1.0,0.8,0.0,n/a - auction win = 1yr Vet-FAA at price paid,ups-auction-ladder,FALSE,DL-T3,1,,idp-linear-1source,1.0,1.0,
Jarrian Jones,CB,JAC,25.2,FA,,,,,,,1.0,1.1,1.0,1.1,0.0,n/a - auction win = 1yr Vet-FAA at price paid,ups-auction-ladder,FALSE,DB-T2,1,,idp-linear-1source,1.0,1.0,
Jarvis Brownlee,CB,NYJ,25.0,FA,,,,,,,1.0,1.1,1.0,1.1,0.0,n/a - auction win = 1yr Vet-FAA at price paid,ups-auction-ladder,FALSE,DB-T2,1,,idp-linear-1source,1.0,1.0,
Jason Marshall,CB,MIA,23.9,FA,,,,,,,1.0,1.1,1.0,1.1,0.0,n/a - auction win = 1yr Vet-FAA at price paid,ups-auction-ladder,FALSE,DB-T2,1,,idp-linear-1source,1.0,1.0,
Jason Myers,PK,SEA,35.2,FA,,,,,,,1.0,0.8,1.0,0.8,0.0,n/a - auction win = 1yr Vet-FAA at price paid,ups-auction-ladder,FALSE,PK-T1,1,,none,1.0,1.0,
Jason Pinnock,S,NYG,27.1,FA,,,,,,,1.0,1.0,1.0,1.0,0.0,n/a - auction win = 1yr Vet-FAA at price paid,ups-auction-ladder,FALSE,DB-T2,1,,idp-linear-1source,1.0,1.0,
Jason Sanders,PK,NYJ,30.7,FA,,,,,,,1.0,0.9,1.0,0.9,0.0,n/a - auction win = 1yr Vet-FAA at price paid,ups-auction-ladder,FALSE,PK-T1,1,,none,1.0,1.0,
Javon Hargrave,DT,GBP,33.5,FA,,,,,,,1.0,0.8,1.0,0.8,0.0,n/a - auction win = 1yr Vet-FAA at price paid,ups-auction-ladder,FALSE,DL-T3,1,,idp-linear-1source,1.0,1.0,
Javon Kinlaw,DT,WAS,28.8,FA,,,,,,,1.0,0.9,1.0,0.9,0.0,n/a - auction win = 1yr Vet-FAA at price paid,ups-auction-ladder,FALSE,DL-T3,1,,idp-linear-1source,1.0,1.0,
Javontae Jean-Baptiste,DE,WAS,26.2,FA,,,,,,,1.0,1.0,1.0,1.0,0.0,n/a - auction win = 1yr Vet-FAA at price paid,ups-auction-ladder,FALSE,DL-T3,1,,idp-linear-1source,1.0,1.0,
Jay Higgins,LB,BAL,24.4,FA,,,,,,,1.0,1.1,1.0,1.1,0.0,n/a - auction win = 1yr Vet-FAA at price paid,ups-auction-ladder,FALSE,LB-T2,1,,idp-linear-1source,1.0,1.0,
Jay Tufele,DT,DET,27.0,FA,,,,,,,1.0,1.0,1.0,1.0,0.0,n/a - auction win = 1yr Vet-FAA at price paid,ups-auction-ladder,FALSE,DL-T3,1,,idp-linear-1source,1.0,1.0,
Jay Ward,S,MIN,26.0,FA,,,,,,,1.0,1.0,1.0,1.0,0.0,n/a - auction win = 1yr Vet-FAA at price paid,ups-auction-ladder,FALSE,DB-T2,1,,idp-linear-1source,1.0,1.0,
Jaycee Horn,CB,CAR,26.7,FA,,,,,,,1.0,1.0,1.0,1.0,0.0,n/a - auction win = 1yr Vet-FAA at price paid,ups-auction-ladder,FALSE,DB-T2,1,,idp-linear-1source,1.0,1.0,
Jaylan Ford,LB,NOS,24.6,FA,,,,,,,1.0,1.1,1.0,1.1,0.0,n/a - auction win = 1yr Vet-FAA at price paid,ups-auction-ladder,FALSE,LB-T2,1,,idp-linear-1source,1.0,1.0,
Jaylen McCollough,S,LAR,25.8,FA,,,,,,,1.0,1.0,1.0,1.0,0.0,n/a - auction win = 1yr Vet-FAA at price paid,ups-auction-ladder,FALSE,DB-T2,1,,idp-linear-1source,1.0,1.0,
Jaylen Reed,S,HOU,23.5,FA,,,,,,,1.0,1.1,1.0,1.1,0.0,n/a - auction win = 1yr Vet-FAA at price paid,ups-auction-ladder,FALSE,DB-T2,1,,idp-linear-1source,1.0,1.0,
Jaylen Watson,CB,LAR,27.8,FA,,,,,,,1.0,1.0,1.0,1.0,0.0,n/a - auction win = 1yr Vet-FAA at price paid,ups-auction-ladder,FALSE,DB-T2,1,,idp-linear-1source,1.0,1.0,
Jaylin Simpson,CB,GBP,26.3,FA,,,,,,,1.0,1.0,1.0,1.0,0.0,n/a - auction win = 1yr Vet-FAA at price paid,ups-auction-ladder,FALSE,DB-T2,1,,idp-linear-1source,1.0,1.0,
Jaylin Smith,CB,HOU,22.7,FA,,,,,,,1.0,1.1,1.0,1.1,0.0,n/a - auction win = 1yr Vet-FAA at price paid,ups-auction-ladder,FALSE,DB-T2,1,,idp-linear-1source,1.0,1.0,
Jaylinn Hawkins,S,BAL,28.9,FA,,,,,,,1.0,0.9,1.0,0.9,0.0,n/a - auction win = 1yr Vet-FAA at price paid,ups-auction-ladder,FALSE,DB-T2,1,,idp-linear-1source,1.0,1.0,
Jaylon Carlies,LB,IND,24.9,FA,,,,,,,1.0,1.1,1.0,1.1,0.0,n/a - auction win = 1yr Vet-FAA at price paid,ups-auction-ladder,FALSE,LB-T2,1,,idp-linear-1source,1.0,1.0,
Jaylon Johnson,CB,CHI,27.3,FA,,,,,,,1.0,1.0,1.0,1.0,0.0,n/a - auction win = 1yr Vet-FAA at price paid,ups-auction-ladder,FALSE,DB-T2,1,,idp-linear-1source,1.0,1.0,
Jaylon Jones,CB,CHI,28.8,FA,,,,,,,1.0,0.9,1.0,0.9,0.0,n/a - auction win = 1yr Vet-FAA at price paid,ups-auction-ladder,FALSE,DB-T2,1,,idp-linear-1source,1.0,1.0,
Jeff Okudah,CB,MIN,27.5,FA,,,,,,,1.0,1.0,1.0,1.0,0.0,n/a - auction win = 1yr Vet-FAA at price paid,ups-auction-ladder,FALSE,DB-T2,1,,idp-linear-1source,1.0,1.0,
Jeffrey Bassa,LB,KCC,23.8,FA,,,,,,,1.0,1.1,1.0,1.1,0.0,n/a - auction win = 1yr Vet-FAA at price paid,ups-auction-ladder,FALSE,LB-T2,1,,idp-linear-1source,1.0,1.0,
Jeremiah Trotter Jr.,LB,PHI,23.6,FA,,,,,,,1.0,1.1,1.0,1.1,0.0,n/a - auction win = 1yr Vet-FAA at price paid,ups-auction-ladder,FALSE,LB-T2,1,,idp-linear-1source,1.0,1.0,
Jeremy Chinn,S,LVR,28.4,FA,,,,,,,1.0,1.0,1.0,1.0,0.0,n/a - auction win = 1yr Vet-FAA at price paid,ups-auction-ladder,FALSE,DB-T2,2,0.0,idp-linear-1source,1.0,1.0,43.4
Jeremy Crawshaw,PN,DEN,25.2,FA,,,,,,,1.0,1.1,1.0,1.1,0.0,n/a - auction win = 1yr Vet-FAA at price paid,ups-auction-ladder,FALSE,PN-T1,1,,none,1.0,1.0,
Jeremy Reaves,S,WAS,29.9,FA,,,,,,,1.0,0.9,1.0,0.9,0.0,n/a - auction win = 1yr Vet-FAA at price paid,ups-auction-ladder,FALSE,DB-T2,1,,idp-linear-1source,1.0,1.0,
Jermaine Johnson,DE,TEN,27.5,FA,,,,,,,1.0,1.0,1.0,1.0,0.0,n/a - auction win = 1yr Vet-FAA at price paid,ups-auction-ladder,FALSE,DL-T3,2,0.0,idp-linear-1source,1.0,1.0,38.7
Jermod McCoy,CB,LVR,,FA,,,,,,,1.0,1.0,1.0,1.0,0.0,n/a - auction win = 1yr Vet-FAA at price paid,ups-auction-ladder,FALSE,DB-T2,1,,idp-linear-1source,1.0,1.0,
Jevon Holland,S,NYG,26.4,FA,,,,,,,1.0,1.0,1.0,1.0,0.0,n/a - auction win = 1yr Vet-FAA at price paid,ups-auction-ladder,FALSE,DB-T2,1,,idp-linear-1source,1.0,1.0,
Ji'Ayir Brown,S,SFO,26.5,FA,,,,,,,1.0,1.0,1.0,1.0,0.0,n/a - auction win = 1yr Vet-FAA at price paid,ups-auction-ladder,FALSE,DB-T2,1,,idp-linear-1source,1.0,1.0,
Jihad Ward,DT,TEN,32.2,FA,,,,,,,1.0,0.8,1.0,0.8,0.0,n/a - auction win = 1yr Vet-FAA at price paid,ups-auction-ladder,FALSE,DL-T3,1,,idp-linear-1source,1.0,1.0,
Jimmy Rolder,LB,DET,22.5,FA,,,,,,,1.0,1.1,1.0,1.1,0.0,n/a - auction win = 1yr Vet-FAA at price paid,ups-auction-ladder,FALSE,LB-T2,1,,idp-linear-1source,1.0,1.0,
Joe Andreessen,LB,BUF,26.5,FA,,,,,,,1.0,1.0,1.0,1.0,0.0,n/a - auction win = 1yr Vet-FAA at price paid,ups-auction-ladder,FALSE,LB-T2,1,,idp-linear-1source,1.0,1.0,
Joe Giles-Harris,LB,CIN,29.3,FA,,,,,,,1.0,0.9,1.0,0.9,0.0,n/a - auction win = 1yr Vet-FAA at price paid,ups-auction-ladder,FALSE,LB-T2,1,,idp-linear-1source,1.0,1.0,
Joey Blount,S,ARI,27.7,FA,,,,,,,1.0,1.0,1.0,1.0,0.0,n/a - auction win = 1yr Vet-FAA at price paid,ups-auction-ladder,FALSE,DB-T2,1,,idp-linear-1source,1.0,1.0,
Joey Porter Jr.,CB,PIT,26.0,FA,,,,,,,1.0,1.0,1.0,1.0,0.0,n/a - auction win = 1yr Vet-FAA at price paid,ups-auction-ladder,FALSE,DB-T2,1,,idp-linear-1source,1.0,1.0,
Joey Slye,PK,TEN,30.3,FA,,,,,,,1.0,0.9,1.0,0.9,0.0,n/a - auction win = 1yr Vet-FAA at price paid,ups-auction-ladder,FALSE,PK-T1,1,,none,1.0,1.0,
John Franklin-Myers,DT,TEN,29.8,FA,,,,,,,1.0,0.9,1.0,0.9,0.0,n/a - auction win = 1yr Vet-FAA at price paid,ups-auction-ladder,FALSE,DL-T3,1,,idp-linear-1source,1.0,1.0,
John Jenkins,DT,BAL,37.0,FA,,,,,,,1.0,0.7,1.0,0.7,0.0,n/a - auction win = 1yr Vet-FAA at price paid,ups-auction-ladder,FALSE,DL-T3,1,,idp-linear-1source,1.0,1.0,
Johnny Hekker,PN,MIN,36.5,FA,,,,,,,1.0,0.7,1.0,0.7,0.0,n/a - auction win = 1yr Vet-FAA at price paid,ups-auction-ladder,FALSE,PN-T1,1,,none,1.0,1.0,
Jonah Elliss,DE,DEN,23.3,FA,,,,,,,1.0,1.1,1.0,1.1,0.0,n/a - auction win = 1yr Vet-FAA at price paid,ups-auction-ladder,FALSE,DL-T3,1,,idp-linear-1source,1.0,1.0,
Jonah Laulu,DT,LVR,26.1,FA,,,,,,,1.0,1.0,1.0,1.0,0.0,n/a - auction win = 1yr Vet-FAA at price paid,ups-auction-ladder,FALSE,DL-T3,1,,idp-linear-1source,1.0,1.0,
Jonas Sanker,S,NOS,23.7,FA,,,,,,,1.0,1.1,1.0,1.1,0.0,n/a - auction win = 1yr Vet-FAA at price paid,ups-auction-ladder,FALSE,DB-T2,1,,idp-linear-1source,1.0,1.0,
Jonathan Allen,DT,CIN,31.5,FA,,,,,,,1.0,0.9,1.0,0.9,0.0,n/a - auction win = 1yr Vet-FAA at price paid,ups-auction-ladder,FALSE,DL-T3,1,,idp-linear-1source,1.0,1.0,
Jonathan Bullard,DT,DAL,32.8,FA,,,,,,,1.0,0.8,1.0,0.8,0.0,n/a - auction win = 1yr Vet-FAA at price paid,ups-auction-ladder,FALSE,DL-T3,1,,idp-linear-1source,1.0,1.0,
Jonathan Greenard,DE,PHI,29.2,FA,,,,,,,1.0,0.9,1.0,0.9,0.0,n/a - auction win = 1yr Vet-FAA at price paid,ups-auction-ladder,FALSE,DL-T3,1,,idp-linear-1source,1.0,1.0,
Jonathan Jones,CB,PHI,32.8,FA,,,,,,,1.0,0.8,1.0,0.8,0.0,n/a - auction win = 1yr Vet-FAA at price paid,ups-auction-ladder,FALSE,DB-T2,1,,idp-linear-1source,1.0,1.0,
Jonathan Owens,S,IND,31.0,FA,,,,,,,1.0,0.9,1.0,0.9,0.0,n/a - auction win = 1yr Vet-FAA at price paid,ups-auction-ladder,FALSE,DB-T2,1,,idp-linear-1source,1.0,1.0,
Jonathon Cooper,DE,DEN,28.5,FA,,,,,,,1.0,1.0,1.0,1.0,0.0,n/a - auction win = 1yr Vet-FAA at price paid,ups-auction-ladder,FALSE,DL-T3,1,,idp-linear-1source,1.0,1.0,
Jordan Davis,DT,PHI,26.5,FA,,,,,,,1.0,1.0,1.0,1.0,0.0,n/a - auction win = 1yr Vet-FAA at price paid,ups-auction-ladder,FALSE,DL-T3,1,,idp-linear-1source,1.0,1.0,
Jordan Elliott,DT,TEN,28.7,FA,,,,,,,1.0,0.9,1.0,0.9,0.0,n/a - auction win = 1yr Vet-FAA at price paid,ups-auction-ladder,FALSE,DL-T3,1,,idp-linear-1source,1.0,1.0,
Jordan Hancock,S,BUF,22.9,FA,,,,,,,1.0,1.1,1.0,1.1,0.0,n/a - auction win = 1yr Vet-FAA at price paid,ups-auction-ladder,FALSE,DB-T2,1,,idp-linear-1source,1.0,1.0,
Jordan Howden,S,NOS,26.2,FA,,,,,,,1.0,1.0,1.0,1.0,0.0,n/a - auction win = 1yr Vet-FAA at price paid,ups-auction-ladder,FALSE,DB-T2,1,,idp-linear-1source,1.0,1.0,
Jordan Magee,LB,WAS,25.3,FA,,,,,,,1.0,1.1,1.0,1.1,0.0,n/a - auction win = 1yr Vet-FAA at price paid,ups-auction-ladder,FALSE,LB-T2,1,,idp-linear-1source,1.0,1.0,
Jordan Phillips,DT,BUF,33.8,FA,,,,,,,1.0,0.8,1.0,0.8,0.0,n/a - auction win = 1yr Vet-FAA at price paid,ups-auction-ladder,FALSE,DL-T3,1,,idp-linear-1source,1.0,1.0,
Jordan Phillips,DT,MIA,22.1,FA,,,,,,,1.0,1.1,1.0,1.1,0.0,n/a - auction win = 1yr Vet-FAA at price paid,ups-auction-ladder,FALSE,DL-T3,1,,idp-linear-1source,1.0,1.0,
Jordan Poyer,S,BUF,35.2,FA,,,,,,,1.0,0.8,1.0,0.8,0.0,n/a - auction win = 1yr Vet-FAA at price paid,ups-auction-ladder,FALSE,DB-T2,1,,idp-linear-1source,1.0,1.0,
Jordan Stout,PN,NYG,28.0,FA,,,,,,,1.0,1.0,1.0,1.0,0.0,n/a - auction win = 1yr Vet-FAA at price paid,ups-auction-ladder,FALSE,PN-T1,1,,none,1.0,1.0,
Jordon Riley,DT,GBP,28.2,FA,,,,,,,1.0,1.0,1.0,1.0,0.0,n/a - auction win = 1yr Vet-FAA at price paid,ups-auction-ladder,FALSE,DL-T3,1,,idp-linear-1source,1.0,1.0,
Josaiah Stewart,DE,LAR,23.2,FA,,,,,,,1.0,1.1,1.0,1.1,0.0,n/a - auction win = 1yr Vet-FAA at price paid,ups-auction-ladder,FALSE,DL-T3,1,,idp-linear-1source,1.0,1.0,
Joseph Ossai,DE,NYJ,26.3,FA,,,,,,,1.0,1.0,1.0,1.0,0.0,n/a - auction win = 1yr Vet-FAA at price paid,ups-auction-ladder,FALSE,DL-T3,1,,idp-linear-1source,1.0,1.0,
Josh Hayes,CB,TBB,27.2,FA,,,,,,,1.0,1.0,1.0,1.0,0.0,n/a - auction win = 1yr Vet-FAA at price paid,ups-auction-ladder,FALSE,DB-T2,1,,idp-linear-1source,1.0,1.0,
Josh Hines-Allen,DE,JAC,29.0,FA,,,,,,,1.0,0.9,1.0,0.9,0.0,n/a - auction win = 1yr Vet-FAA at price paid,ups-auction-ladder,FALSE,DL-T3,2,0.0,idp-linear-1source,1.0,1.0,40.0
Josh Jobe,CB,SEA,28.3,FA,,,,,,,1.0,1.0,1.0,1.0,0.0,n/a - auction win = 1yr Vet-FAA at price paid,ups-auction-ladder,FALSE,DB-T2,1,,idp-linear-1source,1.0,1.0,
Josh Newton,CB,CIN,25.9,FA,,,,,,,1.0,1.0,1.0,1.0,0.0,n/a - auction win = 1yr Vet-FAA at price paid,ups-auction-ladder,FALSE,DB-T2,1,,idp-linear-1source,1.0,1.0,
Josh Sweat,DE,ARI,29.3,FA,,,,,,,1.0,0.9,1.0,0.9,0.0,n/a - auction win = 1yr Vet-FAA at price paid,ups-auction-ladder,FALSE,DL-T3,1,,idp-linear-1source,1.0,1.0,
Josh Uche,DE,MIA,27.8,FA,,,,,,,1.0,1.0,1.0,1.0,0.0,n/a - auction win = 1yr Vet-FAA at price paid,ups-auction-ladder,FALSE,DL-T3,1,,idp-linear-1source,1.0,1.0,
Joshua Farmer,DT,NEP,23.5,FA,,,,,,,1.0,1.1,1.0,1.1,0.0,n/a - auction win = 1yr Vet-FAA at price paid,ups-auction-ladder,FALSE,DL-T3,1,,idp-linear-1source,1.0,1.0,
Joshua Josephs,DE,WAS,,FA,,,,,,,1.0,1.0,1.0,1.0,0.0,n/a - auction win = 1yr Vet-FAA at price paid,ups-auction-ladder,FALSE,DL-T3,1,,idp-linear-1source,1.0,1.0,
Joshua Williams,CB,TEN,26.8,FA,,,,,,,1.0,1.0,1.0,1.0,0.0,n/a - auction win = 1yr Vet-FAA at price paid,ups-auction-ladder,FALSE,DB-T2,1,,idp-linear-1source,1.0,1.0,
Jourdan Lewis,CB,JAC,30.9,FA,,,,,,,1.0,0.9,1.0,0.9,0.0,n/a - auction win = 1yr Vet-FAA at price paid,ups-auction-ladder,FALSE,DB-T2,1,,idp-linear-1source,1.0,1.0,
Juanyeh Thomas,S,IND,26.1,FA,,,,,,,1.0,1.0,1.0,1.0,0.0,n/a - auction win = 1yr Vet-FAA at price paid,ups-auction-ladder,FALSE,DB-T2,1,,idp-linear-1source,1.0,1.0,
Julian Blackmon,S,NOS,27.9,FA,,,,,,,1.0,1.0,1.0,1.0,0.0,n/a - auction win = 1yr Vet-FAA at price paid,ups-auction-ladder,FALSE,DB-T2,1,,idp-linear-1source,1.0,1.0,
Julian Neal,CB,SEA,,FA,,,,,,,1.0,1.0,1.0,1.0,0.0,n/a - auction win = 1yr Vet-FAA at price paid,ups-auction-ladder,FALSE,DB-T2,1,,idp-linear-1source,1.0,1.0,
Julius Brents,CB,MIA,26.5,FA,,,,,,,1.0,1.0,1.0,1.0,0.0,n/a - auction win = 1yr Vet-FAA at price paid,ups-auction-ladder,FALSE,DB-T2,1,,idp-linear-1source,1.0,1.0,
Junior Colson,LB,LAC,23.6,FA,,,,,,,1.0,1.1,1.0,1.1,0.0,n/a - auction win = 1yr Vet-FAA at price paid,ups-auction-ladder,FALSE,LB-T2,1,,idp-linear-1source,1.0,1.0,
Justin Eboigbe,DT,LAC,25.3,FA,,,,,,,1.0,1.1,1.0,1.1,0.0,n/a - auction win = 1yr Vet-FAA at price paid,ups-auction-ladder,FALSE,DL-T3,1,,idp-linear-1source,1.0,1.0,
Justin Reid,S,NOS,29.4,FA,,,,,,,1.0,0.9,1.0,0.9,0.0,n/a - auction win = 1yr Vet-FAA at price paid,ups-auction-ladder,FALSE,DB-T2,1,,idp-linear-1source,1.0,1.0,
Justin Strnad,LB,DEN,29.9,FA,,,,,,,1.0,0.9,1.0,0.9,0.0,n/a - auction win = 1yr Vet-FAA at price paid,ups-auction-ladder,FALSE,LB-T2,1,,idp-linear-1source,1.0,1.0,
Justin Walley,CB,IND,23.8,FA,,,,,,,1.0,1.1,1.0,1.1,0.0,n/a - auction win = 1yr Vet-FAA at price paid,ups-auction-ladder,FALSE,DB-T2,1,,idp-linear-1source,1.0,1.0,
K'Lavon Chaisson,DE,WAS,27.0,FA,,,,,,,1.0,1.0,1.0,1.0,0.0,n/a - auction win = 1yr Vet-FAA at price paid,ups-auction-ladder,FALSE,DL-T3,1,,idp-linear-1source,1.0,1.0,
K.J. Britt,LB,NEP,27.1,FA,,,,,,,1.0,1.0,1.0,1.0,0.0,n/a - auction win = 1yr Vet-FAA at price paid,ups-auction-ladder,FALSE,LB-T2,1,,idp-linear-1source,1.0,1.0,
Ka'imi Fairbairn,PK,HOU,32.5,FA,,,,,,,1.0,0.8,1.0,0.8,0.0,n/a - auction win = 1yr Vet-FAA at price paid,ups-auction-ladder,FALSE,PK-T1,1,,none,1.0,1.0,
Kaden Elliss,LB,NOS,31.0,FA,,,,,,,1.0,0.9,1.0,0.9,0.0,n/a - auction win = 1yr Vet-FAA at price paid,ups-auction-ladder,FALSE,LB-T2,2,0.0,idp-linear-1source,1.0,1.0,38.0
Kader Kohou,CB,KCC,27.7,FA,,,,,,,1.0,1.0,1.0,1.0,0.0,n/a - auction win = 1yr Vet-FAA at price paid,ups-auction-ladder,FALSE,DB-T2,1,,idp-linear-1source,1.0,1.0,
Kai Kroeger,PN,HOU,24.1,FA,,,,,,,1.0,1.1,1.0,1.1,0.0,n/a - auction win = 1yr Vet-FAA at price paid,ups-auction-ladder,FALSE,PN-T1,1,,none,1.0,1.0,
Kaleb Elarms-Orr,LB,BUF,22.9,FA,,,,,,,1.0,1.1,1.0,1.1,0.0,n/a - auction win = 1yr Vet-FAA at price paid,ups-auction-ladder,FALSE,LB-T2,1,,idp-linear-1source,1.0,1.0,
Kamal Hadden,CB,GBP,25.5,FA,,,,,,,1.0,1.0,1.0,1.0,0.0,n/a - auction win = 1yr Vet-FAA at price paid,ups-auction-ladder,FALSE,DB-T2,1,,idp-linear-1source,1.0,1.0,
Kamari Lassiter,CB,HOU,23.5,FA,,,,,,,1.0,1.1,1.0,1.1,0.0,n/a - auction win = 1yr Vet-FAA at price paid,ups-auction-ladder,FALSE,DB-T2,1,,idp-linear-1source,1.0,1.0,
Kamren Kinchens,S,LAR,23.8,FA,,,,,,,1.0,1.1,1.0,1.1,0.0,n/a - auction win = 1yr Vet-FAA at price paid,ups-auction-ladder,FALSE,DB-T2,1,,idp-linear-1source,1.0,1.0,
Karene Reid,LB,DEN,26.4,FA,,,,,,,1.0,1.0,1.0,1.0,0.0,n/a - auction win = 1yr Vet-FAA at price paid,ups-auction-ladder,FALSE,LB-T2,1,,idp-linear-1source,1.0,1.0,
Karl Brooks,DT,GBP,26.2,FA,,,,,,,1.0,1.0,1.0,1.0,0.0,n/a - auction win = 1yr Vet-FAA at price paid,ups-auction-ladder,FALSE,DL-T3,1,,idp-linear-1source,1.0,1.0,
Karon Prunty,CB,NEP,,FA,,,,,,,1.0,1.0,1.0,1.0,0.0,n/a - auction win = 1yr Vet-FAA at price paid,ups-auction-ladder,FALSE,DB-T2,1,,idp-linear-1source,1.0,1.0,
Kayden McDonald,DT,HOU,21.4,FA,,,,,,,1.0,1.2,1.0,1.2,0.0,n/a - auction win = 1yr Vet-FAA at price paid,ups-auction-ladder,FALSE,DL-T3,1,,idp-linear-1source,1.0,1.0,
Kayvon Thibodeaux,DE,NYG,25.6,FA,,,,,,,1.0,1.0,1.0,1.0,0.0,n/a - auction win = 1yr Vet-FAA at price paid,ups-auction-ladder,FALSE,DL-T3,1,,idp-linear-1source,1.0,1.0,
Keeanu Benton,DT,PIT,25.0,FA,,,,,,,1.0,1.1,1.0,1.1,0.0,n/a - auction win = 1yr Vet-FAA at price paid,ups-auction-ladder,FALSE,DL-T3,1,,idp-linear-1source,1.0,1.0,
Kei'Trel Clark,CB,ARI,25.3,FA,,,,,,,1.0,1.1,1.0,1.1,0.0,n/a - auction win = 1yr Vet-FAA at price paid,ups-auction-ladder,FALSE,DB-T2,1,,idp-linear-1source,1.0,1.0,
Keion White,DE,SFO,27.5,FA,,,,,,,1.0,1.0,1.0,1.0,0.0,n/a - auction win = 1yr Vet-FAA at price paid,ups-auction-ladder,FALSE,DL-T3,1,,idp-linear-1source,1.0,1.0,
Keisean Nixon,CB,GBP,29.1,FA,,,,,,,1.0,0.9,1.0,0.9,0.0,n/a - auction win = 1yr Vet-FAA at price paid,ups-auction-ladder,FALSE,DB-T2,1,,idp-linear-1source,1.0,1.0,
Keith Abney,CB,DET,21.5,FA,,,,,,,1.0,1.2,1.0,1.2,0.0,n/a - auction win = 1yr Vet-FAA at price paid,ups-auction-ladder,FALSE,DB-T2,1,,idp-linear-1source,1.0,1.0,
Kelee Ringo,CB,PHI,24.1,FA,,,,,,,1.0,1.1,1.0,1.1,0.0,n/a - auction win = 1yr Vet-FAA at price paid,ups-auction-ladder,FALSE,DB-T2,1,,idp-linear-1source,1.0,1.0,
Kendall Williamson,S,LAC,25.9,FA,,,,,,,1.0,1.0,1.0,1.0,0.0,n/a - auction win = 1yr Vet-FAA at price paid,ups-auction-ladder,FALSE,DB-T2,1,,idp-linear-1source,1.0,1.0,
Kendell Brooks,S,TEN,26.4,FA,,,,,,,1.0,1.0,1.0,1.0,0.0,n/a - auction win = 1yr Vet-FAA at price paid,ups-auction-ladder,FALSE,DB-T2,1,,idp-linear-1source,1.0,1.0,
Kenneth Grant,DT,MIA,22.7,FA,,,,,,,1.0,1.1,1.0,1.1,0.0,n/a - auction win = 1yr Vet-FAA at price paid,ups-auction-ladder,FALSE,DL-T3,1,,idp-linear-1source,1.0,1.0,
Kenny Clark,DT,DAL,30.8,FA,,,,,,,1.0,0.9,1.0,0.9,0.0,n/a - auction win = 1yr Vet-FAA at price paid,ups-auction-ladder,FALSE,DL-T3,1,,idp-linear-1source,1.0,1.0,
Keondre Jackson,S,BAL,28.7,FA,,,,,,,1.0,0.9,1.0,0.9,0.0,n/a - auction win = 1yr Vet-FAA at price paid,ups-auction-ladder,FALSE,DB-T2,1,,idp-linear-1source,1.0,1.0,
Kerby Joseph,S,DET,25.7,FA,,,,,,,1.0,1.0,1.0,1.0,0.0,n/a - auction win = 1yr Vet-FAA at price paid,ups-auction-ladder,FALSE,DB-T2,1,,idp-linear-1source,1.0,1.0,
Kevin Byard,S,NEP,32.9,FA,,,,,,,1.0,0.8,1.0,0.8,0.0,n/a - auction win = 1yr Vet-FAA at price paid,ups-auction-ladder,FALSE,DB-T2,1,,idp-linear-1source,1.0,1.0,
Kevin Winston,S,TEN,22.6,FA,,,,,,,1.0,1.1,1.0,1.1,0.0,n/a - auction win = 1yr Vet-FAA at price paid,ups-auction-ladder,FALSE,DB-T2,2,0.0,idp-linear-1source,1.0,1.0,44.4
Keyron Crawford,DE,LVR,22.8,FA,,,,,,,1.0,1.1,1.0,1.1,0.0,n/a - auction win = 1yr Vet-FAA at price paid,ups-auction-ladder,FALSE,DL-T3,1,,idp-linear-1source,1.0,1.0,
Khalil Mack,DE,LAC,35.4,FA,,,,,,,1.0,0.7,1.0,0.7,0.0,n/a - auction win = 1yr Vet-FAA at price paid,ups-auction-ladder,FALSE,DL-T3,1,,idp-linear-1source,1.0,1.0,
Khyiris Tonga,DT,KCC,30.0,FA,,,,,,,1.0,0.9,1.0,0.9,0.0,n/a - auction win = 1yr Vet-FAA at price paid,ups-auction-ladder,FALSE,DL-T3,1,,idp-linear-1source,1.0,1.0,
Kindle Vildor,CB,NEP,28.6,FA,,,,,,,1.0,1.0,1.0,1.0,0.0,n/a - auction win = 1yr Vet-FAA at price paid,ups-auction-ladder,FALSE,DB-T2,1,,idp-linear-1source,1.0,1.0,
Kitan Crawford,S,ARI,24.6,FA,,,,,,,1.0,1.1,1.0,1.1,0.0,n/a - auction win = 1yr Vet-FAA at price paid,ups-auction-ladder,FALSE,DB-T2,1,,idp-linear-1source,1.0,1.0,
Kitan Oladapo,S,GBP,25.8,FA,,,,,,,1.0,1.0,1.0,1.0,0.0,n/a - auction win = 1yr Vet-FAA at price paid,ups-auction-ladder,FALSE,DB-T2,1,,idp-linear-1source,1.0,1.0,
Kobee Minor,CB,NEP,24.0,FA,,,,,,,1.0,1.1,1.0,1.1,0.0,n/a - auction win = 1yr Vet-FAA at price paid,ups-auction-ladder,FALSE,DB-T2,1,,idp-linear-1source,1.0,1.0,
Kobie Turner,DT,LAR,27.2,FA,,,,,,,1.0,1.0,1.0,1.0,0.0,n/a - auction win = 1yr Vet-FAA at price paid,ups-auction-ladder,FALSE,DL-T3,2,0.0,idp-linear-1source,1.0,1.0,45.7
Kool-Aid McKinstry,CB,NOS,23.8,FA,,,,,,,1.0,1.1,1.0,1.1,0.0,n/a - auction win = 1yr Vet-FAA at price paid,ups-auction-ladder,FALSE,DB-T2,1,,idp-linear-1source,1.0,1.0,
Kris Abrams-Draine,CB,DEN,24.8,FA,,,,,,,1.0,1.1,1.0,1.1,0.0,n/a - auction win = 1yr Vet-FAA at price paid,ups-auction-ladder,FALSE,DB-T2,1,,idp-linear-1source,1.0,1.0,
Kris Jenkins,DT,CIN,24.8,FA,,,,,,,1.0,1.1,1.0,1.1,0.0,n/a - auction win = 1yr Vet-FAA at price paid,ups-auction-ladder,FALSE,DL-T3,1,,idp-linear-1source,1.0,1.0,
Kristian Fulton,CB,KCC,27.9,FA,,,,,,,1.0,1.0,1.0,1.0,0.0,n/a - auction win = 1yr Vet-FAA at price paid,ups-auction-ladder,FALSE,DB-T2,1,,idp-linear-1source,1.0,1.0,
Kwity Paye,DE,LVR,27.7,FA,,,,,,,1.0,1.0,1.0,1.0,0.0,n/a - auction win = 1yr Vet-FAA at price paid,ups-auction-ladder,FALSE,DL-T3,1,,idp-linear-1source,1.0,1.0,
Kyle Dugger,S,CIN,30.3,FA,,,,,,,1.0,0.9,1.0,0.9,0.0,n/a - auction win = 1yr Vet-FAA at price paid,ups-auction-ladder,FALSE,DB-T2,1,,idp-linear-1source,1.0,1.0,
Kyle Kennard,DE,LAC,24.6,FA,,,,,,,1.0,1.1,1.0,1.1,0.0,n/a - auction win = 1yr Vet-FAA at price paid,ups-auction-ladder,FALSE,DL-T3,1,,idp-linear-1source,1.0,1.0,
Kyler Gordon,CB,CHI,26.6,FA,,,,,,,1.0,1.0,1.0,1.0,0.0,n/a - auction win = 1yr Vet-FAA at price paid,ups-auction-ladder,FALSE,DB-T2,1,,idp-linear-1source,1.0,1.0,
Kyu Blu Kelly,CB,LVR,25.2,FA,,,,,,,1.0,1.1,1.0,1.1,0.0,n/a - auction win = 1yr Vet-FAA at price paid,ups-auction-ladder,FALSE,DB-T2,1,,idp-linear-1source,1.0,1.0,
L'Jarius Sneed,CB,KCC,29.5,FA,,,,,,,1.0,0.9,1.0,0.9,0.0,n/a - auction win = 1yr Vet-FAA at price paid,ups-auction-ladder,FALSE,DB-T2,1,,idp-linear-1source,1.0,1.0,
LaBryan Ray,DT,CAR,28.6,FA,,,,,,,1.0,1.0,1.0,1.0,0.0,n/a - auction win = 1yr Vet-FAA at price paid,ups-auction-ladder,FALSE,DL-T3,1,,idp-linear-1source,1.0,1.0,
Landon Jackson,DE,BUF,23.6,FA,,,,,,,1.0,1.1,1.0,1.1,0.0,n/a - auction win = 1yr Vet-FAA at price paid,ups-auction-ladder,FALSE,DL-T3,1,,idp-linear-1source,1.0,1.0,
Lathan Ransom,S,CAR,24.0,FA,,,,,,,1.0,1.1,1.0,1.1,0.0,n/a - auction win = 1yr Vet-FAA at price paid,ups-auction-ladder,FALSE,DB-T2,1,,idp-linear-1source,1.0,1.0,
Leo Chenal,LB,WAS,25.7,FA,,,,,,,1.0,1.0,1.0,1.0,0.0,n/a - auction win = 1yr Vet-FAA at price paid,ups-auction-ladder,FALSE,LB-T2,1,,idp-linear-1source,1.0,1.0,
Leonard Williams,DT,SEA,32.1,FA,,,,,,,1.0,0.8,1.0,0.8,0.0,n/a - auction win = 1yr Vet-FAA at price paid,ups-auction-ladder,FALSE,DL-T3,1,,idp-linear-1source,1.0,1.0,
Levi Drake-Rodriguez,DT,MIN,26.0,FA,,,,,,,1.0,1.0,1.0,1.0,0.0,n/a - auction win = 1yr Vet-FAA at price paid,ups-auction-ladder,FALSE,DL-T3,1,,idp-linear-1source,1.0,1.0,
Levi Onwuzurike,DT,DET,28.4,FA,,,,,,,1.0,1.0,1.0,1.0,0.0,n/a - auction win = 1yr Vet-FAA at price paid,ups-auction-ladder,FALSE,DL-T3,1,,idp-linear-1source,1.0,1.0,
Logan Cooke,PN,JAC,31.0,FA,,,,,,,1.0,0.9,1.0,0.9,0.0,n/a - auction win = 1yr Vet-FAA at price paid,ups-auction-ladder,FALSE,PN-T1,1,,none,1.0,1.0,
Lonnie Johnson,S,MIA,30.7,FA,,,,,,,1.0,0.9,1.0,0.9,0.0,n/a - auction win = 1yr Vet-FAA at price paid,ups-auction-ladder,FALSE,DB-T2,1,,idp-linear-1source,1.0,1.0,
Lucas Havrisik,PK,GBP,26.8,FA,,,,,,,1.0,1.0,1.0,1.0,0.0,n/a - auction win = 1yr Vet-FAA at price paid,ups-auction-ladder,FALSE,PK-T1,1,,none,1.0,1.0,
Lukas Van Ness,DE,GBP,25.0,FA,,,,,,,1.0,1.1,1.0,1.1,0.0,n/a - auction win = 1yr Vet-FAA at price paid,ups-auction-ladder,FALSE,DL-T3,1,,idp-linear-1source,1.0,1.0,
Luke Gifford,LB,SFO,30.9,FA,,,,,,,1.0,0.9,1.0,0.9,0.0,n/a - auction win = 1yr Vet-FAA at price paid,ups-auction-ladder,FALSE,LB-T2,1,,idp-linear-1source,1.0,1.0,
M.J. Stewart,S,HOU,30.9,FA,,,,,,,1.0,0.9,1.0,0.9,0.0,n/a - auction win = 1yr Vet-FAA at price paid,ups-auction-ladder,FALSE,DB-T2,1,,idp-linear-1source,1.0,1.0,
Mack Wilson,LB,ARI,28.4,FA,,,,,,,1.0,1.0,1.0,1.0,0.0,n/a - auction win = 1yr Vet-FAA at price paid,ups-auction-ladder,FALSE,LB-T2,1,,idp-linear-1source,1.0,1.0,
Malcolm Koonce,DE,LVR,28.1,FA,,,,,,,1.0,1.0,1.0,1.0,0.0,n/a - auction win = 1yr Vet-FAA at price paid,ups-auction-ladder,FALSE,DL-T3,1,,idp-linear-1source,1.0,1.0,
Malcolm Roach,DT,DEN,28.1,FA,,,,,,,1.0,1.0,1.0,1.0,0.0,n/a - auction win = 1yr Vet-FAA at price paid,ups-auction-ladder,FALSE,DL-T3,1,,idp-linear-1source,1.0,1.0,
Malcolm Rodriguez,LB,DET,27.3,FA,,,,,,,1.0,1.0,1.0,1.0,0.0,n/a - auction win = 1yr Vet-FAA at price paid,ups-auction-ladder,FALSE,LB-T2,1,,idp-linear-1source,1.0,1.0,
Maliek Collins,DT,CLE,31.3,FA,,,,,,,1.0,0.9,1.0,0.9,0.0,n/a - auction win = 1yr Vet-FAA at price paid,ups-auction-ladder,FALSE,DL-T3,1,,idp-linear-1source,1.0,1.0,
Malik Harrison,LB,PIT,28.4,FA,,,,,,,1.0,1.0,1.0,1.0,0.0,n/a - auction win = 1yr Vet-FAA at price paid,ups-auction-ladder,FALSE,LB-T2,1,,idp-linear-1source,1.0,1.0,
Malik Hooker,S,DAL,30.3,FA,,,,,,,1.0,0.9,1.0,0.9,0.0,n/a - auction win = 1yr Vet-FAA at price paid,ups-auction-ladder,FALSE,DB-T2,1,,idp-linear-1source,1.0,1.0,
Malik Muhammad,CB,CHI,,FA,,,,,,,1.0,1.0,1.0,1.0,0.0,n/a - auction win = 1yr Vet-FAA at price paid,ups-auction-ladder,FALSE,DB-T2,1,,idp-linear-1source,1.0,1.0,
Malik Mustapha,S,SFO,24.1,FA,,,,,,,1.0,1.1,1.0,1.1,0.0,n/a - auction win = 1yr Vet-FAA at price paid,ups-auction-ladder,FALSE,DB-T2,1,,idp-linear-1source,1.0,1.0,
Marcelino McCrary-Ball,LB,NYJ,27.3,FA,,,,,,,1.0,1.0,1.0,1.0,0.0,n/a - auction win = 1yr Vet-FAA at price paid,ups-auction-ladder,FALSE,LB-T2,1,,idp-linear-1source,1.0,1.0,
Marco Wilson,CB,MIA,27.4,FA,,,,,,,1.0,1.0,1.0,1.0,0.0,n/a - auction win = 1yr Vet-FAA at price paid,ups-auction-ladder,FALSE,DB-T2,1,,idp-linear-1source,1.0,1.0,
Marcus Epps,S,PHI,30.5,FA,,,,,,,1.0,0.9,1.0,0.9,0.0,n/a - auction win = 1yr Vet-FAA at price paid,ups-auction-ladder,FALSE,DB-T2,1,,idp-linear-1source,1.0,1.0,
Marcus Harris,CB,TEN,,FA,,,,,,,1.0,1.0,1.0,1.0,0.0,n/a - auction win = 1yr Vet-FAA at price paid,ups-auction-ladder,FALSE,DB-T2,1,,idp-linear-1source,1.0,1.0,
Marist Liufau,LB,DAL,25.4,FA,,,,,,,1.0,1.0,1.0,1.0,0.0,n/a - auction win = 1yr Vet-FAA at price paid,ups-auction-ladder,FALSE,LB-T2,1,,idp-linear-1source,1.0,1.0,
Markquese Bell,S,DAL,27.5,FA,,,,,,,1.0,1.0,1.0,1.0,0.0,n/a - auction win = 1yr Vet-FAA at price paid,ups-auction-ladder,FALSE,DB-T2,1,,idp-linear-1source,1.0,1.0,
Marlon Humphrey,CB,BAL,30.0,FA,,,,,,,1.0,0.9,1.0,0.9,0.0,n/a - auction win = 1yr Vet-FAA at price paid,ups-auction-ladder,FALSE,DB-T2,1,,idp-linear-1source,1.0,1.0,
Marques Sigle,S,SFO,24.0,FA,,,,,,,1.0,1.1,1.0,1.1,0.0,n/a - auction win = 1yr Vet-FAA at price paid,ups-auction-ladder,FALSE,DB-T2,1,,idp-linear-1source,1.0,1.0,
Martin Emerson,CB,NOS,25.8,FA,,,,,,,1.0,1.0,1.0,1.0,0.0,n/a - auction win = 1yr Vet-FAA at price paid,ups-auction-ladder,FALSE,DB-T2,1,,idp-linear-1source,1.0,1.0,
Matt Araiza,PN,KCC,26.2,FA,,,,,,,1.0,1.0,1.0,1.0,0.0,n/a - auction win = 1yr Vet-FAA at price paid,ups-auction-ladder,FALSE,PN-T1,1,,none,1.0,1.0,
Matt Gay,PK,LVR,32.4,FA,,,,,,,1.0,0.8,1.0,0.8,0.0,n/a - auction win = 1yr Vet-FAA at price paid,ups-auction-ladder,FALSE,PK-T1,1,,none,1.0,1.0,
Matthew Butler,DT,MIA,27.1,FA,,,,,,,1.0,1.0,1.0,1.0,0.0,n/a - auction win = 1yr Vet-FAA at price paid,ups-auction-ladder,FALSE,DL-T3,1,,idp-linear-1source,1.0,1.0,
Matthew Hayball,PN,ATL,29.4,FA,,,,,,,1.0,0.9,1.0,0.9,0.0,n/a - auction win = 1yr Vet-FAA at price paid,ups-auction-ladder,FALSE,PN-T1,1,,none,1.0,1.0,
Maxwell Hairston,CB,BUF,23.0,FA,,,,,,,1.0,1.1,1.0,1.1,0.0,n/a - auction win = 1yr Vet-FAA at price paid,ups-auction-ladder,FALSE,DB-T2,1,,idp-linear-1source,1.0,1.0,
Mazi Smith,DT,NYJ,25.1,FA,,,,,,,1.0,1.1,1.0,1.1,0.0,n/a - auction win = 1yr Vet-FAA at price paid,ups-auction-ladder,FALSE,DL-T3,1,,idp-linear-1source,1.0,1.0,
Mekhi Blackmon,CB,IND,27.3,FA,,,,,,,1.0,1.0,1.0,1.0,0.0,n/a - auction win = 1yr Vet-FAA at price paid,ups-auction-ladder,FALSE,DB-T2,1,,idp-linear-1source,1.0,1.0,
Micah McFadden,LB,NYG,26.6,FA,,,,,,,1.0,1.0,1.0,1.0,0.0,n/a - auction win = 1yr Vet-FAA at price paid,ups-auction-ladder,FALSE,LB-T2,1,,idp-linear-1source,1.0,1.0,
Micah Robinson,CB,TEN,24.5,FA,,,,,,,1.0,1.1,1.0,1.1,0.0,n/a - auction win = 1yr Vet-FAA at price paid,ups-auction-ladder,FALSE,DB-T2,1,,idp-linear-1source,1.0,1.0,
Michael Davis,CB,NOS,31.5,FA,,,,,,,1.0,0.9,1.0,0.9,0.0,n/a - auction win = 1yr Vet-FAA at price paid,ups-auction-ladder,FALSE,DB-T2,1,,idp-linear-1source,1.0,1.0,
Michael Hall Jr.,DT,CLE,23.1,FA,,,,,,,1.0,1.1,1.0,1.1,0.0,n/a - auction win = 1yr Vet-FAA at price paid,ups-auction-ladder,FALSE,DL-T3,1,,idp-linear-1source,1.0,1.0,
Michael Hoecht,DE,BUF,28.8,FA,,,,,,,1.0,0.9,1.0,0.9,0.0,n/a - auction win = 1yr Vet-FAA at price paid,ups-auction-ladder,FALSE,DL-T3,1,,idp-linear-1source,1.0,1.0,
Michael Jackson,CB,CAR,29.5,FA,,,,,,,1.0,0.9,1.0,0.9,0.0,n/a - auction win = 1yr Vet-FAA at price paid,ups-auction-ladder,FALSE,DB-T2,1,,idp-linear-1source,1.0,1.0,
Micheal Clemons,DE,IND,28.9,FA,,,,,,,1.0,0.9,1.0,0.9,0.0,n/a - auction win = 1yr Vet-FAA at price paid,ups-auction-ladder,FALSE,DL-T3,1,,idp-linear-1source,1.0,1.0,
Mike Hilton,CB,IND,32.4,FA,,,,,,,1.0,0.8,1.0,0.8,0.0,n/a - auction win = 1yr Vet-FAA at price paid,ups-auction-ladder,FALSE,DB-T2,1,,idp-linear-1source,1.0,1.0,
Mike Hughes,CB,ATL,29.4,FA,,,,,,,1.0,0.9,1.0,0.9,0.0,n/a - auction win = 1yr Vet-FAA at price paid,ups-auction-ladder,FALSE,DB-T2,1,,idp-linear-1source,1.0,1.0,
Mike Morris,DT,SEA,25.3,FA,,,,,,,1.0,1.1,1.0,1.1,0.0,n/a - auction win = 1yr Vet-FAA at price paid,ups-auction-ladder,FALSE,DL-T3,1,,idp-linear-1source,1.0,1.0,
Mike Sainristil,CB,WAS,25.8,FA,,,,,,,1.0,1.0,1.0,1.0,0.0,n/a - auction win = 1yr Vet-FAA at price paid,ups-auction-ladder,FALSE,DB-T2,1,,idp-linear-1source,1.0,1.0,
Milton Williams,DT,NEP,27.3,FA,,,,,,,1.0,1.0,1.0,1.0,0.0,n/a - auction win = 1yr Vet-FAA at price paid,ups-auction-ladder,FALSE,DL-T3,1,,idp-linear-1source,1.0,1.0,
Minkah Fitzpatrick,S,NYJ,29.7,FA,,,,,,,1.0,0.9,1.0,0.9,0.0,n/a - auction win = 1yr Vet-FAA at price paid,ups-auction-ladder,FALSE,DB-T2,1,,idp-linear-1source,1.0,1.0,
Mitch Wishnowsky,PN,BUF,34.4,FA,,,,,,,1.0,0.8,1.0,0.8,0.0,n/a - auction win = 1yr Vet-FAA at price paid,ups-auction-ladder,FALSE,PN-T1,1,,none,1.0,1.0,
Mohamoud Diabate,LB,TEN,25.2,FA,,,,,,,1.0,1.1,1.0,1.1,0.0,n/a - auction win = 1yr Vet-FAA at price paid,ups-auction-ladder,FALSE,LB-T2,1,,idp-linear-1source,1.0,1.0,
Montaric Brown,CB,JAC,26.9,FA,,,,,,,1.0,1.0,1.0,1.0,0.0,n/a - auction win = 1yr Vet-FAA at price paid,ups-auction-ladder,FALSE,DB-T2,1,,idp-linear-1source,1.0,1.0,
Montez Sweat,DE,CHI,29.9,FA,,,,,,,1.0,0.9,1.0,0.9,0.0,n/a - auction win = 1yr Vet-FAA at price paid,ups-auction-ladder,FALSE,DL-T3,2,0.0,idp-linear-1source,1.0,1.0,40.4
Moro Ojomo,DT,PHI,24.9,FA,,,,,,,1.0,1.1,1.0,1.1,0.0,n/a - auction win = 1yr Vet-FAA at price paid,ups-auction-ladder,FALSE,DL-T3,1,,idp-linear-1source,1.0,1.0,
Mykal Walker,LB,NYJ,28.9,FA,,,,,,,1.0,0.9,1.0,0.9,0.0,n/a - auction win = 1yr Vet-FAA at price paid,ups-auction-ladder,FALSE,LB-T2,1,,idp-linear-1source,1.0,1.0,
Myles Harden,CB,CLE,24.6,FA,,,,,,,1.0,1.1,1.0,1.1,0.0,n/a - auction win = 1yr Vet-FAA at price paid,ups-auction-ladder,FALSE,DB-T2,1,,idp-linear-1source,1.0,1.0,
Myles Murphy,DE,CIN,24.6,FA,,,,,,,1.0,1.1,1.0,1.1,0.0,n/a - auction win = 1yr Vet-FAA at price paid,ups-auction-ladder,FALSE,DL-T3,1,,idp-linear-1source,1.0,1.0,
Nahshon Wright,CB,NYJ,27.8,FA,,,,,,,1.0,1.0,1.0,1.0,0.0,n/a - auction win = 1yr Vet-FAA at price paid,ups-auction-ladder,FALSE,DB-T2,1,,idp-linear-1source,1.0,1.0,
Namdi Obiazor,LB,NEP,,FA,,,,,,,1.0,1.0,1.0,1.0,0.0,n/a - auction win = 1yr Vet-FAA at price paid,ups-auction-ladder,FALSE,LB-T2,1,,idp-linear-1source,1.0,1.0,
Nate Hobbs,CB,SFO,27.1,FA,,,,,,,1.0,1.0,1.0,1.0,0.0,n/a - auction win = 1yr Vet-FAA at price paid,ups-auction-ladder,FALSE,DB-T2,1,,idp-linear-1source,1.0,1.0,
Nate Wiggins,CB,BAL,22.9,FA,,,,,,,1.0,1.1,1.0,1.1,0.0,n/a - auction win = 1yr Vet-FAA at price paid,ups-auction-ladder,FALSE,DB-T2,1,,idp-linear-1source,1.0,1.0,
Nathan Shepherd,DT,NOS,32.8,FA,,,,,,,1.0,0.8,1.0,0.8,0.0,n/a - auction win = 1yr Vet-FAA at price paid,ups-auction-ladder,FALSE,DL-T3,1,,idp-linear-1source,1.0,1.0,
Nathaniel Watson,LB,CLE,25.9,FA,,,,,,,1.0,1.0,1.0,1.0,0.0,n/a - auction win = 1yr Vet-FAA at price paid,ups-auction-ladder,FALSE,LB-T2,1,,idp-linear-1source,1.0,1.0,
Natrone Brooks,CB,ATL,26.6,FA,,,,,,,1.0,1.0,1.0,1.0,0.0,n/a - auction win = 1yr Vet-FAA at price paid,ups-auction-ladder,FALSE,DB-T2,1,,idp-linear-1source,1.0,1.0,
Nehemiah Pritchett,CB,SEA,25.4,FA,,,,,,,1.0,1.0,1.0,1.0,0.0,n/a - auction win = 1yr Vet-FAA at price paid,ups-auction-ladder,FALSE,DB-T2,1,,idp-linear-1source,1.0,1.0,
Neville Gallimore,DT,CHI,29.5,FA,,,,,,,1.0,0.9,1.0,0.9,0.0,n/a - auction win = 1yr Vet-FAA at price paid,ups-auction-ladder,FALSE,DL-T3,1,,idp-linear-1source,1.0,1.0,
Nic Scourton,DE,CAR,21.9,FA,,,,,,,1.0,1.2,1.0,1.2,0.0,n/a - auction win = 1yr Vet-FAA at price paid,ups-auction-ladder,FALSE,DL-T3,1,,idp-linear-1source,1.0,1.0,
Nick Bellore,LB,WAS,37.2,FA,,,,,,,1.0,0.7,1.0,0.7,0.0,n/a - auction win = 1yr Vet-FAA at price paid,ups-auction-ladder,FALSE,LB-T2,1,,idp-linear-1source,1.0,1.0,
Nick Folk,PK,ATL,41.7,FA,,,,,,,1.0,0.7,1.0,0.7,0.0,n/a - auction win = 1yr Vet-FAA at price paid,ups-auction-ladder,FALSE,PK-T1,1,,none,1.0,1.0,
Nick Herbig,DE,PIT,24.7,FA,,,,,,,1.0,1.1,1.0,1.1,0.0,n/a - auction win = 1yr Vet-FAA at price paid,ups-auction-ladder,FALSE,DL-T3,1,,idp-linear-1source,1.0,1.0,
Nick McCloud,CB,CHI,28.0,FA,,,,,,,1.0,1.0,1.0,1.0,0.0,n/a - auction win = 1yr Vet-FAA at price paid,ups-auction-ladder,FALSE,DB-T2,1,,idp-linear-1source,1.0,1.0,
Nick Scott,S,CAR,31.2,FA,,,,,,,1.0,0.9,1.0,0.9,0.0,n/a - auction win = 1yr Vet-FAA at price paid,ups-auction-ladder,FALSE,DB-T2,1,,idp-linear-1source,1.0,1.0,
Nick Whiteside,CB,DET,26.2,FA,,,,,,,1.0,1.0,1.0,1.0,0.0,n/a - auction win = 1yr Vet-FAA at price paid,ups-auction-ladder,FALSE,DB-T2,1,,idp-linear-1source,1.0,1.0,
Nik Bonitto,DE,DEN,26.8,FA,,,,,,,1.0,1.0,1.0,1.0,0.0,n/a - auction win = 1yr Vet-FAA at price paid,ups-auction-ladder,FALSE,DL-T3,2,2.0,idp-linear-1source,1.0,1.0,48.0
Nikko Reed,CB,LAC,23.4,FA,,,,,,,1.0,1.1,1.0,1.1,0.0,n/a - auction win = 1yr Vet-FAA at price paid,ups-auction-ladder,FALSE,DB-T2,1,,idp-linear-1source,1.0,1.0,
Nnamdi Madubuike,DT,BAL,28.7,FA,,,,,,,1.0,0.9,1.0,0.9,0.0,n/a - auction win = 1yr Vet-FAA at price paid,ups-auction-ladder,FALSE,DL-T3,1,,idp-linear-1source,1.0,1.0,
Noah Sewell,LB,CHI,24.2,FA,,,,,,,1.0,1.1,1.0,1.1,0.0,n/a - auction win = 1yr Vet-FAA at price paid,ups-auction-ladder,FALSE,LB-T2,1,,idp-linear-1source,1.0,1.0,
Nohl Williams,CB,KCC,23.8,FA,,,,,,,1.0,1.1,1.0,1.1,0.0,n/a - auction win = 1yr Vet-FAA at price paid,ups-auction-ladder,FALSE,DB-T2,1,,idp-linear-1source,1.0,1.0,
Nolan Smith,DE,PHI,25.5,FA,,,,,,,1.0,1.0,1.0,1.0,0.0,n/a - auction win = 1yr Vet-FAA at price paid,ups-auction-ladder,FALSE,DL-T3,1,,idp-linear-1source,1.0,1.0,
Odafe Oweh,DE,WAS,27.6,FA,,,,,,,1.0,1.0,1.0,1.0,0.0,n/a - auction win = 1yr Vet-FAA at price paid,ups-auction-ladder,FALSE,DL-T3,1,,idp-linear-1source,1.0,1.0,
Ogbonnia Okoronkwo,DE,PHI,31.2,FA,,,,,,,1.0,0.9,1.0,0.9,0.0,n/a - auction win = 1yr Vet-FAA at price paid,ups-auction-ladder,FALSE,DL-T3,1,,idp-linear-1source,1.0,1.0,
Oluwafemi Oladejo,DE,TEN,22.8,FA,,,,,,,1.0,1.1,1.0,1.1,0.0,n/a - auction win = 1yr Vet-FAA at price paid,ups-auction-ladder,FALSE,DL-T3,1,,idp-linear-1source,1.0,1.0,
Omar Speights,LB,LAR,25.4,FA,,,,,,,1.0,1.0,1.0,1.0,0.0,n/a - auction win = 1yr Vet-FAA at price paid,ups-auction-ladder,FALSE,LB-T2,1,,idp-linear-1source,1.0,1.0,
Omarr Norman-Lott,DT,KCC,24.4,FA,,,,,,,1.0,1.1,1.0,1.1,0.0,n/a - auction win = 1yr Vet-FAA at price paid,ups-auction-ladder,FALSE,DL-T3,1,,idp-linear-1source,1.0,1.0,
Oren Burks,LB,CIN,31.3,FA,,,,,,,1.0,0.9,1.0,0.9,0.0,n/a - auction win = 1yr Vet-FAA at price paid,ups-auction-ladder,FALSE,LB-T2,1,,idp-linear-1source,1.0,1.0,
Osa Odighizuwa,DT,SFO,27.9,FA,,,,,,,1.0,1.0,1.0,1.0,0.0,n/a - auction win = 1yr Vet-FAA at price paid,ups-auction-ladder,FALSE,DL-T3,1,,idp-linear-1source,1.0,1.0,
Otito Ogbonnia,DT,DAL,25.9,FA,,,,,,,1.0,1.0,1.0,1.0,0.0,n/a - auction win = 1yr Vet-FAA at price paid,ups-auction-ladder,FALSE,DL-T3,1,,idp-linear-1source,1.0,1.0,
Owen Pappoe,LB,ARI,25.8,FA,,,,,,,1.0,1.0,1.0,1.0,0.0,n/a - auction win = 1yr Vet-FAA at price paid,ups-auction-ladder,FALSE,LB-T2,1,,idp-linear-1source,1.0,1.0,
P.J. Locke,S,DAL,29.4,FA,,,,,,,1.0,0.9,1.0,0.9,0.0,n/a - auction win = 1yr Vet-FAA at price paid,ups-auction-ladder,FALSE,DB-T2,1,,idp-linear-1source,1.0,1.0,
PJ Jules,S,CIN,25.2,FA,,,,,,,1.0,1.1,1.0,1.1,0.0,n/a - auction win = 1yr Vet-FAA at price paid,ups-auction-ladder,FALSE,DB-T2,1,,idp-linear-1source,1.0,1.0,
Parker Hughes,LB,JAC,,FA,,,,,,,1.0,1.0,1.0,1.0,0.0,n/a - auction win = 1yr Vet-FAA at price paid,ups-auction-ladder,FALSE,LB-T2,1,,idp-linear-1source,1.0,1.0,
Patrick Jones,DE,CAR,27.8,FA,,,,,,,1.0,1.0,1.0,1.0,0.0,n/a - auction win = 1yr Vet-FAA at price paid,ups-auction-ladder,FALSE,DL-T3,1,,idp-linear-1source,1.0,1.0,
Patrick O'Connell,LB,SEA,27.6,FA,,,,,,,1.0,1.0,1.0,1.0,0.0,n/a - auction win = 1yr Vet-FAA at price paid,ups-auction-ladder,FALSE,LB-T2,1,,idp-linear-1source,1.0,1.0,
Patrick Queen,LB,PIT,26.9,FA,,,,,,,1.0,1.0,1.0,1.0,0.0,n/a - auction win = 1yr Vet-FAA at price paid,ups-auction-ladder,FALSE,LB-T2,2,0.0,idp-linear-1source,1.0,1.0,41.7
Patrick Surtain II,CB,DEN,26.3,FA,,,,,,,1.0,1.0,1.0,1.0,0.0,n/a - auction win = 1yr Vet-FAA at price paid,ups-auction-ladder,FALSE,DB-T2,1,,idp-linear-1source,1.0,1.0,
Paulson Adebo,CB,NYG,27.1,FA,,,,,,,1.0,1.0,1.0,1.0,0.0,n/a - auction win = 1yr Vet-FAA at price paid,ups-auction-ladder,FALSE,DB-T2,1,,idp-linear-1source,1.0,1.0,
Pete Werner,LB,NOS,27.1,FA,,,,,,,1.0,1.0,1.0,1.0,0.0,n/a - auction win = 1yr Vet-FAA at price paid,ups-auction-ladder,FALSE,LB-T2,1,,idp-linear-1source,1.0,1.0,
Poona Ford,DT,LAR,30.7,FA,,,,,,,1.0,0.9,1.0,0.9,0.0,n/a - auction win = 1yr Vet-FAA at price paid,ups-auction-ladder,FALSE,DL-T3,1,,idp-linear-1source,1.0,1.0,
Princely Umanmielen,DE,CAR,24.3,FA,,,,,,,1.0,1.1,1.0,1.1,0.0,n/a - auction win = 1yr Vet-FAA at price paid,ups-auction-ladder,FALSE,DL-T3,1,,idp-linear-1source,1.0,1.0,
Quan Martin,S,WAS,26.3,FA,,,,,,,1.0,1.0,1.0,1.0,0.0,n/a - auction win = 1yr Vet-FAA at price paid,ups-auction-ladder,FALSE,DB-T2,1,,idp-linear-1source,1.0,1.0,
Quincy Riley,CB,NOS,25.2,FA,,,,,,,1.0,1.1,1.0,1.1,0.0,n/a - auction win = 1yr Vet-FAA at price paid,ups-auction-ladder,FALSE,DB-T2,1,,idp-linear-1source,1.0,1.0,
Quinyon Mitchell,CB,PHI,25.0,FA,,,,,,,1.0,1.1,1.0,1.1,0.0,n/a - auction win = 1yr Vet-FAA at price paid,ups-auction-ladder,FALSE,DB-T2,1,,idp-linear-1source,1.0,1.0,
Qwan'tez Stiggers,CB,NYJ,24.5,FA,,,,,,,1.0,1.1,1.0,1.1,0.0,n/a - auction win = 1yr Vet-FAA at price paid,ups-auction-ladder,FALSE,DB-T2,1,,idp-linear-1source,1.0,1.0,
R Mason Thomas,DE,KCC,21.9,FA,,,,,,,1.0,1.2,1.0,1.2,0.0,n/a - auction win = 1yr Vet-FAA at price paid,ups-auction-ladder,FALSE,DL-T3,1,,idp-linear-1source,1.0,1.0,
Rashan Gary,DE,DAL,28.6,FA,,,,,,,1.0,1.0,1.0,1.0,0.0,n/a - auction win = 1yr Vet-FAA at price paid,ups-auction-ladder,FALSE,DL-T3,1,,idp-linear-1source,1.0,1.0,
Rayuan Lane,S,JAC,23.0,FA,,,,,,,1.0,1.1,1.0,1.1,0.0,n/a - auction win = 1yr Vet-FAA at price paid,ups-auction-ladder,FALSE,DB-T2,1,,idp-linear-1source,1.0,1.0,
Red Murdock,LB,DEN,,FA,,,,,,,1.0,1.0,1.0,1.0,0.0,n/a - auction win = 1yr Vet-FAA at price paid,ups-auction-ladder,FALSE,LB-T2,1,,idp-linear-1source,1.0,1.0,
Reddy Steward,CB,DAL,25.2,FA,,,,,,,1.0,1.1,1.0,1.1,0.0,n/a - auction win = 1yr Vet-FAA at price paid,ups-auction-ladder,FALSE,DB-T2,1,,idp-linear-1source,1.0,1.0,
Reed Blankenship,S,HOU,27.4,FA,,,,,,,1.0,1.0,1.0,1.0,0.0,n/a - auction win = 1yr Vet-FAA at price paid,ups-auction-ladder,FALSE,DB-T2,1,,idp-linear-1source,1.0,1.0,
Renardo Green,CB,SFO,25.7,FA,,,,,,,1.0,1.0,1.0,1.0,0.0,n/a - auction win = 1yr Vet-FAA at price paid,ups-auction-ladder,FALSE,DB-T2,1,,idp-linear-1source,1.0,1.0,
Rigoberto Sanchez,PN,IND,31.9,FA,,,,,,,1.0,0.9,1.0,0.9,0.0,n/a - auction win = 1yr Vet-FAA at price paid,ups-auction-ladder,FALSE,PN-T1,1,,none,1.0,1.0,
Riley Dixon,PN,TBB,32.9,FA,,,,,,,1.0,0.8,1.0,0.8,0.0,n/a - auction win = 1yr Vet-FAA at price paid,ups-auction-ladder,FALSE,PN-T1,1,,none,1.0,1.0,
Riley Moss,CB,DEN,26.4,FA,,,,,,,1.0,1.0,1.0,1.0,0.0,n/a - auction win = 1yr Vet-FAA at price paid,ups-auction-ladder,FALSE,DB-T2,1,,idp-linear-1source,1.0,1.0,
Riley Patterson,PK,MIA,26.9,FA,,,,,,,1.0,1.0,1.0,1.0,0.0,n/a - auction win = 1yr Vet-FAA at price paid,ups-auction-ladder,FALSE,PK-T1,1,,none,1.0,1.0,
Robert Beal,DE,MIA,26.9,FA,,,,,,,1.0,1.0,1.0,1.0,0.0,n/a - auction win = 1yr Vet-FAA at price paid,ups-auction-ladder,FALSE,DL-T3,1,,idp-linear-1source,1.0,1.0,
Robert Spillane,LB,NEP,30.6,FA,,,,,,,1.0,0.9,1.0,0.9,0.0,n/a - auction win = 1yr Vet-FAA at price paid,ups-auction-ladder,FALSE,LB-T2,2,0.0,idp-linear-1source,1.0,1.0,62.3
Rodney Thomas II,S,SEA,28.1,FA,,,,,,,1.0,1.0,1.0,1.0,0.0,n/a - auction win = 1yr Vet-FAA at price paid,ups-auction-ladder,FALSE,DB-T2,1,,idp-linear-1source,1.0,1.0,
Roger McCreary,CB,DET,26.4,FA,,,,,,,1.0,1.0,1.0,1.0,0.0,n/a - auction win = 1yr Vet-FAA at price paid,ups-auction-ladder,FALSE,DB-T2,1,,idp-linear-1source,1.0,1.0,
Ronnie Hickman,S,CLE,24.8,FA,,,,,,,1.0,1.1,1.0,1.1,0.0,n/a - auction win = 1yr Vet-FAA at price paid,ups-auction-ladder,FALSE,DB-T2,1,,idp-linear-1source,1.0,1.0,
Roy Lopez,DT,ARI,29.0,FA,,,,,,,1.0,0.9,1.0,0.9,0.0,n/a - auction win = 1yr Vet-FAA at price paid,ups-auction-ladder,FALSE,DL-T3,1,,idp-linear-1source,1.0,1.0,
Ryan Eckley,PN,BAL,,FA,,,,,,,1.0,1.0,1.0,1.0,0.0,n/a - auction win = 1yr Vet-FAA at price paid,ups-auction-ladder,FALSE,PN-T1,1,,none,1.0,1.0,
Ryan Fitzgerald,PK,CAR,,FA,,,,,,,1.0,1.0,1.0,1.0,0.0,n/a - auction win = 1yr Vet-FAA at price paid,ups-auction-ladder,FALSE,PK-T1,1,,none,1.0,1.0,
Ryan Wright,PN,NOS,26.1,FA,,,,,,,1.0,1.0,1.0,1.0,0.0,n/a - auction win = 1yr Vet-FAA at price paid,ups-auction-ladder,FALSE,PN-T1,1,,none,1.0,1.0,
Sam Franklin,S,BUF,30.5,FA,,,,,,,1.0,0.9,1.0,0.9,0.0,n/a - auction win = 1yr Vet-FAA at price paid,ups-auction-ladder,FALSE,DB-T2,1,,idp-linear-1source,1.0,1.0,
Sam Martin,PN,CAR,36.4,FA,,,,,,,1.0,0.7,1.0,0.7,0.0,n/a - auction win = 1yr Vet-FAA at price paid,ups-auction-ladder,FALSE,PN-T1,1,,none,1.0,1.0,
Sam Okuayinonu,DE,SFO,28.2,FA,,,,,,,1.0,1.0,1.0,1.0,0.0,n/a - auction win = 1yr Vet-FAA at price paid,ups-auction-ladder,FALSE,DL-T3,1,,idp-linear-1source,1.0,1.0,
Sam Roberts,DT,NYG,28.3,FA,,,,,,,1.0,1.0,1.0,1.0,0.0,n/a - auction win = 1yr Vet-FAA at price paid,ups-auction-ladder,FALSE,DL-T3,1,,idp-linear-1source,1.0,1.0,
Samson Ebukam,DE,ATL,31.2,FA,,,,,,,1.0,0.9,1.0,0.9,0.0,n/a - auction win = 1yr Vet-FAA at price paid,ups-auction-ladder,FALSE,DL-T3,1,,idp-linear-1source,1.0,1.0,
Sauce Gardner,CB,IND,25.9,FA,,,,,,,1.0,1.0,1.0,1.0,0.0,n/a - auction win = 1yr Vet-FAA at price paid,ups-auction-ladder,FALSE,DB-T2,1,,idp-linear-1source,1.0,1.0,
Sean Murphy-Bunting,CB,ARI,29.1,FA,,,,,,,1.0,0.9,1.0,0.9,0.0,n/a - auction win = 1yr Vet-FAA at price paid,ups-auction-ladder,FALSE,DB-T2,1,,idp-linear-1source,1.0,1.0,
Segun Olubi,LB,LVR,26.7,FA,,,,,,,1.0,1.0,1.0,1.0,0.0,n/a - auction win = 1yr Vet-FAA at price paid,ups-auction-ladder,FALSE,LB-T2,1,,idp-linear-1source,1.0,1.0,
Shaka Heyward,LB,CIN,26.3,FA,,,,,,,1.0,1.0,1.0,1.0,0.0,n/a - auction win = 1yr Vet-FAA at price paid,ups-auction-ladder,FALSE,LB-T2,1,,idp-linear-1source,1.0,1.0,
Shaun Dolac,LB,LAR,24.9,FA,,,,,,,1.0,1.1,1.0,1.1,0.0,n/a - auction win = 1yr Vet-FAA at price paid,ups-auction-ladder,FALSE,LB-T2,1,,idp-linear-1source,1.0,1.0,
Shavon Revel,CB,DAL,25.3,FA,,,,,,,1.0,1.1,1.0,1.1,0.0,n/a - auction win = 1yr Vet-FAA at price paid,ups-auction-ladder,FALSE,DB-T2,1,,idp-linear-1source,1.0,1.0,
Shelby Harris,DT,NYG,34.9,FA,,,,,,,1.0,0.8,1.0,0.8,0.0,n/a - auction win = 1yr Vet-FAA at price paid,ups-auction-ladder,FALSE,DL-T3,1,,idp-linear-1source,1.0,1.0,
Sheldon Rankins,DT,HOU,32.3,FA,,,,,,,1.0,0.8,1.0,0.8,0.0,n/a - auction win = 1yr Vet-FAA at price paid,ups-auction-ladder,FALSE,DL-T3,1,,idp-linear-1source,1.0,1.0,
Shemar James,LB,DAL,22.1,FA,,,,,,,1.0,1.1,1.0,1.1,0.0,n/a - auction win = 1yr Vet-FAA at price paid,ups-auction-ladder,FALSE,LB-T2,1,,idp-linear-1source,1.0,1.0,
Shemar Stewart,DE,CIN,22.7,FA,,,,,,,1.0,1.1,1.0,1.1,0.0,n/a - auction win = 1yr Vet-FAA at price paid,ups-auction-ladder,FALSE,DL-T3,1,,idp-linear-1source,1.0,1.0,
Shemar Turner,DT,CHI,23.5,FA,,,,,,,1.0,1.1,1.0,1.1,0.0,n/a - auction win = 1yr Vet-FAA at price paid,ups-auction-ladder,FALSE,DL-T3,1,,idp-linear-1source,1.0,1.0,
Sione Takitaki,LB,MIN,31.1,FA,,,,,,,1.0,0.9,1.0,0.9,0.0,n/a - auction win = 1yr Vet-FAA at price paid,ups-auction-ladder,FALSE,LB-T2,1,,idp-linear-1source,1.0,1.0,
SirVocea Dennis,LB,TBB,26.4,FA,,,,,,,1.0,1.0,1.0,1.0,0.0,n/a - auction win = 1yr Vet-FAA at price paid,ups-auction-ladder,FALSE,LB-T2,1,,idp-linear-1source,1.0,1.0,
Smael Mondon,LB,PHI,23.4,FA,,,,,,,1.0,1.1,1.0,1.1,0.0,n/a - auction win = 1yr Vet-FAA at price paid,ups-auction-ladder,FALSE,LB-T2,1,,idp-linear-1source,1.0,1.0,
Solomon Thomas,DT,TEN,30.9,FA,,,,,,,1.0,0.9,1.0,0.9,0.0,n/a - auction win = 1yr Vet-FAA at price paid,ups-auction-ladder,FALSE,DL-T3,1,,idp-linear-1source,1.0,1.0,
Spencer Shrader,PK,IND,27.2,FA,,,,,,,1.0,1.0,1.0,1.0,0.0,n/a - auction win = 1yr Vet-FAA at price paid,ups-auction-ladder,FALSE,PK-T1,1,,none,1.0,1.0,
Storm Duck,CB,MIA,25.6,FA,,,,,,,1.0,1.0,1.0,1.0,0.0,n/a - auction win = 1yr Vet-FAA at price paid,ups-auction-ladder,FALSE,DB-T2,1,,idp-linear-1source,1.0,1.0,
Sydney Brown,S,ATL,26.3,FA,,,,,,,1.0,1.0,1.0,1.0,0.0,n/a - auction win = 1yr Vet-FAA at price paid,ups-auction-ladder,FALSE,DB-T2,1,,idp-linear-1source,1.0,1.0,
T'Vondre Sweat,DT,NYJ,25.0,FA,,,,,,,1.0,1.1,1.0,1.1,0.0,n/a - auction win = 1yr Vet-FAA at price paid,ups-auction-ladder,FALSE,DL-T3,1,,idp-linear-1source,1.0,1.0,
T.J. Parker,DE,BUF,21.8,FA,,,,,,,1.0,1.2,1.0,1.2,0.0,n/a - auction win = 1yr Vet-FAA at price paid,ups-auction-ladder,FALSE,DL-T3,1,,idp-linear-1source,1.0,1.0,
T.J. Sanders,DT,BUF,23.0,FA,,,,,,,1.0,1.1,1.0,1.1,0.0,n/a - auction win = 1yr Vet-FAA at price paid,ups-auction-ladder,FALSE,DL-T3,1,,idp-linear-1source,1.0,1.0,
T.J. Watt,DE,PIT,31.8,FA,,,,,,,1.0,0.9,1.0,0.9,0.0,n/a - auction win = 1yr Vet-FAA at price paid,ups-auction-ladder,FALSE,DL-T3,2,2.8,idp-linear-1source,1.0,1.0,42.0
TJ Hall,CB,NOS,22.2,FA,,,,,,,1.0,1.1,1.0,1.1,0.0,n/a - auction win = 1yr Vet-FAA at price paid,ups-auction-ladder,FALSE,DB-T2,1,,idp-linear-1source,1.0,1.0,
Tacario Davis,CB,CIN,21.9,FA,,,,,,,1.0,1.2,1.0,1.2,0.0,n/a - auction win = 1yr Vet-FAA at price paid,ups-auction-ladder,FALSE,DB-T2,1,,idp-linear-1source,1.0,1.0,
Tarheeb Still,CB,LAC,24.1,FA,,,,,,,1.0,1.1,1.0,1.1,0.0,n/a - auction win = 1yr Vet-FAA at price paid,ups-auction-ladder,FALSE,DB-T2,1,,idp-linear-1source,1.0,1.0,
Tariq Woolen,CB,PHI,27.2,FA,,,,,,,1.0,1.0,1.0,1.0,0.0,n/a - auction win = 1yr Vet-FAA at price paid,ups-auction-ladder,FALSE,DB-T2,1,,idp-linear-1source,1.0,1.0,
Taron Johnson,CB,LVR,30.0,FA,,,,,,,1.0,0.9,1.0,0.9,0.0,n/a - auction win = 1yr Vet-FAA at price paid,ups-auction-ladder,FALSE,DB-T2,1,,idp-linear-1source,1.0,1.0,
Tatum Bethune,LB,SFO,25.4,FA,,,,,,,1.0,1.0,1.0,1.0,0.0,n/a - auction win = 1yr Vet-FAA at price paid,ups-auction-ladder,FALSE,LB-T2,1,,idp-linear-1source,1.0,1.0,
Taven Bryan,DT,BAL,30.4,FA,,,,,,,1.0,0.9,1.0,0.9,0.0,n/a - auction win = 1yr Vet-FAA at price paid,ups-auction-ladder,FALSE,DL-T3,1,,idp-linear-1source,1.0,1.0,
Tavierre Thomas,CB,MIN,30.4,FA,,,,,,,1.0,0.9,1.0,0.9,0.0,n/a - auction win = 1yr Vet-FAA at price paid,ups-auction-ladder,FALSE,DB-T2,1,,idp-linear-1source,1.0,1.0,
Tavius Robinson,DE,BAL,27.6,FA,,,,,,,1.0,1.0,1.0,1.0,0.0,n/a - auction win = 1yr Vet-FAA at price paid,ups-auction-ladder,FALSE,DL-T3,1,,idp-linear-1source,1.0,1.0,
Teair Tart,DT,LAC,29.4,FA,,,,,,,1.0,0.9,1.0,0.9,0.0,n/a - auction win = 1yr Vet-FAA at price paid,ups-auction-ladder,FALSE,DL-T3,1,,idp-linear-1source,1.0,1.0,
Teddye Buchanan,LB,BAL,23.8,FA,,,,,,,1.0,1.1,1.0,1.1,0.0,n/a - auction win = 1yr Vet-FAA at price paid,ups-auction-ladder,FALSE,LB-T2,1,,idp-linear-1source,1.0,1.0,
Terell Smith,CB,CHI,27.0,FA,,,,,,,1.0,1.0,1.0,1.0,0.0,n/a - auction win = 1yr Vet-FAA at price paid,ups-auction-ladder,FALSE,DB-T2,1,,idp-linear-1source,1.0,1.0,
Terrel Bernard,LB,BUF,27.2,FA,,,,,,,1.0,1.0,1.0,1.0,0.0,n/a - auction win = 1yr Vet-FAA at price paid,ups-auction-ladder,FALSE,LB-T2,2,0.0,idp-linear-1source,1.0,1.0,51.4
Tershawn Wharton,DT,CAR,28.1,FA,,,,,,,1.0,1.0,1.0,1.0,0.0,n/a - auction win = 1yr Vet-FAA at price paid,ups-auction-ladder,FALSE,DL-T3,1,,idp-linear-1source,1.0,1.0,
Theo Jackson,S,MIN,27.8,FA,,,,,,,1.0,1.0,1.0,1.0,0.0,n/a - auction win = 1yr Vet-FAA at price paid,ups-auction-ladder,FALSE,DB-T2,1,,idp-linear-1source,1.0,1.0,
Thomas Booker,DE,LVR,26.7,FA,,,,,,,1.0,1.0,1.0,1.0,0.0,n/a - auction win = 1yr Vet-FAA at price paid,ups-auction-ladder,FALSE,DL-T3,1,,idp-linear-1source,1.0,1.0,
Thomas Harper,S,DET,25.7,FA,,,,,,,1.0,1.0,1.0,1.0,0.0,n/a - auction win = 1yr Vet-FAA at price paid,ups-auction-ladder,FALSE,DB-T2,1,,idp-linear-1source,1.0,1.0,
Tim Settle,DT,WAS,29.0,FA,,,,,,,1.0,0.9,1.0,0.9,0.0,n/a - auction win = 1yr Vet-FAA at price paid,ups-auction-ladder,FALSE,DL-T3,1,,idp-linear-1source,1.0,1.0,
Tommy Eichenberg,LB,LVR,25.5,FA,,,,,,,1.0,1.0,1.0,1.0,0.0,n/a - auction win = 1yr Vet-FAA at price paid,ups-auction-ladder,FALSE,LB-T2,1,,idp-linear-1source,1.0,1.0,
Tommy Togiai,DT,HOU,26.8,FA,,,,,,,1.0,1.0,1.0,1.0,0.0,n/a - auction win = 1yr Vet-FAA at price paid,ups-auction-ladder,FALSE,DL-T3,1,,idp-linear-1source,1.0,1.0,
Tommy Townsend,PN,TEN,29.7,FA,,,,,,,1.0,0.9,1.0,0.9,0.0,n/a - auction win = 1yr Vet-FAA at price paid,ups-auction-ladder,FALSE,PN-T1,1,,none,1.0,1.0,
Tony Adams,S,TEN,27.5,FA,,,,,,,1.0,1.0,1.0,1.0,0.0,n/a - auction win = 1yr Vet-FAA at price paid,ups-auction-ladder,FALSE,DB-T2,1,,idp-linear-1source,1.0,1.0,
Tony Jefferson,S,LAC,34.5,FA,,,,,,,1.0,0.8,1.0,0.8,0.0,n/a - auction win = 1yr Vet-FAA at price paid,ups-auction-ladder,FALSE,DB-T2,1,,idp-linear-1source,1.0,1.0,
Travis Jones,DT,BAL,26.8,FA,,,,,,,1.0,1.0,1.0,1.0,0.0,n/a - auction win = 1yr Vet-FAA at price paid,ups-auction-ladder,FALSE,DL-T3,1,,idp-linear-1source,1.0,1.0,
Tre'Davious White,CB,BUF,31.5,FA,,,,,,,1.0,0.9,1.0,0.9,0.0,n/a - auction win = 1yr Vet-FAA at price paid,ups-auction-ladder,FALSE,DB-T2,1,,idp-linear-1source,1.0,1.0,
Trent McDuffie,CB,LAR,25.9,FA,,,,,,,1.0,1.0,1.0,1.0,0.0,n/a - auction win = 1yr Vet-FAA at price paid,ups-auction-ladder,FALSE,DB-T2,1,,idp-linear-1source,1.0,1.0,
Trenton Simpson,LB,BAL,25.1,FA,,,,,,,1.0,1.1,1.0,1.1,0.0,n/a - auction win = 1yr Vet-FAA at price paid,ups-auction-ladder,FALSE,LB-T2,1,,idp-linear-1source,1.0,1.0,
Tress Way,PN,WAS,36.3,FA,,,,,,,1.0,0.7,1.0,0.7,0.0,n/a - auction win = 1yr Vet-FAA at price paid,ups-auction-ladder,FALSE,PN-T1,1,,none,1.0,1.0,
Trey Amos,CB,WAS,24.4,FA,,,,,,,1.0,1.1,1.0,1.1,0.0,n/a - auction win = 1yr Vet-FAA at price paid,ups-auction-ladder,FALSE,DB-T2,1,,idp-linear-1source,1.0,1.0,
Trikweze Bridges,S,DAL,25.8,FA,,,,,,,1.0,1.0,1.0,1.0,0.0,n/a - auction win = 1yr Vet-FAA at price paid,ups-auction-ladder,FALSE,DB-T2,1,,idp-linear-1source,1.0,1.0,
Tristin McCollum,S,LVR,27.2,FA,,,,,,,1.0,1.0,1.0,1.0,0.0,n/a - auction win = 1yr Vet-FAA at price paid,ups-auction-ladder,FALSE,DB-T2,1,,idp-linear-1source,1.0,1.0,
Troy Andersen,LB,ATL,27.3,FA,,,,,,,1.0,1.0,1.0,1.0,0.0,n/a - auction win = 1yr Vet-FAA at price paid,ups-auction-ladder,FALSE,LB-T2,1,,idp-linear-1source,1.0,1.0,
Troy Dye,LB,LAC,29.8,FA,,,,,,,1.0,0.9,1.0,0.9,0.0,n/a - auction win = 1yr Vet-FAA at price paid,ups-auction-ladder,FALSE,LB-T2,1,,idp-linear-1source,1.0,1.0,
Ty Hamilton,DT,LAR,24.3,FA,,,,,,,1.0,1.1,1.0,1.1,0.0,n/a - auction win = 1yr Vet-FAA at price paid,ups-auction-ladder,FALSE,DL-T3,1,,idp-linear-1source,1.0,1.0,
Ty Okada,S,SEA,27.1,FA,,,,,,,1.0,1.0,1.0,1.0,0.0,n/a - auction win = 1yr Vet-FAA at price paid,ups-auction-ladder,FALSE,DB-T2,1,,idp-linear-1source,1.0,1.0,
Ty'Ron Hopper,LB,GBP,25.2,FA,,,,,,,1.0,1.1,1.0,1.1,0.0,n/a - auction win = 1yr Vet-FAA at price paid,ups-auction-ladder,FALSE,LB-T2,1,,idp-linear-1source,1.0,1.0,
Tyler Baron,DE,NYJ,24.8,FA,,,,,,,1.0,1.1,1.0,1.1,0.0,n/a - auction win = 1yr Vet-FAA at price paid,ups-auction-ladder,FALSE,DL-T3,1,,idp-linear-1source,1.0,1.0,
Tyler Bass,PK,BUF,29.4,FA,,,,,,,1.0,0.9,1.0,0.9,0.0,n/a - auction win = 1yr Vet-FAA at price paid,ups-auction-ladder,FALSE,PK-T1,1,,none,1.0,1.0,
Tyler Lacy,DT,DET,26.7,FA,,,,,,,1.0,1.0,1.0,1.0,0.0,n/a - auction win = 1yr Vet-FAA at price paid,ups-auction-ladder,FALSE,DL-T3,1,,idp-linear-1source,1.0,1.0,
Tyrel Dodson,LB,MIA,28.1,FA,,,,,,,1.0,1.0,1.0,1.0,0.0,n/a - auction win = 1yr Vet-FAA at price paid,ups-auction-ladder,FALSE,LB-T2,2,0.5,idp-linear-1source,1.0,1.0,39.7
Tyrice Knight,LB,SEA,25.6,FA,,,,,,,1.0,1.0,1.0,1.0,0.0,n/a - auction win = 1yr Vet-FAA at price paid,ups-auction-ladder,FALSE,LB-T2,1,,idp-linear-1source,1.0,1.0,
Tyrion Ingram-Dawkins,DT,MIN,23.1,FA,,,,,,,1.0,1.1,1.0,1.1,0.0,n/a - auction win = 1yr Vet-FAA at price paid,ups-auction-ladder,FALSE,DL-T3,1,,idp-linear-1source,1.0,1.0,
Tyrique Stevenson,CB,CHI,26.2,FA,,,,,,,1.0,1.0,1.0,1.0,0.0,n/a - auction win = 1yr Vet-FAA at price paid,ups-auction-ladder,FALSE,DB-T2,1,,idp-linear-1source,1.0,1.0,
Tyson Campbell,CB,CLE,26.3,FA,,,,,,,1.0,1.0,1.0,1.0,0.0,n/a - auction win = 1yr Vet-FAA at price paid,ups-auction-ladder,FALSE,DB-T2,1,,idp-linear-1source,1.0,1.0,
Uchenna Nwosu,DE,SEA,29.6,FA,,,,,,,1.0,0.9,1.0,0.9,0.0,n/a - auction win = 1yr Vet-FAA at price paid,ups-auction-ladder,FALSE,DL-T3,1,,idp-linear-1source,1.0,1.0,
Upton Stout,CB,SFO,24.5,FA,,,,,,,1.0,1.1,1.0,1.1,0.0,n/a - auction win = 1yr Vet-FAA at price paid,ups-auction-ladder,FALSE,DB-T2,1,,idp-linear-1source,1.0,1.0,
Ventrell Miller,LB,JAC,27.5,FA,,,,,,,1.0,1.0,1.0,1.0,0.0,n/a - auction win = 1yr Vet-FAA at price paid,ups-auction-ladder,FALSE,LB-T2,1,,idp-linear-1source,1.0,1.0,
Vernon Broughton,DT,NOS,25.0,FA,,,,,,,1.0,1.1,1.0,1.1,0.0,n/a - auction win = 1yr Vet-FAA at price paid,ups-auction-ladder,FALSE,DL-T3,1,,idp-linear-1source,1.0,1.0,
Victor Dimukeje,DE,NYG,26.7,FA,,,,,,,1.0,1.0,1.0,1.0,0.0,n/a - auction win = 1yr Vet-FAA at price paid,ups-auction-ladder,FALSE,DL-T3,1,,idp-linear-1source,1.0,1.0,
Vita Vea,DT,TBB,31.5,FA,,,,,,,1.0,0.9,1.0,0.9,0.0,n/a - auction win = 1yr Vet-FAA at price paid,ups-auction-ladder,FALSE,DL-T3,1,,idp-linear-1source,1.0,1.0,
Wade Woodaz,LB,HOU,22.5,FA,,,,,,,1.0,1.1,1.0,1.1,0.0,n/a - auction win = 1yr Vet-FAA at price paid,ups-auction-ladder,FALSE,LB-T2,1,,idp-linear-1source,1.0,1.0,
Walter Nolen,DT,ARI,22.8,FA,,,,,,,1.0,1.1,1.0,1.1,0.0,n/a - auction win = 1yr Vet-FAA at price paid,ups-auction-ladder,FALSE,DL-T3,1,,idp-linear-1source,1.0,1.0,
Wesley Williams,DE,JAC,,FA,,,,,,,1.0,1.0,1.0,1.0,0.0,n/a - auction win = 1yr Vet-FAA at price paid,ups-auction-ladder,FALSE,DL-T3,1,,idp-linear-1source,1.0,1.0,
Will Harris,S,WAS,30.6,FA,,,,,,,1.0,0.9,1.0,0.9,0.0,n/a - auction win = 1yr Vet-FAA at price paid,ups-auction-ladder,FALSE,DB-T2,1,,idp-linear-1source,1.0,1.0,
Will Johnson,CB,ARI,23.3,FA,,,,,,,1.0,1.1,1.0,1.1,0.0,n/a - auction win = 1yr Vet-FAA at price paid,ups-auction-ladder,FALSE,DB-T2,1,,idp-linear-1source,1.0,1.0,
Will Reichard,PK,MIN,25.5,FA,,,,,,,1.0,1.0,1.0,1.0,0.0,n/a - auction win = 1yr Vet-FAA at price paid,ups-auction-ladder,FALSE,PK-T1,1,,none,1.0,1.0,
Willie Gay,LB,MIA,28.4,FA,,,,,,,1.0,1.0,1.0,1.0,0.0,n/a - auction win = 1yr Vet-FAA at price paid,ups-auction-ladder,FALSE,LB-T2,1,,idp-linear-1source,1.0,1.0,
Winston Reid,LB,CLE,27.0,FA,,,,,,,1.0,1.0,1.0,1.0,0.0,n/a - auction win = 1yr Vet-FAA at price paid,ups-auction-ladder,FALSE,LB-T2,1,,idp-linear-1source,1.0,1.0,
YaYa Diaby,DE,TBB,27.1,FA,,,,,,,1.0,1.0,1.0,1.0,0.0,n/a - auction win = 1yr Vet-FAA at price paid,ups-auction-ladder,FALSE,DL-T3,1,,idp-linear-1source,1.0,1.0,
Zach Cunningham,LB,DET,31.6,FA,,,,,,,1.0,0.9,1.0,0.9,0.0,n/a - auction win = 1yr Vet-FAA at price paid,ups-auction-ladder,FALSE,LB-T2,1,,idp-linear-1source,1.0,1.0,
Zach Harrison,DE,ATL,24.9,FA,,,,,,,1.0,1.1,1.0,1.1,0.0,n/a - auction win = 1yr Vet-FAA at price paid,ups-auction-ladder,FALSE,DL-T3,1,,idp-linear-1source,1.0,1.0,
Zach Sieler,DT,MIA,30.9,FA,,,,,,,1.0,0.9,1.0,0.9,0.0,n/a - auction win = 1yr Vet-FAA at price paid,ups-auction-ladder,FALSE,DL-T3,1,,idp-linear-1source,1.0,1.0,
Zane Gonzalez,PK,MIA,31.2,FA,,,,,,,1.0,0.9,1.0,0.9,0.0,n/a - auction win = 1yr Vet-FAA at price paid,ups-auction-ladder,FALSE,PK-T1,1,,none,1.0,1.0,
Zaven Collins,DE,ARI,27.2,FA,,,,,,,1.0,1.0,1.0,1.0,0.0,n/a - auction win = 1yr Vet-FAA at price paid,ups-auction-ladder,FALSE,DL-T3,1,,idp-linear-1source,1.0,1.0,
Zayne Anderson,S,MIA,29.6,FA,,,,,,,1.0,0.9,1.0,0.9,0.0,n/a - auction win = 1yr Vet-FAA at price paid,ups-auction-ladder,FALSE,DB-T2,1,,idp-linear-1source,1.0,1.0,
Zyon McCollum,CB,TBB,27.2,FA,,,,,,,1.0,1.0,1.0,1.0,0.0,n/a - auction win = 1yr Vet-FAA at price paid,ups-auction-ladder,FALSE,DB-T2,1,,idp-linear-1source,1.0,1.0,
Puka Nacua,WR,LAR,25.1,rostered,Real Deal Creel,22,2,Vet-Ext2,22,44,80,114.1,,53,61.1,+10-20K ext (yr 2) / tag 1.10xAAV,affine,FALSE,WR-T1,3,7.9,cardinal-3panel,55.9,56,
Jaxon Smith-Njigba,WR,SEA,24.3,rostered,C-Town Chivalry,1,2,Vet-Ext2-FL,23,70,72,114.0,,64,50.0,+10-20K ext (yr 2) / tag 1.10xAAV,affine,FALSE,WR-T1,3,5.7,cardinal-3panel,50.5,51,
Ashton Jeanty,RB,LVR,22.5,rostered,Pure Greatness,15,2,Rookie-Draft,15,45,59,92.7,,49,43.7,+10-20K ext (yr 2) / tag 1.10xAAV,affine,FALSE,RB-T1,3,7.3,cardinal-3panel,41.8,42,
Drake Maye,QB,NEP,23.8,rostered,Pure Greatness,8,1,Rookie-Draft,8,24,63,89.0,,53,36.0,+10-20K ext / tag 1.10xAAV,affine,FALSE,QB-T1,3,21.4,cardinal-3panel,44.5,44,
Jayden Daniels,QB,WAS,25.5,rostered,C-Town Chivalry,12,1,Rookie-Draft,12,36,63,85.0,,53,32.0,+10-20K ext / tag 1.10xAAV,affine,FALSE,QB-T1,3,1.5,cardinal-3panel,44.5,44,
Omarion Hampton,RB,LAC,23.3,rostered,Blake Bombers,13,2,Rookie-Draft,13,39,55,83.4,,41,42.4,+10-20K ext (yr 2) / tag 1.10xAAV,affine,FALSE,RB-T1,3,10.6,cardinal-3panel,39.1,39,
Caleb Williams,QB,CHI,24.6,rostered,Sex Manther,15,1,Rookie-Draft,15,45,63,82.0,,53,29.0,+10-20K ext / tag 1.10xAAV,affine,FALSE,QB-T1,3,5.2,cardinal-3panel,44.5,44,
Jahmyr Gibbs,RB,DET,24.2,rostered,Pure Greatness,31,2,Vet-Ext2,24,73,60,81.6,,55,26.6,+10-20K ext (yr 2) / tag 1.10xAAV,affine,FALSE,RB-T1,3,18.4,cardinal-3panel,42.5,42,
Bijan Robinson,RB,ATL,24.4,rostered,Cleon Ca$h,35,2,Vet-Ext2,35,70,59,77.7,,72,5.7,+10-20K ext (yr 2) / tag 1.10xAAV,affine,FALSE,RB-T1,3,14.6,cardinal-3panel,41.8,42,
Jaxson Dart,QB,NYG,23.1,rostered,Cleon Ca$h,9,2,Rookie-Draft,9,27,40,76.5,,38,38.5,+10-20K ext (yr 2) / tag 1.10xAAV,dyn_anchor,TRUE,QB-T1,3,8.0,cardinal-3panel,29.0,30,
Brock Bowers,TE,LVR,23.5,rostered,C-Town Chivalry,9,1,Rookie-Draft,9,27,28,75.0,,49,26.0,+10-20K ext / tag 1.10xAAV,dyn_anchor,TRUE,TE-T1,3,26.2,cardinal-3panel,21.0,35,
Colston Loveland,TE,CHI,22.2,rostered,Cleon Ca$h,5,2,Rookie-Draft,5,15,20,68.6,,34,34.6,+10-20K ext (yr 2) / tag 1.10xAAV,dyn_anchor,TRUE,TE-T1,3,21.3,cardinal-3panel,15.6,24,
Emeka Egbuka,WR,TBB,23.7,rostered,CBP,5,2,Rookie-Draft,5,15,32,67.6,,33,34.6,+10-20K ext (yr 2) / tag 1.10xAAV,dyn_anchor,TRUE,WR-T2,3,12.1,cardinal-3panel,23.6,24,
Tetairoa McMillan,WR,CAR,23.2,rostered,C-Town Chivalry,7,2,Rookie-Draft,7,21,34,66.6,,34,32.6,+10-20K ext (yr 2) / tag 1.10xAAV,affine,FALSE,WR-T2,3,10.1,cardinal-3panel,25.0,25,
Malik Nabers,WR,NYG,22.9,rostered,Cleon Ca$h,13,1,Rookie-Draft,13,39,40,64.0,,45,19.0,+10-20K ext / tag 1.10xAAV,dyn_anchor,TRUE,WR-T2,3,8.0,cardinal-3panel,29.0,32,
Jeremiyah Love,RB,ARI,NA,rostered,Cleon Ca$h,15,3,Rookie-Draft,15,45,36,62.5,,45,17.5,+10-20K ext (yr 3) / tag 1.10xAAV,affine,FALSE,RB-T1,3,11.2,cardinal-3panel,26.3,26,
Tyler Warren,TE,IND,24.1,rostered,The Long Haulers,5,2,Rookie-Draft,5,15,16,61.9,,31,30.9,+10-20K ext (yr 2) / tag 1.10xAAV,dyn_anchor,TRUE,TE-T1,3,23.2,cardinal-3panel,12.9,22,
Luther Burden III,WR,CHI,22.5,rostered,HammerTime 🔨 ⏰,5,2,Rookie-Draft,5,15,32,60.6,,26,34.6,+10-20K ext (yr 2) / tag 1.10xAAV,affine,FALSE,WR-T2,2,14.2,cardinal-3panel,23.6,24,
Ja'Marr Chase,WR,CIN,26.3,rostered,HammerTime 🔨 ⏰,26,2,Vet-Ext2-BL,64,129,83,57.9,,73,-15.1,+10-20K ext (yr 2) / tag 1.10xAAV,affine,FALSE,WR-T2,3,6.2,cardinal-3panel,57.9,58,
Bo Nix,QB,DEN,26.3,rostered,L.A. Looks,5,1,Rookie-Draft,5,15,33,56.0,,34,22.0,+10-20K ext / tag 1.10xAAV,dyn_anchor,TRUE,QB-T2,3,8.9,cardinal-3panel,24.3,27,
Trey McBride,TE,ARI,26.6,rostered,HammerTime 🔨 ⏰,35,1,Vet-Ext2-BL,22,44,20,55.0,,45,10.0,+10-20K ext / tag 1.10xAAV,dyn_anchor,TRUE,TE-T1,3,22.7,cardinal-3panel,15.6,32,
De'Von Achane,RB,MIA,24.7,rostered,Sex Manther,10,2,Vet-Ext2-BL,25,50,54,54.9,,37,17.9,+10-20K ext (yr 2) / tag 1.10xAAV,affine,FALSE,RB-T1,3,15.4,cardinal-3panel,38.4,38,
Amon-Ra St. Brown,WR,DET,26.7,rostered,Gride,51,1,Tag,51,51,72,53.0,,53,0.0,+10-20K ext / tag 1.10xAAV,affine,FALSE,WR-T2,3,4.9,cardinal-3panel,50.5,51,
Harold Fannin Jr.,TE,CLE,21.9,rostered,Sex Manther,5,2,Rookie-Draft,5,15,13,52.4,,27,25.4,+10-20K ext (yr 2) / tag 1.10xAAV,dyn_anchor,TRUE,TE-T1,2,11.3,cardinal-3panel,10.9,19,
Justin Jefferson,WR,MIN,27,rostered,Pure Greatness,71,1,Vet-Ext2-BL,48,96,66,50.0,,52,-2.0,+10-20K ext / tag 1.10xAAV,affine,FALSE,WR-T2,3,6.8,cardinal-3panel,46.5,46,
Fernando Mendoza,QB,LVR,NA,rostered,The Long Haulers,13,3,Rookie-Draft,13,39,6,48.7,,27,21.7,+10-20K ext (yr 3) / tag 1.10xAAV,dyn_anchor,TRUE,QB-T2,3,19.8,cardinal-3panel,6.2,22,
Ladd McConkey,WR,LAC,24.6,rostered,HammerTime 🔨 ⏰,5,1,Rookie-Draft,5,15,34,48.0,,28,20.0,+10-20K ext / tag 1.10xAAV,affine,FALSE,WR-T2,3,13.4,cardinal-3panel,25.0,25,
Carnell Tate,WR,TEN,NA,rostered,Hawks,14,3,Rookie-Draft,14,42,22,47.9,,30,17.9,+10-20K ext (yr 3) / tag 1.10xAAV,dyn_anchor,TRUE,WR-T2,3,12.7,cardinal-3panel,16.9,22,
Christian Watson,WR,GBP,27.1,rostered,Real Deal Creel,1,2,Vet-WW,1,3,22,47.3,,18,29.3,+10-20K ext (yr 2) / tag 1.10xAAV,affine,FALSE,WR-T2,3,18.0,cardinal-3panel,16.9,17,
Tyler Shough,QB,NOS,26.7,rostered,CBP,5,2,Rookie-Draft,5,15,24,46.9,,23,23.9,+10-20K ext (yr 2) / tag 1.10xAAV,dyn_anchor,TRUE,QB-T2,3,21.5,cardinal-3panel,18.3,18,
James Cook III,RB,BUF,26.7,rostered,C-Town Chivalry,14,2,Vet-Ext1-BL,32,64,59,45.4,,34,11.4,+10-20K ext (yr 2) / tag 1.10xAAV,affine,FALSE,RB-T1,2,8.1,cardinal-3panel,41.8,42,
Jordyn Tyson,WR,NOS,NA,rostered,Gride,11,3,Rookie-Draft,11,33,19,44.4,,26,18.4,+10-20K ext (yr 3) / tag 1.10xAAV,dyn_anchor,TRUE,WR-T2,3,15.1,cardinal-3panel,14.9,19,
Cam Skattebo,RB,NYG,24.4,rostered,Gride,5,2,Rookie-Draft,5,15,23,43.5,,22,21.5,+10-20K ext (yr 2) / tag 1.10xAAV,affine,FALSE,RB-T1,3,23.3,cardinal-3panel,17.6,18,
Cam Ward,QB,TEN,24.1,rostered,Blake Bombers,10,2,Rookie-Draft,10,30,18,43.1,,25,18.1,+10-20K ext (yr 2) / tag 1.10xAAV,dyn_anchor,TRUE,QB-T2,3,21.2,cardinal-3panel,14.2,20,
Zay Flowers,WR,BAL,25.8,rostered,Pure Greatness,25,2,Vet-Ext2,18,55,38,42.2,,25,17.2,+10-20K ext (yr 2) / tag 1.10xAAV,affine,FALSE,WR-T2,3,12.3,cardinal-3panel,27.7,28,
Jordan Love,QB,GBP,27.6,rostered,CBP,21,1,Vet-Ext2,14,43,26,42.0,,31,11.0,+10-20K ext / tag 1.10xAAV,dyn_anchor,TRUE,QB-T2,3,10.8,cardinal-3panel,19.6,25,
Makai Lemon,WR,PHI,NA,rostered,Hawks,10,3,Rookie-Draft,10,30,16,40.0,,24,16.0,+10-20K ext (yr 3) / tag 1.10xAAV,dyn_anchor,TRUE,WR-T2,3,14.9,cardinal-3panel,12.9,17,
Chase Brown,RB,CIN,26.2,rostered,L.A. Looks,22,2,Vet-Ext2,22,44,44,39.2,,26,13.2,+10-20K ext (yr 2) / tag 1.10xAAV,affine,FALSE,RB-T1,3,16.7,cardinal-3panel,31.7,32,
CeeDee Lamb,WR,DAL,27.2,rostered,Cleon Ca$h,64,1,Vet-Ext2,57,172,68,38.0,,47,-9.0,+10-20K ext / tag 1.10xAAV,affine,FALSE,WR-T2,3,10.4,cardinal-3panel,47.8,48,
Nico Collins,WR,HOU,27.3,rostered,CBP,47,2,Vet-Ext2,37,110,59,36.9,,30,6.9,+10-20K ext (yr 2) / tag 1.10xAAV,affine,FALSE,WR-T2,3,9.2,cardinal-3panel,41.8,42,
Rashee Rice,WR,KCC,26.2,rostered,Sex Manther,10,2,Vet-Ext2-BL,25,50,45,35.3,,24,11.3,+10-20K ext (yr 2) / tag 1.10xAAV,affine,FALSE,WR-T2,3,15.7,cardinal-3panel,32.4,32,
Drake London,WR,ATL,24.9,rostered,Blake Bombers,20,2,Vet-Ext1-BL,48,95,65,33.3,,40,-6.7,+10-20K ext (yr 2) / tag 1.10xAAV,affine,FALSE,WR-T2,3,10.3,cardinal-3panel,45.8,46,
Brian Thomas Jr.,WR,JAC,23.7,rostered,Pure Greatness,5,1,Rookie-Draft,5,15,21,33.0,,22,11.0,+10-20K ext / tag 1.10xAAV,affine,FALSE,WR-T2,2,11.7,cardinal-3panel,16.2,16,
Rome Odunze,WR,CHI,24,rostered,Sex Manther,10,1,Rookie-Draft,10,30,22,33.0,,25,8.0,+10-20K ext / tag 1.10xAAV,dyn_anchor,TRUE,WR-T2,3,14.5,cardinal-3panel,16.9,18,
Trevor Lawrence,QB,JAC,26.7,rostered,The Long Haulers,37,1,Tag,37,37,46,33.0,,37,-4.0,+10-20K ext / tag 1.10xAAV,affine,FALSE,QB-T3,3,9.7,cardinal-3panel,33.0,33,
Tucker Kraft,TE,GBP,25.6,rostered,Cleon Ca$h,12,1,Vet-Ext1,12,12,16,33.0,,25,8.0,+10-20K ext / tag 1.10xAAV,floor,FALSE,TE-T2,3,19.7,cardinal-3panel,12.9,20,
Eli Stowers,TE,PHI,NA,rostered,CBP,5,3,Rookie-Draft,5,15,3,32.9,,16,16.9,+10-20K ext (yr 3) / tag 1.10xAAV,dyn_anchor,TRUE,TE-T2,3,18.3,cardinal-3panel,4.2,12,
Kenyon Sadiq,TE,NYJ,NA,rostered,CBP,8,3,Rookie-Draft,8,24,3,32.8,,19,13.8,+10-20K ext (yr 3) / tag 1.10xAAV,dyn_anchor,TRUE,TE-T2,3,20.1,cardinal-3panel,4.2,14,
Bucky Irving,RB,TBB,23.8,rostered,Pure Greatness,2,1,Rookie-Draft,2,6,14,32.0,,22,10.0,+10-20K ext / tag 1.10xAAV,affine,FALSE,RB-T1,3,21.7,cardinal-3panel,11.5,12,
Brock Purdy,QB,SFO,26.5,rostered,Blake Bombers,22,2,Vet-FAA-FL,28,84,39,31.7,,33,-1.3,+10-20K ext (yr 2) / tag 1.10xAAV,affine,FALSE,QB-T3,3,10.2,cardinal-3panel,28.3,28,
Oronde Gadsden II,TE,LAC,23,rostered,Sex Manther,4,2,Rookie-FAA,4,12,4,30.4,,16,14.4,+10-20K ext (yr 2) / tag 1.10xAAV,dyn_anchor,TRUE,TE-T2,2,11.3,cardinal-3panel,4.8,12,
KC Concepcion,WR,CLE,NA,rostered,Real Deal Creel,9,3,Rookie-Draft,9,27,2,30.1,,19,11.1,+10-20K ext (yr 3) / tag 1.10xAAV,dyn_anchor,TRUE,WR-T2,3,19.9,cardinal-3panel,3.5,14,
TreVeyon Henderson,RB,NEP,23.7,rostered,Real Deal Creel,12,2,Rookie-Draft,12,36,20,29.7,,25,4.7,+10-20K ext (yr 2) / tag 1.10xAAV,affine,FALSE,RB-T1,3,21.2,cardinal-3panel,15.6,16,
Marvin Harrison Jr.,WR,ARI,23.9,rostered,Real Deal Creel,14,1,Rookie-Draft,14,42,18,29.0,,25,4.0,+10-20K ext / tag 1.10xAAV,dyn_anchor,TRUE,WR-T2,3,11.4,cardinal-3panel,14.2,18,
Quinshon Judkins,RB,CLE,22.6,rostered,Blake Bombers,8,2,Rookie-Draft,8,24,13,28.7,,25,3.7,+10-20K ext (yr 2) / tag 1.10xAAV,dyn_anchor,TRUE,RB-T1,3,22.8,cardinal-3panel,10.9,11,
Brenton Strange,TE,JAC,25.5,rostered,Blake Bombers,2,2,Vet-FAA,2,6,4,28.6,,14,14.6,+10-20K ext (yr 2) / tag 1.10xAAV,dyn_anchor,TRUE,TE-T2,3,18.6,cardinal-3panel,4.8,10,
Deshaun Watson,QB,CLE,30.8,rostered,Real Deal Creel,1,2,Vet-FAA,1,3,3,28.4,,8,20.4,+10-20K ext (yr 2) / tag 1.10xAAV,floor,FALSE,QB-T3,3,14.0,cardinal-3panel,4.2,12,
Chris Olave,WR,NOS,26,rostered,Pure Greatness,11,1,Vet-Ext2-FL,31,62,43,28.0,,28,0.0,+10-20K ext / tag 1.10xAAV,affine,FALSE,WR-T2,3,12.0,cardinal-3panel,31.0,31,
Kyren Williams,RB,LAR,25.8,rostered,Hawks,22,1,Vet-Ext2,22,44,36,28.0,,24,4.0,+10-20K ext / tag 1.10xAAV,affine,FALSE,RB-T1,3,21.9,cardinal-3panel,26.3,26,
Tee Higgins,WR,CIN,27.4,rostered,C-Town Chivalry,24,1,Vet-Ext1,24,48,38,28.0,,24,4.0,+10-20K ext / tag 1.10xAAV,affine,FALSE,WR-T2,3,14.9,cardinal-3panel,27.7,28,
Travis Etienne Jr.,RB,NOS,27.4,rostered,Real Deal Creel,19,1,Tag,19,19,36,28.0,,21,7.0,+10-20K ext / tag 1.10xAAV,affine,FALSE,RB-T1,2,11.0,cardinal-3panel,26.3,26,
Alec Pierce,WR,IND,26.1,rostered,L.A. Looks,2,1,Vet-FAA,2,4,15,27.0,,17,10.0,+10-20K ext / tag 1.10xAAV,dyn_anchor,TRUE,WR-T2,3,19.1,cardinal-3panel,12.2,12,
Terry McLaurin,WR,WAS,30.8,rostered,Blake Bombers,8,2,Vet-FAA-BL,19,38,32,24.0,,16,8.0,+10-20K ext (yr 2) / tag 1.10xAAV,affine,FALSE,WR-T2,3,16.4,cardinal-3panel,23.6,24,
Omar Cooper Jr.,WR,NYJ,NA,rostered,Blake Bombers,7,3,Rookie-Draft,7,21,1,23.9,,15,8.9,+10-20K ext (yr 3) / tag 1.10xAAV,dyn_anchor,TRUE,WR-T2,2,11.7,cardinal-3panel,2.8,11,
Denzel Boston,WR,CLE,NA,rostered,Blake Bombers,6,3,Rookie-Draft,6,18,1,23.1,,14,9.1,+10-20K ext (yr 3) / tag 1.10xAAV,dyn_anchor,TRUE,WR-T2,3,20.4,cardinal-3panel,2.8,10,
C.J. Stroud,QB,HOU,24.7,rostered,HammerTime 🔨 ⏰,22,1,Vet-Ext1,22,22,11,23.0,,25,-2.0,+10-20K ext / tag 1.10xAAV,dyn_anchor,TRUE,QB-T3,3,9.5,cardinal-3panel,9.5,20,
Michael Wilson,WR,ARI,26.3,rostered,Hawks,5,2,Vet-MYM,5,15,2,22.9,,14,8.9,+10-20K ext (yr 2) / tag 1.10xAAV,dyn_anchor,TRUE,WR-T2,3,19.6,cardinal-3panel,3.5,10,
Garrett Wilson,WR,NYJ,25.9,rostered,CBP,44,1,Vet-Ext2-BL,34,68,33,21.0,,31,-10.0,+10-20K ext / tag 1.10xAAV,affine,FALSE,WR-T2,3,12.1,cardinal-3panel,24.3,24,
AJ Barner,TE,SEA,24.1,rostered,Blake Bombers,1,1,Vet-FAA,1,2,3,20.0,,12,8.0,+10-20K ext / tag 1.10xAAV,dyn_anchor,TRUE,TE-T3,3,18.9,cardinal-3panel,4.2,9,
Breece Hall,RB,NYJ,25.1,rostered,C-Town Chivalry,35,1,Vet-Ext2,35,70,36,20.0,,29,-9.0,+10-20K ext / tag 1.10xAAV,affine,FALSE,RB-T2,3,10.3,cardinal-3panel,26.3,26,
Ricky Pearsall,WR,SFO,25.8,rostered,CBP,5,1,Rookie-Draft,5,15,2,19.0,,14,5.0,+10-20K ext / tag 1.10xAAV,dyn_anchor,TRUE,WR-T2,3,19.2,cardinal-3panel,3.5,10,
Kenneth Walker III,RB,KCC,25.7,rostered,HammerTime 🔨 ⏰,15,2,Vet-Ext1-BL,37,74,48,18.2,,30,-11.8,+10-20K ext (yr 2) / tag 1.10xAAV,affine,FALSE,RB-T2,2,9.0,cardinal-3panel,34.4,34,
Jalen Coker,WR,CAR,24.6,rostered,L.A. Looks,1,1,Rookie-MYM,1,3,1,18.0,,11,7.0,+10-20K ext / tag 1.10xAAV,dyn_anchor,TRUE,WR-T2,3,20.5,cardinal-3panel,2.8,8,
Antonio Williams,WR,WAS,NA,rostered,Gride,5,3,Rookie-Draft,5,15,1,17.8,,11,6.8,+10-20K ext (yr 3) / tag 1.10xAAV,dyn_anchor,TRUE,WR-T2,3,19.5,cardinal-3panel,2.8,8,
Tank Dell,WR,HOU,26.6,rostered,Sex Manther,1,2,Vet-MYM,1,3,1,17.1,,8,9.1,+10-20K ext (yr 2) / tag 1.10xAAV,dyn_anchor,TRUE,WR-T2,3,17.6,cardinal-3panel,2.8,6,
Bhayshul Tuten,RB,JAC,23.3,rostered,Blake Bombers,,,,,,11,17.0,,17,0.0,expired - tag 1.10xAAV or auction,floor,FALSE,RB-T2,3,22.4,cardinal-3panel,9.5,10,
Jakobi Meyers,WR,JAC,29.6,rostered,Hawks,4,1,Vet-FAA,4,12,2,17.0,,12,5.0,+10-20K ext / tag 1.10xAAV,dyn_anchor,TRUE,WR-T2,3,17.6,cardinal-3panel,3.5,9,
Jalen McMillan,WR,TBB,24.5,rostered,Cleon Ca$h,2,1,Rookie-Draft,2,6,1,17.0,,11,6.0,+10-20K ext / tag 1.10xAAV,dyn_anchor,TRUE,WR-T2,3,20.7,cardinal-3panel,2.8,8,
Josh Downs,WR,IND,24.9,rostered,The Long Haulers,12,1,Vet-Ext1,7,14,2,17.0,,14,3.0,+10-20K ext / tag 1.10xAAV,dyn_anchor,TRUE,WR-T2,3,20.6,cardinal-3panel,3.5,10,
Michael Penix Jr.,QB,ATL,26.1,rostered,HammerTime 🔨 ⏰,5,1,Rookie-Draft,5,15,3,17.0,,12,5.0,+10-20K ext / tag 1.10xAAV,dyn_anchor,TRUE,QB-T4,2,8.4,cardinal-3panel,4.2,10,
Xavier Worthy,WR,KCC,23.1,rostered,Hawks,5,1,Rookie-Draft,5,15,2,17.0,,13,4.0,+10-20K ext / tag 1.10xAAV,dyn_anchor,TRUE,WR-T2,3,19.5,cardinal-3panel,3.5,9,
Mason Taylor,TE,NYJ,22.1,rostered,HammerTime 🔨 ⏰,2,2,Rookie-Draft,2,6,2,16.2,,9,7.2,+10-20K ext (yr 2) / tag 1.10xAAV,dyn_anchor,TRUE,TE-T3,3,16.9,cardinal-3panel,3.5,6,
Jordan Addison,WR,MIN,24.4,rostered,HammerTime 🔨 ⏰,17,1,Vet-Ext1,12,24,4,16.0,,16,0.0,+10-20K ext / tag 1.10xAAV,dyn_anchor,TRUE,WR-T2,3,20.1,cardinal-3panel,4.8,12,
Ty Simpson,QB,LAR,NA,rostered,Blake Bombers,,,,,,2,15.0,,15,0.0,expired - tag 1.10xAAV or auction,dyn_anchor,TRUE,QB-T4,3,20.1,cardinal-3panel,3.5,12,
Chris Brazzell II,WR,CAR,NA,rostered,Gride,2,3,Rookie-Draft,2,6,1,14.3,,7,7.3,+10-20K ext (yr 3) / tag 1.10xAAV,dyn_anchor,TRUE,WR-T2,2,12.1,cardinal-3panel,2.8,5,
Dontayvion Wicks,WR,PHI,25,rostered,The Long Haulers,1,2,Vet-MYM,1,3,1,14.3,,7,7.3,+10-20K ext (yr 2) / tag 1.10xAAV,dyn_anchor,TRUE,WR-T2,3,17.2,cardinal-3panel,2.8,5,
Justin Joly,TE,DEN,NA,rostered,Gride,2,3,Rookie-Draft,2,6,2,14.3,,7,7.3,+10-20K ext (yr 3) / tag 1.10xAAV,dyn_anchor,TRUE,TE-T3,3,13.4,cardinal-3panel,3.5,5,
Sam LaPorta,TE,DET,25.4,rostered,C-Town Chivalry,10,2,Vet-Ext2-BL,25,50,15,14.2,,25,-10.8,+10-20K ext (yr 2) / tag 1.10xAAV,floor,FALSE,TE-T3,3,11.0,cardinal-3panel,12.2,20,
Tyjae Spears,RB,TEN,25,rostered,The Long Haulers,1,3,Vet-ERA,1,3,2,14.2,,8,6.2,+10-20K ext (yr 3) / tag 1.10xAAV,dyn_anchor,TRUE,RB-T2,3,18.2,cardinal-3panel,3.5,4,
Dallas Goedert,TE,PHI,31.5,rostered,Real Deal Creel,7,1,Vet-FAA,7,14,4,14.0,,12,2.0,+10-20K ext / tag 1.10xAAV,dyn_anchor,TRUE,TE-T3,3,17.0,cardinal-3panel,4.8,9,
Jayden Higgins,WR,HOU,23.5,rostered,Sex Manther,,,,,,2,14.0,,14,0.0,expired - tag 1.10xAAV or auction,dyn_anchor,TRUE,WR-T2,3,19.0,cardinal-3panel,3.5,10,
Kyle Monangai,RB,CHI,24,rostered,Gride,,,,,,4,14.0,,14,0.0,expired - tag 1.10xAAV or auction,dyn_anchor,TRUE,RB-T2,3,22.0,cardinal-3panel,4.8,6,
Matthew Golden,WR,GBP,22.9,rostered,Blake Bombers,,,,,,2,14.0,,14,0.0,expired - tag 1.10xAAV or auction,dyn_anchor,TRUE,WR-T2,3,21.8,cardinal-3panel,3.5,10,
Mike Evans,WR,SFO,32.8,rostered,Hawks,24,1,Vet-FAA,24,72,32,14.0,,14,0.0,+10-20K ext / tag 1.10xAAV,affine,FALSE,WR-T2,3,19.0,cardinal-3panel,23.6,24,
Justin Herbert,QB,LAC,28.3,rostered,Cleon Ca$h,51,2,Vet-FAA-FL,51,153,50,13.9,,44,-30.1,+10-20K ext (yr 2) / tag 1.10xAAV,affine,FALSE,QB-T4,3,10.3,cardinal-3panel,35.7,36,
Jacory Croskey-Merritt,RB,WAS,25.2,rostered,Sex Manther,2,2,Rookie-Draft,2,6,2,13.1,,10,3.1,+10-20K ext (yr 2) / tag 1.10xAAV,dyn_anchor,TRUE,RB-T2,3,19.9,cardinal-3panel,3.5,4,
Jake Ferguson,TE,DAL,27.4,rostered,L.A. Looks,21,1,Vet-Ext1,16,32,5,13.0,,15,-2.0,+10-20K ext / tag 1.10xAAV,floor,FALSE,TE-T3,3,18.1,cardinal-3panel,5.5,14,
Keaton Mitchell,RB,LAC,24.4,rostered,CBP,1,2,Vet-WW,1,3,2,13.0,,8,5.0,+10-20K ext (yr 2) / tag 1.10xAAV,floor,FALSE,RB-T2,3,18.4,cardinal-3panel,3.5,4,
Tre Tucker,WR,LVR,25.3,rostered,The Long Haulers,1,1,Vet-WW,1,3,1,13.0,,8,5.0,+10-20K ext / tag 1.10xAAV,dyn_anchor,TRUE,WR-T2,3,18.4,cardinal-3panel,2.8,6,
Woody Marks,RB,HOU,25.5,rostered,The Long Haulers,2,2,Rookie-Draft,2,6,2,12.1,,9,3.1,+10-20K ext (yr 2) / tag 1.10xAAV,floor,FALSE,RB-T2,3,18.1,cardinal-3panel,3.5,4,
Blake Corum,RB,LAR,25.6,rostered,Blake Bombers,,,,,,3,12.0,,12,0.0,expired - tag 1.10xAAV or auction,dyn_anchor,TRUE,RB-T2,3,21.6,cardinal-3panel,4.2,5,
DJ Moore,WR,BUF,29.2,rostered,Gride,21,1,Vet-FAA,21,42,22,12.0,,16,-4.0,+10-20K ext / tag 1.10xAAV,affine,FALSE,WR-T2,3,17.0,cardinal-3panel,16.9,17,
Javonte Williams,RB,DAL,26.1,rostered,HammerTime 🔨 ⏰,30,1,Tag,30,30,30,12.0,,20,-8.0,+10-20K ext / tag 1.10xAAV,affine,FALSE,RB-T2,3,22.3,cardinal-3panel,22.3,22,
Jonah Coleman,RB,DEN,NA,rostered,CBP,,,,,,2,12.0,,12,0.0,expired - tag 1.10xAAV or auction,dyn_anchor,TRUE,RB-T2,3,21.3,cardinal-3panel,3.5,5,
Jonathon Brooks,RB,CAR,22.9,rostered,Sex Manther,7,1,Rookie-Draft,7,21,2,12.0,,13,-1.0,+10-20K ext / tag 1.10xAAV,dyn_anchor,TRUE,RB-T2,3,22.7,cardinal-3panel,3.5,6,
Kayshon Boutte,WR,NEP,24.1,rostered,Real Deal Creel,2,1,Vet-ERA,2,2,1,12.0,,8,4.0,+10-20K ext / tag 1.10xAAV,dyn_anchor,TRUE,WR-T2,3,17.6,cardinal-3panel,2.8,6,
Jack Campbell,LB,DET,25.9,rostered,HammerTime 🔨 ⏰,3,1,Vet-MYM,3,9,7.2,11.7,,7.5,4.2,+3-5K ext / tag 1.10xAAV,ups-auction-ladder,FALSE,LB-T1,2,0.0,idp-linear-1source,7.2,7.2,73.0
Ja'Tavion Sanders,TE,CAR,23.2,rostered,Real Deal Creel,1,2,Vet-MYM,1,3,2,11.4,,6,5.4,+10-20K ext (yr 2) / tag 1.10xAAV,dyn_anchor,TRUE,TE-T3,3,14.6,cardinal-3panel,3.5,4,
Chris Bell,WR,MIA,NA,rostered,Gride,,,,,,1,11.0,,11,0.0,expired - tag 1.10xAAV or auction,dyn_anchor,TRUE,WR-T2,3,19.2,cardinal-3panel,2.8,8,
Dalton Schultz,TE,HOU,29.9,rostered,Pure Greatness,4,1,Vet-FAA,4,12,3,11.0,,9,2.0,+10-20K ext / tag 1.10xAAV,dyn_anchor,TRUE,TE-T3,3,15.5,cardinal-3panel,4.2,6,
Jerry Jeudy,WR,CLE,27.2,rostered,Cleon Ca$h,1,1,Vet-FAA-FL,3,9,1,11.0,,8,3.0,+10-20K ext / tag 1.10xAAV,dyn_anchor,TRUE,WR-T2,3,17.3,cardinal-3panel,2.8,6,
Rico Dowdle,RB,PIT,28,rostered,Blake Bombers,11,1,Vet-Ext1,6,12,4,11.0,,12,-1.0,+10-20K ext / tag 1.10xAAV,dyn_anchor,TRUE,RB-T2,3,20.3,cardinal-3panel,4.8,5,
Shedeur Sanders,QB,CLE,24.4,rostered,Gride,,,,,,2,11.0,,11,0.0,expired - tag 1.10xAAV or auction,dyn_anchor,TRUE,QB-T5,3,18.2,cardinal-3panel,3.5,9,
Terrance Ferguson,TE,LAR,23.3,rostered,Blake Bombers,,,,,,3,11.0,,11,0.0,expired - tag 1.10xAAV or auction,dyn_anchor,TRUE,TE-T3,3,18.9,cardinal-3panel,4.2,8,
Tyrone Tracy Jr.,RB,NYG,26.6,rostered,C-Town Chivalry,2,1,Rookie-Draft,2,6,2,11.0,,9,2.0,+10-20K ext / tag 1.10xAAV,floor,FALSE,RB-T2,2,10.2,cardinal-3panel,3.5,4,
Jadarian Price,RB,SEA,NA,rostered,Gride,12,3,Rookie-Draft,12,36,8,10.9,,21,-10.1,+10-20K ext (yr 3) / tag 1.10xAAV,floor,FALSE,RB-T2,3,23.9,cardinal-3panel,7.5,10,
Cade Otton,TE,TBB,27.2,rostered,The Long Haulers,5,2,Vet-FAA,5,15,3,10.5,,9,1.5,+10-20K ext (yr 2) / tag 1.10xAAV,dyn_anchor,TRUE,TE-T3,3,16.5,cardinal-3panel,4.2,6,
Braelon Allen,RB,NYJ,22.4,rostered,L.A. Looks,2,1,Rookie-Draft,2,6,1,10.0,,8,2.0,+10-20K ext / tag 1.10xAAV,dyn_anchor,TRUE,RB-T2,3,19.3,cardinal-3panel,2.8,4,
Chris Rodriguez Jr.,RB,JAC,25.7,rostered,Blake Bombers,3,1,Vet-ERA,3,3,2,10.0,,9,1.0,+10-20K ext / tag 1.10xAAV,floor,FALSE,RB-T2,2,10.4,cardinal-3panel,3.5,4,
De'Zhaun Stribling,WR,SFO,NA,rostered,Real Deal Creel,,,,,,1,10.0,,10,0.0,expired - tag 1.10xAAV or auction,dyn_anchor,TRUE,WR-T2,3,19.2,cardinal-3panel,2.8,7,
Germie Bernard,WR,PIT,NA,rostered,The Long Haulers,,,,,,1,10.0,,10,0.0,expired - tag 1.10xAAV or auction,dyn_anchor,TRUE,WR-T2,3,19.8,cardinal-3panel,2.8,7,
Michael Mayer,TE,LVR,25,rostered,Real Deal Creel,2,1,Vet-ERA,2,2,2,10.0,,7,3.0,+10-20K ext / tag 1.10xAAV,dyn_anchor,TRUE,TE-T3,3,15.5,cardinal-3panel,3.5,5,
Nicholas Singleton,RB,TEN,NA,rostered,Cleon Ca$h,,,,,,1,10.0,,10,0.0,expired - tag 1.10xAAV or auction,dyn_anchor,TRUE,RB-T2,3,19.9,cardinal-3panel,2.8,4,
Tre' Harris,WR,LAC,24.3,rostered,Cleon Ca$h,,,,,,1,10.0,,10,0.0,expired - tag 1.10xAAV or auction,dyn_anchor,TRUE,WR-T2,3,18.3,cardinal-3panel,2.8,7,
Zach Charbonnet,RB,SEA,25.4,rostered,L.A. Looks,7,1,Vet-ERA,7,7,2,10.0,,12,-2.0,+10-20K ext / tag 1.10xAAV,dyn_anchor,TRUE,RB-T2,3,21.3,cardinal-3panel,3.5,5,
Rashid Shaheed,WR,SEA,27.8,rostered,Blake Bombers,7,2,Vet-ERA,7,21,1,9.6,,10,-0.4,+10-20K ext (yr 2) / tag 1.10xAAV,dyn_anchor,TRUE,WR-T2,3,18.7,cardinal-3panel,2.8,7,
Will Anderson,DE,HOU,24.9,rostered,Blake Bombers,1,1,Vet-MYM,1,3,5.0,9.3,,5.3,4.0,+3-5K ext / tag 1.10xAAV,ups-auction-ladder,FALSE,DL-T1,2,3.2,idp-linear-1source,5.0,5.0,73.3
Adonai Mitchell,WR,NYJ,23.7,rostered,The Long Haulers,,,,,,1,9.0,,9,0.0,expired - tag 1.10xAAV or auction,dyn_anchor,TRUE,WR-T2,3,18.9,cardinal-3panel,2.8,6,
Baker Mayfield,QB,TBB,31.2,rostered,Pure Greatness,26,1,Vet-FAA-FL,31,62,24,9.0,,22,-13.0,+10-20K ext / tag 1.10xAAV,affine,FALSE,QB-T5,3,15.6,cardinal-3panel,18.3,18,
Chris Godwin Jr.,WR,TBB,30.3,rostered,Blake Bombers,10,1,Vet-FAA,10,20,4,9.0,,11,-2.0,+10-20K ext / tag 1.10xAAV,dyn_anchor,TRUE,WR-T2,2,10.0,cardinal-3panel,4.8,8,
Colby Parkinson,TE,LAR,27.4,rostered,L.A. Looks,1,1,Vet-MYM,1,2,3,9.0,,6,3.0,+10-20K ext / tag 1.10xAAV,dyn_anchor,TRUE,TE-T3,3,13.9,cardinal-3panel,4.2,4,
Courtland Sutton,WR,DEN,30.7,rostered,L.A. Looks,15,1,Vet-Ext1,15,30,14,9.0,,12,-3.0,+10-20K ext / tag 1.10xAAV,affine,FALSE,WR-T2,3,16.9,cardinal-3panel,11.5,12,
Dylan Sampson,RB,CLE,21.8,rostered,L.A. Looks,,,,,,2,9.0,,9,0.0,expired - tag 1.10xAAV or auction,dyn_anchor,TRUE,RB-T2,3,19.3,cardinal-3panel,3.5,4,
Eli Raridon,TE,NEP,NA,rostered,Blake Bombers,,,,,,2,9.0,,9,0.0,expired - tag 1.10xAAV or auction,dyn_anchor,TRUE,TE-T3,3,14.2,cardinal-3panel,3.5,6,
Elijah Sarratt,WR,BAL,NA,rostered,Pure Greatness,,,,,,1,9.0,,9,0.0,expired - tag 1.10xAAV or auction,dyn_anchor,TRUE,WR-T2,3,18.4,cardinal-3panel,2.8,6,
Isaac TeSlaa,WR,DET,24.3,rostered,Cleon Ca$h,,,,,,1,9.0,,9,0.0,expired - tag 1.10xAAV or auction,dyn_anchor,TRUE,WR-T2,3,20.0,cardinal-3panel,2.8,6,
J.J. McCarthy,QB,MIN,23.4,rostered,Cleon Ca$h,11,1,Rookie-Draft,11,33,2,9.0,,11,-2.0,+10-20K ext / tag 1.10xAAV,dyn_anchor,TRUE,QB-T5,3,16.3,cardinal-3panel,3.5,9,
Jaylin Noel,WR,HOU,23.8,rostered,Sex Manther,,,,,,1,9.0,,9,0.0,expired - tag 1.10xAAV or auction,dyn_anchor,TRUE,WR-T2,3,18.2,cardinal-3panel,2.8,6,
Malachi Fields,WR,NYG,NA,rostered,The Long Haulers,,,,,,1,9.0,,9,0.0,expired - tag 1.10xAAV or auction,dyn_anchor,TRUE,WR-T2,3,18.8,cardinal-3panel,2.8,6,
Max Klare,TE,LAR,NA,rostered,Pure Greatness,,,,,,2,9.0,,9,0.0,expired - tag 1.10xAAV or auction,dyn_anchor,TRUE,TE-T3,3,16.4,cardinal-3panel,3.5,6,
Zachariah Branch,WR,ATL,NA,rostered,Cleon Ca$h,,,,,,1,9.0,,9,0.0,expired - tag 1.10xAAV or auction,dyn_anchor,TRUE,WR-T2,3,19.5,cardinal-3panel,2.8,6,
Nick Emmanwori,S,SEA,22.5,rostered,L.A. Looks,1,2,Rookie-Draft,1,3,3.5,8.5,,4.0,4.5,+3-5K ext (yr 2) / tag 1.10xAAV,ups-auction-ladder,FALSE,DB-T1,2,2.5,idp-linear-1source,3.5,3.5,63.3
A.J. Brown,WR,NEP,29,rostered,The Long Haulers,56,1,Vet-Ext1,64,129,64,8.0,,27,-19.0,+10-20K ext / tag 1.10xAAV,affine,FALSE,WR-T2,3,7.3,cardinal-3panel,45.1,45,
Carson Beck,QB,ARI,NA,rostered,The Long Haulers,,,,,,2,8.0,,8,0.0,expired - tag 1.10xAAV or auction,dyn_anchor,TRUE,QB-T5,3,17.8,cardinal-3panel,3.5,6,
Elijah Arroyo,TE,SEA,23.2,rostered,Cleon Ca$h,,,,,,2,8.0,,8,0.0,expired - tag 1.10xAAV or auction,dyn_anchor,TRUE,TE-T3,3,18.0,cardinal-3panel,3.5,6,
Emmett Johnson,RB,KCC,NA,rostered,L.A. Looks,,,,,,1,8.0,,8,0.0,expired - tag 1.10xAAV or auction,dyn_anchor,TRUE,RB-T2,3,18.0,cardinal-3panel,2.8,4,
Jack Bech,WR,LVR,23.5,rostered,Gride,,,,,,1,8.0,,8,0.0,expired - tag 1.10xAAV or auction,dyn_anchor,TRUE,WR-T2,3,17.6,cardinal-3panel,2.8,6,
Kaytron Allen,RB,WAS,NA,rostered,Blake Bombers,,,,,,1,8.0,,8,0.0,expired - tag 1.10xAAV or auction,dyn_anchor,TRUE,RB-T2,3,17.9,cardinal-3panel,2.8,4,
Kimani Vidal,RB,LAC,24.8,rostered,Gride,2,1,Rookie-Draft,2,6,1,8.0,,7,1.0,+10-20K ext / tag 1.10xAAV,dyn_anchor,TRUE,RB-T2,3,15.8,cardinal-3panel,2.8,3,
Malik Washington,WR,MIA,25.5,rostered,The Long Haulers,,,,,,1,8.0,,8,0.0,expired - tag 1.10xAAV or auction,dyn_anchor,TRUE,WR-T2,3,18.6,cardinal-3panel,2.8,6,
Oscar Delp,TE,NOS,NA,rostered,Sex Manther,,,,,,2,8.0,,8,0.0,expired - tag 1.10xAAV or auction,dyn_anchor,TRUE,TE-T3,3,14.3,cardinal-3panel,3.5,6,
Pat Bryant,WR,DEN,23.5,rostered,Blake Bombers,,,,,,1,8.0,,8,0.0,expired - tag 1.10xAAV or auction,dyn_anchor,TRUE,WR-T2,3,17.4,cardinal-3panel,2.8,6,
Quentin Johnston,WR,LAC,24.8,rostered,The Long Haulers,18,1,Vet-Ext1,18,18,14,8.0,,14,-6.0,+10-20K ext / tag 1.10xAAV,affine,FALSE,WR-T2,3,22.2,cardinal-3panel,11.5,12,
Skyler Bell,WR,BUF,NA,rostered,HammerTime 🔨 ⏰,,,,,,1,8.0,,8,0.0,expired - tag 1.10xAAV or auction,dyn_anchor,TRUE,WR-T2,3,17.2,cardinal-3panel,2.8,6,
Tank Bigsby,RB,PHI,24.8,rostered,L.A. Looks,4,1,Vet-ERA,4,4,2,8.0,,8,0.0,+10-20K ext / tag 1.10xAAV,dyn_anchor,TRUE,RB-T2,3,18.5,cardinal-3panel,3.5,4,
Ted Hurst III,WR,TBB,NA,rostered,CBP,,,,,,1,8.0,,8,0.0,expired - tag 1.10xAAV or auction,dyn_anchor,TRUE,WR-T2,2,10.5,cardinal-3panel,2.8,6,
Tory Horton,WR,SEA,23.6,rostered,Pure Greatness,,,,,,1,8.0,,8,0.0,expired - tag 1.10xAAV or auction,dyn_anchor,TRUE,WR-T2,3,18.9,cardinal-3panel,2.8,6,
Carson Schwesinger,LB,CLE,23.4,rostered,Sex Manther,1,2,Rookie-Draft,1,3,3.2,7.5,,3.6,3.9,+3-5K ext (yr 2) / tag 1.10xAAV,ups-auction-ladder,FALSE,LB-T2,2,2.2,idp-linear-1source,3.2,3.2,71.7
Elic Ayomanor,WR,TEN,23,rostered,C-Town Chivalry,,,,,,1,7.0,,7,0.0,expired - tag 1.10xAAV or auction,dyn_anchor,TRUE,WR-T2,3,17.8,cardinal-3panel,2.8,5,
J.K. Dobbins,RB,DEN,27.5,rostered,Hawks,9,1,Vet-FAA,9,27,2,7.0,,11,-4.0,+10-20K ext / tag 1.10xAAV,dyn_anchor,TRUE,RB-T2,3,20.9,cardinal-3panel,3.5,5,
Ja'Kobi Lane,WR,BAL,NA,rostered,Hawks,,,,,,1,7.0,,7,0.0,expired - tag 1.10xAAV or auction,dyn_anchor,TRUE,WR-T2,3,17.1,cardinal-3panel,2.8,5,
Jayden Reed,WR,GBP,26.1,rostered,Blake Bombers,15,1,Vet-Ext1,15,15,12,7.0,,12,-5.0,+10-20K ext / tag 1.10xAAV,affine,FALSE,WR-T2,3,20.2,cardinal-3panel,10.2,10,
Mike Washington Jr.,RB,LVR,NA,rostered,The Long Haulers,,,,,,1,7.0,,7,0.0,expired - tag 1.10xAAV or auction,dyn_anchor,TRUE,RB-T2,2,9.7,cardinal-3panel,2.8,3,
Wan'Dale Robinson,WR,TEN,25.5,rostered,Cleon Ca$h,22,1,Vet-Ext1,17,34,2,7.0,,14,-7.0,+10-20K ext / tag 1.10xAAV,dyn_anchor,TRUE,WR-T2,3,19.0,cardinal-3panel,3.5,10,
Xavier Legette,WR,CAR,25.4,rostered,Pure Greatness,2,1,Rookie-Draft,2,6,1,7.0,,5,2.0,+10-20K ext / tag 1.10xAAV,dyn_anchor,TRUE,WR-T2,3,13.6,cardinal-3panel,2.8,4,
Chimere Dike,WR,TEN,24.5,rostered,Hawks,5,2,Rookie-MYM,5,15,1,6.7,,7,-0.3,+10-20K ext (yr 2) / tag 1.10xAAV,dyn_anchor,TRUE,WR-T2,3,16.7,cardinal-3panel,2.8,5,
Tyquan Thornton,WR,KCC,25.9,rostered,Real Deal Creel,1,2,Vet-MYM,1,3,1,6.6,,3,3.6,+10-20K ext (yr 2) / tag 1.10xAAV,affine,FALSE,WR-T2,3,12.9,cardinal-3panel,2.8,3,
Roquan Smith,LB,BAL,29.3,rostered,Cleon Ca$h,1,1,Vet-FAA-FL,4,12,5.2,6.1,,4.9,1.2,+3-5K ext / tag 1.10xAAV,ups-auction-ladder,FALSE,LB-T2,2,4.2,idp-linear-1source,5.2,5.2,72.7
Demond Claiborne,RB,MIN,NA,rostered,HammerTime 🔨 ⏰,,,,,,1,6.0,,6,0.0,expired - tag 1.10xAAV or auction,affine,FALSE,RB-T2,3,15.3,cardinal-3panel,2.8,3,
Drew Allar,QB,PIT,NA,rostered,Hawks,,,,,,0,6.0,,6,0.0,expired - tag 1.10xAAV or auction,dyn_anchor,TRUE,QB-T6,3,14.1,cardinal-3panel,2.1,5,
Emanuel Wilson,RB,SEA,27.1,rostered,Blake Bombers,2,1,Vet-ERA,2,2,1,6.0,,5,1.0,+10-20K ext / tag 1.10xAAV,affine,FALSE,RB-T2,3,13.9,cardinal-3panel,2.8,3,
Jaydon Blue,RB,DAL,22.4,rostered,The Long Haulers,,,,,,1,6.0,,6,0.0,expired - tag 1.10xAAV or auction,affine,FALSE,RB-T2,3,15.5,cardinal-3panel,2.8,3,
Jaylen Wright,RB,MIA,23.2,rostered,C-Town Chivalry,,,,,,1,6.0,,6,0.0,expired - tag 1.10xAAV or auction,affine,FALSE,RB-T2,3,16.4,cardinal-3panel,2.8,3,
Jordan James,RB,SFO,22.2,rostered,Sex Manther,,,,,,1,6.0,,6,0.0,expired - tag 1.10xAAV or auction,affine,FALSE,RB-T2,3,15.7,cardinal-3panel,2.8,3,
Kaelon Black,RB,SFO,NA,rostered,Hawks,,,,,,1,6.0,,6,0.0,expired - tag 1.10xAAV or auction,affine,FALSE,RB-T2,3,15.0,cardinal-3panel,2.8,3,
MarShawn Lloyd,RB,GBP,25.5,rostered,Sex Manther,,,,,,1,6.0,,6,0.0,expired - tag 1.10xAAV or auction,affine,FALSE,RB-T2,3,15.6,cardinal-3panel,2.8,3,
Marvin Mims Jr.,WR,DEN,24.3,rostered,L.A. Looks,1,1,Vet-ERA,1,1,1,6.0,,4,2.0,+10-20K ext / tag 1.10xAAV,dyn_anchor,TRUE,WR-T2,2,12.6,cardinal-3panel,2.8,3,
Ollie Gordon II,RB,MIA,22.4,rostered,The Long Haulers,,,,,,1,6.0,,6,0.0,expired - tag 1.10xAAV or auction,affine,FALSE,RB-T2,2,10.8,cardinal-3panel,2.8,3,
Ray Davis,RB,BUF,26.6,rostered,C-Town Chivalry,,,,,,1,6.0,,6,0.0,expired - tag 1.10xAAV or auction,affine,FALSE,RB-T2,3,14.0,cardinal-3panel,2.8,3,
Sam Darnold,QB,SEA,29,rostered,L.A. Looks,18,2,VET-EXT1,23,46,17,6.0,,20,-14.0,+10-20K ext (yr 2) / tag 1.10xAAV,dyn_anchor,TRUE,QB-T6,3,21.6,cardinal-3panel,13.6,16,
Devin Neal,RB,NOS,22.9,rostered,Gride,2,2,Rookie-Draft,2,6,1,5.4,,4,1.4,+10-20K ext (yr 2) / tag 1.10xAAV,affine,FALSE,RB-T2,3,14.5,cardinal-3panel,2.8,3,
Isaiah Davis,RB,NYJ,24.3,rostered,C-Town Chivalry,1,2,Vet-ERA,1,3,1,5.3,,2,3.3,+10-20K ext (yr 2) / tag 1.10xAAV,affine,FALSE,RB-T2,3,12.7,cardinal-3panel,2.8,3,
Bryce Lance,WR,NOS,NA,rostered,L.A. Looks,,,,,,1,5.0,,5,0.0,expired - tag 1.10xAAV or auction,dyn_anchor,TRUE,WR-T2,3,12.3,cardinal-3panel,2.8,4,
Cade Klubnik,QB,NYJ,NA,rostered,CBP,,,,,,2,5.0,,5,0.0,expired - tag 1.10xAAV or auction,dyn_anchor,TRUE,QB-T6,3,13.6,cardinal-3panel,3.5,4,
Jalen Milroe,QB,SEA,23.5,rostered,C-Town Chivalry,,,,,,2,5.0,,5,0.0,expired - tag 1.10xAAV or auction,dyn_anchor,TRUE,QB-T6,3,16.1,cardinal-3panel,3.5,4,
LeQuint Allen Jr.,RB,JAC,21.9,rostered,Hawks,,,,,,1,5.0,,5,0.0,expired - tag 1.10xAAV or auction,affine,FALSE,RB-T2,2,11.4,cardinal-3panel,2.8,3,
Sean Tucker,RB,TBB,24.6,rostered,Sex Manther,4,1,Vet-ERA,4,4,1,5.0,,6,-1.0,+10-20K ext / tag 1.10xAAV,affine,FALSE,RB-T2,3,16.7,cardinal-3panel,2.8,3,
T.J. Hockenson,TE,MIN,29,rostered,HammerTime 🔨 ⏰,11,2,Vet-MYM,11,33,3,4.8,,11,-6.2,+10-20K ext (yr 2) / tag 1.10xAAV,dyn_anchor,TRUE,TE-T4,3,18.7,cardinal-3panel,4.2,8,
KeAndre Lambert-Smith,WR,LAC,24.7,rostered,The Long Haulers,1,2,Rookie-MYM,1,3,1,4.6,,1,3.6,+10-20K ext (yr 2) / tag 1.10xAAV,affine,FALSE,WR-T2,3,10.5,cardinal-3panel,2.8,3,
Konata Mumpfield,WR,LAR,23.7,rostered,The Long Haulers,1,2,Rookie-MYM,1,3,1,4.6,,1,3.6,+10-20K ext (yr 2) / tag 1.10xAAV,affine,FALSE,WR-T2,3,9.4,cardinal-3panel,2.8,3,
Brian Branch,S,DET,24.8,rostered,C-Town Chivalry,4,1,Vet-ERA,4,4,4.0,4.3,,4.3,0.0,+3-5K ext / tag 1.10xAAV,ups-auction-ladder,FALSE,DB-T2,2,1.2,idp-linear-1source,4.0,4.0,64.3
Eli Heidenreich,RB,PIT,NA,rostered,Blake Bombers,2,3,Rookie-Draft,2,6,1,4.3,,3,1.3,+10-20K ext (yr 3) / tag 1.10xAAV,affine,FALSE,RB-T2,3,11.8,cardinal-3panel,2.8,3,
Ben Sinnott,TE,WAS,24,rostered,HammerTime 🔨 ⏰,,,,,,1,4.0,,4,0.0,expired - tag 1.10xAAV or auction,dyn_anchor,TRUE,TE-T4,3,13.2,cardinal-3panel,2.8,3,
Caleb Douglas,WR,MIA,NA,rostered,Pure Greatness,,,,,,1,4.0,,4,0.0,expired - tag 1.10xAAV or auction,dyn_anchor,TRUE,WR-T2,3,13.5,cardinal-3panel,2.8,3,
DJ Giddens,RB,IND,22.8,rostered,Gride,,,,,,1,4.0,,4,0.0,expired - tag 1.10xAAV or auction,affine,FALSE,RB-T2,3,14.8,cardinal-3panel,2.8,3,
Dont'e Thornton Jr.,WR,LVR,23.6,rostered,Pure Greatness,,,,,,1,4.0,,4,0.0,expired - tag 1.10xAAV or auction,dyn_anchor,TRUE,WR-T2,2,11.0,cardinal-3panel,2.8,3,
Tyson Bagent,QB,CHI,26,rostered,Sex Manther,1,1,Vet-MYM,1,2,2,4.0,,2,2.0,+10-20K ext / tag 1.10xAAV,affine,FALSE,QB-T7,3,9.9,cardinal-3panel,3.5,3,
Xavier McKinney,S,GBP,27.0,rostered,C-Town Chivalry,1,1,Vet-FAA,1,3,2.5,4.0,,2.5,1.5,+3-5K ext / tag 1.10xAAV,ups-auction-ladder,FALSE,DB-T2,2,1.5,idp-linear-1source,2.5,2.5,57.3
Kyle Williams,WR,NEP,23.6,rostered,Sex Manther,5,2,Rookie-Draft,5,15,1,3.8,,6,-2.2,+10-20K ext (yr 2) / tag 1.10xAAV,dyn_anchor,TRUE,WR-T2,3,16.3,cardinal-3panel,2.8,4,
Fred Warner,LB,SFO,29.7,rostered,Hawks,4,1,Vet-FAA,4,12,4.0,3.7,,3.7,0.0,+3-5K ext / tag 1.10xAAV,ups-auction-ladder,FALSE,LB-T3,2,2.2,idp-linear-1source,4.0,4.0,72.3
RJ Harvey,RB,DEN,25.4,rostered,Hawks,11,2,Rookie-Draft,11,33,4,3.4,,14,-10.6,+10-20K ext (yr 2) / tag 1.10xAAV,dyn_anchor,TRUE,RB-T2,3,20.0,cardinal-3panel,4.8,6,
Tahj Brooks,RB,CIN,24.1,rostered,Sex Manther,2,2,Rookie-Draft,2,6,1,3.4,,2,1.4,+10-20K ext (yr 2) / tag 1.10xAAV,affine,FALSE,RB-T2,3,12.5,cardinal-3panel,2.8,3,
Adam Randall,RB,BAL,NA,rostered,Gride,,,,,,1,3.0,,3,0.0,expired - tag 1.10xAAV or auction,affine,FALSE,RB-T2,3,10.4,cardinal-3panel,2.8,3,
Derrick Henry,RB,BAL,32.5,rostered,The Long Haulers,44,1,Vet-Ext1,47,94,44,3.0,,18,-15.0,+10-20K ext / tag 1.10xAAV,affine,FALSE,RB-T2,3,21.0,cardinal-3panel,31.7,32,
Jalen Royals,WR,KCC,23.3,rostered,Cleon Ca$h,,,,,,1,3.0,,3,0.0,expired - tag 1.10xAAV or auction,affine,FALSE,WR-T2,3,13.0,cardinal-3panel,2.8,3,
Kendre Miller,RB,NOS,24,rostered,Real Deal Creel,1,1,Vet-ERA,1,1,0,3.0,,2,1.0,+10-20K ext / tag 1.10xAAV,affine,FALSE,RB-T2,3,12.8,cardinal-3panel,2.1,2,
Kevin Coleman Jr.,WR,MIA,NA,rostered,The Long Haulers,,,,,,1,3.0,,3,0.0,expired - tag 1.10xAAV or auction,affine,FALSE,WR-T2,2,13.1,cardinal-3panel,2.8,3,
Quinn Ewers,QB,MIA,23.1,rostered,The Long Haulers,,,,,,0,3.0,,3,0.0,expired - tag 1.10xAAV or auction,dyn_anchor,TRUE,QB-T8,3,12.8,cardinal-3panel,2.1,2,
Trevor Etienne,RB,CAR,21.9,rostered,Gride,,,,,,1,3.0,,3,0.0,expired - tag 1.10xAAV or auction,affine,FALSE,RB-T2,3,14.6,cardinal-3panel,2.8,3,
Will Howard,QB,PIT,24.7,rostered,CBP,,,,,,2,3.0,,3,0.0,expired - tag 1.10xAAV or auction,affine,FALSE,QB-T8,3,13.3,cardinal-3panel,3.5,3,
Travis Hunter,WR,JAC,23.1,rostered,Sex Manther,14,2,Rookie-Draft,14,42,0,2.9,,13,-10.1,+10-20K ext (yr 2) / tag 1.10xAAV,dyn_anchor,TRUE,WR-T2,3,21.0,cardinal-3panel,2.1,9,
Geno Smith,QB,NYJ,35.7,rostered,HammerTime 🔨 ⏰,1,2,Vet-FAA-BL,15,45,6,2.8,,9,-6.2,+10-20K ext (yr 2) / tag 1.10xAAV,floor,FALSE,QB-T8,3,14.3,cardinal-3panel,6.2,12,
Rashod Bateman,WR,BAL,26.6,rostered,HammerTime 🔨 ⏰,5,2,Vet-FAA,5,15,1,2.8,,5,-2.2,+10-20K ext (yr 2) / tag 1.10xAAV,dyn_anchor,TRUE,WR-T2,3,14.8,cardinal-3panel,2.8,4,
Laiatu Latu,DE,IND,25.6,rostered,L.A. Looks,2,1,Rookie-Draft,2,6,2.2,2.5,,2.3,0.2,+3-5K ext / tag 1.10xAAV,ups-auction-ladder,FALSE,DL-T2,2,0.5,idp-linear-1source,2.2,2.2,59.7
Will Levis,QB,TEN,27,rostered,The Long Haulers,1,3,Vet-ERA,1,3,0,2.5,,0,2.5,+10-20K ext (yr 3) / tag 1.10xAAV,affine,FALSE,QB-T8,3,8.5,cardinal-3panel,2.1,2,
Nick Bosa,DE,SFO,28.7,rostered,Pure Greatness,5,1,Vet-FAA,5,15,3.8,2.4,,3.6,-1.2,+3-5K ext / tag 1.10xAAV,ups-auction-ladder,FALSE,DL-T2,2,2.8,idp-linear-1source,3.8,3.8,70.7
Cedric Gray,LB,TEN,23.7,rostered,HammerTime 🔨 ⏰,1,1,Rookie-Draft,1,3,1.5,2.1,,1.6,0.5,+3-5K ext / tag 1.10xAAV,ups-auction-ladder,FALSE,LB-T4,2,0.5,idp-linear-1source,1.5,1.5,69.0
Jalen Hurts,QB,PHI,27.9,rostered,The Long Haulers,67,2,Vet-Ext1,60,119,58,2.1,,40,-37.9,+10-20K ext (yr 2) / tag 1.10xAAV,affine,FALSE,QB-T8,3,17.3,cardinal-3panel,41.1,41,
Devontez Walker,WR,BAL,25,rostered,Cleon Ca$h,2,1,Rookie-Draft,2,6,1,2.0,,1,1.0,+10-20K ext / tag 1.10xAAV,affine,FALSE,WR-T2,3,10.4,cardinal-3panel,2.8,3,
Efton Chism III,WR,NEP,24.6,rostered,Cleon Ca$h,1,1,Rookie-MYM,1,2,1,2.0,,0,2.0,+10-20K ext / tag 1.10xAAV,affine,FALSE,WR-T2,2,8.8,cardinal-3panel,2.8,3,
Erick All Jr.,TE,CIN,25.8,rostered,Pure Greatness,,,,,,2,2.0,,2,0.0,expired - tag 1.10xAAV or auction,affine,FALSE,TE-T5,2,9.3,cardinal-3panel,3.5,3,
Isaiah Williams,WR,NYJ,NA,rostered,L.A. Looks,1,1,Vet-MYM,1,2,1,2.0,,0,2.0,+10-20K ext / tag 1.10xAAV,affine,FALSE,WR-T2,1,0.0,cardinal-3panel,2.8,3,
Jarquez Hunter,RB,LAR,23.5,rostered,Blake Bombers,,,,,,1,2.0,,2,0.0,expired - tag 1.10xAAV or auction,affine,FALSE,RB-T3,3,11.8,cardinal-3panel,2.8,3,
Jaylin Lane,WR,WAS,24.1,rostered,Hawks,,,,,,1,2.0,,2,0.0,expired - tag 1.10xAAV or auction,affine,FALSE,WR-T2,3,14.6,cardinal-3panel,2.8,3,
Sam Roush,TE,CHI,NA,rostered,Sex Manther,,,,,,1,2.0,,2,0.0,expired - tag 1.10xAAV or auction,affine,FALSE,TE-T5,3,6.3,cardinal-3panel,2.8,3,
Savion Williams,WR,GBP,24.6,rostered,Pure Greatness,,,,,,1,2.0,,2,0.0,expired - tag 1.10xAAV or auction,affine,FALSE,WR-T2,3,12.0,cardinal-3panel,2.8,3,
Seth McGowan,RB,IND,NA,rostered,Sex Manther,,,,,,1,2.0,,2,0.0,expired - tag 1.10xAAV or auction,affine,FALSE,RB-T3,3,8.9,cardinal-3panel,2.8,3,
Spencer Rattler,QB,NOS,25.7,rostered,CBP,2,1,Rookie-Draft,2,6,0,2.0,,2,0.0,+10-20K ext / tag 1.10xAAV,affine,FALSE,QB-T8,3,11.3,cardinal-3panel,2.1,2,
Taylen Green,QB,CLE,NA,rostered,Cleon Ca$h,,,,,,2,2.0,,2,0.0,expired - tag 1.10xAAV or auction,affine,FALSE,QB-T8,3,8.3,cardinal-3panel,3.5,3,
David Montgomery,RB,HOU,29,rostered,HammerTime 🔨 ⏰,12,2,Vet-Ext1,21,42,21,1.6,,14,-12.4,+10-20K ext (yr 2) / tag 1.10xAAV,affine,FALSE,RB-T3,3,20.1,cardinal-3panel,16.2,16,
Tykee Smith,S,TBB,25.4,rostered,Pure Greatness,4,1,Vet-Ext1,2,5,1.8,1.6,,1.8,-0.2,+3-5K ext / tag 1.10xAAV,ups-auction-ladder,FALSE,DB-T3,2,0.8,idp-linear-1source,1.8,1.8,56.0
Caleb Downs,S,DAL,21.6,rostered,C-Town Chivalry,,,,,,1.0,1.2,,1.2,0.0,expired - tag 1.10xAAV or auction,ups-auction-ladder,FALSE,DB-T3,1,,idp-linear-1source,1.0,1.0,
Sonny Styles,LB,WAS,21.7,rostered,Real Deal Creel,,,,,,1.0,1.2,,1.2,0.0,expired - tag 1.10xAAV or auction,ups-auction-ladder,FALSE,LB-T4,1,,idp-linear-1source,1.0,1.0,
Akheem Mesidor,DE,LAC,25.3,rostered,HammerTime 🔨 ⏰,,,,,,1.0,1.1,,1.1,0.0,expired - tag 1.10xAAV or auction,ups-auction-ladder,FALSE,DL-T3,1,,idp-linear-1source,1.0,1.0,
Byron Murphy,DT,SEA,23.9,rostered,HammerTime 🔨 ⏰,,,,,,1.0,1.1,,1.1,0.0,expired - tag 1.10xAAV or auction,ups-auction-ladder,FALSE,DL-T3,2,0.0,idp-linear-1source,1.0,1.0,53.3
Dallas Turner,DE,MIN,23.5,rostered,L.A. Looks,,,,,,1.0,1.1,,1.1,0.0,expired - tag 1.10xAAV or auction,ups-auction-ladder,FALSE,DL-T3,1,,idp-linear-1source,1.0,1.0,
Danny Stutsman,LB,NOS,23.4,rostered,C-Town Chivalry,,,,,,1.0,1.1,,1.1,0.0,expired - tag 1.10xAAV or auction,ups-auction-ladder,FALSE,LB-T4,1,,idp-linear-1source,1.0,1.0,
David Bailey,DE,NYJ,22.9,rostered,L.A. Looks,,,,,,1.0,1.1,,1.1,0.0,expired - tag 1.10xAAV or auction,ups-auction-ladder,FALSE,DL-T3,1,,idp-linear-1source,1.0,1.0,
Emmanuel McNeil-Warren,S,CLE,22.5,rostered,L.A. Looks,,,,,,1.0,1.1,,1.1,0.0,expired - tag 1.10xAAV or auction,ups-auction-ladder,FALSE,DB-T3,1,,idp-linear-1source,1.0,1.0,
Jake Golday,LB,MIN,23.2,rostered,C-Town Chivalry,,,,,,1.0,1.1,,1.1,0.0,expired - tag 1.10xAAV or auction,ups-auction-ladder,FALSE,LB-T4,1,,idp-linear-1source,1.0,1.0,
Jalon Walker,DE,ATL,22.4,rostered,HammerTime 🔨 ⏰,,,,,,1.0,1.1,,1.1,0.0,expired - tag 1.10xAAV or auction,ups-auction-ladder,FALSE,DL-T3,1,,idp-linear-1source,1.0,1.0,
Javon Bullard,S,GBP,23.9,rostered,Hawks,1,1,Rookie-Draft,1,3,1.0,1.1,,1.1,0.0,+3-5K ext / tag 1.10xAAV,ups-auction-ladder,FALSE,DB-T3,1,,idp-linear-1source,1.0,1.0,
Jihaad Campbell,LB,PHI,22.4,rostered,Sex Manther,,,,,,1.0,1.1,,1.1,0.0,expired - tag 1.10xAAV or auction,ups-auction-ladder,FALSE,LB-T4,2,0.0,idp-linear-1source,1.0,1.0,50.7
Malachi Lawrence,DE,DAL,23.0,rostered,HammerTime 🔨 ⏰,,,,,,1.0,1.1,,1.1,0.0,expired - tag 1.10xAAV or auction,ups-auction-ladder,FALSE,DL-T3,1,,idp-linear-1source,1.0,1.0,
Mason Graham,DT,CLE,22.9,rostered,Gride,,,,,,1.0,1.1,,1.1,0.0,expired - tag 1.10xAAV or auction,ups-auction-ladder,FALSE,DL-T3,1,,idp-linear-1source,1.0,1.0,
Mike Green,DE,BAL,23.0,rostered,L.A. Looks,,,,,,1.0,1.1,,1.1,0.0,expired - tag 1.10xAAV or auction,ups-auction-ladder,FALSE,DL-T3,1,,idp-linear-1source,1.0,1.0,
Mykel Williams,DE,SFO,22.1,rostered,Cleon Ca$h,,,,,,1.0,1.1,,1.1,0.0,expired - tag 1.10xAAV or auction,ups-auction-ladder,FALSE,DL-T3,1,,idp-linear-1source,1.0,1.0,
Nick Martin,LB,SFO,23.8,rostered,Hawks,,,,,,1.0,1.1,,1.1,0.0,expired - tag 1.10xAAV or auction,ups-auction-ladder,FALSE,LB-T4,0,,idp-linear-1source,1.0,1.0,
Trevin Wallace,LB,CAR,23.4,rostered,Pure Greatness,,,,,,1.0,1.1,,1.1,0.0,expired - tag 1.10xAAV or auction,ups-auction-ladder,FALSE,LB-T4,1,,idp-linear-1source,1.0,1.0,
Zion Young,DE,BAL,22.3,rostered,Real Deal Creel,,,,,,1.0,1.1,,1.1,0.0,expired - tag 1.10xAAV or auction,ups-auction-ladder,FALSE,DL-T3,1,,idp-linear-1source,1.0,1.0,
Camryn Bynum,S,IND,28.0,rostered,The Long Haulers,1,1,Vet-MYM,1,3,1.0,1.0,,1.0,0.0,+3-5K ext / tag 1.10xAAV,ups-auction-ladder,FALSE,DB-T3,2,0.0,idp-linear-1source,1.0,1.0,44.0
Carson Wentz,QB,MIN,33.5,rostered,L.A. Looks,1,1,Vet-MYM,1,2,0,1.0,,0,1.0,+10-20K ext / tag 1.10xAAV,affine,FALSE,QB-T9,0,,cardinal-3panel,2.1,2,
Cole Kmet,TE,CHI,27.3,rostered,CBP,6,1,Vet-FAA-FL,9,27,2,1.0,,6,-5.0,+10-20K ext / tag 1.10xAAV,dyn_anchor,TRUE,TE-T6,3,14.6,cardinal-3panel,3.5,4,
Davante Adams,WR,LAR,33.5,rostered,Pure Greatness,20,1,Vet-FAA-FL,30,90,22,1.0,,14,-13.0,+10-20K ext / tag 1.10xAAV,affine,FALSE,WR-T3,3,20.1,cardinal-3panel,16.9,17,
Deion Burks,WR,IND,NA,rostered,L.A. Looks,,,,,,1,1.0,,1,0.0,expired - tag 1.10xAAV or auction,affine,FALSE,WR-T3,3,8.6,cardinal-3panel,2.8,3,
Gabe Jacas,DE,NEP,,rostered,Cleon Ca$h,,,,,,1.0,1.0,,1.0,0.0,expired - tag 1.10xAAV or auction,ups-auction-ladder,FALSE,DL-T3,1,,idp-linear-1source,1.0,1.0,
George Karlaftis,DE,KCC,25.3,rostered,Real Deal Creel,1,2,Vet-FAA,1,3,1.0,1.0,,1.1,-0.1,+3-5K ext (yr 2) / tag 1.10xAAV,ups-auction-ladder,FALSE,DL-T3,2,0.0,idp-linear-1source,1.0,1.0,54.0
George Kittle,TE,SFO,32.7,rostered,Blake Bombers,29,1,Vet-FAA,29,58,8,1.0,,16,-15.0,+10-20K ext / tag 1.10xAAV,floor,FALSE,TE-T6,3,19.7,cardinal-3panel,7.5,14,
Jam Miller,RB,NEP,NA,rostered,Cleon Ca$h,,,,,,1,1.0,,1,0.0,expired - tag 1.10xAAV or auction,affine,FALSE,RB-T3,3,5.9,cardinal-3panel,2.8,3,
James Pearce,DE,ATL,22.8,rostered,Real Deal Creel,1,2,Rookie-Draft,1,3,1.0,1.0,,1.1,-0.1,+3-5K ext (yr 2) / tag 1.10xAAV,ups-auction-ladder,FALSE,DL-T3,1,,idp-linear-1source,1.0,1.0,
Jared Verse,DE,CLE,25.7,rostered,CBP,1,1,Rookie-Draft,1,3,1.0,1.0,,1.0,0.0,+3-5K ext / tag 1.10xAAV,ups-auction-ladder,FALSE,DL-T3,2,0.0,idp-linear-1source,1.0,1.0,43.7
Jeremiah Owusu-Koramoah,LB,CLE,26.7,rostered,Hawks,1,1,Vet-FAA,1,3,1.0,1.0,,1.0,0.0,+3-5K ext / tag 1.10xAAV,ups-auction-ladder,FALSE,LB-T4,1,,idp-linear-1source,1.0,1.0,
Josiah Trotter,LB,TBB,,rostered,Pure Greatness,,,,,,1.0,1.0,,1.0,0.0,expired - tag 1.10xAAV or auction,ups-auction-ladder,FALSE,LB-T4,0,,idp-linear-1source,1.0,1.0,
Julian Love,S,SEA,28.3,rostered,Sex Manther,1,1,Vet-MYM,1,2,1.0,1.0,,1.0,0.0,+3-5K ext / tag 1.10xAAV,ups-auction-ladder,FALSE,DB-T3,1,,idp-linear-1source,1.0,1.0,
Justin Jefferson,LB,CLE,,rostered,Blake Bombers,,,,,,1.0,1.0,,1.0,0.0,expired - tag 1.10xAAV or auction,ups-auction-ladder,FALSE,LB-T4,0,,idp-linear-1source,1.0,1.0,
Keldric Faulk,DE,TEN,21.9,rostered,The Long Haulers,1,3,Rookie-Draft,1,3,1.0,1.0,,1.2,-0.2,+3-5K ext (yr 3) / tag 1.10xAAV,ups-auction-ladder,FALSE,DL-T3,1,,idp-linear-1source,1.0,1.0,
Keyshaun Elliott,LB,CHI,,rostered,CBP,,,,,,1.0,1.0,,1.0,0.0,expired - tag 1.10xAAV or auction,ups-auction-ladder,FALSE,LB-T4,0,,idp-linear-1source,1.0,1.0,
Marcus Jones,CB,NEP,27.8,rostered,Hawks,1,1,Vet-MYM,1,3,1.0,1.0,,1.0,0.0,+3-5K ext / tag 1.10xAAV,ups-auction-ladder,FALSE,DB-T3,1,,idp-linear-1source,1.0,1.0,
Payton Wilson,LB,PIT,26.3,rostered,Gride,1,1,Rookie-Draft,1,3,1.0,1.0,,1.0,0.0,+3-5K ext / tag 1.10xAAV,ups-auction-ladder,FALSE,LB-T4,2,0.0,idp-linear-1source,1.0,1.0,65.0
Quay Walker,LB,LVR,26.2,rostered,Blake Bombers,1,1,Vet-MYM,1,2,1.0,1.0,,1.0,0.0,+3-5K ext / tag 1.10xAAV,ups-auction-ladder,FALSE,LB-T4,2,1.2,idp-linear-1source,1.0,1.0,67.3
Quentin Lake,S,LAR,27.5,rostered,C-Town Chivalry,1,1,Vet-MYM,1,3,1.0,1.0,,1.0,0.0,+3-5K ext / tag 1.10xAAV,ups-auction-ladder,FALSE,DB-T3,1,,idp-linear-1source,1.0,1.0,
Roman Wilson,WR,PIT,NA,rostered,CBP,,,,,,1,1.0,,1,0.0,expired - tag 1.10xAAV or auction,affine,FALSE,WR-T3,3,10.9,cardinal-3panel,2.8,3,
Travon Walker,DE,JAC,25.6,rostered,Cleon Ca$h,1,1,Vet-MYM,1,3,1.0,1.0,,1.0,0.0,+3-5K ext / tag 1.10xAAV,ups-auction-ladder,FALSE,DL-T3,1,,idp-linear-1source,1.0,1.0,
Will McDonald,DE,NYJ,27.1,rostered,Real Deal Creel,1,1,Vet-ERA,1,1,1.0,1.0,,1.0,0.0,+3-5K ext / tag 1.10xAAV,ups-auction-ladder,FALSE,DL-T3,2,0.0,idp-linear-1source,1.0,1.0,39.4
Will Shipley,RB,PHI,23.8,rostered,Sex Manther,,,,,,1,1.0,,1,0.0,expired - tag 1.10xAAV or auction,affine,FALSE,RB-T3,3,11.6,cardinal-3panel,2.8,3,
Xavier Watts,S,ATL,24.7,rostered,Blake Bombers,1,2,Rookie-MYM,1,3,1.0,1.0,,1.1,-0.1,+3-5K ext (yr 2) / tag 1.10xAAV,ups-auction-ladder,FALSE,DB-T3,2,0.0,idp-linear-1source,1.0,1.0,45.0
DeShon Elliott,S,PIT,29.3,rostered,L.A. Looks,1,1,Vet-MYM,1,2,1.0,0.9,,0.9,0.0,+3-5K ext / tag 1.10xAAV,ups-auction-ladder,FALSE,DB-T3,2,3.0,idp-linear-1source,1.0,1.0,46.0
Mansoor Delane,CB,KCC,22.6,rostered,Hawks,1,3,Rookie-Draft,1,3,1.0,0.9,,1.1,-0.2,+3-5K ext (yr 3) / tag 1.10xAAV,ups-auction-ladder,FALSE,DB-T3,1,,idp-linear-1source,1.0,1.0,
Tory Taylor,PN,CHI,29.0,rostered,C-Town Chivalry,1,1,Rookie-Draft,1,3,1.0,0.9,,0.9,0.0,+3-5K ext / tag 1.10xAAV,ups-auction-ladder,FALSE,PN-T1,1,,none,1.0,1.0,
Trey Smack,PK,GBP,,rostered,Gride,1,3,Rookie-Draft,1,3,1.0,0.9,,1.0,-0.1,+3-5K ext (yr 3) / tag 1.10xAAV,ups-auction-ladder,FALSE,PK-T1,1,,none,1.0,1.0,
A.J. Haulcy,S,IND,,rostered,Sex Manther,1,3,Rookie-Draft,1,3,1.0,0.8,,1.0,-0.2,+3-5K ext (yr 3) / tag 1.10xAAV,ups-auction-ladder,FALSE,DB-T3,1,,idp-linear-1source,1.0,1.0,
Kaleb Johnson,RB,PIT,22.8,rostered,Hawks,6,2,Rookie-Draft,6,18,1,0.8,,7,-6.2,+10-20K ext (yr 2) / tag 1.10xAAV,dyn_anchor,TRUE,RB-T3,3,16.8,cardinal-3panel,2.8,3,
Chop Robinson,DE,MIA,23.6,rostered,Hawks,2,1,Rookie-Draft,2,6,1.0,0.1,,1.1,-1.0,+3-5K ext / tag 1.10xAAV,ups-auction-ladder,FALSE,DL-T3,1,,idp-linear-1source,1.0,1.0,
Ainias Smith,WR,CAR,25.1,rostered,HammerTime 🔨 ⏰,,,,,,0,0.0,,0,0.0,expired - tag 1.10xAAV or auction,affine,FALSE,WR-T4,0,,cardinal-3panel,2.1,2,
Brenden Rice,WR,GBP,24.3,rostered,Gride,,,,,,0,0.0,,0,0.0,expired - tag 1.10xAAV or auction,affine,FALSE,WR-T4,0,,cardinal-3panel,2.1,2,
Cade Stover,TE,HOU,26,rostered,HammerTime 🔨 ⏰,,,,,,0,0.0,,0,0.0,expired - tag 1.10xAAV or auction,affine,FALSE,TE-T7,0,,cardinal-3panel,2.1,2,
Cole Payton,QB,PHI,NA,rostered,Pure Greatness,,,,,,0,0.0,,0,0.0,expired - tag 1.10xAAV or auction,affine,FALSE,QB-T10,3,6.2,cardinal-3panel,2.1,2,
Daiyan Henley,LB,LAC,26.7,rostered,Blake Bombers,2,1,Vet-FAA,2,4,1.0,0.0,,1.0,-1.0,+3-5K ext / tag 1.10xAAV,ups-auction-ladder,FALSE,LB-T5,2,0.0,idp-linear-1source,1.0,1.0,66.3
Dillon Gabriel,QB,CLE,25.5,rostered,CBP,,,,,,0,0.0,,0,0.0,expired - tag 1.10xAAV or auction,affine,FALSE,QB-T10,3,9.2,cardinal-3panel,2.1,2,
Dylan Laube,RB,LVR,NA,rostered,HammerTime 🔨 ⏰,,,,,,0,0.0,,0,0.0,expired - tag 1.10xAAV or auction,affine,FALSE,RB-T3,0,,cardinal-3panel,2.1,2,
Jermaine Burton,WR,FA,NA,rostered,Sex Manther,,,,,,0,0.0,,0,0.0,expired - tag 1.10xAAV or auction,affine,FALSE,WR-T4,0,,cardinal-3panel,2.1,2,
Malachi Corley,WR,CLE,24.2,rostered,Hawks,,,,,,0,0.0,,0,0.0,expired - tag 1.10xAAV or auction,affine,FALSE,WR-T4,0,,cardinal-3panel,2.1,2,
Marquise Brown,WR,PHI,29.1,rostered,Hawks,8,1,Vet-FAA,8,24,,,,,,+10-20K ext / tag 1.10xAAV,unpriced,FALSE,WR-T4,2,8.5,unpriced-no-source,,,
Robert Henry Jr.,RB,WAS,NA,rostered,L.A. Looks,,,,,,0,0.0,,0,0.0,expired - tag 1.10xAAV or auction,affine,FALSE,RB-T3,0,,cardinal-3panel,2.1,2,
Brandon Aubrey,PK,DAL,31.4,rostered,L.A. Looks,2,1,Vet-FAA,2,4,1.0,-0.1,,0.9,-1.0,+3-5K ext / tag 1.10xAAV,ups-auction-ladder,FALSE,PK-T2,1,,none,1.0,1.0,
Abdul Carter,DE,NYG,22.6,rostered,Hawks,2,2,Rookie-Draft,2,6,1.0,-0.9,,1.1,-2.0,+3-5K ext (yr 2) / tag 1.10xAAV,ups-auction-ladder,FALSE,DL-T4,2,0.0,idp-linear-1source,1.0,1.0,43.0
Malaki Starks,S,BAL,22.7,rostered,Cleon Ca$h,2,2,Rookie-Draft,2,6,1.0,-0.9,,1.1,-2.0,+3-5K ext (yr 2) / tag 1.10xAAV,ups-auction-ladder,FALSE,DB-T4,2,0.0,idp-linear-1source,1.0,1.0,42.7
Devon Witherspoon,CB,SEA,25.6,rostered,The Long Haulers,3,1,Tag,3,3,1.0,-1.0,,1.0,-2.0,+3-5K ext / tag 1.10xAAV,ups-auction-ladder,FALSE,DB-T4,1,,idp-linear-1source,1.0,1.0,
Jauan Jennings,WR,MIN,28.9,rostered,L.A. Looks,21,1,Vet-Ext1,16,32,1,-1.0,,9,-10.0,+10-20K ext / tag 1.10xAAV,dyn_anchor,TRUE,WR-T4,3,16.5,cardinal-3panel,2.8,6,
Trey Hendrickson,DE,BAL,31.6,rostered,Blake Bombers,3,1,Vet-FAA,3,6,1.0,-1.1,,0.9,-2.0,+3-5K ext / tag 1.10xAAV,ups-auction-ladder,FALSE,DL-T4,2,0.0,idp-linear-1source,1.0,1.0,44.7
Kamren Curl,S,LAR,27.3,rostered,L.A. Looks,4,1,Tag,4,4,1.2,-1.6,,1.2,-2.8,+3-5K ext / tag 1.10xAAV,ups-auction-ladder,FALSE,DB-T4,2,0.2,idp-linear-1source,1.2,1.2,53.0
Anthony Hill Jr.,LB,TEN,21.4,rostered,Gride,2,3,Rookie-Draft,2,6,1.0,-1.7,,1.2,-2.9,+3-5K ext (yr 3) / tag 1.10xAAV,ups-auction-ladder,FALSE,LB-T5,1,,idp-linear-1source,1.0,1.0,
Arvell Reese,LB,NYG,20.9,rostered,Cleon Ca$h,2,3,Rookie-Draft,2,6,1.0,-1.7,,1.2,-2.9,+3-5K ext (yr 3) / tag 1.10xAAV,ups-auction-ladder,FALSE,LB-T5,1,,idp-linear-1source,1.0,1.0,
Rueben Bain Jr.,DE,TBB,21.9,rostered,Sex Manther,2,3,Rookie-Draft,2,6,1.0,-1.7,,1.2,-2.9,+3-5K ext (yr 3) / tag 1.10xAAV,ups-auction-ladder,FALSE,DL-T4,1,,idp-linear-1source,1.0,1.0,
Dillon Thieneman,S,CHI,22.0,rostered,Sex Manther,2,3,Rookie-Draft,2,6,1.0,-1.8,,1.1,-2.9,+3-5K ext (yr 3) / tag 1.10xAAV,ups-auction-ladder,FALSE,DB-T4,1,,idp-linear-1source,1.0,1.0,
Jacob Rodriguez,LB,MIA,23.9,rostered,Sex Manther,2,3,Rookie-Draft,2,6,1.0,-1.8,,1.1,-2.9,+3-5K ext (yr 3) / tag 1.10xAAV,ups-auction-ladder,FALSE,LB-T5,1,,idp-linear-1source,1.0,1.0,
CJ Allen,LB,IND,,rostered,Hawks,2,3,Rookie-Draft,2,6,1.0,-1.9,,1.0,-2.9,+3-5K ext (yr 3) / tag 1.10xAAV,ups-auction-ladder,FALSE,LB-T5,1,,idp-linear-1source,1.0,1.0,
Deebo Samuel Sr.,WR,FA,30.4,rostered,Gride,8,2,Vet-FAA,8,24,1,-1.9,,6,-7.9,+10-20K ext (yr 2) / tag 1.10xAAV,dyn_anchor,TRUE,WR-T4,2,7.3,cardinal-3panel,2.8,4,
Tuli Tuipulotu,DE,LAC,23.9,rostered,Sex Manther,4,1,Vet-MYM,4,12,1.0,-1.9,,1.1,-3.0,+3-5K ext / tag 1.10xAAV,ups-auction-ladder,FALSE,DL-T4,1,,idp-linear-1source,1.0,1.0,
Jordan Battle,S,CIN,25.6,rostered,The Long Haulers,4,1,Vet-ERA,4,4,1.0,-2.0,,1.0,-3.0,+3-5K ext / tag 1.10xAAV,ups-auction-ladder,FALSE,DB-T4,2,2.2,idp-linear-1source,1.0,1.0,47.7
Anthony Richardson Sr.,QB,IND,24.1,rostered,HammerTime 🔨 ⏰,11,2,Vet-WW,11,33,2,-2.8,,7,-9.8,+10-20K ext (yr 2) / tag 1.10xAAV,floor,FALSE,QB-T10,2,8.1,cardinal-3panel,3.5,6,
Roschon Johnson,RB,CHI,25.4,rostered,The Long Haulers,4,2,Vet-FAA,4,12,0,-3.2,,1,-4.2,+10-20K ext (yr 2) / tag 1.10xAAV,affine,FALSE,RB-T3,3,10.2,cardinal-3panel,2.1,2,
Myles Garrett,DE,LAR,30.6,rostered,Pure Greatness,10,1,Tag,10,10,3.5,-3.4,,3.1,-6.5,+3-5K ext / tag 1.10xAAV,ups-auction-ladder,FALSE,DL-T4,2,0.5,idp-linear-1source,3.5,3.5,61.0
Dalton Kincaid,TE,BUF,26.7,rostered,Hawks,29,2,Vet-Ext2,22,67,5,-3.8,,16,-19.8,+10-20K ext (yr 2) / tag 1.10xAAV,dyn_anchor,TRUE,TE-T7,3,12.9,cardinal-3panel,5.5,12,
Jonnu Smith,TE,FA,30.8,rostered,HammerTime 🔨 ⏰,6,2,Vet-FAA,6,18,1,-4.9,,1,-5.9,+10-20K ext (yr 2) / tag 1.10xAAV,affine,FALSE,TE-T7,0,,cardinal-3panel,2.8,3,
Isaiah Bond,WR,CLE,22.3,rostered,L.A. Looks,5,2,Vet-WW-BL,8,24,1,-5.7,,4,-9.7,+10-20K ext (yr 2) / tag 1.10xAAV,dyn_anchor,TRUE,WR-T4,3,15.0,cardinal-3panel,2.8,3,
Khalil Shakir,WR,BUF,26.4,rostered,Cleon Ca$h,25,2,Vet-ERA-BL,19,57,1,-10.4,,11,-21.4,+10-20K ext (yr 2) / tag 1.10xAAV,dyn_anchor,TRUE,WR-T4,3,18.3,cardinal-3panel,2.8,8,
David Njoku,TE,LAC,29.9,rostered,Gride,27,1,Vet-FAA,27,54,3,-12.0,,9,-21.0,+10-20K ext / tag 1.10xAAV,dyn_anchor,TRUE,TE-T7,3,16.1,cardinal-3panel,4.2,6,
Tua Tagovailoa,QB,ATL,28.3,rostered,C-Town Chivalry,15,1,Vet-Ext2,39,116,3,-15.0,,12,-27.0,+10-20K ext / tag 1.10xAAV,floor,FALSE,QB-T10,3,13.2,cardinal-3panel,4.2,12,
Jordan Mason,RB,MIN,27.1,rostered,The Long Haulers,14,2,Vet-Ext2-FL,17,52,2,-16.4,,9,-25.4,+10-20K ext (yr 2) / tag 1.10xAAV,floor,FALSE,RB-T3,3,18.6,cardinal-3panel,3.5,4,
Bryce Young,QB,CAR,24.9,rostered,Gride,33,2,Vet-Ext2,33,66,10,-19.7,,17,-36.7,+10-20K ext (yr 2) / tag 1.10xAAV,dyn_anchor,TRUE,QB-T10,3,21.4,cardinal-3panel,8.9,14,
