player_id,player_display_name,position,season,total_ppr,total_std,games
00-0027325,LeGarrette Blount,RB,2015,122.6,116.6,12
00-0030663,Willie Snead,WR,2020,104.6,64.60000000000001,15
00-0031235,Odell Beckham Jr.,WR,2014,297.0,206.0,12
00-0033526,Samaje Perine,RB,2020,65.7,54.7,12
00-0037827,Tyrion Davis-Price,RB,2022,9.9,9.9,5
00-0034365,Ian Thomas,TE,2023,10.6,5.6000000000000005,8
00-0032241,Todd Gurley,RB,2020,163.20000000000002,138.20000000000002,15
00-0035187,Austin Walter,RB,2020,4.0,3.0,3
00-0034796,Lamar Jackson,QB,2025,214.85999999999999,214.85999999999999,13
00-0032120,Neal Sterling,TE,2017,14.200000000000001,8.200000000000001,6
00-0027902,Dez Bryant,WR,2020,22.7,16.7,6
00-0031484,Chris Manhertz,TE,2016,2.0,1.0,1
00-0033908,Cooper Kupp,WR,2017,197.8,127.80000000000001,16
00-0035275,Jordan Scarlett,RB,2019,0.9,0.9,3
00-0033293,Aaron Jones,RB,2022,248.60000000000002,189.60000000000002,17
00-0027985,Lance Kendricks,TE,2019,8.0,5.0,4
00-0032112,J.J. Nelson,WR,2017,93.5,64.5,16
00-0039144,Luke Musgrave,TE,2025,51.1,26.1,14
00-0022943,Benjamin Watson,TE,2015,190.5,116.5,16
00-0036988,Josh Palmer,WR,2022,174.4,100.4,17
00-0035243,Miles Sanders,RB,2019,229.4,176.4,17
00-0037304,Connor Heyward,TE,2025,27.4,24.4,14
00-0033387,Jacob Hollister,TE,2017,9.7,4.7,14
00-0036912,DeVonta Smith,WR,2023,250.4,161.4,17
00-0039650,Bryce Oliver,WR,2024,15.500000000000002,9.5,8
00-0030348,Khiry Robinson,RB,2014,66.5,58.5,9
00-0036970,Kyle Pitts,TE,2023,137.3,84.30000000000001,17
00-0036554,Nico Collins,WR,2022,97.10000000000001,60.10000000000001,10
00-0036254,Collin Johnson,WR,2023,2.1,1.1,1
00-0037258,Dameon Pierce,RB,2024,46.0,44.0,12
00-0040009,Savion Williams,WR,2025,25.500000000000004,15.500000000000002,12
00-0031897,Thomas Rawls,RB,2016,102.10000000000001,88.10000000000001,11
00-0030710,Trey Burton,TE,2020,89.7,58.699999999999996,13
00-0023503,Courtney Roby,WR,2014,2.1,1.1,1
00-0032268,Marcus Mariota,QB,2016,259.94,259.94,15
00-0039491,Jalen Coker,WR,2024,92.56,60.56,11
00-0031570,Justin Hardy,WR,2017,61.4,40.400000000000006,12
00-0030801,Brandon Coleman,WR,2015,87.4,57.400000000000006,16
00-0034272,Marquez Valdes-Scantling,WR,2018,111.0,73.0,16
00-0038040,Zamir White,RB,2025,9.6,5.6000000000000005,5
00-0031062,James White,RB,2016,222.3,144.3,19
00-0038547,Luke Schoonmaker,TE,2024,57.1,30.1,12
00-0027816,Marc Mariani,WR,2016,1.5,1.5,16
00-0031690,Eric Tomlinson,TE,2022,28.9,19.900000000000002,9
00-0036523,Trey Ragas,RB,2021,3.5,1.5,1
00-0038547,Luke Schoonmaker,TE,2023,28.2,19.2,13
00-0034838,Royce Freeman,RB,2023,46.2,45.2,11
00-0027948,Blaine Gabbert,QB,2020,15.319999999999999,15.319999999999999,4
00-0033943,Josh Reynolds,WR,2019,61.9,40.9,16
00-0033106,Jared Goff,QB,2019,247.52,247.52,16
00-0032980,Marcus Johnson,WR,2020,39.5,25.5,9
00-0034860,Dante Pettis,WR,2022,65.2,46.2,17
00-0031588,Stefon Diggs,WR,2017,238.9,160.9,16
00-0038619,Andrei Iosivas,WR,2024,119.9,83.9,17
00-0035022,Penny Hart,WR,2021,12.9,5.9,11
00-0030516,Brice Butler,WR,2014,67.0,46.0,14
00-0031544,Amari Cooper,WR,2015,212.7,140.7,16
00-0027758,Riley Cooper,WR,2015,65.7,44.7,12
00-0027688,Colt McCoy,QB,2022,32.8,32.8,4
00-0031288,AJ McCarron,QB,2017,2.64,2.64,2
00-0033858,Jonnu Smith,TE,2021,67.4,39.400000000000006,16
00-0028083,Jacquizz Rodgers,RB,2015,6.1,5.1,5
00-0037838,Isaiah Likely,TE,2023,116.1,82.1,16
00-0031025,Michael Campanaro,WR,2014,31.1,20.1,6
00-0036590,Quintin Morris,TE,2024,14.600000000000001,9.6,10
00-0035685,David Montgomery,RB,2021,195.0,153.0,13
00-0032385,Sterling Shepard,WR,2019,141.8,84.80000000000001,10
00-0024221,Vernon Davis,TE,2014,62.9,36.9,13
00-0033119,Jacoby Brissett,QB,2023,22.86,22.86,2
00-0033891,Zay Jones,WR,2025,30.3,18.3,6
00-0036277,Quintez Cephus,WR,2021,49.400000000000006,34.4,5
00-0031868,Damiere Byrd,WR,2019,71.9,39.9,11
00-0033658,Blake Jarwin,TE,2021,32.6,21.6,9
00-0035676,A.J. Brown,WR,2019,229.4,172.4,19
00-0032144,Melvin Gordon,RB,2015,108.30000000000001,75.30000000000001,14
00-0036637,Noah Gray,TE,2023,85.2,49.2,20
00-0031610,Darren Waller,TE,2019,221.0,131.0,16
00-0022921,Larry Fitzgerald,WR,2019,177.4,102.4,16
00-0032950,Carson Wentz,QB,2017,281.74,281.74,13
00-0034621,Shaun Wilson,RB,2018,6.4,3.4000000000000004,5
00-0031035,Xavier Grimble,TE,2017,14.2,9.2,9
00-0024268,Anthony Fasano,TE,2017,28.7,16.7,11
00-0034364,Jordan Akins,TE,2020,83.7,46.7,13
00-0033953,Jordan Leggett,TE,2018,31.400000000000002,17.400000000000002,13
00-0033288,George Kittle,TE,2025,163.1,105.10000000000001,12
00-0035308,Tommy Sweeney,TE,2022,1.7000000000000002,0.7000000000000001,2
00-0039918,Caleb Williams,QB,2025,356.90000000000003,354.90000000000003,19
00-0029580,Rishard Matthews,WR,2018,7.4,2.4000000000000004,6
00-0026544,Chase Daniel,QB,2016,0.64,0.64,1
00-0027948,Blaine Gabbert,QB,2018,33.04,33.04,8
00-0035689,Dawson Knox,TE,2021,192.9,136.9,17
00-0036412,KJ Hamler,WR,2021,12.4,7.4,3
00-0032009,Adam Humphries,WR,2020,57.8,34.8,7
00-0033045,Ezekiel Elliott,RB,2019,311.70000000000005,257.7,16
00-0035659,Terry McLaurin,WR,2019,191.9,133.9,14
00-0031381,Davante Adams,WR,2025,258.40000000000003,187.4,17
00-0027651,Dexter McCluster,WR,2016,10.8,3.8000000000000003,6
00-0032475,Tanner McEvoy,WR,2016,36.72,27.720000000000002,10
00-0033555,Mack Hollins,WR,2023,43.1,25.1,12
00-0030668,Charcandrick West,RB,2018,11.600000000000001,9.600000000000001,3
00-0038738,Hunter Luepke,RB,2023,12.7,9.7,10
00-0027948,Blaine Gabbert,QB,2022,5.16,5.16,1
00-0034115,Jeff Wilson,RB,2023,42.900000000000006,27.900000000000002,10
00-0036493,Deon Jackson,RB,2021,9.100000000000001,9.100000000000001,3
00-0033114,Mike Thomas,WR,2016,6.7,3.7,8
00-0036407,Jerry Jeudy,WR,2021,85.0,47.0,10
00-0034419,Braxton Berrios,WR,2025,9.700000000000001,3.7,5
00-0034981,Foster Moreau,TE,2019,68.4,47.4,11
00-0026176,Jordy Nelson,WR,2017,137.2,84.2,14
00-0029667,Nick Toon,WR,2014,42.9,25.900000000000002,6
00-0032795,Cody Core,WR,2018,37.0,24.0,10
00-0032117,Nick O'Leary,TE,2015,4.7,3.7,3
00-0031344,Cody Latimer,WR,2019,66.0,42.0,14
00-0033856,Leonard Fournette,RB,2018,120.4,98.4,8
00-0031450,Josh Harris,RB,2014,6.699999999999999,4.7,3
00-0031051,John Brown,WR,2015,225.20000000000002,153.20000000000002,17
00-0035628,D'Ernest Johnson,RB,2025,2.5,2.5,8
00-0036497,Tim Jones,WR,2025,2.5,1.5,2
00-0026019,Danny Woodhead,RB,2015,243.1,163.1,16
00-0034791,Nick Chubb,RB,2019,255.20000000000002,219.20000000000002,16
00-0029137,Alshon Jeffery,WR,2014,261.6,176.6,16
00-0030089,Luke Willson,TE,2016,41.3,25.3,12
00-0027973,Andy Dalton,QB,2024,58.96,58.96,6
00-0038496,Xavier Gipson,WR,2024,16.4,10.4,17
00-0040406,Quentin Skinner,WR,2025,4.0,3.0,1
00-0020679,Shaun Hill,QB,2015,0.09999999999999998,0.09999999999999998,3
00-0034578,Reggie Bonnafon,RB,2021,3.6,1.6,1
00-0037506,Cole Fotheringham,TE,2023,1.6,0.6000000000000001,1
00-0032935,Johnny Holton,WR,2017,44.800000000000004,35.800000000000004,14
00-0031044,Troy Niklas,TE,2016,1.0,0.0,3
00-0027891,Golden Tate,WR,2016,228.6,134.6,17
00-0034928,Steven Sims,WR,2020,74.0,44.0,13
00-0031395,Garrett Gilbert,QB,2021,7.76,7.76,1
00-0033526,Samaje Perine,RB,2021,98.10000000000001,67.10000000000001,19
00-0032972,Devontae Booker,RB,2019,12.600000000000001,6.6000000000000005,9
00-0028112,Charles Clay,TE,2017,121.30000000000001,69.30000000000001,14
00-0033591,Noah Brown,WR,2021,34.4,18.400000000000002,9
00-0031257,Paul Richardson,WR,2017,150.3,106.3,16
00-0028064,Bilal Powell,RB,2017,145.2,122.2,15
00-0031431,Marqise Lee,WR,2019,4.9,1.9,4
00-0031585,MyCole Pruitt,TE,2023,26.0,17.0,10
00-0033110,Tyler Higbee,TE,2017,62.6,36.6,15
00-0031570,Justin Hardy,WR,2016,69.1,46.1,16
00-0036999,Anthony Schwartz,WR,2021,33.4,23.400000000000002,13
00-0035457,Tyron Johnson,WR,2021,3.6,1.6,8
00-0035261,Tony Pollard,RB,2021,167.20000000000002,126.2,16
00-0035676,A.J. Brown,WR,2021,206.10000000000002,138.10000000000002,14
00-0034439,Ryan Izzo,TE,2019,23.4,17.400000000000002,6
00-0032764,Derrick Henry,RB,2023,246.66000000000003,218.66000000000003,17
00-0032741,Peyton Barber,RB,2016,36.1,31.1,10
00-0036913,Kadarius Toney,WR,2023,53.0,26.0,13
00-0028237,Chris Hogan,WR,2018,120.0,77.0,18
00-0036550,Rashod Bateman,WR,2022,53.5,38.5,6
00-0026699,Kevin Brock,TE,2014,8.799999999999999,2.8000000000000003,6
00-0036252,Michael Pittman,WR,2024,165.8,96.80000000000001,16
00-0036534,Shane Zylstra,TE,2025,5.0,2.0,1
00-0035261,Tony Pollard,RB,2025,185.8,152.8,17
00-0035876,Andre Baccellia,WR,2025,2.8,0.8,4
00-0033921,Chris Godwin Jr.,WR,2021,242.4,144.4,14
00-0025464,Matt Spaeth,TE,2015,4.1,1.1,5
00-0027005,Hakeem Nicks,WR,2015,12.4,5.4,6
00-0036970,Kyle Pitts,TE,2024,131.2,84.2,17
00-0035229,T.J. Hockenson,TE,2021,145.3,84.30000000000001,12
00-0036332,Josiah Deguara,TE,2024,4.4,1.4000000000000001,7
00-0035662,Marquise Brown,WR,2019,166.0,113.0,15
00-0026184,Matt Forte,RB,2017,120.4,83.4,12
00-0022921,Larry Fitzgerald,WR,2016,243.8,136.8,16
00-0035704,Drew Lock,QB,2023,29.119999999999997,29.119999999999997,4
00-0034899,John Wolford,QB,2020,14.2,14.2,2
00-0034854,KhaDarel Hodge,WR,2022,41.2,28.2,13
00-0030513,Latavius Murray,RB,2019,160.7,125.7,17
00-0026625,Brian Hoyer,QB,2020,2.0,2.0,1
00-0031045,Carlos Hyde,RB,2021,45.800000000000004,33.800000000000004,11
00-0035726,Jakob Johnson,RB,2021,8.3,4.300000000000001,7
00-0032543,Alex Erickson,WR,2016,13.100000000000001,7.1000000000000005,16
00-0025708,Matt Moore,QB,2015,0.36000000000000004,0.36000000000000004,1
00-0030300,Jaron Brown,WR,2019,48.0,32.0,11
00-0035548,Ventell Bryant,WR,2019,8.5,7.5,7
00-0034827,DJ Moore,WR,2023,286.5,190.5,17
00-0035659,Terry McLaurin,WR,2023,203.20000000000002,124.2,17
00-0032775,Demarcus Robinson,WR,2019,107.4,72.4,17
00-0031493,Jarryd Hayne,RB,2015,13.899999999999999,7.9,8
00-0035432,Jason Moore,WR,2021,8.600000000000001,5.6000000000000005,1
00-0032200,Ty Montgomery,WR,2023,9.9,4.9,11
00-0031237,Teddy Bridgewater,QB,2022,38.02,38.02,5
00-0033439,Pharaoh Brown,TE,2023,37.800000000000004,24.800000000000004,11
00-0038551,Kendre Miller,RB,2024,29.1,24.1,6
00-0031690,Eric Tomlinson,TE,2021,1.7000000000000002,0.7000000000000001,7
00-0040730,RJ Harvey,RB,2025,228.1,172.10000000000002,19
00-0032135,Jesse James,TE,2021,19.2,12.200000000000001,5
00-0034955,Brett Rypien,QB,2023,4.78,4.78,2
00-0029567,Nick Foles,QB,2019,37.74,37.74,4
00-0032245,Sean Mannion,QB,2018,0.01999999999999999,0.01999999999999999,3
00-0036247,Freddie Swain,WR,2020,44.699999999999996,30.7,14
00-0029638,Michael Floyd,WR,2015,197.20000000000002,139.20000000000002,17
00-0028040,Jordan Cameron,TE,2014,78.4,54.400000000000006,10
00-0032778,Tajae Sharpe,WR,2019,83.5,57.5,16
00-0031972,Darius Jennings,WR,2018,28.14,17.14,14
00-0032950,Carson Wentz,QB,2022,112.8,112.8,8
00-0037563,Malik Davis,RB,2022,34.4,28.400000000000002,6
00-0034960,Jakobi Meyers,WR,2024,218.0,131.0,15
00-0037525,Jordan Mason,RB,2022,33.0,33.0,14
00-0039342,Xavier Legette,WR,2024,125.10000000000001,76.10000000000001,15
00-0037085,Tyler Badie,RB,2024,10.2,7.2,4
00-0033662,Cooper Rush,QB,2021,24.08,24.08,4
00-0035249,Josh Oliver,TE,2022,45.5,29.5,13
00-0029740,Ifeanyi Momah,TE,2017,5.6000000000000005,4.6000000000000005,6
00-0032257,Duke Johnson,RB,2016,144.20000000000002,91.2,16
00-0031280,Derek Carr,QB,2015,271.28000000000003,271.28000000000003,16
00-0034766,Chris Herndon,TE,2020,73.7,42.7,12
00-0030710,Trey Burton,TE,2016,75.7,38.7,14
00-0034959,Andrew Beck,RB,2019,24.54,15.540000000000001,11
00-0030443,Levine Toilolo,TE,2019,3.0,1.0,3
00-0039144,Luke Musgrave,TE,2023,93.8,53.800000000000004,13
00-0034747,Marcell Ateman,WR,2019,14.600000000000001,9.600000000000001,4
00-0035250,Devin Singletary,RB,2025,108.8,90.8,17
00-0032975,Jonathan Williams,RB,2016,12.4,11.4,8
00-0032104,Ameer Abdullah,RB,2022,54.1,29.1,16
00-0028442,Ricardo Lockette,WR,2015,16.900000000000002,12.900000000000002,6
00-0031327,Kevin Norwood,WR,2014,19.200000000000003,10.200000000000001,7
00-0035719,Deebo Samuel Sr.,WR,2021,390.06,303.06,19
00-0035993,Tyler Huntley,QB,2025,40.14,40.14,5
00-0029263,Russell Wilson,QB,2018,320.14,319.14,17
00-0036950,Avery Williams,RB,2022,36.0,23.0,17
00-0027057,Brandon Tate,WR,2014,44.4,27.400000000000002,16
00-0032972,Devontae Booker,RB,2016,142.7,111.7,16
00-0027681,Brandon LaFell,WR,2018,37.5,25.5,4
00-0028986,Case Keenum,QB,2022,0.32,0.32,2
00-0029239,Brandon Bolden,RB,2015,76.5,54.5,14
00-0034331,Jaylen Samuels,RB,2021,5.3,2.3000000000000003,3
00-0030443,Levine Toilolo,TE,2016,57.5,41.5,15
00-0028112,Charles Clay,TE,2015,121.80000000000001,70.80000000000001,13
00-0027006,Kenny Britt,WR,2017,57.6,37.6,12
00-0035640,DK Metcalf,WR,2019,226.0,157.0,18
00-0026281,Gary Barnidge,TE,2016,130.20000000000002,75.2,16
00-0020679,Shaun Hill,QB,2014,90.28,89.28,8
00-0033994,Fred Brown,WR,2019,4.1,2.1,6
00-0033090,Hunter Henry,TE,2021,168.3,117.3,17
00-0032250,Kasen Williams,WR,2017,17.400000000000002,8.4,6
00-0032156,Trevor Siemian,QB,2022,10.16,10.16,2
00-0031409,Johnny Manziel,QB,2015,95.0,95.0,9
00-0032398,Chris Moore,WR,2022,115.1,67.1,15
00-0035639,Parris Campbell,WR,2022,149.1,86.10000000000001,17
00-0032009,Adam Humphries,WR,2018,188.7,112.7,16
00-0029689,Dwayne Allen,TE,2015,33.0,17.0,13
00-0026144,Darren McFadden,RB,2014,120.6,84.6,16
00-0036919,Kenneth Gainwell,RB,2023,100.68,68.68,17
00-0027150,Julian Edelman,WR,2018,273.72,173.72,15
00-0034791,Nick Chubb,RB,2025,94.5,81.5,17
00-0037348,Tanner Conner,TE,2024,4.6,1.6,4
00-0031598,Nick Boyle,TE,2019,75.1,44.1,16
00-0037609,Aaron Shampklin,RB,2024,1.7000000000000002,1.7000000000000002,3
00-0036669,Kylin Hill,RB,2021,3.9000000000000004,2.9000000000000004,8
00-0030992,Crockett Gillmore,TE,2014,39.1,27.099999999999998,11
00-0034208,Mike Boone,RB,2019,50.0,47.0,9
00-0036900,Ja'Marr Chase,WR,2023,262.72,162.72,16
00-0032187,David Johnson,RB,2016,407.8,327.8,16
00-0034830,Hayden Hurst,TE,2022,136.5,71.5,16
00-0036358,CeeDee Lamb,WR,2025,200.9,125.9,13
00-0037291,Jalen Nailor,WR,2022,32.9,23.900000000000002,8
00-0028118,Tyrod Taylor,QB,2024,20.06,20.06,2
00-0032089,Brian Parker,TE,2015,1.6,0.6000000000000001,3
00-0030085,Kenny Stills,WR,2014,173.9,110.9,15
00-0034753,Mark Andrews,TE,2021,301.1,194.10000000000002,17
00-0040676,Cam Ward,QB,2025,186.66,186.66,17
00-0030526,EJ Manuel,QB,2015,38.84,38.84,4
00-0037664,Alec Pierce,WR,2025,183.3,136.3,15
00-0027659,Jimmy Clausen,QB,2015,33.160000000000004,33.160000000000004,4
00-0032392,Austin Hooper,TE,2020,134.70000000000002,79.7,15
00-0036980,Elijah Moore,WR,2024,120.9,59.900000000000006,17
00-0023968,Micheal Spurlock,WR,2014,1.8,0.8,1
00-0034115,Jeff Wilson,RB,2022,169.10000000000002,146.1,17
00-0032144,Melvin Gordon,RB,2018,296.4,244.4,14
00-0026143,Matt Ryan,QB,2020,282.44,282.44,16
00-0035703,Miles Boykin,WR,2021,1.6,0.6000000000000001,1
00-0033106,Jared Goff,QB,2023,338.88,338.88,20
00-0028042,Luke Stocker,TE,2017,13.0,9.0,5
00-0034808,John Kelly,RB,2018,12.100000000000001,10.100000000000001,5
00-0027656,Rob Gronkowski,TE,2015,311.3,224.3,17
00-0030542,Terrance Williams,WR,2018,3.8000000000000003,1.8000000000000003,2
00-0033382,Austin Carr,WR,2020,11.7,8.7,5
00-0039338,Brock Bowers,TE,2024,262.7,150.70000000000002,17
00-0033681,Keelan Cole,WR,2019,78.7,54.7,12
00-0032385,Sterling Shepard,WR,2020,162.5,96.5,12
00-0032523,Henry Krieger-Coble,TE,2016,2.3,1.3,1
00-0026544,Chase Daniel,QB,2014,7.780000000000001,7.780000000000001,2
00-0034613,Tanner Hudson,TE,2022,23.200000000000003,13.200000000000001,6
00-0031339,Donte Moncrief,WR,2016,102.6,72.6,9
00-0031387,Eric Ebron,TE,2017,132.4,79.4,16
00-0029415,Keshawn Martin,WR,2015,71.2,45.2,11
00-0029119,Derek Carrier,TE,2014,19.700000000000003,10.700000000000001,7
00-0030839,Solomon Patton,WR,2014,1.9000000000000001,1.9000000000000001,7
00-0026164,Chris Johnson,RB,2015,107.2,101.2,11
00-0034309,Chad Beebe,WR,2019,9.0,7.000000000000001,3
00-0029910,Timothy Wright,TE,2014,87.7,61.7,13
00-0032392,Austin Hooper,TE,2021,92.5,54.5,15
00-0036264,Jordan Love,QB,2025,265.16,265.16,16
00-0039067,Rashee Rice,WR,2025,150.1,97.1,8
00-0033562,Ryan Switzer,WR,2017,16.6,10.600000000000001,16
00-0027656,Rob Gronkowski,TE,2020,180.3,127.30000000000001,20
00-0031166,Seth Roberts,WR,2019,65.10000000000001,42.1,15
00-0035624,N'Keal Harry,TE,2021,30.4,18.4,10
00-0039064,Zay Flowers,WR,2025,243.3,157.3,17
00-0033464,Jehu Chesson,WR,2017,3.8,1.8,7
00-0037261,Khalil Shakir,WR,2023,142.6,93.6,18
00-0032214,Tyler Kroft,TE,2018,7.6,3.6,5
00-0036275,D'Andre Swift,RB,2022,191.1,143.1,14
00-0036572,Shi Smith,WR,2021,16.1,10.1,5
00-0032144,Melvin Gordon,RB,2022,87.1,62.1,10
00-0033040,Tyreek Hill,WR,2023,393.6,269.6,17
00-0036906,Khalil Herbert,RB,2025,6.6000000000000005,5.6000000000000005,5
00-0027918,Andrew Hawkins,WR,2014,158.9,95.9,15
00-0033725,Corey Clement,RB,2022,21.9,16.9,5
00-0036442,Joe Burrow,QB,2025,134.46,134.46,8
00-0031900,Rod Smith,RB,2018,33.800000000000004,24.8,15
00-0031068,Ryan Grant,WR,2019,5.3999999999999995,1.4000000000000001,2
00-0034081,Steven Mitchell,WR,2020,11.0,6.0,4
00-0028067,Julius Thomas,TE,2017,97.8,56.800000000000004,14
00-0037276,Ty Chandler,RB,2023,101.0,80.0,16
00-0028581,Patrick DiMarco,RB,2014,21.2,12.2,12
00-0029492,Jamize Olawale,RB,2014,18.799999999999997,13.799999999999999,10
00-0036412,KJ Hamler,WR,2020,90.10000000000001,60.1,12
00-0027696,Jimmy Graham,TE,2019,118.5,73.5,18
00-0027942,A.J. Green,WR,2018,149.4,103.4,9
00-0021678,Tony Romo,QB,2015,40.66,40.66,4
00-0040131,Kyle Williams,WR,2025,52.6,40.6,17
00-0029141,Alfred Morris,RB,2020,40.7,37.7,9
00-0027691,Andre Roberts,WR,2016,50.8,36.8,17
00-0030279,Keenan Allen,WR,2014,177.3,100.3,14
00-0031577,Javorius Allen,RB,2015,145.7,100.7,16
00-0031690,Eric Tomlinson,TE,2017,26.1,18.1,9
00-0032602,J.D. McKissic,RB,2018,10.100000000000001,8.1,4
00-0038589,Josh Whyle,TE,2023,24.4,15.4,9
00-0026158,Joe Flacco,QB,2015,161.94,161.94,10
00-0023436,Alex Smith,QB,2014,220.0,220.0,15
00-0036331,Devin Duvernay,WR,2025,4.6000000000000005,2.6000000000000005,19
00-0030669,Albert Wilson,WR,2015,115.4,73.4,16
00-0029572,Jarius Wright,WR,2019,56.900000000000006,28.900000000000002,16
00-0035644,Noah Fant,TE,2019,111.0,71.0,16
00-0032950,Carson Wentz,QB,2019,275.98,275.98,17
00-0029336,Brittan Golden,WR,2015,1.5,0.5,8
00-0030035,Adam Thielen,WR,2014,33.7,25.700000000000003,12
00-0035215,Deonte Harty,WR,2019,23.5,16.5,15
00-0036275,D'Andre Swift,RB,2020,189.8,143.8,13
00-0027942,A.J. Green,WR,2022,61.6,37.6,13
00-0031062,James White,RB,2017,180.20000000000002,115.2,17
00-0036442,Joe Burrow,QB,2021,379.54,379.54,20
00-0033576,Eric Saubert,TE,2022,35.8,20.8,14
00-0034578,Reggie Bonnafon,RB,2020,16.700000000000003,14.700000000000001,2
00-0034844,Saquon Barkley,RB,2019,244.10000000000002,192.10000000000002,13
00-0032599,Josh Perkins,TE,2018,11.7,6.7,6
00-0040234,Quinn Ewers,QB,2025,33.18,32.18,4
00-0027948,Blaine Gabbert,QB,2015,129.74,129.74,8
00-0028434,Doug Baldwin,WR,2016,300.7,190.7,18
00-0032063,Mike Davis,RB,2016,14.5,11.5,7
00-0029738,Darren Fells,TE,2016,35.4,21.4,9
00-0031384,Richard Rodgers,TE,2018,1.7000000000000002,0.7000000000000001,2
00-0036620,Dee Eskridge,WR,2023,0.5,0.5,4
00-0034653,Deontay Burnett,WR,2018,24.300000000000004,14.3,5
00-0036630,Tylan Wallace,WR,2025,14.5,10.5,11
00-0029119,Derek Carrier,TE,2019,32.5,19.5,11
00-0038891,Shedrick Jackson,WR,2025,15.9,11.9,3
00-0036567,Elijah Mitchell,RB,2021,200.6,174.6,14
00-0031951,James O'Shaughnessy,TE,2020,54.2,26.200000000000003,15
00-0031209,Senorise Perry,RB,2014,0.9,-0.1,13
00-0032135,Jesse James,TE,2017,100.4,56.400000000000006,15
00-0034829,Mike Gesicki,TE,2021,165.0,92.0,17
00-0028903,Garrett Celek,TE,2017,78.6,57.6,14
00-0035022,Penny Hart,WR,2020,3.2,2.2,5
00-0032950,Carson Wentz,QB,2018,193.66,192.66,11
00-0036297,Darrynton Evans,RB,2021,3.8,1.8,1
00-0038391,Sean Clifford,QB,2023,1.28,1.28,2
00-0030154,Frankie Hammond,WR,2014,8.5,4.5,10
00-0035184,Devine Ozigbo,RB,2022,1.7,0.7000000000000001,3
00-0034796,Lamar Jackson,QB,2019,442.58000000000004,442.58000000000004,16
00-0030404,Chris Thompson,RB,2015,112.0,69.0,14
00-0035208,Olamide Zaccheaus,WR,2021,89.8,58.800000000000004,15
00-0036223,Jonathan Taylor,RB,2021,373.1,333.1,17
00-0034955,Brett Rypien,QB,2022,18.02,18.02,4
00-0030854,Erik Swoope,TE,2018,34.7,26.7,7
00-0035939,Bryce Perkins,QB,2022,15.440000000000003,15.440000000000003,5
00-0033164,Troymaine Pope,RB,2019,11.4,9.4,11
00-0031237,Teddy Bridgewater,QB,2024,0.12,0.12,1
00-0033292,Trent Taylor,WR,2020,18.6,8.6,12
00-0032130,Jalston Fowler,RB,2016,2.7,1.7000000000000002,6
00-0032626,Geronimo Allison,WR,2016,55.7,38.7,10
00-0034975,Justice Hill,RB,2022,45.0,31.0,16
00-0033106,Jared Goff,QB,2025,297.06,297.06,17
00-0033760,Justin Davis,RB,2017,0.1,0.1,1
00-0034764,Michael Gallup,WR,2020,173.3,114.30000000000001,16
00-0031118,Corey Brown,WR,2015,141.0,100.0,17
00-0029394,Brenton Bersin,WR,2016,3.7,1.7000000000000002,2
00-0035406,Lil'Jordan Humphrey,WR,2021,49.9,36.9,8
00-0032543,Alex Erickson,WR,2019,100.24,57.24,16
00-0032268,Marcus Mariota,QB,2020,25.840000000000003,25.840000000000003,1
00-0035298,Scott Miller,WR,2021,29.6,19.6,8
00-0033725,Corey Clement,RB,2018,81.10000000000001,59.1,11
00-0036297,Darrynton Evans,RB,2022,10.700000000000001,9.700000000000001,3
00-0037085,Tyler Badie,RB,2022,9.4,8.4,1
00-0026197,Chad Henne,QB,2014,30.18,30.18,3
00-0031236,Brandin Cooks,WR,2015,253.6,169.6,16
00-0036550,Rashod Bateman,WR,2023,84.60000000000001,48.6,17
00-0030404,Chris Thompson,RB,2017,155.4,116.4,10
00-0030578,Cordarrelle Patterson,RB,2017,86.0,55.0,16
00-0030533,Matt Barkley,QB,2019,5.959999999999999,5.959999999999999,2
00-0036322,Justin Jefferson,WR,2024,328.28000000000003,220.28,18
00-0031359,Kelvin Benjamin,WR,2018,69.0,44.0,15
00-0027973,Andy Dalton,QB,2022,174.24,174.24,14
00-0029319,Josh Bellamy,WR,2017,68.2,44.2,11
00-0030533,Matt Barkley,QB,2018,17.080000000000002,17.080000000000002,1
00-0035547,Joseph Fortson,TE,2021,21.7,16.7,4
00-0029137,Alshon Jeffery,WR,2016,146.1,94.10000000000001,12
00-0027690,Eric Decker,WR,2015,252.7,172.7,15
00-0027874,Demaryius Thomas,WR,2016,226.3,136.3,16
00-0029587,Rhett Ellison,TE,2015,29.400000000000002,18.400000000000002,12
00-0033881,Evan Engram,TE,2024,89.5,42.5,9
00-0032679,Paul McRoberts,WR,2016,1.6,0.6000000000000001,1
00-0034975,Justice Hill,RB,2020,13.0,8.0,12
00-0035480,Malik Taylor,WR,2021,3.4000000000000004,1.4000000000000001,7
00-0037664,Alec Pierce,WR,2023,95.4,63.400000000000006,17
00-0032004,Will Tye,TE,2017,7.800000000000001,3.8000000000000003,2
00-0033280,Christian McCaffrey,RB,2017,252.3,166.3,17
00-0037157,Bam Knight,RB,2022,59.0,46.0,7
00-0033382,Austin Carr,WR,2019,1.9,0.9,2
00-0027691,Andre Roberts,WR,2019,5.700000000000001,2.7,14
00-0033572,Jamal Agnew,WR,2019,13.700000000000001,12.700000000000001,13
00-0038647,Ronnie Bell,WR,2023,30.8,24.8,13
00-0030035,Adam Thielen,WR,2022,188.0,115.0,18
00-0033304,Devante Mays,RB,2017,1.1,-1.9000000000000001,2
00-0033118,Kenyan Drake,RB,2016,49.5,40.5,16
00-0035228,Kyler Murray,QB,2023,146.36,146.36,8
00-0033555,Mack Hollins,WR,2017,46.5,29.5,14
00-0026035,Danny Amendola,WR,2019,140.56,78.56,15
00-0034272,Marquez Valdes-Scantling,WR,2020,166.1,125.1,16
00-0033923,Kareem Hunt,RB,2022,126.8,91.8,17
00-0033906,Alvin Kamara,RB,2019,268.02000000000004,179.02,15
00-0033932,Kenny Golladay,WR,2017,94.6,66.6,11
00-0029665,Robert Griffin III,QB,2018,0.84,0.84,2
00-0023459,Aaron Rodgers,QB,2020,432.64,431.64,18
00-0035432,Jason Moore,WR,2019,6.3,4.3,6
00-0033118,Kenyan Drake,RB,2023,3.1,1.1,2
00-0033699,Austin Ekeler,RB,2018,182.0,136.0,16
00-0031418,Austin Seferian-Jenkins,TE,2014,53.1,32.1,9
00-0035510,Jeff Smith,WR,2020,33.7,16.7,9
00-0030525,Tavon Austin,WR,2017,50.7,37.7,14
00-0031060,De'Anthony Thomas,WR,2016,13.4,6.4,11
00-0033840,Chad Hansen,WR,2020,46.6,29.6,5
00-0028020,Vincent Brown,WR,2014,23.8,11.8,6
00-0033119,Jacoby Brissett,QB,2021,72.32000000000001,72.32000000000001,10
00-0034353,Anthony Miller,WR,2024,9.4,4.4,3
00-0028409,DuJuan Harris,RB,2015,35.6,26.6,4
00-0034845,Sony Michel,RB,2022,24.900000000000002,15.9,10
00-0034286,Richie James,WR,2023,23.0,12.0,13
00-0040669,Isaac TeSlaa,WR,2025,75.9,59.9,14
00-0033871,Corey Davis,WR,2022,97.6,65.60000000000001,13
00-0030663,Willie Snead,WR,2021,7.800000000000001,3.8000000000000003,7
00-0039796,Rasheen Ali,RB,2025,24.2,15.2,15
00-0031569,Jeremy Langford,RB,2016,73.2,54.2,12
00-0023500,Frank Gore,RB,2015,193.4,159.4,16
00-0033537,Deshaun Watson,QB,2024,76.72,76.72,7
00-0026373,Justin Forsett,RB,2016,61.6,41.6,9
00-0030248,Cierre Wood,RB,2015,0.7,-0.30000000000000004,2
00-0028987,Phillip Supernaw,TE,2017,13.9,9.899999999999999,10
00-0036322,Justin Jefferson,WR,2022,380.28000000000003,245.28,18
00-0032227,Jeff Heuerman,TE,2019,31.4,17.4,8
00-0027531,Chris Ivory,RB,2015,202.70000000000002,172.70000000000002,15
00-0034510,Robert Foster,WR,2019,12.3,9.3,10
00-0036842,Kene Nwangwu,RB,2025,10.9,10.9,10
00-0028202,Shaun Draughn,RB,2016,108.9,79.9,15
00-0028002,Randall Cobb,WR,2019,154.9,99.9,15
00-0031408,Mike Evans,WR,2014,245.10000000000002,177.10000000000002,15
00-0026625,Brian Hoyer,QB,2016,79.6,79.6,6
00-0035652,Ryan Finley,QB,2019,24.66,24.66,3
00-0033897,Joe Mixon,RB,2017,141.3,111.30000000000001,14
00-0037311,Ko Kieft,TE,2022,21.0,14.0,14
00-0035040,David Blough,QB,2022,18.58,18.58,2
00-0033897,Joe Mixon,RB,2024,275.4,236.4,16
00-0029999,Zach Sudfeld,TE,2014,13.5,8.5,13
00-0039067,Rashee Rice,WR,2023,271.2,166.20000000000002,20
00-0026197,Chad Henne,QB,2018,1.46,1.46,1
00-0034829,Mike Gesicki,TE,2025,70.7,42.7,12
00-0037256,Rachaad White,RB,2023,295.5,226.5,19
00-0031599,Cameron Artis-Payne,RB,2015,36.9,30.900000000000002,7
00-0030711,David Fluellen,RB,2017,2.1,2.1,9
00-0033106,Jared Goff,QB,2021,194.5,194.5,14
00-0034386,Justin Watson,WR,2019,42.9,27.900000000000002,9
00-0035771,Mitchell Wilcox,TE,2023,14.6,5.6,12
00-0034297,Byron Pringle,WR,2023,30.1,16.1,13
00-0029701,Ryan Tannehill,QB,2016,190.2,190.2,13
00-0026143,Matt Ryan,QB,2017,253.72,253.72,18
00-0032104,Ameer Abdullah,RB,2025,37.9,21.9,13
00-0029665,Robert Griffin III,QB,2019,16.0,16.0,6
00-0035689,Dawson Knox,TE,2019,82.10000000000001,53.1,16
00-0030821,Allen Hurns,WR,2019,83.6,51.6,14
00-0036268,Laviska Shenault Jr.,WR,2024,14.7,9.7,10
00-0033006,Jaydon Mickens,WR,2017,31.700000000000003,25.700000000000003,12
00-0036332,Josiah Deguara,TE,2022,24.400000000000002,11.400000000000002,9
00-0030496,Le'Veon Bell,RB,2015,111.20000000000002,87.2,6
00-0023459,Aaron Rodgers,QB,2017,129.6,129.6,7
00-0036212,Tua Tagovailoa,QB,2022,230.92000000000002,230.92000000000002,13
00-0031585,MyCole Pruitt,TE,2020,21.9,16.9,5
00-0034358,Derrius Guice,RB,2019,57.400000000000006,50.400000000000006,5
00-0031951,James O'Shaughnessy,TE,2017,39.2,23.200000000000003,18
00-0032141,Geoff Swaim,TE,2017,4.5,2.5,4
00-0034837,Calvin Ridley,WR,2025,47.3,30.300000000000004,7
00-0029388,Deonte Thompson,WR,2015,10.1,8.1,7
00-0026345,Pierre Garcon,WR,2018,58.599999999999994,34.6,8
00-0029119,Derek Carrier,TE,2015,37.1,20.1,12
00-0037005,Tommy Tremble,TE,2021,53.1,33.1,15
00-0034348,Courtland Sutton,WR,2023,190.20000000000002,131.2,16
00-0030540,Aaron Dobson,WR,2014,6.8,3.8000000000000003,4
00-0029708,Kendall Wright,WR,2014,167.9,110.9,14
00-0032055,Devin Funchess,WR,2015,124.60000000000001,88.6,19
00-0026995,Jeremy Maclin,WR,2017,102.0,62.00000000000001,12
00-0036332,Josiah Deguara,TE,2021,61.5,36.5,15
00-0034681,Chase Edmonds,RB,2020,168.0,115.0,16
00-0037840,Kyren Williams,RB,2022,30.5,21.5,8
00-0033077,Dak Prescott,QB,2025,313.78,313.78,17
00-0037617,Hassan Haskins,RB,2025,10.0,6.0,12
00-0028411,Dontrelle Inman,WR,2015,99.60000000000001,64.60000000000001,13
00-0022921,Larry Fitzgerald,WR,2017,261.44,152.44,16
00-0036450,Ke'Shawn Vaughn,RB,2022,10.2,7.2,6
00-0025389,Calvin Johnson,WR,2014,240.20000000000002,164.20000000000002,14
00-0035704,Drew Lock,QB,2021,51.88,50.88,6
00-0033553,James Conner,RB,2020,184.3,144.3,14
00-0032062,Blake Bell,TE,2022,11.399999999999999,8.4,3
00-0032058,Tevin Coleman,RB,2022,22.0,19.0,2
00-0035644,Noah Fant,TE,2022,124.7,73.7,18
00-0038041,Jake Ferguson,TE,2024,104.4,45.400000000000006,14
00-0034115,Jeff Wilson,RB,2024,10.600000000000001,7.6000000000000005,7
00-0027902,Dez Bryant,WR,2016,214.2,155.20000000000002,14
00-0026267,Jacob Tamme,TE,2014,34.9,20.9,13
00-0037013,Zach Wilson,QB,2021,151.86,151.86,13
00-0036387,Jalen Reagor,WR,2023,28.5,21.5,9
00-0036450,Ke'Shawn Vaughn,RB,2024,0.4,0.4,1
00-0035228,Kyler Murray,QB,2024,297.24,297.24,17
00-0038465,Malik Heath,WR,2025,14.6,8.600000000000001,7
00-0034349,Kerryon Johnson,RB,2019,85.0,75.0,8
00-0032211,Tyler Lockett,WR,2015,188.4,133.4,18
00-0031806,Malcolm Brown,RB,2019,59.1,57.1,14
00-0029587,Rhett Ellison,TE,2018,60.199999999999996,35.2,13
00-0031690,Eric Tomlinson,TE,2019,1.1,0.1,2
00-0037112,Jake Tonges,TE,2025,104.60000000000001,64.60000000000001,12
00-0039325,Carson Steele,RB,2024,23.900000000000002,16.900000000000002,13
00-0030465,Kenjon Barner,RB,2015,21.6,12.600000000000001,6
00-0031922,Khari Lee,TE,2018,1.5,0.5,1
00-0031280,Derek Carr,QB,2017,206.44,206.44,15
00-0027215,Logan Paulsen,TE,2018,24.1,15.1,8
00-0025396,Ted Ginn,WR,2020,7.0,4.0,5
00-0038738,Hunter Luepke,RB,2025,37.0,24.0,14
00-0031484,Chris Manhertz,TE,2024,12.0,9.0,8
00-0033421,Antony Auclair,TE,2021,15.700000000000001,10.7,4
00-0036069,Scottie Phillips,RB,2020,2.6,1.6,1
00-0029701,Ryan Tannehill,QB,2022,161.24,161.24,12
00-0030108,Ryan Griffin,TE,2017,36.8,23.8,6
00-0033556,Tarik Cohen,RB,2020,17.5,11.5,3
00-0028263,Andre Holmes,WR,2015,58.1,44.1,15
00-0034378,Ito Smith,RB,2020,57.3,40.300000000000004,14
00-0038998,Jake Haener,QB,2024,13.24,13.24,8
00-0027135,Brandon Myers,TE,2015,24.7,12.700000000000001,6
00-0029604,Kirk Cousins,QB,2020,306.2,306.2,16
00-0027006,Kenny Britt,WR,2014,142.2,94.2,16
00-0031408,Mike Evans,WR,2016,304.1,208.1,16
00-0033869,Mitchell Trubisky,QB,2021,7.920000000000001,7.920000000000001,6
00-0030513,Latavius Murray,RB,2014,85.7,68.7,13
00-0034960,Jakobi Meyers,WR,2023,218.58,147.58,16
00-0032426,Alex Collins,RB,2016,44.4,30.400000000000002,11
00-0033839,Dede Westbrook,WR,2021,16.8,6.800000000000001,15
00-0027981,Kyle Rudolph,TE,2020,65.4,37.400000000000006,12
00-0032423,Trevor Davis,WR,2017,13.3,8.3,15
00-0026625,Brian Hoyer,QB,2015,161.98,161.98,12
00-0029141,Alfred Morris,RB,2015,101.60000000000001,91.60000000000001,17
00-0031782,Eli Rogers,WR,2016,148.2,87.2,16
00-0033559,Michael Roberts,TE,2018,37.0,28.0,8
00-0028002,Randall Cobb,WR,2021,95.6,67.6,12
00-0037545,Rashid Shaheed,WR,2023,157.6,111.60000000000001,15
00-0028841,Will Johnson,RB,2014,10.4,4.4,12
00-0033958,Nathan Peterman,QB,2021,0.2,0.2,1
00-0031021,Jared Abbrederis,WR,2015,35.0,20.0,10
00-0035715,Derrick Gore,RB,2021,56.4,48.4,9
00-0033896,Adam Shaheen,TE,2019,18.4,9.4,7
00-0035644,Noah Fant,TE,2023,73.4,41.400000000000006,15
00-0038589,Josh Whyle,TE,2025,16.3,10.3,7
00-0033536,Mike Williams,WR,2020,153.7,105.7,14
00-0029854,C.J. Anderson,RB,2018,103.0,95.0,12
00-0027659,Jimmy Clausen,QB,2014,15.82,15.82,4
00-0032543,Alex Erickson,WR,2021,8.5,5.5,17
00-0038040,Zamir White,RB,2024,29.3,23.3,8
00-0031237,Teddy Bridgewater,QB,2018,7.219999999999999,7.219999999999999,4
00-0031167,Scott Simonson,TE,2019,3.1,1.1,3
00-0034799,Kalen Ballage,RB,2020,93.9,64.9,11
00-0030108,Ryan Griffin,TE,2016,110.1,57.1,18
00-0029119,Derek Carrier,TE,2018,19.700000000000003,12.700000000000001,10
00-0031800,Taylor Heinicke,QB,2023,66.0,66.0,5
00-0036554,Nico Collins,WR,2021,83.60000000000001,50.6,14
00-0033127,Will Fuller,WR,2016,140.5,86.5,16
00-0040782,Isaiah Bond,WR,2025,54.7,36.7,15
00-0033106,Jared Goff,QB,2017,269.62,269.62,16
00-0033104,Cody Kessler,QB,2017,2.94,2.94,3
00-0026544,Chase Daniel,QB,2019,26.000000000000004,26.000000000000004,3
00-0033925,D'Onta Foreman,RB,2018,11.0,9.0,2
00-0033576,Eric Saubert,TE,2024,26.7,15.7,12
00-0035700,Josh Jacobs,RB,2022,328.3,275.3,17
00-0033104,Cody Kessler,QB,2018,38.660000000000004,38.660000000000004,5
00-0034646,Brandon Powell,WR,2023,69.1,40.1,17
00-0034764,Michael Gallup,WR,2018,125.4,84.4,17
00-0033536,Mike Williams,WR,2021,246.60000000000002,170.60000000000002,16
00-0039398,Joe Milton III,QB,2025,10.32,10.32,4
00-0035264,Jarrett Stidham,QB,2020,12.94,12.94,5
00-0030432,Christine Michael,RB,2018,0.9,0.9,1
00-0030669,Albert Wilson,WR,2017,120.6,76.60000000000001,14
00-0032128,Chris Conley,WR,2024,13.6,7.6000000000000005,9
00-0040202,Devin Neal,RB,2025,60.0,43.0,9
00-0033955,Jeremy McNichols,RB,2021,73.60000000000001,45.6,13
00-0030565,Geno Smith,QB,2014,150.8,150.8,14
00-0032436,Jeff Driskel,QB,2022,17.22,16.22,7
00-0033077,Dak Prescott,QB,2016,312.26,312.26,17
00-0023541,Kyle Orton,QB,2014,176.12,176.12,12
00-0037304,Connor Heyward,TE,2023,41.2,17.200000000000003,15
00-0036357,Henry Ruggs III,WR,2020,84.10000000000001,58.1,13
00-0033040,Tyreek Hill,WR,2021,365.8,231.8,20
00-0030181,Jack Doyle,TE,2016,145.4,86.4,16
00-0031280,Derek Carr,QB,2019,244.36,244.36,16
00-0034164,Trenton Cannon,RB,2021,0.4,0.4,10
00-0034348,Courtland Sutton,WR,2021,150.24,92.24000000000001,17
00-0033681,Keelan Cole,WR,2020,155.4,100.39999999999999,16
00-0033859,Josh Malone,WR,2017,18.5,12.5,9
00-0031237,Teddy Bridgewater,QB,2014,179.66,179.66,13
00-0033375,Tim Patrick,WR,2018,60.2,37.2,12
00-0031260,Logan Thomas,TE,2017,21.2,13.2,6
00-0032054,Breshad Perriman,WR,2018,62.2,46.2,10
00-0027057,Brandon Tate,WR,2016,24.5,16.5,15
00-0033576,Eric Saubert,TE,2025,9.1,5.1,10
00-0039613,Dallin Holker,TE,2024,5.1,2.1,3
00-0029004,Lance Dunbar,RB,2015,49.2,28.200000000000003,4
00-0025592,Jordan Palmer,QB,2014,0.18000000000000002,0.18000000000000002,1
00-0035973,Patrick Taylor,RB,2023,30.6,19.6,13
00-0038124,Christian Watson,WR,2024,105.3,76.3,14
00-0031408,Mike Evans,WR,2023,319.0,229.0,19
00-0033090,Hunter Henry,TE,2025,205.0,136.0,21
00-0034855,Baker Mayfield,QB,2023,324.6,324.6,19
00-0037012,Trey Lance,QB,2022,12.46,12.46,2
00-0037569,Peyton Hendershot,TE,2024,10.1,5.1,5
00-0028007,Rob Housler,TE,2015,7.3,3.3000000000000003,5
00-0025396,Ted Ginn,WR,2017,197.4,132.4,17
00-0027973,Andy Dalton,QB,2023,23.64,23.64,2
00-0029608,T.Y. Hilton,WR,2018,268.5,183.5,16
00-0026625,Brian Hoyer,QB,2022,1.48,1.48,1
00-0033553,James Conner,RB,2021,267.1,229.1,16
00-0031382,Jarvis Landry,WR,2022,60.2,35.2,9
00-0032385,Sterling Shepard,WR,2024,80.3,48.300000000000004,13
00-0029293,Marvin Jones,WR,2020,227.8,151.8,16
00-0035831,James Robinson,RB,2022,88.6,77.6,11
00-0035374,Michael Walker,WR,2019,3.5,1.5,7
00-0034593,Chris Lacy,WR,2019,9.0,6.000000000000001,4
00-0036255,Denzel Mims,WR,2020,60.699999999999996,37.7,9
00-0027994,Shane Vereen,RB,2016,38.2,27.200000000000003,5
00-0031045,Carlos Hyde,RB,2017,233.8,174.8,16
00-0033246,Johnny Mundt,TE,2023,40.2,23.200000000000003,10
00-0030300,Jaron Brown,WR,2016,35.7,24.700000000000003,6
00-0031057,Ka'Deem Carey,RB,2015,36.8,33.8,9
00-0034383,Dalton Schultz,TE,2022,184.9,115.9,17
00-0039373,Audric Estimé,RB,2025,48.1,36.1,5
00-0028002,Randall Cobb,WR,2023,16.9,11.9,9
00-0030466,Justin Brown,WR,2014,19.4,7.4,6
00-0033949,Joshua Dobbs,QB,2023,200.66,200.66,13
00-0036497,Tim Jones,WR,2023,19.3,8.3,10
00-0036652,Racey McMath,WR,2022,6.4,4.4,4
00-0031589,Brett Hundley,QB,2019,6.0600000000000005,6.0600000000000005,3
00-0037317,Nick Muse,TE,2023,3.2,2.2,1
00-0034432,Bo Scarbrough,RB,2020,3.1,3.1,1
00-0025399,Marshawn Lynch,RB,2015,88.2,73.2,8
00-0034159,Will Dissly,TE,2021,50.1,29.1,13
00-0030691,Jeremy Butler,WR,2016,3.1,1.1,2
00-0038134,Kenneth Walker III,RB,2023,199.4,170.4,15
00-0031299,Jordan Matthews,TE,2016,171.4,98.4,14
00-0040130,Jayden Higgins,WR,2025,148.3,98.3,19
00-0032256,Clive Walford,TE,2019,10.100000000000001,6.1000000000000005,6
00-0034411,Russell Gage,WR,2018,12.3,6.300000000000001,9
00-0036387,Jalen Reagor,WR,2021,79.3,45.300000000000004,18
00-0035562,Jesper Horsted,TE,2019,22.7,14.7,5
00-0038576,Charlie Jones,WR,2025,6.0,6.0,14
00-0026300,Josh Johnson,QB,2025,24.380000000000003,24.380000000000003,3
00-0038951,Sean Tucker,RB,2023,5.2,3.2000000000000006,3
00-0033906,Alvin Kamara,RB,2020,410.90000000000003,322.90000000000003,17
00-0034301,Darrel Williams,RB,2021,196.4,149.4,18
00-0039361,Bucky Irving,RB,2025,138.5,108.5,10
00-0040078,Brashard Smith,RB,2025,63.3,38.300000000000004,17
00-0024296,Charlie Whitehurst,QB,2015,4.1,4.1,4
00-0034297,Byron Pringle,WR,2020,50.9,31.900000000000002,10
00-0037557,Ronnie Rivers,RB,2023,27.5,19.5,10
00-0036841,Austin Trammell,WR,2023,6.9,2.9000000000000004,16
00-0039824,Jared Wiley,TE,2025,1.4,0.4,2
00-0034521,Allen Lazard,WR,2018,1.7000000000000002,0.7000000000000001,1
00-0032319,Ross Travis,TE,2017,14.600000000000001,7.6000000000000005,11
00-0034487,Trent Sherfield,WR,2025,5.1,2.1,4
00-0031051,John Brown,WR,2017,69.9,48.900000000000006,10
00-0039021,Roschon Johnson,RB,2024,77.4,61.4,13
00-0033009,Tyler Boyd,WR,2022,182.02,118.02000000000001,19
00-0033881,Evan Engram,TE,2020,141.0,78.0,16
00-0034750,Rashaad Penny,RB,2022,52.2,48.2,5
00-0033891,Zay Jones,WR,2023,78.1,44.1,9
00-0031310,Devin Street,WR,2016,3.0,2.0,2
00-0035216,Diontae Johnson,WR,2019,165.1,106.10000000000001,16
00-0027944,Julio Jones,WR,2021,92.6,55.6,11
00-0037258,Dameon Pierce,RB,2025,3.6,3.6,5
00-0029572,Jarius Wright,WR,2014,119.9,77.9,15
00-0027077,Brian Hartline,WR,2015,110.30000000000001,64.3,12
00-0029269,Travis Benjamin,WR,2017,130.3,96.30000000000001,16
00-0036973,Travis Etienne,RB,2025,276.5,235.5,18
00-0039299,George Holani,RB,2025,29.2,23.2,12
00-0032430,David Morgan,TE,2018,8.6,3.6,6
00-0031503,Jameis Winston,QB,2024,131.14,131.14,11
00-0028118,Tyrod Taylor,QB,2018,41.419999999999995,41.419999999999995,4
00-0037744,Trey McBride,TE,2022,61.5,32.5,12
00-0026184,Matt Forte,RB,2015,214.7,170.7,13
00-0031301,Jeremy Hill,RB,2018,4.1,3.1,1
00-0030832,Asante Cleveland,TE,2015,1.1,0.1,1
00-0036556,Brevin Jordan,TE,2022,26.8,12.8,9
00-0036755,Jaret Patterson,RB,2022,7.800000000000001,7.800000000000001,2
00-0028838,Larry Donnell,TE,2014,153.3,90.3,16
00-0033908,Cooper Kupp,WR,2020,222.5,126.50000000000001,16
00-0033893,Dalvin Cook,RB,2020,337.8,293.8,14
00-0036322,Justin Jefferson,WR,2020,274.2,186.20000000000002,16
00-0032371,Rob Kelley,RB,2017,43.2,39.2,7
00-0034764,Michael Gallup,WR,2023,104.10000000000001,64.10000000000001,17
00-0039391,Kimani Vidal,RB,2024,32.7,27.700000000000003,9
00-0039391,Kimani Vidal,RB,2025,125.0,107.0,14
00-0037569,Peyton Hendershot,TE,2022,39.5,28.5,13
00-0033555,Mack Hollins,WR,2020,37.6,21.6,11
00-0036332,Josiah Deguara,TE,2020,2.2,1.2000000000000002,1
00-0034521,Allen Lazard,WR,2024,126.0,89.0,12
00-0035428,Daniel Helm,TE,2021,0.9,-0.1,3
00-0035662,Marquise Brown,WR,2023,134.70000000000002,83.7,13
00-0029492,Jamize Olawale,RB,2018,3.3,1.3,10
00-0038117,Wan'Dale Robinson,WR,2023,133.2,73.2,15
00-0033591,Noah Brown,WR,2017,7.300000000000001,3.3000000000000003,7
00-0029263,Russell Wilson,QB,2014,388.16,387.16,19
00-0024389,Delanie Walker,TE,2018,9.2,5.2,1
00-0031547,DeVante Parker,WR,2019,246.2,174.2,16
00-0028581,Patrick DiMarco,RB,2019,9.799999999999999,4.8,8
00-0034777,DJ Chark,WR,2020,153.6,100.6,13
00-0036857,Chris Evans,RB,2022,12.8,9.8,10
00-0034073,Ross Dwelley,TE,2020,49.5,30.5,12
00-0034988,Kaden Smith,TE,2021,6.300000000000001,3.3000000000000003,4
00-0033873,Patrick Mahomes,QB,2018,459.90000000000003,459.90000000000003,18
00-0032400,Malcolm Mitchell,WR,2016,110.60000000000001,71.60000000000001,14
00-0037300,Mike Woods,WR,2024,13.5,6.5,5
00-0036980,Elijah Moore,WR,2023,135.3,74.30000000000001,17
00-0037594,Julius Chestnut,RB,2022,8.3,5.300000000000001,6
00-0031687,Raheem Mostert,RB,2016,0.6000000000000001,0.6000000000000001,1
00-0036271,Quez Watkins,WR,2020,23.6,16.6,4
00-0026983,Darrius Heyward-Bey,WR,2015,72.8,49.8,16
00-0034753,Mark Andrews,TE,2018,113.3,76.3,17
00-0030506,Travis Kelce,TE,2024,231.9,121.9,19
00-0034268,J'Mon Moore,WR,2018,3.5,1.5,7
00-0032001,Ben Edwards,WR,2015,1.9,0.9,1
00-0035146,Trace McSorley,QB,2022,8.58,8.58,5
00-0039738,Blake Corum,RB,2024,33.5,26.5,15
00-0033526,Samaje Perine,RB,2019,1.6,1.6,4
00-0029384,Bobby Rainey,RB,2014,111.10000000000001,78.10000000000001,15
00-0028116,Aldrick Robinson,WR,2017,57.0,38.0,14
00-0029415,Keshawn Martin,WR,2014,13.8,7.800000000000001,14
00-0028064,Bilal Powell,RB,2019,33.2,26.200000000000003,12
00-0035700,Josh Jacobs,RB,2023,181.1,144.1,13
00-0034184,Gus Edwards,RB,2024,66.30000000000001,63.300000000000004,12
00-0031407,Blake Bortles,QB,2017,297.54,297.54,19
00-0035222,Zach Gentry,TE,2021,43.0,20.0,11
00-0029580,Rishard Matthews,WR,2017,164.4,107.4,16
00-0036991,Amari Rodgers,WR,2021,9.600000000000001,5.6000000000000005,17
00-0028411,Dontrelle Inman,WR,2020,46.300000000000004,28.3,7
00-0027029,LeSean McCoy,RB,2017,281.5,216.5,17
00-0031382,Jarvis Landry,WR,2014,189.4,105.4,16
00-0033933,Chad Williams,WR,2018,41.0,24.0,10
00-0029263,Russell Wilson,QB,2025,49.84,49.84,6
00-0031228,Taylor Gabriel,WR,2014,105.10000000000001,69.10000000000001,16
00-0031744,Matt LaCosse,TE,2018,55.0,31.0,13
00-0032134,C.J. Uzomah,TE,2019,63.2,36.2,14
00-0034578,Reggie Bonnafon,RB,2022,0.8,0.8,1
00-0026898,Mark Sanchez,QB,2014,139.42,139.42,9
00-0030216,Josh Hill,TE,2017,52.0,30.0,14
00-0026143,Matt Ryan,QB,2016,430.02,430.02,19
00-0027595,Bryan Walters,WR,2015,74.8,42.800000000000004,11
00-0036232,Harrison Bryant,TE,2024,17.6,8.600000000000001,6
00-0032063,Mike Davis,RB,2015,16.6,9.600000000000001,5
00-0026932,Cedric Peerman,RB,2014,10.0,7.0,13
00-0031558,Maxx Williams,TE,2015,64.8,32.800000000000004,14
00-0027696,Jimmy Graham,TE,2017,171.0,114.0,16
00-0033897,Joe Mixon,RB,2020,99.60000000000001,78.60000000000001,6
00-0031547,DeVante Parker,WR,2023,72.4,39.4,13
00-0036951,Frank Darby,WR,2022,2.5,1.5,1
00-0039384,Tyrone Tracy Jr.,RB,2024,182.3,144.3,17
00-0036698,Mekhi Sargent,RB,2021,1.1,1.1,4
00-0030108,Ryan Griffin,TE,2021,65.10000000000001,38.1,14
00-0032760,Josh Doctson,WR,2016,8.6,6.6000000000000005,2
00-0037664,Alec Pierce,WR,2024,161.4,124.4,16
00-0028581,Patrick DiMarco,RB,2018,10.100000000000001,7.1000000000000005,8
00-0028043,Roy Helu,RB,2014,127.30000000000001,85.30000000000001,13
00-0037614,John Metchie III,WR,2023,40.5,21.5,15
00-0034830,Hayden Hurst,TE,2019,92.2,58.2,17
00-0026498,Matthew Stafford,QB,2022,108.38000000000001,108.38000000000001,9
00-0034270,Tyler Conklin,TE,2024,121.9,70.9,16
00-0022924,Ben Roethlisberger,QB,2016,288.66,288.66,17
00-0021547,Antonio Gates,TE,2014,223.1,154.1,16
00-0033127,Will Fuller,WR,2020,188.9,135.9,11
00-0028042,Luke Stocker,TE,2018,43.5,28.5,12
00-0039164,Anthony Richardson,QB,2023,72.68,72.68,4
00-0036336,Anthony McFarland,RB,2023,3.1,1.1,3
00-0037742,Treylon Burks,WR,2023,39.9,23.900000000000002,9
00-0034272,Marquez Valdes-Scantling,WR,2025,37.6,20.6,10
00-0026373,Justin Forsett,RB,2015,122.4,91.4,10
00-0036096,J.J. Taylor,RB,2022,2.7,1.7000000000000002,1
00-0034386,Justin Watson,WR,2023,104.0,71.0,19
00-0031408,Mike Evans,WR,2018,284.40000000000003,198.4,16
00-0030506,Travis Kelce,TE,2023,305.4,180.4,19
00-0028986,Case Keenum,QB,2016,111.14,111.14,10
00-0036020,Salvon Ahmed,RB,2020,69.0,58.00000000000001,6
00-0032464,Kalif Raymond,WR,2020,27.4,18.4,16
00-0036875,Rhamondre Stevenson,RB,2025,231.1,187.1,18
00-0028083,Jacquizz Rodgers,RB,2017,46.8,37.8,16
00-0031373,Martavis Bryant,WR,2015,216.9,152.9,13
00-0036450,Ke'Shawn Vaughn,RB,2020,23.4,18.4,7
00-0030279,Keenan Allen,WR,2020,245.1,145.1,14
00-0029701,Ryan Tannehill,QB,2019,266.44,266.44,15
00-0030542,Terrance Williams,WR,2014,182.1,141.1,17
00-0033895,Gerald Everett,TE,2024,11.6,3.6000000000000005,10
00-0035311,Myles Gaskin,RB,2025,0.6000000000000001,0.6000000000000001,1
00-0029854,C.J. Anderson,RB,2019,4.3,4.3,2
00-0033885,David Njoku,TE,2023,217.5,129.5,17
00-0034418,Cedrick Wilson Jr.,WR,2023,76.3,51.3,12
00-0037450,Tyreik McAllister,WR,2024,1.1,1.1,2
00-0029604,Kirk Cousins,QB,2024,176.32,176.32,14
00-0030091,Tavarres King,WR,2014,3.3,1.3,1
00-0029414,Orson Charles,TE,2018,5.3,2.3000000000000003,10
00-0033106,Jared Goff,QB,2024,333.68,332.68,18
00-0025542,Dante Rosario,TE,2014,27.6,11.600000000000001,14
00-0035215,Deonte Harty,WR,2022,3.3,1.3,4
00-0037248,James Cook,RB,2025,323.4,286.4,19
00-0031391,Tre Mason,RB,2015,51.5,33.5,13
00-0040237,Tez Johnson,WR,2025,92.4,64.4,15
00-0037805,Jeremy Ruckert,TE,2022,1.8,0.8,2
00-0027688,Colt McCoy,QB,2020,18.2,18.2,4
00-0026364,Steve Johnson,WR,2014,96.5,61.50000000000001,13
00-0031598,Nick Boyle,TE,2017,50.300000000000004,22.3,15
00-0030525,Tavon Austin,WR,2018,41.7,31.7,9
00-0024324,Jason Avant,WR,2015,37.8,18.8,11
00-0038979,Cedric Tillman,WR,2023,44.2,23.200000000000003,11
00-0039152,Will Levis,QB,2023,102.02,102.02,9
00-0032398,Chris Moore,WR,2023,68.30000000000001,46.300000000000004,15
00-0034808,John Kelly,RB,2019,0.9,0.9,1
00-0031588,Stefon Diggs,WR,2023,291.8,174.8,19
00-0032257,Duke Johnson,RB,2015,164.3,103.30000000000001,16
00-0033246,Johnny Mundt,TE,2025,20.1,11.100000000000001,12
00-0030108,Ryan Griffin,TE,2022,6.6,2.6,10
00-0027939,Cam Newton,QB,2019,16.68,16.68,2
00-0029613,Doug Martin,RB,2017,76.0,67.0,11
00-0032160,Tyrell Williams,WR,2017,137.8,94.8,16
00-0027029,LeSean McCoy,RB,2015,178.70000000000002,146.70000000000002,12
00-0036252,Michael Pittman,WR,2022,216.5,117.5,16
00-0028042,Luke Stocker,TE,2020,13.299999999999999,6.300000000000001,11
00-0037265,Snoop Conner,RB,2022,10.2,10.2,5
00-0026225,Craig Stevens,TE,2014,4.6,2.6,1
00-0038783,Nate Adkins,TE,2023,6.2,2.2,5
00-0022942,Philip Rivers,QB,2014,265.64,265.64,16
00-0038933,Dalton Kincaid,TE,2025,158.20000000000002,110.2,14
00-0035664,Darrell Henderson,RB,2021,171.4,139.4,13
00-0031549,Nelson Agholor,WR,2023,111.2,73.2,18
00-0038394,Will Mallory,TE,2025,2.6,1.6,1
00-0031731,Corey Grant,RB,2016,35.900000000000006,31.900000000000002,10
00-0033921,Chris Godwin Jr.,WR,2019,276.1,190.1,14
00-0026998,Percy Harvin,WR,2015,49.9,30.900000000000002,5
00-0040784,Quinshon Judkins,RB,2025,169.8,143.8,14
00-0032144,Melvin Gordon,RB,2019,180.8,138.8,12
00-0027854,Sam Bradford,QB,2016,221.88,220.88,15
00-0034899,John Wolford,QB,2022,14.8,14.8,2
00-0034959,Andrew Beck,RB,2023,38.8,27.8,13
00-0040236,Kyle Monangai,RB,2025,163.8,140.8,19
00-0031236,Brandin Cooks,WR,2017,246.8,171.8,19
00-0030068,Marquise Goodwin,WR,2017,168.6,112.60000000000001,16
00-0034432,Bo Scarbrough,RB,2019,43.2,42.2,6
00-0031503,Jameis Winston,QB,2016,256.1,256.1,16
00-0036410,Tee Higgins,WR,2025,211.6,152.6,15
00-0039021,Roschon Johnson,RB,2025,1.7000000000000002,1.7000000000000002,6
00-0036271,Quez Watkins,WR,2021,121.5,76.5,18
00-0031326,Bruce Ellington,WR,2015,29.0,16.0,13
00-0026498,Matthew Stafford,QB,2023,265.78,265.78,16
00-0029668,Andrew Luck,QB,2018,357.52,356.52,18
00-0036040,Juwan Johnson,TE,2023,97.8,60.800000000000004,13
00-0038507,Grant DuBose,WR,2024,3.0999999999999996,1.1,2
00-0027218,Joique Bell,RB,2015,105.7,83.7,13
00-0032975,Jonathan Williams,RB,2019,40.400000000000006,35.400000000000006,5
00-0023645,Derek Anderson,QB,2017,0.48000000000000004,0.48000000000000004,4
00-0034854,KhaDarel Hodge,WR,2020,29.0,18.0,7
00-0034791,Nick Chubb,RB,2023,23.1,19.1,2
00-0037745,Velus Jones Jr.,RB,2023,11.1,7.1000000000000005,13
00-0033879,O.J. Howard,TE,2019,83.9,49.900000000000006,14
00-0028067,Julius Thomas,TE,2016,82.10000000000001,52.1,9
00-0028118,Tyrod Taylor,QB,2023,87.34,87.34,10
00-0033090,Hunter Henry,TE,2023,119.9,77.9,13
00-0031166,Seth Roberts,WR,2017,90.5,47.5,15
00-0027656,Rob Gronkowski,TE,2014,320.8,222.8,18
00-0033839,Dede Westbrook,WR,2017,82.4,48.4,10
00-0030279,Keenan Allen,WR,2025,188.2,104.2,18
00-0037013,Zach Wilson,QB,2025,1.3800000000000001,1.3800000000000001,4
00-0037801,KaVontae Turpin,WR,2025,84.5,58.5,15
00-0031344,Cody Latimer,WR,2014,4.300000000000001,2.3000000000000003,4
00-0030107,Theo Riddick,RB,2020,10.7,5.7,4
00-0033854,Dare Ogunbowale,RB,2023,10.3,7.300000000000001,11
00-0034652,Cameron Batson,WR,2021,11.0,9.0,4
00-0032063,Mike Davis,RB,2022,4.2,2.2,5
00-0029755,Brian Leonhardt,TE,2014,15.5,9.5,8
00-0029604,Kirk Cousins,QB,2016,300.28,300.28,16
00-0030108,Ryan Griffin,TE,2019,98.0,64.0,13
00-0034972,Alexander Mattison,RB,2023,133.20000000000002,103.2,16
00-0039792,Devontez Walker,WR,2025,37.6,31.6,8
00-0032058,Tevin Coleman,RB,2019,164.1,142.1,17
00-0037569,Peyton Hendershot,TE,2023,7.800000000000001,3.8000000000000007,8
00-0034857,Josh Allen,QB,2021,479.46000000000004,479.46000000000004,19
00-0031558,Maxx Williams,TE,2019,41.2,26.200000000000003,13
00-0031570,Justin Hardy,WR,2018,39.300000000000004,25.3,16
00-0033466,Isaiah McKenzie,WR,2018,54.5,36.5,8
00-0036383,Eno Benjamin,RB,2022,89.60000000000001,64.60000000000001,13
00-0026153,Jonathan Stewart,RB,2018,1.7000000000000002,1.7000000000000002,3
00-0031408,Mike Evans,WR,2017,203.1,132.1,15
00-0036223,Jonathan Taylor,RB,2020,269.2,231.20000000000002,16
00-0030404,Chris Thompson,RB,2018,91.6,50.6,10
00-0030874,Damien Williams,RB,2021,60.7,44.7,12
00-0034838,Royce Freeman,RB,2020,37.1,25.1,11
00-0027981,Kyle Rudolph,TE,2014,59.1,35.1,9
00-0031818,Bradley Marquez,WR,2015,21.8,8.8,14
00-0032688,Robbie Chosen,WR,2021,138.5,85.5,17
00-0021547,Antonio Gates,TE,2017,79.6,49.6,16
00-0033932,Kenny Golladay,WR,2021,89.10000000000001,52.1,14
00-0033413,De'Veon Smith,RB,2017,5.7,2.7,1
00-0034766,Chris Herndon,TE,2021,14.0,10.0,6
00-0036223,Jonathan Taylor,RB,2023,156.4,137.4,10
00-0039757,Terrell Jennings,RB,2024,3.3,3.3,2
00-0028903,Garrett Celek,TE,2016,80.0,51.0,14
00-0031972,Darius Jennings,WR,2015,25.7,11.7,3
00-0034367,Nyheim Hines,RB,2018,163.3,100.3,17
00-0027861,C.J. Spiller,RB,2014,71.5,52.5,9
00-0035021,Ashton Dulin,WR,2019,3.6999999999999997,1.7000000000000002,8
00-0033856,Leonard Fournette,RB,2021,287.3,209.3,15
00-0039062,Jonathan Mingo,WR,2025,3.5,2.5,5
00-0033555,Mack Hollins,WR,2024,120.2,84.2,20
00-0037834,Brock Purdy,QB,2022,149.42000000000002,149.42000000000002,12
00-0031044,Troy Niklas,TE,2017,30.200000000000003,19.2,11
00-0029033,Griff Whalen,WR,2015,43.5,24.5,12
00-0036628,John Bates,TE,2022,30.8,16.8,9
00-0036247,Freddie Swain,WR,2021,86.5,61.5,17
00-0029665,Robert Griffin III,QB,2014,87.35999999999999,87.35999999999999,9
00-0035676,A.J. Brown,WR,2025,225.8,144.8,16
00-0032218,Dorial Green-Beckham,WR,2015,112.89999999999999,80.9,14
00-0033923,Kareem Hunt,RB,2018,230.2,204.2,11
00-0035640,DK Metcalf,WR,2024,191.2,125.2,15
00-0029660,Trevor Graham,WR,2014,17.7,14.7,11
00-0028986,Case Keenum,QB,2018,214.9,214.9,16
00-0027873,Jermaine Gresham,TE,2018,16.4,7.4,8
00-0030450,Quinton Patton,WR,2014,7.4,4.4,3
00-0036176,Mason Kinsey,WR,2024,3.7,1.7000000000000002,6
00-0038559,Michael Wilson,WR,2025,220.6,142.6,17
00-0036912,DeVonta Smith,WR,2022,297.3,187.3,20
00-0035359,David Sills,WR,2025,49.1,31.1,12
00-0036635,Ihmir Smith-Marsette,WR,2023,32.5,24.500000000000004,17
00-0033553,James Conner,RB,2017,14.400000000000002,14.400000000000002,12
00-0030860,Orleans Darkwa,RB,2017,137.7,118.7,15
00-0033943,Josh Reynolds,WR,2023,156.0,108.0,19
00-0033908,Cooper Kupp,WR,2025,153.0,91.0,19
00-0036876,Kylen Granson,TE,2023,73.0,43.0,15
00-0030035,Adam Thielen,WR,2017,258.90000000000003,158.9,18
00-0030035,Adam Thielen,WR,2020,254.0,180.0,15
00-0031373,Martavis Bryant,WR,2017,148.3,96.30000000000001,16
00-0036439,Tyrie Cleveland,WR,2022,4.800000000000001,2.8000000000000003,5
00-0035298,Scott Miller,WR,2023,39.1,28.1,11
00-0031610,Darren Waller,TE,2020,278.6,171.60000000000002,16
00-0034426,Javon Wims,WR,2019,42.6,24.6,11
00-0026035,Danny Amendola,WR,2016,97.80000000000001,64.80000000000001,15
00-0035229,T.J. Hockenson,TE,2019,80.7,48.7,12
00-0035535,Darius Slayton,WR,2020,141.0,91.00000000000001,16
00-0033555,Mack Hollins,WR,2021,60.3,46.3,15
00-0034208,Mike Boone,RB,2021,7.7,5.7,3
00-0028002,Randall Cobb,WR,2016,210.3,132.3,16
00-0029137,Alshon Jeffery,WR,2018,210.8,134.8,15
00-0030287,Andre Ellington,RB,2015,75.0,60.00000000000001,12
00-0036382,K.J. Hill,WR,2020,14.3,7.300000000000001,12
00-0027714,Dennis Pitta,TE,2016,168.9,82.9,16
00-0037304,Connor Heyward,TE,2022,35.800000000000004,23.8,15
00-0036657,Seth Williams,WR,2021,4.4,3.4000000000000004,1
00-0030516,Brice Butler,WR,2018,18.0,12.0,6
00-0034521,Allen Lazard,WR,2019,109.9,71.9,14
00-0031325,Sammy Watkins,WR,2018,140.5,90.5,12
00-0035140,Mecole Hardman,WR,2023,42.4,22.4,10
00-0031684,Shane Wynn,WR,2016,3.4000000000000004,2.4000000000000004,2
00-0030710,Trey Burton,TE,2014,7.0,7.0,6
00-0035120,Keelan Doss,WR,2023,9.3,3.3,2
00-0038104,Tyquan Thornton,WR,2025,80.8,61.800000000000004,12
00-0037238,Drake London,WR,2022,178.6,106.6,17
00-0036628,John Bates,TE,2025,27.3,16.3,10
00-0027888,Toby Gerhart,RB,2015,9.700000000000001,6.7,5
00-0033627,Jason Croom,TE,2020,7.3,6.3,1
00-0030113,Charles D. Johnson,WR,2014,91.4,60.4,11
00-0035628,D'Ernest Johnson,RB,2023,34.800000000000004,24.8,16
00-0029129,Rod Streater,WR,2015,1.8,0.8,1
00-0029668,Andrew Luck,QB,2014,392.12,392.12,19
00-0024334,Brandon Marshall,WR,2015,339.2,230.2,16
00-0026298,Kellen Davis,TE,2015,10.799999999999999,7.8,13
00-0033951,Marlon Mack,RB,2022,38.300000000000004,30.3,7
00-0032227,Jeff Heuerman,TE,2018,71.1,40.1,11
00-0037834,Brock Purdy,QB,2024,266.86,266.86,15
00-0030540,Aaron Dobson,WR,2015,27.1,14.100000000000001,6
00-0040739,Elijah Arroyo,TE,2025,36.9,21.900000000000002,13
00-0036264,Jordan Love,QB,2024,237.34,237.34,16
00-0023310,Lance Moore,WR,2014,47.800000000000004,33.800000000000004,11
00-0031511,DeAndrew White,WR,2015,3.8,1.8,3
00-0026625,Brian Hoyer,QB,2021,12.280000000000001,12.280000000000001,5
00-0033118,Kenyan Drake,RB,2018,206.20000000000002,153.20000000000002,16
00-0027450,Preston Parker,WR,2015,9.0,4.0,2
00-0021206,Josh McCown,QB,2016,52.1,52.1,5
00-0038543,Jaxon Smith-Njigba,WR,2024,253.0,153.0,17
00-0038839,Mitchell Tinsley,WR,2025,31.6,23.6,8
00-0034681,Chase Edmonds,RB,2019,82.8,70.8,12
00-0031514,Quan Bray,WR,2016,7.3,4.300000000000001,6
00-0033258,Darrell Daniels,TE,2021,3.2,0.2,11
00-0033127,Will Fuller,WR,2017,113.2,85.2,10
00-0031257,Paul Richardson,WR,2014,65.2,35.2,13
00-0038046,Charlie Kolar,TE,2023,23.1,15.100000000000001,10
00-0037086,Grant Calcaterra,TE,2024,61.2,36.2,16
00-0030470,Vance McDonald,TE,2019,83.5,45.5,14
00-0035700,Josh Jacobs,RB,2025,243.9,206.9,16
00-0036898,Davis Mills,QB,2025,68.6,68.6,6
00-0036410,Tee Higgins,WR,2021,280.0,188.0,18
00-0028090,T.J. Yates,QB,2014,0.56,0.56,1
00-0030456,Giovani Bernard,RB,2019,68.4,38.400000000000006,16
00-0031547,DeVante Parker,WR,2018,60.9,36.9,11
00-0032475,Tanner McEvoy,WR,2017,12.3,7.300000000000001,10
00-0030669,Albert Wilson,WR,2019,89.4,46.400000000000006,13
00-0036849,Tutu Atwell,WR,2023,123.2,83.2,15
00-0034869,Sam Darnold,QB,2024,319.66,319.66,18
00-0028825,Terrelle Pryor,WR,2018,53.1,37.1,8
00-0032795,Cody Core,WR,2019,5.800000000000001,2.8000000000000003,7
00-0022921,Larry Fitzgerald,WR,2018,185.68,116.68,16
00-0032144,Melvin Gordon,RB,2016,250.60000000000002,209.6,13
00-0031782,Eli Rogers,WR,2017,48.1,25.1,13
00-0033550,Davis Webb,QB,2022,20.82,20.82,1
00-0034855,Baker Mayfield,QB,2025,271.92,271.92,17
00-0029000,Cole Beasley,WR,2017,91.4,55.400000000000006,15
00-0029492,Jamize Olawale,RB,2015,34.4,25.400000000000002,13
00-0034011,Dan Arnold,TE,2020,96.8,65.8,15
00-0030506,Travis Kelce,TE,2014,177.2,110.2,16
00-0036906,Khalil Herbert,RB,2021,78.9,64.9,16
00-0036290,Cole Kmet,TE,2024,120.4,73.4,16
00-0039868,Troy Franklin,WR,2024,80.5,50.5,17
00-0024243,Marcedes Lewis,TE,2024,1.2,0.2,5
00-0030108,Ryan Griffin,TE,2020,17.6,8.600000000000001,10
00-0031068,Ryan Grant,WR,2015,61.8,38.8,15
00-0030526,EJ Manuel,QB,2017,14.1,14.1,2
00-0033881,Evan Engram,TE,2022,207.3,122.3,19
00-0029000,Cole Beasley,WR,2016,197.5,118.50000000000001,17
00-0038720,Julian Hill,TE,2023,8.8,2.8000000000000003,10
00-0031549,Nelson Agholor,WR,2022,75.2,44.2,14
00-0035535,Darius Slayton,WR,2025,98.80000000000001,61.800000000000004,14
00-0033077,Dak Prescott,QB,2022,245.64000000000001,245.64000000000001,14
00-0033891,Zay Jones,WR,2018,165.2,109.2,16
00-0035535,Darius Slayton,WR,2024,110.0,71.0,16
00-0035228,Kyler Murray,QB,2019,285.28,285.28,16
00-0030290,Cobi Hamilton,WR,2016,67.5,46.5,14
00-0038824,Ryan Miller,WR,2025,11.4,9.4,9
00-0032881,Tommylee Lewis,WR,2020,2.9,1.9000000000000001,5
00-0033681,Keelan Cole,WR,2018,89.1,51.1,14
00-0038705,Emari Demercado,RB,2023,73.3,52.300000000000004,11
00-0029432,Chase Ford,TE,2014,54.800000000000004,31.800000000000004,10
00-0033857,JuJu Smith-Schuster,WR,2022,204.20000000000002,116.2,19
00-0031257,Paul Richardson,WR,2018,59.1,39.1,7
00-0035187,Austin Walter,RB,2021,19.0,17.0,4
00-0030456,Giovani Bernard,RB,2021,78.4,50.400000000000006,12
00-0033040,Tyreek Hill,WR,2019,239.7,164.7,15
00-0034660,Rico Gafford,WR,2019,14.600000000000001,12.600000000000001,3
00-0029269,Travis Benjamin,WR,2019,9.0,3.0,5
00-0039393,Jase McClellan,RB,2024,3.2,3.2,2
00-0027966,Mark Ingram,RB,2019,246.60000000000002,219.60000000000002,16
00-0030524,Landry Jones,QB,2017,8.56,8.56,3
00-0029159,Jermaine Kearse,WR,2014,139.78,94.78,18
00-0036194,Devin Asiasi,TE,2020,11.9,9.9,4
00-0022787,Matt Schaub,QB,2018,1.1,0.09999999999999998,2
00-0035261,Tony Pollard,RB,2019,89.2,74.2,14
00-0034411,Russell Gage,WR,2020,181.06,109.06,16
00-0029731,Fozzy Whittaker,RB,2016,72.10000000000001,47.1,16
00-0030279,Keenan Allen,WR,2017,278.2,176.2,16
00-0033434,Bobo Wilson,WR,2019,6.5,3.5,6
00-0035594,Travis Homer,RB,2022,43.1,27.1,10
00-0033367,C.J. Board,WR,2022,1.6,0.6000000000000001,4
00-0031236,Brandin Cooks,WR,2022,145.6,88.6,13
00-0039356,Ja'Tavion Sanders,TE,2024,73.2,40.2,15
00-0029677,Brandon Weeden,QB,2014,20.02,20.02,4
00-0032977,Rashard Higgins,WR,2021,57.5,33.5,12
00-0029738,Darren Fells,TE,2019,129.0,88.0,17
00-0036196,Gabe Davis,WR,2020,149.4,110.4,19
00-0030586,Ryan Nassib,QB,2015,6.720000000000001,6.720000000000001,1
00-0023662,Matt Cassel,QB,2017,2.4800000000000004,2.4800000000000004,2
00-0031102,Kapri Bibbs,RB,2017,40.7,26.700000000000003,3
00-0035760,Jacques Patrick,RB,2021,1.2000000000000002,1.2000000000000002,1
00-0027966,Mark Ingram,RB,2022,50.1,34.1,10
00-0040590,Konata Mumpfield,WR,2025,30.4,17.4,13
00-0037005,Tommy Tremble,TE,2024,56.4,33.400000000000006,10
00-0036254,Collin Johnson,WR,2021,21.5,10.5,8
00-0032166,Sammie Coates,WR,2018,2.2,1.2000000000000002,4
00-0035216,Diontae Johnson,WR,2022,180.7,94.7,17
00-0031598,Nick Boyle,TE,2018,44.3,21.3,12
00-0036255,Denzel Mims,WR,2022,29.6,18.6,9
00-0031941,Jamison Crowder,WR,2023,37.900000000000006,21.9,16
00-0032214,Tyler Kroft,TE,2017,124.4,82.4,16
00-0029587,Rhett Ellison,TE,2019,40.7,22.700000000000003,10
00-0024243,Marcedes Lewis,TE,2017,99.9,71.9,19
00-0033367,C.J. Board,WR,2019,5.1000000000000005,3.1000000000000005,2
00-0027656,Rob Gronkowski,TE,2016,97.0,72.0,8
00-0036331,Devin Duvernay,WR,2022,116.10000000000001,79.1,14
00-0038519,Nikko Remigio,WR,2024,6.800000000000001,4.800000000000001,8
00-0031690,Eric Tomlinson,TE,2018,15.200000000000001,7.200000000000001,12
00-0036182,Nick Westbrook-Ikhine,WR,2025,19.9,8.9,13
00-0039420,Jaheim Bell,TE,2024,4.0,2.0,4
00-0034407,Ray-Ray McCloud,WR,2024,142.5,80.5,17
00-0035246,J.J. Arcega-Whiteside,WR,2021,5.6,3.6000000000000005,7
00-0032257,Duke Johnson,RB,2022,0.4,0.4,1
00-0033293,Aaron Jones,RB,2025,118.7,90.7,12
00-0030282,Stepfan Taylor,RB,2015,7.2,6.2,10
00-0035216,Diontae Johnson,WR,2024,91.3,57.300000000000004,12
00-0028795,Chase Reynolds,RB,2016,1.4,0.4,11
00-0034816,Ronald Jones,RB,2019,166.3,135.3,16
00-0031549,Nelson Agholor,WR,2017,222.1,145.1,19
00-0030089,Luke Willson,TE,2018,21.7,8.700000000000001,10
00-0033881,Evan Engram,TE,2023,230.3,116.30000000000001,17
00-0031384,Richard Rodgers,TE,2017,34.0,22.0,10
00-0032187,David Johnson,RB,2020,179.5,146.5,12
00-0037247,George Pickens,WR,2022,166.5,114.5,17
00-0026625,Brian Hoyer,QB,2023,4.94,4.94,2
00-0032139,Ben Koyack,TE,2017,21.0,14.0,9
00-0036876,Kylen Granson,TE,2021,21.6,10.600000000000001,10
00-0037132,Britain Covey,WR,2023,8.2,4.2,16
00-0027218,Joique Bell,RB,2016,1.4000000000000001,0.4000000000000001,3
00-0030496,Le'Veon Bell,RB,2020,75.2,59.2,12
00-0032268,Marcus Mariota,QB,2022,196.56,196.56,13
00-0036389,Jalen Hurts,QB,2024,411.56,411.56,19
00-0034115,Jeff Wilson,RB,2020,142.3,129.3,11
00-0037261,Khalil Shakir,WR,2024,217.9,123.9,18
00-0039631,Cam Grandy,TE,2024,7.800000000000001,2.8000000000000003,4
00-0038951,Sean Tucker,RB,2025,91.4,83.4,17
00-0033106,Jared Goff,QB,2020,264.14,264.14,17
00-0033871,Corey Davis,WR,2020,191.4,126.4,15
00-0039919,Rome Odunze,WR,2025,158.9,110.9,14
00-0026625,Brian Hoyer,QB,2017,63.78,63.78,11
00-0030247,George Winn,RB,2015,0.1,0.1,4
00-0032104,Ameer Abdullah,RB,2018,5.9,2.9000000000000004,9
00-0035657,Damien Harris,RB,2019,1.2000000000000002,1.2000000000000002,1
00-0033526,Samaje Perine,RB,2022,165.4,119.4,19
00-0037741,Jahan Dotson,WR,2022,130.6,95.60000000000001,12
00-0036252,Michael Pittman,WR,2023,252.20000000000002,143.20000000000002,16
00-0039342,Xavier Legette,WR,2025,91.10000000000001,55.1,16
00-0039305,Jack Westover,TE,2025,2.8,0.8,5
00-0036482,Mike Strachan,WR,2021,4.6,2.6,2
00-0034378,Ito Smith,RB,2018,97.7,70.7,13
00-0034184,Gus Edwards,RB,2020,136.20000000000002,127.2,18
00-0035628,D'Ernest Johnson,RB,2020,21.0,18.0,16
00-0036842,Kene Nwangwu,RB,2022,11.5,9.5,15
00-0035689,Dawson Knox,TE,2025,115.9,73.9,18
00-0027948,Blaine Gabbert,QB,2021,1.98,1.98,6
00-0031912,Cameron Meredith,WR,2015,23.0,12.0,6
00-0027069,Chase Coffman,TE,2014,18.4,12.4,8
00-0031280,Derek Carr,QB,2022,219.08,219.08,15
00-0027944,Julio Jones,WR,2022,90.8,59.8,11
00-0033106,Jared Goff,QB,2022,284.32,283.32,17
00-0028063,Taiwan Jones,RB,2019,12.700000000000001,9.700000000000001,10
00-0027688,Colt McCoy,QB,2014,62.88,62.88,5
00-0029854,C.J. Anderson,RB,2015,189.6,155.6,18
00-0035657,Damien Harris,RB,2020,91.30000000000001,86.30000000000001,10
00-0034407,Ray-Ray McCloud,WR,2021,72.2,31.200000000000003,17
00-0022084,Anquan Boldin,WR,2015,169.9,100.9,14
00-0036727,Adam Prentice,RB,2023,2.4000000000000004,0.40000000000000013,6
00-0033891,Zay Jones,WR,2022,232.8,137.8,18
00-0033869,Mitchell Trubisky,QB,2019,202.82,202.82,15
00-0023662,Matt Cassel,QB,2016,15.66,15.66,4
00-0040534,Ke'Shawn Williams,WR,2025,2.5,1.5,11
00-0030068,Marquise Goodwin,WR,2018,87.4,64.4,11
00-0029239,Brandon Bolden,RB,2019,50.9,41.9,15
00-0036913,Kadarius Toney,WR,2022,78.7,55.7,12
00-0040668,Shedeur Sanders,QB,2025,84.9,84.9,8
00-0031382,Jarvis Landry,WR,2019,237.4,154.4,16
00-0031484,Chris Manhertz,TE,2017,3.7,1.7000000000000002,5
00-0034393,Troy Fumagalli,TE,2020,22.0,14.0,7
00-0027939,Cam Newton,QB,2014,279.94,279.94,16
00-0027218,Joique Bell,RB,2014,210.70000000000002,172.70000000000002,16
00-0032211,Tyler Lockett,WR,2025,67.1,35.1,17
00-0030147,Russell Shepard,WR,2015,11.8,8.8,11
00-0034184,Gus Edwards,RB,2018,92.10000000000001,90.10000000000001,12
00-0029051,Jarrett Boykin,WR,2014,5.300000000000001,2.3000000000000003,9
00-0030564,DeAndre Hopkins,WR,2018,342.20000000000005,222.20000000000002,17
00-0027690,Eric Decker,WR,2017,140.9,78.9,18
00-0031953,Geremy Davis,WR,2019,6.8,3.8,6
00-0039163,C.J. Stroud,QB,2024,251.86,251.86,19
00-0031390,Charles Sims,RB,2015,180.0,129.0,16
00-0036422,Adam Trautman,TE,2022,44.7,26.700000000000003,12
00-0029293,Marvin Jones,WR,2023,6.5,1.5000000000000002,4
00-0027077,Brian Hartline,WR,2014,98.4,59.4,16
00-0033439,Pharaoh Brown,TE,2020,42.300000000000004,28.3,10
00-0036370,Joshua Kelley,RB,2022,68.60000000000001,53.6,13
00-0036059,Tyler Mabry,TE,2022,7.7,6.7,1
00-0032950,Carson Wentz,QB,2025,70.34,70.34,5
00-0033733,Greg Ward,WR,2021,34.58,27.580000000000002,10
00-0033069,Braxton Miller,WR,2017,41.300000000000004,22.3,10
00-0033110,Tyler Higbee,TE,2023,108.5,61.5,16
00-0026281,Gary Barnidge,TE,2014,28.600000000000005,15.600000000000001,10
00-0036254,Collin Johnson,WR,2020,59.2,41.2,11
00-0023662,Matt Cassel,QB,2018,1.6600000000000001,1.6600000000000001,2
00-0036277,Quintez Cephus,WR,2022,3.5,1.5,3
00-0033251,Zach Pascal,WR,2023,5.9,1.9,10
00-0010346,Peyton Manning,QB,2014,323.12,323.12,17
00-0037744,Trey McBride,TE,2025,315.90000000000003,189.9,17
00-0035228,Kyler Murray,QB,2021,304.56,304.56,15
00-0031277,Branden Oliver,RB,2014,145.3,109.3,14
00-0032602,J.D. McKissic,RB,2022,55.800000000000004,28.8,8
00-0036893,Najee Harris,RB,2024,213.4,174.4,18
00-0031345,Jimmy Garoppolo,QB,2024,19.86,19.86,1
00-0027718,Garrett Graham,TE,2014,43.7,25.700000000000003,10
00-0031332,Fitzgerald Toussaint,RB,2015,33.1,26.1,5
00-0031235,Odell Beckham Jr.,WR,2018,232.34,155.34,12
00-0032791,Jakeem Grant,WR,2016,6.1,6.1,15
00-0036427,Tyler Johnson,WR,2023,8.8,6.8,1
00-0031236,Brandin Cooks,WR,2024,69.6,43.6,10
00-0034109,Phillip Lindsay,RB,2022,14.8,8.8,3
00-0034418,Cedrick Wilson Jr.,WR,2024,51.94,31.94,13
00-0030107,Theo Riddick,RB,2017,154.0,101.0,16
00-0028903,Garrett Celek,TE,2015,55.6,36.6,10
00-0031359,Kelvin Benjamin,WR,2016,197.10000000000002,134.1,16
00-0035993,Tyler Huntley,QB,2020,8.5,8.5,3
00-0027681,Brandon LaFell,WR,2015,93.0,53.0,12
00-0031166,Seth Roberts,WR,2016,112.8,73.8,17
00-0031068,Ryan Grant,WR,2017,126.30000000000001,81.3,16
00-0030821,Allen Hurns,WR,2015,225.1,161.10000000000002,15
00-0035500,Greg Dortch,WR,2025,75.10000000000001,46.1,12
00-0031787,Jake Kumerow,WR,2020,9.2,8.2,1
00-0037410,Jashaun Corbin,RB,2023,4.3,1.3,3
00-0030061,Zach Ertz,TE,2025,126.4,76.4,13
00-0028237,Chris Hogan,WR,2015,93.56,57.56,15
00-0027918,Andrew Hawkins,WR,2016,83.4,50.400000000000006,16
00-0036423,Albert Okwuegbunam,TE,2021,76.0,43.0,14
00-0030578,Cordarrelle Patterson,RB,2018,106.7,81.7,18
00-0034364,Jordan Akins,TE,2024,91.0,51.0,16
00-0028091,Jeremy Kerley,WR,2014,93.5,55.5,16
00-0030663,Willie Snead,WR,2017,22.7,11.700000000000001,10
00-0028011,Stevan Ridley,RB,2014,52.00000000000001,48.00000000000001,6
00-0034383,Dalton Schultz,TE,2023,170.5,105.5,17
00-0036613,Jaylen Waddle,WR,2024,149.6,91.6,15
00-0035341,Trenton Irwin,WR,2022,67.1,50.1,11
00-0028411,Dontrelle Inman,WR,2014,27.8,15.8,2
00-0037475,Stone Smartt,TE,2023,32.5,21.500000000000004,12
00-0028142,Virgil Green,TE,2017,39.1,25.1,11
00-0032211,Tyler Lockett,WR,2018,238.4,177.4,17
00-0036991,Amari Rodgers,WR,2022,43.1,27.1,15
00-0034386,Justin Watson,WR,2024,66.9,44.9,17
00-0039356,Ja'Tavion Sanders,TE,2025,54.0,25.0,12
00-0026189,DeSean Jackson,WR,2020,44.800000000000004,30.8,5
00-0031060,De'Anthony Thomas,WR,2018,12.5,9.5,5
00-0031001,Jeff Janis,WR,2017,3.2,1.2000000000000002,8
00-0035039,Stephen Carlson,TE,2020,4.1,3.1,7
00-0031545,Kevin White,WR,2018,13.200000000000001,9.200000000000001,3
00-0033266,JoJo Natson,WR,2020,0.30000000000000004,0.30000000000000004,3
00-0030414,Spencer Ware,RB,2016,205.4,170.4,15
00-0030691,Jeremy Butler,WR,2015,67.3,36.3,8
00-0032775,Demarcus Robinson,WR,2018,78.5,55.5,15
00-0033789,T.J. Logan,RB,2019,4.3,2.3000000000000003,9
00-0036358,CeeDee Lamb,WR,2024,263.40000000000003,162.4,15
00-0033275,PJ Walker,QB,2021,13.78,13.78,5
00-0034104,Cam Sims,WR,2022,16.900000000000002,8.9,13
00-0034419,Braxton Berrios,WR,2021,121.1,75.1,16
00-0023500,Frank Gore,RB,2018,102.60000000000001,90.60000000000001,14
00-0037012,Trey Lance,QB,2021,64.92,64.92,6
00-0037664,Alec Pierce,WR,2022,112.30000000000001,71.3,16
00-0022924,Ben Roethlisberger,QB,2014,321.14,321.14,17
00-0031299,Jordan Matthews,TE,2019,7.300000000000001,3.3000000000000003,2
00-0036741,Jack Stoll,TE,2025,16.6,10.6,9
00-0030419,Matt McGloin,QB,2015,9.68,9.68,2
00-0028009,DeMarco Murray,RB,2016,293.8,240.8,16
00-0032393,C.J. Prosise,RB,2018,4.9,1.9000000000000001,2
00-0030513,Latavius Murray,RB,2021,103.60000000000001,93.60000000000001,14
00-0036919,Kenneth Gainwell,RB,2024,72.4,53.400000000000006,21
00-0027089,Louis Murphy,WR,2015,29.800000000000004,19.8,5
00-0032141,Geoff Swaim,TE,2020,24.8,14.8,8
00-0021678,Tony Romo,QB,2016,5.16,5.16,1
00-0033292,Trent Taylor,WR,2021,8.100000000000001,6.1000000000000005,8
00-0036741,Jack Stoll,TE,2022,24.8,12.8,11
00-0035184,Devine Ozigbo,RB,2021,1.4,0.4,1
00-0031431,Marqise Lee,WR,2014,86.1,49.1,12
00-0027966,Mark Ingram,RB,2018,156.4,131.4,14
00-0032211,Tyler Lockett,WR,2021,241.4,168.4,16
00-0031288,AJ McCarron,QB,2018,0.12,0.12,2
00-0036841,Austin Trammell,WR,2024,6.0,4.0,1
00-0031387,Eric Ebron,TE,2014,60.900000000000006,32.900000000000006,13
00-0035527,Andy Isabella,WR,2019,35.4,26.400000000000002,12
00-0027695,Tony Moeaki,TE,2014,27.400000000000002,19.400000000000002,6
00-0035645,Gunner Olszewski,WR,2023,5.0,4.0,12
00-0034827,DJ Moore,WR,2018,159.0,104.0,16
00-0023564,Darren Sproles,RB,2018,72.0,52.0,8
00-0037197,Isiah Pacheco,RB,2024,65.30000000000001,50.300000000000004,10
00-0036862,Ben Skowronek,WR,2022,84.30000000000001,45.300000000000004,14
00-0034457,Josh Adams,RB,2018,82.1,75.1,14
00-0037557,Ronnie Rivers,RB,2022,10.0,5.0,2
00-0028118,Tyrod Taylor,QB,2016,270.92,270.92,15
00-0024535,Eric Weems,WR,2015,2.5,1.5,12
00-0029263,Russell Wilson,QB,2016,304.62,302.62,18
00-0023465,Heath Miller,TE,2015,132.1,69.10000000000001,17
00-0039754,Devin Culp,TE,2024,13.799999999999999,8.8,2
00-0028116,Aldrick Robinson,WR,2016,64.3,44.300000000000004,15
00-0034970,Irv Smith,TE,2019,86.0,47.0,15
00-0033757,Robert Tonyan,TE,2020,198.8,138.8,17
00-0034970,Irv Smith,TE,2022,62.5,36.5,9
00-0033789,T.J. Logan,RB,2018,10.9,3.9000000000000004,6
00-0033106,Jared Goff,QB,2016,53.160000000000004,53.160000000000004,7
00-0034297,Byron Pringle,WR,2019,35.0,23.0,14
00-0034364,Jordan Akins,TE,2021,41.7,17.700000000000003,12
00-0031075,Alfred Blue,RB,2015,121.60000000000001,106.6,15
00-0030521,Justin Hunter,WR,2018,5.1,2.1,4
00-0032977,Rashard Higgins,WR,2017,68.6,41.6,14
00-0035448,Damarea Crockett,RB,2021,0.7000000000000001,0.7000000000000001,1
00-0032656,Darius Powe,WR,2017,3.3,1.3,1
00-0035628,D'Ernest Johnson,RB,2024,35.9,23.900000000000002,12
00-0037816,Romeo Doubs,WR,2025,191.8,128.8,17
00-0026739,Jordan Norwood,WR,2015,48.300000000000004,23.3,13
00-0027994,Shane Vereen,RB,2015,158.4,99.4,16
00-0034772,Antonio Callaway,WR,2020,4.0,2.0,4
00-0034418,Cedrick Wilson Jr.,WR,2021,159.01999999999998,109.02,15
00-0021206,Josh McCown,QB,2014,126.94,126.94,11
00-0031302,C.J. Fiedorowicz,TE,2015,38.800000000000004,20.8,15
00-0033923,Kareem Hunt,RB,2017,308.90000000000003,252.9,17
00-0034613,Tanner Hudson,TE,2023,80.2,41.2,12
00-0035406,Lil'Jordan Humphrey,WR,2020,16.0,12.0,3
00-0033455,Anthony Firkser,TE,2018,47.5,28.5,9
00-0035593,Juwann Winfree,WR,2021,11.8,3.8000000000000003,5
00-0034560,J.J. Jones,WR,2018,1.3,0.30000000000000004,4
00-0034867,Malik Turner,WR,2019,45.5,30.5,12
00-0034798,Durham Smythe,TE,2023,75.80000000000001,37.800000000000004,14
00-0036912,DeVonta Smith,WR,2024,240.4,156.4,17
00-0032725,Stephen Anderson,TE,2017,65.2,40.2,14
00-0032741,Peyton Barber,RB,2018,150.3,130.3,16
00-0036244,Colby Parkinson,TE,2024,77.6,43.6,18
00-0035645,Gunner Olszewski,WR,2019,5.4,3.4000000000000004,8
00-0034414,Boston Scott,RB,2020,95.60000000000001,70.60000000000001,16
00-0037093,Dareke Young,WR,2022,6.5,3.5000000000000004,7
00-0036251,Zack Moss,RB,2024,81.9,58.900000000000006,8
00-0038117,Wan'Dale Robinson,WR,2024,182.70000000000002,89.7,17
00-0030992,Crockett Gillmore,TE,2015,98.2,65.2,10
00-0031035,Xavier Grimble,TE,2016,34.8,23.8,8
00-0027973,Andy Dalton,QB,2017,210.70000000000002,210.70000000000002,16
00-0028249,Jeremy Ross,WR,2016,13.7,9.7,5
00-0033108,Paxton Lynch,QB,2017,14.8,14.8,2
00-0031285,Devonta Freeman,RB,2014,87.3,57.300000000000004,16
00-0033720,Colin Thompson,TE,2020,7.7,6.7,2
00-0033921,Chris Godwin Jr.,WR,2024,137.8,87.80000000000001,7
00-0037248,James Cook,RB,2024,324.3,286.3,19
00-0033757,Robert Tonyan,TE,2019,26.0,16.0,10
00-0036139,Rico Dowdle,RB,2023,98.0,79.0,17
00-0034972,Alexander Mattison,RB,2024,137.4,101.4,14
00-0039075,Puka Nacua,WR,2025,452.6,299.6,19
00-0033572,Jamal Agnew,WR,2017,16.7,14.700000000000001,13
00-0036196,Gabe Davis,WR,2024,53.9,33.9,10
00-0033080,Seth DeValve,TE,2019,26.0,14.000000000000002,7
00-0034365,Ian Thomas,TE,2019,35.6,19.6,10
00-0031959,Marcus Murphy,RB,2017,6.800000000000001,4.800000000000001,1
00-0031763,DeAndre Carter,WR,2018,44.3,22.3,14
00-0026300,Josh Johnson,QB,2022,1.8600000000000003,1.8600000000000003,2
00-0032355,Chester Rogers,WR,2016,46.3,27.300000000000004,14
00-0037755,Jelani Woods,TE,2025,1.4,0.4,2
00-0033742,Tyrone Swoopes,TE,2019,1.5,0.5,1
00-0033559,Michael Roberts,TE,2017,8.6,4.6000000000000005,6
00-0029048,Joe Banyard,RB,2014,24.0,15.0,8
00-0035250,Devin Singletary,RB,2021,237.3,190.3,19
00-0036613,Jaylen Waddle,WR,2021,247.8,143.8,16
00-0033757,Robert Tonyan,TE,2021,50.4,32.4,8
00-0030578,Cordarrelle Patterson,RB,2023,36.900000000000006,27.900000000000002,12
00-0040581,Dont'e Thornton Jr.,WR,2025,23.5,13.5,11
00-0036862,Ben Skowronek,WR,2021,27.5,14.5,15
00-0030520,Mike Glennon,QB,2017,33.72,33.72,4
00-0029239,Brandon Bolden,RB,2018,29.4,26.4,9
00-0034597,Ryan Nall,RB,2021,1.7999999999999998,0.8,5
00-0039894,Xavier Worthy,WR,2024,253.7,175.70000000000002,19
00-0030181,Jack Doyle,TE,2014,50.1,26.1,14
00-0040718,Travis Hunter,WR,2025,63.800000000000004,35.800000000000004,7
00-0030806,Nic Jacobs,TE,2014,9.600000000000001,7.6000000000000005,7
00-0027125,Zach Miller,TE,2016,119.60000000000001,72.6,10
00-0032778,Tajae Sharpe,WR,2018,71.2,45.2,15
00-0034838,Royce Freeman,RB,2022,19.0,13.000000000000002,4
00-0039875,Ray Davis,RB,2024,125.7,108.7,20
00-0029000,Cole Beasley,WR,2020,236.0,140.0,18
00-0029264,Bernard Pierce,RB,2014,56.6,54.6,15
00-0033536,Mike Williams,WR,2019,161.3,112.30000000000001,15
00-0033949,Joshua Dobbs,QB,2018,0.82,0.82,5
00-0029701,Ryan Tannehill,QB,2018,142.96,141.96,11
00-0030525,Tavon Austin,WR,2021,53.4,29.4,11
00-0029613,Doug Martin,RB,2015,232.3,199.3,16
00-0032782,Wendell Smallwood,RB,2017,46.7,33.7,8
00-0036876,Kylen Granson,TE,2024,32.2,18.2,16
00-0025394,Adrian Peterson,RB,2016,9.0,6.0,3
00-0038896,Jacob Saylors,RB,2025,1.1,1.1,11
00-0029604,Kirk Cousins,QB,2017,277.62,277.62,16
00-0040704,Dillon Gabriel,QB,2025,70.08,70.08,10
00-0029119,Derek Carrier,TE,2017,15.100000000000001,7.1000000000000005,9
00-0031588,Stefon Diggs,WR,2018,266.3,164.3,15
00-0030460,Markus Wheaton,WR,2015,161.2,110.2,18
00-0038705,Emari Demercado,RB,2025,58.3,45.3,12
00-0033217,Mo Alie-Cox,TE,2024,32.7,20.7,12
00-0034073,Ross Dwelley,TE,2025,2.7,0.7000000000000001,4
00-0038685,Chris Brooks,RB,2025,36.4,22.400000000000002,18
00-0034854,KhaDarel Hodge,WR,2024,26.099999999999998,19.1,10
00-0028052,Cecil Shorts,WR,2016,26.2,15.200000000000001,7
00-0027325,LeGarrette Blount,RB,2017,138.6,130.6,19
00-0031376,Jerick McKinnon,RB,2022,210.5,149.5,20
00-0039139,Jahmyr Gibbs,RB,2025,366.90000000000003,289.90000000000003,17
00-0034995,Dexter Williams,RB,2020,0.8,0.8,1
00-0031285,Devonta Freeman,RB,2021,146.6,112.60000000000001,16
00-0036133,James Proche,WR,2020,2.4000000000000004,1.4000000000000001,13
00-0034857,Josh Allen,QB,2024,444.98,444.98,19
00-0033386,Cody Hollister,WR,2022,8.4,5.4,6
00-0038611,Chris Rodriguez Jr.,RB,2025,92.0,89.0,12
00-0029572,Jarius Wright,WR,2018,97.6,54.6,16
00-0038558,Darnell Washington,TE,2025,73.4,42.4,13
00-0031051,John Brown,WR,2016,103.7,64.7,15
00-0030525,Tavon Austin,WR,2015,200.7,148.7,16
00-0029878,MarQueis Gray,TE,2016,31.4,17.4,10
00-0033950,Wayne Gallman,RB,2018,44.5,30.5,13
00-0036233,Donovan Peoples-Jones,WR,2021,109.7,75.7,13
00-0031428,Allen Robinson,WR,2023,65.2,29.200000000000003,16
00-0040583,Woody Marks,RB,2025,165.9,139.9,18
00-0024296,Charlie Whitehurst,QB,2014,87.04,87.04,7
00-0037228,Jaylen Warren,RB,2022,93.3,65.3,16
00-0029634,James Hanna,TE,2014,8.8,4.800000000000001,11
00-0030663,Willie Snead,WR,2016,191.5,119.5,15
00-0036422,Adam Trautman,TE,2021,63.3,36.300000000000004,11
00-0030485,Eddie Lacy,RB,2016,42.800000000000004,38.800000000000004,5
00-0032062,Blake Bell,TE,2020,22.200000000000003,11.200000000000001,11
00-0033798,Mason Schreck,TE,2022,2.6,0.6000000000000001,2
00-0033307,Kendrick Bourne,WR,2020,129.70000000000002,80.7,15
00-0022803,Eli Manning,QB,2018,239.96,239.96,16
00-0038597,Chase Brown,RB,2023,53.5,39.5,12
00-0023682,Ryan Fitzpatrick,QB,2015,285.2,285.2,16
00-0026153,Jonathan Stewart,RB,2014,173.4,146.4,15
00-0038862,Elijah Dotson,RB,2023,3.9000000000000004,1.9000000000000001,1
00-0032058,Tevin Coleman,RB,2018,193.60000000000002,161.60000000000002,16
00-0039139,Jahmyr Gibbs,RB,2023,292.90000000000003,229.9,18
00-0034750,Rashaad Penny,RB,2019,75.3,67.3,9
00-0032577,D.J. Foster,RB,2017,32.2,15.200000000000001,7
00-0026498,Matthew Stafford,QB,2018,212.18,212.18,16
00-0033006,Jaydon Mickens,WR,2021,3.0,1.0,11
00-0030465,Kenjon Barner,RB,2017,22.3,17.3,16
00-0032450,Dwayne Washington,RB,2018,15.400000000000002,15.400000000000002,7
00-0029665,Robert Griffin III,QB,2020,2.580000000000001,2.580000000000001,4
00-0034159,Will Dissly,TE,2023,40.2,23.200000000000003,13
00-0034011,Dan Arnold,TE,2022,22.5,13.5,11
00-0028595,Scott Tolzien,QB,2016,8.94,8.94,2
00-0029159,Jermaine Kearse,WR,2018,80.10000000000001,43.1,13
00-0032045,Andrew Turzilli,WR,2015,4.5,2.5,1
00-0040715,Cam Skattebo,RB,2025,127.7,103.7,8
00-0027974,Colin Kaepernick,QB,2016,200.44,200.44,11
00-0032134,C.J. Uzomah,TE,2020,22.7,14.7,2
00-0035222,Zach Gentry,TE,2022,32.2,13.200000000000001,14
00-0032602,J.D. McKissic,RB,2019,83.8,49.800000000000004,15
00-0031588,Stefon Diggs,WR,2016,193.3,109.30000000000001,13
00-0034922,Ishmael Hyman,WR,2019,5.3999999999999995,3.4000000000000004,2
00-0030801,Brandon Coleman,WR,2017,81.80000000000001,54.800000000000004,16
00-0026625,Brian Hoyer,QB,2019,21.080000000000002,21.080000000000002,4
00-0023682,Ryan Fitzpatrick,QB,2021,0.72,0.72,1
00-0030532,Stedman Bailey,WR,2015,36.2,24.200000000000003,8
00-0035021,Ashton Dulin,WR,2024,19.2,17.2,13
00-0032741,Peyton Barber,RB,2021,49.900000000000006,39.900000000000006,10
00-0028903,Garrett Celek,TE,2014,7.3,5.300000000000001,2
00-0033589,David Moore,WR,2018,101.0,75.0,14
00-0033950,Wayne Gallman,RB,2020,136.6,115.6,14
00-0034959,Andrew Beck,RB,2025,23.0,17.0,11
00-0036755,Jaret Patterson,RB,2021,55.900000000000006,45.900000000000006,15
00-0032398,Chris Moore,WR,2017,59.900000000000006,41.900000000000006,13
00-0035216,Diontae Johnson,WR,2023,167.5,112.5,14
00-0036877,Jaelon Darden,WR,2021,11.4,5.4,11
00-0034407,Ray-Ray McCloud,WR,2020,34.2,14.200000000000001,17
00-0029119,Derek Carrier,TE,2020,2.4000000000000004,1.4000000000000001,6
00-0032128,Chris Conley,WR,2021,64.60000000000001,42.6,14
00-0031062,James White,RB,2019,214.8,137.8,16
00-0034270,Tyler Conklin,TE,2021,138.3,77.3,17
00-0028581,Patrick DiMarco,RB,2016,25.5,15.5,13
00-0033893,Dalvin Cook,RB,2023,42.5,27.500000000000004,15
00-0030422,Dion Sims,TE,2014,64.4,40.400000000000006,14
00-0034981,Foster Moreau,TE,2024,103.3,71.3,16
00-0039074,Davis Allen,TE,2024,18.200000000000003,11.2,8
00-0037654,Tucker Fisk,TE,2025,8.100000000000001,3.1000000000000005,5
00-0034351,Dallas Goedert,TE,2018,100.4,65.4,17
00-0038606,Parker Washington,WR,2023,39.2,23.200000000000003,8
00-0034351,Dallas Goedert,TE,2023,148.4,85.4,15
00-0033296,Alex Armah,RB,2023,4.3,1.3,4
00-0027861,C.J. Spiller,RB,2015,81.1,47.1,13
00-0029275,Ladarius Green,TE,2016,54.4,36.4,6
00-0032450,Dwayne Washington,RB,2020,1.7000000000000002,1.7000000000000002,7
00-0030472,Jordan Reed,TE,2015,271.2,175.2,15
00-0039040,De'Von Achane,RB,2023,196.7,166.7,12
00-0028064,Bilal Powell,RB,2014,40.300000000000004,29.300000000000004,15
00-0032200,Ty Montgomery,WR,2016,179.3,125.30000000000001,18
00-0030663,Willie Snead,WR,2018,142.4,77.4,16
00-0036906,Khalil Herbert,RB,2023,112.5,92.5,12
00-0036875,Rhamondre Stevenson,RB,2024,175.9,142.9,15
00-0036555,Chuba Hubbard,RB,2022,89.7,75.7,14
00-0031382,Jarvis Landry,WR,2021,133.0,81.0,12
00-0036275,D'Andre Swift,RB,2021,208.9,146.9,13
00-0030564,DeAndre Hopkins,WR,2020,287.8,172.8,16
00-0034109,Phillip Lindsay,RB,2018,222.8,187.8,15
00-0035544,Tom Kennedy,WR,2022,22.1,14.100000000000001,5
00-0036860,Jake Funk,RB,2021,1.0,1.0,6
00-0038582,Clayton Tune,QB,2023,7.4799999999999995,7.4799999999999995,6
00-0036364,Lynn Bowden,WR,2023,22.5,11.5,8
00-0027873,Jermaine Gresham,TE,2014,138.0,76.0,15
00-0033871,Corey Davis,WR,2019,133.9,84.9,18
00-0030520,Mike Glennon,QB,2016,9.0,9.0,1
00-0030496,Le'Veon Bell,RB,2021,38.1,33.1,8
00-0036590,Quintin Morris,TE,2025,17.5,11.5,11
00-0035208,Olamide Zaccheaus,WR,2022,110.0,70.0,16
00-0038542,Bijan Robinson,RB,2025,370.8,291.8,17
00-0037086,Grant Calcaterra,TE,2025,22.6,13.6,9
00-0037557,Ronnie Rivers,RB,2024,19.1,14.100000000000001,7
00-0031291,James Wright,WR,2016,23.0,10.0,12
00-0034791,Nick Chubb,RB,2018,194.5,174.5,16
00-0037231,Kevin Austin Jr.,WR,2025,33.0,20.0,5
00-0031577,Javorius Allen,RB,2019,11.5,10.500000000000002,4
00-0026164,Chris Johnson,RB,2017,20.700000000000003,15.700000000000001,4
00-0034365,Ian Thomas,TE,2022,40.7,19.700000000000003,13
00-0036096,J.J. Taylor,RB,2020,12.4,11.4,6
00-0036988,Josh Palmer,WR,2021,92.9,59.900000000000006,15
00-0036973,Travis Etienne,RB,2022,235.2,196.20000000000002,19
00-0037263,Tyler Allgeier,RB,2023,137.6,119.60000000000001,17
00-0034193,Kevin Rader,TE,2023,1.6,0.6000000000000001,7
00-0034577,Kyle Allen,QB,2019,177.48,177.48,13
00-0031687,Raheem Mostert,RB,2020,99.7,83.7,8
00-0030147,Russell Shepard,WR,2014,10.3,6.300000000000001,12
00-0036894,Pat Freiermuth,TE,2021,158.2,94.2,17
00-0027688,Colt McCoy,QB,2015,8.82,8.82,2
00-0031951,James O'Shaughnessy,TE,2015,14.700000000000001,8.700000000000001,6
00-0022084,Anquan Boldin,WR,2016,177.79999999999998,108.8,17
00-0024226,Jay Cutler,QB,2016,46.760000000000005,46.760000000000005,5
00-0035287,KeeSean Johnson,WR,2020,32.300000000000004,17.3,8
00-0037545,Rashid Shaheed,WR,2022,100.5,72.5,12
00-0036741,Jack Stoll,TE,2023,8.8,3.8000000000000003,6
00-0033455,Anthony Firkser,TE,2023,1.8,0.8,1
00-0034975,Justice Hill,RB,2024,147.3,99.30000000000001,17
00-0024267,Greg Jennings,WR,2015,45.8,26.8,12
00-0035537,Ty Johnson,RB,2022,42.800000000000004,30.8,12
00-0037228,Jaylen Warren,RB,2025,222.8,181.8,17
00-0036259,Jauan Jennings,WR,2022,93.3,54.300000000000004,18
00-0023682,Ryan Fitzpatrick,QB,2020,153.74,152.74,9
00-0034930,Trinity Benson,WR,2021,20.3,10.3,7
00-0025399,Marshawn Lynch,RB,2017,164.20000000000002,144.20000000000002,15
00-0023564,Darren Sproles,RB,2014,157.6,117.60000000000001,15
00-0035250,Devin Singletary,RB,2022,193.9,150.9,18
00-0031236,Brandin Cooks,WR,2025,64.7,35.7,15
00-0021678,Tony Romo,QB,2014,302.15999999999997,302.15999999999997,17
00-0035342,Patrick Laird,RB,2020,22.0,12.0,9
00-0033943,Josh Reynolds,WR,2018,122.6,85.6,15
00-0034395,Daurice Fountain,WR,2020,4.300000000000001,2.3000000000000003,2
00-0038667,Elijah Cooks,WR,2023,6.800000000000001,3.8000000000000003,4
00-0026176,Jordy Nelson,WR,2016,325.7,221.70000000000002,18
00-0036251,Zack Moss,RB,2020,110.3,92.30000000000001,14
00-0034816,Ronald Jones,RB,2018,20.700000000000003,13.7,7
00-0031359,Kelvin Benjamin,WR,2014,259.6,175.6,18
00-0030388,Joseph Randle,RB,2014,56.1,52.1,15
00-0036877,Jaelon Darden,WR,2022,4.800000000000001,2.8000000000000003,14
00-0034370,DaeSean Hamilton,WR,2018,66.3,36.300000000000004,11
00-0033215,Cyril Grayson,WR,2019,1.3,0.30000000000000004,1
00-0038397,Evan Hull,RB,2025,6.4,5.4,6
00-0033049,Darius Jackson,RB,2018,1.6,1.6,2
00-0037557,Ronnie Rivers,RB,2025,4.6000000000000005,4.6000000000000005,9
00-0031503,Jameis Winston,QB,2020,8.64,8.64,4
00-0034827,DJ Moore,WR,2019,230.5,143.5,15
00-0037355,Braylon Sanders,WR,2022,1.7000000000000002,-0.2999999999999998,2
00-0030710,Trey Burton,TE,2017,86.03999999999999,62.040000000000006,17
00-0025418,Greg Olsen,TE,2018,80.10000000000001,53.1,9
00-0036590,Quintin Morris,TE,2023,10.6,8.6,3
00-0030516,Brice Butler,WR,2015,37.8,25.8,5
00-0035671,Jace Sternberger,TE,2019,10.5,7.5,5
00-0032256,Clive Walford,TE,2016,90.5,55.5,16
00-0036176,Mason Kinsey,WR,2022,1.3,0.30000000000000004,2
00-0031687,Raheem Mostert,RB,2024,70.9,51.900000000000006,13
00-0026998,Percy Harvin,WR,2016,3.7,1.7000000000000002,1
00-0032688,Robbie Chosen,WR,2023,22.6,18.6,6
00-0034928,Steven Sims,WR,2023,11.6,8.6,4
00-0031868,Damiere Byrd,WR,2018,1.8,0.8,7
00-0032098,Daniel Brown,TE,2021,4.9,2.9000000000000004,3
00-0036988,Josh Palmer,WR,2024,107.4,68.4,15
00-0032268,Marcus Mariota,QB,2024,45.86000000000001,45.86000000000001,5
00-0036620,Dee Eskridge,WR,2021,28.3,18.3,8
00-0030496,Le'Veon Bell,RB,2019,215.0,149.0,15
00-0034378,Ito Smith,RB,2019,36.3,25.3,7
00-0035590,Riley Ridley,WR,2020,13.5,7.5,3
00-0031391,Tre Mason,RB,2014,135.3,119.30000000000001,12
00-0035359,David Sills,WR,2021,3.7,1.7000000000000002,4
00-0035993,Tyler Huntley,QB,2023,25.619999999999997,25.619999999999997,5
00-0030586,Ryan Nassib,QB,2014,2.0999999999999996,2.0999999999999996,2
00-0035590,Riley Ridley,WR,2019,12.9,6.9,3
00-0031868,Damiere Byrd,WR,2021,66.9,40.900000000000006,11
00-0023367,Nate Washington,WR,2014,116.7,76.7,16
00-0035261,Tony Pollard,RB,2024,200.70000000000002,159.70000000000002,16
00-0027793,Antonio Brown,WR,2017,342.5,234.5,15
00-0035645,Gunner Olszewski,WR,2025,35.82000000000001,25.82,16
00-0031326,Bruce Ellington,WR,2018,59.6,28.6,7
00-0019596,Tom Brady,QB,2015,385.08000000000004,384.08000000000004,18
00-0033553,James Conner,RB,2022,200.2,154.2,13
00-0026035,Danny Amendola,WR,2020,106.4,60.4,14
00-0027656,Rob Gronkowski,TE,2021,197.8,133.8,14
00-0033681,Keelan Cole,WR,2017,144.0,99.0,19
00-0034844,Saquon Barkley,RB,2021,148.6,107.60000000000001,13
00-0034765,Tre'Quan Smith,WR,2021,87.7,55.7,10
00-0031744,Matt LaCosse,TE,2019,32.1,19.1,8
00-0038558,Darnell Washington,TE,2024,46.9,26.900000000000002,14
00-0029608,T.Y. Hilton,WR,2017,175.6,118.60000000000001,16
00-0036980,Elijah Moore,WR,2025,30.0,20.0,10
00-0033514,Emanuel Byrd,TE,2017,5.1,3.1,1
00-0038824,Ryan Miller,WR,2024,36.8,24.8,10
00-0032130,Jalston Fowler,RB,2017,6.3999999999999995,6.3999999999999995,3
00-0007091,Matt Hasselbeck,QB,2014,16.939999999999998,16.939999999999998,4
00-0033319,Nick Mullens,QB,2018,123.48,123.48,8
00-0032464,Kalif Raymond,WR,2019,41.0,31.0,10
00-0035140,Mecole Hardman,WR,2022,97.5,70.5,9
00-0037261,Khalil Shakir,WR,2025,201.1,110.10000000000001,18
00-0036913,Kadarius Toney,WR,2021,82.36,43.36,9
00-0026197,Chad Henne,QB,2022,4.32,4.32,4
00-0030068,Marquise Goodwin,WR,2019,38.1,26.1,8
00-0035480,Malik Taylor,WR,2020,18.5,13.5,11
00-0036491,Tarik Black,WR,2021,2.0,1.0,1
00-0032211,Tyler Lockett,WR,2019,274.0,179.0,18
00-0032764,Derrick Henry,RB,2016,105.7,92.7,14
00-0036841,Austin Trammell,WR,2022,3.3,1.3,2
00-0032385,Sterling Shepard,WR,2016,194.7,125.7,17
00-0036158,J.K. Dobbins,RB,2020,191.5,169.5,17
00-0027531,Chris Ivory,RB,2017,84.9,63.9,15
00-0033591,Noah Brown,WR,2022,122.4,75.4,18
00-0030506,Travis Kelce,TE,2022,393.0,256.0,20
00-0030663,Willie Snead,WR,2019,106.7,69.7,17
00-0031939,Matt Jones,RB,2015,114.4,95.4,13
00-0032417,Paul Perkins,RB,2016,85.5,67.5,15
00-0027691,Andre Roberts,WR,2020,7.1,3.1000000000000005,18
00-0033658,Blake Jarwin,TE,2018,83.9,51.9,15
00-0023176,Josh Cribbs,WR,2014,1.8,0.8,9
00-0033045,Ezekiel Elliott,RB,2016,338.70000000000005,305.70000000000005,16
00-0027873,Jermaine Gresham,TE,2017,77.2,44.2,14
00-0033275,PJ Walker,QB,2020,8.520000000000001,8.520000000000001,4
00-0023578,Dan Orlovsky,QB,2015,10.040000000000001,10.040000000000001,2
00-0039794,Braelon Allen,RB,2025,15.3,13.3,4
00-0035311,Myles Gaskin,RB,2020,164.20000000000002,123.2,10
00-0030542,Terrance Williams,WR,2017,111.30000000000001,58.300000000000004,16
00-0035289,Gardner Minshew,QB,2019,229.24,229.24,14
00-0030000,Kenbrell Thompkins,WR,2015,33.5,16.5,6
00-0026019,Danny Woodhead,RB,2014,12.2,7.199999999999999,3
00-0039901,Keon Coleman,WR,2024,118.7,86.7,16
00-0040124,Tetairoa McMillan,WR,2025,226.5,151.5,18
00-0030422,Dion Sims,TE,2016,84.0,53.0,14
00-0035264,Jarrett Stidham,QB,2024,0.5,0.5,2
00-0023506,Alex Smith,TE,2015,2.6,1.6,3
00-0023662,Matt Cassel,QB,2015,66.84,66.84,8
00-0034735,Codey McElroy,TE,2019,4.0,3.0,1
00-0033006,Jaydon Mickens,WR,2020,12.799999999999999,5.800000000000001,14
00-0038632,Colton Dowell,WR,2023,1.3,0.30000000000000004,4
00-0034827,DJ Moore,WR,2024,238.1,140.1,17
00-0037324,Chris Oladokun,QB,2024,0.5,0.5,1
00-0037539,Lucas Krull,TE,2025,3.5,1.5,2
00-0027985,Lance Kendricks,TE,2014,82.9,55.9,16
00-0037487,Deven Thompkins,WR,2024,6.7,2.7,5
00-0027155,Rashad Jennings,RB,2015,164.9,135.9,16
00-0027985,Lance Kendricks,TE,2016,109.9,59.900000000000006,16
00-0025430,Drew Stanton,QB,2016,9.380000000000003,9.380000000000003,5
00-0032214,Tyler Kroft,TE,2020,41.9,29.9,7
00-0034521,Allen Lazard,WR,2023,60.1,37.1,14
00-0034192,Nick Keizer,TE,2020,10.3,4.3,12
00-0029239,Brandon Bolden,RB,2021,130.8,85.8,17
00-0035594,Travis Homer,RB,2021,61.8,45.800000000000004,14
00-0027150,Julian Edelman,WR,2015,205.9,127.9,11
00-0027985,Lance Kendricks,TE,2018,42.0,23.0,14
00-0019596,Tom Brady,QB,2022,293.7,293.7,18
00-0033308,Matt Breida,RB,2023,46.9,29.900000000000002,15
00-0032227,Jeff Heuerman,TE,2016,23.1,14.100000000000001,6
00-0036264,Jordan Love,QB,2022,11.7,11.7,4
00-0036176,Mason Kinsey,WR,2023,1.6,0.6000000000000001,6
00-0031235,Odell Beckham Jr.,WR,2021,192.5,127.5,18
00-0033293,Aaron Jones,RB,2023,183.60000000000002,149.60000000000002,13
00-0039754,Devin Culp,TE,2025,7.6,6.6,4
00-0039816,Anthony Gould,WR,2024,3.3000000000000003,2.3000000000000003,8
00-0032268,Marcus Mariota,QB,2015,211.02,210.02,12
00-0033275,PJ Walker,QB,2023,19.96,19.96,5
00-0029731,Fozzy Whittaker,RB,2014,48.9,42.9,10
00-0031418,Austin Seferian-Jenkins,TE,2017,101.7,51.7,13
00-0031568,Bryce Petty,QB,2016,32.26,32.26,6
00-0031291,James Wright,WR,2014,17.1,12.100000000000001,11
00-0021206,Josh McCown,QB,2017,205.44,205.44,13
00-0029682,Brock Osweiler,QB,2017,67.92,67.92,6
00-0026364,Steve Johnson,WR,2015,112.70000000000002,67.7,9
00-0038597,Chase Brown,RB,2025,282.6,213.6,17
00-0039074,Davis Allen,TE,2023,30.3,18.3,8
00-0036110,Ja'Marcus Bradley,WR,2021,10.4,6.4,4
00-0031288,AJ McCarron,QB,2020,0.8,0.8,2
00-0033932,Kenny Golladay,WR,2018,207.1,137.1,15
00-0033908,Cooper Kupp,WR,2018,135.1,95.10000000000001,8
00-0034771,Mason Rudolph,QB,2019,108.8,108.8,10
00-0030431,Robert Woods,WR,2024,42.5,20.5,16
00-0035291,Trayveon Williams,RB,2025,17.1,9.1,6
00-0020679,Shaun Hill,QB,2016,10.18,10.18,3
00-0036893,Najee Harris,RB,2022,225.46,184.46,17
00-0038679,Tyrell Shavers,WR,2024,13.9,12.9,1
00-0024466,Marques Colston,WR,2014,177.2,118.2,15
00-0026224,Harry Douglas,WR,2016,36.0,21.0,8
00-0031076,David Fales,QB,2017,19.4,19.4,2
00-0030578,Cordarrelle Patterson,RB,2021,234.60000000000002,182.6,16
00-0036951,Frank Darby,WR,2021,2.4000000000000004,1.4000000000000001,4
00-0037276,Ty Chandler,RB,2024,28.400000000000002,22.400000000000002,15
00-0036261,Brandon Aiyuk,WR,2022,244.70000000000002,160.70000000000002,20
00-0035345,Chris Myarick,TE,2022,19.5,12.5,10
00-0036226,Jacob Eason,QB,2022,0.3599999999999999,0.3599999999999999,1
00-0030985,Trey Watts,RB,2014,7.800000000000001,4.800000000000001,8
00-0036188,Antonio Williams,RB,2020,21.3,20.3,1
00-0030465,Kenjon Barner,RB,2019,17.12,11.120000000000001,14
00-0025425,Zach Miller,TE,2014,13.600000000000001,7.6000000000000005,3
00-0040194,Jackson Hawes,TE,2025,52.7,36.7,14
00-0038979,Cedric Tillman,WR,2025,60.0,39.0,12
00-0031257,Paul Richardson,WR,2019,64.5,36.5,10
00-0027322,David Nelson,WR,2014,14.5,6.5,6
00-0030147,Russell Shepard,WR,2018,40.8,30.8,8
00-0036422,Adam Trautman,TE,2020,39.5,23.5,11
00-0030711,David Fluellen,RB,2018,1.6,1.6,5
00-0038394,Will Mallory,TE,2024,6.9,2.9000000000000004,7
00-0034796,Lamar Jackson,QB,2021,239.98000000000002,239.98000000000002,12
00-0033611,Ricky Seals-Jones,TE,2021,69.10000000000001,39.1,11
00-0034487,Trent Sherfield,WR,2023,27.3,15.299999999999999,12
00-0039451,Isaiah Williams,WR,2024,2.6,0.6000000000000001,8
00-0039732,Bo Nix,QB,2025,328.90000000000003,328.90000000000003,18
00-0029793,Brandon Williams,TE,2017,25.1,12.100000000000001,10
00-0024243,Marcedes Lewis,TE,2020,44.5,31.5,12
00-0038935,Brenton Strange,TE,2023,14.499999999999998,9.499999999999998,7
00-0039066,Michael Mayer,TE,2024,36.6,15.600000000000001,11
00-0031511,DeAndrew White,WR,2017,3.4000000000000004,2.4000000000000004,2
00-0028497,Kamar Aiken,WR,2015,197.4,122.4,16
00-0034686,Auden Tate,WR,2019,101.5,61.5,12
00-0036945,Justin Fields,QB,2023,230.18,230.18,13
00-0026932,Cedric Peerman,RB,2016,1.5,1.5,4
00-0027581,Seyi Ajirotutu,WR,2014,8.5,4.5,16
00-0030061,Zach Ertz,TE,2019,222.0,132.0,16
00-0031941,Jamison Crowder,WR,2024,34.1,22.099999999999998,8
00-0031384,Richard Rodgers,TE,2015,172.7,107.7,18
00-0033045,Ezekiel Elliott,RB,2020,223.70000000000002,171.70000000000002,15
00-0039040,De'Von Achane,RB,2024,299.9,221.9,17
00-0034272,Marquez Valdes-Scantling,WR,2022,153.60000000000002,104.60000000000001,20
00-0037239,Chris Olave,WR,2024,76.7,44.7,8
00-0027948,Blaine Gabbert,QB,2016,73.7,72.7,6
00-0034433,Nick Bawden,RB,2019,5.7,1.7000000000000002,7
00-0032166,Sammie Coates,WR,2016,83.3,60.300000000000004,17
00-0033858,Jonnu Smith,TE,2019,122.60000000000001,81.60000000000001,18
00-0030472,Jordan Reed,TE,2020,73.1,47.1,10
00-0038678,Jordan Mims,RB,2024,26.1,14.100000000000001,8
00-0040128,Tyler Warren,TE,2025,188.5,112.5,17
00-0027891,Golden Tate,WR,2018,202.3,121.30000000000001,17
00-0030661,Connor Shaw,QB,2014,3.9800000000000004,3.9800000000000004,1
00-0035510,Jeff Smith,WR,2021,19.2,11.200000000000001,9
00-0035250,Devin Singletary,RB,2019,167.3,132.3,13
00-0031325,Sammy Watkins,WR,2021,70.4,43.400000000000006,11
00-0031763,DeAndre Carter,WR,2024,16.2,7.2,13
00-0039379,Jamari Thrash,WR,2025,20.7,10.700000000000001,8
00-0023752,Daniel Fells,TE,2015,12.0,6.0,2
00-0027854,Sam Bradford,QB,2018,12.700000000000001,12.700000000000001,3
00-0027942,A.J. Green,WR,2017,226.8,151.8,16
00-0031345,Jimmy Garoppolo,QB,2020,64.34,64.34,6
00-0033025,Jalen Richard,RB,2018,156.6,88.60000000000001,16
00-0031235,Odell Beckham Jr.,WR,2016,303.40000000000003,198.4,17
00-0035311,Myles Gaskin,RB,2022,9.4,5.4,2
00-0031588,Stefon Diggs,WR,2019,232.5,165.5,17
00-0034348,Courtland Sutton,WR,2024,252.8,166.8,17
00-0036357,Henry Ruggs III,WR,2021,84.5,60.5,7
00-0029263,Russell Wilson,QB,2022,225.76000000000002,224.76000000000002,15
00-0034351,Dallas Goedert,TE,2025,204.5,140.5,16
00-0036555,Chuba Hubbard,RB,2024,241.60000000000002,198.60000000000002,15
00-0034253,Dontrell Hilliard,RB,2019,38.1,26.1,14
00-0030516,Brice Butler,WR,2017,64.7,49.7,13
00-0031743,Akeem Hunt,RB,2016,20.3,15.3,10
00-0036096,J.J. Taylor,RB,2024,6.4,4.4,3
00-0031042,Jace Amaro,TE,2014,84.5,46.5,14
00-0032392,Austin Hooper,TE,2019,191.70000000000002,116.70000000000002,13
00-0031962,Mario Alford,WR,2015,2.5,1.5,1
00-0034816,Ronald Jones,RB,2021,79.2,69.2,15
00-0035544,Tom Kennedy,WR,2025,7.6,3.6,6
00-0034115,Jeff Wilson,RB,2018,44.400000000000006,32.400000000000006,6
00-0039589,Kameron Johnson,WR,2024,1.1,1.1,4
00-0028009,DeMarco Murray,RB,2014,387.6,326.6,18
00-0027902,Dez Bryant,WR,2017,186.4,117.4,16
00-0030089,Luke Willson,TE,2015,53.7,32.7,14
00-0029205,Travaris Cadet,RB,2015,45.2,28.200000000000003,6
00-0031260,Logan Thomas,TE,2019,39.3,23.3,15
00-0023367,Nate Washington,WR,2015,138.1,90.10000000000001,14
00-0031413,Bishop Sankey,RB,2015,59.2,45.2,12
00-0030564,DeAndre Hopkins,WR,2019,304.34000000000003,185.34,17
00-0033421,Antony Auclair,TE,2019,2.1,1.1,5
00-0033858,Jonnu Smith,TE,2022,52.0,25.0,12
00-0031665,Zach Zenner,RB,2018,57.1,50.1,7
00-0035100,Jake Browning,QB,2025,48.74,48.74,5
00-0037487,Deven Thompkins,WR,2025,6.200000000000001,3.2,7
00-0038465,Malik Heath,WR,2024,31.700000000000003,21.700000000000003,6
00-0039874,Jaylen Wright,RB,2025,48.2,43.2,9
00-0033562,Ryan Switzer,WR,2018,69.4,33.400000000000006,16
00-0033045,Ezekiel Elliott,RB,2023,174.5,123.5,17
00-0036232,Harrison Bryant,TE,2023,48.4,31.4,15
00-0037456,Troy Hairston,RB,2022,6.9,1.9000000000000001,12
00-0026780,Kevin Ogletree,WR,2014,10.0,5.0,4
00-0029234,Kellen Moore,QB,2015,33.06,33.06,3
00-0032977,Rashard Higgins,WR,2020,137.5,93.5,14
00-0032778,Tajae Sharpe,WR,2021,48.0,23.000000000000004,14
00-0035806,JaMycal Hasty,RB,2024,28.8,18.8,12
00-0033288,George Kittle,TE,2019,237.6,144.6,17
00-0030035,Adam Thielen,WR,2015,35.3,23.3,11
00-0034440,Justin Jackson,RB,2021,86.20000000000002,64.2,14
00-0034565,Detrez Newsome,RB,2018,8.8,6.800000000000001,5
00-0037746,Brian Robinson,RB,2024,190.9,166.9,17
00-0033908,Cooper Kupp,WR,2023,172.1,108.10000000000001,13
00-0036326,Chase Claypool,WR,2022,105.04,59.04,15
00-0031959,Marcus Murphy,RB,2015,6.0,6.0,13
00-0026201,Martellus Bennett,TE,2016,188.9,122.9,19
00-0033110,Tyler Higbee,TE,2020,132.1,85.1,17
00-0031228,Taylor Gabriel,WR,2018,161.6,90.60000000000001,17
00-0031332,Fitzgerald Toussaint,RB,2017,5.3999999999999995,3.4,4
00-0030565,Geno Smith,QB,2020,1.12,1.12,1
00-0038611,Chris Rodriguez Jr.,RB,2024,31.5,30.5,7
00-0029878,MarQueis Gray,TE,2015,1.2,0.2,1
00-0032392,Austin Hooper,TE,2016,82.60000000000001,57.6,16
00-0032636,Don Jackson,RB,2016,3.2,3.2,3
00-0039338,Brock Bowers,TE,2025,176.2,112.20000000000002,12
00-0036510,Kenny Yeboah,TE,2024,15.7,10.7,7
00-0031381,Davante Adams,WR,2020,401.7,268.70000000000005,16
00-0032392,Austin Hooper,TE,2022,97.4,56.400000000000006,17
00-0038542,Bijan Robinson,RB,2023,246.3,188.3,17
00-0032543,Alex Erickson,WR,2017,37.6,25.6,16
00-0040736,Mason Taylor,TE,2025,88.9,44.900000000000006,13
00-0034081,Steven Mitchell,WR,2019,5.7,3.7,2
00-0038997,Josh Downs,WR,2024,183.5,111.5,14
00-0032765,Michael Thomas,WR,2020,102.2,57.2,9
00-0032355,Chester Rogers,WR,2021,68.3,37.300000000000004,17
00-0032881,Tommylee Lewis,WR,2021,1.7000000000000002,0.7000000000000001,2
00-0031299,Jordan Matthews,TE,2017,57.2,32.2,10
00-0033567,Brian Hill,RB,2017,9.3,7.300000000000001,4
00-0035259,Trevon Wesco,TE,2019,6.9,4.9,6
00-0033838,Trey Edmunds,RB,2019,20.0,14.000000000000002,7
00-0033217,Mo Alie-Cox,TE,2025,30.7,17.7,11
00-0036442,Joe Burrow,QB,2022,406.54,406.54,19
00-0035537,Ty Johnson,RB,2025,100.30000000000001,76.30000000000001,17
00-0039163,C.J. Stroud,QB,2023,306.98,305.98,17
00-0029394,Brenton Bersin,WR,2015,18.900000000000002,9.9,5
00-0019596,Tom Brady,QB,2021,406.74,406.74,19
00-0033943,Josh Reynolds,WR,2017,27.4,16.4,11
00-0027981,Kyle Rudolph,TE,2018,151.4,87.4,16
00-0033288,George Kittle,TE,2017,106.5,63.5,15
00-0020531,Drew Brees,QB,2016,332.32,332.32,16
00-0029612,Daryl Richardson,RB,2016,0.7000000000000001,0.7000000000000001,2
00-0036244,Colby Parkinson,TE,2021,8.3,3.3000000000000007,5
00-0007091,Matt Hasselbeck,QB,2015,91.1,91.1,8
00-0035489,Wes Hills,RB,2019,16.2,14.2,1
00-0033893,Dalvin Cook,RB,2017,65.4,54.400000000000006,4
00-0026158,Joe Flacco,QB,2016,242.48000000000002,242.48000000000002,16
00-0035045,D.J. Montgomery,WR,2023,14.600000000000001,11.600000000000001,2
00-0028202,Shaun Draughn,RB,2014,1.9000000000000001,1.9000000000000001,7
00-0036590,Quintin Morris,TE,2022,24.2,14.200000000000001,11
00-0032804,Daniel Lasco,RB,2016,6.300000000000001,4.300000000000001,5
00-0036212,Tua Tagovailoa,QB,2023,282.82,282.82,18
00-0024389,Delanie Walker,TE,2015,244.4,150.4,15
00-0033742,Tyrone Swoopes,TE,2018,3.3000000000000003,2.3000000000000003,1
00-0036630,Tylan Wallace,WR,2022,7.3,3.3000000000000003,5
00-0038120,Breece Hall,RB,2025,207.66,171.66,16
00-0032764,Derrick Henry,RB,2018,201.36,186.36,16
00-0033869,Mitchell Trubisky,QB,2025,31.119999999999997,31.119999999999997,4
00-0036556,Brevin Jordan,TE,2024,2.7,0.7000000000000001,2
00-0031060,De'Anthony Thomas,WR,2017,40.7,26.700000000000003,14
00-0030656,Isaiah Crowell,RB,2016,205.1,165.1,16
00-0029567,Nick Foles,QB,2022,1.7999999999999998,1.7999999999999998,2
00-0031045,Carlos Hyde,RB,2015,81.30000000000001,70.3,7
00-0022924,Ben Roethlisberger,QB,2020,297.26,297.26,16
00-0026739,Jordan Norwood,WR,2016,48.2,27.200000000000003,14
00-0039868,Troy Franklin,WR,2025,177.1,112.10000000000001,17
00-0031941,Jamison Crowder,WR,2022,12.0,6.0,4
00-0040277,Jahdae Walker,WR,2025,26.7,20.7,6
00-0036900,Ja'Marr Chase,WR,2024,403.0,276.0,17
00-0027873,Jermaine Gresham,TE,2015,46.3,28.3,14
00-0033854,Dare Ogunbowale,RB,2024,58.400000000000006,38.400000000000006,18
00-0027109,James Casey,TE,2014,20.9,17.9,9
00-0028345,Robert Hughes,RB,2014,24.7,15.700000000000001,12
00-0034867,Malik Turner,WR,2018,4.0,2.0,3
00-0035652,Ryan Finley,QB,2020,19.16,19.16,4
00-0035537,Ty Johnson,RB,2024,114.5,92.5,20
00-0034981,Foster Moreau,TE,2025,12.9,5.9,7
00-0032187,David Johnson,RB,2018,246.60000000000002,196.60000000000002,16
00-0033950,Wayne Gallman,RB,2019,48.2,37.2,9
00-0028053,Kendall Hunter,RB,2015,0.2,0.2,1
00-0027029,LeSean McCoy,RB,2018,127.2,93.2,14
00-0029531,Ryan Lindley,QB,2014,25.76,25.76,4
00-0039810,Jermaine Burton,WR,2024,14.700000000000001,10.700000000000001,8
00-0036040,Juwan Johnson,TE,2022,134.8,92.8,16
00-0032160,Tyrell Williams,WR,2019,143.1,101.10000000000001,13
00-0037168,Armani Rogers,TE,2022,14.000000000000002,9.0,9
00-0033699,Austin Ekeler,RB,2021,343.8,273.8,16
00-0034857,Josh Allen,QB,2022,434.76,434.76,18
00-0036900,Ja'Marr Chase,WR,2021,375.6,269.6,21
00-0036997,Javonte Williams,RB,2022,42.0,26.0,4
00-0034988,Kaden Smith,TE,2019,75.8,44.8,7
00-0029033,Griff Whalen,WR,2016,4.2,2.2,4
00-0031544,Amari Cooper,WR,2022,246.0,168.0,17
00-0029910,Timothy Wright,TE,2015,28.7,19.700000000000003,8
00-0036232,Harrison Bryant,TE,2022,61.7,30.700000000000003,14
00-0030147,Russell Shepard,WR,2016,70.0,47.0,13
00-0031280,Derek Carr,QB,2014,192.0,192.0,16
00-0040488,Carter Runyon,TE,2025,1.3,0.30000000000000004,3
00-0034798,Durham Smythe,TE,2018,11.0,5.0,8
00-0031123,Darrin Reaves,RB,2014,15.9,10.9,5
00-0034646,Brandon Powell,WR,2018,24.3,13.3,6
00-0032940,DeAndre Washington,RB,2016,86.80000000000001,69.80000000000001,14
00-0035021,Ashton Dulin,WR,2020,9.4,6.4,10
00-0036158,J.K. Dobbins,RB,2022,101.7,90.7,9
00-0037744,Trey McBride,TE,2023,181.5,100.5,17
00-0031301,Jeremy Hill,RB,2015,185.0,167.0,17
00-0039746,Will Shipley,RB,2025,21.1,11.100000000000001,15
00-0034799,Kalen Ballage,RB,2019,51.800000000000004,37.800000000000004,12
00-0033555,Mack Hollins,WR,2025,138.3,86.30000000000001,16
00-0040582,Arian Smith,WR,2025,13.5,6.500000000000001,13
00-0036259,Jauan Jennings,WR,2024,210.5,133.5,15
00-0022942,Philip Rivers,QB,2020,262.22,262.22,17
00-0032775,Demarcus Robinson,WR,2021,81.0,52.00000000000001,17
00-0032977,Rashard Higgins,WR,2016,13.700000000000001,7.700000000000001,10
00-0035216,Diontae Johnson,WR,2021,288.8,176.8,17
00-0033439,Pharaoh Brown,TE,2022,23.7,11.700000000000001,8
00-0027973,Andy Dalton,QB,2019,203.66000000000003,202.66000000000003,13
00-0029697,Coby Fleener,TE,2016,137.3,87.3,16
00-0038809,Ben Sims,TE,2024,8.200000000000001,4.2,4
00-0033338,Cethan Carter,TE,2020,10.3,5.300000000000001,13
00-0032134,C.J. Uzomah,TE,2021,163.9,99.9,20
00-0019596,Tom Brady,QB,2016,329.34000000000003,329.34000000000003,15
00-0038400,Tanner McKee,QB,2025,13.760000000000002,13.760000000000002,4
00-0027891,Golden Tate,WR,2017,224.5,132.5,16
00-0032064,DeAndre Smelter,WR,2016,3.3000000000000003,2.3000000000000003,1
00-0035831,James Robinson,RB,2021,173.9,142.9,14
00-0032792,Nate Sudfeld,QB,2017,7.16,7.16,2
00-0031547,DeVante Parker,WR,2015,93.4,67.4,10
00-0037087,Trestan Ebner,RB,2022,6.200000000000001,4.200000000000001,11
00-0029492,Jamize Olawale,RB,2016,58.0,46.0,14
00-0036233,Donovan Peoples-Jones,WR,2020,63.50000000000001,47.5,14
00-0037261,Khalil Shakir,WR,2022,48.2,33.2,12
00-0030000,Kenbrell Thompkins,WR,2014,47.7,26.7,13
00-0030470,Vance McDonald,TE,2014,3.0,1.0,4
00-0037816,Romeo Doubs,WR,2022,101.6,59.6,13
00-0035567,Craig Reynolds,RB,2023,37.699999999999996,32.699999999999996,14
00-0035268,Ryquell Armstead,RB,2019,51.2,37.2,14
00-0032464,Kalif Raymond,WR,2025,66.8,42.800000000000004,15
00-0031408,Mike Evans,WR,2015,212.60000000000002,138.60000000000002,15
00-0036269,La'Mical Perine,RB,2020,52.50000000000001,41.50000000000001,10
00-0028352,Dane Sanzenbacher,WR,2014,17.4,8.4,6
00-0038576,Charlie Jones,WR,2024,7.5,6.5,7
00-0027695,Tony Moeaki,TE,2015,14.799999999999999,11.799999999999999,5
00-0026008,Matthew Mulligan,TE,2016,2.6,0.6000000000000001,2
00-0029731,Fozzy Whittaker,RB,2015,40.0,27.0,16
00-0032117,Nick O'Leary,TE,2018,22.6,14.600000000000001,6
00-0033869,Mitchell Trubisky,QB,2022,73.88,73.88,7
00-0031280,Derek Carr,QB,2023,241.12,241.12,17
00-0033839,Dede Westbrook,WR,2018,181.50000000000003,115.50000000000001,16
00-0034830,Hayden Hurst,TE,2020,149.1,93.1,16
00-0026182,Eddie Royal,WR,2014,181.2,119.2,16
00-0031408,Mike Evans,WR,2021,315.1,224.1,18
00-0031277,Branden Oliver,RB,2017,16.9,10.9,8
00-0022943,Benjamin Watson,TE,2014,45.6,25.6,15
00-0033748,Tion Green,RB,2017,31.900000000000002,29.900000000000002,5
00-0038393,Dontayvion Wicks,WR,2023,130.26,89.26,17
00-0035685,David Montgomery,RB,2020,267.90000000000003,213.9,16
00-0028142,Virgil Green,TE,2018,52.9,31.9,16
00-0033950,Wayne Gallman,RB,2017,104.9,70.9,13
00-0036972,Mac Jones,QB,2021,240.01999999999998,240.01999999999998,18
00-0036613,Jaylen Waddle,WR,2025,194.12,130.12,16
00-0036972,Mac Jones,QB,2025,130.9,130.9,12
00-0032436,Jeff Driskel,QB,2020,30.080000000000002,30.080000000000002,3
00-0031045,Carlos Hyde,RB,2016,192.1,165.1,13
00-0030710,Trey Burton,TE,2018,147.1,93.10000000000001,16
00-0035957,Rodney Smith,RB,2021,9.8,4.800000000000001,1
00-0027939,Cam Newton,QB,2020,260.98,258.98,15
00-0040584,Gunnar Helm,TE,2025,91.7,47.7,16
00-0035164,Cody Thompson,WR,2023,2.0,1.0,2
00-0035624,N'Keal Harry,TE,2020,73.9,40.900000000000006,13
00-0031611,Josh Robinson,RB,2015,11.2,5.200000000000001,5
00-0024332,Leon Washington,RB,2014,55.6,33.6,14
00-0033633,Tanner Gentry,WR,2017,6.5,3.5,4
00-0027791,James Starks,RB,2014,84.30000000000001,65.30000000000001,16
00-0034860,Dante Pettis,WR,2025,19.700000000000003,10.700000000000001,8
00-0036427,Tyler Johnson,WR,2021,81.5,40.5,18
00-0032839,Hunter Sharp,WR,2017,16.4,11.4,3
00-0028411,Dontrelle Inman,WR,2018,101.2,65.2,10
00-0032392,Austin Hooper,TE,2017,125.4,72.4,18
00-0031064,Tom Savage,QB,2014,0.48000000000000015,0.48000000000000015,2
00-0031560,Jaelen Strong,WR,2016,27.1,13.100000000000001,6
00-0034798,Durham Smythe,TE,2024,14.3,5.300000000000001,14
00-0027891,Golden Tate,WR,2014,280.0,175.0,17
00-0034317,Keith Kirkwood,WR,2018,54.7,39.7,8
00-0034052,Brandon Zylstra,WR,2019,18.6,10.600000000000001,5
00-0019596,Tom Brady,QB,2019,270.04,270.04,17
00-0030085,Kenny Stills,WR,2017,174.7,116.7,16
00-0031273,Cameron Brate,TE,2022,45.2,24.2,10
00-0034613,Tanner Hudson,TE,2019,4.6000000000000005,2.6000000000000005,4
00-0038573,Derius Davis,WR,2025,3.5,1.5000000000000002,12
00-0032004,Will Tye,TE,2015,104.4,62.400000000000006,13
00-0034272,Marquez Valdes-Scantling,WR,2024,84.5,65.5,13
00-0035500,Greg Dortch,WR,2024,90.3,53.3,17
00-0039040,De'Von Achane,RB,2025,322.8,255.8,16
00-0029262,Rueben Randle,WR,2014,182.8,111.80000000000001,16
00-0031319,Diontae Spencer,WR,2021,0.7,-0.30000000000000004,15
00-0028142,Virgil Green,TE,2016,51.7,29.700000000000003,10
00-0033943,Josh Reynolds,WR,2025,23.1,12.100000000000001,5
00-0035662,Marquise Brown,WR,2024,28.1,14.100000000000001,5
00-0038720,Julian Hill,TE,2025,31.0,16.0,11
00-0035621,Nsimba Webster,WR,2022,3.4000000000000004,1.4000000000000001,1
00-0037013,Zach Wilson,QB,2022,98.92,97.92,9
00-0039880,Malik Washington,WR,2025,116.7,70.7,17
00-0030108,Ryan Griffin,TE,2018,56.1,31.1,14
00-0034351,Dallas Goedert,TE,2020,116.4,70.4,11
00-0032841,Paul Turner,WR,2016,21.6,12.6,3
00-0036032,Sean McKeon,TE,2021,12.7,8.7,5
00-0036233,Donovan Peoples-Jones,WR,2023,28.5,15.500000000000002,17
00-0027003,Donald Brown,RB,2015,45.7,37.7,6
00-0035726,Jakob Johnson,RB,2019,1.5,0.5,1
00-0035414,Jalen Guyton,WR,2020,97.1,69.1,16
00-0032062,Blake Bell,TE,2016,12.5,8.5,8
00-0036331,Devin Duvernay,WR,2021,77.2,44.199999999999996,16
00-0033114,Mike Thomas,WR,2019,3.4,1.4,7
00-0040648,Tory Horton,WR,2025,65.1,52.1,8
00-0033094,Marvin Hall,WR,2017,14.0,12.0,6
00-0035040,David Blough,QB,2019,55.36,54.36,5
00-0032214,Tyler Kroft,TE,2021,39.3,23.3,9
00-0036309,Darnell Mooney,WR,2024,193.20000000000002,129.20000000000002,16
00-0031376,Jerick McKinnon,RB,2015,89.30000000000001,65.3,17
00-0030061,Zach Ertz,TE,2014,144.2,86.2,16
00-0030456,Giovani Bernard,RB,2016,122.30000000000001,83.30000000000001,10
00-0032245,Sean Mannion,QB,2021,12.96,12.96,1
00-0034681,Chase Edmonds,RB,2023,48.4,31.400000000000002,15
00-0038920,John Shenker,TE,2024,1.7000000000000002,0.7000000000000001,3
00-0036671,Dax Milne,WR,2021,15.4,6.4,9
00-0032394,Nick Vannett,TE,2016,6.2,3.2,3
00-0032951,Laquon Treadwell,WR,2016,2.5,1.5,4
00-0026201,Martellus Bennett,TE,2015,114.9,61.9,11
00-0034164,Trenton Cannon,RB,2018,48.7,31.700000000000003,12
00-0033474,Gehrig Dieter,WR,2018,5.300000000000001,3.3000000000000003,4
00-0035657,Damien Harris,RB,2021,214.8,195.8,16
00-0027939,Cam Newton,QB,2021,86.36,86.36,7
00-0034765,Tre'Quan Smith,WR,2019,71.4,53.400000000000006,11
00-0036534,Shane Zylstra,TE,2024,3.2,2.2,2
00-0038115,Daniel Bellinger,TE,2025,59.6,40.6,13
00-0030564,DeAndre Hopkins,WR,2021,147.20000000000002,105.2,10
00-0033908,Cooper Kupp,WR,2022,201.4,126.4,9
00-0019596,Tom Brady,QB,2017,371.96000000000004,371.96000000000004,19
00-0037838,Isaiah Likely,TE,2025,61.7,34.7,12
00-0027791,James Starks,RB,2015,187.5,138.5,18
00-0020531,Drew Brees,QB,2014,303.98,302.98,16
00-0035537,Ty Johnson,RB,2023,41.400000000000006,33.4,11
00-0031021,Jared Abbrederis,WR,2017,7.4,4.4,4
00-0032775,Demarcus Robinson,WR,2025,82.4,53.400000000000006,16
00-0031768,Terrence Magee,RB,2016,1.2000000000000002,1.2000000000000002,1
00-0035273,Qadree Ollison,RB,2021,19.700000000000003,15.700000000000001,6
00-0027265,Victor Cruz,WR,2016,107.6,65.60000000000001,15
00-0040556,Corey Kiner,RB,2025,9.3,7.300000000000001,4
00-0029388,Deonte Thompson,WR,2017,110.2,70.2,17
00-0031547,DeVante Parker,WR,2016,163.9,103.9,16
00-0033095,Garrett Griffin,TE,2017,1.4,0.4,2
00-0034646,Brandon Powell,WR,2022,47.6,23.6,17
00-0039796,Rasheen Ali,RB,2024,3.1,3.1,5
00-0032385,Sterling Shepard,WR,2025,82.0,43.0,13
00-0030432,Christine Michael,RB,2014,19.700000000000003,18.700000000000003,10
00-0027003,Donald Brown,RB,2014,72.4,43.400000000000006,13
00-0025410,Dwayne Bowe,WR,2015,10.3,5.300000000000001,7
00-0035229,T.J. Hockenson,TE,2022,240.3,144.3,18
00-0030990,Josh Huff,WR,2014,22.5,14.500000000000002,12
00-0029281,Adrien Robinson,TE,2014,16.0,11.0,9
00-0033611,Ricky Seals-Jones,TE,2017,50.1,38.1,8
00-0028000,Daniel Thomas,RB,2014,53.9,40.9,12
00-0038108,Bailey Zappe,QB,2023,69.18,69.18,10
00-0026625,Brian Hoyer,QB,2014,156.94,156.94,14
00-0027696,Jimmy Graham,TE,2015,120.5,72.5,11
00-0029580,Rishard Matthews,WR,2015,133.6,90.60000000000001,11
00-0039359,Cade Stover,TE,2024,41.1,22.1,15
00-0033111,Pharoh Cooper,WR,2021,7.6,3.6,8
00-0032063,Mike Davis,RB,2021,138.2,94.2,17
00-0035644,Noah Fant,TE,2024,104.0,56.0,14
00-0037617,Hassan Haskins,RB,2024,33.3,30.3,13
00-0026986,Michael Crabtree,WR,2016,244.6,153.6,17
00-0030404,Chris Thompson,RB,2019,93.60000000000001,51.6,11
00-0034052,Brandon Zylstra,WR,2021,49.0,31.0,12
00-0034159,Will Dissly,TE,2018,35.6,27.599999999999998,4
00-0034073,Ross Dwelley,TE,2022,19.5,16.5,5
00-0036628,John Bates,TE,2024,20.5,9.5,16
00-0033307,Kendrick Bourne,WR,2017,41.7,25.700000000000003,10
00-0033246,Johnny Mundt,TE,2019,6.6,2.6,6
00-0031428,Allen Robinson,WR,2019,254.9,156.9,16
00-0028087,Dion Lewis,RB,2015,120.2,84.2,7
00-0035102,Brandon Dillon,TE,2020,1.6,0.6000000000000001,1
00-0034928,Steven Sims,WR,2019,109.5,75.5,16
00-0032209,T.J. Yeldon,RB,2018,173.1,118.10000000000001,14
00-0033530,Robert Davis,WR,2019,3.7,1.7000000000000002,3
00-0027531,Chris Ivory,RB,2016,94.5,74.5,11
00-0033858,Jonnu Smith,TE,2020,143.1,100.10000000000001,15
00-0034301,Darrel Williams,RB,2022,21.1,17.1,5
00-0038547,Luke Schoonmaker,TE,2025,27.200000000000003,13.200000000000001,14
00-0038622,Deuce Vaughn,RB,2023,15.0,8.0,6
00-0037257,David Bell,WR,2024,5.7,2.7,1
00-0040021,Phil Mafah,RB,2025,10.9,8.9,1
00-0038393,Dontayvion Wicks,WR,2025,75.8,45.800000000000004,13
00-0032940,DeAndre Washington,RB,2020,17.1,12.100000000000001,4
00-0037594,Julius Chestnut,RB,2025,4.0,4.0,16
00-0033896,Adam Shaheen,TE,2017,42.7,30.700000000000003,7
00-0038794,Jaleel McLaughlin,RB,2023,106.0,75.0,17
00-0030565,Geno Smith,QB,2017,9.680000000000001,9.680000000000001,2
00-0036457,Ty'Son Williams,RB,2022,1.5,0.5,1
00-0035685,David Montgomery,RB,2019,170.4,145.4,16
00-0026957,David Johnson,TE,2014,1.4,0.4,4
00-0030279,Keenan Allen,WR,2022,176.10000000000002,104.10000000000001,11
00-0031376,Jerick McKinnon,RB,2014,94.30000000000001,67.30000000000001,11
00-0030247,George Winn,RB,2014,7.300000000000001,7.300000000000001,5
00-0029298,Cyrus Gray,RB,2014,9.1,9.1,7
00-0031235,Odell Beckham Jr.,WR,2017,74.0,49.0,4
00-0033293,Aaron Jones,RB,2019,359.70000000000005,304.70000000000005,18
00-0034771,Mason Rudolph,QB,2023,56.32000000000001,56.32000000000001,5
00-0029634,James Hanna,TE,2015,16.900000000000002,7.9,10
00-0039050,Payne Durham,TE,2023,13.6,7.6000000000000005,8
00-0028020,Vincent Brown,WR,2015,3.2,2.2,1
00-0031387,Eric Ebron,TE,2019,86.5,55.5,11
00-0031387,Eric Ebron,TE,2021,32.5,20.5,8
00-0033460,John Ross,WR,2020,3.7,1.7000000000000002,2
00-0031273,Cameron Brate,TE,2015,69.8,46.800000000000004,12
00-0035243,Miles Sanders,RB,2024,77.30000000000001,53.3,11
00-0031277,Branden Oliver,RB,2015,35.0,22.0,8
00-0033095,Garrett Griffin,TE,2021,7.9,3.9,5
00-0033760,Justin Davis,RB,2018,1.9000000000000001,1.9000000000000001,4
00-0035659,Terry McLaurin,WR,2021,213.5,136.5,17
00-0026158,Joe Flacco,QB,2019,84.88,84.88,8
00-0026986,Michael Crabtree,WR,2015,231.20000000000002,146.20000000000002,16
00-0029608,T.Y. Hilton,WR,2020,169.4,111.4,16
00-0031228,Taylor Gabriel,WR,2016,166.10000000000002,122.10000000000001,15
00-0035259,Trevon Wesco,TE,2023,3.1,2.1,6
00-0032058,Tevin Coleman,RB,2021,51.5,40.5,11
00-0031076,David Fales,QB,2016,0.88,0.88,1
00-0033060,Leonte Carroo,WR,2018,18.8,16.8,5
00-0037327,Skylar Thompson,QB,2024,7.880000000000001,7.880000000000001,2
00-0032464,Kalif Raymond,WR,2022,116.2,69.2,17
00-0026019,Danny Woodhead,RB,2016,27.1,21.1,2
00-0031800,Taylor Heinicke,QB,2021,222.86,221.86,16
00-0036650,Larry Rountree III,RB,2021,15.600000000000001,14.600000000000001,9
00-0036963,Amon-Ra St. Brown,WR,2021,227.3,137.3,16
00-0039041,Elijah Higgins,TE,2024,49.2,29.200000000000003,15
00-0032778,Tajae Sharpe,WR,2016,105.30000000000001,64.30000000000001,16
00-0031023,Quincy Enunwa,WR,2015,53.5,31.5,11
00-0027140,Chris Ogbonnaya,RB,2014,11.0,11.0,3
00-0029632,Mohamed Sanu,WR,2019,126.2,66.2,16
00-0032398,Chris Moore,WR,2021,55.7,34.7,10
00-0037276,Ty Chandler,RB,2025,8.8,5.800000000000001,3
00-0026201,Martellus Bennett,TE,2017,58.6,28.6,9
00-0036429,Charlie Woerner,TE,2021,10.200000000000001,5.2,9
00-0032784,Kevin Hogan,QB,2016,16.66,16.66,3
00-0029689,Dwayne Allen,TE,2018,5.7,2.7,4
00-0026993,Josh Freeman,QB,2015,10.360000000000001,10.360000000000001,1
00-0034798,Durham Smythe,TE,2020,58.800000000000004,32.800000000000004,13
00-0034983,Hunter Renfrow,WR,2019,133.5,84.5,13
00-0032214,Tyler Kroft,TE,2016,19.2,9.200000000000001,9
00-0031610,Darren Waller,TE,2021,148.10000000000002,86.10000000000001,12
00-0034676,James Washington,WR,2021,77.5,51.5,16
00-0032120,Neal Sterling,TE,2018,10.7,4.7,4
00-0034301,Darrel Williams,RB,2020,84.5,59.5,16
00-0035659,Terry McLaurin,WR,2020,237.3,144.3,16
00-0030565,Geno Smith,QB,2021,54.28,54.28,4
00-0037840,Kyren Williams,RB,2025,320.6,276.6,20
00-0031381,Davante Adams,WR,2023,265.40000000000003,162.4,17
00-0026983,Darrius Heyward-Bey,WR,2017,15.9,13.9,11
00-0034867,Malik Turner,WR,2021,46.50000000000001,33.5,8
00-0035631,Drew Sample,TE,2022,1.7999999999999998,-0.2,2
00-0039792,Devontez Walker,WR,2024,9.1,8.1,3
00-0030536,Zac Stacy,RB,2014,64.5,46.50000000000001,9
00-0021429,Carson Palmer,QB,2016,243.12,243.12,15
00-0030288,Rex Burkhead,RB,2020,107.6,82.60000000000001,10
00-0033118,Kenyan Drake,RB,2020,192.2,167.2,15
00-0035685,David Montgomery,RB,2022,177.70000000000002,143.70000000000002,16
00-0033885,David Njoku,TE,2017,94.7,62.7,16
00-0024226,Jay Cutler,QB,2017,157.84,157.84,14
00-0031235,Odell Beckham Jr.,WR,2024,14.5,5.5,8
00-0032377,Josh Ferguson,RB,2017,5.1,2.1,5
00-0029795,Benny Cunningham,RB,2017,56.9,36.9,14
00-0032966,Corey Coleman,WR,2017,65.5,42.5,9
00-0034765,Tre'Quan Smith,WR,2022,52.800000000000004,33.800000000000004,10
00-0032058,Tevin Coleman,RB,2015,42.6,40.6,12
00-0031934,Devin Smith,WR,2015,26.5,17.5,7
00-0036646,Simi Fehoko,WR,2023,7.9,6.9,2
00-0035704,Drew Lock,QB,2020,181.32,181.32,13
00-0028986,Case Keenum,QB,2020,1.84,1.84,1
00-0035217,Benny Snell,RB,2021,18.200000000000003,14.200000000000001,17
00-0033925,D'Onta Foreman,RB,2024,32.6,26.6,10
00-0030542,Terrance Williams,WR,2015,154.0,102.0,16
00-0033251,Zach Pascal,WR,2018,77.5,48.5,16
00-0037329,Brittain Brown,RB,2025,9.7,9.7,2
00-0032775,Demarcus Robinson,WR,2020,112.10000000000001,65.10000000000001,17
00-0035710,Daniel Jones,QB,2022,322.64,322.64,18
00-0039811,MarShawn Lloyd,RB,2024,2.8,1.8,1
00-0039136,Zach Evans,RB,2023,1.9000000000000001,1.9000000000000001,4
00-0034253,Dontrell Hilliard,RB,2018,17.5,8.5,10
00-0033589,David Moore,WR,2025,2.7,1.7000000000000002,3
00-0033537,Deshaun Watson,QB,2018,350.7,350.7,17
00-0037231,Kevin Austin Jr.,WR,2024,27.0,16.0,8
00-0027057,Brandon Tate,WR,2017,20.1,14.100000000000001,14
00-0030089,Luke Willson,TE,2014,98.1,70.1,16
00-0038911,Malik Cunningham,WR,2025,0.1,0.1,1
00-0029632,Mohamed Sanu,WR,2020,44.0,27.0,7
00-0028237,Chris Hogan,WR,2016,191.1,136.1,18
00-0038640,Jalen Brooks,WR,2025,8.100000000000001,5.1000000000000005,5
00-0033581,De'Angelo Henderson Sr.,RB,2017,12.9,10.9,3
00-0026189,DeSean Jackson,WR,2017,138.6,88.60000000000001,14
00-0035639,Parris Campbell,WR,2020,14.7,8.7,2
00-0039603,British Brooks,RB,2024,0.2,0.2,2
00-0036139,Rico Dowdle,RB,2020,2.4000000000000004,2.4000000000000004,5
00-0034383,Dalton Schultz,TE,2024,132.8,73.80000000000001,19
00-0034101,Matt Flanagan,TE,2018,2.4000000000000004,1.4000000000000001,1
00-0033288,George Kittle,TE,2023,228.4,155.4,19
00-0038454,Keaton Mitchell,RB,2025,55.4,46.4,13
00-0033357,Taysom Hill,TE,2020,158.62,148.62,17
00-0039364,Sione Vaki,RB,2024,8.1,5.1,9
00-0027688,Colt McCoy,QB,2018,27.18,27.18,3
00-0031503,Jameis Winston,QB,2018,195.78,195.78,11
00-0031023,Quincy Enunwa,WR,2019,0.6,-0.4,1
00-0034400,Jordan Wilkins,RB,2019,54.0,47.0,13
00-0033280,Christian McCaffrey,RB,2023,480.3,394.3,19
00-0033567,Brian Hill,RB,2020,95.4,70.4,16
00-0032058,Tevin Coleman,RB,2020,12.700000000000001,8.700000000000001,6
00-0033466,Isaiah McKenzie,WR,2017,7.300000000000001,3.3000000000000003,11
00-0036555,Chuba Hubbard,RB,2025,145.3,113.3,16
00-0033319,Nick Mullens,QB,2020,116.28,116.28,10
00-0031325,Sammy Watkins,WR,2017,149.6,109.60000000000001,16
00-0020531,Drew Brees,QB,2018,338.78000000000003,337.78000000000003,17
00-0029137,Alshon Jeffery,WR,2015,158.70000000000002,104.70000000000002,9
00-0034487,Trent Sherfield,WR,2018,46.0,27.0,9
00-0035924,Jonathan Ward,RB,2020,8.1,7.1,7
00-0028002,Randall Cobb,WR,2022,81.7,47.7,13
00-0027139,John Phillips,TE,2015,22.9,12.9,9
00-0033119,Jacoby Brissett,QB,2017,205.92000000000002,205.92000000000002,16
00-0032782,Wendell Smallwood,RB,2018,130.3,99.30000000000001,17
00-0027681,Brandon LaFell,WR,2016,186.0,122.0,16
00-0022044,Andre Johnson,WR,2015,115.30000000000001,74.30000000000001,16
00-0036857,Chris Evans,RB,2021,52.4,36.4,13
00-0037267,Jerome Ford,RB,2023,218.4,170.4,18
00-0028543,Jeff Maehl,WR,2014,9.6,4.6000000000000005,4
00-0034972,Alexander Mattison,RB,2020,86.9,73.9,13
00-0036620,Dee Eskridge,WR,2024,7.4,4.4,5
00-0036377,Joe Reed,WR,2020,8.9,8.9,10
00-0030348,Khiry Robinson,RB,2015,70.5,53.5,8
00-0033885,David Njoku,TE,2018,143.9,87.9,15
00-0030117,Kerwynn Williams,RB,2017,67.9,57.900000000000006,16
00-0033891,Zay Jones,WR,2024,16.400000000000002,8.4,6
00-0037292,Andrew Ogletree,TE,2025,12.700000000000001,8.7,11
00-0028042,Luke Stocker,TE,2014,11.1,4.1000000000000005,7
00-0035246,J.J. Arcega-Whiteside,WR,2020,14.5,10.5,5
00-0035021,Ashton Dulin,WR,2022,42.5,27.500000000000004,10
00-0033948,Jamaal Williams,RB,2024,37.1,28.1,14
00-0032394,Nick Vannett,TE,2021,28.3,19.3,7
00-0036212,Tua Tagovailoa,QB,2025,160.70000000000002,160.70000000000002,14
00-0034407,Ray-Ray McCloud,WR,2023,33.1,19.1,15
00-0031055,Andre Williams,RB,2015,35.4,34.4,16
00-0032975,Jonathan Williams,RB,2022,26.200000000000003,19.200000000000003,9
00-0030460,Markus Wheaton,WR,2017,8.100000000000001,5.1000000000000005,7
00-0023462,Roddy White,WR,2015,99.6,56.6,15
00-0031665,Zach Zenner,RB,2017,8.6,8.6,7
00-0034109,Phillip Lindsay,RB,2019,197.70000000000002,162.70000000000002,16
00-0031484,Chris Manhertz,TE,2023,3.6,1.6,7
00-0033858,Jonnu Smith,TE,2017,50.6,29.6,16
00-0030110,Michael Williams,TE,2015,5.6,2.6,11
00-0039603,British Brooks,RB,2025,7.800000000000001,7.800000000000001,9
00-0032417,Paul Perkins,RB,2017,21.6,13.600000000000001,8
00-0036261,Brandon Aiyuk,WR,2020,184.5,124.5,12
00-0035551,Tony Brooks-James,RB,2019,0.7000000000000001,0.7000000000000001,3
00-0024243,Marcedes Lewis,TE,2022,26.6,20.6,6
00-0036223,Jonathan Taylor,RB,2025,362.3,316.3,17
00-0034981,Foster Moreau,TE,2021,85.3,55.300000000000004,16
00-0030120,B.J. Daniels,WR,2015,4.680000000000001,2.6800000000000006,6
00-0039915,Ladd McConkey,WR,2025,187.1,118.10000000000001,17
00-0028091,Jeremy Kerley,WR,2015,43.2,27.2,16
00-0039849,Marvin Harrison Jr.,WR,2024,196.5,134.5,17
00-0034860,Dante Pettis,WR,2019,34.54,23.54,9
00-0038996,Tucker Kraft,TE,2024,171.9,116.9,18
00-0037015,Sal Cannella,TE,2025,3.1,1.1,2
00-0024243,Marcedes Lewis,TE,2016,42.900000000000006,22.900000000000002,10
00-0035659,Terry McLaurin,WR,2022,229.0,152.0,17
00-0032214,Tyler Kroft,TE,2019,19.1,13.100000000000001,10
00-0031167,Scott Simonson,TE,2018,23.6,14.6,10
00-0022811,Jerricho Cotchery,WR,2015,119.7,73.7,17
00-0032394,Nick Vannett,TE,2020,29.5,15.5,11
00-0035527,Andy Isabella,WR,2021,2.3,1.3,3
00-0029848,Nick Williams,WR,2016,10.9,5.9,2
00-0037475,Stone Smartt,TE,2022,5.7,1.7000000000000002,3
00-0033699,Austin Ekeler,RB,2025,13.1,8.100000000000001,2
00-0033662,Cooper Rush,QB,2023,3.2600000000000002,3.2600000000000002,7
00-0024221,Vernon Davis,TE,2015,77.5,39.5,14
00-0033387,Jacob Hollister,TE,2019,107.2,59.2,12
00-0035594,Travis Homer,RB,2020,32.8,23.8,9
00-0029664,Josh Gordon,WR,2021,14.200000000000001,9.200000000000001,9
00-0032959,Charone Peake,WR,2017,1.3,0.30000000000000004,1
00-0026995,Jeremy Maclin,WR,2014,276.8,191.8,16
00-0037840,Kyren Williams,RB,2023,263.0,230.0,13
00-0036918,Jacob Harris,WR,2022,1.6,0.6000000000000001,3
00-0034272,Marquez Valdes-Scantling,WR,2021,87.0,61.0,11
00-0034837,Calvin Ridley,WR,2023,229.9,153.9,17
00-0033881,Evan Engram,TE,2025,108.4,55.400000000000006,18
00-0029384,Bobby Rainey,RB,2017,13.0,8.0,4
00-0030520,Mike Glennon,QB,2020,60.58,60.58,5
00-0036328,Antonio Gibson,RB,2021,229.10000000000002,187.10000000000002,16
00-0021429,Carson Palmer,QB,2014,103.54,103.54,6
00-0033873,Patrick Mahomes,QB,2020,431.6,431.6,18
00-0034267,Jaleel Scott,WR,2019,1.6,0.6000000000000001,1
00-0039165,Zach Charbonnet,RB,2023,106.1,73.10000000000001,16
00-0026901,Mike Wallace,WR,2016,202.8,130.8,16
00-0025460,Jacoby Jones,WR,2014,31.0,21.0,18
00-0029738,Darren Fells,TE,2014,19.2,13.2,7
00-0037311,Ko Kieft,TE,2023,7.2,6.2,11
00-0026189,DeSean Jackson,WR,2015,110.5,78.5,10
00-0031187,Robert Herron,WR,2014,17.8,11.8,6
00-0040244,Moliki Matavao,TE,2025,3.0,1.0,1
00-0036252,Michael Pittman,WR,2021,238.6,150.6,17
00-0034440,Justin Jackson,RB,2020,65.3,46.300000000000004,8
00-0033840,Chad Hansen,WR,2017,18.4,9.4,8
00-0027057,Brandon Tate,WR,2015,13.9,11.9,16
00-0037098,Samori Toure,WR,2025,1.3,0.30000000000000004,1
00-0032208,Phillip Dorsett,WR,2021,18.0,11.0,5
00-0036857,Chris Evans,RB,2023,2.1,1.1,3
00-0037005,Tommy Tremble,TE,2023,60.4,37.4,15
00-0038621,DeMario Douglas,WR,2023,107.2,58.2,14
00-0039032,Tyjae Spears,RB,2025,111.7,66.7,13
00-0037805,Jeremy Ruckert,TE,2024,28.5,10.5,14
00-0036387,Jalen Reagor,WR,2022,26.900000000000002,18.900000000000002,18
00-0030432,Christine Michael,RB,2016,144.1,121.1,18
00-0034457,Josh Adams,RB,2019,1.2000000000000002,1.2000000000000002,2
00-0020531,Drew Brees,QB,2020,231.94,231.94,14
00-0029269,Travis Benjamin,WR,2021,2.7,1.7000000000000002,8
00-0032725,Stephen Anderson,TE,2022,3.9000000000000004,0.9,9
00-0035831,James Robinson,RB,2020,250.4,201.4,14
00-0029697,Coby Fleener,TE,2015,123.10000000000001,69.10000000000001,15
00-0033060,Leonte Carroo,WR,2017,13.9,6.9,4
00-0030550,Ace Sanders,WR,2014,11.5,5.5,12
00-0034184,Gus Edwards,RB,2023,196.5,182.5,19
00-0031260,Logan Thomas,TE,2018,20.3,8.3,9
00-0034309,Chad Beebe,WR,2018,7.8999999999999995,3.9000000000000004,3
00-0028987,Phillip Supernaw,TE,2015,4.2,1.2000000000000002,10
00-0030514,Mychal Rivera,TE,2014,133.4,75.4,16
00-0032355,Chester Rogers,WR,2017,58.2,35.2,10
00-0029531,Ryan Lindley,QB,2015,6.32,6.32,1
00-0032200,Ty Montgomery,WR,2017,91.6,68.6,8
00-0031782,Eli Rogers,WR,2018,21.5,9.5,3
00-0026498,Matthew Stafford,QB,2017,273.64,273.64,16
00-0032393,C.J. Prosise,RB,2017,17.0,11.000000000000002,4
00-0035752,Chris Streveler,QB,2020,7.699999999999999,7.699999999999999,2
00-0035592,Travis Fulgham,WR,2020,115.9,77.9,12
00-0036497,Tim Jones,WR,2022,6.0,3.0,8
00-0039491,Jalen Coker,WR,2025,118.8,76.8,12
00-0030855,Zurlon Tipton,RB,2014,38.6,29.6,7
00-0034788,Jaeden Graham,TE,2019,29.900000000000002,20.900000000000002,10
00-0035700,Josh Jacobs,RB,2019,191.6,171.6,13
00-0033949,Joshua Dobbs,QB,2025,2.1,2.1,4
00-0026281,Gary Barnidge,TE,2015,237.3,158.3,16
00-0033873,Patrick Mahomes,QB,2019,384.58,384.58,17
00-0030091,Tavarres King,WR,2016,23.3,18.3,4
00-0030108,Ryan Griffin,TE,2014,25.1,15.1,10
00-0034418,Cedrick Wilson Jr.,WR,2022,28.8,15.8,14
00-0035399,Stanley Morgan,WR,2019,4.8,1.8000000000000003,7
00-0033040,Tyreek Hill,WR,2017,262.3,180.3,16
00-0035662,Marquise Brown,WR,2021,228.3,137.3,16
00-0030710,Trey Burton,TE,2015,8.4,5.4,12
00-0029263,Russell Wilson,QB,2021,242.82,242.82,14
00-0028118,Tyrod Taylor,QB,2019,6.02,6.02,4
00-0032464,Kalif Raymond,WR,2021,132.4,84.4,16
00-0027985,Lance Kendricks,TE,2017,44.3,26.3,14
00-0030547,Denard Robinson,RB,2015,68.0,47.0,12
00-0033572,Jamal Agnew,WR,2023,40.300000000000004,26.3,11
00-0029677,Brandon Weeden,QB,2015,66.42,66.42,6
00-0030095,Corey Fuller,WR,2014,43.8,27.8,14
00-0028987,Phillip Supernaw,TE,2014,6.0,3.0000000000000004,3
00-0033955,Jeremy McNichols,RB,2020,44.3,32.300000000000004,16
00-0036322,Justin Jefferson,WR,2021,330.4,222.4,17
00-0031235,Odell Beckham Jr.,WR,2019,203.3,129.3,16
00-0026300,Josh Johnson,QB,2021,46.32,46.32,4
00-0032434,Brandon Allen,QB,2024,6.360000000000001,6.360000000000001,3
00-0026498,Matthew Stafford,QB,2014,263.4,263.4,17
00-0033572,Jamal Agnew,WR,2018,1.7000000000000002,1.7000000000000002,6
00-0030506,Travis Kelce,TE,2021,337.78000000000003,222.78,19
00-0031428,Allen Robinson,WR,2024,6.0,3.0,6
00-0038783,Nate Adkins,TE,2025,17.900000000000002,10.9,7
00-0037252,Greg Dulcich,TE,2024,7.8,2.8000000000000003,4
00-0038976,Marvin Mims Jr.,WR,2023,74.7,52.7,16
00-0036810,Cade Johnson,WR,2022,11.0,6.0,3
00-0038640,Jalen Brooks,WR,2023,12.4,6.4,3
00-0033757,Robert Tonyan,TE,2018,17.7,13.700000000000001,7
00-0033308,Matt Breida,RB,2017,103.5,82.5,16
00-0020337,Steve Smith,WR,2016,183.9,113.9,14
00-0034159,Will Dissly,TE,2025,20.700000000000003,9.700000000000001,8
00-0038840,Brycen Tremayne,WR,2024,0.8,-0.2,2
00-0029664,Josh Gordon,WR,2014,54.3,30.3,5
00-0039855,Jalen McMillan,WR,2025,29.9,17.900000000000002,4
00-0028011,Stevan Ridley,RB,2016,0.7000000000000001,0.7000000000000001,1
00-0028040,Jordan Cameron,TE,2016,20.0,12.0,3
00-0027973,Andy Dalton,QB,2014,233.22,232.22,17
00-0032256,Clive Walford,TE,2017,17.0,8.0,6
00-0031035,Xavier Grimble,TE,2019,1.3,0.30000000000000004,2
00-0033556,Tarik Cohen,RB,2018,239.64000000000001,165.64000000000001,17
00-0029293,Marvin Jones,WR,2015,181.1,112.10000000000001,17
00-0031273,Cameron Brate,TE,2019,91.1,55.1,14
00-0033009,Tyler Boyd,WR,2019,222.9,132.9,16
00-0031800,Taylor Heinicke,QB,2017,0.6000000000000001,0.6000000000000001,1
00-0032450,Dwayne Washington,RB,2017,7.800000000000001,5.800000000000001,5
00-0027966,Mark Ingram,RB,2020,52.9,46.9,10
00-0034419,Braxton Berrios,WR,2022,57.68,39.68,17
00-0025708,Matt Moore,QB,2016,64.5,64.5,5
00-0033899,DeShone Kizer,QB,2017,175.66,175.66,15
00-0032209,T.J. Yeldon,RB,2017,109.5,74.5,12
00-0027946,Jake Locker,QB,2014,63.92,63.92,7
00-0033077,Dak Prescott,QB,2017,260.66,260.66,16
00-0029682,Brock Osweiler,QB,2014,6.080000000000001,6.080000000000001,4
00-0035628,D'Ernest Johnson,RB,2019,15.2,9.2,10
00-0029004,Lance Dunbar,RB,2014,49.6,31.6,16
00-0033949,Joshua Dobbs,QB,2020,2.08,2.08,1
00-0035806,JaMycal Hasty,RB,2021,53.1,29.1,14
00-0034972,Alexander Mattison,RB,2021,125.9,93.9,16
00-0035329,Donald Parham,TE,2022,35.3,21.3,7
00-0032964,Byron Marshall,RB,2016,10.400000000000002,7.4,2
00-0038551,Kendre Miller,RB,2023,43.3,33.3,7
00-0035704,Drew Lock,QB,2025,0.09999999999999998,0.09999999999999998,3
00-0033873,Patrick Mahomes,QB,2022,477.52,476.52,20
00-0037487,Deven Thompkins,WR,2023,37.300000000000004,19.3,19
00-0025396,Ted Ginn,WR,2016,163.0,109.0,16
00-0033933,Chad Williams,WR,2017,9.4,6.4,6
00-0037098,Samori Toure,WR,2022,19.2,14.2,4
00-0028087,Dion Lewis,RB,2018,160.70000000000002,101.7,16
00-0031697,Jordan Taylor,WR,2017,27.2,14.200000000000001,10
00-0036963,Amon-Ra St. Brown,WR,2022,267.6,161.6,16
00-0033441,Keon Hatcher,WR,2018,1.8,0.8,2
00-0033481,Marcus Kemp,WR,2021,4.4,2.4000000000000004,14
00-0030780,Ryan Hewitt,TE,2016,3.3,1.3,4
00-0033556,Tarik Cohen,RB,2017,152.14000000000001,99.14,16
00-0034383,Dalton Schultz,TE,2025,188.60000000000002,101.60000000000001,19
00-0036906,Khalil Herbert,RB,2022,117.80000000000001,108.80000000000001,13
00-0027758,Riley Cooper,WR,2014,128.70000000000002,73.7,16
00-0025439,Brian Leonard,RB,2014,2.5,1.5,1
00-0031549,Nelson Agholor,WR,2015,57.3,34.3,13
00-0030431,Robert Woods,WR,2019,232.9,142.9,15
00-0033681,Keelan Cole,WR,2021,78.9,50.900000000000006,14
00-0030061,Zach Ertz,TE,2024,216.9,132.9,20
00-0039407,Dylan Laube,RB,2025,5.7,2.7,17
00-0034433,Nick Bawden,RB,2023,11.5,8.5,6
00-0034317,Keith Kirkwood,WR,2023,14.700000000000001,9.7,7
00-0039855,Jalen McMillan,WR,2024,141.5,102.5,14
00-0036887,Luke Farrell,TE,2023,28.5,15.5,10
00-0033466,Isaiah McKenzie,WR,2019,69.6,38.6,13
00-0027725,Clay Harbor,TE,2015,36.9,22.900000000000002,10
00-0026164,Chris Johnson,RB,2016,15.5,15.5,4
00-0031035,Xavier Grimble,TE,2018,12.600000000000001,6.6000000000000005,8
00-0028097,Lee Smith,TE,2014,17.2,10.200000000000001,8
00-0024389,Delanie Walker,TE,2014,176.0,113.0,15
00-0030544,Gavin Escobar,TE,2014,43.5,34.5,13
00-0033282,Curtis Samuel,WR,2020,212.1,135.1,15
00-0030117,Kerwynn Williams,RB,2016,29.3,28.3,5
00-0036309,Darnell Mooney,WR,2020,152.1,91.1,16
00-0027139,John Phillips,TE,2018,6.800000000000001,3.8000000000000003,2
00-0033043,Austin Traylor,TE,2017,18.0,10.0,5
00-0034816,Ronald Jones,RB,2020,200.2,172.2,17
00-0029438,Chris Polk,RB,2014,50.8,48.8,11
00-0028011,Stevan Ridley,RB,2018,14.8,11.8,9
00-0033936,C.J. Beathard,QB,2018,74.98,74.98,5
00-0034034,Rashard Davis,WR,2019,2.6,1.6,2
00-0039890,Adonai Mitchell,WR,2024,53.76,30.76,17
00-0033553,James Conner,RB,2023,201.5,174.5,13
00-0033893,Dalvin Cook,RB,2021,206.3,172.3,13
00-0036331,Devin Duvernay,WR,2023,7.3,3.3,15
00-0033857,JuJu Smith-Schuster,WR,2024,64.7,42.7,14
00-0032562,Cole Wick,TE,2016,3.8,1.8,3
00-0032780,Jordan Howard,RB,2018,183.5,163.5,17
00-0024226,Jay Cutler,QB,2014,255.58,255.58,15
00-0035662,Marquise Brown,WR,2020,215.5,146.5,18
00-0033307,Kendrick Bourne,WR,2023,100.0,63.0,8
00-0038783,Nate Adkins,TE,2024,43.5,29.5,15
00-0022942,Philip Rivers,QB,2016,258.94,258.94,16
00-0034672,Ethan Wolf,TE,2021,2.8,0.8,1
00-0024272,Devin Hester,WR,2014,114.0,76.0,16
00-0035891,Cody White,WR,2022,1.2,0.2,1
00-0028009,DeMarco Murray,RB,2017,171.5,132.5,15
00-0039650,Bryce Oliver,WR,2025,1.8,0.8,2
00-0031934,Devin Smith,WR,2019,22.299999999999997,17.3,3
00-0027691,Andre Roberts,WR,2015,30.5,19.5,8
00-0030526,EJ Manuel,QB,2016,7.440000000000001,7.440000000000001,5
00-0030404,Chris Thompson,RB,2020,42.6,22.599999999999998,6
00-0032450,Dwayne Washington,RB,2021,4.8,2.8000000000000003,8
00-0035657,Damien Harris,RB,2022,90.9,73.9,11
00-0028411,Dontrelle Inman,WR,2019,30.1,18.1,7
00-0029205,Travaris Cadet,RB,2017,37.5,21.500000000000004,7
00-0034351,Dallas Goedert,TE,2022,177.3,106.30000000000001,15
00-0030035,Adam Thielen,WR,2016,197.20000000000002,128.20000000000002,16
00-0036331,Devin Duvernay,WR,2024,19.200000000000003,8.200000000000001,13
00-0027796,Joe Webb,QB,2017,4.800000000000001,4.800000000000001,9
00-0030085,Kenny Stills,WR,2020,31.400000000000002,20.400000000000002,7
00-0033896,Adam Shaheen,TE,2021,23.0,11.0,7
00-0037175,Anthony Brown,QB,2022,5.579999999999999,5.579999999999999,2
00-0039530,Brevyn Spann-Ford,TE,2025,24.0,15.000000000000002,16
00-0023462,Roddy White,WR,2014,212.1,132.1,14
00-0033481,Marcus Kemp,WR,2018,1.7000000000000002,0.7000000000000001,5
00-0033464,Jehu Chesson,WR,2018,1.3000000000000003,0.30000000000000004,6
00-0031665,Zach Zenner,RB,2015,9.100000000000001,7.1000000000000005,4
00-0031763,DeAndre Carter,WR,2023,9.700000000000001,5.7,17
00-0032626,Geronimo Allison,WR,2019,80.3,43.300000000000004,17
00-0034270,Tyler Conklin,TE,2023,123.1,62.1,17
00-0033251,Zach Pascal,WR,2022,40.5,22.5,18
00-0036482,Mike Strachan,WR,2022,8.9,5.9,5
00-0033045,Ezekiel Elliott,RB,2024,57.5,45.5,15
00-0024813,Pierre Thomas,RB,2014,123.0,78.00000000000001,11
00-0031787,Jake Kumerow,WR,2022,10.4,6.4,5
00-0037837,Calvin Austin III,WR,2024,124.3,87.3,18
00-0031428,Allen Robinson,WR,2018,183.6,118.60000000000001,14
00-0036196,Gabe Davis,WR,2022,200.3,144.3,17
00-0026267,Jacob Tamme,TE,2016,61.0,39.0,8
00-0029141,Alfred Morris,RB,2014,187.9,170.9,16
00-0034184,Gus Edwards,RB,2019,94.60000000000001,87.60000000000001,17
00-0027696,Jimmy Graham,TE,2018,130.6,75.60000000000001,16
00-0033589,David Moore,WR,2023,37.1,29.1,8
00-0026998,Percy Harvin,WR,2014,131.5,80.5,13
00-0037291,Jalen Nailor,WR,2024,111.30000000000001,80.3,16
00-0035261,Tony Pollard,RB,2023,244.10000000000002,182.10000000000002,18
00-0034869,Sam Darnold,QB,2023,23.380000000000003,23.380000000000003,10
00-0036358,CeeDee Lamb,WR,2022,340.70000000000005,219.70000000000002,19
00-0031310,Devin Street,WR,2015,22.4,15.4,11
00-0031568,Bryce Petty,QB,2017,25.259999999999998,25.259999999999998,4
00-0034681,Chase Edmonds,RB,2022,74.2,58.2,13
00-0031021,Jared Abbrederis,WR,2016,1.8,0.8,2
00-0031237,Teddy Bridgewater,QB,2019,90.46000000000001,90.46000000000001,9
00-0036569,Gary Brightwell,RB,2022,30.0,25.0,17
00-0030035,Adam Thielen,WR,2021,199.8,132.8,13
00-0037085,Tyler Badie,RB,2025,37.5,17.5,18
00-0032200,Ty Montgomery,WR,2020,19.5,15.5,5
00-0030095,Corey Fuller,WR,2015,11.600000000000001,7.6000000000000005,7
00-0022414,Malcom Floyd,WR,2015,102.10000000000001,72.10000000000001,15
00-0030091,Tavarres King,WR,2017,60.300000000000004,42.300000000000004,8
00-0037256,Rachaad White,RB,2022,152.8,98.8,18
00-0022736,Steven Jackson,RB,2014,141.5,121.50000000000001,15
00-0034073,Ross Dwelley,TE,2021,15.1,11.1,4
00-0027948,Blaine Gabbert,QB,2023,5.900000000000002,5.900000000000002,2
00-0038134,Kenneth Walker III,RB,2024,181.2,135.20000000000002,11
00-0038489,Ben VanSumeren,RB,2024,1.0,0.0,3
00-0033725,Corey Clement,RB,2017,125.6,105.6,18
00-0036569,Gary Brightwell,RB,2021,2.0,1.0,7
00-0024243,Marcedes Lewis,TE,2014,50.6,32.6,8
00-0034827,DJ Moore,WR,2022,199.10000000000002,136.10000000000002,17
00-0033466,Isaiah McKenzie,WR,2023,20.6,9.600000000000001,13
00-0040466,Raheim Sanders,RB,2025,20.3,17.3,4
00-0034845,Sony Michel,RB,2020,75.30000000000001,68.30000000000001,8
00-0033009,Tyler Boyd,WR,2023,144.8,77.80000000000001,17
00-0031599,Cameron Artis-Payne,RB,2018,17.400000000000002,14.4,4
00-0036898,Davis Mills,QB,2024,9.580000000000002,9.580000000000002,4
00-0025464,Matt Spaeth,TE,2014,15.600000000000001,12.600000000000001,5
00-0037809,Chig Okonkwo,TE,2025,124.0,68.0,17
00-0035243,Miles Sanders,RB,2020,170.4,142.4,12
00-0031387,Eric Ebron,TE,2015,130.70000000000002,83.7,14
00-0028118,Tyrod Taylor,QB,2017,228.72,228.72,16
00-0034159,Will Dissly,TE,2022,86.9,52.900000000000006,15
00-0029587,Rhett Ellison,TE,2017,59.5,35.5,14
00-0038618,Xavier Hutchinson,WR,2025,110.5,69.5,18
00-0027981,Kyle Rudolph,TE,2017,175.5,112.5,18
00-0034011,Dan Arnold,TE,2018,33.0,21.0,8
00-0029588,Dan Herron,RB,2015,21.6,12.600000000000001,9
00-0029262,Rueben Randle,WR,2015,184.7,127.7,16
00-0033696,Sean Culkin,TE,2018,3.4000000000000004,2.4000000000000004,2
00-0030705,Juwan Thompson,RB,2015,15.900000000000002,9.900000000000002,8
00-0036261,Brandon Aiyuk,WR,2023,279.1,195.1,19
00-0028114,Dwayne Harris,WR,2014,20.8,12.8,18
00-0040187,Mitchell Evans,TE,2025,48.2,29.200000000000003,15
00-0026983,Darrius Heyward-Bey,WR,2018,1.1999999999999997,0.19999999999999996,8
00-0039912,Ben Sinnott,TE,2024,17.1,11.1,8
00-0034679,Mark Walton,RB,2018,12.5,7.5,10
00-0039410,Ryan Flournoy,WR,2025,114.0,74.0,15
00-0030107,Theo Riddick,RB,2018,116.5,55.5,14
00-0034844,Saquon Barkley,RB,2022,322.1,258.1,18
00-0033591,Noah Brown,WR,2020,29.8,15.8,10
00-0037228,Jaylen Warren,RB,2024,130.6,88.60000000000001,16
00-0035273,Qadree Ollison,RB,2019,30.7,29.7,6
00-0031503,Jameis Winston,QB,2015,274.98,274.98,16
00-0025637,Ahmad Bradshaw,RB,2014,154.5,116.5,10
00-0033897,Joe Mixon,RB,2023,267.0,215.0,17
00-0037267,Jerome Ford,RB,2024,134.0,97.0,14
00-0031339,Donte Moncrief,WR,2014,115.7,78.7,17
00-0026544,Chase Daniel,QB,2022,8.48,8.48,3
00-0031339,Donte Moncrief,WR,2020,2.9,1.9,5
00-0032760,Josh Doctson,WR,2017,119.8,84.8,15
00-0029689,Dwayne Allen,TE,2017,24.6,14.6,12
00-0031428,Allen Robinson,WR,2015,304.0,224.0,16
00-0034393,Troy Fumagalli,TE,2019,15.799999999999999,9.799999999999999,6
00-0034319,Deon Yelder,TE,2019,10.1,6.1,4
00-0030456,Giovani Bernard,RB,2014,201.1,150.1,14
00-0031045,Carlos Hyde,RB,2018,98.4,88.4,14
00-0035232,Dwayne Haskins,QB,2019,76.7,76.7,9
00-0033908,Cooper Kupp,WR,2019,270.5,176.5,16
00-0024334,Brandon Marshall,WR,2014,179.1,118.10000000000001,13
00-0040388,Jakobie Keeney-James,WR,2025,3.5,1.5,1
00-0036654,Demetric Felton,RB,2022,2.4,0.4,6
00-0026143,Matt Ryan,QB,2014,284.26,284.26,16
00-0031045,Carlos Hyde,RB,2014,74.1,62.1,14
00-0032128,Chris Conley,WR,2022,8.600000000000001,4.6000000000000005,4
00-0036741,Jack Stoll,TE,2024,3.0,1.0,5
00-0035527,Andy Isabella,WR,2022,4.2,2.2,4
00-0037216,Justyn Ross,WR,2023,11.3,5.300000000000001,6
00-0027685,Emmanuel Sanders,WR,2019,202.4,131.4,20
00-0036754,Brock Wright,TE,2021,35.7,23.700000000000003,8
00-0033757,Robert Tonyan,TE,2022,112.0,59.0,17
00-0027944,Julio Jones,WR,2014,297.40000000000003,193.4,15
00-0029660,Trevor Graham,WR,2015,6.4,2.4,4
00-0038129,Cade Otton,TE,2023,152.9,92.9,19
00-0023437,Ronnie Brown,RB,2014,15.700000000000001,10.700000000000001,8
00-0033025,Jalen Richard,RB,2020,51.1,32.1,13
00-0031868,Damiere Byrd,WR,2020,114.9,67.9,15
00-0033090,Hunter Henry,TE,2017,126.9,81.9,12
00-0031428,Allen Robinson,WR,2021,87.0,49.0,12
00-0030068,Marquise Goodwin,WR,2014,6.000000000000001,5.0,8
00-0030348,Khiry Robinson,RB,2016,0.20000000000000018,0.20000000000000018,1
00-0036332,Josiah Deguara,TE,2023,14.5,6.500000000000001,10
00-0034860,Dante Pettis,WR,2020,17.6,13.600000000000001,6
00-0039150,Bryce Young,QB,2024,195.02,195.02,14
00-0024264,Kellen Clemens,QB,2014,0.4,0.4,1
00-0033280,Christian McCaffrey,RB,2018,385.5,278.5,16
00-0029273,Robert Turbin,RB,2016,108.3,82.3,15
00-0039064,Zay Flowers,WR,2024,209.5,135.5,17
00-0032098,Daniel Brown,TE,2019,20.2,13.2,11
00-0034177,Tim Boyle,QB,2023,10.9,10.9,3
00-0032104,Ameer Abdullah,RB,2015,117.0,92.0,16
00-0039907,Ja'Lynn Polk,WR,2024,32.699999999999996,20.7,14
00-0031951,James O'Shaughnessy,TE,2018,45.400000000000006,21.400000000000002,14
00-0033869,Mitchell Trubisky,QB,2020,166.66,166.66,11
00-0030113,Charles D. Johnson,WR,2015,21.7,12.7,6
00-0029293,Marvin Jones,WR,2022,131.9,81.9,18
00-0026498,Matthew Stafford,QB,2015,290.78000000000003,289.78000000000003,16
00-0033594,Chris Carson,RB,2020,197.0,159.0,13
00-0032764,Derrick Henry,RB,2022,302.76,269.76,16
00-0027825,Jim Dray,TE,2014,47.2,30.2,13
00-0031189,T.J. Jones,WR,2016,14.3,9.3,4
00-0033611,Ricky Seals-Jones,TE,2019,58.9,44.9,9
00-0037256,Rachaad White,RB,2024,203.1,150.1,16
00-0033308,Matt Breida,RB,2019,103.2,84.2,14
00-0035414,Jalen Guyton,WR,2023,24.900000000000002,14.900000000000002,7
00-0036422,Adam Trautman,TE,2024,45.0,31.0,14
00-0031236,Brandin Cooks,WR,2019,117.5,75.5,14
00-0032950,Carson Wentz,QB,2023,26.12,26.12,1
00-0030822,Marcel Jensen,TE,2014,1.8,0.8,1
00-0019596,Tom Brady,QB,2018,321.02,320.02,19
00-0029640,Brian Quick,WR,2018,4.800000000000001,1.8000000000000003,2
00-0037292,Andrew Ogletree,TE,2023,35.7,26.7,11
00-0034860,Dante Pettis,WR,2024,32.0,20.0,8
00-0040170,Elic Ayomanor,WR,2025,116.5,75.5,16
00-0030288,Rex Burkhead,RB,2019,107.7,77.7,14
00-0030496,Le'Veon Bell,RB,2016,369.4,290.40000000000003,15
00-0020337,Steve Smith,WR,2014,248.0,161.0,18
00-0036829,Caleb Huntley,RB,2022,44.900000000000006,42.900000000000006,12
00-0027973,Andy Dalton,QB,2015,244.20000000000002,244.20000000000002,13
00-0031299,Jordan Matthews,TE,2018,72.7,51.7,12
00-0040586,Jaydon Blue,RB,2025,20.400000000000002,19.400000000000002,5
00-0030450,Quinton Patton,WR,2016,77.8,40.800000000000004,13
00-0036669,Kylin Hill,RB,2022,0.7000000000000001,0.7000000000000001,1
00-0026544,Chase Daniel,QB,2020,12.16,12.16,4
00-0037157,Bam Knight,RB,2025,92.9,70.9,12
00-0037545,Rashid Shaheed,WR,2024,81.80000000000001,61.8,6
00-0030282,Stepfan Taylor,RB,2016,1.2000000000000002,1.2000000000000002,3
00-0033108,Paxton Lynch,QB,2016,28.380000000000003,28.380000000000003,3
00-0031757,Lucky Whitehead,WR,2015,18.3,12.3,12
00-0033217,Mo Alie-Cox,TE,2023,49.1,36.1,14
00-0037005,Tommy Tremble,TE,2022,54.400000000000006,35.4,15
00-0033386,Cody Hollister,WR,2019,3.3,1.3,3
00-0040154,Tai Felton,WR,2025,5.5,2.5,12
00-0034343,Josh Rosen,QB,2018,112.92,112.92,14
00-0034791,Nick Chubb,RB,2021,215.3,195.3,14
00-0039165,Zach Charbonnet,RB,2024,186.9,144.9,17
00-0038840,Brycen Tremayne,WR,2025,30.0,16.0,16
00-0038498,E.J. Jenkins,TE,2024,7.7,6.7,2
00-0031545,Kevin White,WR,2016,38.6,19.6,4
00-0031549,Nelson Agholor,WR,2020,185.6,137.6,16
00-0024243,Marcedes Lewis,TE,2019,40.0,23.0,13
00-0034449,Buddy Howell,RB,2020,7.7,6.7,5
00-0029795,Benny Cunningham,RB,2015,65.0,39.0,16
00-0037257,David Bell,WR,2023,62.1,40.1,10
00-0031744,Matt LaCosse,TE,2015,5.2,2.2,1
00-0032426,Alex Collins,RB,2021,68.8,59.800000000000004,11
00-0032423,Trevor Davis,WR,2016,11.4,8.4,9
00-0035644,Noah Fant,TE,2025,74.8,40.800000000000004,13
00-0028093,Niles Paul,TE,2014,93.7,54.7,16
00-0028986,Case Keenum,QB,2019,103.48,103.48,10
00-0030525,Tavon Austin,WR,2019,47.4,34.4,14
00-0031315,Matt Hazel,WR,2017,1.1,0.1,2
00-0033025,Jalen Richard,RB,2017,90.10000000000001,63.1,16
00-0030431,Robert Woods,WR,2014,164.9,99.9,16
00-0037525,Jordan Mason,RB,2025,128.9,114.9,16
00-0033528,Jeremy Sprinkle,TE,2019,56.1,30.1,16
00-0036456,Dominique Dafney,TE,2021,5.4,3.4,7
00-0032404,Tyler Ervin,RB,2019,8.3,5.3,9
00-0031800,Taylor Heinicke,QB,2018,13.900000000000002,13.900000000000002,5
00-0034959,Andrew Beck,RB,2022,11.9,6.9,9
00-0030108,Ryan Griffin,TE,2015,63.0,40.0,10
00-0029878,MarQueis Gray,TE,2014,22.400000000000002,13.4,9
00-0036145,Lawrence Cager,TE,2022,34.8,19.8,8
00-0026144,Darren McFadden,RB,2015,195.7,155.7,16
00-0034577,Kyle Allen,QB,2022,15.940000000000001,15.940000000000001,2
00-0036630,Tylan Wallace,WR,2021,4.3,2.3,10
00-0034201,De'Lance Turner,RB,2018,4.1000000000000005,2.1,2
00-0032362,Maurice Harris,WR,2016,14.600000000000001,6.6000000000000005,7
00-0034970,Irv Smith,TE,2024,1.2,0.2,1
00-0032725,Stephen Anderson,TE,2021,38.5,22.500000000000004,14
00-0037741,Jahan Dotson,WR,2024,56.199999999999996,34.2,16
00-0030113,Charles D. Johnson,WR,2016,43.2,23.2,14
00-0027864,Ryan Mathews,RB,2014,66.9,57.900000000000006,6
00-0030542,Terrance Williams,WR,2016,136.20000000000002,88.2,16
00-0028497,Kamar Aiken,WR,2014,85.0,59.0,15
00-0032200,Ty Montgomery,WR,2018,73.3,48.300000000000004,14
00-0031273,Cameron Brate,TE,2018,92.9,62.9,15
00-0031001,Jeff Janis,WR,2015,43.4,34.4,15
00-0031345,Jimmy Garoppolo,QB,2016,35.980000000000004,34.980000000000004,6
00-0034766,Chris Herndon,TE,2018,113.2,74.2,14
00-0027791,James Starks,RB,2016,58.900000000000006,39.900000000000006,9
00-0033282,Curtis Samuel,WR,2025,22.3,14.3,7
00-0023500,Frank Gore,RB,2014,158.70000000000002,147.70000000000002,16
00-0029604,Kirk Cousins,QB,2022,317.4,316.4,18
00-0027864,Ryan Mathews,RB,2015,124.5,104.5,13
00-0031590,Jay Ajayi,RB,2015,42.7,35.7,9
00-0034383,Dalton Schultz,TE,2019,1.6,0.6000000000000001,6
00-0031051,John Brown,WR,2014,154.4,102.4,17
00-0032950,Carson Wentz,QB,2016,213.98000000000002,212.98000000000002,16
00-0039893,Brian Thomas Jr.,WR,2025,148.9,98.9,15
00-0033567,Brian Hill,RB,2019,67.2,57.2,10
00-0036328,Antonio Gibson,RB,2020,207.7,169.7,15
00-0033658,Blake Jarwin,TE,2019,85.5,54.5,15
00-0030216,Josh Hill,TE,2020,19.3,10.3,10
00-0033258,Darrell Daniels,TE,2019,1.4,0.4,7
00-0031731,Corey Grant,RB,2017,53.300000000000004,47.300000000000004,17
00-0030117,Kerwynn Williams,RB,2015,21.800000000000004,19.800000000000004,6
00-0033857,JuJu Smith-Schuster,WR,2019,113.2,71.2,12
00-0032394,Nick Vannett,TE,2018,75.4,45.4,16
00-0029141,Alfred Morris,RB,2017,72.2,65.2,13
00-0029608,T.Y. Hilton,WR,2015,211.4,142.4,16
00-0036898,Davis Mills,QB,2022,181.52,181.52,15
00-0033077,Dak Prescott,QB,2020,135.64000000000001,134.64000000000001,5
00-0029708,Kendall Wright,WR,2016,90.1,61.1,11
00-0026373,Justin Forsett,RB,2014,273.20000000000005,226.20000000000002,18
00-0033319,Nick Mullens,QB,2022,11.76,11.76,4
00-0037429,Raheem Blackshear,RB,2022,45.0,35.0,13
00-0037247,George Pickens,WR,2023,218.3,150.3,18
00-0038115,Daniel Bellinger,TE,2022,86.10000000000001,53.1,13
00-0038933,Dalton Kincaid,TE,2023,174.70000000000002,93.7,18
00-0032764,Derrick Henry,RB,2019,362.42,339.42,18
00-0031332,Fitzgerald Toussaint,RB,2016,12.100000000000001,9.100000000000001,13
00-0031743,Akeem Hunt,RB,2015,19.5,13.5,8
00-0024204,Fred Jackson,RB,2014,188.60000000000002,122.60000000000001,14
00-0034791,Nick Chubb,RB,2022,281.4,254.4,17
00-0025399,Marshawn Lynch,RB,2014,357.4,315.4,19
00-0030155,Demetrius Harris,TE,2018,47.6,34.6,17
00-0036754,Brock Wright,TE,2022,63.6,45.6,14
00-0026289,Tim Hightower,RB,2015,86.4,74.4,6
00-0032141,Geoff Swaim,TE,2015,1.0,0.0,2
00-0035208,Olamide Zaccheaus,WR,2020,53.400000000000006,33.4,10
00-0027696,Jimmy Graham,TE,2021,50.7,36.7,11
00-0031585,MyCole Pruitt,TE,2019,27.8,17.8,12
00-0031598,Nick Boyle,TE,2021,1.2,0.2,2
00-0030521,Justin Hunter,WR,2014,95.8,67.8,12
00-0038710,Blake Whiteheart,TE,2025,2.4,0.4,9
00-0030181,Jack Doyle,TE,2019,111.8,68.8,16
00-0030669,Albert Wilson,WR,2014,42.0,26.000000000000004,10
00-0036145,Lawrence Cager,TE,2020,5.5,3.5,2
00-0031384,Richard Rodgers,TE,2021,3.1,1.1,1
00-0039144,Luke Musgrave,TE,2024,11.5,4.5,7
00-0036900,Ja'Marr Chase,WR,2022,296.7,189.70000000000002,15
00-0033906,Alvin Kamara,RB,2022,211.7,154.7,15
00-0019596,Tom Brady,QB,2020,420.06,420.06,20
00-0033553,James Conner,RB,2018,280.0,225.0,13
00-0030578,Cordarrelle Patterson,RB,2022,154.70000000000002,133.70000000000002,13
00-0034317,Keith Kirkwood,WR,2021,4.7,1.7000000000000002,3
00-0036389,Jalen Hurts,QB,2023,371.32,371.32,18
00-0030874,Damien Williams,RB,2019,217.1,176.1,14
00-0030155,Demetrius Harris,TE,2017,50.6,30.6,14
00-0035350,Preston Williams,WR,2020,74.8,56.8,8
00-0032209,T.J. Yeldon,RB,2019,29.700000000000003,16.700000000000003,4
00-0031800,Taylor Heinicke,QB,2022,115.96000000000001,115.96000000000001,9
00-0035510,Jeff Smith,WR,2022,21.4,13.4,7
00-0035432,Jason Moore,WR,2022,1.5,0.5,1
00-0032160,Tyrell Williams,WR,2016,216.9,147.9,16
00-0031408,Mike Evans,WR,2019,232.70000000000002,165.70000000000002,13
00-0037834,Brock Purdy,QB,2023,343.96,343.96,19
00-0033045,Ezekiel Elliott,RB,2017,203.2,177.20000000000002,10
00-0037746,Brian Robinson,RB,2025,64.2,55.2,19
00-0030513,Latavius Murray,RB,2015,204.8,163.8,16
00-0033421,Antony Auclair,TE,2018,11.8,4.800000000000001,9
00-0038797,Emanuel Wilson,RB,2025,94.80000000000001,79.80000000000001,18
00-0035350,Preston Williams,WR,2021,13.799999999999999,7.800000000000001,6
00-0039337,Malik Nabers,WR,2024,273.6,164.60000000000002,15
00-0030155,Demetrius Harris,TE,2015,22.4,14.4,9
00-0028581,Patrick DiMarco,RB,2015,36.0,23.0,12
00-0034710,Darvin Kidsy,WR,2018,1.8,0.8,1
00-0039165,Zach Charbonnet,RB,2025,183.4,163.4,17
00-0026345,Pierre Garcon,WR,2014,161.2,93.2,16
00-0030705,Juwan Thompson,RB,2014,51.7,47.7,12
00-0031588,Stefon Diggs,WR,2025,241.3,142.3,21
00-0033536,Mike Williams,WR,2022,176.5,113.5,13
00-0036959,Michael Bandy,WR,2022,18.9,8.9,9
00-0025430,Drew Stanton,QB,2014,94.74000000000001,94.74000000000001,9
00-0029626,Isaiah Pead,RB,2016,3.8000000000000003,2.8000000000000003,2
00-0038041,Jake Ferguson,TE,2022,52.8,32.8,12
00-0029048,Joe Banyard,RB,2016,0.7000000000000001,0.7000000000000001,1
00-0038104,Tyquan Thornton,WR,2022,66.3,44.3,12
00-0039917,Michael Penix Jr.,QB,2024,44.1,44.1,5
00-0029793,Brandon Williams,TE,2014,8.4,4.4,10
00-0029580,Rishard Matthews,WR,2016,211.5,146.5,16
00-0030391,Mike James,RB,2016,8.1,4.1000000000000005,3
00-0033936,C.J. Beathard,QB,2020,52.28,52.28,6
00-0034775,Christian Kirk,WR,2023,150.26,93.26,12
00-0031854,Chris Harper,WR,2016,26.3,13.3,8
00-0038129,Cade Otton,TE,2022,102.9,56.900000000000006,17
00-0036133,James Proche,WR,2024,5.1,2.1,9
00-0027997,Greg Little,WR,2014,12.9,6.9,5
00-0028497,Kamar Aiken,WR,2017,28.3,13.3,14
00-0029311,Junior Hemingway,WR,2014,22.799999999999997,10.8,11
00-0033854,Dare Ogunbowale,RB,2020,29.9,19.900000000000002,10
00-0032062,Blake Bell,TE,2023,11.6,6.6000000000000005,7
00-0022921,Larry Fitzgerald,WR,2015,319.1,198.10000000000002,18
00-0031390,Charles Sims,RB,2014,60.5,41.5,8
00-0034353,Anthony Miller,WR,2021,14.5,8.5,3
00-0031968,E.J. Bibbs,TE,2015,1.7000000000000002,0.7000000000000001,2
00-0032211,Tyler Lockett,WR,2022,249.2,159.2,17
00-0029104,Jonas Gray,RB,2015,32.2,25.200000000000003,7
00-0033854,Dare Ogunbowale,RB,2022,48.7,28.7,15
00-0028091,Jeremy Kerley,WR,2017,49.7,27.700000000000003,8
00-0039146,Jayden Reed,WR,2023,225.6,157.6,18
00-0038090,Skyy Moore,WR,2022,62.8,35.800000000000004,19
00-0038621,DeMario Douglas,WR,2025,118.2,79.2,20
00-0033110,Tyler Higbee,TE,2024,55.8,35.800000000000004,5
00-0031268,Walt Powell,WR,2016,28.200000000000003,14.200000000000001,7
00-0033282,Curtis Samuel,WR,2018,138.8,99.8,13
00-0029317,Edwin Baker,RB,2014,0.2,0.2,1
00-0031585,MyCole Pruitt,TE,2015,23.1,11.100000000000001,12
00-0037300,Mike Woods,WR,2022,9.0,4.0,7
00-0029388,Deonte Thompson,WR,2016,58.9,36.9,15
00-0028118,Tyrod Taylor,QB,2022,11.319999999999999,11.319999999999999,2
00-0033537,Deshaun Watson,QB,2019,383.58,382.58,17
00-0025394,Adrian Peterson,RB,2020,124.5,112.5,16
00-0036389,Jalen Hurts,QB,2025,313.18,313.18,17
00-0039732,Bo Nix,QB,2024,331.26,330.26,18
00-0022924,Ben Roethlisberger,QB,2017,297.42,297.42,16
00-0031560,Jaelen Strong,WR,2015,50.800000000000004,35.800000000000004,11
00-0031166,Seth Roberts,WR,2020,7.1,3.1,3
00-0036322,Justin Jefferson,WR,2025,201.5,117.5,17
00-0029273,Robert Turbin,RB,2014,81.2,64.2,19
00-0032430,David Morgan,TE,2017,25.5,15.5,9
00-0032775,Demarcus Robinson,WR,2023,94.80000000000001,65.8,9
00-0040509,Ben Yurosek,TE,2025,3.4,1.4,6
00-0036973,Travis Etienne,RB,2024,130.2,91.2,15
00-0032393,C.J. Prosise,RB,2020,12.700000000000001,7.7,5
00-0036255,Denzel Mims,WR,2021,21.3,13.3,10
00-0031941,Jamison Crowder,WR,2016,197.5,130.5,16
00-0032417,Paul Perkins,RB,2019,4.8,3.8,3
00-0033576,Eric Saubert,TE,2018,9.8,4.800000000000001,7
00-0034775,Christian Kirk,WR,2018,123.5,80.5,12
00-0034351,Dallas Goedert,TE,2021,180.20000000000002,118.2,16
00-0032245,Sean Mannion,QB,2017,5.2,5.2,5
00-0028040,Jordan Cameron,TE,2015,91.6,56.6,16
00-0023436,Alex Smith,QB,2018,138.0,138.0,10
00-0036194,Devin Asiasi,TE,2022,2.5,0.5,5
00-0037801,KaVontae Turpin,WR,2023,59.7,47.7,17
00-0031068,Ryan Grant,WR,2014,13.799999999999999,6.800000000000001,6
00-0035567,Craig Reynolds,RB,2025,0.4,0.4,5
00-0026213,Jamaal Charles,RB,2014,250.4,210.4,15
00-0029632,Mohamed Sanu,WR,2014,185.36,126.36,17
00-0033594,Chris Carson,RB,2018,207.3,185.3,15
00-0034426,Javon Wims,WR,2018,7.2,3.2,2
00-0036176,Mason Kinsey,WR,2025,6.800000000000001,4.800000000000001,6
00-0032009,Adam Humphries,WR,2019,93.0,52.0,13
00-0036259,Jauan Jennings,WR,2023,83.34,54.34,16
00-0031932,Chandler Worthy,WR,2015,4.4,1.4,3
00-0038559,Michael Wilson,WR,2024,124.5,77.5,16
00-0036972,Mac Jones,QB,2023,106.4,106.4,11
00-0037263,Tyler Allgeier,RB,2025,123.0,109.0,17
00-0039359,Cade Stover,TE,2025,25.400000000000002,10.4,8
00-0040494,Max Brosmer,QB,2025,4.220000000000001,4.220000000000001,7
00-0024217,Reggie Bush,RB,2014,120.7,77.7,12
00-0029683,Ronnie Hillman,RB,2015,168.5,143.5,19
00-0030670,Bennie Fowler,WR,2017,82.0,53.0,16
00-0031484,Chris Manhertz,TE,2019,2.1,1.1,3
00-0033282,Curtis Samuel,WR,2022,176.3,112.3,17
00-0032602,J.D. McKissic,RB,2017,97.30000000000001,63.300000000000004,12
00-0033923,Kareem Hunt,RB,2025,145.4,127.4,17
00-0030433,Mike Gillislee,RB,2015,51.6,45.6,5
00-0034972,Alexander Mattison,RB,2022,89.60000000000001,73.6,18
00-0034383,Dalton Schultz,TE,2018,26.6,13.600000000000001,10
00-0036727,Adam Prentice,RB,2022,4.8,1.8000000000000003,6
00-0028121,Jordan Todman,RB,2016,11.9,11.9,13
00-0036389,Jalen Hurts,QB,2020,109.14,108.14,14
00-0027654,Arrelious Benn,WR,2017,2.2,1.2000000000000002,5
00-0022127,Jason Witten,TE,2016,170.2,95.2,16
00-0035659,Terry McLaurin,WR,2024,322.5,226.5,20
00-0033296,Alex Armah,RB,2018,15.0,14.0,9
00-0029137,Alshon Jeffery,WR,2017,247.8,178.8,19
00-0034771,Mason Rudolph,QB,2021,18.38,18.38,2
00-0035228,Kyler Murray,QB,2025,77.78,77.78,5
00-0031598,Nick Boyle,TE,2016,10.4,4.4,4
00-0023682,Ryan Fitzpatrick,QB,2018,165.84,165.84,8
00-0031418,Austin Seferian-Jenkins,TE,2015,78.8,57.8,7
00-0035289,Gardner Minshew,QB,2023,196.20000000000002,196.20000000000002,16
00-0024466,Marques Colston,WR,2015,121.0,76.0,13
00-0032782,Wendell Smallwood,RB,2016,52.7,46.7,12
00-0028409,DuJuan Harris,RB,2016,35.300000000000004,27.300000000000004,8
00-0031941,Jamison Crowder,WR,2019,197.70000000000002,119.7,16
00-0036727,Adam Prentice,RB,2021,5.1,2.1,5
00-0031806,Malcolm Brown,RB,2018,39.400000000000006,34.400000000000006,11
00-0027966,Mark Ingram,RB,2016,242.20000000000002,196.20000000000002,16
00-0029239,Brandon Bolden,RB,2022,27.3,18.3,13
00-0034829,Mike Gesicki,TE,2019,136.0,85.0,15
00-0030300,Jaron Brown,WR,2018,60.6,46.6,12
00-0035835,Nathan Cottrell,RB,2021,0.30000000000000004,0.30000000000000004,3
00-0032135,Jesse James,TE,2019,30.2,14.200000000000001,13
00-0033895,Gerald Everett,TE,2021,117.8,69.8,15
00-0033857,JuJu Smith-Schuster,WR,2020,268.8,158.8,17
00-0031310,Devin Street,WR,2014,3.8,1.8,5
00-0034054,River Cracraft,WR,2022,31.2,22.2,9
00-0037666,Jalen Tolbert,WR,2022,3.2,1.2000000000000002,3
00-0036244,Colby Parkinson,TE,2020,3.6,1.6,1
00-0033923,Kareem Hunt,RB,2024,183.4,157.4,16
00-0028442,Ricardo Lockette,WR,2014,58.1,41.1,19
00-0031413,Bishop Sankey,RB,2014,96.2,78.2,16
00-0027944,Julio Jones,WR,2015,369.1,233.1,16
00-0036628,John Bates,TE,2021,50.900000000000006,30.900000000000002,12
00-0028249,Jeremy Ross,WR,2015,18.0,9.0,11
00-0029615,Lamar Miller,RB,2014,225.4,187.4,16
00-0031590,Jay Ajayi,RB,2016,222.8,192.8,16
00-0031359,Kelvin Benjamin,WR,2017,134.0,86.0,15
00-0034386,Justin Watson,WR,2020,16.4,9.4,8
00-0031503,Jameis Winston,QB,2023,11.959999999999999,11.959999999999999,6
00-0031299,Jordan Matthews,TE,2014,202.2,135.2,16
00-0036382,K.J. Hill,WR,2021,6.0,3.0,6
00-0037252,Greg Dulcich,TE,2022,86.10000000000001,53.1,10
00-0036842,Kene Nwangwu,RB,2023,1.3,1.3,8
00-0033871,Corey Davis,WR,2021,105.2,71.2,9
00-0031285,Devonta Freeman,RB,2015,316.4,243.4,15
00-0029668,Andrew Luck,QB,2016,307.7,307.7,15
00-0027942,A.J. Green,WR,2021,156.8,102.80000000000001,17
00-0033288,George Kittle,TE,2022,229.3,159.3,18
00-0029391,Sean McGrath,TE,2016,4.5,2.5,9
00-0033040,Tyreek Hill,WR,2022,357.6,231.6,18
00-0033925,D'Onta Foreman,RB,2020,17.0,16.0,5
00-0032054,Breshad Perriman,WR,2016,101.1,68.10000000000001,15
00-0034438,Logan Woodside,QB,2020,1.28,1.28,5
00-0036309,Darnell Mooney,WR,2023,78.9,47.900000000000006,14
00-0031325,Sammy Watkins,WR,2016,83.0,55.0,8
00-0033537,Deshaun Watson,QB,2020,369.32,369.32,16
00-0036407,Jerry Jeudy,WR,2020,157.6,105.60000000000001,16
00-0027994,Shane Vereen,RB,2014,200.3,130.3,19
00-0039163,C.J. Stroud,QB,2025,222.12,222.12,16
00-0032764,Derrick Henry,RB,2021,205.5,187.5,9
00-0026213,Jamaal Charles,RB,2018,3.4,1.4,2
00-0037263,Tyler Allgeier,RB,2022,159.4,143.4,16
00-0036251,Zack Moss,RB,2022,64.5,53.5,13
00-0035710,Daniel Jones,QB,2021,167.52,166.52,11
00-0035243,Miles Sanders,RB,2025,26.700000000000003,18.700000000000003,4
00-0035208,Olamide Zaccheaus,WR,2023,39.900000000000006,28.900000000000002,12
00-0023459,Aaron Rodgers,QB,2025,228.92000000000002,227.92000000000002,17
00-0033293,Aaron Jones,RB,2018,171.4,145.4,12
00-0038627,Antoine Green,WR,2023,1.2,0.2,2
00-0024221,Vernon Davis,TE,2019,28.3,18.3,4
00-0033466,Isaiah McKenzie,WR,2020,110.88,77.88,17
00-0036754,Brock Wright,TE,2023,32.0,18.0,11
00-0033375,Tim Patrick,WR,2021,156.4,103.4,16
00-0036955,Terrace Marshall Jr.,WR,2021,32.800000000000004,15.8,12
00-0038098,Pierre Strong,RB,2024,35.2,21.200000000000003,13
00-0039573,Blake Watson,RB,2024,3.3000000000000003,2.3000000000000003,1
00-0038685,Chris Brooks,RB,2024,45.1,32.1,12
00-0034411,Russell Gage,WR,2022,126.60000000000001,73.60000000000001,14
00-0032268,Marcus Mariota,QB,2017,259.14,258.14,17
00-0027796,Joe Webb,QB,2014,2.6,1.6,5
00-0031800,Taylor Heinicke,QB,2020,36.52,36.52,2
00-0035249,Josh Oliver,TE,2025,55.0,40.0,12
00-0027725,Clay Harbor,TE,2014,60.900000000000006,34.9,10
00-0035140,Mecole Hardman,WR,2021,178.5,111.5,20
00-0035291,Trayveon Williams,RB,2022,8.0,6.0,10
00-0036637,Noah Gray,TE,2024,118.8,74.8,18
00-0027685,Emmanuel Sanders,WR,2015,265.4,173.4,18
00-0032602,J.D. McKissic,RB,2021,127.9,84.9,11
00-0036555,Chuba Hubbard,RB,2023,182.5,143.5,17
00-0029682,Brock Osweiler,QB,2018,67.98,67.98,7
00-0037120,Tyler Goodson,RB,2025,5.2,3.2,10
00-0039041,Elijah Higgins,TE,2025,58.1,28.1,17
00-0030085,Kenny Stills,WR,2016,181.8,134.8,17
00-0034750,Rashaad Penny,RB,2023,4.800000000000001,3.8000000000000003,3
00-0031484,Chris Manhertz,TE,2020,11.200000000000001,5.200000000000001,7
00-0037273,Kyle Philips,WR,2023,33.1,18.1,8
00-0036414,Cam Akers,RB,2020,146.0,132.0,13
00-0033217,Mo Alie-Cox,TE,2019,17.3,9.3,10
00-0028087,Dion Lewis,RB,2016,88.9,66.9,10
00-0027981,Kyle Rudolph,TE,2016,209.0,126.0,16
00-0030565,Geno Smith,QB,2024,266.0,266.0,17
00-0033899,DeShone Kizer,QB,2018,5.380000000000001,5.380000000000001,3
00-0032055,Devin Funchess,WR,2016,86.10000000000001,63.10000000000001,14
00-0027125,Zach Miller,TE,2017,55.6,35.6,8
00-0031818,Bradley Marquez,WR,2016,6.9,3.9000000000000004,9
00-0037132,Britain Covey,WR,2025,4.0,2.0,7
00-0031260,Logan Thomas,TE,2022,77.3,38.300000000000004,13
00-0026035,Danny Amendola,WR,2021,68.8,44.8,8
00-0034279,Equanimeous St. Brown,WR,2022,64.7,43.7,16
00-0037277,Teagan Quitoriano,TE,2022,30.3,23.3,7
00-0033460,John Ross,WR,2024,1.6,0.6000000000000001,1
00-0039894,Xavier Worthy,WR,2025,109.9,67.9,14
00-0038124,Christian Watson,WR,2023,105.3,75.30000000000001,11
00-0038102,Kenny Pickett,QB,2023,110.2,110.2,12
00-0035640,DK Metcalf,WR,2022,262.4,162.4,18
00-0027681,Brandon LaFell,WR,2014,247.5,160.5,19
00-0034366,Keke Coutee,WR,2022,1.0,0.0,7
00-0020531,Drew Brees,QB,2019,233.58,233.58,12
00-0036425,DeeJay Dallas,RB,2023,12.200000000000001,6.2,17
00-0029632,Mohamed Sanu,WR,2015,96.2,60.2,17
00-0033375,Tim Patrick,WR,2024,95.60000000000001,61.6,16
00-0029414,Orson Charles,TE,2017,7.3,5.3,4
00-0036567,Elijah Mitchell,RB,2022,59.4,54.4,7
00-0032394,Nick Vannett,TE,2023,1.3,0.30000000000000004,1
00-0033280,Christian McCaffrey,RB,2019,471.20000000000005,355.2,16
00-0034208,Mike Boone,RB,2018,6.800000000000001,4.800000000000001,6
00-0026937,Brandon Gibson,WR,2014,64.5,35.5,14
00-0030801,Brandon Coleman,WR,2016,72.1,46.1,14
00-0031533,Randall Telfer,TE,2017,6.6,3.6,4
00-0026182,Eddie Royal,WR,2016,87.9,54.9,9
00-0036412,KJ Hamler,WR,2022,25.8,18.8,6
00-0034597,Ryan Nall,RB,2019,0.8,0.8,4
00-0036900,Ja'Marr Chase,WR,2025,313.6,188.6,16
00-0033471,Isaiah Ford,WR,2020,55.6,27.6,9
00-0033292,Trent Taylor,WR,2018,55.50000000000001,29.500000000000004,13
00-0034798,Durham Smythe,TE,2025,9.6,3.6000000000000005,9
00-0030670,Bennie Fowler,WR,2020,3.1,1.1,2
00-0038102,Kenny Pickett,QB,2024,24.439999999999998,24.439999999999998,7
00-0026796,Arian Foster,RB,2016,19.3,13.3,4
00-0036928,Kyle Trask,QB,2022,0.92,0.92,1
00-0033856,Leonard Fournette,RB,2020,218.8,164.8,16
00-0032009,Adam Humphries,WR,2017,128.70000000000002,67.7,16
00-0032156,Trevor Siemian,QB,2023,26.96,26.96,5
00-0037838,Isaiah Likely,TE,2022,91.3,55.3,14
00-0026901,Mike Wallace,WR,2014,212.8,145.8,16
00-0032881,Tommylee Lewis,WR,2016,15.700000000000001,8.700000000000001,12
00-0034279,Equanimeous St. Brown,WR,2023,11.2,6.2,5
00-0033357,Taysom Hill,TE,2025,41.78,30.78,13
00-0032241,Todd Gurley,RB,2015,208.4,187.4,13
00-0035572,Parker Hesse,TE,2021,9.3,4.300000000000001,4
00-0033455,Anthony Firkser,TE,2022,19.0,10.0,8
00-0033111,Pharoh Cooper,WR,2017,26.0,15.0,17
00-0028702,Chris Matthews,WR,2017,5.5,2.5,4
00-0034487,Trent Sherfield,WR,2019,12.000000000000002,8.0,10
00-0034073,Ross Dwelley,TE,2019,36.1,21.1,8
00-0034366,Keke Coutee,WR,2019,52.800000000000004,30.8,8
00-0032951,Laquon Treadwell,WR,2022,10.2,4.2,3
00-0030450,Quinton Patton,WR,2015,75.9,45.900000000000006,16
00-0032780,Jordan Howard,RB,2022,0.1,0.1,1
00-0036290,Cole Kmet,TE,2022,147.29999999999998,97.3,17
00-0036422,Adam Trautman,TE,2023,60.400000000000006,38.4,16
00-0035704,Drew Lock,QB,2019,68.0,68.0,5
00-0037286,Kevin Harris,RB,2022,11.2,11.2,5
00-0035689,Dawson Knox,TE,2023,63.9,39.9,12
00-0033481,Marcus Kemp,WR,2022,2.3,1.3,3
00-0032765,Michael Thomas,WR,2023,89.8,50.800000000000004,10
00-0028097,Lee Smith,TE,2016,8.9,2.9000000000000004,4
00-0030578,Cordarrelle Patterson,RB,2014,95.10000000000001,62.1,16
00-0021547,Antonio Gates,TE,2018,97.9,60.900000000000006,18
00-0031301,Jeremy Hill,RB,2017,17.200000000000003,13.200000000000001,7
00-0034855,Baker Mayfield,QB,2021,180.9,180.9,14
00-0038122,Desmond Ridder,QB,2024,21.92,21.92,5
00-0035480,Malik Taylor,WR,2023,3.3000000000000003,1.3000000000000003,2
00-0038621,DeMario Douglas,WR,2024,147.70000000000002,81.7,16
00-0036370,Joshua Kelley,RB,2020,81.2,58.2,13
00-0036345,K.J. Osborn,WR,2023,120.0,72.0,15
00-0028087,Dion Lewis,RB,2020,59.2,40.2,16
00-0033288,George Kittle,TE,2018,258.7,170.7,16
00-0030564,DeAndre Hopkins,WR,2015,344.0,227.0,17
00-0030525,Tavon Austin,WR,2016,146.8,88.8,15
00-0030520,Mike Glennon,QB,2018,10.96,10.96,2
00-0032980,Marcus Johnson,WR,2019,56.7,39.7,8
00-0032257,Duke Johnson,RB,2017,216.10000000000002,142.1,16
00-0030216,Josh Hill,TE,2014,61.6,47.6,14
00-0020498,Reggie Wayne,WR,2014,154.1,89.1,18
00-0035184,Devine Ozigbo,RB,2020,13.3,4.3,6
00-0032385,Sterling Shepard,WR,2023,22.3,12.3,10
00-0031826,John Crockett,RB,2015,2.1,2.1,2
00-0027265,Victor Cruz,WR,2014,62.7,39.7,6
00-0024243,Marcedes Lewis,TE,2015,38.6,22.6,15
00-0032599,Josh Perkins,TE,2016,13.200000000000001,10.200000000000001,7
00-0033733,Greg Ward,WR,2019,65.60000000000001,34.6,7
00-0022427,Wes Welker,WR,2014,110.4,60.400000000000006,15
00-0036328,Antonio Gibson,RB,2022,165.9,119.9,15
00-0031610,Darren Waller,TE,2025,88.7,64.7,9
00-0027996,Torrey Smith,WR,2014,211.70000000000002,157.70000000000002,17
00-0034614,Godwin Igwebuike,RB,2022,1.7000000000000002,0.7000000000000001,6
00-0033921,Chris Godwin Jr.,WR,2020,236.8,155.8,16
00-0033573,Shelton Gibson,WR,2017,3.1,1.1,3
00-0031549,Nelson Agholor,WR,2018,174.4,106.4,18
00-0032190,Gerald Christian,TE,2016,2.4000000000000004,1.4000000000000001,1
00-0039299,George Holani,RB,2024,1.9,0.9,3
00-0036971,Trevor Lawrence,QB,2025,357.56,357.56,18
00-0034273,Damion Ratley,WR,2020,10.3,6.300000000000001,5
00-0036265,AJ Dillon,RB,2023,117.60000000000001,95.60000000000001,15
00-0026153,Jonathan Stewart,RB,2017,122.30000000000001,114.30000000000001,16
00-0031868,Damiere Byrd,WR,2017,39.7,29.700000000000003,8
00-0030456,Giovani Bernard,RB,2020,158.10000000000002,111.10000000000001,16
00-0025549,Brent Celek,TE,2014,70.0,38.0,16
00-0034869,Sam Darnold,QB,2021,157.28,157.28,12
00-0030155,Demetrius Harris,TE,2014,5.0,2.0,5
00-0032377,Josh Ferguson,RB,2016,35.6,15.600000000000001,15
00-0033725,Corey Clement,RB,2020,21.0,16.0,10
00-0038129,Cade Otton,TE,2024,145.8,84.8,15
00-0038393,Dontayvion Wicks,WR,2024,116.4,75.4,18
00-0035676,A.J. Brown,WR,2022,333.2,232.20000000000002,20
00-0036567,Elijah Mitchell,RB,2023,55.0,49.0,13
00-0030533,Matt Barkley,QB,2020,9.28,9.28,4
00-0029683,Ronnie Hillman,RB,2014,103.10000000000001,82.10000000000001,9
00-0036387,Jalen Reagor,WR,2024,14.7,7.7,7
00-0022803,Eli Manning,QB,2016,237.24,237.24,17
00-0040735,Luther Burden III,WR,2025,140.1,87.10000000000001,17
00-0030549,Tyler Eifert,TE,2016,98.4,69.4,8
00-0036268,Laviska Shenault Jr.,WR,2020,157.1,99.1,14
00-0033594,Chris Carson,RB,2019,232.6,195.6,15
00-0036457,Ty'Son Williams,RB,2021,41.9,32.9,7
00-0032200,Ty Montgomery,WR,2022,10.3,7.3,1
00-0027531,Chris Ivory,RB,2018,74.0,62.0,13
00-0034764,Michael Gallup,WR,2022,121.0,77.0,16
00-0031075,Alfred Blue,RB,2014,103.10000000000001,88.10000000000001,16
00-0030874,Damien Williams,RB,2023,7.5,5.5,3
00-0036133,James Proche,WR,2021,36.2,20.200000000000003,7
00-0034808,John Kelly,RB,2021,1.3,1.3,1
00-0036924,Michael Carter,RB,2021,154.4,118.4,14
00-0032063,Mike Davis,RB,2018,144.0,108.0,16
00-0035291,Trayveon Williams,RB,2020,21.700000000000003,16.700000000000003,6
00-0040189,Oronde Gadsden II,TE,2025,137.4,85.4,16
00-0038092,Erik Ezukanma,WR,2023,2.2,2.2,2
00-0029731,Fozzy Whittaker,RB,2017,17.8,12.8,11
00-0030443,Levine Toilolo,TE,2017,32.4,19.4,12
00-0038544,Quentin Johnston,WR,2025,176.2,122.2,14
00-0036876,Kylen Granson,TE,2022,61.2,30.200000000000003,13
00-0036637,Noah Gray,TE,2021,20.0,11.0,9
00-0029608,T.Y. Hilton,WR,2021,74.10000000000001,51.1,10
00-0024268,Anthony Fasano,TE,2014,71.6,46.6,14
00-0036133,James Proche,WR,2022,12.200000000000001,4.200000000000001,12
00-0035676,A.J. Brown,WR,2023,289.6,183.60000000000002,17
00-0034837,Calvin Ridley,WR,2020,281.5,191.5,15
00-0025549,Brent Celek,TE,2015,84.8,57.8,12
00-0034845,Sony Michel,RB,2021,156.5,132.5,21
00-0031057,Ka'Deem Carey,RB,2014,26.5,21.5,11
00-0038090,Skyy Moore,WR,2025,15.1,10.100000000000001,19
00-0032214,Tyler Kroft,TE,2022,9.700000000000001,5.700000000000001,6
00-0026225,Craig Stevens,TE,2015,36.1,24.1,10
00-0035500,Greg Dortch,WR,2021,6.9,3.9000000000000004,5
00-0035264,Jarrett Stidham,QB,2022,42.64,42.64,3
00-0040198,Ollie Gordon II,RB,2025,54.1,47.1,17
00-0030287,Andre Ellington,RB,2014,177.5,131.5,12
00-0032371,Rob Kelley,RB,2018,0.8,0.8,2
00-0034331,Jaylen Samuels,RB,2018,89.5,63.5,9
00-0035229,T.J. Hockenson,TE,2023,219.0,124.0,15
00-0022127,Jason Witten,TE,2019,139.9,76.9,16
00-0033733,Greg Ward,WR,2020,133.1,80.1,16
00-0031503,Jameis Winston,QB,2021,117.4,117.4,7
00-0032160,Tyrell Williams,WR,2021,3.4000000000000004,1.4000000000000001,1
00-0037666,Jalen Tolbert,WR,2023,60.800000000000004,38.800000000000004,15
00-0032434,Brandon Allen,QB,2019,32.5,32.5,3
00-0034686,Auden Tate,WR,2020,29.0,15.0,8
00-0037238,Drake London,WR,2023,174.38,105.38,16
00-0031228,Taylor Gabriel,WR,2019,90.3,61.300000000000004,9
00-0035215,Deonte Harty,WR,2020,65.7,37.7,11
00-0027656,Rob Gronkowski,TE,2017,283.2,198.20000000000002,16
00-0034177,Tim Boyle,QB,2021,24.34,24.34,4
00-0034270,Tyler Conklin,TE,2018,12.700000000000001,7.700000000000001,4
00-0029137,Alshon Jeffery,WR,2019,122.2,79.2,9
00-0038576,Charlie Jones,WR,2023,20.7,13.7,11
00-0038977,Tank Dell,WR,2024,140.0,89.0,14
00-0027325,LeGarrette Blount,RB,2014,135.0,125.0,18
00-0028237,Chris Hogan,WR,2021,14.1,10.1,5
00-0036223,Jonathan Taylor,RB,2022,146.4,118.4,11
00-0026197,Chad Henne,QB,2020,25.56,25.56,4
00-0031051,John Brown,WR,2022,11.2,10.2,3
00-0030181,Jack Doyle,TE,2021,79.2,50.2,15
00-0039065,Sam LaPorta,TE,2023,283.9,176.9,20
00-0032426,Alex Collins,RB,2017,171.0,148.0,15
00-0032765,Michael Thomas,WR,2018,358.2,217.2,18
00-0026158,Joe Flacco,QB,2023,114.42,114.42,6
00-0035645,Gunner Olszewski,WR,2021,6.0,4.0,17
00-0036613,Jaylen Waddle,WR,2022,267.40000000000003,189.4,18
00-0026224,Harry Douglas,WR,2014,120.60000000000001,69.60000000000001,12
00-0032139,Ben Koyack,TE,2016,41.1,22.1,10
00-0032089,Brian Parker,TE,2018,8.3,3.3,8
00-0036336,Anthony McFarland,RB,2020,22.700000000000003,16.7,11
00-0038120,Breece Hall,RB,2022,115.10000000000001,96.10000000000001,7
00-0036534,Shane Zylstra,TE,2021,6.4,3.4000000000000004,3
00-0028142,Virgil Green,TE,2020,14.0,11.0,5
00-0036250,Tyler Davis,TE,2021,7.5,3.5,8
00-0029615,Lamar Miller,RB,2017,193.5,157.5,16
00-0026267,Jacob Tamme,TE,2015,130.7,71.7,15
00-0035719,Deebo Samuel Sr.,WR,2020,80.7,47.7,7
00-0030737,Freddie Martino,WR,2017,14.600000000000001,9.6,7
00-0035602,Alex Bachman,WR,2025,3.2,1.2000000000000002,11
00-0036429,Charlie Woerner,TE,2025,12.8,4.800000000000001,7
00-0036980,Elijah Moore,WR,2022,88.1,51.1,14
00-0033951,Marlon Mack,RB,2018,206.1,187.1,14
00-0035259,Trevon Wesco,TE,2022,6.6000000000000005,4.6000000000000005,6
00-0036997,Javonte Williams,RB,2024,164.20000000000002,110.20000000000002,18
00-0028064,Bilal Powell,RB,2018,60.3,49.300000000000004,7
00-0039851,Drake Maye,QB,2024,177.14,177.14,13
00-0034164,Trenton Cannon,RB,2020,7.9,4.9,12
00-0036245,Malcolm Perry,RB,2020,24.700000000000003,15.7,9
00-0036165,Isaiah Hodgins,WR,2024,3.2,1.2000000000000002,2
00-0039364,Sione Vaki,RB,2025,0.4,0.4,8
00-0030107,Theo Riddick,RB,2015,179.0,99.0,16
00-0039847,Theo Johnson,TE,2025,127.8,82.8,15
00-0034681,Chase Edmonds,RB,2021,146.1,103.10000000000001,13
00-0030443,Levine Toilolo,TE,2020,9.6,4.6,7
00-0029269,Travis Benjamin,WR,2018,44.8,29.8,14
00-0040522,Xavier Restrepo,WR,2025,7.1,4.1,2
00-0027356,Marlon Moore,WR,2015,21.1,14.1,10
00-0031570,Justin Hardy,WR,2015,40.4,19.400000000000002,9
00-0034829,Mike Gesicki,TE,2020,159.3,106.3,15
00-0034400,Jordan Wilkins,RB,2018,61.00000000000001,45.00000000000001,15
00-0039150,Bryce Young,QB,2023,156.38,156.38,16
00-0038933,Dalton Kincaid,TE,2024,113.9,63.900000000000006,16
00-0039793,AJ Barner,TE,2025,166.20000000000002,108.2,20
00-0035860,Tony Jones,RB,2024,11.5,11.5,1
00-0031428,Allen Robinson,WR,2014,116.80000000000001,68.8,10
00-0035040,David Blough,QB,2021,0.6000000000000001,0.6000000000000001,1
00-0036936,Rondale Moore,WR,2023,105.0,65.0,17
00-0034272,Marquez Valdes-Scantling,WR,2019,85.9,58.900000000000006,16
00-0028012,Ryan Mallett,QB,2015,70.94,70.94,7
00-0034928,Steven Sims,WR,2024,2.9,1.9,11
00-0037240,Jameson Williams,WR,2022,15.100000000000001,14.100000000000001,6
00-0033627,Jason Croom,TE,2018,49.9,27.9,15
00-0025430,Drew Stanton,QB,2017,50.459999999999994,50.459999999999994,5
00-0031345,Jimmy Garoppolo,QB,2014,12.18,12.18,5
00-0028087,Dion Lewis,RB,2019,70.5,43.5,17
00-0036326,Chase Claypool,WR,2020,237.8,170.8,17
00-0034418,Cedrick Wilson Jr.,WR,2019,9.600000000000001,4.6000000000000005,4
00-0036999,Anthony Schwartz,WR,2022,18.8,14.8,7
00-0034577,Kyle Allen,QB,2020,45.0,45.0,4
00-0039376,Spencer Rattler,QB,2025,99.14,98.14,9
00-0035860,Tony Jones,RB,2022,10.4,5.4,3
00-0034857,Josh Allen,QB,2018,206.86,206.86,12
00-0032543,Alex Erickson,WR,2023,45.2,29.200000000000003,8
00-0032104,Ameer Abdullah,RB,2024,125.2,85.2,15
00-0035704,Drew Lock,QB,2024,80.14,80.14,7
00-0033854,Dare Ogunbowale,RB,2021,50.1,37.1,13
00-0032241,Todd Gurley,RB,2018,404.6,341.6,17
00-0036887,Luke Farrell,TE,2025,30.6,18.6,15
00-0021206,Josh McCown,QB,2019,10.02,10.02,3
00-0030669,Albert Wilson,WR,2021,48.0,23.000000000000004,10
00-0024243,Marcedes Lewis,TE,2023,12.899999999999999,8.9,6
00-0035551,Tony Brooks-James,RB,2020,0.4,0.4,1
00-0027996,Torrey Smith,WR,2018,50.0,33.0,8
00-0033921,Chris Godwin Jr.,WR,2022,241.3,127.30000000000001,16
00-0036936,Rondale Moore,WR,2022,87.9,46.9,8
00-0029239,Brandon Bolden,RB,2017,17.1,16.1,12
00-0033885,David Njoku,TE,2020,63.900000000000006,39.9,13
00-0039074,Davis Allen,TE,2025,62.800000000000004,38.800000000000004,15
00-0026957,David Johnson,TE,2016,18.1,10.1,12
00-0033090,Hunter Henry,TE,2022,103.9,62.900000000000006,16
00-0039337,Malik Nabers,WR,2025,57.1,39.1,4
00-0022084,Anquan Boldin,WR,2014,219.6,136.60000000000002,16
00-0021547,Antonio Gates,TE,2016,147.8,94.8,13
00-0035664,Darrell Henderson,RB,2019,22.400000000000002,18.400000000000002,9
00-0037304,Connor Heyward,TE,2024,16.0,10.0,12
00-0038040,Zamir White,RB,2022,7.000000000000001,7.000000000000001,11
00-0032104,Ameer Abdullah,RB,2021,89.5,51.5,17
00-0031001,Jeff Janis,WR,2014,3.6,1.6,1
00-0038108,Bailey Zappe,QB,2022,39.64,38.64,4
00-0037746,Brian Robinson,RB,2022,112.7,103.7,12
00-0031462,Jerome Cunningham,TE,2015,13.899999999999999,5.9,7
00-0036345,K.J. Osborn,WR,2021,158.5,108.5,17
00-0037004,Hunter Long,TE,2024,21.3,13.3,12
00-0031344,Cody Latimer,WR,2016,15.600000000000001,7.6000000000000005,11
00-0038120,Breece Hall,RB,2023,290.5,214.5,17
00-0034753,Mark Andrews,TE,2024,203.4,141.4,19
00-0033937,Amara Darboh,WR,2017,15.1,7.1000000000000005,8
00-0036182,Nick Westbrook-Ikhine,WR,2023,85.0,57.00000000000001,13
00-0031158,George Atkinson,RB,2016,9.4,9.4,9
00-0034400,Jordan Wilkins,RB,2022,14.700000000000001,8.700000000000001,4
00-0026986,Michael Crabtree,WR,2018,150.5,94.5,17
00-0036875,Rhamondre Stevenson,RB,2023,145.70000000000002,107.7,12
00-0033106,Jared Goff,QB,2018,341.0,341.0,19
00-0034788,Jaeden Graham,TE,2020,5.5,2.5000000000000004,8
00-0031941,Jamison Crowder,WR,2015,140.1,78.1,17
00-0034365,Ian Thomas,TE,2018,81.30000000000001,45.300000000000004,10
00-0029701,Ryan Tannehill,QB,2023,80.03999999999999,80.03999999999999,9
00-0024275,Maurice Jones-Drew,RB,2014,27.700000000000003,16.700000000000003,11
00-0034869,Sam Darnold,QB,2019,189.16,189.16,13
00-0034983,Hunter Renfrow,WR,2021,272.9,161.9,18
00-0035631,Drew Sample,TE,2023,50.3,28.3,14
00-0035148,Darwin Thompson,RB,2020,33.2,26.2,5
00-0039384,Tyrone Tracy Jr.,RB,2025,160.8,124.80000000000001,15
00-0035289,Gardner Minshew,QB,2021,33.660000000000004,33.660000000000004,3
00-0034775,Christian Kirk,WR,2022,283.7,184.70000000000002,19
00-0032650,Ryan Malleck,TE,2017,1.3,0.30000000000000004,1
00-0036984,Trey Sermon,RB,2022,1.9000000000000001,1.9000000000000001,1
00-0039266,Kendall Milton,RB,2025,0.2,0.2,1
00-0032298,Bronson Hill,RB,2016,1.1,1.1,1
00-0030422,Dion Sims,TE,2017,39.0,24.0,12
00-0033923,Kareem Hunt,RB,2023,139.0,119.0,16
00-0037157,Bam Knight,RB,2023,3.1,2.1,2
00-0032902,Kenneth Farrow,RB,2016,37.2,24.200000000000003,11
00-0029391,Sean McGrath,TE,2017,8.6,4.6,5
00-0034201,De'Lance Turner,RB,2019,0.6000000000000001,0.6000000000000001,3
00-0036389,Jalen Hurts,QB,2021,328.38,328.38,16
00-0037740,Garrett Wilson,WR,2022,215.7,132.7,17
00-0033879,O.J. Howard,TE,2021,36.5,20.500000000000004,12
00-0031064,Tom Savage,QB,2016,17.64,17.64,3
00-0029623,Alex Tanney,QB,2019,0.04,0.04,1
00-0034317,Keith Kirkwood,WR,2020,2.3,1.3,1
00-0037256,Rachaad White,RB,2025,143.0,103.0,17
00-0028237,Chris Hogan,WR,2014,105.6,64.6,13
00-0033387,Jacob Hollister,TE,2020,65.9,40.9,14
00-0033307,Kendrick Bourne,WR,2021,208.60000000000002,146.60000000000002,18
00-0032951,Laquon Treadwell,WR,2017,40.0,20.0,14
00-0034351,Dallas Goedert,TE,2019,159.0,94.0,16
00-0033925,D'Onta Foreman,RB,2023,91.2,80.2,9
00-0030705,Juwan Thompson,RB,2016,8.6,8.6,5
00-0029675,Trent Richardson,RB,2014,117.8,90.8,15
00-0035703,Miles Boykin,WR,2020,74.6,52.6,16
00-0034365,Ian Thomas,TE,2024,3.7,0.7000000000000001,3
00-0031339,Donte Moncrief,WR,2017,77.1,51.1,12
00-0035891,Cody White,WR,2025,18.0,15.0,8
00-0032268,Marcus Mariota,QB,2025,125.5,125.5,10
00-0031793,Terrell Watson,RB,2017,0.8,0.8,7
00-0037282,James Mitchell,TE,2022,28.3,17.3,8
00-0030470,Vance McDonald,TE,2018,133.0,83.0,15
00-0038994,Jordan Addison,WR,2023,221.3,151.3,17
00-0027061,Jared Cook,TE,2015,87.1,48.1,16
00-0034827,DJ Moore,WR,2020,211.5,145.5,15
00-0040646,Jalen Royals,WR,2025,2.4,0.4,2
00-0039617,Jacob Kibodi,RB,2024,4.9,3.9000000000000004,1
00-0033925,D'Onta Foreman,RB,2021,100.5,91.5,10
00-0031900,Rod Smith,RB,2016,1.4,0.4,4
00-0036438,Stephen Sullivan,TE,2022,6.6000000000000005,4.6,8
00-0031544,Amari Cooper,WR,2017,158.4,110.4,14
00-0036945,Justin Fields,QB,2024,119.14,119.14,11
00-0024242,DeAngelo Williams,RB,2016,123.80000000000001,98.80000000000001,10
00-0038120,Breece Hall,RB,2024,240.9,183.9,16
00-0027874,Demaryius Thomas,WR,2019,85.30000000000001,49.300000000000004,11
00-0037013,Zach Wilson,QB,2023,119.94,119.94,12
00-0030047,Marquess Wilson,WR,2016,31.0,22.0,3
00-0040205,Kalel Mullings,RB,2025,0.7000000000000001,0.7000000000000001,4
00-0040729,Jack Bech,WR,2025,42.4,22.4,14
00-0033699,Austin Ekeler,RB,2023,185.4,134.4,14
00-0035567,Craig Reynolds,RB,2020,1.7000000000000002,0.7000000000000001,1
00-0033911,Taywan Taylor,WR,2018,87.6,50.6,13
00-0021547,Antonio Gates,TE,2015,149.0,93.0,11
00-0030216,Josh Hill,TE,2015,40.0,24.0,14
00-0032935,Johnny Holton,WR,2019,6.0,3.0,12
00-0033536,Mike Williams,WR,2023,50.2,31.200000000000003,3
00-0033528,Jeremy Sprinkle,TE,2017,9.3,7.300000000000001,3
00-0034270,Tyler Conklin,TE,2019,15.3,6.300000000000001,11
00-0033217,Mo Alie-Cox,TE,2020,87.60000000000001,52.6,15
00-0033077,Dak Prescott,QB,2023,373.46000000000004,373.46000000000004,18
00-0032780,Jordan Howard,RB,2016,230.10000000000002,201.10000000000002,15
00-0034772,Antonio Callaway,WR,2018,132.3,89.3,16
00-0032980,Marcus Johnson,WR,2018,22.0,16.0,4
00-0036858,Jalen Camp,WR,2022,1.7000000000000002,0.7000000000000001,1
00-0036096,J.J. Taylor,RB,2021,18.5,14.5,5
00-0031062,James White,RB,2021,31.200000000000003,19.200000000000003,3
00-0029151,Matt Simms,QB,2014,1.76,1.76,1
00-0031682,Terron Ward,RB,2016,17.200000000000003,16.200000000000003,5
00-0031511,DeAndrew White,WR,2019,9.1,5.1000000000000005,8
00-0033293,Aaron Jones,RB,2017,80.0,71.0,10
00-0038040,Zamir White,RB,2023,73.9,58.900000000000006,13
00-0035934,Trishton Jackson,WR,2023,4.9,2.9000000000000004,2
00-0035659,Terry McLaurin,WR,2025,114.2,76.2,10
00-0027069,Chase Coffman,TE,2015,21.1,13.1,3
00-0033879,O.J. Howard,TE,2017,101.2,75.2,13
00-0031057,Ka'Deem Carey,RB,2016,23.1,18.1,11
00-0031387,Eric Ebron,TE,2016,148.5,85.50000000000001,14
00-0033282,Curtis Samuel,WR,2024,89.8,52.800000000000004,17
00-0032398,Chris Moore,WR,2025,38.6,27.6,10
00-0038794,Jaleel McLaughlin,RB,2025,35.8,30.8,10
00-0033455,Anthony Firkser,TE,2020,90.1,49.1,16
00-0032241,Todd Gurley,RB,2016,198.20000000000002,155.20000000000002,16
00-0031344,Cody Latimer,WR,2017,61.7,42.7,11
00-0029534,Cooper Helfet,TE,2015,26.0,13.0,7
00-0038752,Jake Bobo,WR,2023,56.900000000000006,37.9,14
00-0034869,Sam Darnold,QB,2025,283.7,283.7,20
00-0033896,Adam Shaheen,TE,2020,45.0,33.0,13
00-0033916,ArDarius Stewart,WR,2017,16.900000000000002,10.900000000000002,12
00-0030506,Travis Kelce,TE,2015,218.60000000000002,132.6,18
00-0030565,Geno Smith,QB,2015,20.0,20.0,1
00-0033556,Tarik Cohen,RB,2019,163.9,84.9,16
00-0039853,Javon Baker,WR,2024,2.2,1.2000000000000002,6
00-0034970,Irv Smith,TE,2023,33.5,15.5,10
00-0034509,Keith Ford,RB,2018,13.0,10.0,2
00-0032160,Tyrell Williams,WR,2015,17.0,15.0,4
00-0033936,C.J. Beathard,QB,2021,1.52,1.52,2
00-0024297,Derek Hagan,WR,2014,50.4,31.400000000000002,11
00-0035250,Devin Singletary,RB,2024,96.60000000000001,75.60000000000001,15
00-0031484,Chris Manhertz,TE,2021,19.1,13.1,10
00-0030061,Zach Ertz,TE,2020,77.5,41.5,11
00-0034159,Will Dissly,TE,2019,73.9,50.9,6
00-0034854,KhaDarel Hodge,WR,2025,6.1,3.1,8
00-0032319,Ross Travis,TE,2016,4.5,1.5,5
00-0029269,Travis Benjamin,WR,2014,68.5,50.50000000000001,16
00-0032780,Jordan Howard,RB,2020,30.700000000000003,29.700000000000003,7
00-0032245,Sean Mannion,QB,2015,1.24,1.24,1
00-0031062,James White,RB,2018,314.4,207.4,19
00-0035045,D.J. Montgomery,WR,2021,6.6,3.6,2
00-0022803,Eli Manning,QB,2014,269.5,269.5,16
00-0029668,Andrew Luck,QB,2015,130.84,130.84,7
00-0029119,Derek Carrier,TE,2016,3.0,1.0,3
00-0034510,Robert Foster,WR,2020,5.7,3.7,3
00-0025399,Marshawn Lynch,RB,2018,79.0,64.0,6
00-0033258,Darrell Daniels,TE,2020,23.2,15.2,9
00-0035562,Jesper Horsted,TE,2022,4.9,1.9000000000000001,5
00-0029239,Brandon Bolden,RB,2023,11.1,11.1,5
00-0029608,T.Y. Hilton,WR,2019,125.1,80.10000000000001,10
00-0034367,Nyheim Hines,RB,2021,116.60000000000001,76.60000000000001,17
00-0036849,Tutu Atwell,WR,2024,101.7,58.7,16
00-0036862,Ben Skowronek,WR,2025,16.9,12.9,17
00-0033025,Jalen Richard,RB,2021,24.6,11.600000000000001,10
00-0033591,Noah Brown,WR,2018,14.3,7.300000000000001,9
00-0033881,Evan Engram,TE,2018,126.30000000000001,81.30000000000001,11
00-0039386,Bub Means,WR,2024,26.8,17.8,4
00-0037524,Tay Martin,WR,2025,4.300000000000001,2.3000000000000003,2
00-0029159,Jermaine Kearse,WR,2015,186.3,123.30000000000001,18
00-0031102,Kapri Bibbs,RB,2016,28.400000000000002,26.4,9
00-0035313,Terry Godwin,WR,2020,6.5,3.5,2
00-0036929,Ian Book,QB,2021,2.0000000000000004,2.0000000000000004,1
00-0028702,Chris Matthews,WR,2015,34.1,21.1,12
00-0032112,J.J. Nelson,WR,2015,61.2,47.2,12
00-0036919,Kenneth Gainwell,RB,2025,229.9,152.9,18
00-0035273,Qadree Ollison,RB,2020,0.30000000000000004,0.30000000000000004,1
00-0037755,Jelani Woods,TE,2022,74.2,49.2,12
00-0029708,Kendall Wright,WR,2015,96.5,60.50000000000001,10
00-0031319,Diontae Spencer,WR,2019,7.700000000000001,1.7000000000000004,16
00-0032794,Danny Vitale,RB,2019,17.0,10.0,13
00-0032741,Peyton Barber,RB,2020,55.0,51.0,15
00-0023645,Derek Anderson,QB,2018,6.5,6.5,2
00-0031408,Mike Evans,WR,2025,84.80000000000001,54.800000000000004,8
00-0034844,Saquon Barkley,RB,2023,223.20000000000002,182.20000000000002,14
00-0040138,Jaylin Noel,WR,2025,68.4,42.4,19
00-0029492,Jamize Olawale,RB,2017,19.6,13.6,7
00-0034532,Jordan Franks,TE,2018,5.7,3.7,4
00-0029795,Benny Cunningham,RB,2014,126.80000000000001,81.80000000000001,16
00-0036228,Dezmon Patmon,WR,2022,4.4,2.4000000000000004,1
00-0022787,Matt Schaub,QB,2015,26.6,26.6,2
00-0029394,Brenton Bersin,WR,2017,25.5,15.5,7
00-0031408,Mike Evans,WR,2022,240.8,157.8,16
00-0030049,Chris Gragg,TE,2015,27.0,15.0,7
00-0033699,Austin Ekeler,RB,2020,165.3,111.30000000000001,10
00-0037005,Tommy Tremble,TE,2025,69.10000000000001,39.1,16
00-0036555,Chuba Hubbard,RB,2021,137.6,112.6,16
00-0026345,Pierre Garcon,WR,2015,197.70000000000002,120.7,17
00-0032430,David Morgan,TE,2016,1.4,0.4,2
00-0023682,Ryan Fitzpatrick,QB,2017,73.92,73.92,6
00-0025637,Ahmad Bradshaw,RB,2015,42.9,32.9,6
00-0034487,Trent Sherfield,WR,2022,83.7,53.7,17
00-0037525,Jordan Mason,RB,2024,115.0,104.0,12
00-0037086,Grant Calcaterra,TE,2023,7.8999999999999995,3.9000000000000004,3
00-0039424,Devaughn Vele,WR,2025,66.3,41.3,9
00-0031941,Jamison Crowder,WR,2018,82.80000000000001,53.800000000000004,9
00-0027793,Antonio Brown,WR,2018,323.7,219.7,15
00-0029701,Ryan Tannehill,QB,2014,279.5,278.5,16
00-0028411,Dontrelle Inman,WR,2016,163.0,105.0,16
00-0036423,Albert Okwuegbunam,TE,2022,25.5,15.5,6
00-0034440,Justin Jackson,RB,2019,31.200000000000003,22.200000000000003,7
00-0030549,Tyler Eifert,TE,2014,6.7,3.7,1
00-0035100,Jake Browning,QB,2023,144.44,143.44,9
00-0035752,Chris Streveler,QB,2021,2.04,2.04,2
00-0033943,Josh Reynolds,WR,2024,38.4,25.400000000000002,8
00-0033932,Kenny Golladay,WR,2020,65.8,45.8,5
00-0035631,Drew Sample,TE,2024,36.5,16.5,11
00-0030107,Theo Riddick,RB,2014,102.6,64.6,14
00-0035537,Ty Johnson,RB,2021,117.00000000000001,83.0,15
00-0037382,Brandon Johnson,WR,2022,16.2,10.2,5
00-0038951,Sean Tucker,RB,2024,68.7,59.7,17
00-0031118,Corey Brown,WR,2014,89.2,63.2,15
00-0035013,Jon Hilliman,RB,2019,8.200000000000001,5.200000000000001,3
00-0027942,A.J. Green,WR,2016,186.4,120.4,10
00-0028064,Bilal Powell,RB,2015,135.1,88.1,11
00-0028112,Charles Clay,TE,2016,136.2,79.2,15
00-0031897,Thomas Rawls,RB,2015,127.60000000000001,118.60000000000001,12
00-0034309,Chad Beebe,WR,2020,52.1,32.1,12
00-0026189,DeSean Jackson,WR,2014,209.60000000000002,153.60000000000002,15
00-0034208,Mike Boone,RB,2022,28.800000000000004,19.8,8
00-0033881,Evan Engram,TE,2017,173.6,109.60000000000001,15
00-0033118,Kenyan Drake,RB,2019,214.20000000000002,164.2,14
00-0032951,Laquon Treadwell,WR,2021,82.4,49.400000000000006,12
00-0035864,Kendall Hinton,WR,2021,38.54,23.540000000000003,11
00-0035350,Preston Williams,WR,2019,90.80000000000001,58.800000000000004,8
00-0028118,Tyrod Taylor,QB,2021,81.74,81.74,6
00-0036020,Salvon Ahmed,RB,2022,22.0,18.0,7
00-0032062,Blake Bell,TE,2015,33.6,18.6,9
00-0034613,Tanner Hudson,TE,2024,38.5,19.5,9
00-0032377,Josh Ferguson,RB,2019,0.9,0.9,1
00-0031285,Devonta Freeman,RB,2019,197.6,138.6,14
00-0028093,Niles Paul,TE,2017,22.8,9.8,11
00-0036309,Darnell Mooney,WR,2021,219.70000000000002,138.70000000000002,17
00-0027061,Jared Cook,TE,2021,132.4,84.4,16
00-0031023,Quincy Enunwa,WR,2016,168.9,110.9,16
00-0022942,Philip Rivers,QB,2015,284.48,284.48,16
00-0032392,Austin Hooper,TE,2025,64.7,40.7,16
00-0034052,Brandon Zylstra,WR,2018,3.3000000000000003,2.3000000000000003,5
00-0031381,Davante Adams,WR,2022,335.5,235.5,17
00-0029878,MarQueis Gray,TE,2017,3.4,2.4000000000000004,7
00-0027902,Dez Bryant,WR,2014,330.6,236.6,18
00-0033951,Marlon Mack,RB,2021,12.9,10.9,5
00-0034686,Auden Tate,WR,2018,7.5,3.5,5
00-0023682,Ryan Fitzpatrick,QB,2016,133.4,133.4,14
00-0037382,Brandon Johnson,WR,2023,73.4,54.400000000000006,10
00-0032980,Marcus Johnson,WR,2022,21.6,11.600000000000001,10
00-0027718,Garrett Graham,TE,2015,13.0,9.0,8
00-0028984,Brian Tyms,WR,2014,19.200000000000003,14.200000000000001,5
00-0037132,Britain Covey,WR,2024,10.4,3.4000000000000004,5
00-0032139,Ben Koyack,TE,2019,1.9,0.9,3
00-0027891,Golden Tate,WR,2015,209.4,119.4,16
00-0027061,Jared Cook,TE,2020,141.2,95.2,17
00-0034775,Christian Kirk,WR,2021,218.72,135.72,18
00-0036297,Darrynton Evans,RB,2023,30.0,23.0,6
00-0036355,Justin Herbert,QB,2024,291.08,291.08,18
00-0029441,Jeremy Stewart,RB,2014,2.2,2.2,5
00-0036527,DJ Turner,WR,2022,2.6,2.6,5
00-0033338,Cethan Carter,TE,2021,3.6,1.6,8
00-0033537,Deshaun Watson,QB,2017,168.86,168.86,7
00-0023496,Vincent Jackson,WR,2014,180.2,110.2,16
00-0037809,Chig Okonkwo,TE,2024,113.60000000000001,61.6,16
00-0036265,AJ Dillon,RB,2020,47.0,44.0,11
00-0034132,Christian Blake,WR,2021,6.5,2.5,9
00-0030520,Mike Glennon,QB,2021,30.9,30.9,6
00-0033893,Dalvin Cook,RB,2019,329.0,267.0,16
00-0022943,Benjamin Watson,TE,2018,89.2,53.2,14
00-0026995,Jeremy Maclin,WR,2015,253.4,161.4,17
00-0038046,Charlie Kolar,TE,2025,36.2,26.2,13
00-0039410,Ryan Flournoy,WR,2024,18.200000000000003,8.200000000000001,9
00-0027061,Jared Cook,TE,2014,133.4,81.4,16
00-0031025,Michael Campanaro,WR,2015,16.2,11.2,4
00-0037197,Isiah Pacheco,RB,2023,279.2,223.2,18
00-0026983,Darrius Heyward-Bey,WR,2016,43.4,36.4,10
00-0033434,Bobo Wilson,WR,2017,9.600000000000001,8.6,3
00-0033060,Leonte Carroo,WR,2016,11.9,8.9,5
00-0033045,Ezekiel Elliott,RB,2018,370.6,287.6,17
00-0035510,Jeff Smith,WR,2019,2.2,1.2000000000000002,1
00-0034614,Godwin Igwebuike,RB,2021,26.800000000000004,19.800000000000004,15
00-0032780,Jordan Howard,RB,2017,199.70000000000002,176.70000000000002,16
00-0036924,Michael Carter,RB,2024,35.8,24.8,3
00-0036328,Antonio Gibson,RB,2023,127.4,79.4,16
00-0026189,DeSean Jackson,WR,2016,180.5,124.50000000000001,15
00-0034838,Royce Freeman,RB,2018,101.30000000000001,87.30000000000001,14
00-0035631,Drew Sample,TE,2025,31.9,16.900000000000002,12
00-0032112,J.J. Nelson,WR,2019,13.6,9.6,1
00-0033319,Nick Mullens,QB,2024,1.32,1.32,4
00-0023921,Miles Austin,WR,2014,115.8,68.80000000000001,12
00-0031209,Senorise Perry,RB,2017,4.300000000000001,3.3000000000000003,8
00-0038389,Israel Abanikanda,RB,2023,18.3,11.3,6
00-0032054,Breshad Perriman,WR,2021,34.900000000000006,22.900000000000002,6
00-0030404,Chris Thompson,RB,2014,15.9,9.9,2
00-0030431,Robert Woods,WR,2018,300.90000000000003,197.9,19
00-0031118,Corey Brown,WR,2016,61.2,34.2,16
00-0034676,James Washington,WR,2018,43.7,27.700000000000003,12
00-0030431,Robert Woods,WR,2021,137.2,92.2,9
00-0036626,Dyami Brown,WR,2021,28.1,16.1,10
00-0024268,Anthony Fasano,TE,2015,66.9,40.900000000000006,14
00-0029000,Cole Beasley,WR,2022,27.3,16.3,6
00-0040172,Jordan Watkins,WR,2025,4.6000000000000005,2.6,2
00-0026143,Matt Ryan,QB,2022,155.28,155.28,12
00-0039824,Jared Wiley,TE,2024,1.7000000000000002,0.7000000000000001,1
00-0029534,Cooper Helfet,TE,2014,42.5,30.5,9
00-0034297,Byron Pringle,WR,2021,167.0,113.0,19
00-0036360,Clyde Edwards-Helaire,RB,2020,194.4,155.4,15
00-0033110,Tyler Higbee,TE,2019,160.4,91.4,14
00-0030496,Le'Veon Bell,RB,2017,379.90000000000003,284.90000000000003,16
00-0038454,Keaton Mitchell,RB,2023,69.9,60.9,7
00-0039379,Jamari Thrash,WR,2024,5.2,2.2,6
00-0030564,DeAndre Hopkins,WR,2024,160.9,101.9,19
00-0037614,John Metchie III,WR,2024,65.7,35.7,12
00-0032009,Adam Humphries,WR,2015,59.0,32.0,11
00-0027944,Julio Jones,WR,2019,274.1,175.10000000000002,15
00-0036972,Mac Jones,QB,2024,96.08,96.08,10
00-0026855,Antone Smith,RB,2016,16.4,10.4,3
00-0034258,Derrick Willies,WR,2018,9.100000000000001,6.1000000000000005,1
00-0033948,Jamaal Williams,RB,2017,142.8,117.80000000000001,15
00-0026158,Joe Flacco,QB,2017,185.04,185.04,16
00-0033118,Kenyan Drake,RB,2021,102.5,72.5,12
00-0038619,Andrei Iosivas,WR,2025,89.9,56.900000000000006,15
00-0030047,Marquess Wilson,WR,2015,80.4,52.400000000000006,11
00-0033295,Elijah McGuire,RB,2017,78.2,61.2,15
00-0032241,Todd Gurley,RB,2019,219.4,188.4,15
00-0033296,Alex Armah,RB,2021,9.2,8.2,9
00-0030874,Damien Williams,RB,2017,59.6,39.6,10
00-0030061,Zach Ertz,TE,2016,183.60000000000002,105.6,14
00-0031008,Silas Redd,RB,2014,32.2,24.200000000000003,9
00-0038542,Bijan Robinson,RB,2024,341.7,280.7,17
00-0027996,Torrey Smith,WR,2016,64.7,44.7,12
00-0033591,Noah Brown,WR,2025,13.3,8.3,4
00-0036182,Nick Westbrook-Ikhine,WR,2022,82.7,57.7,16
00-0036264,Jordan Love,QB,2023,355.9,355.9,19
00-0033357,Taysom Hill,TE,2024,102.34,79.34,8
00-0028958,Cory Harkey,TE,2014,21.5,13.5,11
00-0031599,Cameron Artis-Payne,RB,2017,16.700000000000003,15.700000000000001,8
00-0035414,Jalen Guyton,WR,2021,97.2,66.2,16
00-0029615,Lamar Miller,RB,2018,188.70000000000002,155.70000000000002,15
00-0010346,Peyton Manning,QB,2015,119.92,119.92,13
00-0030874,Damien Williams,RB,2018,157.6,124.6,15
00-0036425,DeeJay Dallas,RB,2021,60.1,39.1,17
00-0028063,Taiwan Jones,RB,2017,2.1,1.1,5
00-0033357,Taysom Hill,TE,2018,41.56,37.56,17
00-0027595,Bryan Walters,WR,2016,59.5,35.5,10
00-0032972,Devontae Booker,RB,2021,144.10000000000002,104.10000000000001,16
00-0029793,Brandon Williams,TE,2016,5.6,3.6,7
00-0036635,Ihmir Smith-Marsette,WR,2024,6.0,6.0,15
00-0027942,A.J. Green,WR,2014,205.3,136.3,12
00-0033951,Marlon Mack,RB,2020,8.600000000000001,5.6000000000000005,1
00-0032141,Geoff Swaim,TE,2021,70.0,39.0,16
00-0033375,Tim Patrick,WR,2020,161.20000000000002,110.2,15
00-0027973,Andy Dalton,QB,2025,9.52,9.52,4
00-0037816,Romeo Doubs,WR,2024,135.4,87.39999999999999,14
00-0035126,Antoine Wesley,WR,2021,59.800000000000004,40.800000000000004,9
00-0027135,Brandon Myers,TE,2016,20.9,13.9,10
00-0022864,Luke McCown,QB,2015,11.4,11.4,2
00-0033572,Jamal Agnew,WR,2021,82.0,58.0,10
00-0037240,Jameson Williams,WR,2023,110.4,80.4,15
00-0026498,Matthew Stafford,QB,2019,166.56,166.56,8
00-0038647,Ronnie Bell,WR,2024,4.2,2.2,4
00-0036945,Justin Fields,QB,2022,295.98,295.98,15
00-0029263,Russell Wilson,QB,2024,192.18,192.18,12
00-0030536,Zac Stacy,RB,2015,30.400000000000002,21.4,7
00-0032775,Demarcus Robinson,WR,2022,116.7,66.7,17
00-0037382,Brandon Johnson,WR,2024,1.9,0.9,1
00-0034184,Gus Edwards,RB,2022,65.5,64.5,10
00-0034115,Jeff Wilson,RB,2019,49.900000000000006,45.900000000000006,9
00-0027732,Michael Hoomanawanui,TE,2014,18.700000000000003,9.700000000000001,10
00-0038551,Kendre Miller,RB,2025,33.3,28.3,7
00-0034433,Nick Bawden,RB,2021,3.0,2.0,1
00-0028202,Shaun Draughn,RB,2015,77.9,50.9,11
00-0030279,Keenan Allen,WR,2024,184.4,114.4,15
00-0036876,Kylen Granson,TE,2025,11.0,4.0,12
00-0028002,Randall Cobb,WR,2018,86.30000000000001,48.300000000000004,9
00-0035140,Mecole Hardman,WR,2025,7.4,6.4,3
00-0025396,Ted Ginn,WR,2015,211.8,161.8,18
00-0034796,Lamar Jackson,QB,2022,236.08,236.08,12
00-0037745,Velus Jones Jr.,RB,2022,38.0,31.0,11
00-0031868,Damiere Byrd,WR,2022,51.8,38.8,12
00-0034750,Rashaad Penny,RB,2018,73.3,64.3,14
00-0036322,Justin Jefferson,WR,2023,202.2,134.2,10
00-0035876,Andre Baccellia,WR,2022,11.5,4.5,5
00-0037838,Isaiah Likely,TE,2024,149.3,100.30000000000001,17
00-0036626,Dyami Brown,WR,2025,49.7,29.700000000000003,11
00-0030874,Damien Williams,RB,2016,102.2,78.2,16
00-0029384,Bobby Rainey,RB,2016,43.4,22.400000000000002,12
00-0038104,Tyquan Thornton,WR,2024,8.7,4.7,4
00-0034521,Allen Lazard,WR,2022,174.8,114.80000000000001,15
00-0022811,Jerricho Cotchery,WR,2014,124.4,70.4,17
00-0029141,Alfred Morris,RB,2016,40.400000000000006,37.400000000000006,14
00-0032392,Austin Hooper,TE,2023,48.400000000000006,23.400000000000002,16
00-0038752,Jake Bobo,WR,2025,15.3,11.3,8
00-0032659,Roger Lewis,WR,2016,28.700000000000003,21.7,11
00-0030514,Mychal Rivera,TE,2015,66.0,34.0,15
00-0033280,Christian McCaffrey,RB,2021,127.5,90.5,7
00-0026197,Chad Henne,QB,2021,3.2800000000000002,3.2800000000000002,4
00-0040134,Pat Bryant,WR,2025,82.3,47.300000000000004,15
00-0035222,Zach Gentry,TE,2019,1.4,0.4,2
00-0024264,Kellen Clemens,QB,2015,6.42,6.42,2
00-0037614,John Metchie III,WR,2025,71.9,38.900000000000006,13
00-0035577,Devlin Hodges,QB,2019,51.32,51.32,8
00-0030431,Robert Woods,WR,2017,186.5,121.5,13
00-0036970,Kyle Pitts,TE,2025,210.8,122.8,17
00-0027948,Blaine Gabbert,QB,2017,61.64,61.64,5
00-0036365,Bryan Edwards,WR,2021,116.2,79.2,17
00-0024313,Owen Daniels,TE,2014,149.8,93.80000000000001,17
00-0034109,Phillip Lindsay,RB,2020,66.0,59.0,11
00-0029000,Cole Beasley,WR,2021,174.2,85.2,18
00-0027061,Jared Cook,TE,2018,193.6,125.6,16
00-0031407,Blake Bortles,QB,2016,271.1,270.1,16
00-0036252,Michael Pittman,WR,2025,202.4,122.4,17
00-0037429,Raheem Blackshear,RB,2023,17.1,11.100000000000001,9
00-0031209,Senorise Perry,RB,2020,0.9,0.9,4
00-0034679,Mark Walton,RB,2019,42.0,27.000000000000004,7
00-0025418,Greg Olsen,TE,2014,237.3,146.3,18
00-0032135,Jesse James,TE,2016,115.5,65.5,19
00-0030524,Landry Jones,QB,2015,20.46,20.46,8
00-0035912,Levante Bellamy,RB,2020,2.6,1.6,4
00-0028237,Chris Hogan,WR,2019,14.700000000000001,6.700000000000001,7
00-0024226,Jay Cutler,QB,2015,226.46,226.46,15
00-0034631,Vyncint Smith,WR,2019,50.7,33.7,13
00-0031598,Nick Boyle,TE,2015,35.3,17.3,9
00-0030282,Stepfan Taylor,RB,2014,66.2,55.2,13
00-0035567,Craig Reynolds,RB,2022,30.8,21.8,6
00-0030274,Myles White,WR,2015,21.8,14.8,10
00-0026158,Joe Flacco,QB,2024,99.04,99.04,7
00-0035710,Daniel Jones,QB,2024,135.3,135.3,10
00-0028263,Andre Holmes,WR,2014,140.3,93.30000000000001,16
00-0036630,Tylan Wallace,WR,2024,43.1,30.1,14
00-0032128,Chris Conley,WR,2017,28.5,17.5,5
00-0026176,Jordy Nelson,WR,2018,156.70000000000002,93.7,15
00-0026898,Mark Sanchez,QB,2015,32.839999999999996,32.839999999999996,3
00-0031687,Raheem Mostert,RB,2019,234.60000000000002,217.60000000000002,19
00-0035243,Miles Sanders,RB,2022,244.8,223.8,20
00-0032739,Wendall Williams,WR,2016,11.5,7.500000000000001,2
00-0033951,Marlon Mack,RB,2017,103.30000000000001,82.30000000000001,14
00-0025418,Greg Olsen,TE,2020,53.900000000000006,29.900000000000002,11
00-0034270,Tyler Conklin,TE,2020,44.4,25.4,9
00-0038563,Tre Tucker,WR,2024,129.3,82.30000000000001,17
00-0036626,Dyami Brown,WR,2024,108.3,64.3,18
00-0027966,Mark Ingram,RB,2015,203.4,153.4,12
00-0032141,Geoff Swaim,TE,2023,19.4,9.4,8
00-0031569,Jeremy Langford,RB,2018,2.5,2.5,1
00-0025389,Calvin Johnson,WR,2015,261.4,173.4,16
00-0035181,Darrius Shepherd,WR,2019,1.1,0.1,6
00-0030856,Tony Washington,WR,2016,1.9,0.9,1
00-0035215,Deonte Harty,WR,2021,115.1,79.1,13
00-0030290,Cobi Hamilton,WR,2017,1.8,0.8,2
00-0033856,Leonard Fournette,RB,2019,259.4,183.4,15
00-0035250,Devin Singletary,RB,2023,195.34,157.34,19
00-0032009,Adam Humphries,WR,2016,133.0,78.0,15
00-0030155,Demetrius Harris,TE,2016,37.3,20.3,15
00-0031951,James O'Shaughnessy,TE,2021,50.4,26.400000000000002,7
00-0027890,Ben Tate,RB,2014,80.9,69.9,12
00-0035726,Jakob Johnson,RB,2022,6.0,1.0,11
00-0032393,C.J. Prosise,RB,2019,28.8,18.8,8
00-0035146,Trace McSorley,QB,2019,0.1,0.1,1
00-0036020,Salvon Ahmed,RB,2021,38.6,26.6,11
00-0029604,Kirk Cousins,QB,2023,149.74,149.74,8
00-0031166,Seth Roberts,WR,2018,106.9,61.9,15
00-0034286,Richie James,WR,2018,34.0,25.0,12
00-0035184,Devine Ozigbo,RB,2019,8.0,5.0,3
00-0023459,Aaron Rodgers,QB,2019,312.54,312.54,18
00-0032055,Devin Funchess,WR,2019,6.2,3.2,1
00-0030578,Cordarrelle Patterson,RB,2016,119.60000000000001,67.60000000000001,16
00-0028841,Will Johnson,RB,2015,12.3,10.3,8
00-0036290,Cole Kmet,TE,2023,181.1,108.10000000000001,16
00-0030035,Adam Thielen,WR,2018,307.3,194.3,16
00-0035956,Giovanni Ricci,TE,2022,18.0,10.0,11
00-0034177,Tim Boyle,QB,2024,13.940000000000001,13.940000000000001,3
00-0029701,Ryan Tannehill,QB,2021,276.36,276.36,18
00-0036626,Dyami Brown,WR,2022,32.800000000000004,27.8,9
00-0034777,DJ Chark,WR,2023,115.5,80.5,14
00-0029604,Kirk Cousins,QB,2021,300.34000000000003,300.34000000000003,16
00-0036259,Jauan Jennings,WR,2025,188.26,130.26000000000002,17
00-0033127,Will Fuller,WR,2018,106.30000000000001,74.30000000000001,7
00-0028063,Taiwan Jones,RB,2016,7.5,3.5,11
00-0029795,Benny Cunningham,RB,2018,4.1,3.1,10
00-0031731,Corey Grant,RB,2018,19.700000000000003,10.700000000000001,5
00-0023459,Aaron Rodgers,QB,2014,384.7,384.7,18
00-0030670,Bennie Fowler,WR,2019,46.3,23.3,8
00-0024240,Santonio Holmes,WR,2014,14.7,6.7,7
00-0030391,Mike James,RB,2014,4.2,3.2,5
00-0030874,Damien Williams,RB,2014,57.900000000000006,36.900000000000006,15
00-0032630,Joe Callahan,QB,2017,0.44,0.44,1
00-0031243,Storm Johnson,RB,2014,21.2,20.2,5
00-0039032,Tyjae Spears,RB,2023,153.8,101.80000000000001,17
00-0036973,Travis Etienne,RB,2023,282.4,224.4,17
00-0033282,Curtis Samuel,WR,2017,32.9,17.9,8
00-0026367,Peyton Hillis,RB,2014,30.2,20.2,8
00-0032250,Kasen Williams,WR,2015,2.3,1.3,2
00-0020245,Mike Vick,QB,2014,43.46,43.46,9
00-0033958,Nathan Peterman,QB,2018,12.84,12.84,4
00-0034412,Luke Falk,QB,2019,8.64,8.64,3
00-0026153,Jonathan Stewart,RB,2015,207.5,187.5,16
00-0029608,T.Y. Hilton,WR,2022,25.9,15.9,5
00-0030532,Stedman Bailey,WR,2014,86.8,56.800000000000004,13
00-0036407,Jerry Jeudy,WR,2023,141.8,87.80000000000001,16
00-0036893,Najee Harris,RB,2023,202.70000000000002,171.70000000000002,18
00-0033387,Jacob Hollister,TE,2021,20.5,11.5,7
00-0029159,Jermaine Kearse,WR,2016,103.2,59.2,18
00-0036959,Michael Bandy,WR,2025,15.0,11.0,4
00-0035597,John Ursua,WR,2019,2.1,1.1,1
00-0036626,Dyami Brown,WR,2023,34.96,22.96,16
00-0035685,David Montgomery,RB,2023,248.0,226.0,17
00-0032104,Ameer Abdullah,RB,2023,41.0,22.0,16
00-0030780,Ryan Hewitt,TE,2015,17.9,9.9,9
00-0034955,Brett Rypien,QB,2020,11.3,11.3,2
00-0036988,Josh Palmer,WR,2025,52.300000000000004,30.3,12
00-0026224,Harry Douglas,WR,2015,88.5,52.5,14
00-0036463,Chris Blair,WR,2024,2.7,1.7000000000000002,2
00-0039847,Theo Johnson,TE,2024,68.1,39.1,11
00-0030035,Adam Thielen,WR,2019,142.6,100.60000000000001,12
00-0033308,Matt Breida,RB,2020,42.0,33.0,10
00-0039912,Ben Sinnott,TE,2025,28.4,17.400000000000002,9
00-0028097,Lee Smith,TE,2019,14.9,9.9,9
00-0029384,Bobby Rainey,RB,2015,6.4,3.4000000000000004,15
00-0033090,Hunter Henry,TE,2019,150.2,95.2,12
00-0034653,Deontay Burnett,WR,2020,4.9,1.9000000000000001,1
00-0035535,Darius Slayton,WR,2023,151.0,101.0,17
00-0038821,Rakim Jarrett,WR,2024,21.400000000000002,12.4,8
00-0027696,Jimmy Graham,TE,2023,33.9,27.9,6
00-0035715,Derrick Gore,RB,2023,2.6000000000000005,2.6000000000000005,3
00-0039798,Isaiah Davis,RB,2025,71.2,50.2,16
00-0028086,Denarius Moore,WR,2014,23.6,11.600000000000001,10
00-0036244,Colby Parkinson,TE,2022,73.60000000000001,45.6,15
00-0031531,Trey Williams,RB,2015,1.2000000000000002,1.2000000000000002,1
00-0028905,Chris Owusu,WR,2014,28.1,22.1,6
00-0029319,Josh Bellamy,WR,2015,53.4,34.400000000000006,14
00-0035700,Josh Jacobs,RB,2021,242.70000000000002,184.70000000000002,16
00-0036355,Justin Herbert,QB,2025,296.94,296.94,17
00-0036297,Darrynton Evans,RB,2020,16.2,14.2,6
00-0026901,Mike Wallace,WR,2017,151.20000000000002,99.2,15
00-0034777,DJ Chark,WR,2019,225.8,152.8,15
00-0027874,Demaryius Thomas,WR,2017,205.9,122.9,16
00-0036919,Kenneth Gainwell,RB,2021,139.9,101.9,17
00-0032543,Alex Erickson,WR,2018,38.900000000000006,18.900000000000002,16
00-0034830,Hayden Hurst,TE,2018,35.3,22.3,10
00-0036277,Quintez Cephus,WR,2020,66.9,46.900000000000006,12
00-0031345,Jimmy Garoppolo,QB,2018,48.019999999999996,48.019999999999996,3
00-0038045,Isaiah Spiller,RB,2023,19.0,13.0,9
00-0029848,Nick Williams,WR,2018,3.7,1.7000000000000002,4
00-0026996,Brandon Pettigrew,TE,2014,19.1,8.100000000000001,10
00-0028987,Phillip Supernaw,TE,2016,10.2,6.2,7
00-0027944,Julio Jones,WR,2018,325.90000000000003,212.9,16
00-0034353,Anthony Miller,WR,2019,127.5,75.5,16
00-0037077,Sam Howell,QB,2023,257.54,256.54,17
00-0026988,Knowshon Moreno,RB,2014,22.599999999999998,21.599999999999998,3
00-0031395,Garrett Gilbert,QB,2020,14.520000000000001,14.520000000000001,1
00-0035664,Darrell Henderson,RB,2022,73.5,56.5,10
00-0027681,Brandon LaFell,WR,2017,124.80000000000001,72.8,16
00-0040218,Jimmy Horn Jr.,WR,2025,28.7,17.7,11
00-0027029,LeSean McCoy,RB,2020,28.2,13.200000000000001,8
00-0032141,Geoff Swaim,TE,2019,19.5,6.500000000000001,6
00-0035140,Mecole Hardman,WR,2020,156.1,107.10000000000001,19
00-0027150,Julian Edelman,WR,2020,56.22,35.220000000000006,6
00-0027685,Emmanuel Sanders,WR,2016,212.6,133.6,15
00-0038994,Jordan Addison,WR,2025,135.1,93.10000000000001,14
00-0031237,Teddy Bridgewater,QB,2020,241.22,241.22,15
00-0035703,Miles Boykin,WR,2022,3.1,1.1,10
00-0034777,DJ Chark,WR,2018,29.400000000000002,15.400000000000002,11
00-0030061,Zach Ertz,TE,2018,300.5,174.5,18
00-0032152,Karlos Williams,RB,2015,124.3,113.3,11
00-0034855,Baker Mayfield,QB,2019,229.18,229.18,16
00-0032371,Rob Kelley,RB,2016,132.6,120.60000000000001,14
00-0035500,Greg Dortch,WR,2022,115.1,63.1,16
00-0036158,J.K. Dobbins,RB,2025,115.9,104.9,10
00-0035603,Kendall Blanton,TE,2021,28.2,17.2,7
00-0033090,Hunter Henry,TE,2016,129.8,93.8,13
00-0033460,John Ross,WR,2021,41.0,30.0,9
00-0029615,Lamar Miller,RB,2015,231.9,184.9,16
00-0032170,Rashad Greene,WR,2018,10.0,4.0,7
00-0035719,Deebo Samuel Sr.,WR,2019,222.0,155.0,18
00-0033111,Pharoh Cooper,WR,2022,4.1,2.1,5
00-0034777,DJ Chark,WR,2022,98.2,68.2,11
00-0029590,Taylor Thompson,TE,2014,4.4,2.4000000000000004,3
00-0022803,Eli Manning,QB,2019,54.38,54.38,4
00-0034575,David Wells,TE,2023,1.0,-1.0,1
00-0039394,Casey Washington,WR,2024,2.4000000000000004,1.4000000000000001,2
00-0033110,Tyler Higbee,TE,2025,83.5,54.5,13
00-0035689,Dawson Knox,TE,2022,158.2,102.2,17
00-0033943,Josh Reynolds,WR,2020,135.8,80.8,17
00-0039451,Isaiah Williams,WR,2025,60.7,34.7,15
00-0035311,Myles Gaskin,RB,2021,173.6,124.6,17
00-0033858,Jonnu Smith,TE,2018,63.800000000000004,43.800000000000004,12
00-0027918,Andrew Hawkins,WR,2015,54.6,27.6,8
00-0034419,Braxton Berrios,WR,2019,17.5,11.5,16
00-0034272,Marquez Valdes-Scantling,WR,2023,83.3,54.300000000000004,20
00-0032974,Jordan Payton,WR,2016,1.3,0.30000000000000004,2
00-0027793,Antonio Brown,WR,2014,409.6,271.6,17
00-0022787,Matt Schaub,QB,2016,0.44,0.44,3
00-0035341,Trenton Irwin,WR,2023,62.6,37.6,12
00-0037744,Trey McBride,TE,2024,243.8,132.8,16
00-0029435,Damaris Johnson,WR,2015,0.6000000000000001,0.6000000000000001,1
00-0031390,Charles Sims,RB,2017,73.4,38.4,15
00-0034827,DJ Moore,WR,2025,207.08,146.08,19
00-0033307,Kendrick Bourne,WR,2022,88.3,53.3,16
00-0031387,Eric Ebron,TE,2018,243.9,169.9,18
00-0029638,Michael Floyd,WR,2017,17.8,7.8,11
00-0029438,Chris Polk,RB,2015,72.3,56.300000000000004,15
00-0035229,T.J. Hockenson,TE,2024,103.89999999999999,57.900000000000006,11
00-0027150,Julian Edelman,WR,2016,294.9,175.9,19
00-0036429,Charlie Woerner,TE,2024,11.6,4.6000000000000005,12
00-0032959,Charone Peake,WR,2016,37.6,18.6,12
00-0037740,Garrett Wilson,WR,2024,251.9,150.9,17
00-0036410,Tee Higgins,WR,2024,222.10000000000002,149.1,12
00-0034521,Allen Lazard,WR,2021,144.1,103.1,15
00-0031959,Marcus Murphy,RB,2018,38.6,27.6,11
00-0031055,Andre Williams,RB,2017,2.5000000000000004,2.5000000000000004,2
00-0036425,DeeJay Dallas,RB,2024,21.0,18.0,16
00-0027985,Lance Kendricks,TE,2015,61.5,36.5,14
00-0029613,Doug Martin,RB,2014,80.80000000000001,67.80000000000001,11
00-0033119,Jacoby Brissett,QB,2025,227.44,227.44,14
00-0033893,Dalvin Cook,RB,2018,152.0,112.0,11
00-0024389,Delanie Walker,TE,2016,188.1,123.1,15
00-0032200,Ty Montgomery,WR,2015,42.0,27.0,6
00-0036165,Isaiah Hodgins,WR,2025,27.5,17.5,6
00-0036894,Pat Freiermuth,TE,2023,89.4,52.400000000000006,12
00-0032543,Alex Erickson,WR,2020,24.6,12.600000000000001,16
00-0031384,Richard Rodgers,TE,2020,70.5,46.5,8
00-0029510,Jonathan Grimes,RB,2016,45.300000000000004,28.3,12
00-0036984,Trey Sermon,RB,2024,53.800000000000004,37.800000000000004,15
00-0019596,Tom Brady,QB,2014,353.9,353.9,19
00-0035771,Mitchell Wilcox,TE,2022,40.8,21.8,11
00-0039737,Tip Reiman,TE,2025,4.8,1.8,3
00-0035593,Juwann Winfree,WR,2022,2.7,1.7000000000000002,3
00-0025394,Adrian Peterson,RB,2017,78.9,67.9,10
00-0035246,J.J. Arcega-Whiteside,WR,2019,32.9,22.9,9
00-0033471,Isaiah Ford,WR,2019,48.5,25.5,8
00-0033856,Leonard Fournette,RB,2022,228.8,154.8,17
00-0034796,Lamar Jackson,QB,2024,471.54,471.54,19
00-0038579,Aidan O'Connell,QB,2024,93.48,93.48,9
00-0033948,Jamaal Williams,RB,2020,142.1,107.1,16
00-0039075,Puka Nacua,WR,2024,232.4,142.4,13
00-0030470,Vance McDonald,TE,2016,87.10000000000001,63.1,10
00-0033077,Dak Prescott,QB,2018,328.78000000000003,328.78000000000003,18
00-0031787,Jake Kumerow,WR,2021,4.8,2.8,9
00-0030456,Giovani Bernard,RB,2015,184.2,133.20000000000002,17
00-0022924,Ben Roethlisberger,QB,2018,341.86,340.86,16
00-0035217,Benny Snell,RB,2019,57.900000000000006,54.900000000000006,11
00-0030821,Allen Hurns,WR,2018,63.900000000000006,42.9,15
00-0030443,Levine Toilolo,TE,2014,64.8,33.800000000000004,15
00-0030513,Latavius Murray,RB,2017,177.1,158.1,18
00-0036331,Devin Duvernay,WR,2020,53.1,33.1,17
00-0039244,Chris Collier,RB,2024,1.8,0.8,6
00-0036328,Antonio Gibson,RB,2024,103.4,80.4,17
00-0031189,T.J. Jones,WR,2015,28.900000000000002,18.9,10
00-0031787,Jake Kumerow,WR,2018,24.3,16.3,5
00-0029638,Michael Floyd,WR,2014,165.1,117.1,17
00-0040126,Colston Loveland,TE,2025,198.4,128.4,18
00-0023459,Aaron Rodgers,QB,2016,458.38,458.38,19
00-0032054,Breshad Perriman,WR,2022,23.3,14.3,8
00-0038396,Eric Gray,RB,2023,13.0,7.0,10
00-0035021,Ashton Dulin,WR,2025,20.0,15.0,12
00-0032188,Vince Mayle,TE,2017,6.2,6.2,12
00-0028045,Kris Durham,WR,2014,11.4,5.4,4
00-0032141,Geoff Swaim,TE,2022,23.8,11.8,12
00-0039917,Michael Penix Jr.,QB,2025,120.28,120.28,9
00-0033246,Johnny Mundt,TE,2018,1.5,0.5,2
00-0031687,Raheem Mostert,RB,2017,1.0000000000000002,1.0000000000000002,9
00-0040067,Jacardia Wright,RB,2025,2.0,2.0,1
00-0027139,John Phillips,TE,2014,7.1,6.1,9
00-0034132,Christian Blake,WR,2020,27.1,14.100000000000001,10
00-0035264,Jarrett Stidham,QB,2023,26.64,26.64,2
00-0032134,C.J. Uzomah,TE,2016,54.400000000000006,29.4,8
00-0031339,Donte Moncrief,WR,2015,173.3,109.30000000000001,16
00-0039394,Casey Washington,WR,2025,15.400000000000002,9.4,5
00-0039648,David Martin-Robinson,TE,2024,1.6,0.6000000000000001,4
00-0029848,Nick Williams,WR,2017,6.0,3.0,2
00-0036849,Tutu Atwell,WR,2022,63.2,45.2,12
00-0023459,Aaron Rodgers,QB,2022,239.2,239.2,17
00-0033943,Josh Reynolds,WR,2022,103.9,65.9,12
00-0036879,Sam Ehlinger,QB,2022,35.620000000000005,35.620000000000005,4
00-0035282,Easton Stick,QB,2023,67.56,67.56,5
00-0027006,Kenny Britt,WR,2015,122.10000000000001,86.10000000000001,16
00-0031598,Nick Boyle,TE,2020,37.300000000000004,23.3,9
00-0034418,Cedrick Wilson Jr.,WR,2025,9.4,4.4,6
00-0029239,Brandon Bolden,RB,2014,20.5,17.5,14
00-0029738,Darren Fells,TE,2017,52.7,35.7,14
00-0033367,C.J. Board,WR,2020,21.4,10.4,11
00-0031055,Andre Williams,RB,2016,8.700000000000001,8.700000000000001,1
00-0035329,Donald Parham,TE,2020,43.9,33.9,11
00-0039543,Ramel Keyton,WR,2024,1.7000000000000002,0.7000000000000001,3
00-0035603,Kendall Blanton,TE,2022,5.5,3.5000000000000004,2
00-0031381,Davante Adams,WR,2015,121.1,67.1,14
00-0030758,Justin Perillo,TE,2015,27.2,16.2,6
00-0031549,Nelson Agholor,WR,2016,87.9,51.9,15
00-0027874,Demaryius Thomas,WR,2014,357.8,241.8,17
00-0031236,Brandin Cooks,WR,2016,246.3,168.3,15
00-0037004,Hunter Long,TE,2025,32.5,20.5,7
00-0039344,Jonathon Brooks,RB,2024,7.500000000000001,4.500000000000001,3
00-0035208,Olamide Zaccheaus,WR,2025,94.5,53.5,16
00-0029567,Nick Foles,QB,2015,96.08,96.08,11
00-0040363,Keleki Latu,TE,2025,7.5,3.5,3
00-0038046,Charlie Kolar,TE,2022,8.9,4.9,1
00-0031610,Darren Waller,TE,2023,113.2,61.2,12
00-0024334,Brandon Marshall,WR,2016,155.8,96.8,15
00-0033217,Mo Alie-Cox,TE,2022,53.9,34.9,14
00-0029848,Nick Williams,WR,2015,44.9,27.9,11
00-0035710,Daniel Jones,QB,2020,180.02,180.02,14
00-0026213,Jamaal Charles,RB,2017,67.5,44.5,13
00-0038752,Jake Bobo,WR,2024,29.7,16.700000000000003,12
00-0020245,Mike Vick,QB,2015,30.740000000000002,30.740000000000002,5
00-0021206,Josh McCown,QB,2015,132.16,132.16,8
00-0029854,C.J. Anderson,RB,2016,102.5,86.5,7
00-0034427,Dave Williams,RB,2018,3.6000000000000005,3.6000000000000005,3
00-0031319,Diontae Spencer,WR,2020,13.5,10.5,11
00-0037740,Garrett Wilson,WR,2025,99.5,63.5,7
00-0036842,Kene Nwangwu,RB,2021,23.0,19.0,9
00-0032187,David Johnson,RB,2022,9.100000000000001,5.100000000000001,4
00-0040666,Omarion Hampton,RB,2025,135.6,103.6,10
00-0035631,Drew Sample,TE,2021,20.5,8.5,11
00-0038579,Aidan O'Connell,QB,2025,4.78,4.78,1
00-0038977,Tank Dell,WR,2023,165.0,118.0,10
00-0036271,Quez Watkins,WR,2022,86.3,52.3,19
00-0027006,Kenny Britt,WR,2016,196.2,128.2,15
00-0033382,Austin Carr,WR,2018,32.2,22.2,10
00-0031320,Kevin Smith,WR,2015,11.4,6.4,6
00-0035639,Parris Campbell,WR,2023,30.400000000000002,10.4,10
00-0025394,Adrian Peterson,RB,2019,147.0,130.0,15
00-0023465,Heath Miller,TE,2014,171.70000000000002,99.7,17
00-0036244,Colby Parkinson,TE,2025,159.0,108.0,17
00-0035243,Miles Sanders,RB,2021,123.00000000000001,94.0,13
00-0022787,Matt Schaub,QB,2019,32.900000000000006,32.900000000000006,5
00-0033009,Tyler Boyd,WR,2021,216.14000000000001,134.14000000000001,20
00-0033054,Rico Gathers,TE,2018,7.500000000000001,4.5,8
00-0027690,Eric Decker,WR,2016,40.4,31.400000000000002,3
00-0034854,KhaDarel Hodge,WR,2023,37.2,23.2,14
00-0036182,Nick Westbrook-Ikhine,WR,2020,12.0,7.0,10
00-0040737,Terrance Ferguson,TE,2025,55.0,43.0,13
00-0029601,Brandon Bostick,TE,2014,8.3,6.3,8
00-0036627,Dez Fitzpatrick,WR,2021,15.9,10.9,3
00-0039075,Puka Nacua,WR,2023,331.40000000000003,217.4,18
00-0030564,DeAndre Hopkins,WR,2014,231.0,155.0,16
00-0033553,James Conner,RB,2019,145.5,111.5,10
00-0039150,Bryce Young,QB,2025,239.0,239.0,17
00-0033439,Pharaoh Brown,TE,2025,2.1,0.1,5
00-0035547,Joseph Fortson,TE,2024,1.5,0.5,3
00-0034159,Will Dissly,TE,2020,62.2,37.2,16
00-0031939,Matt Jones,RB,2017,1.4000000000000001,1.4000000000000001,2
00-0039623,Mason Tipton,WR,2024,23.9,9.9,9
00-0022921,Larry Fitzgerald,WR,2014,157.5,91.5,15
00-0031325,Sammy Watkins,WR,2015,218.8,158.8,13
00-0038647,Ronnie Bell,WR,2025,10.3,8.3,2
00-0035341,Trenton Irwin,WR,2024,4.5,1.5,6
00-0031800,Taylor Heinicke,QB,2024,3.12,3.12,4
00-0030287,Andre Ellington,RB,2017,87.39999999999999,48.400000000000006,11
00-0032144,Melvin Gordon,RB,2021,195.1,167.1,16
00-0036646,Simi Fehoko,WR,2022,5.4,2.4000000000000004,3
00-0030526,EJ Manuel,QB,2014,58.72,58.72,4
00-0034311,Johnny Stanton,RB,2021,9.2,7.199999999999999,3
00-0030549,Tyler Eifert,TE,2018,38.900000000000006,23.900000000000002,4
00-0039890,Adonai Mitchell,WR,2025,87.9,54.900000000000006,16
00-0028112,Charles Clay,TE,2019,47.7,29.7,15
00-0038394,Will Mallory,TE,2023,38.7,20.700000000000003,11
00-0035500,Greg Dortch,WR,2023,64.5,40.5,16
00-0031381,Davante Adams,WR,2024,241.29999999999998,156.3,14
00-0032634,David Grinnage,TE,2018,12.100000000000001,6.1000000000000005,3
00-0032775,Demarcus Robinson,WR,2024,137.2,102.2,19
00-0030061,Zach Ertz,TE,2017,245.60000000000002,153.60000000000002,17
00-0033662,Cooper Rush,QB,2022,56.64,56.64,8
00-0028114,Dwayne Harris,WR,2016,8.3,7.3,17
00-0032208,Phillip Dorsett,WR,2015,48.2,30.200000000000003,11
00-0033110,Tyler Higbee,TE,2022,152.0,80.0,16
00-0033009,Tyler Boyd,WR,2016,124.10000000000001,70.10000000000001,16
00-0030472,Jordan Reed,TE,2017,60.099999999999994,33.1,6
00-0036429,Charlie Woerner,TE,2020,6.6000000000000005,3.6000000000000005,4
00-0033164,Troymaine Pope,RB,2016,5.900000000000001,4.9,4
00-0038492,Jason Brownlee,WR,2023,16.6,11.6,4
00-0029263,Russell Wilson,QB,2017,347.92,347.92,16
00-0032241,Todd Gurley,RB,2017,398.4,330.4,16
00-0035639,Parris Campbell,WR,2019,38.1,20.1,7
00-0032725,Stephen Anderson,TE,2020,18.6,10.600000000000001,7
00-0036410,Tee Higgins,WR,2020,194.6,127.60000000000001,15
00-0028052,Cecil Shorts,WR,2014,117.98,64.98,13
00-0032104,Ameer Abdullah,RB,2017,124.4,99.4,14
00-0032058,Tevin Coleman,RB,2016,233.9,195.9,16
00-0039065,Sam LaPorta,TE,2025,106.9,66.9,9
00-0029429,Bryce Brown,RB,2014,44.2,28.200000000000003,7
00-0035645,Gunner Olszewski,WR,2020,25.5,20.5,13
00-0034857,Josh Allen,QB,2019,314.92,313.92,17
00-0031189,T.J. Jones,WR,2017,77.9,47.900000000000006,13
00-0023436,Alex Smith,QB,2020,71.58,71.58,8
00-0032117,Nick O'Leary,TE,2017,68.4,44.400000000000006,14
00-0027005,Hakeem Nicks,WR,2014,124.3,80.3,18
00-0034764,Michael Gallup,WR,2019,212.7,146.70000000000002,14
00-0037272,Montrell Washington,WR,2022,7.2,3.2,15
00-0029608,T.Y. Hilton,WR,2014,290.7,197.70000000000002,18
00-0024535,Eric Weems,WR,2017,1.5,0.5,12
00-0031064,Tom Savage,QB,2017,50.68000000000001,50.68000000000001,8
00-0029275,Ladarius Green,TE,2015,107.9,70.9,13
00-0032112,J.J. Nelson,WR,2018,13.4,6.4,9
00-0037746,Brian Robinson,RB,2023,198.10000000000002,162.10000000000002,15
00-0031610,Darren Waller,TE,2016,30.5,20.5,10
00-0031301,Jeremy Hill,RB,2016,176.3,155.3,15
00-0033951,Marlon Mack,RB,2019,181.3,167.3,14
00-0031609,A.J. Derby,TE,2018,13.8,10.8,3
00-0032362,Maurice Harris,WR,2017,16.2,12.2,4
00-0021429,Carson Palmer,QB,2015,332.6,332.6,18
00-0035726,Jakob Johnson,RB,2023,2.2,1.2000000000000002,8
00-0029689,Dwayne Allen,TE,2014,142.5,102.5,15
00-0032170,Rashad Greene,WR,2015,46.300000000000004,27.3,9
00-0034796,Lamar Jackson,QB,2018,174.70000000000002,174.70000000000002,17
00-0031547,DeVante Parker,WR,2017,130.0,73.0,13
00-0034975,Justice Hill,RB,2019,56.1,44.1,17
00-0033705,Andre Patton,WR,2019,11.6,5.6000000000000005,8
00-0029141,Alfred Morris,RB,2018,68.1,60.1,11
00-0028097,Lee Smith,TE,2020,19.5,15.5,5
00-0033288,George Kittle,TE,2024,236.60000000000002,158.6,15
00-0034343,Josh Rosen,QB,2019,17.98,17.98,5
00-0028050,Greg Salas,WR,2014,32.7,24.700000000000003,8
00-0027135,Brandon Myers,TE,2014,41.0,19.0,11
00-0030522,Montee Ball,RB,2014,36.4,27.400000000000002,5
00-0029293,Marvin Jones,WR,2018,115.80000000000001,80.8,9
00-0034837,Calvin Ridley,WR,2018,206.8,142.8,16
00-0039424,Devaughn Vele,WR,2024,106.5,65.5,14
00-0030128,Michael Cox,RB,2014,6.2,4.2,4
00-0028434,Doug Baldwin,WR,2017,223.3,148.3,16
00-0026189,DeSean Jackson,WR,2021,79.4,58.400000000000006,15
00-0035414,Jalen Guyton,WR,2022,8.4,6.4,2
00-0033564,Jake Butt,TE,2018,16.5,8.500000000000002,3
00-0032063,Mike Davis,RB,2017,52.1,37.1,6
00-0037282,James Mitchell,TE,2025,5.800000000000001,2.8000000000000003,3
00-0027874,Demaryius Thomas,WR,2015,282.40000000000003,170.4,19
00-0033757,Robert Tonyan,TE,2023,22.2,11.2,12
00-0035719,Deebo Samuel Sr.,WR,2025,188.20000000000002,116.2,16
00-0033949,Joshua Dobbs,QB,2022,20.84,20.84,2
00-0031560,Jaelen Strong,WR,2017,12.8,9.8,2
00-0024313,Owen Daniels,TE,2015,138.8,87.80000000000001,19
00-0036569,Gary Brightwell,RB,2023,11.6,6.6000000000000005,4
00-0031381,Davante Adams,WR,2018,329.6,218.6,15
00-0029239,Brandon Bolden,RB,2016,3.9,1.9,8
00-0034457,Josh Adams,RB,2020,36.6,30.6,8
00-0032464,Kalif Raymond,WR,2024,63.2,43.2,13
00-0033895,Gerald Everett,TE,2017,53.1,36.1,15
00-0034652,Cameron Batson,WR,2018,16.3,8.3,8
00-0033094,Marvin Hall,WR,2018,30.900000000000002,20.900000000000002,14
00-0028083,Jacquizz Rodgers,RB,2016,90.8,77.80000000000001,10
00-0029264,Bernard Pierce,RB,2015,4.8,1.8000000000000003,5
00-0032404,Tyler Ervin,RB,2017,13.0,5.0,4
00-0031731,Corey Grant,RB,2015,1.5000000000000004,-0.49999999999999967,5
00-0036183,Kristian Wilkerson,WR,2024,9.8,7.8,1
00-0030547,Denard Robinson,RB,2014,113.60000000000001,90.60000000000001,13
00-0035676,A.J. Brown,WR,2020,267.8,191.8,15
00-0032055,Devin Funchess,WR,2018,122.9,78.9,14
00-0031345,Jimmy Garoppolo,QB,2022,164.78,164.78,11
00-0035249,Josh Oliver,TE,2023,53.300000000000004,31.3,13
00-0036223,Jonathan Taylor,RB,2024,244.70000000000002,226.70000000000002,14
00-0034960,Jakobi Meyers,WR,2019,61.9,35.900000000000006,11
00-0037475,Stone Smartt,TE,2025,12.2,5.2,6
00-0040317,Jacoby Jones,WR,2025,3.5,2.5,1
00-0027891,Golden Tate,WR,2020,86.52,51.52,12
00-0030670,Bennie Fowler,WR,2016,37.5,26.5,12
00-0033699,Austin Ekeler,RB,2017,106.9,79.9,14
00-0033658,Blake Jarwin,TE,2020,2.2,1.2000000000000002,1
00-0038935,Brenton Strange,TE,2025,120.9,72.9,13
00-0027854,Sam Bradford,QB,2015,194.9,194.9,14
00-0035703,Miles Boykin,WR,2023,4.7,1.7000000000000002,8
00-0027888,Toby Gerhart,RB,2014,81.2,61.2,14
00-0034400,Jordan Wilkins,RB,2020,61.300000000000004,49.300000000000004,13
00-0032724,Bryce Treggs,WR,2016,11.700000000000001,8.700000000000001,6
00-0032741,Peyton Barber,RB,2017,85.7,69.7,14
00-0031325,Sammy Watkins,WR,2014,198.00000000000003,133.0,16
00-0033858,Jonnu Smith,TE,2024,222.3,134.3,17
00-0026213,Jamaal Charles,RB,2015,101.10000000000001,80.10000000000001,5
00-0035860,Tony Jones,RB,2020,1.3,1.3,1
00-0027675,Ed Dickson,TE,2014,37.2,24.2,15
00-0034578,Reggie Bonnafon,RB,2019,29.3,23.3,11
00-0032117,Nick O'Leary,TE,2016,22.400000000000002,13.4,13
00-0034386,Justin Watson,WR,2018,1.5,0.5,7
00-0035883,Maurice Ffrench,WR,2021,0.30000000000000004,0.30000000000000004,2
00-0031585,MyCole Pruitt,TE,2022,55.0,39.0,10
00-0026498,Matthew Stafford,QB,2024,250.3,250.3,18
00-0033095,Garrett Griffin,TE,2018,9.2,7.2,1
00-0031585,MyCole Pruitt,TE,2021,48.5,34.5,10
00-0035184,Devine Ozigbo,RB,2023,2.3,1.3,1
00-0033857,JuJu Smith-Schuster,WR,2025,73.5,40.5,17
00-0027346,Alfonso Smith,RB,2014,6.0,3.0000000000000004,3
00-0033110,Tyler Higbee,TE,2021,167.5,97.5,18
00-0036860,Jake Funk,RB,2023,3.2,2.2,1
00-0030521,Justin Hunter,WR,2017,12.3,8.3,5
00-0032659,Roger Lewis,WR,2017,89.60000000000001,53.6,15
00-0038454,Keaton Mitchell,RB,2024,6.800000000000001,5.800000000000001,5
00-0032112,J.J. Nelson,WR,2016,139.1,105.10000000000001,14
00-0032745,Alan Cross,TE,2018,2.9000000000000004,0.9000000000000001,6
00-0032208,Phillip Dorsett,WR,2017,39.1,25.1,13
00-0030874,Damien Williams,RB,2015,45.1,24.1,14
00-0028042,Luke Stocker,TE,2015,21.1,12.1,8
00-0031260,Logan Thomas,TE,2021,53.6,35.6,5
00-0037093,Dareke Young,WR,2025,6.8,4.800000000000001,11
00-0023310,Lance Moore,WR,2015,84.7,55.7,13
00-0030300,Jaron Brown,WR,2014,56.9,34.9,15
00-0034401,Mike White,QB,2022,56.58,56.58,4
00-0036527,DJ Turner,WR,2024,47.1,31.1,12
00-0027944,Julio Jones,WR,2017,296.7,190.7,18
00-0030068,Marquise Goodwin,WR,2016,90.10000000000001,61.1,14
00-0029640,Brian Quick,WR,2017,13.6,7.6,6
00-0036332,Josiah Deguara,TE,2025,11.1,8.1,7
00-0029701,Ryan Tannehill,QB,2015,258.32,257.32,16
00-0031763,DeAndre Carter,WR,2020,6.8,2.8,14
00-0034011,Dan Arnold,TE,2021,75.8,40.800000000000004,11
00-0036410,Tee Higgins,WR,2022,256.7,169.70000000000002,17
00-0036849,Tutu Atwell,WR,2025,31.2,25.200000000000003,8
00-0034777,DJ Chark,WR,2024,15.1,10.1,5
00-0033906,Alvin Kamara,RB,2024,265.3,197.3,14
00-0031577,Javorius Allen,RB,2016,7.9,4.9,4
00-0030656,Isaiah Crowell,RB,2018,140.70000000000002,119.7,13
00-0034367,Nyheim Hines,RB,2022,84.5,52.5,18
00-0038102,Kenny Pickett,QB,2022,149.86,149.86,13
00-0039521,Xavier Weaver,WR,2025,13.700000000000001,6.700000000000001,7
00-0040238,LeQuint Allen Jr.,RB,2025,27.0,16.0,17
00-0035710,Daniel Jones,QB,2019,214.98000000000002,214.98000000000002,13
00-0036232,Harrison Bryant,TE,2021,62.3,41.3,15
00-0034995,Dexter Williams,RB,2019,1.1,1.1,2
00-0035289,Gardner Minshew,QB,2024,96.32000000000001,96.32000000000001,10
00-0036414,Cam Akers,RB,2024,97.10000000000001,83.10000000000001,17
00-0029604,Kirk Cousins,QB,2018,283.12,282.12,16
00-0034928,Steven Sims,WR,2022,31.400000000000002,17.400000000000002,12
00-0029854,C.J. Anderson,RB,2017,175.1,147.1,16
00-0031345,Jimmy Garoppolo,QB,2023,64.1,64.1,7
00-0033948,Jamaal Williams,RB,2023,60.800000000000004,42.8,13
00-0021206,Josh McCown,QB,2018,20.76,20.76,4
00-0030564,DeAndre Hopkins,WR,2022,151.7,87.7,9
00-0021429,Carson Palmer,QB,2017,102.32000000000001,102.32000000000001,7
00-0034981,Foster Moreau,TE,2022,87.2,54.2,14
00-0028090,T.J. Yates,QB,2017,34.02,34.02,4
00-0033932,Kenny Golladay,WR,2019,248.0,183.0,16
00-0029604,Kirk Cousins,QB,2015,314.8,314.8,17
00-0035250,Devin Singletary,RB,2020,162.3,116.30000000000001,19
00-0033455,Anthony Firkser,TE,2025,13.3,5.3,5
00-0027753,Andrew Quarless,TE,2014,92.4,59.400000000000006,18
00-0028063,Taiwan Jones,RB,2015,31.0,24.0,12
00-0030288,Rex Burkhead,RB,2022,71.4,34.4,15
00-0030656,Isaiah Crowell,RB,2017,143.5,115.5,16
00-0032104,Ameer Abdullah,RB,2016,26.8,21.8,2
00-0027942,A.J. Green,WR,2020,111.30000000000001,64.30000000000001,16
00-0032268,Marcus Mariota,QB,2019,85.67999999999999,85.67999999999999,9
00-0027061,Jared Cook,TE,2019,177.9,129.9,15
00-0031806,Malcolm Brown,RB,2022,22.8,17.8,7
00-0036275,D'Andre Swift,RB,2025,253.4,217.4,18
00-0031273,Cameron Brate,TE,2020,105.7,63.7,17
00-0037077,Sam Howell,QB,2022,18.259999999999998,18.259999999999998,1
00-0027772,Anthony Dixon,RB,2015,20.8,14.8,15
00-0031044,Troy Niklas,TE,2015,19.3,15.3,5
00-0036355,Justin Herbert,QB,2021,380.76,380.76,17
00-0034414,Boston Scott,RB,2022,66.2,60.199999999999996,18
00-0029664,Josh Gordon,WR,2019,73.7,46.7,11
00-0036069,Scottie Phillips,RB,2021,4.2,2.2,2
00-0038397,Evan Hull,RB,2023,1.7000000000000002,0.7000000000000001,1
00-0033699,Austin Ekeler,RB,2024,159.6,112.60000000000001,15
00-0028198,Matt Asiata,RB,2015,45.7,25.7,16
00-0031381,Davante Adams,WR,2019,271.5,171.5,14
00-0030524,Landry Jones,QB,2016,33.92,33.92,7
00-0028112,Charles Clay,TE,2014,136.5,78.5,14
00-0022044,Andre Johnson,WR,2016,29.5,20.5,6
00-0036340,Antonio Gandy-Golden,WR,2020,3.5,2.5,4
00-0029795,Benny Cunningham,RB,2016,35.2,19.200000000000003,11
00-0039814,Erick All,TE,2024,35.800000000000004,15.8,8
00-0035660,Kahale Warring,TE,2020,6.5,3.5,4
00-0036433,Tommy Stevens,QB,2020,2.4000000000000004,2.4000000000000004,1
00-0033857,JuJu Smith-Schuster,WR,2023,61.0,32.0,11
00-0032977,Rashard Higgins,WR,2019,15.5,11.5,7
00-0035329,Donald Parham,TE,2023,79.5,52.5,14
00-0038738,Hunter Luepke,RB,2024,26.900000000000002,14.9,14
00-0023921,Miles Austin,WR,2015,41.4,28.400000000000002,11
00-0033251,Zach Pascal,WR,2019,135.3,94.30000000000001,16
00-0030992,Crockett Gillmore,TE,2016,21.1,13.100000000000001,5
00-0035148,Darwin Thompson,RB,2019,32.800000000000004,23.8,13
00-0039751,Jordan Whittington,WR,2025,41.800000000000004,21.8,17
00-0033897,Joe Mixon,RB,2021,353.04,293.04,20
00-0034799,Kalen Ballage,RB,2018,37.7,28.700000000000003,12
00-0037299,Keaontay Ingram,RB,2022,18.099999999999998,14.099999999999998,11
00-0027825,Jim Dray,TE,2015,12.1,6.1,11
00-0032728,Tevin Jones,WR,2019,10.100000000000001,6.1000000000000005,4
00-0028237,Chris Hogan,WR,2017,146.2,103.2,12
00-0039738,Blake Corum,RB,2025,142.8,129.8,20
00-0029755,Brian Leonhardt,TE,2015,1.4,0.4,1
00-0036414,Cam Akers,RB,2021,33.1,22.1,5
00-0028083,Jacquizz Rodgers,RB,2018,83.0,45.0,15
00-0035232,Dwayne Haskins,QB,2020,68.16,68.16,7
00-0034406,Deon Cain,WR,2019,21.4,12.4,11
00-0029000,Cole Beasley,WR,2018,158.5,89.5,18
00-0026008,Matthew Mulligan,TE,2015,1.2,0.2,3
00-0036955,Terrace Marshall Jr.,WR,2022,83.0,55.0,13
00-0031544,Amari Cooper,WR,2020,236.8,144.8,16
00-0036244,Colby Parkinson,TE,2023,61.7,36.7,15
00-0025399,Marshawn Lynch,RB,2019,35.2,33.2,3
00-0036139,Rico Dowdle,RB,2025,218.8,178.8,18
00-0030990,Josh Huff,WR,2016,40.8,24.8,10
00-0029091,Bradley Sowell,TE,2018,7.2,6.2,2
00-0036550,Rashod Bateman,WR,2025,55.400000000000006,36.4,13
00-0035264,Jarrett Stidham,QB,2025,7.520000000000001,7.520000000000001,2
00-0039921,Trey Benson,RB,2025,35.400000000000006,22.400000000000002,4
00-0031665,Zach Zenner,RB,2016,107.80000000000001,83.80000000000001,12
00-0020531,Drew Brees,QB,2017,303.36,303.36,18
00-0035457,Tyron Johnson,WR,2022,1.8,0.8,2
00-0031763,DeAndre Carter,WR,2022,118.0,70.0,18
00-0033308,Matt Breida,RB,2021,42.699999999999996,35.7,7
00-0032508,Hakeem Valles,TE,2018,3.1,1.1,2
00-0029588,Dan Herron,RB,2014,135.20000000000002,94.2,17
00-0035726,Jakob Johnson,RB,2020,17.5,9.5,8
00-0032404,Tyler Ervin,RB,2018,6.5,3.5000000000000004,9
00-0037509,Sincere McCormick,RB,2024,27.200000000000003,21.200000000000003,4
00-0030456,Giovani Bernard,RB,2022,4.7,2.7,5
00-0035537,Ty Johnson,RB,2020,63.300000000000004,47.300000000000004,11
00-0036183,Kristian Wilkerson,WR,2021,20.2,16.2,1
00-0032940,DeAndre Washington,RB,2019,121.9,85.9,16
00-0040206,Riley Leonard,QB,2025,31.0,31.0,5
00-0031055,Andre Williams,RB,2014,145.10000000000002,127.10000000000001,16
00-0027150,Julian Edelman,WR,2014,296.64,178.64000000000001,17
00-0031600,Keith Mumphery,WR,2015,26.900000000000002,12.900000000000002,15
00-0022127,Jason Witten,TE,2015,164.3,87.30000000000001,16
00-0031075,Alfred Blue,RB,2018,101.2,79.2,17
00-0031682,Terron Ward,RB,2017,15.3,12.3,8
00-0030513,Latavius Murray,RB,2020,146.20000000000002,121.2,16
00-0036290,Cole Kmet,TE,2020,66.6,35.6,16
00-0032464,Kalif Raymond,WR,2023,97.4,62.400000000000006,17
00-0032268,Marcus Mariota,QB,2023,11.76,11.76,2
00-0032429,Jerell Adams,TE,2017,17.200000000000003,9.200000000000001,9
00-0038134,Kenneth Walker III,RB,2022,216.1,188.1,16
00-0030116,Kevin Dorsey,WR,2014,1.4,0.4,1
00-0030456,Giovani Bernard,RB,2017,151.7,108.7,16
00-0036554,Nico Collins,WR,2025,231.3,157.3,16
00-0036407,Jerry Jeudy,WR,2025,120.7,70.7,17
00-0037291,Jalen Nailor,WR,2023,5.9,2.9000000000000004,3
00-0040024,Darius Cooper,WR,2025,20.1,10.100000000000001,7
00-0033950,Wayne Gallman,RB,2021,13.500000000000002,12.500000000000002,7
00-0029000,Cole Beasley,WR,2015,133.6,81.60000000000001,16
00-0033681,Keelan Cole,WR,2022,30.1,20.1,12
00-0031023,Quincy Enunwa,WR,2018,86.9,48.900000000000006,11
00-0033282,Curtis Samuel,WR,2021,9.8,3.8000000000000003,5
00-0032429,Jerell Adams,TE,2016,34.2,18.2,10
00-0034273,Damion Ratley,WR,2018,27.400000000000002,14.400000000000002,5
00-0026986,Michael Crabtree,WR,2019,6.199999999999999,2.2,2
00-0031280,Derek Carr,QB,2021,271.36,271.36,18
00-0032780,Jordan Howard,RB,2021,64.2,61.2,8
00-0033384,LeShun Daniels,RB,2017,1.4000000000000001,1.4000000000000001,2
00-0040039,Amar Johnson,RB,2025,0.8,0.8,1
00-0039373,Audric Estimé,RB,2024,48.7,43.7,13
00-0032200,Ty Montgomery,WR,2021,29.9,13.9,14
00-0031288,AJ McCarron,QB,2019,16.9,16.9,2
00-0031570,Justin Hardy,WR,2019,38.5,19.5,12
00-0022942,Philip Rivers,QB,2018,320.16,320.16,18
00-0036212,Tua Tagovailoa,QB,2021,180.92000000000002,180.92000000000002,13
00-0039757,Terrell Jennings,RB,2025,15.200000000000001,14.200000000000001,6
00-0031746,George Farmer,RB,2016,1.5,0.5,2
00-0036825,Feleipe Franks,TE,2025,0.4,0.4,10
00-0031236,Brandin Cooks,WR,2014,139.3,86.30000000000001,10
00-0035657,Damien Harris,RB,2023,19.0,17.0,6
00-0033885,David Njoku,TE,2024,148.5,84.5,11
00-0039920,Malachi Corley,WR,2024,5.2,2.2,5
00-0039747,Ainias Smith,WR,2024,17.7,10.700000000000001,3
00-0032133,David Cobb,RB,2015,21.4,20.4,7
00-0030565,Geno Smith,QB,2016,7.9399999999999995,7.9399999999999995,2
00-0035308,Tommy Sweeney,TE,2021,19.4,10.399999999999999,7
00-0028263,Andre Holmes,WR,2018,29.2,16.2,13
00-0034449,Buddy Howell,RB,2019,1.0,1.0,9
00-0031431,Marqise Lee,WR,2016,180.4,117.4,16
00-0036212,Tua Tagovailoa,QB,2020,135.46,135.46,10
00-0036219,Marquez Callaway,WR,2020,42.3,21.3,10
00-0037617,Hassan Haskins,RB,2022,26.0,15.000000000000002,14
00-0038563,Tre Tucker,WR,2023,71.8,52.8,13
00-0031547,DeVante Parker,WR,2021,103.5,63.5,9
00-0036924,Michael Carter,RB,2022,126.0,85.0,16
00-0038090,Skyy Moore,WR,2023,53.7,32.7,13
00-0038997,Josh Downs,WR,2025,138.4,80.4,16
00-0033009,Tyler Boyd,WR,2020,192.64000000000001,113.64,15
00-0037306,John FitzPatrick,TE,2023,2.2,1.2000000000000002,3
00-0037078,Cole Turner,TE,2022,4.300000000000001,2.3000000000000003,7
00-0030068,Marquise Goodwin,WR,2021,57.2,37.199999999999996,14
00-0034297,Byron Pringle,WR,2022,35.5,25.5,10
00-0038996,Tucker Kraft,TE,2023,91.9,55.900000000000006,16
00-0033528,Jeremy Sprinkle,TE,2018,15.100000000000001,10.100000000000001,8
00-0026178,John Carlson,TE,2014,81.5,45.5,17
00-0029854,C.J. Anderson,RB,2014,228.20000000000002,188.20000000000002,15
00-0035624,N'Keal Harry,TE,2019,44.2,30.2,8
00-0036142,Isaiah Wright,WR,2020,48.3,21.3,12
00-0036158,J.K. Dobbins,RB,2023,11.7,9.7,1
00-0033537,Deshaun Watson,QB,2022,85.58,85.58,6
00-0033564,Jake Butt,TE,2020,2.5,0.5,4
00-0030117,Kerwynn Williams,RB,2014,33.0,28.0,5
00-0028198,Matt Asiata,RB,2016,132.5,100.5,16
00-0031288,AJ McCarron,QB,2015,64.64,64.64,8
00-0031025,Michael Campanaro,WR,2016,7.200000000000001,7.200000000000001,3
00-0034799,Kalen Ballage,RB,2021,7.7,5.7,9
00-0030085,Kenny Stills,WR,2019,145.7,98.7,15
00-0035710,Daniel Jones,QB,2023,56.96000000000001,56.96000000000001,6
00-0038129,Cade Otton,TE,2025,122.2,63.2,15
00-0033925,D'Onta Foreman,RB,2017,57.0,51.0,9
00-0028986,Case Keenum,QB,2015,43.620000000000005,43.620000000000005,5
00-0032977,Rashard Higgins,WR,2018,118.2,79.2,13
00-0034104,Cam Sims,WR,2020,103.6,64.6,14
00-0034221,Roc Thomas,RB,2018,7.100000000000001,5.1000000000000005,5
00-0031235,Odell Beckham Jr.,WR,2020,86.82,63.82,7
00-0032434,Brandon Allen,QB,2022,0.78,0.78,1
00-0030743,Bernard Reedy,WR,2017,5.8,3.8,11
00-0030147,Russell Shepard,WR,2017,45.1,28.1,16
00-0034366,Keke Coutee,WR,2020,89.0,56.0,8
00-0031912,Cameron Meredith,WR,2018,24.400000000000002,15.4,3
00-0032791,Jakeem Grant,WR,2018,72.3,51.3,10
00-0029587,Rhett Ellison,TE,2016,20.8,11.8,11
00-0024243,Marcedes Lewis,TE,2018,6.9,3.9,5
00-0029293,Marvin Jones,WR,2019,193.9,131.9,13
00-0031768,Terrence Magee,RB,2015,1.7000000000000002,0.7000000000000001,2
00-0030422,Dion Sims,TE,2018,2.9,0.9,3
00-0033112,Temarrick Hemingway,TE,2020,2.0,1.0,3
00-0031588,Stefon Diggs,WR,2021,300.2,191.20000000000002,19
00-0036165,Isaiah Hodgins,WR,2022,126.0,80.0,11
00-0030520,Mike Glennon,QB,2019,4.239999999999999,4.239999999999999,2
00-0031280,Derek Carr,QB,2020,272.12,272.12,16
00-0030669,Albert Wilson,WR,2016,90.2,57.2,15
00-0036345,K.J. Osborn,WR,2022,165.6,103.60000000000001,18
00-0028986,Case Keenum,QB,2021,28.68,28.68,5
00-0033857,JuJu Smith-Schuster,WR,2017,207.2,146.2,15
00-0038619,Andrei Iosivas,WR,2023,50.6,35.6,11
00-0034317,Keith Kirkwood,WR,2022,3.8000000000000003,1.8,3
00-0033094,Marvin Hall,WR,2021,2.0,1.0,1
00-0030288,Rex Burkhead,RB,2015,25.7,14.7,16
00-0033374,Ricky Ortiz,RB,2019,1.8,0.8,2
00-0030404,Chris Thompson,RB,2016,147.5,98.5,16
00-0027996,Torrey Smith,WR,2017,125.4,76.4,19
00-0032951,Laquon Treadwell,WR,2019,33.4,24.400000000000002,10
00-0035771,Mitchell Wilcox,TE,2021,4.6,1.6,4
00-0035025,Hale Hentges,TE,2019,24.3,16.3,5
00-0036898,Davis Mills,QB,2023,17.66,17.66,6
00-0032187,David Johnson,RB,2021,81.3,49.300000000000004,13
00-0037422,Kendric Pryor,WR,2024,1.9,0.9,1
00-0036493,Deon Jackson,RB,2023,4.0,-0.9999999999999998,2
00-0029632,Mohamed Sanu,WR,2021,32.7,17.700000000000003,8
00-0031484,Chris Manhertz,TE,2022,10.2,4.2,9
00-0034750,Rashaad Penny,RB,2020,3.4000000000000004,3.4000000000000004,3
00-0033891,Zay Jones,WR,2017,74.60000000000001,45.6,15
00-0032062,Blake Bell,TE,2018,14.7,6.7,8
00-0031801,Jordan Leslie,WR,2017,3.6,2.6,1
00-0033386,Cody Hollister,WR,2020,2.2,1.2000000000000002,1
00-0026577,Marcus Thigpen,WR,2014,6.0,6.0,9
00-0038104,Tyquan Thornton,WR,2023,27.200000000000003,14.200000000000001,9
00-0023564,Darren Sproles,RB,2016,162.5,110.5,15
00-0032115,Kaelin Clay,WR,2015,6.0,6.0,7
00-0036970,Kyle Pitts,TE,2021,176.6,108.6,17
00-0027688,Colt McCoy,QB,2021,41.300000000000004,41.300000000000004,7
00-0034366,Keke Coutee,WR,2021,1.5,0.5,1
00-0033881,Evan Engram,TE,2021,102.5,56.5,15
00-0035602,Alex Bachman,WR,2024,6.1,3.1,5
00-0031273,Cameron Brate,TE,2021,86.3,52.300000000000004,18
00-0036510,Kenny Yeboah,TE,2023,4.800000000000001,2.8000000000000003,3
00-0030506,Travis Kelce,TE,2017,250.1,163.1,16
00-0032062,Blake Bell,TE,2019,26.1,15.1,16
00-0030039,Kendall Gaskins,RB,2015,18.7,10.7,5
00-0023500,Frank Gore,RB,2019,97.10000000000001,84.10000000000001,16
00-0028179,David Ausberry,TE,2014,3.4000000000000004,1.4000000000000001,1
00-0037327,Skylar Thompson,QB,2022,28.560000000000002,28.560000000000002,8
00-0039376,Spencer Rattler,QB,2024,67.28,67.28,7
00-0031951,James O'Shaughnessy,TE,2016,1.9,-0.1,13
00-0027321,Jeff Cumberland,TE,2017,2.2,0.2,5
00-0036971,Trevor Lawrence,QB,2023,262.54,262.54,16
00-0033280,Christian McCaffrey,RB,2025,458.40000000000003,345.40000000000003,19
00-0029273,Robert Turbin,RB,2015,35.2,28.200000000000003,10
00-0026996,Brandon Pettigrew,TE,2015,19.700000000000003,12.700000000000001,8
00-0026144,Darren McFadden,RB,2016,13.4,10.4,3
00-0034838,Royce Freeman,RB,2019,142.2,99.2,16
00-0032156,Trevor Siemian,QB,2017,126.1,126.1,11
00-0033471,Isaiah Ford,WR,2021,40.1,28.1,10
00-0039746,Will Shipley,RB,2024,29.4,25.4,16
00-0034753,Mark Andrews,TE,2022,202.8,124.80000000000001,16
00-0032950,Carson Wentz,QB,2024,4.72,4.72,2
00-0033858,Jonnu Smith,TE,2025,87.10000000000001,47.1,18
00-0022414,Malcom Floyd,WR,2014,173.6,121.60000000000001,16
00-0024389,Delanie Walker,TE,2019,54.5,33.5,6
00-0034366,Keke Coutee,WR,2018,90.7,51.7,7
00-0029510,Jonathan Grimes,RB,2015,90.2,62.2,14
00-0031285,Devonta Freeman,RB,2016,345.1,281.1,19
00-0031068,Ryan Grant,WR,2018,74.4,39.4,14
00-0033908,Cooper Kupp,WR,2024,190.0,117.00000000000001,14
00-0039794,Braelon Allen,RB,2024,85.2,66.2,17
00-0036414,Cam Akers,RB,2023,46.7,35.7,7
00-0034115,Jeff Wilson,RB,2021,51.5,44.5,8
00-0031585,MyCole Pruitt,TE,2024,16.0,10.0,7
00-0033555,Mack Hollins,WR,2019,22.5,12.5,12
00-0026345,Pierre Garcon,WR,2017,90.0,50.0,8
00-0036165,Isaiah Hodgins,WR,2023,60.0,39.0,14
00-0037741,Jahan Dotson,WR,2023,124.8,75.8,17
00-0031339,Donte Moncrief,WR,2019,5.800000000000001,1.8000000000000003,4
00-0035544,Tom Kennedy,WR,2021,18.4,12.4,6
00-0039146,Jayden Reed,WR,2024,205.60000000000002,146.6,18
00-0029263,Russell Wilson,QB,2019,371.58,371.58,18
00-0032068,Malcolm Johnson,RB,2016,7.6,2.6,5
00-0029632,Mohamed Sanu,WR,2016,184.6,114.6,18
00-0035640,DK Metcalf,WR,2023,225.4,159.4,16
00-0032764,Derrick Henry,RB,2025,279.5,264.5,17
00-0038416,Tyson Bagent,QB,2025,2.58,2.58,2
00-0030465,Kenjon Barner,RB,2016,34.1,29.1,11
00-0033572,Jamal Agnew,WR,2020,31.200000000000003,18.200000000000003,14
00-0025516,Scott Chandler,TE,2015,72.9,49.900000000000006,12
00-0033573,Shelton Gibson,WR,2018,5.800000000000001,4.800000000000001,5
00-0027939,Cam Newton,QB,2015,447.02,447.02,19
00-0031732,Connor Hamlett,TE,2016,8.7,7.7,1
00-0027864,Ryan Mathews,RB,2016,144.6,131.6,13
00-0034631,Vyncint Smith,WR,2018,20.1,15.100000000000001,5
00-0031376,Jerick McKinnon,RB,2020,126.2,93.2,14
00-0027029,LeSean McCoy,RB,2016,298.3,248.3,15
00-0038098,Pierre Strong,RB,2023,42.800000000000004,37.800000000000004,16
00-0036158,J.K. Dobbins,RB,2024,194.4,162.4,14
00-0039062,Jonathan Mingo,WR,2024,32.2,15.200000000000001,14
00-0039355,Luke McCaffrey,WR,2024,34.8,16.8,15
00-0036893,Najee Harris,RB,2025,11.600000000000001,8.600000000000001,3
00-0022942,Philip Rivers,QB,2025,31.659999999999997,31.659999999999997,3
00-0030659,Jonathan Krause,WR,2015,3.1,1.1,2
00-0029394,Brenton Bersin,WR,2014,37.800000000000004,22.8,17
00-0038941,Tyler Scott,WR,2024,1.5,0.5,4
00-0024217,Reggie Bush,RB,2016,23.7,16.7,10
00-0030547,Denard Robinson,RB,2016,19.6,16.6,10
00-0036261,Brandon Aiyuk,WR,2021,192.8,127.80000000000001,20
00-0030300,Jaron Brown,WR,2015,34.0,22.0,14
00-0039471,Frank Gore Jr.,RB,2025,1.6,0.6000000000000001,2
00-0030288,Rex Burkhead,RB,2018,88.8,67.8,11
00-0030578,Cordarrelle Patterson,RB,2019,35.6,24.6,16
00-0036414,Cam Akers,RB,2022,141.3,128.3,15
00-0030516,Brice Butler,WR,2016,55.9,39.9,15
00-0030181,Jack Doyle,TE,2017,169.0,89.0,15
00-0029567,Nick Foles,QB,2018,104.80000000000001,103.80000000000001,7
00-0033118,Kenyan Drake,RB,2022,104.10000000000001,87.10000000000001,12
00-0026237,Andre Caldwell,WR,2014,9.7,4.7,14
00-0027796,Joe Webb,QB,2018,3.3,1.3,4
00-0030525,Tavon Austin,WR,2014,95.60000000000001,64.60000000000001,15
00-0030565,Geno Smith,QB,2022,320.8,320.8,18
00-0034512,Cam Phillips,WR,2018,1.9,0.9,2
00-0034854,KhaDarel Hodge,WR,2019,11.600000000000001,7.6000000000000005,12
00-0038583,Dorian Thompson-Robinson,QB,2023,22.099999999999998,22.099999999999998,7
00-0029004,Lance Dunbar,RB,2017,12.2,11.2,2
00-0030280,Knile Davis,RB,2016,10.3,5.300000000000001,9
00-0038555,Tank Bigsby,RB,2025,55.7,52.7,16
00-0033293,Aaron Jones,RB,2020,282.6,230.60000000000002,16
00-0038997,Josh Downs,WR,2023,157.1,89.10000000000001,17
00-0039910,Jayden Daniels,QB,2025,114.28,114.28,7
00-0033908,Cooper Kupp,WR,2021,554.8,376.8,21
00-0027772,Anthony Dixon,RB,2014,68.10000000000001,60.1,14
00-0037299,Keaontay Ingram,RB,2023,14.000000000000002,10.000000000000002,7
00-0028118,Tyrod Taylor,QB,2020,9.02,9.02,2
00-0034960,Jakobi Meyers,WR,2020,142.52,83.52000000000001,12
00-0032392,Austin Hooper,TE,2024,108.60000000000001,63.6,17
00-0031787,Jake Kumerow,WR,2019,43.2,30.200000000000003,13
00-0035924,Jonathan Ward,RB,2024,2.2,2.2,4
00-0029033,Griff Whalen,WR,2017,6.300000000000001,2.3000000000000003,2
00-0026293,Matthew Slater,WR,2019,6.0,6.0,8
00-0034844,Saquon Barkley,RB,2020,15.400000000000002,9.4,2
00-0030280,Knile Davis,RB,2014,121.00000000000001,105.0,16
00-0033885,David Njoku,TE,2025,86.3,53.3,11
00-0033936,C.J. Beathard,QB,2023,21.46,21.46,6
00-0031102,Kapri Bibbs,RB,2018,61.800000000000004,45.800000000000004,10
00-0030187,Rashad Ross,WR,2015,45.6,36.6,14
00-0040628,Drake Dabney,TE,2025,1.3,0.30000000000000004,1
00-0039874,Jaylen Wright,RB,2024,26.7,23.700000000000003,13
00-0033292,Trent Taylor,WR,2017,98.0,55.0,15
00-0036875,Rhamondre Stevenson,RB,2021,124.9,106.9,13
00-0037805,Jeremy Ruckert,TE,2023,31.1,15.100000000000001,10
00-0027861,C.J. Spiller,RB,2016,18.8,12.8,6
00-0029269,Travis Benjamin,WR,2015,199.8,131.8,16
00-0028263,Andre Holmes,WR,2016,59.6,41.6,17
00-0035215,Deonte Harty,WR,2023,47.699999999999996,30.7,18
00-0036358,CeeDee Lamb,WR,2023,423.70000000000005,279.7,18
00-0033555,Mack Hollins,WR,2022,154.16,97.16000000000001,17
00-0031588,Stefon Diggs,WR,2022,342.5,223.5,18
00-0026035,Danny Amendola,WR,2018,127.42,68.42,15
00-0038128,Malik Willis,QB,2023,3.06,3.06,2
00-0036841,Austin Trammell,WR,2025,7.6000000000000005,4.6000000000000005,6
00-0036842,Kene Nwangwu,RB,2024,6.0,6.0,2
00-0030089,Luke Willson,TE,2019,17.8,8.8,8
00-0023459,Aaron Rodgers,QB,2021,342.3,341.3,17
00-0031392,Dri Archer,RB,2014,17.700000000000003,7.700000000000001,11
00-0033567,Brian Hill,RB,2018,15.6,14.6,5
00-0032741,Peyton Barber,RB,2019,116.5,100.5,16
00-0037324,Chris Oladokun,QB,2025,11.200000000000001,11.200000000000001,3
00-0037282,James Mitchell,TE,2023,4.800000000000001,2.8000000000000003,2
00-0036955,Terrace Marshall Jr.,WR,2024,7.1000000000000005,4.1000000000000005,5
00-0031687,Raheem Mostert,RB,2018,38.6,32.6,8
00-0024268,Anthony Fasano,TE,2016,28.3,20.3,12
00-0034159,Will Dissly,TE,2024,113.7,61.7,16
00-0036008,Hunter Bryant,TE,2020,5.4,4.4,3
00-0032058,Tevin Coleman,RB,2017,187.8,156.8,17
00-0034960,Jakobi Meyers,WR,2021,196.3,107.30000000000001,17
00-0032881,Tommylee Lewis,WR,2017,28.6,18.6,16
00-0040429,Josh Williams,RB,2025,1.1,1.1,2
00-0032098,Daniel Brown,TE,2016,34.4,18.400000000000002,6
00-0028434,Doug Baldwin,WR,2014,204.0,128.0,19
00-0028114,Dwayne Harris,WR,2018,17.2,11.2,15
00-0034109,Phillip Lindsay,RB,2021,45.4,41.4,14
00-0027139,John Phillips,TE,2016,23.2,13.200000000000001,9
00-0035664,Darrell Henderson,RB,2023,43.5,33.5,4
00-0029697,Coby Fleener,TE,2017,63.5,41.5,11
00-0032209,T.J. Yeldon,RB,2015,155.9,119.9,12
00-0029604,Kirk Cousins,QB,2025,103.54,103.54,10
00-0038938,Jalin Hyatt,WR,2025,8.5,3.5,6
00-0029738,Darren Fells,TE,2021,8.3,4.300000000000001,3
00-0030431,Robert Woods,WR,2016,118.9,67.89999999999999,13
00-0026189,DeSean Jackson,WR,2018,151.3,110.3,12
00-0035140,Mecole Hardman,WR,2019,129.8,99.8,19
00-0030668,Charcandrick West,RB,2015,152.9,129.9,17
00-0034256,Da'Mari Scott,WR,2019,4.7,2.7,5
00-0028434,Doug Baldwin,WR,2018,148.0,95.0,14
00-0034857,Josh Allen,QB,2025,416.76,416.76,18
00-0027595,Bryan Walters,WR,2014,11.5,5.5,16
00-0034054,River Cracraft,WR,2024,13.600000000000001,6.6000000000000005,5
00-0038938,Jalin Hyatt,WR,2023,60.3,37.3,13
00-0033589,David Moore,WR,2019,67.9,48.9,16
00-0036407,Jerry Jeudy,WR,2024,240.9,150.9,17
00-0037248,James Cook,RB,2023,257.3,205.3,19
00-0036438,Stephen Sullivan,TE,2023,24.5,12.5,10
00-0039631,Cam Grandy,TE,2025,2.7,0.7000000000000001,2
00-0030513,Latavius Murray,RB,2016,220.3,186.3,15
00-0029033,Griff Whalen,WR,2014,4.300000000000001,2.3000000000000003,9
00-0023496,Vincent Jackson,WR,2016,32.300000000000004,17.3,5
00-0032156,Trevor Siemian,QB,2021,90.16000000000001,90.16000000000001,6
00-0037257,David Bell,WR,2022,45.4,21.400000000000002,15
00-0028017,Leonard Hankerson,WR,2015,76.7,50.7,7
00-0036326,Chase Claypool,WR,2023,21.7,13.7,11
00-0027708,Marcus Easley,WR,2015,12.8,11.8,11
00-0031066,Lorenzo Taliaferro,RB,2015,18.6,13.600000000000001,3
00-0026158,Joe Flacco,QB,2020,54.760000000000005,54.760000000000005,5
00-0037742,Treylon Burks,WR,2022,88.1,55.1,11
00-0040122,Ashton Jeanty,RB,2025,245.1,190.10000000000002,17
00-0027321,Jeff Cumberland,TE,2015,12.700000000000001,7.700000000000001,9
00-0032441,Aaron Burbridge,WR,2016,15.8,8.8,15
00-0026213,Jamaal Charles,RB,2016,13.399999999999999,11.399999999999999,3
00-0036370,Joshua Kelley,RB,2023,61.7,53.7,17
00-0034631,Vyncint Smith,WR,2020,2.3,1.3,4
00-0039355,Luke McCaffrey,WR,2025,51.300000000000004,40.300000000000004,9
00-0032688,Robbie Chosen,WR,2017,200.0,137.0,16
00-0034279,Equanimeous St. Brown,WR,2021,20.3,11.3,13
00-0026986,Michael Crabtree,WR,2014,162.20000000000002,94.2,16
00-0032426,Alex Collins,RB,2018,108.6,93.60000000000001,10
00-0034765,Tre'Quan Smith,WR,2020,126.6,89.6,14
00-0030780,Ryan Hewitt,TE,2017,4.2,2.2,4
00-0034054,River Cracraft,WR,2018,5.4,4.4,8
00-0034775,Christian Kirk,WR,2024,70.9,43.900000000000006,8
00-0029000,Cole Beasley,WR,2014,116.10000000000001,72.10000000000001,17
00-0025396,Ted Ginn,WR,2019,88.7,57.7,16
00-0034267,Jaleel Scott,WR,2020,2.6,1.6,1
00-0033466,Isaiah McKenzie,WR,2021,67.7,43.7,17
00-0033439,Pharaoh Brown,TE,2024,12.5,4.5,10
00-0037120,Tyler Goodson,RB,2023,18.1,12.100000000000001,6
00-0031285,Devonta Freeman,RB,2017,228.4,186.4,16
00-0033079,Ricardo Louis,WR,2017,62.7,35.7,14
00-0027691,Andre Roberts,WR,2021,12.4,11.4,16
00-0031339,Donte Moncrief,WR,2018,132.8,84.8,16
00-0035181,Darrius Shepherd,WR,2020,9.6,4.6000000000000005,8
00-0036414,Cam Akers,RB,2025,7.180000000000001,7.180000000000001,4
00-0034753,Mark Andrews,TE,2020,185.0,119.00000000000001,16
00-0033856,Leonard Fournette,RB,2023,4.0,4.0,2
00-0035547,Joseph Fortson,TE,2022,31.8,22.8,11
00-0030578,Cordarrelle Patterson,RB,2024,37.5,25.500000000000004,14
00-0034772,Antonio Callaway,WR,2019,16.900000000000002,8.9,4
00-0036252,Michael Pittman,WR,2020,114.00000000000001,69.0,14
00-0034988,Kaden Smith,TE,2020,29.2,11.200000000000001,15
00-0033258,Darrell Daniels,TE,2017,5.6,2.6,7
00-0026293,Matthew Slater,WR,2016,0.5,0.5,8
00-0022942,Philip Rivers,QB,2019,235.5,235.5,16
00-0034301,Darrel Williams,RB,2018,23.0,20.0,6
00-0033308,Matt Breida,RB,2022,71.8,50.8,19
00-0035140,Mecole Hardman,WR,2024,33.2,21.200000000000003,12
00-0036275,D'Andre Swift,RB,2024,214.5,172.5,17
00-0030565,Geno Smith,QB,2023,227.26,226.26,15
00-0036173,Tommy Hudson,TE,2021,6.1000000000000005,3.1000000000000005,4
00-0037239,Chris Olave,WR,2022,198.20000000000002,126.2,15
00-0026314,Josh Morgan,WR,2014,26.0,16.0,8
00-0030506,Travis Kelce,TE,2025,193.20000000000002,117.2,17
00-0035401,Damion Willis,WR,2019,17.200000000000003,8.2,7
00-0036365,Bryan Edwards,WR,2020,36.300000000000004,25.300000000000004,9
00-0031381,Davante Adams,WR,2014,127.0,81.0,16
00-0035249,Josh Oliver,TE,2024,67.3,44.3,13
00-0035259,Trevon Wesco,TE,2020,1.5,0.5,3
00-0034365,Ian Thomas,TE,2020,40.5,20.5,13
00-0030151,Tyler Bray,QB,2020,0.72,0.72,1
00-0036278,Jason Huntley,RB,2021,5.1000000000000005,5.1000000000000005,1
00-0039062,Jonathan Mingo,WR,2023,84.8,41.800000000000004,15
00-0038045,Isaiah Spiller,RB,2022,8.4,5.4,5
00-0035640,DK Metcalf,WR,2025,193.4,132.4,16
00-0032055,Devin Funchess,WR,2017,206.9,139.9,17
00-0033576,Eric Saubert,TE,2023,4.2,1.2,3
00-0029689,Dwayne Allen,TE,2016,113.6,78.6,14
00-0030737,Freddie Martino,WR,2016,28.200000000000003,20.200000000000003,7
00-0034981,Foster Moreau,TE,2023,46.300000000000004,25.3,13
00-0036259,Jauan Jennings,WR,2021,92.5,62.5,16
00-0034208,Mike Boone,RB,2023,13.3,6.300000000000001,9
00-0031428,Allen Robinson,WR,2020,274.4,166.4,17
00-0038797,Emanuel Wilson,RB,2024,99.9,87.9,18
00-0040719,Bhayshul Tuten,RB,2025,93.7,83.7,16
00-0028142,Virgil Green,TE,2015,38.7,24.7,15
00-0034845,Sony Michel,RB,2018,210.6,202.60000000000002,16
00-0031237,Teddy Bridgewater,QB,2015,206.28,206.28,17
00-0031544,Amari Cooper,WR,2021,220.9,146.9,16
00-0032062,Blake Bell,TE,2021,20.0,10.0,12
00-0027942,A.J. Green,WR,2015,291.8,200.8,17
00-0026176,Jordy Nelson,WR,2014,344.2,239.20000000000002,18
00-0036825,Feleipe Franks,TE,2024,2.2,1.2000000000000002,9
00-0038597,Chase Brown,RB,2024,255.0,201.0,16
00-0030564,DeAndre Hopkins,WR,2017,309.8,213.8,15
00-0031060,De'Anthony Thomas,WR,2014,61.900000000000006,38.900000000000006,12
00-0024334,Brandon Marshall,WR,2018,30.6,19.6,6
00-0034777,DJ Chark,WR,2021,34.400000000000006,27.4,3
00-0027150,Julian Edelman,WR,2019,269.48,166.48,17
00-0037306,John FitzPatrick,TE,2025,25.2,13.200000000000001,11
00-0035329,Donald Parham,TE,2021,59.0,39.0,13
00-0025394,Adrian Peterson,RB,2015,266.5,234.5,17
00-0028825,Terrelle Pryor,WR,2017,50.0,30.000000000000004,8
00-0031344,Cody Latimer,WR,2015,24.099999999999998,15.1,10
00-0034353,Anthony Miller,WR,2020,113.10000000000001,62.1,17
00-0039530,Brevyn Spann-Ford,TE,2024,17.8,8.8,11
00-0030514,Mychal Rivera,TE,2016,50.3,28.3,11
00-0032134,C.J. Uzomah,TE,2023,19.8,11.8,8
00-0032764,Derrick Henry,RB,2024,381.40000000000003,362.40000000000003,19
00-0034837,Calvin Ridley,WR,2019,197.0,134.0,13
00-0031547,DeVante Parker,WR,2020,166.3,103.30000000000001,14
00-0038558,Darnell Washington,TE,2023,13.100000000000001,6.1000000000000005,9
00-0036360,Clyde Edwards-Helaire,RB,2024,10.0,7.0,2
00-0036637,Noah Gray,TE,2025,38.800000000000004,17.8,14
00-0033308,Matt Breida,RB,2018,162.5,135.5,14
00-0034487,Trent Sherfield,WR,2021,23.7,14.700000000000001,14
00-0033897,Joe Mixon,RB,2022,274.8,206.8,17
00-0035406,Lil'Jordan Humphrey,WR,2022,4.0,2.0,4
00-0030422,Dion Sims,TE,2015,34.7,16.700000000000003,13
00-0027732,Michael Hoomanawanui,TE,2015,34.6,23.6,10
00-0039686,Colson Yankoff,TE,2025,3.8000000000000003,1.8,10
00-0033572,Jamal Agnew,WR,2022,72.2,46.2,17
00-0038098,Pierre Strong,RB,2022,27.2,20.2,10
00-0034052,Brandon Zylstra,WR,2020,6.6000000000000005,3.6,5
00-0036182,Nick Westbrook-Ikhine,WR,2021,107.60000000000001,69.6,16
00-0033936,C.J. Beathard,QB,2017,88.8,88.8,6
00-0034577,Kyle Allen,QB,2021,7.9,7.9,2
00-0031585,MyCole Pruitt,TE,2018,25.2,16.2,7
00-0033251,Zach Pascal,WR,2021,94.5,56.50000000000001,16
00-0031900,Rod Smith,RB,2015,2.1,1.1,5
00-0038579,Aidan O'Connell,QB,2023,125.82000000000001,125.82000000000001,11
00-0032062,Blake Bell,TE,2017,6.9,3.9000000000000004,3
00-0039916,Ricky Pearsall,WR,2024,93.5,62.50000000000001,11
00-0036963,Amon-Ra St. Brown,WR,2025,324.0,207.0,17
00-0031376,Jerick McKinnon,RB,2023,87.86,60.86,13
00-0036912,DeVonta Smith,WR,2021,197.6,129.6,18
00-0033873,Patrick Mahomes,QB,2017,10.36,10.36,1
00-0031682,Terron Ward,RB,2015,31.8,22.8,10
00-0034253,Dontrell Hilliard,RB,2022,77.2,56.2,12
00-0036425,DeeJay Dallas,RB,2022,47.5,30.5,16
00-0033098,Cardale Jones,QB,2016,1.7399999999999998,1.7399999999999998,1
00-0031588,Stefon Diggs,WR,2024,121.92,74.92,8
00-0031972,Darius Jennings,WR,2019,3.7,1.7000000000000002,10
00-0030549,Tyler Eifert,TE,2015,202.3,145.3,14
00-0031588,Stefon Diggs,WR,2020,391.70000000000005,244.70000000000002,19
00-0034348,Courtland Sutton,WR,2018,136.3,94.3,16
00-0031951,James O'Shaughnessy,TE,2019,41.3,27.3,5
00-0031384,Richard Rodgers,TE,2014,70.3,45.3,15
00-0024221,Vernon Davis,TE,2018,75.7,50.7,13
00-0037292,Andrew Ogletree,TE,2024,25.9,16.900000000000002,12
00-0030549,Tyler Eifert,TE,2017,8.6,4.6000000000000005,2
00-0033307,Kendrick Bourne,WR,2024,65.1,37.1,12
00-0032881,Tommylee Lewis,WR,2018,14.0,11.0,9
00-0028118,Tyrod Taylor,QB,2015,271.6,270.6,14
00-0027873,Jermaine Gresham,TE,2016,88.10000000000001,51.1,16
00-0027202,Michael Palmer,TE,2014,7.1,6.1,6
00-0032688,Robbie Chosen,WR,2019,162.3,110.3,16
00-0033906,Alvin Kamara,RB,2023,233.0,158.0,13
00-0033857,JuJu Smith-Schuster,WR,2021,42.4,22.4,6
00-0038618,Xavier Hutchinson,WR,2023,26.8,14.8,14
00-0029129,Rod Streater,WR,2016,49.1,31.1,14
00-0031236,Brandin Cooks,WR,2023,184.5,124.5,17
00-0030670,Bennie Fowler,WR,2015,43.8,25.8,18
00-0028198,Matt Asiata,RB,2014,194.2,150.2,15
00-0034654,Dalyn Dawkins,RB,2019,2.6000000000000005,2.6000000000000005,2
00-0029701,Ryan Tannehill,QB,2020,353.56,351.56,17
00-0029567,Nick Foles,QB,2017,101.52000000000001,100.52000000000001,10
00-0024535,Eric Weems,WR,2014,32.2,22.2,10
00-0034857,Josh Allen,QB,2020,467.24,466.24,19
00-0029205,Travaris Cadet,RB,2014,72.8,34.800000000000004,14
00-0028249,Jeremy Ross,WR,2014,61.3,37.300000000000004,17
00-0035700,Josh Jacobs,RB,2024,314.20000000000005,275.20000000000005,18
00-0025418,Greg Olsen,TE,2016,207.3,127.30000000000001,16
00-0031558,Maxx Williams,TE,2022,4.800000000000001,1.8000000000000003,3
00-0037120,Tyler Goodson,RB,2024,44.4,33.400000000000006,14
00-0027793,Antonio Brown,WR,2016,368.2,244.20000000000002,18
00-0033357,Taysom Hill,TE,2022,145.8,136.8,16
00-0022803,Eli Manning,QB,2017,187.32,187.32,15
00-0035594,Travis Homer,RB,2019,36.7,22.700000000000003,9
00-0031806,Malcolm Brown,RB,2016,9.5,6.5,11
00-0033293,Aaron Jones,RB,2021,255.0,194.0,16
00-0024221,Vernon Davis,TE,2017,121.8,78.8,16
00-0030443,Levine Toilolo,TE,2018,53.3,32.3,11
00-0032423,Trevor Davis,WR,2019,30.400000000000002,22.400000000000002,14
00-0036887,Luke Farrell,TE,2022,8.0,4.0,4
00-0026153,Jonathan Stewart,RB,2016,146.4,138.4,13
00-0034364,Jordan Akins,TE,2018,42.3,23.3,15
00-0036233,Donovan Peoples-Jones,WR,2022,167.1,106.10000000000001,17
00-0033110,Tyler Higbee,TE,2018,82.7,52.7,16
00-0031288,AJ McCarron,QB,2023,0.76,0.76,2
00-0027966,Mark Ingram,RB,2014,191.9,162.9,13
00-0034970,Irv Smith,TE,2020,98.5,68.5,13
00-0031332,Fitzgerald Toussaint,RB,2014,7.699999999999999,3.7,3
00-0038573,Derius Davis,WR,2024,41.2,27.200000000000003,16
00-0033282,Curtis Samuel,WR,2023,157.2,95.2,16
00-0036456,Dominique Dafney,TE,2020,10.600000000000001,8.6,4
00-0037011,Tre' McKitty,TE,2021,10.5,4.5,6
00-0036196,Gabe Davis,WR,2025,34.300000000000004,20.3,7
00-0029155,Mike Brown,WR,2014,13.8,6.800000000000001,5
00-0036650,Larry Rountree III,RB,2022,5.300000000000001,3.3000000000000003,2
00-0027981,Kyle Rudolph,TE,2015,131.9,81.9,17
00-0029159,Jermaine Kearse,WR,2017,176.0,111.0,16
00-0030279,Keenan Allen,WR,2023,278.86,170.86,13
00-0026035,Danny Amendola,WR,2014,95.5,57.5,18
00-0033079,Ricardo Louis,WR,2016,38.5,20.5,14
00-0028097,Lee Smith,TE,2018,35.3,25.3,9
00-0035359,David Sills,WR,2022,21.6,10.600000000000001,7
00-0036268,Laviska Shenault Jr.,WR,2022,72.7,45.7,13
00-0032940,DeAndre Washington,RB,2017,85.0,51.0,15
00-0027651,Dexter McCluster,WR,2014,64.8,38.800000000000004,13
00-0022044,Andre Johnson,WR,2014,190.6,105.6,15
00-0036442,Joe Burrow,QB,2023,147.16,147.16,10
00-0034975,Justice Hill,RB,2023,126.7,92.7,18
00-0030061,Zach Ertz,TE,2021,185.8,108.80000000000001,18
00-0032694,Jalin Marshall,WR,2016,40.2,26.2,10
00-0036265,AJ Dillon,RB,2025,9.100000000000001,6.1000000000000005,6
00-0034676,James Washington,WR,2019,133.5,89.5,15
00-0031273,Cameron Brate,TE,2017,143.1,95.10000000000001,16
00-0036110,Ja'Marcus Bradley,WR,2020,11.0,6.0,1
00-0032134,C.J. Uzomah,TE,2022,56.2,35.2,14
00-0032959,Charone Peake,WR,2018,4.5,2.5,6
00-0031384,Richard Rodgers,TE,2022,1.4,0.4,3
00-0040142,Kaleb Johnson,RB,2025,8.8,7.800000000000001,10
00-0030653,Ray Agnew,RB,2014,4.7,1.7000000000000002,10
00-0038938,Jalin Hyatt,WR,2024,14.2,6.2,10
00-0027688,Colt McCoy,QB,2019,4.28,4.28,1
00-0030433,Mike Gillislee,RB,2016,125.7,116.7,15
00-0033387,Jacob Hollister,TE,2018,9.2,5.2,3
00-0031939,Matt Jones,RB,2016,75.3,67.3,7
00-0032940,DeAndre Washington,RB,2018,11.4,10.4,8
00-0033375,Tim Patrick,WR,2019,37.8,21.8,8
00-0028903,Garrett Celek,TE,2018,26.0,21.0,8
00-0036422,Adam Trautman,TE,2025,45.5,25.5,14
00-0031382,Jarvis Landry,WR,2020,223.16,139.16,17
00-0037429,Raheem Blackshear,RB,2024,8.0,8.0,16
00-0032792,Nate Sudfeld,QB,2018,4.68,4.68,2
00-0032398,Chris Moore,WR,2019,5.1,2.1,8
00-0033040,Tyreek Hill,WR,2025,53.5,32.5,4
00-0034286,Richie James,WR,2022,157.70000000000002,89.7,18
00-0029640,Brian Quick,WR,2016,115.4,74.4,16
00-0029608,T.Y. Hilton,WR,2016,273.8,182.8,16
00-0035261,Tony Pollard,RB,2022,266.0,222.0,18
00-0032144,Melvin Gordon,RB,2023,19.7,16.7,4
00-0033591,Noah Brown,WR,2023,101.60000000000001,68.60000000000001,11
00-0033921,Chris Godwin Jr.,WR,2018,185.2,126.2,16
00-0038555,Tank Bigsby,RB,2023,24.8,23.8,13
00-0036620,Dee Eskridge,WR,2025,10.2,6.2,11
00-0037801,KaVontae Turpin,WR,2022,5.4,3.4000000000000004,19
00-0032964,Byron Marshall,RB,2017,12.799999999999999,6.800000000000001,4
00-0027973,Andy Dalton,QB,2016,260.64,260.64,16
00-0034104,Cam Sims,WR,2019,4.7,2.7,3
00-0024296,Charlie Whitehurst,QB,2016,9.38,9.38,1
00-0032795,Cody Core,WR,2016,37.0,20.0,7
00-0036355,Justin Herbert,QB,2022,297.38,295.38,18
00-0040259,Gage Larvadain,WR,2025,14.4,7.4,13
00-0033589,David Moore,WR,2020,120.30000000000001,84.30000000000001,17
00-0033127,Will Fuller,WR,2021,8.6,4.6,2
00-0033891,Zay Jones,WR,2021,123.0,71.0,16
00-0030279,Keenan Allen,WR,2021,257.8,151.8,16
00-0028067,Julius Thomas,TE,2015,121.5,75.5,12
00-0031547,DeVante Parker,WR,2022,102.9,71.9,12
00-0039405,Jawhar Jordan,RB,2025,29.7,22.7,4
00-0034830,Hayden Hurst,TE,2023,42.400000000000006,24.400000000000002,9
00-0031793,Terrell Watson,RB,2016,10.3,9.3,1
00-0034401,Mike White,QB,2024,1.12,1.12,1
00-0034830,Hayden Hurst,TE,2021,64.1,38.1,12
00-0035217,Benny Snell,RB,2022,18.7,16.7,9
00-0039648,David Martin-Robinson,TE,2025,13.0,9.0,11
00-0034487,Trent Sherfield,WR,2020,10.0,5.0,9
00-0035993,Tyler Huntley,QB,2021,82.64000000000001,82.64000000000001,7
00-0036894,Pat Freiermuth,TE,2024,174.8,106.8,18
00-0035624,N'Keal Harry,TE,2022,24.6,17.6,6
00-0036971,Trevor Lawrence,QB,2022,331.22,331.22,19
00-0027675,Ed Dickson,TE,2018,53.4,37.4,10
00-0027793,Antonio Brown,WR,2019,16.1,12.100000000000001,1
00-0032063,Mike Davis,RB,2020,206.5,147.5,15
00-0030549,Tyler Eifert,TE,2019,106.6,63.6,16
00-0029567,Nick Foles,QB,2014,119.32000000000001,119.32000000000001,8
00-0027691,Andre Roberts,WR,2017,2.2,1.2000000000000002,18
00-0029613,Doug Martin,RB,2018,119.9,101.9,16
00-0033466,Isaiah McKenzie,WR,2022,122.80000000000001,78.8,16
00-0027981,Kyle Rudolph,TE,2022,11.8,8.8,5
00-0038117,Wan'Dale Robinson,WR,2025,217.9,125.9,16
00-0033576,Eric Saubert,TE,2021,18.700000000000003,10.7,10
00-0036893,Najee Harris,RB,2021,303.5,227.5,18
00-0031687,Raheem Mostert,RB,2023,271.7,245.70000000000002,16
00-0032160,Tyrell Williams,WR,2018,155.1,107.10000000000001,17
00-0033094,Marvin Hall,WR,2020,60.300000000000004,42.300000000000004,11
00-0034132,Christian Blake,WR,2019,20.1,9.100000000000001,7
00-0036984,Trey Sermon,RB,2023,20.3,17.3,8
00-0030472,Jordan Reed,TE,2018,119.8,65.8,13
00-0030564,DeAndre Hopkins,WR,2023,223.6,148.6,17
00-0032864,Alex Ellis,TE,2016,4.1,1.1,5
00-0029738,Darren Fells,TE,2015,85.10000000000001,60.1,14
00-0036100,Isaiah Zuber,WR,2020,7.0,5.0,4
00-0040547,Nate Carter,RB,2025,4.000000000000001,4.000000000000001,2
00-0035268,Ryquell Armstead,RB,2021,12.6,9.600000000000001,2
00-0032208,Phillip Dorsett,WR,2016,98.80000000000001,65.8,15
00-0033217,Mo Alie-Cox,TE,2021,79.6,55.6,17
00-0036427,Tyler Johnson,WR,2024,61.1,35.1,11
00-0034319,Deon Yelder,TE,2020,10.6,3.6000000000000005,6
00-0030414,Spencer Ware,RB,2018,82.1,61.1,13
00-0028986,Case Keenum,QB,2017,262.64,262.64,17
00-0035596,Kerrith Whyte,RB,2019,14.1,13.1,6
00-0036887,Luke Farrell,TE,2021,12.6,5.6000000000000005,8
00-0027155,Rashad Jennings,RB,2016,142.7,106.7,14
00-0023682,Ryan Fitzpatrick,QB,2019,241.46,241.46,15
00-0031544,Amari Cooper,WR,2016,235.3,150.3,17
00-0032268,Marcus Mariota,QB,2021,14.860000000000001,14.860000000000001,7
00-0034771,Mason Rudolph,QB,2024,95.8,95.8,8
00-0039066,Michael Mayer,TE,2025,73.8,38.8,13
00-0036879,Sam Ehlinger,QB,2021,0.9,0.9,3
00-0031545,Kevin White,WR,2022,9.4,7.4,6
00-0036415,Van Jefferson,WR,2025,70.0,41.0,14
00-0031697,Jordan Taylor,WR,2016,46.9,30.9,11
00-0038611,Chris Rodriguez Jr.,RB,2023,37.900000000000006,35.900000000000006,9
00-0032355,Chester Rogers,WR,2019,47.7,31.7,10
00-0039066,Michael Mayer,TE,2023,71.4,44.400000000000006,13
00-0039703,Cody Schrader,RB,2024,1.9,0.9,2
00-0039236,Johnny Wilson,WR,2024,14.8,9.8,11
00-0029388,Deonte Thompson,WR,2018,33.1,16.1,13
00-0035298,Scott Miller,WR,2019,40.6,27.6,9
00-0027939,Cam Newton,QB,2016,254.26000000000002,254.26000000000002,15
00-0034411,Russell Gage,WR,2021,163.0,97.0,13
00-0026345,Pierre Garcon,WR,2016,201.1,122.10000000000001,16
00-0035644,Noah Fant,TE,2021,159.0,91.0,16
00-0033319,Nick Mullens,QB,2023,66.74000000000001,66.74000000000001,5
00-0033246,Johnny Mundt,TE,2021,1.9,0.9,3
00-0031042,Jace Amaro,TE,2016,8.9,5.9,1
00-0040164,Jaylin Lane,WR,2025,51.2,35.2,15
00-0034753,Mark Andrews,TE,2023,138.9,91.9,11
00-0038979,Cedric Tillman,WR,2024,80.4,51.4,9
00-0031235,Odell Beckham Jr.,WR,2023,114.9,75.9,16
00-0032123,Tre McBride,WR,2017,22.400000000000002,14.400000000000002,6
00-0033717,Travis Rudolph,WR,2017,18.1,10.100000000000001,6
00-0036427,Tyler Johnson,WR,2025,37.7,25.700000000000003,9
00-0039880,Malik Washington,WR,2024,56.8,30.8,14
00-0032791,Jakeem Grant,WR,2017,46.5,33.5,15
00-0030279,Keenan Allen,WR,2016,12.3,6.300000000000001,1
00-0034426,Javon Wims,WR,2020,20.8,13.8,11
00-0037012,Trey Lance,QB,2025,13.54,13.54,4
00-0031053,Jalen Saunders,WR,2014,1.7000000000000002,0.7000000000000001,8
00-0031868,Damiere Byrd,WR,2016,2.6,1.6,1
00-0030035,Adam Thielen,WR,2025,44.1,23.1,15
00-0035689,Dawson Knox,TE,2020,95.3,61.3,14
00-0033246,Johnny Mundt,TE,2022,41.2,21.200000000000003,14
00-0033040,Tyreek Hill,WR,2018,364.0,268.0,18
00-0026544,Chase Daniel,QB,2018,30.700000000000003,29.700000000000003,4
00-0034521,Allen Lazard,WR,2025,23.0,13.0,9
00-0038122,Desmond Ridder,QB,2023,177.14000000000001,176.14000000000001,15
00-0038618,Xavier Hutchinson,WR,2024,37.3,20.3,16
00-0032725,Stephen Anderson,TE,2016,26.3,15.3,11
00-0030433,Mike Gillislee,RB,2018,4.2,3.2,4
00-0032775,Demarcus Robinson,WR,2017,57.9,32.9,11
00-0029510,Jonathan Grimes,RB,2014,29.900000000000002,23.900000000000002,12
00-0036326,Chase Claypool,WR,2021,172.1,110.10000000000001,16
00-0034981,Foster Moreau,TE,2020,33.0,26.0,8
00-0026184,Matt Forte,RB,2014,346.6,244.60000000000002,16
00-0033288,George Kittle,TE,2021,221.8,143.8,17
00-0029319,Josh Bellamy,WR,2019,4.0,2.0,5
00-0025394,Adrian Peterson,RB,2014,11.3,9.3,1
00-0028007,Rob Housler,TE,2014,22.0,13.0,13
00-0037276,Ty Chandler,RB,2022,2.0,2.0,2
00-0030485,Eddie Lacy,RB,2015,162.0,140.0,17
00-0038573,Derius Davis,WR,2023,37.7,22.700000000000003,17
00-0039164,Anthony Richardson,QB,2024,163.36,162.36,11
00-0031376,Jerick McKinnon,RB,2017,214.70000000000002,149.70000000000002,18
00-0034370,DaeSean Hamilton,WR,2020,62.3,39.300000000000004,12
00-0039816,Anthony Gould,WR,2025,2.6,0.6000000000000001,11
00-0034766,Chris Herndon,TE,2019,1.7000000000000002,0.7000000000000001,1
00-0032765,Michael Thomas,WR,2016,255.70000000000002,163.70000000000002,15
00-0036554,Nico Collins,WR,2023,294.2,203.20000000000002,17
00-0032972,Devontae Booker,RB,2018,87.80000000000001,49.800000000000004,16
00-0032464,Kalif Raymond,WR,2017,2.1,1.1,8
00-0035823,Ben Ellefson,TE,2020,4.0,3.0,3
00-0035572,Parker Hesse,TE,2022,17.9,8.9,12
00-0030085,Kenny Stills,WR,2018,134.42000000000002,97.42,15
00-0029664,Josh Gordon,WR,2018,138.7,97.7,12
00-0030513,Latavius Murray,RB,2023,91.9,69.9,17
00-0040432,Beaux Collins,WR,2025,4.5,2.5,4
00-0036040,Juwan Johnson,TE,2025,179.9,102.9,17
00-0031590,Jay Ajayi,RB,2017,164.5,134.5,17
00-0032385,Sterling Shepard,WR,2022,34.400000000000006,21.400000000000002,3
00-0027948,Blaine Gabbert,QB,2014,6.02,6.02,1
00-0036358,CeeDee Lamb,WR,2020,217.70000000000002,143.70000000000002,16
00-0036427,Tyler Johnson,WR,2020,46.0,32.0,13
00-0022924,Ben Roethlisberger,QB,2015,254.84,254.84,14
00-0038679,Tyrell Shavers,WR,2025,47.900000000000006,31.900000000000002,12
00-0031325,Sammy Watkins,WR,2020,89.7,51.7,11
00-0040727,Tre Harris,WR,2025,73.4,41.4,17
00-0029857,Ryan Griffin,QB,2019,0.62,0.62,2
00-0036635,Ihmir Smith-Marsette,WR,2021,28.6,23.6,6
00-0030789,Antonio Andrews,RB,2015,112.04,91.04,14
00-0025396,Ted Ginn,WR,2018,68.7,45.7,7
00-0040734,TreVeyon Henderson,RB,2025,222.1,182.10000000000002,21
00-0027793,Antonio Brown,WR,2021,121.10000000000001,79.10000000000001,7
00-0035356,Tyree Jackson,TE,2021,11.2,8.2,3
00-0038476,Tommy DeVito,QB,2024,13.480000000000002,13.480000000000002,2
00-0027675,Ed Dickson,TE,2016,29.400000000000002,19.400000000000002,13
00-0036384,Ben DiNucci,QB,2020,6.960000000000001,6.960000000000001,2
00-0037828,Danny Gray,WR,2022,2.9,1.9,8
00-0029263,Russell Wilson,QB,2015,371.88,371.88,18
00-0036424,Brycen Hopkins,TE,2021,10.6,5.6000000000000005,2
00-0033111,Pharoh Cooper,WR,2016,22.6,8.600000000000001,9
00-0038563,Tre Tucker,WR,2025,161.7,104.7,17
00-0032365,DeMarcus Ayers,WR,2016,21.8,12.8,4
00-0035924,Jonathan Ward,RB,2023,1.1,1.1,2
00-0036894,Pat Freiermuth,TE,2025,116.4,74.4,16
00-0033119,Jacoby Brissett,QB,2022,168.62,168.62,14
00-0036250,Tyler Davis,TE,2022,6.6,2.5999999999999996,11
00-0031590,Jay Ajayi,RB,2018,43.4,38.4,4
00-0033118,Kenyan Drake,RB,2017,142.3,110.3,16
00-0033885,David Njoku,TE,2021,107.60000000000001,71.60000000000001,15
00-0033873,Patrick Mahomes,QB,2024,348.38,347.38,19
00-0035719,Deebo Samuel Sr.,WR,2023,272.8,199.8,18
00-0033307,Kendrick Bourne,WR,2019,118.6,82.6,19
00-0036988,Josh Palmer,WR,2023,106.7,68.7,10
00-0030414,Spencer Ware,RB,2019,12.3,7.300000000000001,3
00-0036269,La'Mical Perine,RB,2023,14.0,11.0,2
00-0035924,Jonathan Ward,RB,2021,9.7,6.7,9
00-0035567,Craig Reynolds,RB,2024,20.900000000000002,17.900000000000002,9
00-0035535,Darius Slayton,WR,2019,170.0,122.0,14
00-0033895,Gerald Everett,TE,2023,111.10000000000001,60.1,15
00-0030068,Marquise Goodwin,WR,2022,90.2,63.2,13
00-0032394,Nick Vannett,TE,2017,30.4,18.4,10
00-0028237,Chris Hogan,WR,2020,25.8,11.8,5
00-0032404,Tyler Ervin,RB,2020,26.099999999999998,15.100000000000001,8
00-0037545,Rashid Shaheed,WR,2025,175.6,113.6,21
00-0025701,Jackie Battle,RB,2014,14.7,9.7,10
00-0029293,Marvin Jones,WR,2016,184.4,125.4,16
00-0032128,Chris Conley,WR,2018,91.39999999999999,59.4,18
00-0032009,Adam Humphries,WR,2021,79.3,38.300000000000004,17
00-0038476,Tommy DeVito,QB,2023,93.54,93.54,9
00-0032054,Breshad Perriman,WR,2019,138.1,102.1,14
00-0030431,Robert Woods,WR,2015,118.2,71.2,14
00-0034419,Braxton Berrios,WR,2023,57.9,30.900000000000002,17
00-0033280,Christian McCaffrey,RB,2024,47.800000000000004,32.800000000000004,4
00-0034331,Jaylen Samuels,RB,2020,16.400000000000002,7.4,9
00-0037239,Chris Olave,WR,2023,231.3,144.3,16
00-0034869,Sam Darnold,QB,2018,168.1,168.1,13
00-0034830,Hayden Hurst,TE,2024,15.3,7.300000000000001,7
00-0033906,Alvin Kamara,RB,2018,390.90000000000003,294.90000000000003,17
00-0030663,Willie Snead,WR,2023,3.4,1.4,2
00-0026224,Harry Douglas,WR,2017,1.8,0.8,1
00-0028825,Terrelle Pryor,WR,2015,5.1000000000000005,4.1000000000000005,2
00-0038608,Kayshon Boutte,WR,2024,121.9,78.9,15
00-0038606,Parker Washington,WR,2024,97.0,65.0,14
00-0033576,Eric Saubert,TE,2019,4.1,2.1,2
00-0039915,Ladd McConkey,WR,2024,275.6,184.60000000000002,17
00-0036442,Joe Burrow,QB,2020,173.72,173.72,10
00-0032937,Max McCaffrey,WR,2017,1.4,0.4,2
00-0036415,Van Jefferson,WR,2021,188.9,129.9,21
00-0030470,Vance McDonald,TE,2017,60.0,36.0,11
00-0038582,Clayton Tune,QB,2025,1.9800000000000002,1.9800000000000002,2
00-0031558,Maxx Williams,TE,2017,28.200000000000003,13.200000000000001,10
00-0032450,Dwayne Washington,RB,2022,5.5,4.5,7
00-0033111,Pharoh Cooper,WR,2020,12.299999999999999,7.300000000000001,15
00-0031266,Zach Mettenberger,QB,2014,70.88,70.88,7
00-0035844,Kirk Merritt,WR,2021,2.3,1.3,1
00-0032054,Breshad Perriman,WR,2017,17.7,7.700000000000001,11
00-0035006,Bisi Johnson,WR,2019,82.7,49.7,14
00-0030520,Mike Glennon,QB,2014,89.58,89.58,6
00-0037809,Chig Okonkwo,TE,2022,97.2,65.2,16
00-0033104,Cody Kessler,QB,2016,77.0,77.0,9
00-0036225,Dalton Keene,TE,2020,4.6,1.6,3
00-0035208,Olamide Zaccheaus,WR,2024,127.9,75.9,19
00-0032098,Daniel Brown,TE,2020,5.1,3.1,8
00-0036628,John Bates,TE,2023,34.1,15.100000000000001,15
00-0034844,Saquon Barkley,RB,2025,248.4,208.4,17
00-0028012,Ryan Mallett,QB,2014,19.799999999999997,19.799999999999997,3
00-0031235,Odell Beckham Jr.,WR,2015,319.3,223.3,15
00-0035645,Gunner Olszewski,WR,2022,14.200000000000001,9.200000000000001,15
00-0031260,Logan Thomas,TE,2023,126.8,71.8,16
00-0028957,Austin Davis,QB,2014,107.64,107.64,9
00-0035298,Scott Miller,WR,2020,121.0,84.0,18
00-0027325,LeGarrette Blount,RB,2016,249.6,241.6,19
00-0027891,Golden Tate,WR,2019,154.20000000000002,105.2,11
00-0030154,Frankie Hammond,WR,2015,2.5,0.5,9
00-0034521,Allen Lazard,WR,2020,126.60000000000001,86.60000000000001,12
00-0036228,Dezmon Patmon,WR,2021,10.1,8.100000000000001,4
00-0032791,Jakeem Grant,WR,2019,47.9,28.9,9
00-0038797,Emanuel Wilson,RB,2023,20.5,15.5,7
00-0032577,D.J. Foster,RB,2020,1.9,0.9,6
00-0034365,Ian Thomas,TE,2021,36.800000000000004,18.8,14
00-0031806,Malcolm Brown,RB,2015,2.5,1.5,1
00-0027691,Andre Roberts,WR,2014,93.4,57.400000000000006,16
00-0030388,Joseph Randle,RB,2015,74.10000000000001,64.10000000000001,6
00-0031830,Alonzo Harris,RB,2015,1.9000000000000001,1.9000000000000001,3
00-0027696,Jimmy Graham,TE,2014,229.9,144.9,15
00-0033943,Josh Reynolds,WR,2021,80.6,51.6,11
00-0027685,Emmanuel Sanders,WR,2017,114.5,67.5,12
00-0032540,Tra Carson,RB,2019,10.600000000000001,6.6000000000000005,3
00-0034073,Ross Dwelley,TE,2018,3.4000000000000004,1.4000000000000001,3
00-0032208,Phillip Dorsett,WR,2022,51.7,31.7,15
00-0035594,Travis Homer,RB,2024,6.3999999999999995,3.4000000000000004,8
00-0032972,Devontae Booker,RB,2020,85.7,68.7,15
00-0031588,Stefon Diggs,WR,2015,156.5,100.5,14
00-0036997,Javonte Williams,RB,2023,179.2,132.20000000000002,16
00-0034983,Hunter Renfrow,WR,2025,35.900000000000006,20.900000000000002,6
00-0033662,Cooper Rush,QB,2025,1.7200000000000002,1.7200000000000002,4
00-0031533,Randall Telfer,TE,2016,2.4000000000000004,0.4,5
00-0032257,Duke Johnson,RB,2020,84.4,56.400000000000006,11
00-0034577,Kyle Allen,QB,2024,0.76,0.76,1
00-0040242,Jacory Croskey-Merritt,RB,2025,140.3,131.3,17
00-0030300,Jaron Brown,WR,2017,102.7,71.7,16
00-0036894,Pat Freiermuth,TE,2022,148.2,85.2,15
00-0031609,A.J. Derby,TE,2017,55.4,34.4,11
00-0027966,Mark Ingram,RB,2021,108.60000000000001,81.60000000000001,14
00-0027714,Dennis Pitta,TE,2014,28.5,12.5,3
00-0031236,Brandin Cooks,WR,2018,291.9,192.9,18
00-0028042,Luke Stocker,TE,2021,3.2,1.2000000000000002,6
00-0035399,Stanley Morgan,WR,2021,3.4000000000000004,1.4000000000000001,11
00-0035689,Dawson Knox,TE,2024,67.6,41.6,17
00-0030564,DeAndre Hopkins,WR,2025,67.0,45.0,17
00-0030485,Eddie Lacy,RB,2017,28.6,22.6,9
00-0033948,Jamaal Williams,RB,2018,114.4,87.4,16
00-0038519,Nikko Remigio,WR,2025,4.2,3.2,14
00-0033280,Christian McCaffrey,RB,2020,90.4,73.4,3
00-0026035,Danny Amendola,WR,2017,212.8,125.80000000000001,18
00-0035993,Tyler Huntley,QB,2022,68.46000000000001,68.46000000000001,6
00-0028825,Terrelle Pryor,WR,2016,213.44,136.44,16
00-0033386,Cody Hollister,WR,2021,7.300000000000001,3.3000000000000003,3
00-0039050,Payne Durham,TE,2024,34.5,23.5,8
00-0037420,Kwamie Lassiter II,WR,2023,1.2,0.2,1
00-0034011,Dan Arnold,TE,2019,32.7,24.700000000000003,5
00-0028097,Lee Smith,TE,2021,21.5,12.5,10
00-0036946,Kellen Mond,QB,2021,0.2,0.2,1
00-0036389,Jalen Hurts,QB,2022,457.5,457.5,18
00-0039920,Malachi Corley,WR,2025,31.6,20.6,12
00-0035406,Lil'Jordan Humphrey,WR,2025,47.4,31.4,9
00-0027531,Chris Ivory,RB,2014,152.4,134.4,16
00-0036133,James Proche,WR,2025,12.5,6.5,6
00-0034407,Ray-Ray McCloud,WR,2018,9.0,4.0,8
00-0029435,Damaris Johnson,WR,2014,72.0,41.0,16
00-0032135,Jesse James,TE,2018,84.3,54.300000000000004,15
00-0035535,Darius Slayton,WR,2021,68.60000000000001,42.6,13
00-0032257,Duke Johnson,RB,2021,59.10000000000001,55.10000000000001,5
00-0031599,Cameron Artis-Payne,RB,2016,28.5,27.5,3
00-0029137,Alshon Jeffery,WR,2020,23.5,17.5,7
00-0033045,Ezekiel Elliott,RB,2022,195.70000000000002,175.7,17
00-0034613,Tanner Hudson,TE,2025,47.8,28.8,10
00-0029682,Brock Osweiler,QB,2016,194.88,193.88,17
00-0039398,Joe Milton III,QB,2024,19.240000000000002,19.240000000000002,1
00-0026796,Arian Foster,RB,2015,77.0,55.0,4
00-0034253,Dontrell Hilliard,RB,2021,77.0,55.00000000000001,9
00-0033367,C.J. Board,WR,2021,9.700000000000001,5.7,6
00-0038608,Kayshon Boutte,WR,2025,155.9,113.9,18
00-0020337,Steve Smith,WR,2015,131.0,85.00000000000001,7
00-0033725,Corey Clement,RB,2021,28.9,22.9,11
00-0027996,Torrey Smith,WR,2015,125.30000000000001,92.30000000000001,16
00-0029269,Travis Benjamin,WR,2016,134.4,87.4,14
00-0036219,Marquez Callaway,WR,2022,37.800000000000004,21.8,10
00-0029273,Robert Turbin,RB,2018,0.30000000000000004,-0.7,2
00-0031285,Devonta Freeman,RB,2018,14.100000000000001,9.100000000000001,2
00-0031236,Brandin Cooks,WR,2020,232.0,151.0,15
00-0035631,Drew Sample,TE,2020,78.9,38.9,16
00-0033094,Marvin Hall,WR,2019,39.800000000000004,32.800000000000004,7
00-0030181,Jack Doyle,TE,2020,86.1,56.1,14
00-0039910,Jayden Daniels,QB,2024,428.2,428.2,20
00-0033119,Jacoby Brissett,QB,2024,45.24,45.24,7
00-0028050,Greg Salas,WR,2016,18.9,14.9,2
00-0031376,Jerick McKinnon,RB,2016,148.4,105.4,15
00-0037570,Dennis Houston,WR,2022,3.6,1.6,2
00-0036613,Jaylen Waddle,WR,2023,204.60000000000002,130.60000000000002,15
00-0034419,Braxton Berrios,WR,2020,97.3,60.300000000000004,16
00-0039065,Sam LaPorta,TE,2024,191.7,125.7,17
00-0031381,Davante Adams,WR,2016,296.4,205.4,19
00-0028042,Luke Stocker,TE,2016,7.3,2.3000000000000003,6
00-0037197,Isiah Pacheco,RB,2025,87.30000000000001,68.30000000000001,13
00-0035640,DK Metcalf,WR,2020,297.90000000000003,209.9,17
00-0036997,Javonte Williams,RB,2021,204.9,161.9,17
00-0032144,Melvin Gordon,RB,2017,288.1,230.1,16
00-0038544,Quentin Johnston,WR,2024,174.70000000000002,119.70000000000002,16
00-0031610,Darren Waller,TE,2018,15.600000000000001,9.600000000000001,4
00-0034348,Courtland Sutton,WR,2020,9.600000000000001,6.6000000000000005,1
00-0036970,Kyle Pitts,TE,2022,75.6,47.6,10
00-0031408,Mike Evans,WR,2020,292.0,211.0,20
00-0035553,Charles Jones,TE,2019,1.5,0.5,2
00-0034367,Nyheim Hines,RB,2019,117.9,73.9,16
00-0030789,Antonio Andrews,RB,2014,3.1,1.1,3
00-0036370,Joshua Kelley,RB,2021,17.0,12.0,8
00-0039365,Jacob Cowing,WR,2024,12.7,8.7,15
00-0039623,Mason Tipton,WR,2025,20.400000000000002,9.400000000000002,8
00-0032268,Marcus Mariota,QB,2018,175.92000000000002,174.92000000000002,14
00-0031788,Matt Lengel,TE,2018,10.700000000000001,7.700000000000001,7
00-0036407,Jerry Jeudy,WR,2022,204.20000000000002,137.20000000000002,15
00-0029119,Derek Carrier,TE,2021,3.3,1.3,2
00-0036906,Khalil Herbert,RB,2024,31.5,21.5,11
00-0036997,Javonte Williams,RB,2025,242.8,207.8,16
00-0036877,Jaelon Darden,WR,2024,1.6,0.6000000000000001,11
00-0032434,Brandon Allen,QB,2021,13.860000000000003,13.860000000000003,5
00-0036429,Charlie Woerner,TE,2023,6.2,3.2,12
00-0033357,Taysom Hill,TE,2019,119.7,98.7,17
00-0028121,Jordan Todman,RB,2014,75.4,50.400000000000006,16
00-0033127,Will Fuller,WR,2019,147.9,93.9,12
00-0034747,Marcell Ateman,WR,2018,36.4,21.4,7
00-0023682,Ryan Fitzpatrick,QB,2014,179.72,179.72,12
00-0031549,Nelson Agholor,WR,2019,94.0,55.00000000000001,11
00-0030472,Jordan Reed,TE,2014,94.5,44.5,11
00-0032972,Devontae Booker,RB,2017,91.4,61.400000000000006,13
00-0030061,Zach Ertz,TE,2015,170.3,95.30000000000001,15
00-0034646,Brandon Powell,WR,2021,6.0,6.0,10
00-0038550,Hendon Hooker,QB,2024,2.68,2.68,3
00-0037539,Lucas Krull,TE,2024,35.4,15.400000000000002,11
00-0033662,Cooper Rush,QB,2024,109.56,109.56,12
00-0037238,Drake London,WR,2024,280.8,180.8,17
00-0033110,Tyler Higbee,TE,2016,25.5,14.5,12
00-0026898,Mark Sanchez,QB,2018,0.31999999999999984,0.31999999999999984,2
00-0035891,Cody White,WR,2021,8.3,3.3000000000000003,6
00-0037840,Kyren Williams,RB,2024,299.8,261.8,18
00-0036290,Cole Kmet,TE,2025,90.9,57.900000000000006,18
00-0027796,Joe Webb,QB,2016,1.3,0.30000000000000004,9
00-0031941,Jamison Crowder,WR,2017,166.3,100.3,15
00-0032227,Jeff Heuerman,TE,2017,35.2,26.2,10
00-0037654,Tucker Fisk,TE,2023,1.9,0.9,2
00-0031045,Carlos Hyde,RB,2020,85.4,69.4,11
00-0027753,Andrew Quarless,TE,2015,7.1000000000000005,3.1000000000000005,3
00-0033080,Seth DeValve,TE,2018,18.400000000000002,13.4,7
00-0040129,Emeka Egbuka,WR,2025,195.7,132.7,17
00-0033526,Samaje Perine,RB,2018,6.700000000000001,3.7000000000000006,4
00-0024243,Marcedes Lewis,TE,2021,43.400000000000006,19.400000000000002,14
00-0025394,Adrian Peterson,RB,2018,189.0,169.0,16
00-0031610,Darren Waller,TE,2015,3.8000000000000003,1.8000000000000003,4
00-0034796,Lamar Jackson,QB,2023,385.88,384.88,18
00-0033375,Tim Patrick,WR,2025,51.7,36.7,14
00-0029604,Kirk Cousins,QB,2019,266.88,266.88,17
00-0033119,Jacoby Brissett,QB,2016,28.300000000000004,28.300000000000004,3
00-0033275,PJ Walker,QB,2022,39.14,39.14,6
00-0033757,Robert Tonyan,TE,2025,1.1,0.1,2
00-0034383,Dalton Schultz,TE,2020,146.5,83.5,16
00-0036439,Tyrie Cleveland,WR,2020,12.3,6.300000000000001,7
00-0037475,Stone Smartt,TE,2024,34.8,18.8,9
00-0038400,Tanner McKee,QB,2024,28.82,28.82,2
00-0031900,Rod Smith,RB,2017,92.4,73.4,13
00-0033439,Pharaoh Brown,TE,2019,4.699999999999999,2.7,7
00-0037809,Chig Okonkwo,TE,2023,113.4,59.400000000000006,17
00-0033925,D'Onta Foreman,RB,2022,131.0,126.0,16
00-0035703,Miles Boykin,WR,2019,56.4,40.4,13
00-0031418,Austin Seferian-Jenkins,TE,2018,26.0,15.0,5
00-0034348,Courtland Sutton,WR,2019,222.42000000000002,150.42000000000002,16
00-0036265,AJ Dillon,RB,2022,167.6,139.6,17
00-0030854,Erik Swoope,TE,2016,50.7,35.7,12
00-0031066,Lorenzo Taliaferro,RB,2016,4.0,1.0,1
00-0032319,Ross Travis,TE,2019,7.1000000000000005,3.1000000000000005,3
00-0031743,Akeem Hunt,RB,2017,9.4,5.4,14
00-0035289,Gardner Minshew,QB,2022,36.620000000000005,36.620000000000005,6
00-0036543,Spencer Brown,RB,2022,7.3,5.300000000000001,2
00-0033859,Josh Malone,WR,2020,6.800000000000001,2.8000000000000003,3
00-0032626,Geronimo Allison,WR,2018,62.3,42.300000000000004,5
00-0037258,Dameon Pierce,RB,2022,166.4,136.4,13
00-0026289,Tim Hightower,RB,2016,126.80000000000001,104.80000000000001,16
00-0031806,Malcolm Brown,RB,2020,115.4,90.4,18
00-0028121,Jordan Todman,RB,2015,9.3,9.3,8
00-0030155,Demetrius Harris,TE,2020,11.5,4.5,12
00-0029205,Travaris Cadet,RB,2016,94.0,54.0,15
00-0035956,Giovanni Ricci,TE,2023,1.2,0.2,2
00-0039152,Will Levis,QB,2024,119.94,119.94,12
00-0023496,Vincent Jackson,WR,2015,107.30000000000001,74.30000000000001,10
00-0029429,Bryce Brown,RB,2015,13.2,13.2,3
00-0033009,Tyler Boyd,WR,2018,221.10000000000002,145.1,14
00-0026983,Darrius Heyward-Bey,WR,2014,5.9,1.9000000000000004,10
00-0036955,Terrace Marshall Jr.,WR,2023,32.900000000000006,13.9,8
00-0031665,Zach Zenner,RB,2019,3.7,1.7000000000000002,3
00-0038046,Charlie Kolar,TE,2024,28.3,19.3,11
00-0040705,Chimere Dike,WR,2025,128.1,80.1,17
00-0036360,Clyde Edwards-Helaire,RB,2025,4.2,2.2,2
00-0036945,Justin Fields,QB,2021,126.80000000000001,126.80000000000001,12
00-0032048,Mack Brown,RB,2016,15.0,14.0,2
00-0036145,Lawrence Cager,TE,2023,13.6,9.6,5
00-0039923,J.J. McCarthy,QB,2025,125.38,125.38,10
00-0031428,Allen Robinson,WR,2017,2.7,1.7000000000000002,1
00-0039793,AJ Barner,TE,2024,78.5,48.5,15
00-0038583,Dorian Thompson-Robinson,QB,2024,15.8,15.8,6
00-0028434,Doug Baldwin,WR,2015,300.3,209.3,18
00-0032398,Chris Moore,WR,2018,46.300000000000004,27.3,16
00-0036360,Clyde Edwards-Helaire,RB,2021,130.5,109.5,12
00-0031326,Bruce Ellington,WR,2017,75.7,46.7,11
00-0030085,Kenny Stills,WR,2021,18.9,12.9,7
00-0033854,Dare Ogunbowale,RB,2019,75.3,40.300000000000004,16
00-0034816,Ronald Jones,RB,2022,16.2,15.2,6
00-0031788,Matt Lengel,TE,2016,10.200000000000001,8.2,3
00-0028958,Cory Harkey,TE,2015,7.6,2.6000000000000005,9
00-0031503,Jameis Winston,QB,2019,305.36,305.36,16
00-0027981,Kyle Rudolph,TE,2019,129.2,84.2,17
00-0034073,Ross Dwelley,TE,2023,2.2,1.2000000000000002,2
00-0031273,Cameron Brate,TE,2016,171.0,114.0,15
00-0032760,Josh Doctson,WR,2018,109.2,65.2,15
00-0026237,Andre Caldwell,WR,2015,36.1,23.1,15
00-0036482,Mike Strachan,WR,2023,5.5,4.5,2
00-0034365,Ian Thomas,TE,2025,24.4,11.4,9
00-0033895,Gerald Everett,TE,2022,162.4,98.4,16
00-0033526,Samaje Perine,RB,2023,121.30000000000001,71.30000000000001,17
00-0034676,James Washington,WR,2020,111.4,76.4,17
00-0035249,Josh Oliver,TE,2019,4.5,1.5,3
00-0030061,Zach Ertz,TE,2022,115.60000000000001,68.6,10
00-0035261,Tony Pollard,RB,2020,120.80000000000001,92.80000000000001,16
00-0027675,Ed Dickson,TE,2017,81.0,50.0,15
00-0031237,Teddy Bridgewater,QB,2025,2.88,2.88,3
00-0036425,DeeJay Dallas,RB,2025,2.1,2.1,5
00-0031066,Lorenzo Taliaferro,RB,2014,70.6,62.599999999999994,12
00-0027944,Julio Jones,WR,2016,330.3,228.3,17
00-0033069,Braxton Miller,WR,2016,30.9,15.9,10
00-0027902,Dez Bryant,WR,2015,89.1,58.1,9
00-0031373,Martavis Bryant,WR,2014,147.8,116.8,11
00-0035208,Olamide Zaccheaus,WR,2019,20.5,17.5,6
00-0030216,Josh Hill,TE,2018,47.6,27.6,14
00-0032765,Michael Thomas,WR,2017,307.1,188.10000000000002,18
00-0026143,Matt Ryan,QB,2021,222.92,222.92,17
00-0030279,Keenan Allen,WR,2019,261.5,157.5,16
00-0031763,DeAndre Carter,WR,2021,86.5,62.5,17
00-0033699,Austin Ekeler,RB,2022,391.0,282.0,18
00-0025516,Scott Chandler,TE,2014,114.7,67.7,16
00-0034798,Durham Smythe,TE,2019,13.5,6.5,12
00-0033955,Jeremy McNichols,RB,2024,70.7,61.7,18
00-0032688,Robbie Chosen,WR,2024,1.5,0.5,1
00-0033460,John Ross,WR,2018,84.89999999999999,63.9,13
00-0036972,Mac Jones,QB,2022,170.08,170.08,14
00-0025708,Matt Moore,QB,2017,41.34,41.34,4
00-0031544,Amari Cooper,WR,2024,132.8,82.8,16
00-0033871,Corey Davis,WR,2018,183.60000000000002,118.60000000000001,16
00-0032130,Jalston Fowler,RB,2015,22.700000000000003,17.700000000000003,12
00-0030789,Antonio Andrews,RB,2016,1.5,1.5,8
00-0027944,Julio Jones,WR,2020,146.10000000000002,95.10000000000001,9
00-0035287,KeeSean Johnson,WR,2019,46.0,25.0,10
00-0027939,Cam Newton,QB,2017,325.14,325.14,17
00-0031025,Michael Campanaro,WR,2017,52.5,33.5,13
00-0034339,Trey Quinn,WR,2018,22.5,13.5,3
00-0027061,Jared Cook,TE,2016,124.60000000000001,76.60000000000001,13
00-0034791,Nick Chubb,RB,2020,241.5,219.5,14
00-0030431,Robert Woods,WR,2022,117.7,64.7,17
00-0033932,Kenny Golladay,WR,2022,20.1,14.100000000000001,6
00-0038465,Malik Heath,WR,2023,33.5,18.5,12
00-0031299,Jordan Matthews,TE,2015,230.7,145.7,16
00-0030085,Kenny Stills,WR,2015,89.0,62.0,15
00-0032048,Mack Brown,RB,2017,5.0,4.0,3
00-0036971,Trevor Lawrence,QB,2024,145.2,145.2,10
00-0031503,Jameis Winston,QB,2025,43.28,42.28,3
00-0033296,Alex Armah,RB,2019,9.7,7.7,8
00-0030470,Vance McDonald,TE,2015,80.60000000000001,50.6,14
00-0027089,Louis Murphy,WR,2017,26.1,18.1,6
00-0037834,Brock Purdy,QB,2025,199.56,199.56,11
00-0038953,Dylan Drummond,WR,2025,11.2,4.2,6
00-0034208,Mike Boone,RB,2020,14.900000000000002,12.900000000000002,10
00-0040177,Jordan James,RB,2025,4.5,3.5,1
00-0031953,Geremy Davis,WR,2015,4.1,2.1,5
00-0034401,Mike White,QB,2021,44.019999999999996,44.019999999999996,4
00-0028142,Virgil Green,TE,2019,22.8,13.8,12
00-0028497,Kamar Aiken,WR,2018,11.3,5.300000000000001,3
00-0037801,KaVontae Turpin,WR,2024,104.2,73.2,17
00-0038416,Tyson Bagent,QB,2023,53.260000000000005,53.260000000000005,5
00-0033591,Noah Brown,WR,2024,86.30000000000001,51.300000000000004,11
00-0029580,Rishard Matthews,WR,2014,37.8,25.8,11
00-0032209,T.J. Yeldon,RB,2016,137.7,87.7,15
00-0027974,Colin Kaepernick,QB,2015,110.20000000000002,110.20000000000002,9
00-0029601,Brandon Bostick,TE,2016,14.3,6.300000000000001,9
00-0030433,Mike Gillislee,RB,2017,68.8,67.8,9
00-0033699,Austin Ekeler,RB,2019,309.0,217.0,16
00-0035719,Deebo Samuel Sr.,WR,2022,209.9,140.9,16
00-0031687,Raheem Mostert,RB,2022,168.3,137.3,16
00-0036383,Eno Benjamin,RB,2021,33.400000000000006,25.4,9
00-0028118,Tyrod Taylor,QB,2025,59.46,59.46,6
00-0032166,Sammie Coates,WR,2017,13.000000000000002,7.0,7
00-0033114,Mike Thomas,WR,2022,7.800000000000001,5.800000000000001,5
00-0034487,Trent Sherfield,WR,2024,25.1,15.100000000000001,14
00-0037837,Calvin Austin III,WR,2025,90.0,56.0,15
00-0038117,Wan'Dale Robinson,WR,2022,51.599999999999994,28.6,6
00-0034753,Mark Andrews,TE,2019,215.1,147.1,16
00-0036635,Ihmir Smith-Marsette,WR,2022,0.4,-0.6,4
00-0038544,Quentin Johnston,WR,2023,94.0,56.0,17
00-0033352,Michael Clark,WR,2017,8.1,4.1,2
00-0033948,Jamaal Williams,RB,2021,119.8,93.8,13
00-0031375,Terrance West,RB,2014,112.7,101.7,14
00-0032411,Kenneth Dixon,RB,2018,62.0,53.0,7
00-0036907,Dazz Newsome,WR,2021,4.3,2.3,3
00-0032975,Jonathan Williams,RB,2018,1.0999999999999999,0.1,3
00-0027974,Colin Kaepernick,QB,2014,250.66000000000003,250.66000000000003,16
00-0030047,Marquess Wilson,WR,2014,37.0,20.0,7
00-0031228,Taylor Gabriel,WR,2017,84.1,49.1,17
00-0032593,Brandon Wilds,RB,2018,1.5,1.5,3
00-0026498,Matthew Stafford,QB,2025,411.32,411.32,20
00-0034348,Courtland Sutton,WR,2025,239.70000000000002,158.70000000000002,19
00-0022736,Steven Jackson,RB,2015,23.6,21.6,4
00-0031577,Javorius Allen,RB,2018,93.60000000000001,58.6,13
00-0030780,Ryan Hewitt,TE,2018,7.1,6.1,5
00-0039849,Marvin Harrison Jr.,WR,2025,127.80000000000001,86.80000000000001,12
00-0030419,Matt McGloin,QB,2014,5.46,5.46,1
00-0032764,Derrick Henry,RB,2017,170.0,154.0,18
00-0037563,Malik Davis,RB,2025,40.6,38.6,10
00-0036265,AJ Dillon,RB,2021,194.1,160.1,18
00-0030107,Theo Riddick,RB,2016,161.8,108.80000000000001,10
00-0036556,Brevin Jordan,TE,2021,55.800000000000004,35.800000000000004,8
00-0036328,Antonio Gibson,RB,2025,23.200000000000003,21.200000000000003,5
00-0032602,J.D. McKissic,RB,2020,200.70000000000002,118.70000000000002,17
00-0031382,Jarvis Landry,WR,2016,254.5,149.5,17
00-0028112,Charles Clay,TE,2018,37.4,16.400000000000002,11
00-0039067,Rashee Rice,WR,2024,64.9,40.900000000000006,4
00-0033611,Ricky Seals-Jones,TE,2018,74.30000000000001,40.300000000000004,15
00-0033885,David Njoku,TE,2019,15.1,10.1,3
00-0029129,Rod Streater,WR,2014,23.400000000000002,14.400000000000002,3
00-0025549,Brent Celek,TE,2016,29.5,15.5,10
00-0030669,Albert Wilson,WR,2018,96.78,70.78,7
00-0040162,Dylan Sampson,RB,2025,87.60000000000001,54.60000000000001,15
00-0029615,Lamar Miller,RB,2020,2.6,0.6000000000000001,1
00-0026143,Matt Ryan,QB,2019,267.34000000000003,267.34000000000003,15
00-0035298,Scott Miller,WR,2024,11.9,6.9,6
00-0039361,Bucky Irving,RB,2024,260.7,211.70000000000002,18
00-0034439,Ryan Izzo,TE,2020,30.900000000000002,17.900000000000002,10
00-0030758,Justin Perillo,TE,2016,7.5,3.5,4
00-0037247,George Pickens,WR,2024,184.1,120.10000000000001,15
00-0034349,Kerryon Johnson,RB,2020,71.8,52.800000000000004,14
00-0035251,Will Grier,QB,2019,1.3200000000000012,1.3200000000000012,2
00-0031302,C.J. Fiedorowicz,TE,2014,12.799999999999999,8.8,8
00-0023460,Jason Campbell,QB,2014,1.06,1.06,4
00-0030780,Ryan Hewitt,TE,2014,25.3,12.3,9
00-0029632,Mohamed Sanu,WR,2018,182.4,116.4,16
00-0028009,DeMarco Murray,RB,2015,184.4,140.4,15
00-0036768,JaQuan Hardy,RB,2021,8.9,8.9,2
00-0037011,Tre' McKitty,TE,2022,20.8,8.8,14
00-0032782,Wendell Smallwood,RB,2021,8.7,4.7,2
00-0034386,Justin Watson,WR,2025,6.0,3.0,3
00-0033246,Johnny Mundt,TE,2020,9.3,5.300000000000001,6
00-0034798,Durham Smythe,TE,2022,43.0,27.000000000000004,14
00-0028409,DuJuan Harris,RB,2014,8.5,7.500000000000001,12
00-0025708,Matt Moore,QB,2014,0.6399999999999999,0.6399999999999999,2
00-0030821,Allen Hurns,WR,2016,100.7,65.7,11
00-0037666,Jalen Tolbert,WR,2024,152.0,103.0,17
00-0039893,Brian Thomas Jr.,WR,2024,284.0,197.0,17
00-0031569,Jeremy Langford,RB,2015,147.6,125.60000000000001,15
00-0034169,Marcus Baugh,TE,2020,1.2,0.2,1
00-0036415,Van Jefferson,WR,2024,75.3,49.3,16
00-0033885,David Njoku,TE,2022,142.0,84.0,14
00-0034054,River Cracraft,WR,2023,32.4,21.400000000000002,7
00-0022943,Benjamin Watson,TE,2019,41.1,21.1,10
00-0030656,Isaiah Crowell,RB,2014,122.4,113.4,15
00-0027321,Jeff Cumberland,TE,2014,65.7,42.7,16
00-0025465,James Jones,WR,2015,206.1,149.1,18
00-0036269,La'Mical Perine,RB,2021,3.1000000000000005,3.1000000000000005,2
00-0034104,Cam Sims,WR,2021,48.8,33.800000000000004,12
00-0033373,Taquan Mizzell,RB,2018,23.3,15.300000000000002,9
00-0033528,Jeremy Sprinkle,TE,2021,6.1,3.1,6
00-0033955,Jeremy McNichols,RB,2018,0.4,0.4,1
00-0035976,Dan Chisena,WR,2024,6.7,3.7,4
00-0027654,Arrelious Benn,WR,2016,22.6,17.6,12
00-0029141,Alfred Morris,RB,2019,0.4,0.4,1
00-0036196,Gabe Davis,WR,2021,190.1,145.1,17
00-0036670,Jermar Jefferson,RB,2021,25.700000000000003,21.700000000000003,4
00-0027029,LeSean McCoy,RB,2019,118.60000000000001,90.60000000000001,13
00-0028002,Randall Cobb,WR,2020,100.1,62.1,10
00-0031325,Sammy Watkins,WR,2019,188.7,122.7,16
00-0033474,Gehrig Dieter,WR,2020,2.0,1.0,1
00-0030506,Travis Kelce,TE,2018,323.7,210.70000000000002,18
00-0039737,Tip Reiman,TE,2024,9.7,3.7,8
00-0039050,Payne Durham,TE,2025,2.1,1.1,8
00-0038092,Erik Ezukanma,WR,2022,1.3,0.30000000000000004,1
00-0038794,Jaleel McLaughlin,RB,2024,98.00000000000001,73.00000000000001,17
00-0030068,Marquise Goodwin,WR,2023,14.0,10.0,11
00-0036534,Shane Zylstra,TE,2022,41.0,30.0,8
00-0039139,Jahmyr Gibbs,RB,2024,398.4,340.4,18
00-0029336,Brittan Golden,WR,2016,20.200000000000003,12.200000000000001,12
00-0036572,Shi Smith,WR,2022,61.6,39.6,17
00-0035993,Tyler Huntley,QB,2024,60.66,60.66,5
00-0034869,Sam Darnold,QB,2020,134.02,134.02,12
00-0034489,Jalen Tolliver,WR,2018,6.7,3.7,3
00-0030414,Spencer Ware,RB,2015,95.5,89.5,10
00-0028093,Niles Paul,TE,2016,4.7,2.7,4
00-0027656,Rob Gronkowski,TE,2018,163.3,103.30000000000001,16
00-0037348,Tanner Conner,TE,2025,18.1,9.100000000000001,8
00-0034854,KhaDarel Hodge,WR,2021,30.700000000000003,17.700000000000003,12
00-0031610,Darren Waller,TE,2022,84.8,56.8,8
00-0031062,James White,RB,2015,139.6,92.60000000000001,14
00-0033293,Aaron Jones,RB,2024,250.6,196.60000000000002,18
00-0033879,O.J. Howard,TE,2018,120.5,86.5,10
00-0034838,Royce Freeman,RB,2021,34.6,24.6,12
00-0035342,Patrick Laird,RB,2019,68.2,45.2,8
00-0035229,T.J. Hockenson,TE,2020,175.3,108.30000000000001,16
00-0029665,Robert Griffin III,QB,2016,66.44,66.44,5
00-0034753,Mark Andrews,TE,2025,131.0,83.0,17
00-0033955,Jeremy McNichols,RB,2025,72.7,47.7,16
00-0024389,Delanie Walker,TE,2017,197.8,113.80000000000001,18
00-0030874,Damien Williams,RB,2022,0.2,0.2,1
00-0028986,Case Keenum,QB,2023,9.74,9.74,2
00-0034844,Saquon Barkley,RB,2024,455.70000000000005,409.70000000000005,20
00-0035022,Penny Hart,WR,2022,5.0,2.0,4
00-0033906,Alvin Kamara,RB,2021,234.70000000000002,187.7,13
00-0034383,Dalton Schultz,TE,2021,224.70000000000002,139.70000000000002,18
00-0032599,Josh Perkins,TE,2019,23.7,14.7,3
00-0029260,LaMichael James,RB,2014,0.9,0.9,3
00-0027061,Jared Cook,TE,2017,132.8,78.80000000000001,16
00-0033307,Kendrick Bourne,WR,2018,114.7,72.7,16
00-0040208,Tahj Brooks,RB,2025,6.4,5.4,12
00-0035259,Trevon Wesco,TE,2021,6.5,3.5,8
00-0031237,Teddy Bridgewater,QB,2021,202.68,202.68,14
00-0037240,Jameson Williams,WR,2025,219.9,154.9,17
00-0028905,Chris Owusu,WR,2015,14.0,8.0,3
00-0032602,J.D. McKissic,RB,2016,5.6,2.6,3
00-0037816,Romeo Doubs,WR,2023,213.8,144.8,19
00-0030187,Rashad Ross,WR,2016,1.8,0.8,2
00-0037524,Tay Martin,WR,2024,11.9,10.9,1
00-0030897,Corey Washington,WR,2014,16.2,11.200000000000001,3
00-0028002,Randall Cobb,WR,2014,334.7,228.70000000000002,18
00-0027874,Demaryius Thomas,WR,2018,156.70000000000002,97.7,15
00-0033251,Zach Pascal,WR,2020,149.6,102.6,17
00-0038134,Kenneth Walker III,RB,2025,266.6,226.60000000000002,20
00-0029673,DeVier Posey,WR,2014,4.0,3.0,1
00-0035289,Gardner Minshew,QB,2020,160.66,159.66,9
00-0033319,Nick Mullens,QB,2021,9.879999999999999,9.879999999999999,1
00-0031280,Derek Carr,QB,2024,150.9,150.9,10
00-0037745,Velus Jones Jr.,RB,2024,2.9000000000000004,1.9000000000000001,2
00-0031609,A.J. Derby,TE,2016,30.0,14.0,7
00-0032975,Jonathan Williams,RB,2021,20.7,16.7,5
00-0037525,Jordan Mason,RB,2023,44.7,41.7,16
00-0039032,Tyjae Spears,RB,2024,113.60000000000001,83.60000000000001,12
00-0027994,Shane Vereen,RB,2017,83.7,39.7,16
00-0034279,Equanimeous St. Brown,WR,2020,31.1,22.1,10
00-0033119,Jacoby Brissett,QB,2020,20.580000000000002,20.580000000000002,12
00-0028090,T.J. Yates,QB,2015,22.8,22.8,4
00-0032935,Johnny Holton,WR,2016,7.7,5.7,13
00-0034829,Mike Gesicki,TE,2022,107.7,73.7,18
00-0039901,Keon Coleman,WR,2025,115.0,75.0,14
00-0034364,Jordan Akins,TE,2023,28.200000000000003,13.200000000000001,13
00-0034418,Cedrick Wilson Jr.,WR,2020,51.620000000000005,34.620000000000005,13
00-0037267,Jerome Ford,RB,2022,1.2000000000000002,1.2000000000000002,13
00-0038543,Jaxon Smith-Njigba,WR,2025,408.8,272.8,20
00-0026173,Donnie Avery,WR,2014,30.6,15.600000000000001,5
00-0035860,Tony Jones,RB,2021,22.1,17.1,10
00-0031408,Mike Evans,WR,2024,262.6,181.6,15
00-0032170,Rashad Greene,WR,2016,8.2,3.2,8
00-0027155,Rashad Jennings,RB,2014,138.5,108.5,11
00-0033164,Troymaine Pope,RB,2020,19.8,11.799999999999999,4
00-0035104,Alexander Hollins,WR,2019,6.6000000000000005,4.6000000000000005,3
00-0027973,Andy Dalton,QB,2021,84.2,84.2,8
00-0037594,Julius Chestnut,RB,2024,13.3,11.3,12
00-0031897,Thomas Rawls,RB,2017,32.1,23.1,9
00-0035345,Chris Myarick,TE,2021,10.7,7.699999999999999,4
00-0032098,Daniel Brown,TE,2015,12.399999999999999,6.4,4
00-0036297,Darrynton Evans,RB,2024,0.30000000000000004,0.30000000000000004,1
00-0027029,LeSean McCoy,RB,2014,199.4,171.4,16
00-0030821,Allen Hurns,WR,2014,154.7,103.7,16
00-0030288,Rex Burkhead,RB,2016,75.9,58.900000000000006,14
00-0031545,Kevin White,WR,2021,4.800000000000001,3.8000000000000003,4
00-0034353,Anthony Miller,WR,2018,126.62,90.62,16
00-0024334,Brandon Marshall,WR,2017,33.400000000000006,15.400000000000002,5
00-0032661,Ben Braunecker,TE,2018,10.7,5.7,11
00-0030181,Jack Doyle,TE,2015,25.200000000000003,13.200000000000001,10
00-0033455,Anthony Firkser,TE,2019,59.9,42.9,12
00-0033879,O.J. Howard,TE,2022,36.5,26.5,11
00-0032257,Duke Johnson,RB,2018,132.0,85.00000000000001,16
00-0025465,James Jones,WR,2014,173.6,100.60000000000001,16
00-0038705,Emari Demercado,RB,2024,54.7,38.7,13
00-0026158,Joe Flacco,QB,2018,137.1,137.1,9
00-0033854,Dare Ogunbowale,RB,2025,24.1,14.100000000000001,14
00-0034351,Dallas Goedert,TE,2024,149.4,90.4,14
00-0024324,Jason Avant,WR,2014,75.4,41.4,15
00-0036910,C.J. Saunders,WR,2021,3.1,1.1,1
00-0033553,James Conner,RB,2025,33.3,25.3,3
00-0030419,Matt McGloin,QB,2016,1.6999999999999997,1.6999999999999997,3
00-0032765,Michael Thomas,WR,2022,51.1,35.1,3
00-0035006,Bisi Johnson,WR,2020,34.9,20.900000000000002,9
00-0032794,Danny Vitale,RB,2018,1.2,0.2,2
00-0033338,Cethan Carter,TE,2019,9.3,7.3,7
00-0031209,Senorise Perry,RB,2019,1.4,0.4,8
00-0033315,Cole Hikutini,TE,2017,3.5,1.5,2
00-0038598,Jaren Hall,QB,2023,2.120000000000001,2.120000000000001,3
00-0028497,Kamar Aiken,WR,2016,67.8,38.800000000000004,16
00-0036442,Joe Burrow,QB,2024,372.82,372.82,17
00-0033923,Kareem Hunt,RB,2019,101.4,64.4,8
00-0033536,Mike Williams,WR,2018,200.2,150.2,18
00-0023459,Aaron Rodgers,QB,2024,256.58,256.58,17
00-0029682,Brock Osweiler,QB,2015,116.78,116.78,8
00-0034983,Hunter Renfrow,WR,2020,131.6,75.60000000000001,16
00-0036493,Deon Jackson,RB,2022,84.5,54.5,12
00-0034855,Baker Mayfield,QB,2024,381.5,381.5,18
00-0037263,Tyler Allgeier,RB,2024,106.2,93.2,17
00-0040563,Efton Chism III,WR,2025,19.5,15.5,10
00-0027691,Andre Roberts,WR,2018,37.9,27.9,16
00-0035341,Trenton Irwin,WR,2020,1.5,0.5,1
00-0032394,Nick Vannett,TE,2019,33.6,16.6,14
00-0032411,Kenneth Dixon,RB,2016,102.4,72.4,12
00-0036550,Rashod Bateman,WR,2024,201.60000000000002,150.60000000000002,18
00-0023436,Alex Smith,QB,2016,234.56,233.56,16
00-0040644,Trevor Etienne,RB,2025,14.1,11.100000000000001,18
00-0036652,Racey McMath,WR,2021,0.7999999999999998,-1.2000000000000002,7
00-0035823,Ben Ellefson,TE,2022,5.6000000000000005,2.6000000000000005,2
00-0032134,C.J. Uzomah,TE,2015,1.4,0.4,3
00-0030155,Demetrius Harris,TE,2019,49.900000000000006,34.900000000000006,14
00-0032791,Jakeem Grant,WR,2021,43.5,32.5,15
00-0036254,Collin Johnson,WR,2024,1.6,0.6000000000000001,6
00-0036336,Anthony McFarland,RB,2022,6.1000000000000005,4.1000000000000005,1
00-0032115,Kaelin Clay,WR,2017,29.400000000000002,20.400000000000002,14
00-0036251,Zack Moss,RB,2023,169.6,142.6,14
00-0035304,Cullen Gillaspia,RB,2020,1.6,0.6000000000000001,4
00-0030432,Christine Michael,RB,2015,38.300000000000004,34.300000000000004,10
00-0028994,Dominique Jones,TE,2016,19.099999999999998,12.099999999999998,5
00-0034286,Richie James,WR,2019,28.400000000000002,22.400000000000002,19
00-0036208,Artavis Pierce,RB,2020,9.4,9.4,4
00-0029567,Nick Foles,QB,2021,16.8,16.8,1
00-0033526,Samaje Perine,RB,2024,84.9,55.900000000000006,20
00-0037741,Jahan Dotson,WR,2025,50.2,32.2,16
00-0028011,Stevan Ridley,RB,2017,16.8,16.8,2
00-0029740,Ifeanyi Momah,TE,2016,7.0,5.0,5
00-0033040,Tyreek Hill,WR,2016,227.5,162.5,17
00-0033921,Chris Godwin Jr.,WR,2017,92.5,58.50000000000001,15
00-0039041,Elijah Higgins,TE,2023,36.3,22.3,11
00-0033307,Kendrick Bourne,WR,2025,92.10000000000001,55.10000000000001,15
00-0032482,Bralon Addison,WR,2016,2.5,1.5,2
00-0033859,Josh Malone,WR,2018,2.2,1.2000000000000002,3
00-0032782,Wendell Smallwood,RB,2019,23.5,14.500000000000002,12
00-0031558,Maxx Williams,TE,2018,38.9,21.900000000000002,11
00-0031373,Martavis Bryant,WR,2018,45.900000000000006,26.900000000000002,7
00-0037539,Lucas Krull,TE,2023,23.5,15.500000000000002,7
00-0029638,Michael Floyd,WR,2016,117.7,79.7,15
00-0025410,Dwayne Bowe,WR,2014,135.4,75.4,15
00-0028116,Aldrick Robinson,WR,2014,1.6,0.6000000000000001,2
00-0030279,Keenan Allen,WR,2015,163.5,96.5,8
00-0029263,Russell Wilson,QB,2020,377.74,377.74,17
00-0039919,Rome Odunze,WR,2024,144.9,90.9,17
00-0030035,Adam Thielen,WR,2024,139.5,91.5,10
00-0031051,John Brown,WR,2020,115.4,72.4,12
00-0035228,Kyler Murray,QB,2020,378.74,378.74,16
00-0029572,Jarius Wright,WR,2016,23.700000000000003,12.7,4
00-0031806,Malcolm Brown,RB,2017,52.300000000000004,43.300000000000004,12
00-0029883,Joseph Fauria,TE,2014,21.4,15.4,6
00-0026143,Matt Ryan,QB,2015,233.94,233.94,16
00-0035311,Myles Gaskin,RB,2019,31.4,24.400000000000002,7
00-0032134,C.J. Uzomah,TE,2017,25.2,15.2,12
00-0024318,Brad Smith,WR,2014,8.1,7.1,8
00-0037228,Jaylen Warren,RB,2023,203.8,140.8,18
00-0033839,Dede Westbrook,WR,2020,1.4,0.4,2
00-0034869,Sam Darnold,QB,2022,86.32,86.32,6
00-0038809,Ben Sims,TE,2025,6.0,3.0,3
00-0039851,Drake Maye,QB,2025,416.88,415.88,21
00-0036312,Jake Luton,QB,2020,28.26,28.26,3
00-0035216,Diontae Johnson,WR,2020,246.5,147.5,16
00-0035298,Scott Miller,WR,2025,15.200000000000001,6.2,5
00-0032211,Tyler Lockett,WR,2017,124.3,79.3,16
00-0029614,Chris Givens,WR,2015,63.1,43.1,14
00-0036261,Brandon Aiyuk,WR,2024,62.400000000000006,37.400000000000006,7
00-0038685,Chris Brooks,RB,2023,10.600000000000001,10.600000000000001,4
00-0028116,Aldrick Robinson,WR,2018,70.1,53.1,14
00-0025414,Robert Meachem,WR,2014,18.4,11.4,10
00-0029572,Jarius Wright,WR,2017,66.9,42.900000000000006,14
00-0035806,JaMycal Hasty,RB,2022,75.3,54.300000000000004,15
00-0032626,Geronimo Allison,WR,2017,46.300000000000004,23.3,12
00-0034449,Buddy Howell,RB,2021,1.1,1.1,7
00-0036620,Dee Eskridge,WR,2022,13.8,6.800000000000001,9
00-0038606,Parker Washington,WR,2025,208.6,143.6,17
00-0032257,Duke Johnson,RB,2019,172.20000000000002,120.2,18
00-0027675,Ed Dickson,TE,2015,45.3,26.3,19
00-0034827,DJ Moore,WR,2021,237.5,144.5,17
00-0026931,Bear Pascoe,TE,2014,8.299999999999999,6.3,2
00-0032355,Chester Rogers,WR,2018,133.7,71.7,18
00-0024813,Pierre Thomas,RB,2015,24.5,15.5,5
00-0034845,Sony Michel,RB,2019,161.6,147.6,17
00-0032404,Tyler Ervin,RB,2016,5.1,2.1,14
00-0036080,Easop Winston,WR,2021,1.5,0.5,3
00-0035040,David Blough,QB,2020,1.76,1.76,1
00-0033604,Krishawn Hogan,WR,2019,1.4,0.4,1
00-0036637,Noah Gray,TE,2022,76.7,45.7,20
00-0038543,Jaxon Smith-Njigba,WR,2023,149.8,86.8,17
00-0027325,LeGarrette Blount,RB,2018,86.5,76.5,16
00-0033292,Trent Taylor,WR,2022,13.700000000000001,7.700000000000001,19
00-0034854,KhaDarel Hodge,WR,2018,3.7,1.7000000000000002,7
00-0035831,James Robinson,RB,2023,1.0,0.0,1
00-0033893,Dalvin Cook,RB,2022,250.8,205.8,18
00-0031484,Chris Manhertz,TE,2025,1.7000000000000002,0.7000000000000001,4
00-0022803,Eli Manning,QB,2015,287.38,287.38,16
00-0029664,Josh Gordon,WR,2017,57.5,39.5,5
00-0034844,Saquon Barkley,RB,2018,385.8,294.8,16
00-0029293,Marvin Jones,WR,2021,180.2,107.2,17
00-0039392,Jha'Quan Jackson,WR,2024,1.3,0.30000000000000004,12
00-0033891,Zay Jones,WR,2020,36.56,22.560000000000002,11
00-0030288,Rex Burkhead,RB,2017,137.70000000000002,106.7,12
00-0030668,Charcandrick West,RB,2017,75.30000000000001,46.300000000000004,13
00-0038941,Tyler Scott,WR,2023,35.900000000000006,18.900000000000002,13
00-0031558,Maxx Williams,TE,2020,24.200000000000003,16.200000000000003,6
00-0030578,Cordarrelle Patterson,RB,2015,16.5,14.5,15
00-0029000,Cole Beasley,WR,2019,193.20000000000002,122.2,16
00-0030860,Orleans Darkwa,RB,2014,18.1,13.100000000000001,8
00-0026498,Matthew Stafford,QB,2020,260.56,260.56,16
00-0032398,Chris Moore,WR,2016,19.5,12.5,14
00-0032187,David Johnson,RB,2017,13.0,7.0,1
00-0034348,Courtland Sutton,WR,2022,159.4,95.4,15
00-0033536,Mike Williams,WR,2024,61.5,39.5,15
00-0034319,Deon Yelder,TE,2021,1.0,0.0,1
00-0036971,Trevor Lawrence,QB,2021,199.04,199.04,17
00-0023645,Derek Anderson,QB,2015,1.04,1.04,4
00-0032008,Donteea Dye,WR,2015,30.2,19.2,10
00-0032436,Jeff Driskel,QB,2019,58.1,57.1,3
00-0027696,Jimmy Graham,TE,2016,207.20000000000002,136.20000000000002,18
00-0032764,Derrick Henry,RB,2020,341.2,319.2,17
00-0033421,Antony Auclair,TE,2017,4.5,2.5,4
00-0038128,Malik Willis,QB,2022,19.34,19.34,7
00-0032209,T.J. Yeldon,RB,2020,26.200000000000003,21.200000000000003,5
00-0029632,Mohamed Sanu,WR,2017,193.84,119.84,17
00-0035249,Josh Oliver,TE,2021,15.600000000000001,6.6000000000000005,11
00-0026189,DeSean Jackson,WR,2022,24.3,15.3,7
00-0032392,Austin Hooper,TE,2018,163.0,92.00000000000001,16
00-0033696,Sean Culkin,TE,2019,2.2,1.2000000000000002,3
00-0038976,Marvin Mims Jr.,WR,2025,128.5,79.5,17
00-0037004,Hunter Long,TE,2021,1.8,0.8,3
00-0031301,Jeremy Hill,RB,2014,221.60000000000002,194.60000000000002,17
00-0038359,Xavier Smith,WR,2025,48.300000000000004,30.3,19
00-0030431,Robert Woods,WR,2023,93.0,51.0,16
00-0020494,Santana Moss,WR,2014,21.6,11.6,5
00-0036358,CeeDee Lamb,WR,2021,236.4,156.4,17
00-0032004,Will Tye,TE,2016,104.10000000000001,52.1,17
00-0029209,Ryan Broyles,WR,2014,4.5,2.5,3
00-0031418,Austin Seferian-Jenkins,TE,2016,34.4,21.400000000000002,9
00-0030564,DeAndre Hopkins,WR,2016,227.60000000000002,138.6,18
00-0034193,Kevin Rader,TE,2021,2.8000000000000003,0.8,3
00-0027981,Kyle Rudolph,TE,2021,59.7,33.7,15
00-0034791,Nick Chubb,RB,2024,63.3,58.3,8
00-0037306,John FitzPatrick,TE,2024,1.2,0.2,2
00-0025418,Greg Olsen,TE,2015,272.5,179.5,19
00-0030506,Travis Kelce,TE,2019,318.2,202.20000000000002,19
00-0031302,C.J. Fiedorowicz,TE,2017,26.700000000000003,12.700000000000001,5
00-0032964,Byron Marshall,RB,2018,7.9,3.9000000000000004,5
00-0035924,Jonathan Ward,RB,2022,5.2,3.2,4
00-0032054,Breshad Perriman,WR,2020,99.10000000000001,69.10000000000001,12
00-0022127,Jason Witten,TE,2020,31.9,18.9,10
00-0037239,Chris Olave,WR,2025,268.0,168.0,16
00-0026182,Eddie Royal,WR,2015,66.7,29.700000000000003,9
00-0033357,Taysom Hill,TE,2023,143.52,110.52000000000001,16
00-0035406,Lil'Jordan Humphrey,WR,2023,47.2,34.2,11
00-0035973,Patrick Taylor,RB,2022,5.800000000000001,4.800000000000001,6
00-0034270,Tyler Conklin,TE,2022,131.5,73.5,17
00-0037248,James Cook,RB,2022,116.9,95.9,18
00-0030544,Gavin Escobar,TE,2016,13.0,9.0,7
00-0027939,Cam Newton,QB,2018,282.6,282.6,14
00-0031257,Paul Richardson,WR,2015,5.0,4.0,1
00-0031834,Larry Pinkard,WR,2017,1.5,0.5,2
00-0035298,Scott Miller,WR,2022,42.300000000000004,19.3,12
00-0030513,Latavius Murray,RB,2022,154.2,127.2,13
00-0035406,Lil'Jordan Humphrey,WR,2024,64.3,33.3,14
00-0035891,Cody White,WR,2024,6.4,4.4,2
00-0036945,Justin Fields,QB,2025,142.66,142.66,9
00-0037267,Jerome Ford,RB,2025,43.6,17.6,13
00-0036963,Amon-Ra St. Brown,WR,2024,337.88,214.88,18
00-0028097,Lee Smith,TE,2015,25.0,13.0,13
00-0030656,Isaiah Crowell,RB,2015,137.8,118.80000000000001,16
00-0022943,Benjamin Watson,TE,2017,137.2,76.2,16
00-0036360,Clyde Edwards-Helaire,RB,2022,98.3,81.3,10
00-0040311,Theo Wease Jr.,WR,2025,25.9,19.9,3
00-0033282,Curtis Samuel,WR,2019,171.7,117.7,16
00-0030506,Travis Kelce,TE,2020,397.76,261.76,18
00-0027696,Jimmy Graham,TE,2020,154.1,102.1,17
00-0032688,Robbie Chosen,WR,2025,10.3,5.300000000000001,3
00-0034796,Lamar Jackson,QB,2020,365.42,365.42,17
00-0036415,Van Jefferson,WR,2020,63.5,38.5,16
00-0035243,Miles Sanders,RB,2023,87.60000000000001,60.6,16
00-0038710,Blake Whiteheart,TE,2024,17.1,11.1,7
00-0030472,Jordan Reed,TE,2016,168.6,102.60000000000001,12
00-0034829,Mike Gesicki,TE,2018,40.2,18.200000000000003,14
00-0034367,Nyheim Hines,RB,2020,202.5,138.5,17
00-0036550,Rashod Bateman,WR,2021,103.5,57.5,12
00-0036264,Jordan Love,QB,2021,21.14,21.14,6
00-0035146,Trace McSorley,QB,2020,9.299999999999999,9.299999999999999,2
00-0033114,Mike Thomas,WR,2020,30.299999999999997,17.299999999999997,12
00-0031189,T.J. Jones,WR,2019,12.8,9.8,3
00-0033895,Gerald Everett,TE,2019,89.8,52.800000000000004,12
00-0034960,Jakobi Meyers,WR,2022,182.3,115.3,14
00-0034652,Cameron Batson,WR,2020,31.6,18.6,11
00-0037277,Teagan Quitoriano,TE,2023,5.300000000000001,3.3000000000000003,3
00-0032135,Jesse James,TE,2015,24.8,15.8,6
00-0034273,Damion Ratley,WR,2019,38.0,26.0,9
00-0031384,Richard Rodgers,TE,2016,79.5,48.5,16
00-0036370,Joshua Kelley,RB,2024,0.2,0.2,1
00-0033873,Patrick Mahomes,QB,2025,285.68,284.68,14
00-0032436,Jeff Driskel,QB,2018,85.12,85.12,8
00-0035229,T.J. Hockenson,TE,2025,112.8,61.8,15
00-0031051,John Brown,WR,2019,233.46,157.46,16
00-0038458,Owen Wright,RB,2025,0.6000000000000001,0.6000000000000001,2
00-0026986,Michael Crabtree,WR,2017,171.8,113.8,13
00-0033891,Zay Jones,WR,2019,48.900000000000006,21.900000000000002,14
00-0039589,Kameron Johnson,WR,2025,17.7,13.7,17
00-0034960,Jakobi Meyers,WR,2025,178.0,102.00000000000001,17
00-0034646,Brandon Powell,WR,2020,29.6,17.6,15
00-0032661,Ben Braunecker,TE,2019,17.900000000000002,11.9,5
00-0030521,Justin Hunter,WR,2016,52.9,42.9,10
00-0032394,Nick Vannett,TE,2024,48.5,31.5,12
00-0035562,Jesper Horsted,TE,2021,16.1,14.100000000000001,4
00-0028050,Greg Salas,WR,2015,7.1000000000000005,4.1000000000000005,2
00-0029640,Brian Quick,WR,2015,20.200000000000003,10.200000000000001,9
00-0031189,T.J. Jones,WR,2018,50.0,31.0,12
00-0031044,Troy Niklas,TE,2014,6.800000000000001,3.8000000000000003,4
00-0032144,Melvin Gordon,RB,2020,198.4,166.4,15
00-0037238,Drake London,WR,2025,201.9,133.9,12
00-0036984,Trey Sermon,RB,2021,28.3,25.3,7
00-0036450,Ke'Shawn Vaughn,RB,2021,50.8,44.8,7
00-0040743,Tyler Shough,QB,2025,157.96,157.96,11
00-0029640,Brian Quick,WR,2014,80.5,55.5,7
00-0028114,Dwayne Harris,WR,2019,1.7000000000000002,0.7000000000000001,3
00-0030544,Gavin Escobar,TE,2015,18.400000000000002,10.4,8
00-0034440,Justin Jackson,RB,2018,67.2,49.2,11
00-0020531,Drew Brees,QB,2015,304.2,304.2,15
00-0028263,Andre Holmes,WR,2017,43.0,30.0,10
00-0037708,Maurice Alexander,WR,2022,1.7000000000000002,0.7000000000000001,3
00-0037286,Kevin Harris,RB,2023,21.3,18.3,4
00-0038122,Desmond Ridder,QB,2022,38.72,38.72,4
00-0033045,Ezekiel Elliott,RB,2021,256.16,208.16000000000003,18
00-0033662,Cooper Rush,QB,2017,1.3800000000000001,1.3800000000000001,2
00-0038496,Xavier Gipson,WR,2023,62.7,41.7,17
00-0034378,Ito Smith,RB,2021,6.4,6.4,1
00-0029697,Coby Fleener,TE,2014,193.1,135.1,19
00-0030525,Tavon Austin,WR,2020,7.0,2.0,6
00-0028595,Scott Tolzien,QB,2017,1.32,1.32,1
00-0031407,Blake Bortles,QB,2015,316.12,316.12,16
00-0033374,Ricky Ortiz,RB,2018,4.1,1.1,4
00-0035671,Jace Sternberger,TE,2020,29.4,17.4,8
00-0032128,Chris Conley,WR,2015,59.1,36.1,14
00-0026201,Martellus Bennett,TE,2014,221.6,131.6,16
00-0034775,Christian Kirk,WR,2020,146.4,98.4,14
00-0030805,Je'Ron Hamm,TE,2016,3.3,1.3,2
00-0035806,JaMycal Hasty,RB,2020,31.1,24.1,6
00-0032951,Laquon Treadwell,WR,2020,22.9,16.9,4
00-0031577,Javorius Allen,RB,2017,166.10000000000002,120.10000000000001,16
00-0034270,Tyler Conklin,TE,2025,17.3,10.3,6
00-0031544,Amari Cooper,WR,2023,236.9,160.9,16
00-0031431,Marqise Lee,WR,2015,43.9,28.900000000000002,9
00-0030460,Markus Wheaton,WR,2014,142.9,84.9,17
00-0034054,River Cracraft,WR,2020,10.1,4.1000000000000005,5
00-0034771,Mason Rudolph,QB,2025,15.08,15.08,6
00-0040663,Harold Fannin Jr.,TE,2025,186.4,114.4,16
00-0030865,Gator Hoskins,TE,2014,5.1000000000000005,2.1000000000000005,4
00-0035539,Isaac Nauta,TE,2019,3.3,1.3,2
00-0036309,Darnell Mooney,WR,2022,101.5,61.5,11
00-0035700,Josh Jacobs,RB,2020,231.3,198.3,15
00-0031345,Jimmy Garoppolo,QB,2017,87.9,86.9,6
00-0030860,Orleans Darkwa,RB,2015,27.400000000000002,24.400000000000002,12
00-0032098,Daniel Brown,TE,2017,25.900000000000002,12.9,10
00-0031376,Jerick McKinnon,RB,2021,87.4,60.400000000000006,12
00-0037340,Zaire Mitchell-Paden,TE,2025,3.7,1.7000000000000002,3
00-0036355,Justin Herbert,QB,2023,234.16,233.16,13
00-0030470,Vance McDonald,TE,2020,24.9,9.9,11
00-0035676,A.J. Brown,WR,2024,257.2,178.20000000000002,17
00-0027793,Antonio Brown,WR,2020,147.4,94.4,11
00-0036755,Jaret Patterson,RB,2025,25.7,22.7,7
00-0031854,Chris Harper,WR,2015,1.6,0.6000000000000001,3
00-0030668,Charcandrick West,RB,2016,95.4,65.4,16
00-0036387,Jalen Reagor,WR,2020,87.2,56.2,11
00-0040184,KeAndre Lambert-Smith,WR,2025,16.1,11.1,10
00-0035628,D'Ernest Johnson,RB,2022,5.4,2.4,9
00-0032123,Tre McBride,WR,2015,9.600000000000001,7.6,6
00-0034364,Jordan Akins,TE,2019,89.8,53.800000000000004,16
00-0037740,Garrett Wilson,WR,2023,213.2,118.2,17
00-0032688,Robbie Chosen,WR,2020,224.1,129.1,16
00-0033537,Deshaun Watson,QB,2023,86.8,86.8,6
00-0035341,Trenton Irwin,WR,2021,5.4,3.4,5
00-0030089,Luke Willson,TE,2017,54.3,39.3,14
00-0022127,Jason Witten,TE,2017,149.0,86.0,16
00-0028042,Luke Stocker,TE,2019,13.3,5.300000000000001,12
00-0034208,Mike Boone,RB,2024,5.9,4.9,5
00-0034646,Brandon Powell,WR,2024,14.1,7.1000000000000005,17
00-0032966,Corey Coleman,WR,2018,12.6,7.6,8
00-0035342,Patrick Laird,RB,2021,5.1,2.1,3
00-0033838,Trey Edmunds,RB,2017,10.8,10.8,7
00-0037258,Dameon Pierce,RB,2023,82.7,69.7,16
00-0037742,Treylon Burks,WR,2024,7.5,3.5,5
00-0033292,Trent Taylor,WR,2024,2.1,1.1,2
00-0033280,Christian McCaffrey,RB,2022,416.26,319.26,20
00-0033460,John Ross,WR,2019,95.0,67.0,8
00-0036963,Amon-Ra St. Brown,WR,2023,386.5,245.5,19
00-0032975,Jonathan Williams,RB,2020,4.6,0.6000000000000001,2
00-0039916,Ricky Pearsall,WR,2025,88.60000000000001,52.60000000000001,10
00-0031051,John Brown,WR,2018,147.3,103.3,17
00-0039052,Trey Palmer,WR,2024,35.2,23.200000000000003,15
00-0029604,Kirk Cousins,QB,2014,88.4,88.4,6
00-0033288,George Kittle,TE,2020,125.1,77.10000000000001,8
00-0033958,Nathan Peterman,QB,2022,8.26,8.26,3
00-0023500,Frank Gore,RB,2020,100.2,84.2,15
00-0028581,Patrick DiMarco,RB,2017,9.6,2.6,10
00-0032128,Chris Conley,WR,2020,97.10000000000001,57.1,14
00-0032128,Chris Conley,WR,2019,156.5,109.5,16
00-0033025,Jalen Richard,RB,2019,82.80000000000001,46.800000000000004,16
00-0034750,Rashaad Penny,RB,2021,121.7,115.7,10
00-0030506,Travis Kelce,TE,2016,235.70000000000002,145.70000000000002,17
00-0030578,Cordarrelle Patterson,RB,2020,69.60000000000001,48.6,17
00-0030485,Eddie Lacy,RB,2014,292.0,249.0,18
00-0031375,Terrance West,RB,2016,171.0,137.0,16
00-0030035,Adam Thielen,WR,2023,231.0,128.0,17
00-0033526,Samaje Perine,RB,2017,108.5,86.5,13
00-0033594,Chris Carson,RB,2017,39.7,32.7,4
00-0034510,Robert Foster,WR,2018,99.1,72.1,11
00-0035639,Parris Campbell,WR,2024,15.0,9.0,4
00-0031959,Marcus Murphy,RB,2016,1.3,0.30000000000000004,2
00-0033855,Chris Thompson,WR,2017,13.4,8.4,12
00-0028411,Dontrelle Inman,WR,2017,65.3,40.3,10
00-0037273,Kyle Philips,WR,2022,15.8,7.800000000000001,4
00-0030513,Latavius Murray,RB,2018,131.9,109.9,16
00-0030855,Zurlon Tipton,RB,2015,12.7,7.7,6
00-0033923,Kareem Hunt,RB,2021,110.0,88.0,8
00-0028043,Roy Helu,RB,2015,26.4,17.4,8
00-0032661,Ben Braunecker,TE,2016,8.100000000000001,4.1000000000000005,6
00-0032187,David Johnson,RB,2019,141.5,105.50000000000001,12
00-0034972,Alexander Mattison,RB,2019,72.7,61.7,15
00-0033009,Tyler Boyd,WR,2024,78.3,39.300000000000004,15
00-0037197,Isiah Pacheco,RB,2022,173.20000000000002,154.20000000000002,20
00-0037247,George Pickens,WR,2025,291.9,198.9,17
00-0034414,Boston Scott,RB,2021,109.1,95.1,12
00-0032394,Nick Vannett,TE,2022,11.5,5.5,5
00-0036032,Sean McKeon,TE,2022,3.1,1.1,4
00-0032434,Brandon Allen,QB,2025,0.8799999999999999,0.8799999999999999,1
00-0034705,John Franklin,WR,2019,1.1,1.1,1
00-0033077,Dak Prescott,QB,2024,116.52,116.52,8
00-0033434,Bobo Wilson,WR,2018,9.200000000000001,5.2,5
00-0036247,Freddie Swain,WR,2022,11.4,7.4,3
00-0035973,Patrick Taylor,RB,2024,29.8,26.8,7
00-0032986,J.P. Holtz,TE,2019,16.1,9.100000000000001,8
00-0026855,Antone Smith,RB,2014,77.6,64.60000000000001,10
00-0039363,Isaac Guerendo,RB,2024,96.2,81.2,16
00-0027125,Zach Miller,TE,2015,107.9,73.9,13
00-0032214,Tyler Kroft,TE,2015,29.9,18.9,13
00-0026189,DeSean Jackson,WR,2019,36.9,27.9,2
00-0030400,Marlon Brown,WR,2014,60.3,30.3,15
00-0031407,Blake Bortles,QB,2018,173.22,173.22,13
00-0033895,Gerald Everett,TE,2018,93.60000000000001,58.6,18
00-0030147,Russell Shepard,WR,2019,5.5,2.5,2
00-0031687,Raheem Mostert,RB,2025,29.400000000000002,17.400000000000002,12
00-0037291,Jalen Nailor,WR,2025,100.7,71.7,17
00-0026019,Danny Woodhead,RB,2017,58.6,25.6,8
00-0035457,Tyron Johnson,WR,2020,79.5,59.50000000000001,11
00-0024242,DeAngelo Williams,RB,2014,34.5,27.5,8
00-0027893,Damian Williams,WR,2014,2.4000000000000004,1.4000000000000001,1
00-0037827,Tyrion Davis-Price,RB,2024,0.7000000000000001,0.7000000000000001,1
00-0032462,Trevone Boykin,QB,2016,7.8999999999999995,7.8999999999999995,4
00-0033873,Patrick Mahomes,QB,2021,459.64,459.64,20
00-0032128,Chris Conley,WR,2016,100.9,54.9,17
00-0028052,Cecil Shorts,WR,2015,111.44,68.44,12
00-0030279,Keenan Allen,WR,2018,285.3,182.3,17
00-0036355,Justin Herbert,QB,2020,332.84000000000003,332.84000000000003,15
00-0036862,Ben Skowronek,WR,2024,11.9,6.9,10
00-0031167,Scott Simonson,TE,2015,2.0,1.0,1
00-0033077,Dak Prescott,QB,2021,341.42,341.42,17
00-0038115,Daniel Bellinger,TE,2024,26.5,12.5,12
00-0022924,Ben Roethlisberger,QB,2021,234.6,234.6,17
00-0033040,Tyreek Hill,WR,2020,389.8,278.8,18
00-0027685,Emmanuel Sanders,WR,2020,177.9,108.9,16
00-0033857,JuJu Smith-Schuster,WR,2018,296.90000000000003,185.9,16
00-0032745,Alan Cross,TE,2017,10.8,5.800000000000001,5
00-0032794,Danny Vitale,RB,2016,6.7,2.7,5
00-0032707,Andy Jones,WR,2018,25.0,14.0,6
00-0033528,Jeremy Sprinkle,TE,2020,3.4000000000000004,1.4000000000000001,8
00-0032135,Jesse James,TE,2020,38.9,24.900000000000002,13
00-0035308,Tommy Sweeney,TE,2019,19.400000000000002,11.4,5
00-0035639,Parris Campbell,WR,2021,32.2,22.200000000000003,6
00-0029738,Darren Fells,TE,2020,76.2,55.2,12
00-0033357,Taysom Hill,TE,2021,121.72,117.72000000000001,12
00-0034983,Hunter Renfrow,WR,2023,48.5,23.500000000000004,14
00-0038359,Xavier Smith,WR,2024,6.2,4.2,16
00-0030068,Marquise Goodwin,WR,2015,4.4,2.4000000000000004,2
00-0035039,Stephen Carlson,TE,2019,16.1,11.1,6
00-0034855,Baker Mayfield,QB,2020,282.90000000000003,280.90000000000003,18
00-0026995,Jeremy Maclin,WR,2016,114.30000000000001,68.3,13
00-0034349,Kerryon Johnson,RB,2018,139.4,107.4,10
00-0033536,Mike Williams,WR,2017,20.500000000000004,9.5,9
00-0031806,Malcolm Brown,RB,2021,22.5,19.5,6
00-0028093,Niles Paul,TE,2018,19.5,9.5,6
00-0038809,Ben Sims,TE,2023,13.5,8.5,7
00-0034407,Ray-Ray McCloud,WR,2025,13.900000000000002,6.9,6
00-0023564,Darren Sproles,RB,2017,20.400000000000002,13.4,3
00-0026184,Matt Forte,RB,2016,183.6,153.6,14
00-0038128,Malik Willis,QB,2025,51.17999999999999,51.17999999999999,4
00-0038396,Eric Gray,RB,2024,19.3,9.3,14
00-0027089,Louis Murphy,WR,2014,81.0,50.0,11
00-0036309,Darnell Mooney,WR,2025,82.3,50.300000000000004,15
00-0035567,Craig Reynolds,RB,2021,35.2,28.200000000000003,5
00-0034364,Jordan Akins,TE,2022,116.5,79.5,15
00-0032450,Dwayne Washington,RB,2016,48.7,38.7,11
00-0022127,Jason Witten,TE,2014,188.70000000000002,113.7,18
00-0031381,Davante Adams,WR,2017,222.5,148.5,14
00-0033589,David Moore,WR,2024,85.10000000000001,53.1,15
00-0031060,De'Anthony Thomas,WR,2015,46.4,29.4,10
00-0033009,Tyler Boyd,WR,2017,56.5,34.5,10
00-0036364,Lynn Bowden,WR,2020,53.58,25.580000000000002,9
00-0036271,Quez Watkins,WR,2023,39.4,21.400000000000002,6
00-0031166,Seth Roberts,WR,2015,112.0,80.0,16
00-0026899,Shonn Greene,RB,2014,51.5,50.5,13
00-0032208,Phillip Dorsett,WR,2018,105.9,68.9,13
00-0030496,Le'Veon Bell,RB,2014,370.5,287.5,16
00-0036232,Harrison Bryant,TE,2020,61.800000000000004,37.800000000000004,13
00-0035848,De'Michael Harris,WR,2020,22.5,12.5,7
00-0037487,Deven Thompkins,WR,2022,10.799999999999999,5.8,6
00-0034301,Darrel Williams,RB,2019,67.8,52.800000000000004,9
00-0038720,Julian Hill,TE,2024,22.0,10.0,14
00-0033869,Mitchell Trubisky,QB,2017,134.52,134.52,12
00-0036020,Salvon Ahmed,RB,2023,42.9,26.9,7
00-0032950,Carson Wentz,QB,2021,258.02000000000004,258.02000000000004,17
00-0031409,Johnny Manziel,QB,2014,11.9,11.9,4
00-0026855,Antone Smith,RB,2015,1.1,1.1,1
00-0031545,Kevin White,WR,2017,2.6,0.6000000000000001,1
00-0038041,Jake Ferguson,TE,2025,188.1,106.10000000000001,17
00-0034860,Dante Pettis,WR,2021,25.34,15.34,3
00-0033856,Leonard Fournette,RB,2017,289.8,246.8,16
00-0034681,Chase Edmonds,RB,2018,63.1,43.1,16
00-0030216,Josh Hill,TE,2016,35.9,20.900000000000002,8
00-0033869,Mitchell Trubisky,QB,2018,280.04,280.04,15
00-0031503,Jameis Winston,QB,2022,43.92,43.92,3
00-0030460,Markus Wheaton,WR,2016,17.1,13.1,3
00-0031585,MyCole Pruitt,TE,2016,3.3000000000000003,1.3000000000000003,2
00-0031428,Allen Robinson,WR,2016,199.3,126.30000000000001,16
00-0026796,Arian Foster,RB,2014,273.5,235.5,13
00-0036182,Nick Westbrook-Ikhine,WR,2024,135.7,103.7,14
00-0034686,Auden Tate,WR,2021,12.9,9.9,4
00-0031816,Tyler Murphy,WR,2015,2.6,1.6,1
00-0031280,Derek Carr,QB,2018,216.76000000000002,215.76000000000002,16
00-0036268,Laviska Shenault Jr.,WR,2021,127.0,64.0,16
00-0035628,D'Ernest Johnson,RB,2021,104.10000000000001,85.10000000000001,13
00-0029572,Jarius Wright,WR,2015,81.0,46.00000000000001,16
00-0028002,Randall Cobb,WR,2017,159.4,93.4,14
00-0038821,Rakim Jarrett,WR,2023,10.0,6.000000000000001,7
00-0034837,Calvin Ridley,WR,2024,199.20000000000002,135.20000000000002,17
00-0024217,Reggie Bush,RB,2015,8.700000000000001,4.7,5
00-0031375,Terrance West,RB,2017,28.1,26.1,5
00-0038115,Daniel Bellinger,TE,2023,50.5,25.5,14
00-0035535,Darius Slayton,WR,2022,142.9,91.9,15
00-0035685,David Montgomery,RB,2024,225.32,189.32,15
00-0038935,Brenton Strange,TE,2024,91.1,51.1,14
00-0033897,Joe Mixon,RB,2018,243.4,200.4,14
00-0034331,Jaylen Samuels,RB,2019,104.4,57.4,13
00-0032211,Tyler Lockett,WR,2024,121.0,72.0,17
00-0036197,Jake Fromm,QB,2021,10.900000000000002,10.900000000000002,3
00-0034829,Mike Gesicki,TE,2023,65.4,36.4,15
00-0034411,Russell Gage,WR,2019,100.80000000000001,51.800000000000004,14
00-0038640,Jalen Brooks,WR,2024,35.7,23.700000000000003,12
00-0025394,Adrian Peterson,RB,2021,26.6,22.6,4
00-0036398,John Hightower,WR,2020,28.8,18.8,10
00-0031690,Eric Tomlinson,TE,2024,2.9000000000000004,0.9000000000000001,5
00-0035662,Marquise Brown,WR,2025,137.7,88.7,16
00-0028087,Dion Lewis,RB,2017,241.6,193.6,19
00-0030710,Trey Burton,TE,2019,22.4,8.4,8
00-0034765,Tre'Quan Smith,WR,2018,105.7,75.7,15
00-0035562,Jesper Horsted,TE,2023,1.4,0.4,5
00-0033921,Chris Godwin Jr.,WR,2025,83.0,50.0,9
00-0031280,Derek Carr,QB,2016,268.48,268.48,15
00-0029638,Michael Floyd,WR,2018,28.0,18.0,10
00-0033090,Hunter Henry,TE,2024,145.4,79.4,16
00-0029738,Darren Fells,TE,2018,40.7,29.7,10
00-0035860,Tony Jones,RB,2023,32.2,25.2,6
00-0031045,Carlos Hyde,RB,2019,174.7,160.70000000000002,18
00-0034339,Trey Quinn,WR,2019,51.8,25.8,12
00-0039921,Trey Benson,RB,2024,47.0,41.0,12
00-0030465,Kenjon Barner,RB,2018,8.4,7.4,9
00-0032256,Clive Walford,TE,2015,78.9,50.9,15
00-0031228,Taylor Gabriel,WR,2015,52.1,24.1,12
00-0033114,Mike Thomas,WR,2017,14.3,9.3,6
00-0038612,A.T. Perry,WR,2023,60.6,48.6,8
00-0033077,Dak Prescott,QB,2019,337.78000000000003,337.78000000000003,16
00-0031285,Devonta Freeman,RB,2020,36.00000000000001,29.000000000000004,5
00-0025418,Greg Olsen,TE,2019,123.7,71.7,14
00-0031345,Jimmy Garoppolo,QB,2021,251.4,251.4,18
00-0030061,Zach Ertz,TE,2023,51.7,24.700000000000003,7
00-0032724,Bryce Treggs,WR,2017,13.5,8.5,6
00-0028532,Joseph Morgan,WR,2014,19.9,15.9,4
00-0034286,Richie James,WR,2020,68.4,45.400000000000006,10
00-0034975,Justice Hill,RB,2025,65.2,44.2,10
00-0034855,Baker Mayfield,QB,2022,121.42,121.42,12
00-0032200,Ty Montgomery,WR,2019,32.300000000000004,19.3,15
00-0036671,Dax Milne,WR,2022,15.7,9.7,15
00-0023752,Daniel Fells,TE,2014,56.8,40.8,13
00-0034414,Boston Scott,RB,2019,106.7,79.7,10
00-0032104,Ameer Abdullah,RB,2019,43.900000000000006,27.900000000000002,17
00-0026164,Chris Johnson,RB,2014,115.4,91.4,16
00-0031544,Amari Cooper,WR,2019,246.5,167.5,16
00-0038440,Zavier Scott,RB,2025,39.2,25.200000000000003,11
00-0036423,Albert Okwuegbunam,TE,2020,29.1,18.1,4
00-0032593,Brandon Wilds,RB,2016,6.700000000000001,4.700000000000001,3
00-0036980,Elijah Moore,WR,2021,138.2,95.2,11
00-0032945,Duke Williams,WR,2019,43.5,27.5,5
00-0031390,Charles Sims,RB,2016,67.9,43.9,7
00-0033114,Mike Thomas,WR,2021,12.9,6.9,9
00-0039875,Ray Davis,RB,2025,69.4,57.400000000000006,19
00-0036423,Albert Okwuegbunam,TE,2025,8.6,3.6,1
00-0023500,Frank Gore,RB,2017,173.6,144.6,16
00-0035021,Ashton Dulin,WR,2021,45.5,32.5,16
00-0027685,Emmanuel Sanders,WR,2018,198.22,127.22,12
00-0033958,Nathan Peterman,QB,2020,1.9,1.9,1
00-0034597,Ryan Nall,RB,2020,20.7,12.700000000000001,10
00-0027725,Clay Harbor,TE,2016,4.9,1.9000000000000001,4
00-0031514,Quan Bray,WR,2017,6.9,3.9000000000000004,9
00-0023500,Frank Gore,RB,2016,214.20000000000002,176.20000000000002,16
00-0032134,C.J. Uzomah,TE,2018,104.9,61.900000000000006,16
00-0032104,Ameer Abdullah,RB,2020,30.0,22.0,11
00-0030280,Knile Davis,RB,2015,29.1,25.1,15
00-0033526,Samaje Perine,RB,2025,77.9,60.900000000000006,15
00-0034775,Christian Kirk,WR,2025,96.3,58.3,13
00-0026035,Danny Amendola,WR,2015,163.04000000000002,91.04,16
00-0033958,Nathan Peterman,QB,2017,8.5,8.5,5
00-0032765,Michael Thomas,WR,2019,388.6,232.6,17
00-0037387,Jalen Virgil,WR,2022,15.500000000000002,13.500000000000002,7
00-0032141,Geoff Swaim,TE,2024,1.7000000000000002,0.7000000000000001,3
00-0032385,Sterling Shepard,WR,2017,144.5,85.5,11
00-0030400,Marlon Brown,WR,2015,25.2,11.200000000000001,9
00-0033911,Taywan Taylor,WR,2017,52.300000000000004,34.300000000000004,18
00-0031375,Terrance West,RB,2015,25.200000000000003,21.200000000000003,8
00-0037827,Tyrion Davis-Price,RB,2023,2.1,2.1,1
00-0030533,Matt Barkley,QB,2016,71.84,70.84,7
00-0036654,Demetric Felton,RB,2021,50.5,32.5,15
00-0033379,Tim White,WR,2018,2.4000000000000004,1.4000000000000001,3
00-0032211,Tyler Lockett,WR,2023,202.4,123.4,17
00-0032362,Maurice Harris,WR,2018,59.4,31.400000000000002,11
00-0029615,Lamar Miller,RB,2016,217.3,182.3,16
00-0039021,Roschon Johnson,RB,2023,102.1,68.1,15
00-0037654,Tucker Fisk,TE,2024,13.4,5.4,8
00-0032141,Geoff Swaim,TE,2018,56.2,30.200000000000003,9
00-0038124,Christian Watson,WR,2022,164.10000000000002,123.10000000000001,14
00-0033596,Matt Dayes,RB,2017,8.200000000000001,4.2,13
00-0030049,Chris Gragg,TE,2014,17.8,10.8,6
00-0030443,Levine Toilolo,TE,2015,13.4,6.4,11
00-0031589,Brett Hundley,QB,2017,124.44000000000001,123.44000000000001,11
00-0036410,Tee Higgins,WR,2023,137.6,95.60000000000001,12
00-0032385,Sterling Shepard,WR,2021,77.7,41.7,7
00-0030155,Demetrius Harris,TE,2021,4.0,1.0,10
00-0031075,Alfred Blue,RB,2016,62.6,50.6,16
00-0033896,Adam Shaheen,TE,2018,22.1,14.100000000000001,6
00-0036898,Davis Mills,QB,2021,156.95999999999998,156.95999999999998,13
00-0031260,Logan Thomas,TE,2020,189.02,112.02,17
00-0030670,Bennie Fowler,WR,2018,41.9,25.9,10
00-0026143,Matt Ryan,QB,2018,354.96000000000004,353.96000000000004,16
00-0032063,Mike Davis,RB,2019,11.9,4.9,6
00-0034764,Michael Gallup,WR,2021,91.5,56.5,9
00-0036754,Brock Wright,TE,2025,36.800000000000004,22.8,8
00-0029623,Alex Tanney,QB,2015,7.96,7.96,1
00-0033217,Mo Alie-Cox,TE,2018,32.300000000000004,25.3,9
00-0028011,Stevan Ridley,RB,2015,12.8,8.8,8
00-0032980,Marcus Johnson,WR,2017,9.5,4.5,6
00-0034653,Deontay Burnett,WR,2019,8.3,5.300000000000001,2
00-0040398,Brady Cook,QB,2025,28.46,28.46,5
00-0033481,Marcus Kemp,WR,2020,2.1,1.1,4
00-0033040,Tyreek Hill,WR,2024,218.2,137.2,17
00-0029683,Ronnie Hillman,RB,2016,29.4,22.4,8
00-0036268,Laviska Shenault Jr.,WR,2023,21.5,11.5,8
00-0027651,Dexter McCluster,WR,2015,91.7,60.7,11
00-0027690,Eric Decker,WR,2014,200.2,126.2,15
00-0037331,Zander Horvath,RB,2022,18.6,13.6,9
00-0027581,Seyi Ajirotutu,WR,2015,1.4,0.4,7
00-0027793,Antonio Brown,WR,2015,409.1,266.1,17
00-0039751,Jordan Whittington,WR,2024,54.7,31.700000000000003,16
00-0022097,Brandon Lloyd,WR,2014,49.400000000000006,35.4,12
00-0033869,Mitchell Trubisky,QB,2023,48.68,48.68,5
00-0036212,Tua Tagovailoa,QB,2024,181.58,181.58,11
00-0032434,Brandon Allen,QB,2020,49.7,49.7,5
00-0028083,Jacquizz Rodgers,RB,2014,80.0,51.0,16
00-0039164,Anthony Richardson,QB,2025,2.1599999999999997,1.16,2
00-0038622,Deuce Vaughn,RB,2024,11.8,8.8,5
00-0031382,Jarvis Landry,WR,2015,275.36,165.36,16
00-0035297,Kelvin Harmon,WR,2019,66.94,36.940000000000005,15
00-0036554,Nico Collins,WR,2024,248.9,168.9,14
00-0028114,Dwayne Harris,WR,2015,112.80000000000001,76.8,15
00-0034386,Justin Watson,WR,2022,64.5,46.5,19
00-0031934,Devin Smith,WR,2016,3.0,2.0,2
00-0026498,Matthew Stafford,QB,2016,289.48,289.48,17
00-0032688,Robbie Chosen,WR,2016,114.9,72.9,14
00-0033576,Eric Saubert,TE,2020,4.6,1.6,6
00-0035291,Trayveon Williams,RB,2023,14.9,7.9,16
00-0027786,Jonathan Dwyer,RB,2014,13.9,11.9,2
00-0031060,De'Anthony Thomas,WR,2019,2.1,1.1,15
00-0039146,Jayden Reed,WR,2025,64.2,41.2,6
00-0031302,C.J. Fiedorowicz,TE,2016,152.0,93.0,17
00-0029567,Nick Foles,QB,2020,104.18,104.18,9
00-0027944,Julio Jones,WR,2023,41.599999999999994,27.6,9
00-0033879,O.J. Howard,TE,2020,37.6,26.6,4
00-0032980,Marcus Johnson,WR,2021,24.799999999999997,15.8,7
00-0023645,Derek Anderson,QB,2014,50.440000000000005,50.440000000000005,5
00-0036424,Brycen Hopkins,TE,2023,12.8,7.800000000000001,5
00-0031273,Cameron Brate,TE,2014,2.7,1.7000000000000002,1
00-0031407,Blake Bortles,QB,2014,168.22,168.22,14
00-0037252,Greg Dulcich,TE,2025,62.800000000000004,36.800000000000004,9
00-0032120,Neal Sterling,TE,2016,23.0,11.0,6
00-0036040,Juwan Johnson,TE,2024,122.80000000000001,72.80000000000001,15
00-0027950,Christian Ponder,QB,2014,12.48,12.48,2
00-0033858,Jonnu Smith,TE,2023,124.2,74.2,17
00-0030663,Willie Snead,WR,2015,183.4,114.4,15
00-0039458,Brenden Bates,TE,2025,8.8,4.800000000000001,5
00-0031687,Raheem Mostert,RB,2021,2.0,2.0,1
00-0038124,Christian Watson,WR,2025,145.0,107.0,11
00-0035710,Daniel Jones,QB,2025,226.44,226.44,13
00-0034837,Calvin Ridley,WR,2021,71.10000000000001,40.1,5
00-0025396,Ted Ginn,WR,2014,40.0,26.0,17
00-0031325,Sammy Watkins,WR,2022,48.7,31.700000000000003,10
00-0039798,Isaiah Davis,RB,2024,45.9,36.9,13
00-0034577,Kyle Allen,QB,2018,26.54,26.54,2
00-0039052,Trey Palmer,WR,2023,114.4,72.4,19
00-0031260,Logan Thomas,TE,2014,7.24,7.24,2
00-0037666,Jalen Tolbert,WR,2025,46.3,28.3,12
00-0038496,Xavier Gipson,WR,2025,2.6,0.6000000000000001,6
00-0036290,Cole Kmet,TE,2021,121.2,61.2,17
00-0028002,Randall Cobb,WR,2015,218.1,136.1,18
00-0033215,Cyril Grayson,WR,2021,44.6,34.6,3
00-0031549,Nelson Agholor,WR,2024,52.6,37.6,15
00-0031941,Jamison Crowder,WR,2020,172.02,113.02,12
00-0033553,James Conner,RB,2024,253.8,206.8,16
00-0032951,Laquon Treadwell,WR,2023,2.6,1.6,3
00-0031922,Khari Lee,TE,2015,1.7000000000000002,0.7000000000000001,4
00-0034407,Ray-Ray McCloud,WR,2022,58.1,44.1,20
00-0032117,Nick O'Leary,TE,2019,29.9,16.9,8
00-0031544,Amari Cooper,WR,2018,253.60000000000002,165.60000000000002,17
00-0032156,Trevor Siemian,QB,2016,191.74,191.74,14
00-0036424,Brycen Hopkins,TE,2022,17.900000000000002,10.9,7
00-0036912,DeVonta Smith,WR,2025,216.79999999999998,131.8,18
00-0036450,Ke'Shawn Vaughn,RB,2023,6.4,4.4,5
00-0037742,Treylon Burks,WR,2025,29.0,19.0,8
00-0028986,Case Keenum,QB,2014,22.900000000000002,22.900000000000002,2
00-0031382,Jarvis Landry,WR,2018,217.12,136.12,16
00-0032745,Alan Cross,TE,2016,15.8,9.8,11
00-0028064,Bilal Powell,RB,2016,197.0,139.0,16
00-0031757,Lucky Whitehead,WR,2016,14.0,11.0,15
00-0032156,Trevor Siemian,QB,2019,0.12,0.12,1
00-0034771,Mason Rudolph,QB,2020,18.360000000000003,18.360000000000003,4
00-0031344,Cody Latimer,WR,2018,36.0,25.0,6
00-0029275,Ladarius Green,TE,2014,41.6,22.6,10
00-0032794,Danny Vitale,RB,2017,4.9,1.9000000000000004,9
00-0032166,Sammie Coates,WR,2015,10.200000000000001,7.200000000000001,2
00-0036679,Shane Buechele,QB,2025,3.92,3.92,1
00-0032385,Sterling Shepard,WR,2018,182.5,116.5,16
00-0033111,Pharoh Cooper,WR,2019,55.5,30.500000000000004,12
00-0022921,Larry Fitzgerald,WR,2020,100.9,46.9,13
00-0030806,Nic Jacobs,TE,2015,1.6,0.6000000000000001,4
00-0031257,Paul Richardson,WR,2016,82.4,54.400000000000006,15
00-0023662,Matt Cassel,QB,2014,22.8,22.8,3
00-0032688,Robbie Chosen,WR,2018,156.4,106.4,14
00-0033839,Dede Westbrook,WR,2019,156.7,90.7,15
00-0023436,Alex Smith,QB,2015,301.78000000000003,301.78000000000003,18
00-0035662,Marquise Brown,WR,2022,156.0,89.0,12
00-0037745,Velus Jones Jr.,RB,2025,4.2,4.2,6
00-0023436,Alex Smith,QB,2017,315.04,315.04,16
00-0038589,Josh Whyle,TE,2024,60.800000000000004,32.8,15
00-0030089,Luke Willson,TE,2020,2.2,1.2000000000000002,2
00-0025418,Greg Olsen,TE,2017,66.80000000000001,41.800000000000004,8
00-0029654,A.J. Jenkins,WR,2014,18.1,9.100000000000001,7
00-0036924,Michael Carter,RB,2023,58.8,34.8,15
00-0037240,Jameson Williams,WR,2024,225.20000000000002,166.20000000000002,16
00-0040667,Matthew Golden,WR,2025,88.4,55.400000000000006,15
00-0031062,James White,RB,2020,116.6,67.6,14
00-0036278,Jason Huntley,RB,2020,2.9000000000000004,1.9000000000000001,4
00-0031236,Brandin Cooks,WR,2021,231.8,141.8,16
00-0031068,Ryan Grant,WR,2016,16.6,7.6,12
00-0029004,Lance Dunbar,RB,2016,37.3,21.3,12
00-0029587,Rhett Ellison,TE,2014,47.800000000000004,28.8,14
00-0024267,Greg Jennings,WR,2014,169.20000000000002,110.2,16
00-0034775,Christian Kirk,WR,2019,168.2,100.2,13
00-0026300,Josh Johnson,QB,2018,49.6,49.6,4
00-0032393,C.J. Prosise,RB,2016,61.0,44.0,6
00-0031941,Jamison Crowder,WR,2021,109.7,58.7,12
00-0032951,Laquon Treadwell,WR,2018,71.2,36.2,15
00-0029104,Jonas Gray,RB,2014,73.3,72.3,9
00-0035752,Chris Streveler,QB,2022,9.0,9.0,1
00-0035539,Isaac Nauta,TE,2020,1.3,0.30000000000000004,2
00-0029205,Travaris Cadet,RB,2018,3.2,2.2,1
00-0030216,Josh Hill,TE,2019,67.9,40.900000000000006,15
00-0033921,Chris Godwin Jr.,WR,2023,231.7,140.70000000000002,19
00-0026158,Joe Flacco,QB,2025,146.66,146.66,13
00-0038147,Daylen Baldwin,WR,2022,4.5,2.5,1
00-0031590,Jay Ajayi,RB,2019,3.0,3.0,3
00-0035291,Trayveon Williams,RB,2021,6.5,5.5,4
00-0031062,James White,RB,2014,11.1,6.1000000000000005,3
00-0035869,Austin Mack,WR,2020,16.099999999999998,9.1,5
00-0033594,Chris Carson,RB,2021,48.1,42.1,4
00-0032966,Corey Coleman,WR,2016,93.3,60.3,10
00-0033895,Gerald Everett,TE,2020,92.9,51.900000000000006,17
00-0028012,Ryan Mallett,QB,2017,9.94,9.94,2
00-0030990,Josh Huff,WR,2015,76.2,49.2,15
00-0036936,Rondale Moore,WR,2021,119.3,60.300000000000004,15
00-0028091,Jeremy Kerley,WR,2018,2.7,0.7000000000000001,1
00-0037837,Calvin Austin III,WR,2023,60.4,42.4,17
00-0029293,Marvin Jones,WR,2017,225.1,164.1,16
00-0024221,Vernon Davis,TE,2016,114.30000000000001,70.30000000000001,15
00-0034855,Baker Mayfield,QB,2018,240.10000000000002,240.10000000000002,14
00-0030821,Allen Hurns,WR,2017,115.60000000000001,69.6,13
00-0031326,Bruce Ellington,WR,2014,33.0,27.0,13
00-0028016,Austin Pettis,WR,2014,29.800000000000004,17.800000000000004,4
00-0034370,DaeSean Hamilton,WR,2019,63.7,35.7,13
00-0026158,Joe Flacco,QB,2021,23.82,23.82,2
00-0027450,Preston Parker,WR,2014,89.8,53.800000000000004,16
00-0034829,Mike Gesicki,TE,2024,141.5,76.5,16
00-0032780,Jordan Howard,RB,2019,111.4,101.4,9
00-0023645,Derek Anderson,QB,2016,16.52,16.52,4
00-0034860,Dante Pettis,WR,2018,103.5,76.5,12
00-0027973,Andy Dalton,QB,2018,174.54,174.54,11
00-0035217,Benny Snell,RB,2020,77.60000000000001,66.60000000000001,16
00-0038976,Marvin Mims Jr.,WR,2024,132.8,91.8,18
00-0030920,Javontee Herndon,WR,2015,44.8,20.8,8
00-0036875,Rhamondre Stevenson,RB,2022,249.10000000000002,180.10000000000002,17
00-0033948,Jamaal Williams,RB,2019,151.20000000000002,109.2,16
00-0030287,Andre Ellington,RB,2016,30.1,18.1,14
00-0036275,D'Andre Swift,RB,2023,209.9,166.9,17
00-0036425,DeeJay Dallas,RB,2020,56.900000000000006,39.900000000000006,9
00-0030181,Jack Doyle,TE,2018,60.5,34.5,6
00-0034073,Ross Dwelley,TE,2024,1.5,0.5,4
00-0036862,Ben Skowronek,WR,2023,23.0,14.0,14
00-0036741,Jack Stoll,TE,2021,6.2,2.2,7
00-0036924,Michael Carter,RB,2025,99.0,66.0,13
00-0031428,Allen Robinson,WR,2022,84.9,51.900000000000006,10
00-0035120,Keelan Doss,WR,2019,24.3,13.3,6
00-0027702,Mike Williams,WR,2014,28.2,20.2,6
00-0024242,DeAngelo Williams,RB,2015,233.4,193.4,16
00-0037086,Grant Calcaterra,TE,2022,13.100000000000001,8.100000000000001,6
00-0025708,Matt Moore,QB,2019,42.26,42.26,6
00-0037098,Samori Toure,WR,2023,17.8,9.8,8
00-0033906,Alvin Kamara,RB,2017,351.2,265.20000000000005,18
00-0029273,Robert Turbin,RB,2017,25.9,16.9,6
00-0036727,Adam Prentice,RB,2025,16.000000000000004,10.000000000000002,15
00-0032141,Geoff Swaim,TE,2016,12.9,6.9,7
00-0034613,Tanner Hudson,TE,2020,7.1,4.1,5
00-0030999,Marion Grice,RB,2014,26.1,19.1,7
00-0031395,Garrett Gilbert,QB,2018,1.6,1.6,1
00-0038108,Bailey Zappe,QB,2024,7.000000000000001,7.000000000000001,1
00-0032187,David Johnson,RB,2015,259.40000000000003,208.4,18
00-0026691,Chris Williams,WR,2014,5.2,5.2,6
00-0036919,Kenneth Gainwell,RB,2022,124.5,94.50000000000001,20
00-0036040,Juwan Johnson,TE,2020,7.9,3.9000000000000004,5
00-0036556,Brevin Jordan,TE,2023,65.5,47.5,12
00-0030856,Tony Washington,WR,2015,0.8,0.8,2
00-0036754,Brock Wright,TE,2024,35.0,22.0,11
00-0033873,Patrick Mahomes,QB,2023,358.36,358.36,20
00-0039739,Roman Wilson,WR,2025,38.6,26.6,9
00-0034499,Jawill Davis,WR,2018,8.0,4.0,7
00-0033948,Jamaal Williams,RB,2022,225.9,213.9,17
00-0036415,Van Jefferson,WR,2023,41.300000000000004,21.3,14
00-0026300,Josh Johnson,QB,2024,0.78,0.78,4
00-0031431,Marqise Lee,WR,2017,162.3,99.3,16
00-0028838,Larry Donnell,TE,2015,63.300000000000004,34.3,8
00-0038996,Tucker Kraft,TE,2025,117.19999999999999,85.2,8
00-0027712,Joe McKnight,RB,2014,24.7,18.7,1
00-0036670,Jermar Jefferson,RB,2024,4.2,3.2,2
00-0035640,DK Metcalf,WR,2021,244.3,169.3,17
00-0032211,Tyler Lockett,WR,2016,124.1,83.1,15
00-0033881,Evan Engram,TE,2019,109.4,65.4,8
00-0033025,Jalen Richard,RB,2016,118.60000000000001,87.60000000000001,17
00-0040691,Jaxson Dart,QB,2025,241.58,241.58,14
00-0028097,Lee Smith,TE,2017,15.600000000000001,7.6000000000000005,10
00-0028957,Austin Davis,QB,2015,19.18,19.18,3
00-0036887,Luke Farrell,TE,2024,18.7,6.7,12
00-0031763,DeAndre Carter,WR,2019,31.400000000000002,18.400000000000002,18
00-0029567,Nick Foles,QB,2016,28.0,28.0,2
00-0032208,Phillip Dorsett,WR,2019,102.4,72.4,12
00-0023564,Darren Sproles,RB,2015,161.5,106.5,16
00-0024279,Tarvaris Jackson,QB,2015,0.68,0.68,4
00-0022427,Wes Welker,WR,2015,23.2,10.200000000000001,7
00-0036510,Kenny Yeboah,TE,2021,5.6,3.6,3
00-0032893,Connor Cook,QB,2016,10.440000000000001,10.440000000000001,2
00-0036640,Zach Davidson,TE,2024,1.5,0.5,2
00-0036251,Zack Moss,RB,2021,105.2,82.2,14
00-0029613,Doug Martin,RB,2016,85.5,71.5,8
00-0035631,Drew Sample,TE,2019,8.0,3.0,5
00-0037805,Jeremy Ruckert,TE,2025,46.900000000000006,23.900000000000002,14
00-0035311,Myles Gaskin,RB,2024,1.9999999999999998,1.0,4
00-0036646,Simi Fehoko,WR,2024,16.6,10.600000000000001,6
00-0031382,Jarvis Landry,WR,2017,260.0,148.0,16
00-0032577,D.J. Foster,RB,2016,3.6,2.6,3
00-0039918,Caleb Williams,QB,2024,254.54000000000002,254.54000000000002,17
00-0033893,Dalvin Cook,RB,2024,4.0,3.0,2
00-0035664,Darrell Henderson,RB,2020,130.3,114.30000000000001,15
00-0030272,Jake Stoneburner,TE,2015,21.7,16.7,3
00-0035719,Deebo Samuel Sr.,WR,2024,155.6,104.60000000000001,15
00-0035957,Rodney Smith,RB,2020,36.5,27.5,7
00-0026498,Matthew Stafford,QB,2021,423.46,423.46,21
00-0032791,Jakeem Grant,WR,2020,87.3,51.300000000000004,14
00-0033306,Victor Bolden,WR,2018,2.0,1.0,3
00-0033439,Pharaoh Brown,TE,2021,38.1,15.100000000000001,13
00-0030288,Rex Burkhead,RB,2021,104.3,79.3,15
00-0034279,Equanimeous St. Brown,WR,2018,54.3,33.300000000000004,11
00-0031075,Alfred Blue,RB,2017,44.6,37.6,9
00-0026158,Joe Flacco,QB,2014,305.28000000000003,305.28000000000003,18
00-0033455,Anthony Firkser,TE,2021,73.10000000000001,39.1,16
00-0028091,Jeremy Kerley,WR,2016,148.70000000000002,84.7,16
00-0035101,Davion Davis,WR,2021,2.7,1.7000000000000002,2
00-0027685,Emmanuel Sanders,WR,2021,145.9,100.9,16
00-0033871,Corey Davis,WR,2017,100.30000000000001,57.300000000000004,13
00-0038477,Bryce Ford-Wheaton,WR,2024,6.0,6.0,5
00-0033897,Joe Mixon,RB,2019,225.4,190.4,16
00-0033562,Ryan Switzer,WR,2019,10.700000000000001,2.7,9
00-0030860,Orleans Darkwa,RB,2016,26.3,24.3,7
00-0029319,Josh Bellamy,WR,2016,56.9,37.9,13
00-0035228,Kyler Murray,QB,2022,200.52,200.52,11
00-0032426,Alex Collins,RB,2020,21.1,20.1,3
00-0026158,Joe Flacco,QB,2022,48.34,48.34,5
00-0032128,Chris Conley,WR,2023,15.4,10.4,3
00-0023459,Aaron Rodgers,QB,2015,338.08,338.08,18
00-0032950,Carson Wentz,QB,2020,198.4,198.4,12
00-0038994,Jordan Addison,WR,2024,218.4,152.4,16
00-0027816,Marc Mariani,WR,2015,52.0,30.0,16
00-0029263,Russell Wilson,QB,2023,256.90000000000003,256.90000000000003,15
00-0038102,Kenny Pickett,QB,2025,7.720000000000001,7.720000000000001,6
00-0032068,Malcolm Johnson,RB,2015,5.5,1.5000000000000002,5
00-0027685,Emmanuel Sanders,WR,2014,313.40000000000003,205.4,17
00-0031484,Chris Manhertz,TE,2018,13.2,11.2,7
00-0036345,K.J. Osborn,WR,2024,18.7,11.7,7
00-0033080,Seth DeValve,TE,2017,76.5,43.5,16
00-0029336,Brittan Golden,WR,2017,12.0,7.0,9
00-0029634,James Hanna,TE,2017,18.8,14.8,10
00-0034414,Boston Scott,RB,2023,17.8,13.8,13
00-0033080,Seth DeValve,TE,2016,34.7,24.700000000000003,8
00-0036196,Gabe Davis,WR,2023,161.4,116.4,16
00-0033295,Elijah McGuire,RB,2018,85.9,66.9,8
00-0033869,Mitchell Trubisky,QB,2024,14.959999999999997,14.959999999999997,9
00-0029708,Kendall Wright,WR,2017,126.4,67.4,15
00-0034983,Hunter Renfrow,WR,2022,79.0,43.0,10
00-0030565,Geno Smith,QB,2025,173.9,173.9,15
00-0022924,Ben Roethlisberger,QB,2019,12.74,12.74,2
00-0030521,Justin Hunter,WR,2015,54.4,32.400000000000006,9
00-0030456,Giovani Bernard,RB,2018,95.9,60.9,12
00-0030549,Tyler Eifert,TE,2020,82.9,46.900000000000006,15
00-0033246,Johnny Mundt,TE,2024,50.0,29.0,15
00-0038728,Jared Wayne,WR,2025,4.0,2.0,1
00-0038636,Kenny McIntosh,RB,2024,22.4,19.4,11
00-0031266,Zach Mettenberger,QB,2015,42.2,42.2,7
00-0026901,Mike Wallace,WR,2015,100.9,60.900000000000006,16
00-0035644,Noah Fant,TE,2020,149.3,87.3,14
00-0027854,Sam Bradford,QB,2017,26.98,26.98,2
00-0032218,Dorial Green-Beckham,WR,2016,87.2,51.2,14
00-0032450,Dwayne Washington,RB,2019,7.6000000000000005,6.6000000000000005,6
00-0035973,Patrick Taylor,RB,2021,17.200000000000003,15.200000000000003,5
00-0037078,Cole Turner,TE,2023,23.0,12.0,8
00-0031381,Davante Adams,WR,2021,362.3,230.3,17
00-0023459,Aaron Rodgers,QB,2018,312.58,312.58,16
00-0031387,Eric Ebron,TE,2020,161.0,98.0,16
00-0027966,Mark Ingram,RB,2017,286.3,226.3,18
00-0036139,Rico Dowdle,RB,2024,197.8,158.8,16
00-0031345,Jimmy Garoppolo,QB,2019,266.5,266.5,19
00-0033296,Alex Armah,RB,2020,7.7,2.7,12
00-0032784,Kevin Hogan,QB,2017,33.78,33.78,4
00-0033266,JoJo Natson,WR,2017,5.300000000000001,3.3000000000000003,7
00-0033923,Kareem Hunt,RB,2020,248.0,208.0,18
00-0036040,Juwan Johnson,TE,2021,52.900000000000006,39.9,13
00-0038041,Jake Ferguson,TE,2023,214.4,133.4,18
00-0035685,David Montgomery,RB,2025,166.92000000000002,142.92000000000002,17
00-0028021,Jerrel Jernigan,WR,2014,9.8,3.8000000000000003,2
00-0031600,Keith Mumphery,WR,2016,18.6,7.6000000000000005,10
00-0025549,Brent Celek,TE,2017,33.6,19.6,14
00-0026186,Jerome Simpson,WR,2015,16.4,11.4,5
00-0038128,Malik Willis,QB,2024,51.800000000000004,51.800000000000004,6
00-0036336,Anthony McFarland,RB,2021,2.4,1.4000000000000001,2
00-0034857,Josh Allen,QB,2023,456.8,456.8,19
00-0031549,Nelson Agholor,WR,2021,106.2,68.2,15
00-0033906,Alvin Kamara,RB,2025,100.7,67.7,11
00-0040179,DJ Giddens,RB,2025,9.600000000000001,9.600000000000001,5
00-0027215,Logan Paulsen,TE,2014,24.8,11.8,15
00-0035527,Andy Isabella,WR,2020,54.800000000000004,33.800000000000004,11
00-0038608,Kayshon Boutte,WR,2023,3.9000000000000004,1.9000000000000001,3
00-0024408,Bruce Gradkowski,QB,2014,0.6799999999999999,0.6799999999999999,2
00-0028702,Chris Matthews,WR,2014,20.9,16.9,3
00-0038555,Tank Bigsby,RB,2024,129.0,122.0,16
00-0033119,Jacoby Brissett,QB,2019,217.68,216.68,15
00-0030431,Robert Woods,WR,2020,272.4,170.4,18
00-0035537,Ty Johnson,RB,2019,60.2,36.2,16
00-0036365,Bryan Edwards,WR,2022,4.5,1.5,4
00-0039064,Zay Flowers,WR,2023,235.4,149.4,18
00-0031503,Jameis Winston,QB,2017,201.66,201.66,13
00-0028067,Julius Thomas,TE,2014,175.20000000000002,126.2,13
00-0024204,Fred Jackson,RB,2015,87.0,51.0,17
00-0034440,Justin Jackson,RB,2022,51.1,39.1,15
00-0029319,Josh Bellamy,WR,2018,38.1,23.1,15
00-0027215,Logan Paulsen,TE,2016,4.5,1.5,10
00-0022942,Philip Rivers,QB,2017,270.4,270.4,16
00-0027973,Andy Dalton,QB,2020,136.9,135.9,11
00-0028142,Virgil Green,TE,2014,21.1,14.100000000000001,10
00-0034253,Dontrell Hilliard,RB,2020,6.0,5.0,5
00-0036219,Marquez Callaway,WR,2021,151.8,105.80000000000001,17
00-0036415,Van Jefferson,WR,2022,78.9,54.9,10
00-0029614,Chris Givens,WR,2014,33.3,22.3,9
00-0036630,Tylan Wallace,WR,2023,8.1,7.1,6
00-0036360,Clyde Edwards-Helaire,RB,2023,78.10000000000001,57.10000000000001,19
00-0032688,Robbie Chosen,WR,2022,52.2,32.2,12
00-0039884,Tahj Washington,WR,2025,4.699999999999999,1.7000000000000002,2
00-0033949,Joshua Dobbs,QB,2024,30.839999999999996,30.839999999999996,2
00-0036232,Harrison Bryant,TE,2025,7.8,2.8,6
00-0028838,Larry Donnell,TE,2016,28.2,13.200000000000001,7
00-0037252,Greg Dulcich,TE,2023,5.5,2.5,2
00-0031001,Jeff Janis,WR,2016,36.1,25.1,16
00-0031912,Cameron Meredith,WR,2016,179.48000000000002,113.48,14
00-0035864,Kendall Hinton,WR,2022,56.4,32.400000000000006,11
00-0033090,Hunter Henry,TE,2020,145.3,85.30000000000001,14
00-0038559,Michael Wilson,WR,2023,114.5,76.5,13
00-0037012,Trey Lance,QB,2024,12.74,12.74,4
00-0023564,Darren Sproles,RB,2019,17.0,11.0,6
00-0027732,Michael Hoomanawanui,TE,2017,17.2,11.2,9
00-0031558,Maxx Williams,TE,2021,41.3,25.3,5
00-0036497,Tim Jones,WR,2024,7.1,4.1,8
00-0034401,Mike White,QB,2023,2.06,2.06,6
00-0032211,Tyler Lockett,WR,2020,271.7,169.70000000000002,17
00-0034798,Durham Smythe,TE,2021,70.0,36.0,16
00-0032436,Jeff Driskel,QB,2023,13.940000000000001,13.940000000000001,1
00-0030288,Rex Burkhead,RB,2014,29.3,19.3,8
