pid,name,pos,entry_season,entry_type,entry_overall,entry_bid,market_rank,rank_src,tier,end_season,length_seasons,censored,n_extensions,ext_terms,ext_seasons
0530,0530,,2010,WAIVER,,2,,,,2010,1,0,0,,
8302,8302,,2010,WAIVER,,1,,,,2011,2,0,0,,
8708,8708,,2010,WAIVER,,5,,,,2010,1,0,0,,
6955,6955,,2010,WAIVER,,1,,,,2010,1,0,0,,
8474,8474,,2010,WAIVER,,1,,,,2010,1,0,0,,
3869,3869,,2010,WAIVER,,6,,,,2010,1,0,0,,
0515,0515,,2010,WAIVER,,1,,,,2010,1,0,0,,
9604,9604,,2010,WAIVER,,1,,,,2010,1,0,0,,
7740,7740,,2010,WAIVER,,3,,,,2010,1,0,0,,
0511,0511,,2010,WAIVER,,1,,,,2010,1,0,0,,
9924,9924,,2010,WAIVER,,1,,,,2010,1,0,0,,
0532,0532,,2010,WAIVER,,1,,,,2010,1,0,0,,
7867,7867,,2010,WAIVER,,1,,,,2010,1,0,0,,
8911,8911,,2010,WAIVER,,10,,,,2012,3,0,0,,
8010,8010,,2010,WAIVER,,3,,,,2011,2,0,0,,
3298,3298,,2010,WAIVER,,1,,,,2010,1,0,0,,
9531,9531,,2010,WAIVER,,1,,,,2010,1,0,0,,
0509,0509,,2010,WAIVER,,1,,,,2010,1,0,0,,
7403,7403,,2010,WAIVER,,3,,,,2010,1,0,0,,
8072,8072,,2010,WAIVER,,2,,,,2010,1,0,0,,
8298,8298,,2010,WAIVER,,1,,,,2011,2,0,0,,
6522,6522,,2010,WAIVER,,1,,,,2010,1,0,0,,
7834,7834,,2010,WAIVER,,3,,,,2010,1,0,0,,
6559,6559,,2010,WAIVER,,1,,,,2010,1,0,0,,
0525,0525,,2010,WAIVER,,5,,,,2010,1,0,0,,
8490,8490,,2010,WAIVER,,10,,,,2010,1,0,0,,
9221,9221,,2010,WAIVER,,1,,,,2010,1,0,0,,
9137,9137,,2010,WAIVER,,2,,,,2010,1,0,0,,
0513,0513,,2010,WAIVER,,4,,,,2010,1,0,0,,
9639,9639,,2010,WAIVER,,1,,,,2010,1,0,0,,
8700,8700,,2010,WAIVER,,1,,,,2010,1,0,0,,
8498,8498,,2010,WAIVER,,3,,,,2010,1,0,0,,
10066,10066,,2010,WAIVER,,1,,,,2010,1,0,0,,
9794,9794,,2010,WAIVER,,1,,,,2010,1,0,0,,
6475,6475,,2010,WAIVER,,1,,,,2011,2,0,0,,
8913,8913,,2010,WAIVER,,3,,,,2010,1,0,0,,
0519,0519,,2010,WAIVER,,4,,,,2010,1,0,0,,
9524,9524,,2010,WAIVER,,2,,,,2010,1,0,0,,
10082,10082,,2010,WAIVER,,1,,,,2010,1,0,0,,
4924,4924,,2010,WAIVER,,3,,,,2010,1,0,0,,
10360,10360,,2011,WAIVER,,1000,,,,2011,1,0,0,,
7817,7817,,2011,WAIVER,,3000,,,,2011,1,0,0,,
7837,7837,,2011,WAIVER,,1000,,,,2012,2,0,0,,
6519,6519,,2011,WAIVER,,1000,,,,2011,1,0,0,,
4770,4770,,2011,WAIVER,,1000,,,,2011,1,0,0,,
3910,3910,,2011,WAIVER,,1000,,,,2011,1,0,0,,
9307,9307,,2011,WAIVER,,1000,,,,2011,1,0,0,,
7854,7854,,2011,WAIVER,,1000,,,,2012,2,0,0,,
9892,9892,,2011,WAIVER,,4000,,,,2011,1,0,0,,
10305,10305,,2011,WAIVER,,3000,,,,2011,1,0,0,,
3141,3141,,2011,WAIVER,,1000,,,,2011,1,0,0,,
10524,10524,,2011,WAIVER,,1000,,,,2011,1,0,0,,
9529,9529,,2011,WAIVER,,4000,,,,2011,1,0,0,,
9770,9770,,2011,WAIVER,,2000,,,,2011,1,0,0,,
9847,9847,,2011,WAIVER,,1000,,,,2011,1,0,0,,
10309,10309,,2011,WAIVER,,1000,,,,2011,1,0,0,,
8273,8273,,2011,WAIVER,,1000,,,,2011,1,0,0,,
7740,7740,,2011,WAIVER,,4000,,,,2011,1,0,0,,
1275,1275,,2011,WAIVER,,1000,,,,2011,1,0,0,,
9824,9824,,2011,WAIVER,,1000,,,,2012,2,0,0,,
8244,8244,,2011,WAIVER,,4000,,,,2011,1,0,0,,
5025,5025,,2011,WAIVER,,4000,,,,2011,1,0,0,,
7286,7286,,2011,WAIVER,,2000,,,,2011,1,0,0,,
9017,9017,,2011,WAIVER,,3000,,,,2011,1,0,0,,
1383,1383,,2011,WAIVER,,4000,,,,2011,1,0,0,,
7935,7935,,2011,WAIVER,,2000,,,,2011,1,0,0,,
9312,9312,,2011,WAIVER,,1000,,,,2011,1,0,0,,
9850,9850,,2011,WAIVER,,2000,,,,2011,1,0,0,,
6620,6620,,2011,WAIVER,,4000,,,,2011,1,0,0,,
9317,9317,,2011,WAIVER,,1000,,,,2013,3,0,0,,
8381,8381,,2011,WAIVER,,1000,,,,2011,1,0,0,,
9652,9652,,2011,WAIVER,,2000,,,,2011,1,0,0,,
10098,10098,,2011,WAIVER,,1000,,,,2011,1,0,0,,
9418,9418,,2011,WAIVER,,2000,,,,2011,1,0,0,,
6984,6984,,2011,WAIVER,,1000,,,,2011,1,0,0,,
8338,8338,,2011,WAIVER,,1000,,,,2011,1,0,0,,
9117,9117,,2011,WAIVER,,3000,,,,2015,5,0,0,,
7625,7625,,2011,WAIVER,,1000,,,,2011,1,0,0,,
4927,4927,,2011,WAIVER,,3000,,,,2011,1,0,0,,
10423,10423,,2011,WAIVER,,1000,,,,2014,4,0,0,,
7434,7434,,2011,WAIVER,,1000,,,,2011,1,0,0,,
7834,7834,,2011,WAIVER,,1000,,,,2011,1,0,0,,
5919,5919,,2011,WAIVER,,1000,,,,2011,1,0,0,,
2914,2914,,2011,WAIVER,,1000,,,,2011,1,0,0,,
10122,10122,,2011,WAIVER,,3000,,,,2011,1,0,0,,
9446,9446,,2011,WAIVER,,2000,,,,2011,1,0,0,,
9201,9201,,2011,WAIVER,,1000,,,,2011,1,0,0,,
9700,9700,,2011,WAIVER,,2000,,,,2011,1,0,0,,
7429,7429,,2011,WAIVER,,2000,,,,2012,2,0,0,,
5805,5805,,2011,WAIVER,,2000,,,,2011,1,0,0,,
5171,5171,,2011,WAIVER,,2000,,,,2011,1,0,0,,
10022,10022,,2011,WAIVER,,1000,,,,2011,1,0,0,,
7423,7423,,2011,WAIVER,,1000,,,,2011,1,0,0,,
9027,9027,,2011,WAIVER,,1000,,,,2011,1,0,0,,
10185,10185,,2011,WAIVER,,1000,,,,2011,1,0,0,,
7411,7411,,2011,WAIVER,,1000,,,,2011,1,0,0,,
9137,9137,,2011,WAIVER,,2000,,,,2011,1,0,0,,
10368,10368,,2011,WAIVER,,3000,,,,2011,1,0,0,,
9639,9639,,2011,WAIVER,,3000,,,,2011,1,0,0,,
10411,10411,,2011,WAIVER,,1000,,,,2011,1,0,0,,
4894,4894,,2011,WAIVER,,1000,,,,2011,1,0,0,,
7848,7848,,2011,WAIVER,,5000,,,,2011,1,0,0,,
3147,3147,,2011,WAIVER,,2000,,,,2011,1,0,0,,
7671,7671,,2011,WAIVER,,1000,,,,2011,1,0,0,,
7419,7419,,2011,WAIVER,,1000,,,,2011,1,0,0,,
6950,6950,,2011,WAIVER,,1000,,,,2011,1,0,0,,
6840,6840,,2011,WAIVER,,1000,,,,2011,1,0,0,,
10491,10491,,2011,WAIVER,,1000,,,,2011,1,0,0,,
7019,7019,,2011,WAIVER,,2000,,,,2011,1,0,0,,
9124,9124,,2011,WAIVER,,15000,,,,2011,1,0,0,,
9438,9438,,2011,WAIVER,,1000,,,,2011,1,0,0,,
7077,7077,,2011,WAIVER,,1000,,,,2011,1,0,0,,
3887,3887,,2011,WAIVER,,5000,,,,2011,1,0,0,,
9961,9961,,2011,WAIVER,,1000,,,,2011,1,0,0,,
8098,8098,,2011,WAIVER,,1000,,,,2011,1,0,0,,
10533,10533,,2011,WAIVER,,4000,,,,2011,1,0,0,,
8735,8735,,2011,WAIVER,,1000,,,,2011,1,0,0,,
7775,7775,,2011,WAIVER,,3000,,,,2011,1,0,0,,
8786,8786,,2011,WAIVER,,1000,,,,2011,1,0,0,,
8376,8376,,2011,WAIVER,,1000,,,,2011,1,0,0,,
9144,9144,,2011,WAIVER,,3000,,,,2012,2,0,0,,
9743,9743,,2011,WAIVER,,1000,,,,2011,1,0,0,,
8329,8329,,2011,WAIVER,,2000,,,,2011,1,0,0,,
7281,7281,,2011,WAIVER,,1000,,,,2011,1,0,0,,
4924,4924,,2011,WAIVER,,1000,,,,2011,1,0,0,,
8787,8787,,2011,WAIVER,,1000,,,,2011,1,0,0,,
9015,9015,,2011,WAIVER,,2000,,,,2011,1,0,0,,
10314,10314,,2012,WAIVER,,1000,,,,2012,1,0,0,,
9616,9616,,2012,WAIVER,,1000,,,,2012,1,0,0,,
10731,"Toon, Nick",,2012,ROOKIE,24,,,rookie_slot,,2014,3,0,0,,
10706,"Richardson, Trent",,2012,ROOKIE,1,,,rookie_slot,,2014,3,0,0,,
3871,3871,,2012,WAIVER,,1000,,,,2012,1,0,0,,
10730,"Posey, DeVier",,2012,ROOKIE,44,,,rookie_slot,,2012,1,0,0,,
10282,10282,,2012,WAIVER,,1000,,,,2012,1,0,0,,
9915,9915,,2012,WAIVER,,1000,,,,2012,1,0,0,,
10812,"Hillman, Ronnie",,2012,ROOKIE,9,,,rookie_slot,,2012,1,0,0,,
6820,6820,,2012,WAIVER,,2000,,,,2012,1,0,0,,
9442,9442,,2012,WAIVER,,1000,,,,2012,1,0,0,,
8302,8302,,2012,WAIVER,,2000,,,,2012,1,0,0,,
10828,"Wylie, Devon",,2012,ROOKIE,49,,,rookie_slot,,2012,1,0,0,,
10744,"Green, Ladarius",,2012,ROOKIE,26,,,rookie_slot,,2013,2,0,0,,
9480,9480,,2012,WAIVER,,1000,,,,2012,1,0,0,,
7461,7461,,2012,WAIVER,,1000,,,,2012,1,0,0,,
10392,10392,,2012,WAIVER,,10000,,,,2012,1,0,0,,
9921,9921,,2012,WAIVER,,2000,,,,2012,1,0,0,,
10297,10297,,2012,WAIVER,,15000,,,,2014,3,0,0,,
10718,"Pead, Isaiah",,2012,ROOKIE,13,,,rookie_slot,,2013,2,0,0,,
10487,10487,,2012,WAIVER,,1000,,,,2012,1,0,0,,
9905,9905,,2012,WAIVER,,1000,,,,2012,1,0,0,,
9847,9847,,2012,WAIVER,,1000,,,,2012,1,0,0,,
1275,1275,,2012,WAIVER,,3000,,,,2012,1,0,0,,
9625,9625,,2012,WAIVER,,3000,,,,2012,1,0,0,,
8254,8254,,2012,WAIVER,,1000,,,,2012,1,0,0,,
10852,"Thompson, Taylor",,2012,ROOKIE,35,,,rookie_slot,,2012,1,0,0,,
9964,9964,,2012,WAIVER,,4000,,,,2012,1,0,0,,
5025,5025,,2012,WAIVER,,1000,,,,2012,1,0,0,,
7286,7286,,2012,WAIVER,,4000,,,,2012,1,0,0,,
10881,"Herron, Dan",,2012,ROOKIE,57,,,rookie_slot,,2013,2,0,0,,
6636,6636,,2012,WAIVER,,2000,,,,2012,1,0,0,,
9802,9802,,2012,WAIVER,,4000,,,,2012,1,0,0,,
8160,8160,,2012,WAIVER,,1000,,,,2013,2,0,0,,
10732,"Broyles, Ryan",,2012,ROOKIE,37,,,rookie_slot,,2012,1,0,0,,
8371,8371,,2012,WAIVER,,5000,,,,2012,1,0,0,,
9223,9223,,2012,WAIVER,,12000,,,,2012,1,0,0,,
10748,"Coples, Quinton",,2012,ROOKIE,39,,,rookie_slot,,2012,1,0,0,,
10725,"Randle, Rueben",,2012,ROOKIE,19,,,rookie_slot,,2014,3,0,0,,
10761,"Poe, Dontari",,2012,ROOKIE,51,,,rookie_slot,,2012,1,0,0,,
8010,8010,,2012,WAIVER,,1000,,,,2012,1,0,0,,
9104,9104,,2012,WAIVER,,2000,,,,2012,1,0,0,,
10098,10098,,2012,WAIVER,,3000,,,,2012,1,0,0,,
10924,10924,,2012,WAIVER,,5000,,,,2012,1,0,0,,
6567,6567,,2012,WAIVER,,1000,,,,2012,1,0,0,,
9418,9418,,2012,WAIVER,,1000,,,,2012,1,0,0,,
9449,9449,,2012,WAIVER,,2000,,,,2012,1,0,0,,
9542,9542,,2012,WAIVER,,1000,,,,2013,2,0,0,,
10719,"Blackmon, Justin",,2012,ROOKIE,5,,,rookie_slot,,2013,2,0,0,,
10315,10315,,2012,WAIVER,,1000,,,,2012,1,0,0,,
10736,"Givens, Chris",,2012,ROOKIE,59,,,rookie_slot,,2012,1,0,0,,
8549,8549,,2012,WAIVER,,10000,,,,2012,1,0,0,,
10742,"Allen, Dwayne",,2012,ROOKIE,52,,,rookie_slot,,2013,2,0,0,,
10715,"Ballard, Vick",,2012,ROOKIE,47,,,rookie_slot,,2013,2,0,0,,
4927,4927,,2012,WAIVER,,1000,,,,2012,1,0,0,,
10393,10393,,2012,WAIVER,,1000,,,,2012,1,0,0,,
10885,"Streeter, Tommy",,2012,ROOKIE,11,,,rookie_slot,,2012,1,0,0,,
10726,"McNutt, Marvin",,2012,ROOKIE,23,,,rookie_slot,,2012,1,0,0,,
10123,10123,,2012,WAIVER,,1000,,,,2015,4,0,0,,
8682,8682,,2012,WAIVER,,3000,,,,2012,1,0,0,,
10689,10689,,2012,WAIVER,,2000,,,,2012,1,0,0,,
9632,9632,,2012,WAIVER,,3000,,,,2012,1,0,0,,
9700,9700,,2012,WAIVER,,4000,,,,2012,1,0,0,,
10362,10362,,2012,WAIVER,,4000,,,,2013,2,0,0,,
9072,9072,,2012,WAIVER,,1000,,,,2012,1,0,0,,
9073,9073,,2012,WAIVER,,6000,,,,2012,1,0,0,,
10713,"Pierce, Bernard",,2012,ROOKIE,46,,,rookie_slot,,2013,2,0,0,,
10886,"Ganaway, Terrance",,2012,ROOKIE,55,,,rookie_slot,,2012,1,0,0,,
7488,7488,,2012,WAIVER,,1000,,,,2012,1,0,0,,
8022,8022,,2012,WAIVER,,1000,,,,2012,1,0,0,,
9565,9565,,2012,WAIVER,,4000,,,,2012,1,0,0,,
5662,5662,,2012,WAIVER,,1000,,,,2012,1,0,0,,
10712,"Rainey, Chris",,2012,ROOKIE,33,,,rookie_slot,,2012,1,0,0,,
10710,"Polk, Chris",,2012,ROOKIE,50,,,rookie_slot,,2013,2,0,0,,
8792,8792,,2012,WAIVER,,1000,,,,2012,1,0,0,,
10764,"Upshaw, Courtney",,2012,ROOKIE,38,,,rookie_slot,,2012,1,0,0,,
9512,9512,,2012,WAIVER,,1000,,,,2012,1,0,0,,
10984,10984,,2012,WAIVER,,4000,,,,2012,1,0,0,,
10698,"Weeden, Brandon",,2012,ROOKIE,30,,,rookie_slot,,2012,1,0,0,,
10090,10090,,2012,WAIVER,,1000,,,,2012,1,0,0,,
6816,6816,,2012,WAIVER,,1000,,,,2012,1,0,0,,
10905,"Brown, Bryce",,2012,ROOKIE,43,,,rookie_slot,,2012,1,0,0,,
9466,9466,,2012,WAIVER,,4000,,,,2012,1,0,0,,
10707,"Wilson, David",,2012,ROOKIE,6,,,rookie_slot,,2012,1,0,0,,
8106,8106,,2012,WAIVER,,1000,,,,2012,1,0,0,,
9092,9092,,2012,WAIVER,,1000,,,,2012,1,0,0,,
8283,8283,,2012,WAIVER,,1000,,,,2012,1,0,0,,
10318,10318,,2012,WAIVER,,1000,,,,2012,1,0,0,,
9670,9670,,2012,WAIVER,,1000,,,,2012,1,0,0,,
4894,4894,,2012,WAIVER,,3000,,,,2013,2,0,0,,
3969,3969,,2012,WAIVER,,1000,,,,2012,1,0,0,,
10717,"Gray, Cyrus",,2012,ROOKIE,40,,,rookie_slot,,2012,1,0,0,,
4883,4883,,2012,WAIVER,,1000,,,,2012,1,0,0,,
9325,9325,,2012,WAIVER,,4000,,,,2012,1,0,0,,
8721,8721,,2012,WAIVER,,1000,,,,2012,1,0,0,,
10721,"Floyd, Michael",,2012,ROOKIE,7,,,rookie_slot,,2014,3,0,0,,
10800,"Hill, Stephen",,2012,ROOKIE,16,,,rookie_slot,,2013,2,0,0,,
10982,10982,,2012,WAIVER,,1000,,,,2012,1,0,0,,
10601,10601,,2012,WAIVER,,3000,,,,2013,2,0,0,,
6475,6475,,2012,WAIVER,,2000,,,,2012,1,0,0,,
10961,10961,,2012,WAIVER,,4000,,,,2012,1,0,0,,
9648,9648,,2012,WAIVER,,1000,,,,2012,1,0,0,,
9526,9526,,2012,WAIVER,,4000,,,,2012,1,0,0,,
10711,"James, LaMichael",,2012,ROOKIE,25,,,rookie_slot,,2012,1,0,0,,
8295,8295,,2012,WAIVER,,3000,,,,2012,1,0,0,,
10743,"Fleener, Coby",,2012,ROOKIE,8,,,rookie_slot,,2013,2,0,0,,
7446,7446,,2012,WAIVER,,1000,,,,2012,1,0,0,,
9274,9274,,2012,WAIVER,,1000,,,,2012,1,0,0,,
8456,8456,,2012,WAIVER,,1000,,,,2012,1,0,0,,
10171,10171,,2012,WAIVER,,1000,,,,2012,1,0,0,,
10530,10530,,2012,WAIVER,,4000,,,,2012,1,0,0,,
10843,"Childs, Greg",,2012,ROOKIE,42,,,rookie_slot,,2012,1,0,0,,
8303,8303,,2012,WAIVER,,1000,,,,2012,1,0,0,,
7077,7077,,2012,WAIVER,,3000,,,,2012,1,0,0,,
3887,3887,,2012,WAIVER,,1000,,,,2012,1,0,0,,
10803,"Jenkins, A.J.",,2012,ROOKIE,27,,,rookie_slot,,2012,1,0,0,,
9933,9933,,2012,WAIVER,,3000,,,,2012,1,0,0,,
8735,8735,,2012,WAIVER,,1000,,,,2012,1,0,0,,
7775,7775,,2012,WAIVER,,2000,,,,2012,1,0,0,,
9727,9727,,2012,WAIVER,,1000,,,,2012,1,0,0,,
8376,8376,,2012,WAIVER,,1000,,,,2012,1,0,0,,
10735,"Quick, Brian",,2012,ROOKIE,20,,,rookie_slot,,2013,2,0,0,,
10955,10955,,2012,WAIVER,,3000,,,,2012,1,0,0,,
9820,9820,,2012,WAIVER,,3000,,,,2013,2,0,0,,
2965,2965,,2012,WAIVER,,1000,,,,2012,1,0,0,,
8333,8333,,2013,WAIVER,,2000,,,,2013,1,0,0,,
9915,9915,,2013,WAIVER,,2000,,,,2013,1,0,0,,
9930,9930,,2013,WAIVER,,1000,,,,2013,1,0,0,,
7837,7837,,2013,WAIVER,,1000,,,,2013,1,0,0,,
11200,"Randle, Joseph",,2013,ROOKIE,29,,,rookie_slot,,2013,1,0,0,,
11251,"Escobar, Gavin",,2013,ROOKIE,38,,,rookie_slot,,2013,1,0,0,,
11226,"Rogers, Da'Rick",,2013,ROOKIE,20,,,rookie_slot,,2013,1,0,0,,
11009,11009,,2013,WAIVER,,1000,,,,2013,1,0,0,,
10295,10295,,2013,WAIVER,,1000,,,,2013,1,0,0,,
11291,"Brown, Arthur",,2013,ROOKIE,31,,,rookie_slot,,2013,1,0,0,,
7854,7854,,2013,WAIVER,,1000,,,,2013,1,0,0,,
9495,9495,,2013,WAIVER,,1000,,,,2013,1,0,0,,
11233,11233,,2013,WAIVER,,1000,,,,2013,1,0,0,,
11012,11012,,2013,WAIVER,,1000,,,,2013,1,0,0,,
8935,8935,,2013,WAIVER,,1000,,,,2013,1,0,0,,
10301,10301,,2013,WAIVER,,5000,,,,2013,1,0,0,,
11154,"Manuel, E.J.",,2013,ROOKIE,19,,,rookie_slot,,2013,1,0,0,,
9625,9625,,2013,WAIVER,,4000,,,,2013,1,0,0,,
9964,9964,,2013,WAIVER,,7000,,,,2013,1,0,0,,
9435,9435,,2013,WAIVER,,1000,,,,2015,3,0,0,,
8911,8911,,2013,WAIVER,,2000,,,,2013,1,0,0,,
9188,9188,,2013,WAIVER,,1000,,,,2013,1,0,0,,
9705,9705,,2013,WAIVER,,1000,,,,2013,1,0,0,,
10732,10732,,2013,WAIVER,,1000,,,,2013,1,0,0,,
9120,9120,,2013,WAIVER,,2000,,,,2013,1,0,0,,
6589,6589,,2013,WAIVER,,1000,,,,2013,1,0,0,,
10761,10761,,2013,WAIVER,,1000,,,,2013,1,0,0,,
11481,11481,,2013,WAIVER,,2000,,,,2014,2,0,0,,
11153,"Wilson, Tyler",,2013,ROOKIE,30,,,rookie_slot,,2013,1,0,0,,
6620,6620,,2013,WAIVER,,1000,,,,2013,1,0,0,,
11234,"Swope, Ryan",,2013,ROOKIE,35,,,rookie_slot,,2013,1,0,0,,
6984,6984,,2013,WAIVER,,2000,,,,2013,1,0,0,,
10958,10958,,2013,WAIVER,,1000,,,,2013,1,0,0,,
9834,9834,,2013,WAIVER,,1000,,,,2013,1,0,0,,
11183,11183,,2013,WAIVER,,1000,,,,2013,1,0,0,,
11174,"Ball, Montee",,2013,ROOKIE,2,,,rookie_slot,,2013,1,0,0,,
10736,10736,,2013,WAIVER,,1000,,,,2014,2,0,0,,
11123,11123,,2013,WAIVER,,1000,,,,2013,1,0,0,,
10311,10311,,2013,WAIVER,,1000,,,,2013,1,0,0,,
11181,"Franklin, Johnathan",,2013,ROOKIE,8,,,rookie_slot,,2013,1,0,0,,
11229,"Wheaton, Markus",,2013,ROOKIE,17,,,rookie_slot,,2013,1,0,0,,
10139,10139,,2013,WAIVER,,1000,,,,2013,1,0,0,,
10889,10889,,2013,WAIVER,,2000,,,,2013,1,0,0,,
11347,"Cyprien, Johnathan",,2013,ROOKIE,40,,,rookie_slot,,2013,1,0,0,,
9050,9050,,2013,WAIVER,,4000,,,,2013,1,0,0,,
11190,11190,,2013,WAIVER,,10000,,,,2013,1,0,0,,
11194,"Davis, Knile",,2013,ROOKIE,42,,,rookie_slot,,2015,3,0,0,,
10263,10263,,2013,WAIVER,,1000,,,,2015,3,0,0,,
11214,"Dobson, Aaron",,2013,ROOKIE,10,,,rookie_slot,,2014,2,0,0,,
11179,"Michael, Christine",,2013,ROOKIE,12,,,rookie_slot,,2014,2,0,0,,
11218,"Patton, Quinton",,2013,ROOKIE,27,,,rookie_slot,,2015,3,0,0,,
11224,"Boyce, Josh",,2013,ROOKIE,26,,,rookie_slot,,2013,1,0,0,,
11272,"Jones, Datone",,2013,ROOKIE,57,,,rookie_slot,,2013,1,0,0,,
9072,9072,,2013,WAIVER,,2000,,,,2013,1,0,0,,
11231,"Wilson, Marquess",,2013,ROOKIE,49,,,rookie_slot,,2015,3,0,0,,
11125,11125,,2013,WAIVER,,1000,,,,2013,1,0,0,,
11398,11398,,2013,WAIVER,,1000,,,,2013,1,0,0,,
11121,11121,,2013,WAIVER,,3000,,,,2013,1,0,0,,
7488,7488,,2013,WAIVER,,1000,,,,2013,1,0,0,,
10321,10321,,2013,WAIVER,,1000,,,,2013,1,0,0,,
11152,"Glennon, Mike",,2013,ROOKIE,52,,,rookie_slot,,2013,1,0,0,,
11201,"Lacy, Eddie",,2013,ROOKIE,3,,,rookie_slot,,2016,4,0,0,,
7423,7423,,2013,WAIVER,,2000,,,,2013,1,0,0,,
11170,"Bray, Tyler",,2013,ROOKIE,53,,,rookie_slot,,2013,1,0,0,,
9960,9960,,2013,WAIVER,,1000,,,,2013,1,0,0,,
11185,"Williams, Kerwynn",,2013,ROOKIE,48,,,rookie_slot,,2013,1,0,0,,
11189,"Stacy, Zac",,2013,ROOKIE,9,,,rookie_slot,,2013,1,0,0,,
10090,10090,,2013,WAIVER,,1000,,,,2013,1,0,0,,
11198,"Lattimore, Marcus",,2013,ROOKIE,15,,,rookie_slot,,2013,1,0,0,,
10905,10905,,2013,WAIVER,,1000,,,,2013,1,0,0,,
10674,10674,,2013,WAIVER,,4000,,,,2013,1,0,0,,
11019,11019,,2013,WAIVER,,1000,,,,2013,1,0,0,,
10529,10529,,2013,WAIVER,,1000,,,,2013,1,0,0,,
11290,"Jones, Jarvis",,2013,ROOKIE,56,,,rookie_slot,,2013,1,0,0,,
11295,"Mingo, Barkevious",,2013,ROOKIE,45,,,rookie_slot,,2015,3,0,0,,
8715,8715,,2013,WAIVER,,1000,,,,2013,1,0,0,,
9025,9025,,2013,WAIVER,,3000,,,,2013,1,0,0,,
10412,10412,,2013,WAIVER,,3000,,,,2016,4,0,0,,
9936,9936,,2013,WAIVER,,1000,,,,2013,1,0,0,,
10097,10097,,2013,WAIVER,,1000,,,,2013,1,0,0,,
8106,8106,,2013,WAIVER,,1000,,,,2013,1,0,0,,
10318,10318,,2013,WAIVER,,1000,,,,2013,1,0,0,,
11077,11077,,2013,WAIVER,,1000,,,,2013,1,0,0,,
11212,"Hunter, Justin",,2013,ROOKIE,14,,,rookie_slot,,2013,1,0,0,,
9871,9871,,2013,WAIVER,,1000,,,,2013,1,0,0,,
11223,"Bailey, Stedman",,2013,ROOKIE,22,,,rookie_slot,,2013,1,0,0,,
9319,9319,,2013,WAIVER,,1000,,,,2013,1,0,0,,
8497,8497,,2013,WAIVER,,1000,,,,2013,1,0,0,,
4883,4883,,2013,WAIVER,,1000,,,,2013,1,0,0,,
11406,11406,,2013,WAIVER,,1000,,,,2015,3,0,0,,
11263,"Jordan, Dion",,2013,ROOKIE,34,,,rookie_slot,,2013,1,0,0,,
7826,7826,,2013,WAIVER,,1000,,,,2013,1,0,0,,
11176,"Taylor, Stepfan",,2013,ROOKIE,32,,,rookie_slot,,2013,1,0,0,,
11409,"Johnson, Charles",,2013,ROOKIE,46,,,rookie_slot,,2013,1,0,0,,
9867,9867,,2013,WAIVER,,1000,,,,2013,1,0,0,,
10929,10929,,2013,WAIVER,,19000,,,,2013,1,0,0,,
11426,11426,,2013,WAIVER,,1000,,,,2013,1,0,0,,
8375,8375,,2013,WAIVER,,1000,,,,2013,1,0,0,,
11310,"Minter, Kevin",,2013,ROOKIE,59,,,rookie_slot,,2013,1,0,0,,
9979,9979,,2013,WAIVER,,1000,,,,2013,1,0,0,,
9124,9124,,2013,WAIVER,,6000,,,,2013,1,0,0,,
11292,"Te'o, Manti",,2013,ROOKIE,41,,,rookie_slot,,2014,2,0,0,,
11210,"Robinson, Denard",,2013,ROOKIE,36,,,rookie_slot,,2014,2,0,0,,
10944,10944,,2013,WAIVER,,1000,,,,2013,1,0,0,,
8303,8303,,2013,WAIVER,,1000,,,,2013,1,0,0,,
11384,11384,,2013,WAIVER,,1000,,,,2013,1,0,0,,
11151,"Barkley, Matt",,2013,ROOKIE,24,,,rookie_slot,,2015,3,0,0,,
8735,8735,,2013,WAIVER,,1000,,,,2013,1,0,0,,
11432,11432,,2013,WAIVER,,4000,,,,2013,1,0,0,,
9144,9144,,2013,WAIVER,,4000,,,,2013,1,0,0,,
11058,11058,,2013,WAIVER,,1000,,,,2013,1,0,0,,
11243,11243,,2013,WAIVER,,1000,,,,2013,1,0,0,,
11526,11526,,2013,WAIVER,,3000,,,,2013,1,0,0,,
11332,11332,,2014,WAIVER,,1000,,,,2014,1,0,0,,
11663,"Johnson, Storm",,2014,ROOKIE,37,,,rookie_slot,,2014,1,0,0,,
9915,9915,,2014,WAIVER,,1000,,,,2014,1,0,0,,
9903,9903,,2014,WAIVER,,1000,,,,2014,1,0,0,,
11696,"Amaro, Jace",,2014,ROOKIE,19,,,rookie_slot,,2014,1,0,0,,
10186,10186,,2014,WAIVER,,1000,,,,2014,1,0,0,,
11722,"Shazier, Ryan",,2014,ROOKIE,38,,,rookie_slot,,2016,3,0,0,,
11009,11009,,2014,WAIVER,,1000,,,,2014,1,0,0,,
9307,9307,,2014,WAIVER,,4000,,,,2014,1,0,0,,
11703,"Niklas, Troy",,2014,ROOKIE,50,,,rookie_slot,,2014,1,0,0,,
11809,"Taliaferro, Lorenzo",,2014,ROOKIE,34,,,rookie_slot,,2014,1,0,0,,
11645,11645,,2014,WAIVER,,4000,,,,2014,1,0,0,,
9948,9948,,2014,WAIVER,,1000,,,,2014,1,0,0,,
8562,8562,,2014,WAIVER,,1000,,,,2014,1,0,0,,
10392,10392,,2014,WAIVER,,1000,,,,2015,2,0,0,,
11731,11731,,2014,WAIVER,,3000,,,,2014,1,0,0,,
7818,7818,,2014,WAIVER,,1000,,,,2014,1,0,0,,
11012,11012,,2014,WAIVER,,3000,,,,2015,2,0,0,,
11584,11584,,2014,WAIVER,,1000,,,,2014,1,0,0,,
10487,10487,,2014,WAIVER,,1000,,,,2016,3,0,0,,
9847,9847,,2014,WAIVER,,1000,,,,2014,1,0,0,,
11154,11154,,2014,WAIVER,,1000,,,,2014,1,0,0,,
11305,11305,,2014,WAIVER,,1000,,,,2014,1,0,0,,
9725,9725,,2014,WAIVER,,1000,,,,2014,1,0,0,,
11704,"Lyerla, Colt",,2014,ROOKIE,39,,,rookie_slot,,2014,1,0,0,,
10331,10331,,2014,WAIVER,,1000,,,,2014,1,0,0,,
11001,11001,,2014,WAIVER,,1000,,,,2014,1,0,0,,
11746,"West, Terrance",,2014,ROOKIE,10,,,rookie_slot,,2015,2,0,0,,
10881,10881,,2014,WAIVER,,1000,,,,2014,1,0,0,,
6636,6636,,2014,WAIVER,,1000,,,,2014,1,0,0,,
11652,"Carey, Ka'Deem",,2014,ROOKIE,22,,,rookie_slot,,2014,1,0,0,,
9802,9802,,2014,WAIVER,,14000,,,,2014,1,0,0,,
8160,8160,,2014,WAIVER,,1000,,,,2014,1,0,0,,
11653,"Sankey, Bishop",,2014,ROOKIE,3,,,rookie_slot,,2015,2,0,0,,
9120,9120,,2014,WAIVER,,4000,,,,2014,1,0,0,,
10761,10761,,2014,WAIVER,,2000,,,,2014,1,0,0,,
11798,"Norwood, Kevin",,2014,ROOKIE,40,,,rookie_slot,,2014,1,0,0,,
9317,9317,,2014,WAIVER,,1000,,,,2014,1,0,0,,
10067,10067,,2014,WAIVER,,1000,,,,2015,2,0,0,,
11431,11431,,2014,WAIVER,,1000,,,,2014,1,0,0,,
11691,"Gallon, Jeremy",,2014,ROOKIE,41,,,rookie_slot,,2014,1,0,0,,
9336,9336,,2014,WAIVER,,2000,,,,2014,1,0,0,,
11690,"Evans, Shaq",,2014,ROOKIE,56,,,rookie_slot,,2014,1,0,0,,
9542,9542,,2014,WAIVER,,1000,,,,2014,1,0,0,,
9834,9834,,2014,WAIVER,,1000,,,,2014,1,0,0,,
9363,9363,,2014,WAIVER,,2000,,,,2014,1,0,0,,
11381,11381,,2014,WAIVER,,1000,,,,2017,4,0,0,,
9345,9345,,2014,WAIVER,,1000,,,,2014,1,0,0,,
11963,11963,,2014,WAIVER,,1000,,,,2014,1,0,0,,
8298,8298,,2014,WAIVER,,1000,,,,2014,1,0,0,,
10997,10997,,2014,WAIVER,,1000,,,,2014,1,0,0,,
8677,8677,,2014,WAIVER,,1000,,,,2014,1,0,0,,
11659,"Thomas, De'Anthony",,2014,ROOKIE,47,,,rookie_slot,,2014,1,0,0,,
10769,10769,,2014,WAIVER,,3000,,,,2014,1,0,0,,
11661,"Gaffney, Tyler",,2014,ROOKIE,49,,,rookie_slot,,2014,1,0,0,,
11980,11980,,2014,WAIVER,,1000,,,,2014,1,0,0,,
8249,8249,,2014,WAIVER,,1000,,,,2014,1,0,0,,
11347,11347,,2014,WAIVER,,1000,,,,2014,1,0,0,,
9050,9050,,2014,WAIVER,,1000,,,,2014,1,0,0,,
8762,8762,,2014,WAIVER,,1000,,,,2014,1,0,0,,
9053,9053,,2014,WAIVER,,1000,,,,2014,1,0,0,,
8678,8678,,2014,WAIVER,,1000,,,,2014,1,0,0,,
10265,10265,,2014,WAIVER,,1000,,,,2014,1,0,0,,
8712,8712,,2014,WAIVER,,1000,,,,2014,1,0,0,,
11658,"Williams, Andre",,2014,ROOKIE,30,,,rookie_slot,,2014,1,0,0,,
11741,"Pryor, Calvin",,2014,ROOKIE,48,,,rookie_slot,,2014,1,0,0,,
11353,11353,,2014,WAIVER,,2000,,,,2014,1,0,0,,
10839,10839,,2014,WAIVER,,1000,,,,2014,1,0,0,,
11942,11942,,2014,WAIVER,,3000,,,,2014,1,0,0,,
10321,10321,,2014,WAIVER,,1000,,,,2014,1,0,0,,
11664,11664,,2014,WAIVER,,1000,,,,2014,1,0,0,,
11689,"Ellington, Bruce",,2014,ROOKIE,54,,,rookie_slot,,2015,2,0,0,,
11152,11152,,2014,WAIVER,,1000,,,,2014,1,0,0,,
9960,9960,,2014,WAIVER,,1000,,,,2014,1,0,0,,
11185,11185,,2014,WAIVER,,50000,,,,2016,3,0,0,,
11682,"Abbrederis, Jared",,2014,ROOKIE,59,,,rookie_slot,,2014,1,0,0,,
11953,11953,,2014,WAIVER,,1000,,,,2014,1,0,0,,
11648,"Murray, Aaron",,2014,ROOKIE,52,,,rookie_slot,,2014,1,0,0,,
11651,"Seastrunk, Lache",,2014,ROOKIE,27,,,rookie_slot,,2014,1,0,0,,
11655,"Grice, Marion",,2014,ROOKIE,33,,,rookie_slot,,2014,1,0,0,,
11784,"Archer, Dri",,2014,ROOKIE,55,,,rookie_slot,,2014,1,0,0,,
8106,8106,,2014,WAIVER,,1000,,,,2014,1,0,0,,
10318,10318,,2014,WAIVER,,1000,,,,2015,2,0,0,,
8686,8686,,2014,WAIVER,,1000,,,,2014,1,0,0,,
4894,4894,,2014,WAIVER,,1000,,,,2014,1,0,0,,
8807,8807,,2014,WAIVER,,1000,,,,2014,1,0,0,,
11078,11078,,2014,WAIVER,,1000,,,,2014,1,0,0,,
11835,"Fales, David",,2014,ROOKIE,60,,,rookie_slot,,2014,1,0,0,,
11758,"Latimer, Cody",,2014,ROOKIE,11,,,rookie_slot,,2015,2,0,0,,
11443,11443,,2014,WAIVER,,1000,,,,2014,1,0,0,,
11650,"Mason, Tre",,2014,ROOKIE,17,,,rookie_slot,,2014,1,0,0,,
10431,10431,,2014,WAIVER,,2000,,,,2014,1,0,0,,
11641,"Manziel, Johnny",,2014,ROOKIE,18,,,rookie_slot,,2014,1,0,0,,
11960,11960,,2014,WAIVER,,1000,,,,2014,1,0,0,,
10929,10929,,2014,WAIVER,,1000,,,,2015,2,0,0,,
11786,11786,,2014,WAIVER,,1000,,,,2014,1,0,0,,
11908,11908,,2014,WAIVER,,1000,,,,2014,1,0,0,,
12102,12102,,2014,WAIVER,,1000,,,,2014,1,0,0,,
9941,9941,,2014,WAIVER,,1000,,,,2014,1,0,0,,
9535,9535,,2014,WAIVER,,2000,,,,2014,1,0,0,,
11379,11379,,2014,WAIVER,,1000,,,,2014,1,0,0,,
7077,7077,,2014,WAIVER,,1000,,,,2014,1,0,0,,
11384,11384,,2014,WAIVER,,2000,,,,2014,1,0,0,,
9088,9088,,2014,WAIVER,,1000,,,,2014,1,0,0,,
11656,"Sims, Charles",,2014,ROOKIE,31,,,rookie_slot,,2016,3,0,0,,
11941,11941,,2014,WAIVER,,2000,,,,2016,3,0,0,,
11521,11521,,2014,WAIVER,,1000,,,,2014,1,0,0,,
8376,8376,,2014,WAIVER,,2000,,,,2014,1,0,0,,
9240,9240,,2014,WAIVER,,1000,,,,2014,1,0,0,,
11643,11643,,2015,WAIVER,,2000,,,,2015,1,0,0,,
10314,10314,,2015,WAIVER,,2000,,,,2015,1,0,0,,
11332,11332,,2015,WAIVER,,1000,,,,2015,1,0,0,,
12162,"Jones, Matt",,2015,ROOKIE,28,,,rookie_slot,,2015,1,0,0,,
12210,"Walford, Clive",,2015,ROOKIE,42,,,rookie_slot,,2015,1,0,0,,
10294,10294,,2015,WAIVER,,1000,,,,2015,1,0,0,,
12425,12425,,2015,WAIVER,,1000,,,,2015,1,0,0,,
12350,"Sasser, Bud",,2015,ROOKIE,55,,,rookie_slot,,2015,1,0,0,,
10048,10048,,2015,WAIVER,,3000,,,,2015,1,0,0,,
11009,11009,,2015,WAIVER,,1000,,,,2015,1,0,0,,
9307,9307,,2015,WAIVER,,2000,,,,2015,1,0,0,,
9097,9097,,2015,WAIVER,,1000,,,,2015,1,0,0,,
11994,11994,,2015,WAIVER,,1000,,,,2015,1,0,0,,
11645,11645,,2015,WAIVER,,1000,,,,2015,1,0,0,,
11342,11342,,2015,WAIVER,,7000,,,,2015,1,0,0,,
7818,7818,,2015,WAIVER,,1000,,,,2015,1,0,0,,
10297,10297,,2015,WAIVER,,1000,,,,2015,1,0,0,,
11154,11154,,2015,WAIVER,,1000,,,,2015,1,0,0,,
9824,9824,,2015,WAIVER,,2000,,,,2015,1,0,0,,
9189,9189,,2015,WAIVER,,5000,,,,2015,1,0,0,,
10268,10268,,2015,WAIVER,,2000,,,,2015,1,0,0,,
12470,12470,,2015,WAIVER,,1000,,,,2015,1,0,0,,
6589,6589,,2015,WAIVER,,3000,,,,2015,1,0,0,,
10978,10978,,2015,WAIVER,,4000,,,,2015,1,0,0,,
12265,"Davis, Devante",,2015,ROOKIE,45,,,rookie_slot,,2015,1,0,0,,
10026,10026,,2015,WAIVER,,1000,,,,2015,1,0,0,,
9449,9449,,2015,WAIVER,,1000,,,,2015,1,0,0,,
10835,10835,,2015,WAIVER,,4000,,,,2015,1,0,0,,
12204,"Smelter, DeAndre",,2015,ROOKIE,37,,,rookie_slot,,2015,1,0,0,,
12146,"Grayson, Garrett",,2015,ROOKIE,57,,,rookie_slot,,2015,1,0,0,,
9363,9363,,2015,WAIVER,,4000,,,,2015,1,0,0,,
12243,"Anthony, Stephone",,2015,ROOKIE,46,,,rookie_slot,,2015,1,0,0,,
12160,"Williams, Karlos",,2015,ROOKIE,43,,,rookie_slot,,2015,1,0,0,,
12158,"Cobb, David",,2015,ROOKIE,19,,,rookie_slot,,2015,1,0,0,,
12185,"Hardy, Justin",,2015,ROOKIE,30,,,rookie_slot,,2015,1,0,0,,
10322,10322,,2015,WAIVER,,1000,,,,2015,1,0,0,,
9164,9164,,2015,WAIVER,,4000,,,,2015,1,0,0,,
10832,10832,,2015,WAIVER,,1000,,,,2015,1,0,0,,
12195,"Bell, Kenny",,2015,ROOKIE,31,,,rookie_slot,,2015,1,0,0,,
8762,8762,,2015,WAIVER,,1000,,,,2015,1,0,0,,
12388,"Crockett, John",,2015,ROOKIE,60,,,rookie_slot,,2015,1,0,0,,
11214,11214,,2015,WAIVER,,1000,,,,2015,1,0,0,,
11179,11179,,2015,WAIVER,,10000,,,,2015,1,0,0,,
9446,9446,,2015,WAIVER,,1000,,,,2015,1,0,0,,
7501,7501,,2015,WAIVER,,3000,,,,2015,1,0,0,,
10689,10689,,2015,WAIVER,,15000,,,,2015,1,0,0,,
12409,"Davis, Darius",,2015,ROOKIE,54,,,rookie_slot,,2015,1,0,0,,
12392,"Williams, Trey",,2015,ROOKIE,47,,,rookie_slot,,2015,1,0,0,,
7429,7429,,2015,WAIVER,,2000,,,,2015,1,0,0,,
11100,11100,,2015,WAIVER,,1000,,,,2015,1,0,0,,
11102,11102,,2015,WAIVER,,1000,,,,2015,1,0,0,,
10410,10410,,2015,WAIVER,,10000,,,,2015,1,0,0,,
12183,"Greene, Rashad",,2015,ROOKIE,35,,,rookie_slot,,2015,1,0,0,,
11901,11901,,2015,WAIVER,,4000,,,,2015,1,0,0,,
11725,11725,,2015,WAIVER,,4000,,,,2015,1,0,0,,
10811,"Robinson, Josh",,2015,ROOKIE,32,,,rookie_slot,,2015,1,0,0,,
10905,10905,,2015,WAIVER,,17000,,,,2015,1,0,0,,
12178,"Coates, Sammie",,2015,ROOKIE,27,,,rookie_slot,,2016,2,0,0,,
12260,"McBride, Tre",,2015,ROOKIE,38,,,rookie_slot,,2015,1,0,0,,
9882,9882,,2015,WAIVER,,1000,,,,2015,1,0,0,,
12144,"Petty, Bryce",,2015,ROOKIE,53,,,rookie_slot,,2015,1,0,0,,
10262,10262,,2015,WAIVER,,1000,,,,2015,1,0,0,,
12256,12256,,2015,WAIVER,,4000,,,,2015,1,0,0,,
9611,9611,,2015,WAIVER,,7000,,,,2015,1,0,0,,
8807,8807,,2015,WAIVER,,1000,,,,2015,1,0,0,,
12156,"Langford, Jeremy",,2015,ROOKIE,33,,,rookie_slot,,2016,2,0,0,,
11443,11443,,2015,WAIVER,,2000,,,,2015,1,0,0,,
10982,10982,,2015,WAIVER,,2000,,,,2015,1,0,0,,
7826,7826,,2015,WAIVER,,7000,,,,2015,1,0,0,,
12387,"Days, Synjyn",,2015,ROOKIE,49,,,rookie_slot,,2015,1,0,0,,
10465,10465,,2015,WAIVER,,4000,,,,2015,1,0,0,,
11960,11960,,2015,WAIVER,,2000,,,,2015,1,0,0,,
11909,11909,,2015,WAIVER,,2000,,,,2015,1,0,0,,
11292,11292,,2015,WAIVER,,3000,,,,2015,1,0,0,,
11210,11210,,2015,WAIVER,,41000,,,,2015,1,0,0,,
12228,12228,,2015,WAIVER,,1000,,,,2015,1,0,0,,
10275,10275,,2015,WAIVER,,4000,,,,2015,1,0,0,,
11379,11379,,2015,WAIVER,,1000,,,,2015,1,0,0,,
10224,10224,,2015,WAIVER,,1000,,,,2016,2,0,0,,
10940,10940,,2015,WAIVER,,1000,,,,2015,1,0,0,,
12180,"Green-Beckham, Dorial",,2015,ROOKIE,6,,,rookie_slot,,2015,1,0,0,,
11526,11526,,2015,WAIVER,,2000,,,,2015,1,0,0,,
12642,12642,,2016,WAIVER,,15000,,,,2016,1,0,0,,
10344,10344,,2016,WAIVER,,1000,,,,2016,1,0,0,,
10812,10812,,2016,WAIVER,,6000,,,,2016,1,0,0,,
11632,11632,,2016,WAIVER,,1000,,,,2016,1,0,0,,
12268,12268,,2016,WAIVER,,1000,,,,2017,2,0,0,,
12874,"Valles, Hakeem",,2016,ROOKIE,53,,,rookie_slot,,2016,1,0,0,,
10392,10392,,2016,WAIVER,,6000,,,,2016,1,0,0,,
11342,11342,,2016,WAIVER,,6000,,,,2016,1,0,0,,
10432,10432,,2016,WAIVER,,2000,,,,2016,1,0,0,,
10297,10297,,2016,WAIVER,,1000,,,,2016,1,0,0,,
12808,12808,,2016,WAIVER,,2000,,,,2016,1,0,0,,
11012,11012,,2016,WAIVER,,2000,,,,2016,1,0,0,,
12792,12792,,2016,WAIVER,,1000,,,,2016,1,0,0,,
9551,9551,,2016,WAIVER,,1000,,,,2016,1,0,0,,
8668,8668,,2016,WAIVER,,3000,,,,2016,1,0,0,,
9435,9435,,2016,WAIVER,,3000,,,,2016,1,0,0,,
11351,11351,,2016,WAIVER,,1000,,,,2016,1,0,0,,
9120,9120,,2016,WAIVER,,6000,,,,2016,1,0,0,,
12673,"Peake, Charone",,2016,ROOKIE,45,,,rookie_slot,,2016,1,0,0,,
6589,6589,,2016,WAIVER,,4000,,,,2016,1,0,0,,
10978,10978,,2016,WAIVER,,1000,,,,2016,1,0,0,,
10067,10067,,2016,WAIVER,,1000,,,,2016,1,0,0,,
11717,11717,,2016,WAIVER,,1000,,,,2016,1,0,0,,
11273,11273,,2016,WAIVER,,1000,,,,2016,1,0,0,,
9117,9117,,2016,WAIVER,,1000,,,,2016,1,0,0,,
12649,"Lewis, Roger",,2016,ROOKIE,50,,,rookie_slot,,2016,1,0,0,,
10423,10423,,2016,WAIVER,,1000,,,,2016,1,0,0,,
11980,11980,,2016,WAIVER,,2000,,,,2016,1,0,0,,
12846,"Lasco, Daniel",,2016,ROOKIE,44,,,rookie_slot,,2016,1,0,0,,
11194,11194,,2016,WAIVER,,7000,,,,2016,1,0,0,,
10123,10123,,2016,WAIVER,,1000,,,,2016,1,0,0,,
10265,10265,,2016,WAIVER,,1000,,,,2016,1,0,0,,
10263,10263,,2016,WAIVER,,2000,,,,2016,1,0,0,,
11984,11984,,2016,WAIVER,,2000,,,,2016,1,0,0,,
12654,"Lawler, Kenny",,2016,ROOKIE,47,,,rookie_slot,,2016,1,0,0,,
10750,10750,,2016,WAIVER,,1000,,,,2016,1,0,0,,
11231,11231,,2016,WAIVER,,8000,,,,2016,1,0,0,,
11353,11353,,2016,WAIVER,,1000,,,,2016,1,0,0,,
7423,7423,,2016,WAIVER,,1000,,,,2016,1,0,0,,
10220,10220,,2016,WAIVER,,1000,,,,2016,1,0,0,,
13021,13021,,2016,WAIVER,,1000,,,,2016,1,0,0,,
8025,8025,,2016,WAIVER,,3000,,,,2016,1,0,0,,
11295,11295,,2016,WAIVER,,1000,,,,2016,1,0,0,,
10262,10262,,2016,WAIVER,,1000,,,,2021,6,0,0,,
12721,"Aguayo, Roberto",,2016,ROOKIE,30,,,rookie_slot,,2016,1,0,0,,
10408,10408,,2016,WAIVER,,1000,,,,2016,1,0,0,,
10318,10318,,2016,WAIVER,,3000,,,,2016,1,0,0,,
10998,10998,,2016,WAIVER,,4000,,,,2016,1,0,0,,
12446,12446,,2016,WAIVER,,1000,,,,2016,1,0,0,,
12820,12820,,2016,WAIVER,,2000,,,,2016,1,0,0,,
11406,11406,,2016,WAIVER,,1000,,,,2016,1,0,0,,
10982,10982,,2016,WAIVER,,1000,,,,2016,1,0,0,,
10871,10871,,2016,WAIVER,,1000,,,,2016,1,0,0,,
10929,10929,,2016,WAIVER,,1000,,,,2016,1,0,0,,
12731,12731,,2016,WAIVER,,4000,,,,2016,1,0,0,,
12617,12617,,2016,WAIVER,,4000,,,,2016,1,0,0,,
8843,8843,,2016,WAIVER,,1000,,,,2016,1,0,0,,
12871,"Foster, D.J.",,2016,ROOKIE,57,,,rookie_slot,,2016,1,0,0,,
11379,11379,,2016,WAIVER,,2000,,,,2016,1,0,0,,
11498,11498,,2016,WAIVER,,1000,,,,2016,1,0,0,,
11384,11384,,2016,WAIVER,,1000,,,,2016,1,0,0,,
11151,11151,,2016,WAIVER,,1000,,,,2016,1,0,0,,
9933,9933,,2016,WAIVER,,10000,,,,2016,1,0,0,,
10735,10735,,2016,WAIVER,,1000,,,,2016,1,0,0,,
10314,10314,,2017,WAIVER,,1000,,,,2017,1,0,0,,
13141,"Hood, Elijah",,2017,ROOKIE,43,,,rookie_slot,,2017,1,0,0,,
12808,12808,,2017,WAIVER,,1000,,,,2017,1,0,0,,
10487,10487,,2017,WAIVER,,1000,,,,2017,1,0,0,,
12430,12430,,2017,WAIVER,,1000,,,,2017,1,0,0,,
11971,11971,,2017,WAIVER,,1000,,,,2017,1,0,0,,
6589,6589,,2017,WAIVER,,3000,,,,2017,1,0,0,,
10978,10978,,2017,WAIVER,,1000,,,,2017,1,0,0,,
12990,12990,,2017,WAIVER,,1000,,,,2017,1,0,0,,
10026,10026,,2017,WAIVER,,1000,,,,2017,1,0,0,,
13217,13217,,2017,WAIVER,,2000,,,,2017,1,0,0,,
11273,11273,,2017,WAIVER,,1000,,,,2017,1,0,0,,
12649,12649,,2017,WAIVER,,4000,,,,2017,1,0,0,,
9549,9549,,2017,WAIVER,,1000,,,,2017,1,0,0,,
10263,10263,,2017,WAIVER,,1000,,,,2017,1,0,0,,
13437,13437,,2017,WAIVER,,1000,,,,2017,1,0,0,,
11689,11689,,2017,WAIVER,,1000,,,,2017,1,0,0,,
7423,7423,,2017,WAIVER,,1000,,,,2017,1,0,0,,
11185,11185,,2017,WAIVER,,2000,,,,2017,1,0,0,,
9729,9729,,2017,WAIVER,,1000,,,,2017,1,0,0,,
11686,11686,,2017,WAIVER,,2000,,,,2017,1,0,0,,
12178,12178,,2017,WAIVER,,1000,,,,2017,1,0,0,,
12536,12536,,2017,WAIVER,,4000,,,,2017,1,0,0,,
12446,12446,,2017,WAIVER,,1000,,,,2017,1,0,0,,
12695,12695,,2017,WAIVER,,2000,,,,2017,1,0,0,,
9319,9319,,2017,WAIVER,,1000,,,,2017,1,0,0,,
12820,12820,,2017,WAIVER,,1000,,,,2017,1,0,0,,
11758,11758,,2017,WAIVER,,1000,,,,2018,2,0,0,,
11487,11487,,2017,WAIVER,,1000,,,,2017,1,0,0,,
11406,11406,,2017,WAIVER,,1000,,,,2017,1,0,0,,
7826,7826,,2017,WAIVER,,1000,,,,2017,1,0,0,,
10961,10961,,2017,WAIVER,,1000,,,,2017,1,0,0,,
11960,11960,,2017,WAIVER,,1000,,,,2017,1,0,0,,
12362,12362,,2017,WAIVER,,1000,,,,2017,1,0,0,,
12871,12871,,2017,WAIVER,,1000,,,,2017,1,0,0,,
11379,11379,,2017,WAIVER,,1000,,,,2017,1,0,0,,
11498,11498,,2017,WAIVER,,1000,,,,2017,1,0,0,,
11384,11384,,2017,WAIVER,,1000,,,,2017,1,0,0,,
12618,12618,,2017,WAIVER,,1000,,,,2017,1,0,0,,
11931,11931,,2017,WAIVER,,3000,,,,2017,1,0,0,,
10224,10224,,2017,WAIVER,,1000,,,,2017,1,0,0,,
12268,12268,,2018,WAIVER,,1000,,,,2018,1,0,0,,
11689,11689,,2018,WAIVER,,1000,,,,2018,1,0,0,,
14068,14068,,2019,WAIVER,,4000,31,adp,IDP/K,2019,1,0,0,,
14435,14435,,2019,WAIVER,,4000,,,,2019,1,0,0,,
13057,13057,,2019,WAIVER,,2000,,,,2019,1,0,0,,
11758,11758,,2019,WAIVER,,2000,,,,2019,1,0,0,,
14333,14333,,2019,WAIVER,,1000,,,,2019,1,0,0,,
14780,14780,,2020,WAIVER,,1000,20,adp,IDP/K,2020,1,0,0,,
15037,"Lipscomb, Kalija",,2020,ROOKIE,54,,,rookie_slot,,2020,1,0,0,,
11854,11854,,2020,WAIVER,,1000,,,,2020,1,0,0,,
13321,13321,,2020,WAIVER,,1000,,,,2020,1,0,0,,
14793,14793,,2020,WAIVER,,4000,,,,2020,1,0,0,,
10851,10851,,2020,WAIVER,,1000,,,,2020,1,0,0,,
12791,12791,,2021,WAIVER,,1000,,,,2021,1,0,0,,
14250,14250,,2021,WAIVER,,2000,,,,2021,1,0,0,,
15360,"Farley, Caleb",,2021,ROOKIE,71,,,rookie_slot,,2021,1,0,0,,
15516,15516,,2021,WAIVER,,2000,,,,2021,1,0,0,,
15824,"Tindall, Channing",,2022,ROOKIE,69,,9,adp,IDP/K,2022,1,0,0,,
15813,15813,,2022,WAIVER,,1000,,,,2022,1,0,0,,
10262,10262,,2022,WAIVER,,1000,,,,2022,1,0,0,,
9706,9706,,2022,WAIVER,,4000,,,,2022,1,0,0,,
15671,15671,,2022,WAIVER,,1000,,,,2022,1,0,0,,
13736,13736,,2022,WAIVER,,1000,,,,2022,1,0,0,,
13994,13994,,2023,WAIVER,,1000,,,,2023,1,0,0,,
16391,16391,,2023,WAIVER,,1000,,,,2023,1,0,0,,
16160,16160,,2023,WAIVER,,3000,24,adp,IDP/K,2023,1,0,0,,
15523,15523,,2023,WAIVER,,1000,,,,2023,1,0,0,,
15803,15803,,2023,WAIVER,,1000,,,,2023,1,0,0,,
14495,14495,,2024,WAIVER,,2000,,,,2024,1,0,0,,
15498,15498,,2024,WAIVER,,1000,,,,2024,1,0,0,,
16687,16687,,2024,WAIVER,,1000,,,,2024,1,0,0,,
17188,17188,,2025,WAIVER,,1000,,,,2025,1,1,0,,
17265,17265,,2025,WAIVER,,1000,,,,2025,1,1,0,,
16043,16043,,2025,WAIVER,,1000,,,,2025,1,1,0,,
17137,"Harmon, Derrick",,2025,ROOKIE,62,,2,adp,IDP/K,2025,1,1,0,,
3871,"Bailey, Champ",CB,2011,FAA,,1000,6,bid,IDP/K,2011,1,0,0,,
6963,"Tillman, Charles",CB,2011,WAIVER,,2000,,,,2011,1,0,0,,
9131,"Thomas, Terrell",CB,2011,FAA,,1000,6,bid,IDP/K,2011,1,0,0,,
9846,"McCourty, Devin",CB,2011,FAA,,3000,3,bid,IDP/K,2011,1,0,0,,
3294,"Woodson, Charles",CB,2011,FAA,,3000,3,bid,IDP/K,2011,1,0,0,,
10260,"Peterson, Patrick",CB,2011,WAIVER,,1000,,,,2011,1,0,0,,
9633,"McCourty, Jason",CB,2011,WAIVER,,1000,,,,2011,1,0,0,,
8693,"Houston, Chris",CB,2011,WAIVER,,1000,,,,2011,1,0,0,,
6959,"Asomugha, Nnamdi",CB,2011,FAA,,5000,1,bid,IDP/K,2011,1,0,0,,
7398,"Hall, Deangelo",CB,2011,FAA,,3000,3,bid,IDP/K,2011,1,0,0,,
8456,"Finnegan, Cortland",CB,2011,FAA,,1000,6,bid,IDP/K,2011,1,0,0,,
9820,"Haden, Joe",CB,2011,FAA,,1000,6,bid,IDP/K,2011,1,0,0,,
8662,"Revis, Darrelle",CB,2011,FAA,,5000,1,bid,IDP/K,2011,1,0,0,,
7909,"Foxworth, Domonique",CB,2011,FAA,,1000,6,bid,IDP/K,2011,1,0,0,,
6963,"Tillman, Charles",CB,2012,FAA,,4000,2,bid,IDP/K,2012,1,0,0,,
10793,"Hayward, Casey",CB,2012,WAIVER,,1000,,,,2015,4,0,0,,
9529,"Webb, Lardarius",CB,2012,FAA,,3000,3,bid,IDP/K,2012,1,0,0,,
10260,"Peterson, Patrick",CB,2012,FAA,,7000,1,bid,IDP/K,2012,1,0,0,,
9633,"McCourty, Jason",CB,2012,FAA,,2000,4,bid,IDP/K,2012,1,0,0,,
10777,"Claiborne, Morris",CB,2012,ROOKIE,31,,,rookie_slot,,2017,6,0,0,,
10779,"Jenkins, Janoris",CB,2012,ROOKIE,48,,,rookie_slot,,2017,6,0,0,,
7398,"Hall, Deangelo",CB,2012,WAIVER,,1000,,,,2012,1,0,0,,
6963,"Tillman, Charles",CB,2013,FAA,,4000,2,bid,IDP/K,2013,1,0,0,,
3294,"Woodson, Charles",CB,2013,WAIVER,,1000,,,,2013,1,0,0,,
10260,"Peterson, Patrick",CB,2013,FAA,,5000,1,bid,IDP/K,2013,1,0,0,,
10393,"Sherman, Richard",CB,2013,FAA,,4000,2,bid,IDP/K,2013,1,0,0,,
7398,"Hall, Deangelo",CB,2013,WAIVER,,2000,,,,2013,1,0,0,,
8456,"Finnegan, Cortland",CB,2013,FAA,,2000,4,bid,IDP/K,2013,1,0,0,,
8662,"Revis, Darrelle",CB,2013,FAA,,1000,5,bid,IDP/K,2013,1,0,0,,
8265,"Joseph, Johnathan",CB,2014,WAIVER,,2000,,,,2018,5,0,0,,
3294,"Woodson, Charles",CB,2014,WAIVER,,1000,,,,2014,1,0,0,,
10260,"Peterson, Patrick",CB,2014,FAA,,4000,1,bid,IDP/K,2017,4,0,0,,
11764,"Fuller, Kyle",CB,2014,WAIVER,,2000,,,,2017,4,0,0,,
11737,"Dennard, Darqueze",CB,2014,FAA,,1000,3,bid,IDP/K,2014,1,0,0,,
9820,"Haden, Joe",CB,2014,FAA,,1000,3,bid,IDP/K,2014,1,0,0,,
8662,"Revis, Darrelle",CB,2014,FAA,,3000,2,bid,IDP/K,2014,1,0,0,,
12245,"Peters, Marcus",CB,2015,WAIVER,,2000,,,,2017,3,0,0,,
11788,"Breeland, Bashaud",CB,2015,WAIVER,,1000,,,,2018,4,0,0,,
9820,"Haden, Joe",CB,2015,FAA,,1000,1,bid,IDP/K,2015,1,0,0,,
11316,"Ryan, Logan",CB,2016,WAIVER,,1000,,,,2017,2,0,0,,
10793,"Hayward, Casey",CB,2016,WAIVER,,1000,,,,2017,2,0,0,,
11965,"Butler, Malcolm",CB,2016,WAIVER,,1000,,,,2016,1,0,0,,
10851,"Norman, Josh",CB,2016,FAA,,1000,1,bid,IDP/K,2019,4,0,0,,
13232,"King, Desmond",CB,2017,WAIVER,,5000,,,,2017,1,0,0,,
13249,"White, Tre'Davious",CB,2017,WAIVER,,2000,,,,2018,2,0,0,,
13226,"Jackson, Adoree",CB,2017,WAIVER,,3000,,,,2017,1,0,0,,
11965,"Butler, Malcolm",CB,2017,WAIVER,,1000,,,,2017,1,0,0,,
11316,"Ryan, Logan",CB,2018,FAA,,1000,4,bid,IDP/K,2018,1,0,0,,
12246,"Williams, P.J.",CB,2018,WAIVER,,1000,,,,2018,1,0,0,,
12742,"Howard, Xavien",CB,2018,WAIVER,,1000,,,,2018,1,0,0,,
10793,"Hayward, Casey",CB,2018,FAA,,1000,4,bid,IDP/K,2019,2,0,0,,
13730,"Alexander, Jaire",CB,2018,WAIVER,,1000,,,,2018,1,0,0,,
12760,"Worley, Daryl",CB,2018,WAIVER,,1000,,,,2018,1,0,0,,
10260,"Peterson, Patrick",CB,2018,WAIVER,,2000,,,,2018,1,0,0,,
12711,"Ramsey, Jalen",CB,2018,FAA,,2000,3,bid,IDP/K,2018,1,0,0,,
13707,"Ward, Denzel",CB,2018,ROOKIE,68,,,rookie_slot,,2018,1,0,0,,
12714,"Fuller, Kendall",CB,2018,WAIVER,,1000,,,,2018,1,0,0,,
11764,"Fuller, Kyle",CB,2018,WAIVER,,1000,,,,2018,1,0,0,,
12938,"Poole, Brian",CB,2018,WAIVER,,1000,,,,2018,1,0,0,,
13232,"King, Desmond",CB,2018,FAA,,1000,4,bid,IDP/K,2019,2,0,2,2|None,2018|2019
12506,"Callahan, Bryce",CB,2018,WAIVER,,1000,,,,2018,1,0,0,,
10777,"Claiborne, Morris",CB,2018,WAIVER,,1000,,,,2018,1,0,0,,
10779,"Jenkins, Janoris",CB,2018,WAIVER,,1000,,,,2018,1,0,0,,
13739,"Dawson, Duke",CB,2018,ROOKIE,72,,,rookie_slot,,2018,1,0,0,,
13731,"Hughes, Mike",CB,2018,WAIVER,,1000,,,,2018,1,0,0,,
12245,"Peters, Marcus",CB,2018,FAA,,1000,4,bid,IDP/K,2018,1,0,0,,
13226,"Jackson, Adoree",CB,2018,FAA,,3000,2,bid,IDP/K,2018,1,0,0,,
13470,"Moore, Kenny",CB,2018,WAIVER,,4000,,,,2018,1,0,0,,
12775,"Smith, Ryan",CB,2018,WAIVER,,1000,,,,2018,1,0,0,,
13224,"Lattimore, Marshon",CB,2018,FAA,,4000,1,bid,IDP/K,2018,1,0,0,,
13281,"Douglas, Rasul",CB,2018,WAIVER,,2000,,,,2018,1,0,0,,
13778,"Flowers, Tre",CB,2018,WAIVER,,1000,,,,2018,1,0,0,,
11348,"Slay, Darius",CB,2018,FAA,,1000,4,bid,IDP/K,2018,1,0,0,,
12715,"Apple, Eli",CB,2018,WAIVER,,1000,,,,2018,1,0,0,,
11965,"Butler, Malcolm",CB,2018,WAIVER,,1000,,,,2018,1,0,0,,
10789,"Gilmore, Stephon",CB,2018,FAA,,1000,4,bid,IDP/K,2018,1,0,0,,
12291,"Nelson, Steven",CB,2018,WAIVER,,1000,,,,2018,1,0,0,,
13738,"Jackson, Donte",CB,2018,WAIVER,,4000,,,,2019,2,0,0,,
11512,"Bouye, A.J.",CB,2018,FAA,,1000,4,bid,IDP/K,2018,1,0,0,,
12276,"Darby, Ronald",CB,2018,WAIVER,,2000,,,,2018,1,0,0,,
11316,"Ryan, Logan",CB,2019,WAIVER,,1000,,,,2019,1,0,0,,
14177,"Williams, Greedy",CB,2019,ROOKIE,69,,,rookie_slot,,2019,1,0,0,,
8265,"Joseph, Johnathan",CB,2019,WAIVER,,1000,,,,2019,1,0,0,,
14178,"Baker, Deandre",CB,2019,ROOKIE,61,,,rookie_slot,,2019,1,0,0,,
13223,"Humphrey, Marlon",CB,2019,WAIVER,,1000,,,,2019,1,0,0,,
13730,"Alexander, Jaire",CB,2019,ERA,,2000,1,bid,IDP/K,2019,1,0,0,,
14180,"Murphy, Byron",CB,2019,WAIVER,,1000,,,,2019,1,0,0,,
10260,"Peterson, Patrick",CB,2019,WAIVER,,4000,,,,2019,1,0,0,,
12711,"Ramsey, Jalen",CB,2019,FAA,,1000,2,bid,IDP/K,2020,2,0,0,,
13707,"Ward, Denzel",CB,2019,WAIVER,,1000,,,,2019,1,0,0,,
12714,"Fuller, Kendall",CB,2019,WAIVER,,1000,,,,2019,1,0,0,,
11764,"Fuller, Kyle",CB,2019,WAIVER,,2000,,,,2019,1,0,0,,
12938,"Poole, Brian",CB,2019,FAA,,1000,2,bid,IDP/K,2019,1,0,0,,
14198,"Ya-Sin, Rock",CB,2019,ROOKIE,63,,1,adp,IDP/K,2021,3,0,0,,
13249,"White, Tre'Davious",CB,2019,WAIVER,,2000,,,,2019,1,0,0,,
10779,"Jenkins, Janoris",CB,2019,WAIVER,,1000,,,,2019,1,0,0,,
10778,"Kirkpatrick, Dre",CB,2019,WAIVER,,1000,,,,2019,1,0,0,,
12245,"Peters, Marcus",CB,2019,WAIVER,,4000,,,,2019,1,0,0,,
13470,"Moore, Kenny",CB,2019,WAIVER,,3000,,,,2020,2,0,2,1|None,2019|2020
11788,"Breeland, Bashaud",CB,2019,WAIVER,,1000,,,,2019,1,0,0,,
13224,"Lattimore, Marshon",CB,2019,FAA,,1000,2,bid,IDP/K,2019,1,0,0,,
13920,"Ward, Charvarius",CB,2019,WAIVER,,2000,,,,2019,1,0,0,,
12750,"Bradberry, James",CB,2019,WAIVER,,1000,,,,2019,1,0,0,,
13778,"Flowers, Tre",CB,2019,WAIVER,,1000,,,,2019,1,0,0,,
10789,"Gilmore, Stephon",CB,2019,WAIVER,,2000,,,,2019,1,0,0,,
12712,"Hargreaves, Vernon",CB,2019,WAIVER,,1000,,,,2019,1,0,0,,
12523,"Coleman, Justin",CB,2019,WAIVER,,1000,,,,2019,1,0,0,,
13250,"King, Kevin",CB,2019,WAIVER,,1000,,,,2019,1,0,0,,
11316,"Ryan, Logan",CB,2020,FAA,,1000,1,bid,IDP/K,2020,1,0,0,,
13998,"Moseley, Emmanuel",CB,2020,WAIVER,,2000,,,,2020,1,0,0,,
10793,"Hayward, Casey",CB,2020,WAIVER,,2000,,,,2020,1,0,0,,
13223,"Humphrey, Marlon",CB,2020,FAA,,1000,1,bid,IDP/K,2020,1,0,0,,
14903,"Diggs, Trevon",CB,2020,WAIVER,,1000,,,,2020,1,0,0,,
11801,"Desir, Pierre",CB,2020,WAIVER,,1000,,,,2020,1,0,0,,
14920,"Gladney, Jeff",CB,2020,WAIVER,,1000,,,,2020,1,0,0,,
11764,"Fuller, Kyle",CB,2020,FAA,,1000,1,bid,IDP/K,2020,1,0,0,,
12938,"Poole, Brian",CB,2020,WAIVER,,1000,,,,2020,1,0,0,,
13273,"Griffin, Shaq",CB,2020,WAIVER,,2000,,,,2020,1,0,0,,
13232,"King, Desmond",CB,2020,WAIVER,,1000,,,,2020,1,0,0,,
13249,"White, Tre'Davious",CB,2020,FAA,,1000,1,bid,IDP/K,2020,1,0,0,,
14918,"Terrell, A.J.",CB,2020,WAIVER,,4000,,,,2020,1,0,0,,
12245,"Peters, Marcus",CB,2020,WAIVER,,1000,,,,2020,1,0,0,,
14935,"Dantzler, Cameron",CB,2020,WAIVER,,1000,,,,2020,1,0,0,,
13764,"Johnson, Taron",CB,2020,WAIVER,,1000,,,,2020,1,0,0,,
13414,"Hilton, Mike",CB,2020,WAIVER,,4000,,,,2020,1,0,0,,
12750,"Bradberry, James",CB,2020,WAIVER,,1000,,,,2020,1,0,0,,
14902,"Okudah, Jeff",CB,2020,WAIVER,,2000,1,adp,IDP/K,2020,1,0,0,,
13945,"Hill, Holton",CB,2020,WAIVER,,2000,,,,2020,1,0,0,,
11965,"Butler, Malcolm",CB,2020,WAIVER,,1000,,,,2020,1,0,0,,
10789,"Gilmore, Stephon",CB,2020,WAIVER,,2000,,,,2020,1,0,0,,
12589,"Hill, Troy",CB,2020,WAIVER,,2000,,,,2020,1,0,0,,
13710,"Davis, Carlton",CB,2020,WAIVER,,3000,,,,2020,1,0,0,,
11883,"Mitchell, Terrance",CB,2021,WAIVER,,1000,,,,2021,1,0,0,,
13223,"Humphrey, Marlon",CB,2021,FAA,,1000,1,bid,IDP/K,2021,1,0,0,,
12817,"Brown, Anthony",CB,2021,WAIVER,,2000,,,,2021,1,0,0,,
14903,"Diggs, Trevon",CB,2021,WAIVER,,1000,,,,2021,1,0,1,1,2021
12711,"Ramsey, Jalen",CB,2021,WAIVER,,1000,,,,2021,1,0,0,,
14245,"Oruwariye, Amani",CB,2021,WAIVER,,1000,,,,2021,1,0,0,,
12714,"Fuller, Kendall",CB,2021,WAIVER,,2000,,,,2021,1,0,0,,
15384,"Samuel, Asante",CB,2021,WAIVER,,3000,,,,2021,1,0,0,,
15377,"Stokes, Eric",CB,2021,WAIVER,,1000,,,,2021,1,0,0,,
15362,"Surtain II, Patrick",CB,2021,ROOKIE,67,,1,adp,IDP/K,2023,3,0,0,,
13953,"Thomas, Tavierre",CB,2021,WAIVER,,2000,,,,2021,1,0,0,,
13764,"Johnson, Taron",CB,2021,WAIVER,,4000,,,,2021,1,0,0,,
13470,"Moore, Kenny",CB,2021,WAIVER,,2000,,,,2021,1,0,0,,
13281,"Douglas, Rasul",CB,2021,WAIVER,,4000,,,,2021,1,0,0,,
13959,"Williams, Darious",CB,2021,WAIVER,,1000,,,,2021,1,0,0,,
11348,"Slay, Darius",CB,2021,WAIVER,,2000,,,,2021,1,0,0,,
14956,"Sneed, L'Jarius",CB,2021,WAIVER,,2000,,,,2021,1,0,0,,
11965,"Butler, Malcolm",CB,2021,FAA,,1000,1,bid,IDP/K,2021,1,0,0,,
13738,"Jackson, Donte",CB,2021,WAIVER,,1000,,,,2021,1,0,0,,
13917,"Jackson, J.C.",CB,2021,WAIVER,,3000,,,,2021,1,0,0,,
13710,"Davis, Carlton",CB,2021,FAA,,1000,1,bid,IDP/K,2021,1,0,0,,
13223,"Humphrey, Marlon",CB,2022,WAIVER,,1000,,,,2022,1,0,0,,
15832,"Stingley Jr., Derek",CB,2022,ROOKIE,61,,1,adp,IDP/K,2024,3,0,0,,
14903,"Diggs, Trevon",CB,2022,WAIVER,,1000,,,,2022,1,0,0,,
12711,"Ramsey, Jalen",CB,2022,WAIVER,,1000,,,,2022,1,0,0,,
15859,"Taylor-Britt, Cam",CB,2022,WAIVER,,1000,,,,2022,1,0,0,,
13232,"King, Desmond",CB,2022,WAIVER,,1000,,,,2022,1,0,0,,
15894,"Woolen, Tariq",CB,2022,WAIVER,,2000,,,,2024,3,0,1,1,2023
14918,"Terrell, A.J.",CB,2022,WAIVER,,1000,,,,2022,1,0,0,,
12245,"Peters, Marcus",CB,2022,WAIVER,,1000,,,,2022,1,0,0,,
14935,"Dantzler, Cameron",CB,2022,WAIVER,,1000,,,,2022,1,0,0,,
13226,"Jackson, Adoree",CB,2022,WAIVER,,1000,,,,2022,1,0,0,,
13764,"Johnson, Taron",CB,2022,WAIVER,,2000,,,,2022,1,0,0,,
14252,"Jackson, Michael",CB,2022,WAIVER,,1000,,,,2022,1,0,0,,
13470,"Moore, Kenny",CB,2022,FAA,,1000,2,bid,IDP/K,2022,1,0,0,,
15833,"Gardner, Ahmad",CB,2022,FAA,,2000,2,adp,IDP/K,2022,1,0,0,,
13920,"Ward, Charvarius",CB,2022,WAIVER,,1000,,,,2022,1,0,0,,
16016,"Kohou, Kader",CB,2022,WAIVER,,1000,,,,2022,1,0,0,,
13281,"Douglas, Rasul",CB,2022,FAA,,1000,2,bid,IDP/K,2022,1,0,0,,
15441,"Hobbs, Nate",CB,2022,WAIVER,,2000,,,,2022,1,0,0,,
11348,"Slay, Darius",CB,2022,WAIVER,,1000,,,,2022,1,0,0,,
14902,"Okudah, Jeff",CB,2022,WAIVER,,2000,,,,2022,1,0,0,,
14956,"Sneed, L'Jarius",CB,2022,WAIVER,,1000,,,,2022,1,0,0,,
15868,"Jones, Marcus",CB,2022,WAIVER,,1000,,,,2023,2,0,0,,
15849,"McCreary, Roger",CB,2022,WAIVER,,1000,,,,2022,1,0,0,,
13263,"Awuzie, Chidobe",CB,2022,WAIVER,,1000,,,,2022,1,0,0,,
13710,"Davis, Carlton",CB,2022,WAIVER,,1000,,,,2022,1,0,0,,
15394,"Adebo, Paulson",CB,2023,WAIVER,,1000,,,,2023,1,0,0,,
15845,"McDuffie, Trent",CB,2023,WAIVER,,1000,,,,2023,1,0,0,,
14180,"Murphy, Byron",CB,2023,WAIVER,,1000,,,,2023,1,0,0,,
16241,"Witherspoon, Devon",CB,2023,ROOKIE,46,,1,adp,IDP/K,2025,3,1,0,,
16251,"Gonzalez, Christian",CB,2023,ROOKIE,72,,2,adp,IDP/K,2024,2,0,0,,
15859,"Taylor-Britt, Cam",CB,2023,WAIVER,,1000,,,,2023,1,0,0,,
13232,"King, Desmond",CB,2023,FAA,,1000,2,bid,IDP/K,2023,1,0,0,,
16255,"Banks, Deonte",CB,2023,WAIVER,,1000,,,,2023,1,0,0,,
13470,"Moore, Kenny",CB,2023,FAA,,1000,2,bid,IDP/K,2023,1,0,0,,
13920,"Ward, Charvarius",CB,2023,WAIVER,,1000,,,,2023,1,0,0,,
15549,"Jacobs, Jerry",CB,2023,WAIVER,,1000,,,,2023,1,0,0,,
13959,"Williams, Darious",CB,2023,WAIVER,,1000,,,,2023,1,0,0,,
16253,"Forbes, Emmanuel",CB,2023,FAA,,1000,2,bid,IDP/K,2023,1,0,0,,
15441,"Hobbs, Nate",CB,2023,WAIVER,,3000,,,,2023,1,0,0,,
15423,"Brown, Tre",CB,2023,WAIVER,,1000,,,,2023,1,0,0,,
15405,"Stephens, Brandon",CB,2023,WAIVER,,1000,,,,2023,1,0,0,,
11348,"Slay, Darius",CB,2023,WAIVER,,1000,,,,2023,1,0,0,,
14956,"Sneed, L'Jarius",CB,2023,ERA,,3000,1,bid,IDP/K,2023,1,0,0,,
10789,"Gilmore, Stephon",CB,2023,WAIVER,,1000,,,,2023,1,0,0,,
15904,"Bland, DaRon",CB,2023,WAIVER,,4000,,,,2023,1,0,0,,
15856,"Taylor, Alontae",CB,2023,WAIVER,,2000,,,,2023,1,0,0,,
15394,"Adebo, Paulson",CB,2024,WAIVER,,4000,,,,2024,1,0,0,,
16350,"Jones, Jaylon",CB,2024,WAIVER,,1000,,,,2024,1,0,0,,
13223,"Humphrey, Marlon",CB,2024,WAIVER,,2000,,,,2024,1,0,0,,
14180,"Murphy, Byron",CB,2024,WAIVER,,4000,,,,2024,1,0,0,,
15445,"Lenoir, Deommodore",CB,2024,WAIVER,,2000,,,,2024,1,0,0,,
15859,"Taylor-Britt, Cam",CB,2024,FAA,,1000,1,bid,IDP/K,2024,1,0,0,,
16703,"Phillips, Andru",CB,2024,WAIVER,,2000,,,,2024,1,0,0,,
14669,"Nixon, Keisean",CB,2024,WAIVER,,1000,,,,2024,1,0,0,,
15933,"Brown, Montaric",CB,2024,WAIVER,,1000,,,,2024,1,0,0,,
16698,"Sainristil, Mike",CB,2024,WAIVER,,1000,,,,2024,1,0,0,,
13764,"Johnson, Taron",CB,2024,WAIVER,,1000,,,,2024,1,0,0,,
13470,"Moore, Kenny",CB,2024,FAA,,1000,1,bid,IDP/K,2024,1,0,0,,
16279,"Moss, Riley",CB,2024,WAIVER,,1000,,,,2024,1,0,0,,
16145,"McMillian, Ja'Quan",CB,2024,WAIVER,,1000,,,,2024,1,0,0,,
14219,"Dean, Jamel",CB,2024,WAIVER,,1000,,,,2024,1,0,0,,
14236,"Amadi, Ugo",CB,2024,WAIVER,,1000,,,,2024,1,0,0,,
15868,"Jones, Marcus",CB,2024,WAIVER,,1000,,,,2025,2,1,0,,
15904,"Bland, DaRon",CB,2024,FAA,,1000,1,bid,IDP/K,2024,1,0,0,,
16675,"DeJean, Cooper",CB,2024,WAIVER,,1000,1,adp,IDP/K,2024,1,0,0,,
15856,"Taylor, Alontae",CB,2024,WAIVER,,2000,,,,2024,1,0,0,,
13710,"Davis, Carlton",CB,2024,WAIVER,,1000,,,,2024,1,0,0,,
13227,"Lewis, Jourdan",CB,2025,WAIVER,,1000,,,,2025,1,1,0,,
15394,"Adebo, Paulson",CB,2025,WAIVER,,1000,,,,2025,1,1,0,,
13223,"Humphrey, Marlon",CB,2025,WAIVER,,1000,,,,2025,1,1,0,,
16288,"Blackmon, Mekhi",CB,2025,WAIVER,,2000,,,,2025,1,1,0,,
14997,"Rodgers, Isaiah",CB,2025,WAIVER,,1000,,,,2025,1,1,0,,
15380,"Campbell, Tyson",CB,2025,WAIVER,,1000,,,,2025,1,1,0,,
16703,"Phillips, Andru",CB,2025,WAIVER,,4000,,,,2025,1,1,0,,
14669,"Nixon, Keisean",CB,2025,WAIVER,,1000,,,,2025,1,1,0,,
16670,"McKinstry, Kool-Aid",CB,2025,WAIVER,,1000,,,,2025,1,1,0,,
16672,"Lassiter, Kamari",CB,2025,WAIVER,,1000,,,,2025,1,1,0,,
13470,"Moore, Kenny",CB,2025,WAIVER,,3000,,,,2025,1,1,0,,
16267,"Stevenson, Tyrique",CB,2025,FAA,,1000,1,bid,IDP/K,2025,1,1,0,,
15401,"Wright, Nahshon",CB,2025,WAIVER,,1000,,,,2025,1,1,0,,
16736,"Brownlee, Jarvis",CB,2025,WAIVER,,1000,,,,2025,1,1,0,,
15904,"Bland, DaRon",CB,2025,WAIVER,,1000,,,,2025,1,1,0,,
16675,"DeJean, Cooper",CB,2025,ERA,,1000,1,bid,IDP/K,2025,1,1,0,,
15856,"Taylor, Alontae",CB,2025,WAIVER,,1000,,,,2025,1,1,0,,
9749,"Bennett, Michael",DE,2011,WAIVER,,2000,,,,2013,3,0,0,,
7066,"Mathis, Robert",DE,2011,FAA,,1000,12,bid,IDP/K,2011,1,0,0,,
6510,"Peppers, Julius",DE,2011,FAA,,5000,3,bid,IDP/K,2011,1,0,0,,
7958,"Cole, Trent",DE,2011,FAA,,6000,2,bid,IDP/K,2011,1,0,0,,
9084,"Long, Chris",DE,2011,FAA,,1000,12,bid,IDP/K,2011,1,0,0,,
9041,"Avril, Cliff",DE,2011,WAIVER,,2000,,,,2011,1,0,0,,
8677,"Johnson, Charles",DE,2011,FAA,,3000,6,bid,IDP/K,2011,1,0,0,,
9833,"Pierre-Paul, Jason",DE,2011,FAA,,2000,10,bid,IDP/K,2011,1,0,0,,
5662,"Abraham, John",DE,2011,FAA,,3000,6,bid,IDP/K,2011,1,0,0,,
9512,"Shaughnessy, Matt",DE,2011,FAA,,1000,12,bid,IDP/K,2011,1,0,0,,
4897,"Carter, Andre",DE,2011,FAA,,3000,6,bid,IDP/K,2012,2,0,0,,
8368,"Edwards, Ray",DE,2011,FAA,,1000,12,bid,IDP/K,2011,1,0,0,,
9051,"Campbell, Calais",DE,2011,WAIVER,,1000,,,,2011,1,0,0,,
7516,"Allen, Jared",DE,2011,FAA,,7000,1,bid,IDP/K,2011,1,0,0,,
10280,"Kerrigan, Ryan",DE,2011,WAIVER,,1000,,,,2011,1,0,0,,
7417,"Babin, Jason",DE,2011,FAA,,2000,10,bid,IDP/K,2011,1,0,0,,
7886,"Tuck, Justin",DE,2011,FAA,,5000,3,bid,IDP/K,2011,1,0,0,,
6938,"Suggs, Terrell",DE,2011,FAA,,5000,3,bid,IDP/K,2011,1,0,0,,
10272,"Watt, J.J.",DE,2011,WAIVER,,1000,,,,2011,1,0,0,,
8367,"Dumervil, Elvis",DE,2011,FAA,,3000,6,bid,IDP/K,2011,1,0,0,,
10274,"Smith, Aldon",DE,2011,WAIVER,,1000,,,,2011,1,0,0,,
7066,"Mathis, Robert",DE,2012,WAIVER,,1000,,,,2012,1,0,0,,
6519,"Freeney, Dwight",DE,2012,FAA,,1000,10,bid,IDP/K,2012,1,0,0,,
10749,"Ingram, Melvin",DE,2012,ROOKIE,56,,,rookie_slot,,2015,4,0,0,,
6510,"Peppers, Julius",DE,2012,FAA,,3000,6,bid,IDP/K,2012,1,0,0,,
10292,"Jordan, Cameron",DE,2012,WAIVER,,1000,,,,2012,1,0,0,,
7958,"Cole, Trent",DE,2012,FAA,,4000,3,bid,IDP/K,2012,1,0,0,,
9084,"Long, Chris",DE,2012,WAIVER,,1000,,,,2012,1,0,0,,
9041,"Avril, Cliff",DE,2012,FAA,,4000,3,bid,IDP/K,2014,3,0,0,,
6984,"Umenyiora, Osi",DE,2012,FAA,,1000,10,bid,IDP/K,2012,1,0,0,,
8242,"Williams, Mario",DE,2012,FAA,,6000,2,bid,IDP/K,2012,1,0,0,,
8677,"Johnson, Charles",DE,2012,FAA,,1000,10,bid,IDP/K,2013,2,0,0,,
8400,"Anderson, Mark",DE,2012,FAA,,1000,10,bid,IDP/K,2012,1,0,0,,
10320,"Sheard, Jabaal",DE,2012,FAA,,3000,6,bid,IDP/K,2015,4,0,0,,
10754,"Mercilus, Whitney",DE,2012,WAIVER,,2000,,,,2012,1,0,0,,
10277,"Houston, Justin",DE,2012,WAIVER,,1000,,,,2012,1,0,0,,
10766,"Irvin, Bruce",DE,2012,ROOKIE,53,,,rookie_slot,,2012,1,0,0,,
10269,"Quinn, Robert",DE,2012,FAA,,1000,10,bid,IDP/K,2015,4,0,0,,
9051,"Campbell, Calais",DE,2012,FAA,,9000,1,bid,IDP/K,2012,1,0,0,,
10280,"Kerrigan, Ryan",DE,2012,WAIVER,,1000,,,,2012,1,0,0,,
9425,"Wake, Cameron",DE,2012,FAA,,3000,6,bid,IDP/K,2012,1,0,0,,
7417,"Babin, Jason",DE,2012,WAIVER,,2000,,,,2012,1,0,0,,
6938,"Suggs, Terrell",DE,2012,WAIVER,,1000,,,,2013,2,0,0,,
10275,"Bailey, Allen",DE,2012,FAA,,1000,10,bid,IDP/K,2014,3,0,0,,
10272,"Watt, J.J.",DE,2012,FAA,,4000,3,bid,IDP/K,2016,5,0,0,,
8367,"Dumervil, Elvis",DE,2012,FAA,,3000,6,bid,IDP/K,2012,1,0,0,,
10314,"Wilkerson, Muhammad",DE,2013,FAA,,1000,10,bid,IDP/K,2014,2,0,0,,
7066,"Mathis, Robert",DE,2013,WAIVER,,1000,,,,2013,1,0,0,,
6510,"Peppers, Julius",DE,2013,FAA,,2000,6,bid,IDP/K,2013,1,0,0,,
10292,"Jordan, Cameron",DE,2013,WAIVER,,1000,,,,2013,1,0,0,,
9825,"Dunlap, Carlos",DE,2013,WAIVER,,3000,,,,2013,1,0,0,,
9847,"Hardy, Greg",DE,2013,FAA,,2000,6,bid,IDP/K,2013,1,0,0,,
9824,"Morgan, Derrick",DE,2013,FAA,,1000,10,bid,IDP/K,2014,2,0,0,,
9084,"Long, Chris",DE,2013,FAA,,2000,6,bid,IDP/K,2013,1,0,0,,
8242,"Williams, Mario",DE,2013,FAA,,2000,6,bid,IDP/K,2013,1,0,0,,
10335,"Casey, Jurrell",DE,2013,WAIVER,,1000,,,,2014,2,0,0,,
9833,"Pierre-Paul, Jason",DE,2013,FAA,,5000,2,bid,IDP/K,2013,1,0,0,,
8682,"Spencer, Anthony",DE,2013,FAA,,1000,10,bid,IDP/K,2013,1,0,0,,
10754,"Mercilus, Whitney",DE,2013,WAIVER,,2000,,,,2014,2,0,0,,
4897,"Carter, Andre",DE,2013,FAA,,1000,10,bid,IDP/K,2013,1,0,0,,
11267,"Ansah, Ezekiel",DE,2013,ROOKIE,39,,,rookie_slot,,2017,5,0,0,,
10277,"Houston, Justin",DE,2013,WAIVER,,4000,,,,2013,1,0,0,,
10766,"Irvin, Bruce",DE,2013,WAIVER,,2000,,,,2014,2,0,0,,
9051,"Campbell, Calais",DE,2013,FAA,,3000,5,bid,IDP/K,2013,1,0,0,,
7516,"Allen, Jared",DE,2013,FAA,,4000,3,bid,IDP/K,2013,1,0,0,,
7823,"Ware, Demarcus",DE,2013,FAA,,4000,3,bid,IDP/K,2013,1,0,0,,
10280,"Kerrigan, Ryan",DE,2013,WAIVER,,1000,,,,2013,1,0,0,,
9425,"Wake, Cameron",DE,2013,FAA,,6000,1,bid,IDP/K,2013,1,0,0,,
7886,"Tuck, Justin",DE,2013,WAIVER,,1000,,,,2013,1,0,0,,
10815,"Vernon, Olivier",DE,2013,WAIVER,,3000,,,,2013,1,0,0,,
8376,"Ninkovich, Rob",DE,2013,FAA,,1000,10,bid,IDP/K,2013,1,0,0,,
9749,"Bennett, Michael",DE,2014,WAIVER,,1000,,,,2014,1,0,0,,
11769,"Lawrence, Demarcus",DE,2014,ROOKIE,53,,,rookie_slot,,2016,3,0,0,,
6510,"Peppers, Julius",DE,2014,WAIVER,,1000,,,,2014,1,0,0,,
10292,"Jordan, Cameron",DE,2014,FAA,,2000,8,bid,IDP/K,2014,1,0,0,,
9825,"Dunlap, Carlos",DE,2014,FAA,,3000,5,bid,IDP/K,2014,1,0,0,,
9853,"Hughes, Jerry",DE,2014,WAIVER,,1000,,,,2014,1,0,0,,
10266,"Heyward, Cameron",DE,2014,WAIVER,,1000,,,,2015,2,0,0,,
8242,"Williams, Mario",DE,2014,FAA,,3000,5,bid,IDP/K,2014,1,0,0,,
9833,"Pierre-Paul, Jason",DE,2014,WAIVER,,2000,,,,2014,1,0,0,,
10277,"Houston, Justin",DE,2014,WAIVER,,1000,,,,2015,2,0,0,,
9828,"Griffen, Everson",DE,2014,WAIVER,,1000,,,,2014,1,0,0,,
9051,"Campbell, Calais",DE,2014,FAA,,4000,2,bid,IDP/K,2014,1,0,0,,
7516,"Allen, Jared",DE,2014,FAA,,1000,9,bid,IDP/K,2014,1,0,0,,
7823,"Ware, Demarcus",DE,2014,FAA,,4000,2,bid,IDP/K,2014,1,0,0,,
10280,"Kerrigan, Ryan",DE,2014,WAIVER,,3000,,,,2014,1,0,0,,
9425,"Wake, Cameron",DE,2014,FAA,,4000,2,bid,IDP/K,2014,1,0,0,,
7886,"Tuck, Justin",DE,2014,FAA,,1000,9,bid,IDP/K,2014,1,0,0,,
10815,"Vernon, Olivier",DE,2014,FAA,,3000,5,bid,IDP/K,2014,1,0,0,,
8367,"Dumervil, Elvis",DE,2014,WAIVER,,1000,,,,2014,1,0,0,,
11706,"Clowney, Jadeveon",DE,2014,ROOKIE,21,,,rookie_slot,,2018,5,0,2,1|None,2017|2018
10753,"Jones, Chandler",DE,2014,FAA,,5000,1,bid,IDP/K,2017,4,0,1,None,2017
9749,"Bennett, Michael",DE,2015,WAIVER,,1000,,,,2015,1,0,0,,
6510,"Peppers, Julius",DE,2015,WAIVER,,1000,,,,2016,2,0,0,,
10292,"Jordan, Cameron",DE,2015,FAA,,1000,9,bid,IDP/K,2015,1,0,0,,
9825,"Dunlap, Carlos",DE,2015,FAA,,5000,1,bid,IDP/K,2015,1,0,0,,
9847,"Hardy, Greg",DE,2015,FAA,,1000,9,bid,IDP/K,2015,1,0,0,,
9853,"Hughes, Jerry",DE,2015,FAA,,3000,6,bid,IDP/K,2015,1,0,0,,
11707,"Tuitt, Stephon",DE,2015,WAIVER,,1000,,,,2017,3,0,0,,
9041,"Avril, Cliff",DE,2015,WAIVER,,1000,,,,2015,1,0,0,,
8242,"Williams, Mario",DE,2015,FAA,,5000,1,bid,IDP/K,2015,1,0,0,,
12215,"Gregory, Randy",DE,2015,ROOKIE,59,,,rookie_slot,,2017,3,0,0,,
10335,"Casey, Jurrell",DE,2015,WAIVER,,1000,,,,2015,1,0,0,,
9833,"Pierre-Paul, Jason",DE,2015,FAA,,2000,8,bid,IDP/K,2015,1,0,0,,
10754,"Mercilus, Whitney",DE,2015,WAIVER,,4000,,,,2015,1,0,0,,
12217,"Fowler, Dante",DE,2015,ROOKIE,58,,,rookie_slot,,2015,1,0,0,,
9828,"Griffen, Everson",DE,2015,FAA,,5000,1,bid,IDP/K,2015,1,0,0,,
10766,"Irvin, Bruce",DE,2015,WAIVER,,1000,,,,2017,3,0,0,,
9051,"Campbell, Calais",DE,2015,FAA,,4000,4,bid,IDP/K,2015,1,0,0,,
9425,"Wake, Cameron",DE,2015,FAA,,3000,6,bid,IDP/K,2015,1,0,0,,
10815,"Vernon, Olivier",DE,2015,WAIVER,,2000,,,,2015,1,0,0,,
12230,"Beasley, Vic",DE,2015,ROOKIE,50,,,rookie_slot,,2015,1,0,0,,
8376,"Ninkovich, Rob",DE,2015,FAA,,4000,4,bid,IDP/K,2015,1,0,0,,
10274,"Smith, Aldon",DE,2015,WAIVER,,1000,,,,2019,5,0,0,,
10314,"Wilkerson, Muhammad",DE,2016,FAA,,3000,4,bid,IDP/K,2016,1,0,0,,
9749,"Bennett, Michael",DE,2016,FAA,,2000,6,bid,IDP/K,2016,1,0,0,,
10806,"Wolfe, Derek",DE,2016,WAIVER,,1000,,,,2017,2,0,0,,
10292,"Jordan, Cameron",DE,2016,WAIVER,,3000,,,,2016,1,0,0,,
9825,"Dunlap, Carlos",DE,2016,FAA,,6000,2,bid,IDP/K,2016,1,0,0,,
9853,"Hughes, Jerry",DE,2016,WAIVER,,1000,,,,2017,2,0,0,,
10266,"Heyward, Cameron",DE,2016,FAA,,1000,11,bid,IDP/K,2016,1,0,0,,
9041,"Avril, Cliff",DE,2016,FAA,,1000,11,bid,IDP/K,2016,1,0,0,,
12686,"Bosa, Joey",DE,2016,ROOKIE,49,,,rookie_slot,,2021,6,0,3,1|None|1,2018|2019|2020
12756,"Ngakoue, Yannick",DE,2016,WAIVER,,1000,,,,2016,1,0,0,,
10335,"Casey, Jurrell",DE,2016,WAIVER,,1000,,,,2017,2,0,0,,
9833,"Pierre-Paul, Jason",DE,2016,FAA,,2000,6,bid,IDP/K,2016,1,0,0,,
10320,"Sheard, Jabaal",DE,2016,FAA,,2000,6,bid,IDP/K,2017,2,0,0,,
10754,"Mercilus, Whitney",DE,2016,WAIVER,,1000,,,,2016,1,0,0,,
12225,"Williams, Leonard",DE,2016,FAA,,1000,11,bid,IDP/K,2016,1,0,0,,
12217,"Fowler, Dante",DE,2016,FAA,,3000,4,bid,IDP/K,2016,1,0,0,,
9826,"Graham, Brandon",DE,2016,WAIVER,,1000,,,,2016,1,0,0,,
9828,"Griffen, Everson",DE,2016,FAA,,6000,2,bid,IDP/K,2016,1,0,0,,
10269,"Quinn, Robert",DE,2016,FAA,,7000,1,bid,IDP/K,2016,1,0,0,,
9051,"Campbell, Calais",DE,2016,FAA,,2000,6,bid,IDP/K,2017,2,0,0,,
12221,"Hunter, Danielle",DE,2016,WAIVER,,2000,,,,2016,1,0,0,,
9425,"Wake, Cameron",DE,2016,WAIVER,,2000,,,,2016,1,0,0,,
10815,"Vernon, Olivier",DE,2016,FAA,,2000,6,bid,IDP/K,2016,1,0,0,,
12230,"Beasley, Vic",DE,2016,WAIVER,,6000,,,,2016,1,0,0,,
12280,"Clark, Frank",DE,2016,WAIVER,,2000,,,,2016,1,0,0,,
12222,"Flowers, Trey",DE,2016,FAA,,1000,11,bid,IDP/K,2016,1,0,0,,
9749,"Bennett, Michael",DE,2017,WAIVER,,1000,,,,2017,1,0,0,,
10749,"Ingram, Melvin",DE,2017,FAA,,7000,3,bid,IDP/K,2017,1,0,0,,
11769,"Lawrence, Demarcus",DE,2017,WAIVER,,3000,,,,2018,2,0,2,1|None,2017|2018
6510,"Peppers, Julius",DE,2017,WAIVER,,1000,,,,2017,1,0,0,,
10292,"Jordan, Cameron",DE,2017,FAA,,2000,7,bid,IDP/K,2017,1,0,0,,
9825,"Dunlap, Carlos",DE,2017,WAIVER,,1000,,,,2017,1,0,0,,
11262,"Okafor, Alex",DE,2017,WAIVER,,1000,,,,2017,1,0,0,,
10266,"Heyward, Cameron",DE,2017,WAIVER,,1000,,,,2017,1,0,0,,
12756,"Ngakoue, Yannick",DE,2017,WAIVER,,1000,,,,2017,1,0,0,,
12953,"Lanier, Anthony",DE,2017,WAIVER,,1000,,,,2017,1,0,0,,
9833,"Pierre-Paul, Jason",DE,2017,FAA,,5000,4,bid,IDP/K,2017,1,0,0,,
13201,"Barnett, Derek",DE,2017,WAIVER,,2000,,,,2017,1,0,0,,
10754,"Mercilus, Whitney",DE,2017,WAIVER,,1000,,,,2018,2,0,0,,
12225,"Williams, Leonard",DE,2017,FAA,,2000,7,bid,IDP/K,2017,1,0,0,,
12217,"Fowler, Dante",DE,2017,WAIVER,,3000,,,,2017,1,0,0,,
9826,"Graham, Brandon",DE,2017,FAA,,1000,10,bid,IDP/K,2017,1,0,0,,
9828,"Griffen, Everson",DE,2017,FAA,,2000,7,bid,IDP/K,2017,1,0,0,,
13296,"Wise, Deatrich",DE,2017,WAIVER,,3000,,,,2017,1,0,0,,
13198,"Garrett, Myles",DE,2017,ROOKIE,23,,,rookie_slot,,2021,5,0,1,2,2020
10841,"Daniels, Mike",DE,2017,WAIVER,,1000,,,,2017,1,0,0,,
12221,"Hunter, Danielle",DE,2017,FAA,,9000,2,bid,IDP/K,2017,1,0,0,,
10280,"Kerrigan, Ryan",DE,2017,WAIVER,,1000,,,,2017,1,0,0,,
9425,"Wake, Cameron",DE,2017,FAA,,1000,10,bid,IDP/K,2017,1,0,0,,
6938,"Suggs, Terrell",DE,2017,WAIVER,,1000,,,,2017,1,0,0,,
10815,"Vernon, Olivier",DE,2017,FAA,,3000,5,bid,IDP/K,2017,1,0,0,,
10823,"Hicks, Akiem",DE,2017,WAIVER,,1000,,,,2017,1,0,0,,
13204,"Harris, Charles",DE,2017,FAA,,1000,10,bid,IDP/K,2020,4,0,0,,
10272,"Watt, J.J.",DE,2017,FAA,,16000,1,bid,IDP/K,2018,2,0,0,,
12280,"Clark, Frank",DE,2017,WAIVER,,1000,,,,2017,1,0,0,,
13199,"Thomas, Solomon",DE,2017,WAIVER,,1000,,,,2017,1,0,0,,
10554,"Addison, Mario",DE,2017,WAIVER,,1000,,,,2017,1,0,0,,
12222,"Flowers, Trey",DE,2017,FAA,,3000,5,bid,IDP/K,2018,2,0,0,,
10314,"Wilkerson, Muhammad",DE,2018,FAA,,1000,18,bid,IDP/K,2018,1,0,0,,
9749,"Bennett, Michael",DE,2018,WAIVER,,1000,,,,2018,1,0,0,,
12691,"Ogbah, Emmanuel",DE,2018,FAA,,1000,18,bid,IDP/K,2018,1,0,0,,
10806,"Wolfe, Derek",DE,2018,WAIVER,,1000,,,,2018,1,0,0,,
13746,"Green, Rasheem",DE,2018,ROOKIE,67,,,rookie_slot,,2019,2,0,0,,
10749,"Ingram, Melvin",DE,2018,FAA,,9000,2,bid,IDP/K,2018,1,0,0,,
10292,"Jordan, Cameron",DE,2018,FAA,,6000,7,bid,IDP/K,2018,1,0,0,,
9825,"Dunlap, Carlos",DE,2018,FAA,,4000,9,bid,IDP/K,2018,1,0,0,,
13695,"Bryan, Taven",DE,2018,ROOKIE,69,,,rookie_slot,,2019,2,0,0,,
9853,"Hughes, Jerry",DE,2018,WAIVER,,2000,,,,2018,1,0,0,,
11707,"Tuitt, Stephon",DE,2018,WAIVER,,1000,,,,2018,1,0,0,,
10266,"Heyward, Cameron",DE,2018,FAA,,4000,9,bid,IDP/K,2018,1,0,0,,
13682,"Key, Arden",DE,2018,FAA,,1000,18,bid,IDP/K,2023,6,0,0,,
13200,"Charlton, Taco",DE,2018,WAIVER,,1000,,,,2018,1,0,0,,
12756,"Ngakoue, Yannick",DE,2018,FAA,,4000,9,bid,IDP/K,2018,1,0,0,,
12215,"Gregory, Randy",DE,2018,WAIVER,,1000,,,,2018,1,0,0,,
13271,"Rivers, Derek",DE,2018,FAA,,1000,18,bid,IDP/K,2018,1,0,0,,
10335,"Casey, Jurrell",DE,2018,WAIVER,,1000,,,,2018,1,0,0,,
12278,"Golden, Markus",DE,2018,FAA,,1000,18,bid,IDP/K,2018,1,0,0,,
10763,"Brockers, Michael",DE,2018,WAIVER,,1000,,,,2018,1,0,0,,
13688,"Davenport, Marcus",DE,2018,ROOKIE,50,,,rookie_slot,,2019,2,0,0,,
9833,"Pierre-Paul, Jason",DE,2018,FAA,,5000,8,bid,IDP/K,2018,1,0,0,,
10320,"Sheard, Jabaal",DE,2018,WAIVER,,4000,,,,2018,1,0,0,,
12218,"Armstead, Arik",DE,2018,WAIVER,,1000,,,,2018,1,0,0,,
13201,"Barnett, Derek",DE,2018,FAA,,3000,13,bid,IDP/K,2018,1,0,0,,
12225,"Williams, Leonard",DE,2018,FAA,,1000,18,bid,IDP/K,2018,1,0,0,,
11757,"Donald, Aaron",DE,2018,ERA,,7000,5,bid,IDP/K,2018,1,0,1,0,2018
11267,"Ansah, Ezekiel",DE,2018,FAA,,7000,5,bid,IDP/K,2018,1,0,0,,
12217,"Fowler, Dante",DE,2018,WAIVER,,1000,,,,2018,1,0,0,,
9826,"Graham, Brandon",DE,2018,FAA,,2000,15,bid,IDP/K,2018,1,0,0,,
10277,"Houston, Justin",DE,2018,WAIVER,,1000,,,,2018,1,0,0,,
9828,"Griffen, Everson",DE,2018,FAA,,9000,2,bid,IDP/K,2018,1,0,0,,
13296,"Wise, Deatrich",DE,2018,FAA,,1000,18,bid,IDP/K,2018,1,0,0,,
10766,"Irvin, Bruce",DE,2018,WAIVER,,1000,,,,2018,1,0,0,,
10269,"Quinn, Robert",DE,2018,FAA,,2000,15,bid,IDP/K,2018,1,0,0,,
9051,"Campbell, Calais",DE,2018,FAA,,8000,4,bid,IDP/K,2018,1,0,0,,
12221,"Hunter, Danielle",DE,2018,FAA,,4000,9,bid,IDP/K,2020,3,0,2,1|None,2019|2020
10280,"Kerrigan, Ryan",DE,2018,WAIVER,,1000,,,,2018,1,0,0,,
9425,"Wake, Cameron",DE,2018,FAA,,1000,18,bid,IDP/K,2018,1,0,0,,
13205,"McKinley, Takkarist",DE,2018,FAA,,1000,18,bid,IDP/K,2018,1,0,0,,
6938,"Suggs, Terrell",DE,2018,WAIVER,,1000,,,,2018,1,0,0,,
10815,"Vernon, Olivier",DE,2018,WAIVER,,3000,,,,2018,1,0,0,,
12230,"Beasley, Vic",DE,2018,FAA,,3000,13,bid,IDP/K,2018,1,0,0,,
10823,"Hicks, Akiem",DE,2018,FAA,,1000,18,bid,IDP/K,2018,1,0,0,,
12280,"Clark, Frank",DE,2018,FAA,,2000,15,bid,IDP/K,2018,1,0,0,,
10753,"Jones, Chandler",DE,2018,FAA,,11000,1,bid,IDP/K,2018,1,0,0,,
10554,"Addison, Mario",DE,2018,WAIVER,,1000,,,,2018,1,0,0,,
12083,"Autry, Denico",DE,2018,WAIVER,,4000,,,,2018,1,0,0,,
11491,"Mayowa, Benson",DE,2018,WAIVER,,2000,,,,2018,1,0,0,,
9749,"Bennett, Michael",DE,2019,FAA,,1000,15,bid,IDP/K,2019,1,0,0,,
11872,"Harris, Shelby",DE,2019,WAIVER,,1000,,,,2019,1,0,0,,
12691,"Ogbah, Emmanuel",DE,2019,WAIVER,,2000,,,,2019,1,0,0,,
12687,"Lawson, Shaq",DE,2019,WAIVER,,1000,,,,2019,1,0,0,,
10806,"Wolfe, Derek",DE,2019,WAIVER,,2000,,,,2019,1,0,0,,
10749,"Ingram, Melvin",DE,2019,FAA,,3000,10,bid,IDP/K,2019,1,0,0,,
14157,"Williams, Quinnen",DE,2019,ROOKIE,47,,2,adp,IDP/K,2019,1,0,0,,
11769,"Lawrence, Demarcus",DE,2019,FAA,,6000,4,bid,IDP/K,2020,2,0,0,,
10292,"Jordan, Cameron",DE,2019,FAA,,6000,4,bid,IDP/K,2019,1,0,0,,
9825,"Dunlap, Carlos",DE,2019,WAIVER,,4000,,,,2019,1,0,0,,
9853,"Hughes, Jerry",DE,2019,WAIVER,,1000,,,,2019,1,0,0,,
11707,"Tuitt, Stephon",DE,2019,WAIVER,,1000,,,,2019,1,0,0,,
10266,"Heyward, Cameron",DE,2019,FAA,,2000,13,bid,IDP/K,2019,1,0,0,,
14167,"Allen, Josh",DE,2019,ROOKIE,41,,2,adp,IDP/K,2021,3,0,0,,
11711,"Ford, Dee",DE,2019,FAA,,2000,9,adp,IDP/K,2019,1,0,0,,
13200,"Charlton, Taco",DE,2019,WAIVER,,1000,,,,2019,1,0,0,,
14155,"Collier, L.J.",DE,2019,FAA,,1000,5,adp,IDP/K,2019,1,0,0,,
12756,"Ngakoue, Yannick",DE,2019,FAA,,1000,15,bid,IDP/K,2019,1,0,0,,
14171,"Burns, Brian",DE,2019,ROOKIE,60,,4,adp,IDP/K,2021,3,0,0,,
13684,"Hubbard, Sam",DE,2019,FAA,,4000,8,bid,IDP/K,2019,1,0,0,,
10335,"Casey, Jurrell",DE,2019,FAA,,1000,15,bid,IDP/K,2019,1,0,0,,
14176,"Winovich, Chase",DE,2019,ROOKIE,66,,6,adp,IDP/K,2019,1,0,0,,
9833,"Pierre-Paul, Jason",DE,2019,FAA,,4000,8,bid,IDP/K,2019,1,0,0,,
10320,"Sheard, Jabaal",DE,2019,WAIVER,,1000,,,,2019,1,0,0,,
12218,"Armstead, Arik",DE,2019,WAIVER,,3000,,,,2019,1,0,0,,
13201,"Barnett, Derek",DE,2019,FAA,,5000,7,bid,IDP/K,2019,1,0,0,,
10754,"Mercilus, Whitney",DE,2019,WAIVER,,3000,,,,2019,1,0,0,,
14148,"Sweat, Montez",DE,2019,ROOKIE,32,,3,adp,IDP/K,2021,3,0,0,,
11267,"Ansah, Ezekiel",DE,2019,FAA,,1000,15,bid,IDP/K,2019,1,0,0,,
12217,"Fowler, Dante",DE,2019,WAIVER,,4000,,,,2019,1,0,0,,
9826,"Graham, Brandon",DE,2019,WAIVER,,1000,,,,2019,1,0,0,,
10277,"Houston, Justin",DE,2019,FAA,,1000,7,adp,IDP/K,2019,1,0,0,,
9828,"Griffen, Everson",DE,2019,FAA,,1000,15,bid,IDP/K,2019,1,0,0,,
10766,"Irvin, Bruce",DE,2019,WAIVER,,1000,,,,2019,1,0,0,,
14147,"Bosa, Nick",DE,2019,ROOKIE,25,,1,adp,IDP/K,2023,5,0,2,2|None,2022|2023
9051,"Campbell, Calais",DE,2019,ERA,,9000,2,bid,IDP/K,2019,1,0,0,,
14151,"Ferrell, Clelin",DE,2019,ROOKIE,65,,3,adp,IDP/K,2020,2,0,0,,
11412,"Williams, Nick",DE,2019,WAIVER,,1000,,,,2019,1,0,0,,
14225,"Crosby, Maxx",DE,2019,WAIVER,,1000,,,,2019,1,0,0,,
6938,"Suggs, Terrell",DE,2019,WAIVER,,1000,,,,2019,1,0,0,,
10815,"Vernon, Olivier",DE,2019,WAIVER,,1000,,,,2019,1,0,0,,
10823,"Hicks, Akiem",DE,2019,FAA,,3000,10,bid,IDP/K,2019,1,0,0,,
13741,"Thomas, Chad",DE,2019,WAIVER,,4000,,,,2019,1,0,0,,
13742,"Hill, B.J.",DE,2019,FAA,,1000,15,bid,IDP/K,2019,1,0,0,,
10272,"Watt, J.J.",DE,2019,ERA,,17000,1,bid,IDP/K,2019,1,0,0,,
12280,"Clark, Frank",DE,2019,FAA,,6000,4,bid,IDP/K,2020,2,0,0,,
11706,"Clowney, Jadeveon",DE,2019,FAA,,7000,3,bid,IDP/K,2019,1,0,0,,
10554,"Addison, Mario",DE,2019,WAIVER,,2000,,,,2019,1,0,0,,
12083,"Autry, Denico",DE,2019,WAIVER,,1000,,,,2019,1,0,0,,
12222,"Flowers, Trey",DE,2019,FAA,,3000,10,bid,IDP/K,2020,2,0,0,,
14960,"Robinson, Alton",DE,2020,WAIVER,,1000,,,,2020,1,0,0,,
11872,"Harris, Shelby",DE,2020,WAIVER,,1000,,,,2020,1,0,0,,
12691,"Ogbah, Emmanuel",DE,2020,WAIVER,,1000,,,,2020,1,0,0,,
12687,"Lawson, Shaq",DE,2020,FAA,,1000,10,bid,IDP/K,2020,1,0,0,,
10749,"Ingram, Melvin",DE,2020,FAA,,3000,5,bid,IDP/K,2020,1,0,0,,
14157,"Williams, Quinnen",DE,2020,WAIVER,,1000,,,,2020,1,0,0,,
14888,"Chaisson, K'Lavon",DE,2020,ROOKIE,41,,3,adp,IDP/K,2021,2,0,0,,
10292,"Jordan, Cameron",DE,2020,FAA,,5000,1,bid,IDP/K,2020,1,0,0,,
9825,"Dunlap, Carlos",DE,2020,FAA,,1000,10,bid,IDP/K,2020,1,0,0,,
12948,"Okwara, Romeo",DE,2020,WAIVER,,2000,,,,2020,1,0,0,,
9853,"Hughes, Jerry",DE,2020,WAIVER,,2000,,,,2020,1,0,0,,
11707,"Tuitt, Stephon",DE,2020,WAIVER,,1000,,,,2020,1,0,0,,
13343,"Odenigbo, Ifeadi",DE,2020,FAA,,1000,10,bid,IDP/K,2020,1,0,0,,
10266,"Heyward, Cameron",DE,2020,WAIVER,,4000,,,,2020,1,0,0,,
11711,"Ford, Dee",DE,2020,FAA,,1000,10,bid,IDP/K,2020,1,0,0,,
12756,"Ngakoue, Yannick",DE,2020,FAA,,2000,7,bid,IDP/K,2021,2,0,0,,
13684,"Hubbard, Sam",DE,2020,FAA,,3000,5,bid,IDP/K,2020,1,0,0,,
12987,"Hyder, Kerry",DE,2020,WAIVER,,1000,,,,2020,1,0,0,,
10335,"Casey, Jurrell",DE,2020,FAA,,1000,10,bid,IDP/K,2020,1,0,0,,
14176,"Winovich, Chase",DE,2020,WAIVER,,1000,,,,2020,1,0,0,,
14878,"Gross-Matos, Yetur",DE,2020,ROOKIE,67,,2,adp,IDP/K,2022,3,0,0,,
13688,"Davenport, Marcus",DE,2020,WAIVER,,1000,,,,2020,1,0,0,,
9833,"Pierre-Paul, Jason",DE,2020,WAIVER,,4000,,,,2020,1,0,0,,
13284,"Hendrickson, Trey",DE,2020,WAIVER,,1000,,,,2020,1,0,0,,
14879,"Epenesa, A.J.",DE,2020,ROOKIE,59,,4,adp,IDP/K,2020,1,0,0,,
12218,"Armstead, Arik",DE,2020,WAIVER,,1000,,,,2020,1,0,0,,
13690,"Sweat, Josh",DE,2020,WAIVER,,1000,,,,2020,1,0,0,,
13201,"Barnett, Derek",DE,2020,WAIVER,,1000,,,,2020,1,0,0,,
14877,"Young, Chase",DE,2020,ROOKIE,15,,1,adp,IDP/K,2021,2,0,0,,
12225,"Williams, Leonard",DE,2020,WAIVER,,2000,,,,2020,1,0,0,,
12217,"Fowler, Dante",DE,2020,FAA,,2000,7,bid,IDP/K,2020,1,0,0,,
9826,"Graham, Brandon",DE,2020,WAIVER,,2000,,,,2020,1,0,0,,
10277,"Houston, Justin",DE,2020,FAA,,1000,10,bid,IDP/K,2020,1,0,0,,
9828,"Griffen, Everson",DE,2020,WAIVER,,1000,,,,2020,1,0,0,,
9051,"Campbell, Calais",DE,2020,FAA,,5000,1,bid,IDP/K,2020,1,0,0,,
14225,"Crosby, Maxx",DE,2020,FAA,,5000,1,bid,IDP/K,2020,1,0,0,,
10280,"Kerrigan, Ryan",DE,2020,WAIVER,,1000,,,,2020,1,0,0,,
9875,"Alualu, Tyson",DE,2020,WAIVER,,1000,,,,2020,1,0,0,,
13205,"McKinley, Takkarist",DE,2020,WAIVER,,1000,,,,2020,1,0,0,,
10815,"Vernon, Olivier",DE,2020,WAIVER,,4000,,,,2020,1,0,0,,
10823,"Hicks, Akiem",DE,2020,WAIVER,,1000,,,,2020,1,0,0,,
13202,"Lawson, Carl",DE,2020,WAIVER,,3000,,,,2020,1,0,0,,
10272,"Watt, J.J.",DE,2020,FAA,,4000,4,bid,IDP/K,2021,2,0,0,,
11706,"Clowney, Jadeveon",DE,2020,WAIVER,,1000,,,,2021,2,0,1,None,2020
10274,"Smith, Aldon",DE,2020,FAA,,2000,7,bid,IDP/K,2020,1,0,0,,
10554,"Addison, Mario",DE,2020,WAIVER,,1000,,,,2020,1,0,0,,
12083,"Autry, Denico",DE,2020,WAIVER,,1000,,,,2020,1,0,0,,
11872,"Harris, Shelby",DE,2021,WAIVER,,1000,,,,2021,1,0,0,,
12691,"Ogbah, Emmanuel",DE,2021,FAA,,1000,10,bid,IDP/K,2021,1,0,0,,
12687,"Lawson, Shaq",DE,2021,WAIVER,,1000,,,,2021,1,0,0,,
13746,"Green, Rasheem",DE,2021,WAIVER,,1000,,,,2021,1,0,0,,
11769,"Lawrence, Demarcus",DE,2021,FAA,,2000,6,bid,IDP/K,2022,2,0,0,,
15348,"Basham, Carlos",DE,2021,FAA,,1000,5,adp,IDP/K,2021,1,0,0,,
10292,"Jordan, Cameron",DE,2021,FAA,,2000,6,bid,IDP/K,2022,2,0,0,,
9825,"Dunlap, Carlos",DE,2021,WAIVER,,6000,,,,2021,1,0,0,,
14978,"Danna, Michael",DE,2021,WAIVER,,1000,,,,2021,1,0,0,,
14923,"Taylor, Darrell",DE,2021,WAIVER,,3000,,,,2021,1,0,0,,
12948,"Okwara, Romeo",DE,2021,FAA,,1000,10,bid,IDP/K,2021,1,0,0,,
11707,"Tuitt, Stephon",DE,2021,FAA,,5000,2,bid,IDP/K,2021,1,0,0,,
10266,"Heyward, Cameron",DE,2021,FAA,,1000,10,bid,IDP/K,2021,1,0,0,,
14237,"Gaines, Greg",DE,2021,WAIVER,,1000,,,,2021,1,0,0,,
15349,"Phillips, Jaelan",DE,2021,ROOKIE,35,,1,adp,IDP/K,2022,2,0,0,,
13684,"Hubbard, Sam",DE,2021,WAIVER,,1000,,,,2021,1,0,0,,
14150,"Bryant, Austin",DE,2021,WAIVER,,1000,,,,2021,1,0,0,,
12215,"Gregory, Randy",DE,2021,FAA,,1000,10,bid,IDP/K,2021,1,0,0,,
13688,"Davenport, Marcus",DE,2021,WAIVER,,2000,,,,2021,1,0,0,,
14153,"Allen, Zach",DE,2021,WAIVER,,4000,,,,2021,1,0,0,,
9833,"Pierre-Paul, Jason",DE,2021,FAA,,2000,6,bid,IDP/K,2021,1,0,0,,
13284,"Hendrickson, Trey",DE,2021,WAIVER,,4000,,,,2021,1,0,0,,
12218,"Armstead, Arik",DE,2021,WAIVER,,2000,,,,2021,1,0,0,,
13690,"Sweat, Josh",DE,2021,WAIVER,,4000,,,,2021,1,0,0,,
14947,"Wonnum, D.J.",DE,2021,WAIVER,,5000,,,,2021,1,0,0,,
14882,"Greenard, Jonathan",DE,2021,WAIVER,,3000,,,,2021,1,0,0,,
13201,"Barnett, Derek",DE,2021,WAIVER,,4000,,,,2021,1,0,0,,
13245,"Reddick, Haason",DE,2021,FAA,,4000,3,bid,IDP/K,2021,1,0,0,,
10754,"Mercilus, Whitney",DE,2021,FAA,,1000,10,bid,IDP/K,2021,1,0,0,,
13735,"Turay, Kemoko",DE,2021,FAA,,1000,10,bid,IDP/K,2021,1,0,0,,
12225,"Williams, Leonard",DE,2021,FAA,,2000,6,bid,IDP/K,2021,1,0,0,,
13330,"Muhammad, Al-Quadin",DE,2021,WAIVER,,1000,,,,2021,1,0,0,,
9826,"Graham, Brandon",DE,2021,WAIVER,,1000,,,,2021,1,0,0,,
9828,"Griffen, Everson",DE,2021,WAIVER,,4000,,,,2021,1,0,0,,
13212,"Wormley, Chris",DE,2021,WAIVER,,3000,,,,2021,1,0,0,,
13839,"Sieler, Zach",DE,2021,WAIVER,,1000,,,,2021,1,0,0,,
9051,"Campbell, Calais",DE,2021,WAIVER,,1000,,,,2021,1,0,0,,
15345,"Paye, Kwity",DE,2021,ROOKIE,39,,2,adp,IDP/K,2022,2,0,0,,
14225,"Crosby, Maxx",DE,2021,FAA,,3000,4,bid,IDP/K,2023,3,0,2,1|None,2022|2023
12221,"Hunter, Danielle",DE,2021,FAA,,8000,1,bid,IDP/K,2021,1,0,0,,
15376,"Turner, Payton",DE,2021,WAIVER,,3000,4,adp,IDP/K,2021,1,0,0,,
14164,"Jones, Dre'Mont",DE,2021,WAIVER,,1000,,,,2021,1,0,0,,
13267,"Smoot, Dawuane",DE,2021,FAA,,1000,10,bid,IDP/K,2021,1,0,0,,
10823,"Hicks, Akiem",DE,2021,WAIVER,,4000,,,,2021,1,0,0,,
15346,"Rousseau, Gregory",DE,2021,ROOKIE,62,,3,adp,IDP/K,2022,2,0,0,,
13204,"Harris, Charles",DE,2021,WAIVER,,1000,,,,2021,1,0,0,,
13202,"Lawson, Carl",DE,2021,FAA,,3000,4,bid,IDP/K,2021,1,0,0,,
12280,"Clark, Frank",DE,2021,FAA,,1000,10,bid,IDP/K,2021,1,0,0,,
13770,"Franklin-Myers, John",DE,2021,WAIVER,,1000,,,,2021,1,0,0,,
12083,"Autry, Denico",DE,2021,WAIVER,,1000,,,,2021,1,0,0,,
12222,"Flowers, Trey",DE,2021,WAIVER,,1000,,,,2021,1,0,0,,
15347,"Weaver, Rashad",DE,2022,WAIVER,,1000,,,,2022,1,0,0,,
14900,"Madubuike, Justin",DE,2022,WAIVER,,1000,,,,2022,1,0,0,,
12691,"Ogbah, Emmanuel",DE,2022,FAA,,1000,9,bid,IDP/K,2022,1,0,0,,
13746,"Green, Rasheem",DE,2022,WAIVER,,1000,,,,2022,1,0,0,,
14157,"Williams, Quinnen",DE,2022,WAIVER,,2000,,,,2022,1,0,0,,
9825,"Dunlap, Carlos",DE,2022,WAIVER,,1000,,,,2022,1,0,0,,
9853,"Hughes, Jerry",DE,2022,WAIVER,,1000,,,,2022,1,0,0,,
14162,"Wilkins, Christian",DE,2022,FAA,,1000,9,bid,IDP/K,2022,1,0,0,,
15809,"Johnson, Jermaine",DE,2022,ROOKIE,51,,2,adp,IDP/K,2024,3,0,0,,
10267,"Miller, Von",DE,2022,FAA,,3000,3,bid,IDP/K,2022,1,0,0,,
12756,"Ngakoue, Yannick",DE,2022,WAIVER,,1000,,,,2022,1,0,0,,
14171,"Burns, Brian",DE,2022,ERA,,5000,2,bid,IDP/K,2022,1,0,0,,
13684,"Hubbard, Sam",DE,2022,FAA,,3000,3,bid,IDP/K,2022,1,0,0,,
13688,"Davenport, Marcus",DE,2022,FAA,,3000,3,bid,IDP/K,2022,1,0,0,,
14153,"Allen, Zach",DE,2022,WAIVER,,1000,,,,2022,1,0,0,,
13284,"Hendrickson, Trey",DE,2022,FAA,,2000,6,bid,IDP/K,2022,1,0,0,,
15815,"Walker, Travon",DE,2022,ROOKIE,47,,4,adp,IDP/K,2023,2,0,0,,
13690,"Sweat, Josh",DE,2022,WAIVER,,2000,,,,2022,1,0,0,,
13294,"Ebukam, Samson",DE,2022,WAIVER,,1000,,,,2022,1,0,0,,
14882,"Greenard, Jonathan",DE,2022,FAA,,2000,6,bid,IDP/K,2022,1,0,0,,
15808,"Karlaftis, George",DE,2022,ROOKIE,44,,3,adp,IDP/K,2024,3,0,0,,
15805,"Hutchinson, Aidan",DE,2022,ROOKIE,33,,1,adp,IDP/K,2025,4,1,2,None|None,2024|2025
14877,"Young, Chase",DE,2022,WAIVER,,2000,,,,2023,2,0,1,None,2022
13759,"Armstrong, Dorance",DE,2022,WAIVER,,1000,,,,2022,1,0,0,,
12744,"Ward, Jihad",DE,2022,WAIVER,,1000,,,,2022,1,0,0,,
14148,"Sweat, Montez",DE,2022,FAA,,1000,9,bid,IDP/K,2022,1,0,0,,
15907,"Robinson, Dominique",DE,2022,WAIVER,,1000,,,,2022,1,0,0,,
12225,"Williams, Leonard",DE,2022,FAA,,1000,9,bid,IDP/K,2022,1,0,0,,
9826,"Graham, Brandon",DE,2022,WAIVER,,1000,,,,2022,1,0,0,,
10277,"Houston, Justin",DE,2022,WAIVER,,1000,,,,2022,1,0,0,,
13296,"Wise, Deatrich",DE,2022,FAA,,1000,9,bid,IDP/K,2022,1,0,0,,
10269,"Quinn, Robert",DE,2022,FAA,,1000,9,bid,IDP/K,2022,1,0,0,,
13839,"Sieler, Zach",DE,2022,WAIVER,,3000,,,,2022,1,0,0,,
13198,"Garrett, Myles",DE,2022,ERA,,11000,1,bid,IDP/K,2022,1,0,0,,
14164,"Jones, Dre'Mont",DE,2022,FAA,,1000,9,bid,IDP/K,2022,1,0,0,,
13204,"Harris, Charles",DE,2022,FAA,,1000,9,bid,IDP/K,2022,1,0,0,,
10272,"Watt, J.J.",DE,2022,FAA,,2000,6,bid,IDP/K,2022,1,0,0,,
11706,"Clowney, Jadeveon",DE,2022,FAA,,1000,9,bid,IDP/K,2022,1,0,0,,
15857,"Williams, Sam",DE,2022,ROOKIE,62,,8,adp,IDP/K,2024,3,0,0,,
15853,"Mafe, Boye",DE,2022,ROOKIE,65,,5,adp,IDP/K,2022,1,0,0,,
12083,"Autry, Denico",DE,2022,WAIVER,,2000,,,,2022,1,0,0,,
16257,"Anudike-Uzomah, Felix",DE,2023,ROOKIE,55,,7,adp,IDP/K,2024,2,0,0,,
15861,"Bonitto, Nik",DE,2023,WAIVER,,1000,,,,2023,1,0,0,,
14900,"Madubuike, Justin",DE,2023,WAIVER,,4000,,,,2023,1,0,0,,
16223,"Anderson, Will",DE,2023,ROOKIE,42,,1,adp,IDP/K,2023,1,0,0,,
16252,"McDonald, Will",DE,2023,ROOKIE,63,,6,adp,IDP/K,2025,3,1,0,,
11769,"Lawrence, Demarcus",DE,2023,WAIVER,,1000,,,,2023,1,0,0,,
10292,"Jordan, Cameron",DE,2023,FAA,,3000,5,bid,IDP/K,2023,1,0,0,,
16230,"Van Ness, Lukas",DE,2023,ROOKIE,48,,3,adp,IDP/K,2024,2,0,0,,
12795,"Judon, Matt",DE,2023,FAA,,2000,6,bid,IDP/K,2024,2,0,0,,
14167,"Allen, Josh",DE,2023,WAIVER,,1000,,,,2024,2,0,0,,
15349,"Phillips, Jaelan",DE,2023,WAIVER,,1000,,,,2024,2,0,0,,
14171,"Burns, Brian",DE,2023,FAA,,5000,3,bid,IDP/K,2025,3,1,0,,
13684,"Hubbard, Sam",DE,2023,WAIVER,,1000,,,,2023,1,0,0,,
12215,"Gregory, Randy",DE,2023,FAA,,1000,7,bid,IDP/K,2023,1,0,0,,
16226,"Wilson, Tyree",DE,2023,ROOKIE,61,,2,adp,IDP/K,2025,3,1,0,,
13888,"Gardeck, Dennis",DE,2023,WAIVER,,1000,,,,2023,1,0,0,,
13284,"Hendrickson, Trey",DE,2023,FAA,,1000,7,bid,IDP/K,2023,1,0,0,,
14940,"Highsmith, Alex",DE,2023,FAA,,1000,7,bid,IDP/K,2023,1,0,0,,
13690,"Sweat, Josh",DE,2023,FAA,,1000,7,bid,IDP/K,2023,1,0,0,,
13294,"Ebukam, Samson",DE,2023,WAIVER,,1000,,,,2023,1,0,0,,
14947,"Wonnum, D.J.",DE,2023,WAIVER,,1000,,,,2023,1,0,0,,
14882,"Greenard, Jonathan",DE,2023,WAIVER,,1000,,,,2023,1,0,0,,
13245,"Reddick, Haason",DE,2023,FAA,,4000,9,adp,IDP/K,2023,1,0,0,,
13759,"Armstrong, Dorance",DE,2023,WAIVER,,1000,,,,2023,1,0,0,,
14148,"Sweat, Montez",DE,2023,WAIVER,,1000,,,,2023,1,0,0,,
13839,"Sieler, Zach",DE,2023,WAIVER,,3000,,,,2023,1,0,0,,
15345,"Paye, Kwity",DE,2023,WAIVER,,2000,,,,2023,1,0,0,,
13198,"Garrett, Myles",DE,2023,FAA,,13000,1,bid,IDP/K,2023,1,0,0,,
14249,"Van Ginkel, Andrew",DE,2023,WAIVER,,4000,,,,2023,1,0,0,,
16224,"Murphy, Myles",DE,2023,ROOKIE,47,,5,adp,IDP/K,2023,1,0,0,,
13704,"Nwosu, Uchenna",DE,2023,FAA,,1000,7,bid,IDP/K,2024,2,0,0,,
13214,"Watt, T.J.",DE,2023,FAA,,8000,2,bid,IDP/K,2025,3,1,0,,
12221,"Hunter, Danielle",DE,2023,FAA,,1000,7,bid,IDP/K,2023,1,0,0,,
15484,"Cooper, Jonathon",DE,2023,WAIVER,,4000,,,,2023,1,0,0,,
15352,"Collins, Zaven",DE,2023,FAA,,1000,7,bid,IDP/K,2023,1,0,0,,
16266,"Tuipulotu, Tuli",DE,2023,WAIVER,,1000,,,,2023,1,0,0,,
16228,"Smith, Nolan",DE,2023,ROOKIE,60,,4,adp,IDP/K,2025,3,1,0,,
13700,"Landry, Harold",DE,2023,FAA,,1000,10,adp,IDP/K,2023,1,0,0,,
15346,"Rousseau, Gregory",DE,2023,WAIVER,,1000,,,,2023,1,0,0,,
11721,"Mack, Khalil",DE,2023,FAA,,1000,7,bid,IDP/K,2023,1,0,0,,
14405,"Granderson, Carl",DE,2023,FAA,,1000,7,bid,IDP/K,2023,1,0,0,,
16276,"Young, Byron",DE,2023,WAIVER,,1000,,,,2023,1,0,0,,
15395,"Koonce, Malcolm",DE,2023,WAIVER,,3000,,,,2023,1,0,0,,
12075,"Barrett, Shaq",DE,2023,FAA,,1000,7,bid,IDP/K,2023,1,0,0,,
15853,"Mafe, Boye",DE,2023,WAIVER,,1000,,,,2023,1,0,0,,
12083,"Autry, Denico",DE,2023,WAIVER,,1000,,,,2023,1,0,0,,
13681,"Chubb, Bradley",DE,2024,FAA,,3000,5,bid,IDP/K,2024,1,0,0,,
15861,"Bonitto, Nik",DE,2024,WAIVER,,4000,,,,2024,1,0,0,,
16653,"Verse, Jared",DE,2024,ROOKIE,62,,3,adp,IDP/K,2025,2,1,0,,
16223,"Anderson, Will",DE,2024,WAIVER,,1000,,,,2025,2,1,1,None,2024
15806,"Thibodeaux, Kayvon",DE,2024,FAA,,1000,12,bid,IDP/K,2025,2,1,0,,
12691,"Ogbah, Emmanuel",DE,2024,WAIVER,,1000,,,,2024,1,0,0,,
14888,"Chaisson, K'Lavon",DE,2024,WAIVER,,1000,,,,2024,1,0,0,,
14923,"Taylor, Darrell",DE,2024,WAIVER,,1000,,,,2024,1,0,0,,
10266,"Heyward, Cameron",DE,2024,WAIVER,,1000,,,,2024,1,0,0,,
13682,"Key, Arden",DE,2024,WAIVER,,1000,,,,2024,1,0,0,,
12686,"Bosa, Joey",DE,2024,FAA,,2000,7,bid,IDP/K,2024,1,0,0,,
13684,"Hubbard, Sam",DE,2024,WAIVER,,1000,,,,2024,1,0,0,,
13888,"Gardeck, Dennis",DE,2024,WAIVER,,1000,,,,2024,1,0,0,,
14153,"Allen, Zach",DE,2024,WAIVER,,1000,,,,2024,1,0,0,,
13284,"Hendrickson, Trey",DE,2024,FAA,,3000,5,bid,IDP/K,2024,1,0,0,,
15815,"Walker, Travon",DE,2024,WAIVER,,4000,,,,2025,2,1,0,,
14940,"Highsmith, Alex",DE,2024,FAA,,1000,12,bid,IDP/K,2024,1,0,0,,
15378,"Oweh, Odafe",DE,2024,FAA,,1000,12,bid,IDP/K,2024,1,0,0,,
16278,"Diaby, YaYa",DE,2024,WAIVER,,1000,,,,2024,1,0,0,,
14947,"Wonnum, D.J.",DE,2024,WAIVER,,1000,,,,2024,1,0,0,,
14882,"Greenard, Jonathan",DE,2024,FAA,,1000,12,bid,IDP/K,2024,1,0,0,,
14148,"Sweat, Montez",DE,2024,FAA,,2000,7,bid,IDP/K,2024,1,0,0,,
12225,"Williams, Leonard",DE,2024,WAIVER,,5000,,,,2024,1,0,0,,
16235,"Hall, Derick",DE,2024,WAIVER,,1000,,,,2024,1,0,0,,
15388,"Ossai, Joseph",DE,2024,WAIVER,,5000,,,,2024,1,0,0,,
16652,"Trice, Bralen",DE,2024,ROOKIE,70,,,rookie_slot,,2025,2,1,0,,
16651,"Latu, Laiatu",DE,2024,ROOKIE,60,,2,adp,IDP/K,2025,2,1,0,,
12217,"Fowler, Dante",DE,2024,WAIVER,,2000,,,,2024,1,0,0,,
14147,"Bosa, Nick",DE,2024,FAA,,5000,4,bid,IDP/K,2025,2,1,0,,
16303,"Herbig, Nick",DE,2024,WAIVER,,1000,,,,2024,1,0,0,,
13839,"Sieler, Zach",DE,2024,WAIVER,,1000,,,,2024,1,0,0,,
9051,"Campbell, Calais",DE,2024,WAIVER,,4000,,,,2024,1,0,0,,
15345,"Paye, Kwity",DE,2024,WAIVER,,2000,,,,2024,1,0,0,,
13198,"Garrett, Myles",DE,2024,FAA,,9000,1,bid,IDP/K,2025,2,1,0,,
14249,"Van Ginkel, Andrew",DE,2024,FAA,,2000,7,bid,IDP/K,2025,2,1,0,,
14225,"Crosby, Maxx",DE,2024,ERA,,6000,2,bid,IDP/K,2024,1,0,0,,
15915,"Barno, Amare",DE,2024,WAIVER,,1000,,,,2024,1,0,0,,
15398,"Jones, Patrick",DE,2024,WAIVER,,1000,,,,2024,1,0,0,,
12221,"Hunter, Danielle",DE,2024,ERA,,6000,2,bid,IDP/K,2025,2,1,0,,
15484,"Cooper, Jonathon",DE,2024,FAA,,1000,12,bid,IDP/K,2025,2,1,0,,
16266,"Tuipulotu, Tuli",DE,2024,WAIVER,,4000,,,,2025,2,1,0,,
13700,"Landry, Harold",DE,2024,FAA,,1000,12,bid,IDP/K,2025,2,1,0,,
16650,"Turner, Dallas",DE,2024,ROOKIE,61,,1,adp,IDP/K,2025,2,1,0,,
15346,"Rousseau, Gregory",DE,2024,WAIVER,,3000,,,,2024,1,0,0,,
11721,"Mack, Khalil",DE,2024,FAA,,2000,7,bid,IDP/K,2024,1,0,0,,
16655,"Robinson, Chop",DE,2024,ROOKIE,37,,4,adp,IDP/K,2025,2,1,0,,
14405,"Granderson, Carl",DE,2024,WAIVER,,1000,,,,2024,1,0,0,,
16276,"Young, Byron",DE,2024,WAIVER,,1000,,,,2024,1,0,0,,
11706,"Clowney, Jadeveon",DE,2024,FAA,,2000,7,bid,IDP/K,2024,1,0,0,,
15855,"Paschal, Josh",DE,2024,WAIVER,,1000,,,,2024,1,0,0,,
15853,"Mafe, Boye",DE,2024,WAIVER,,1000,,,,2024,1,0,0,,
14894,"Jennings, Anfernee",DE,2024,WAIVER,,1000,,,,2024,1,0,0,,
15861,"Bonitto, Nik",DE,2025,FAA,,4000,2,bid,IDP/K,2025,1,1,0,,
14254,"Omenihu, Charles",DE,2025,WAIVER,,1000,,,,2025,1,1,0,,
15928,"Houston, James",DE,2025,WAIVER,,1000,,,,2025,1,1,0,,
15864,"Wright, Alex",DE,2025,WAIVER,,1000,,,,2025,1,1,0,,
14157,"Williams, Quinnen",DE,2025,WAIVER,,1000,,,,2025,1,1,0,,
17113,"Williams, Mykel",DE,2025,ROOKIE,52,,3,adp,IDP/K,2025,1,1,0,,
14888,"Chaisson, K'Lavon",DE,2025,WAIVER,,4000,,,,2025,1,1,0,,
11769,"Lawrence, Demarcus",DE,2025,FAA,,1000,7,bid,IDP/K,2025,1,1,0,,
10292,"Jordan, Cameron",DE,2025,WAIVER,,1000,,,,2025,1,1,0,,
13682,"Key, Arden",DE,2025,WAIVER,,1000,,,,2025,1,1,0,,
14167,"Hines-Allen, Josh",DE,2025,FAA,,2000,5,bid,IDP/K,2025,1,1,0,,
15809,"Johnson, Jermaine",DE,2025,WAIVER,,1000,,,,2025,1,1,0,,
16712,"Hunt, Jalyx",DE,2025,WAIVER,,4000,,,,2025,1,1,0,,
15349,"Phillips, Jaelan",DE,2025,FAA,,1000,7,bid,IDP/K,2025,1,1,0,,
12686,"Bosa, Joey",DE,2025,WAIVER,,2000,,,,2025,1,1,0,,
14153,"Allen, Zach",DE,2025,WAIVER,,1000,,,,2025,1,1,0,,
13284,"Hendrickson, Trey",DE,2025,FAA,,3000,3,bid,IDP/K,2025,1,1,0,,
17112,"Carter, Abdul",DE,2025,ROOKIE,33,,1,adp,IDP/K,2025,1,1,0,,
16278,"Diaby, YaYa",DE,2025,WAIVER,,2000,,,,2025,1,1,0,,
13690,"Sweat, Josh",DE,2025,WAIVER,,2000,,,,2025,1,1,0,,
17114,"Stewart, Shemar",DE,2025,ROOKIE,67,,6,adp,IDP/K,2025,1,1,0,,
14882,"Greenard, Jonathan",DE,2025,FAA,,2000,5,bid,IDP/K,2025,1,1,0,,
16699,"Kneeland, Marshawn",DE,2025,WAIVER,,1000,,,,2025,1,1,0,,
15808,"Karlaftis, George",DE,2025,ERA,,1000,7,bid,IDP/K,2025,1,1,0,,
14877,"Young, Chase",DE,2025,FAA,,1000,7,bid,IDP/K,2025,1,1,0,,
13759,"Armstrong, Dorance",DE,2025,WAIVER,,1000,,,,2025,1,1,0,,
17119,"Scourton, Nic",DE,2025,ROOKIE,66,,7,adp,IDP/K,2025,1,1,0,,
14148,"Sweat, Montez",DE,2025,WAIVER,,1000,,,,2025,1,1,0,,
17135,"Ezeiruaku, Donovan",DE,2025,ROOKIE,70,,8,adp,IDP/K,2025,1,1,0,,
15388,"Ossai, Joseph",DE,2025,WAIVER,,1000,,,,2025,1,1,0,,
16303,"Herbig, Nick",DE,2025,WAIVER,,2000,,,,2025,1,1,0,,
9051,"Campbell, Calais",DE,2025,WAIVER,,1000,,,,2025,1,1,0,,
15345,"Paye, Kwity",DE,2025,FAA,,1000,7,bid,IDP/K,2025,1,1,0,,
14225,"Crosby, Maxx",DE,2025,FAA,,10000,1,bid,IDP/K,2025,1,1,0,,
17120,"Green, Mike",DE,2025,ROOKIE,48,,5,adp,IDP/K,2025,1,1,0,,
15565,"Hoecht, Michael",DE,2025,WAIVER,,2000,,,,2025,1,1,0,,
17115,"Pearce, James",DE,2025,ROOKIE,65,,4,adp,IDP/K,2025,1,1,0,,
15346,"Rousseau, Gregory",DE,2025,FAA,,3000,3,bid,IDP/K,2025,1,1,0,,
11721,"Mack, Khalil",DE,2025,FAA,,1000,7,bid,IDP/K,2025,1,1,0,,
14405,"Granderson, Carl",DE,2025,WAIVER,,2000,,,,2025,1,1,0,,
16276,"Young, Byron",DE,2025,WAIVER,,1000,,,,2025,1,1,0,,
17122,"Walker, Jalon",DE,2025,ROOKIE,64,,2,adp,IDP/K,2025,1,1,0,,
16654,"Elliss, Jonah",DE,2025,WAIVER,,1000,,,,2025,1,1,0,,
15395,"Koonce, Malcolm",DE,2025,FAA,,1000,7,bid,IDP/K,2025,1,1,0,,
0526,"Falcons, Atlanta",DEF,2010,WAIVER,,1,,,,2010,1,0,0,,
0508,"Titans, Tennessee",DEF,2010,WAIVER,,3,,,,2010,1,0,0,,
0507,"Browns, Cleveland",DEF,2010,WAIVER,,1,,,,2010,1,0,0,,
0514,"Chargers, San Diego",DEF,2010,WAIVER,,5,,,,2010,1,0,0,,
0512,"Chiefs, Kansas City",DEF,2010,WAIVER,,10,,,,2010,1,0,0,,
0521,"Bears, Chicago",DEF,2010,WAIVER,,1,,,,2010,1,0,0,,
0531,"Ravens, Baltimore",DEF,2010,WAIVER,,4,,,,2010,1,0,0,,
0527,"Panthers, Carolina",DEF,2010,WAIVER,,1,,,,2010,1,0,0,,
0504,"Patriots, New England",DEF,2010,WAIVER,,4,,,,2010,1,0,0,,
8253,"Ngata, Haloti",DT,2011,WAIVER,,2000,,,,2011,1,0,0,,
9236,"Rubin, Ahtyba",DT,2011,WAIVER,,1000,,,,2011,1,0,0,,
10258,"Fairley, Nick",DT,2011,FAA,,1000,4,bid,IDP/K,2011,1,0,0,,
4896,"Seymour, Richard",DT,2011,FAA,,4000,2,bid,IDP/K,2011,1,0,0,,
9433,"Raji, B.J.",DT,2011,FAA,,1000,4,bid,IDP/K,2011,1,0,0,,
7665,"Jenkins, Cullen",DT,2011,WAIVER,,1000,,,,2011,1,0,0,,
6523,"Haynesworth, Albert",DT,2011,FAA,,2000,3,bid,IDP/K,2011,1,0,0,,
9815,"Suh, Ndamukong",DT,2011,FAA,,6000,1,bid,IDP/K,2011,1,0,0,,
8253,"Ngata, Haloti",DT,2012,FAA,,1000,1,bid,IDP/K,2013,2,0,0,,
10133,"Brent, Josh",DT,2012,FAA,,1000,1,bid,IDP/K,2012,1,0,0,,
10265,"Dareus, Marcell",DT,2012,FAA,,1000,1,bid,IDP/K,2013,2,0,0,,
7411,"Wilfork, Vince",DT,2012,FAA,,1000,1,bid,IDP/K,2012,1,0,0,,
9868,"Atkins, Geno",DT,2012,WAIVER,,4000,,,,2012,1,0,0,,
10762,"Cox, Fletcher",DT,2013,WAIVER,,1000,,,,2013,1,0,0,,
11274,"Hunt, Margus",DT,2013,ROOKIE,54,,,rookie_slot,,2017,5,0,0,,
11283,"Richardson, Sheldon",DT,2013,WAIVER,,1000,,,,2013,1,0,0,,
9868,"Atkins, Geno",DT,2013,FAA,,5000,1,bid,IDP/K,2014,2,0,0,,
8253,"Ngata, Haloti",DT,2014,WAIVER,,1000,,,,2014,1,0,0,,
10762,"Cox, Fletcher",DT,2014,WAIVER,,3000,,,,2014,1,0,0,,
11757,"Donald, Aaron",DT,2014,ROOKIE,44,,,rookie_slot,,2017,4,0,1,None,2017
11283,"Richardson, Sheldon",DT,2014,WAIVER,,2000,,,,2015,2,0,0,,
9819,"McCoy, Gerald",DT,2014,FAA,,1000,1,bid,IDP/K,2014,1,0,0,,
10762,"Cox, Fletcher",DT,2015,WAIVER,,1000,,,,2015,1,0,0,,
11710,"Easley, Dominique",DT,2015,FAA,,1000,2,bid,IDP/K,2015,1,0,0,,
10265,"Dareus, Marcell",DT,2015,FAA,,1000,2,bid,IDP/K,2015,1,0,0,,
9868,"Atkins, Geno",DT,2015,WAIVER,,1000,,,,2016,2,0,0,,
9819,"McCoy, Gerald",DT,2015,FAA,,1000,2,bid,IDP/K,2016,2,0,0,,
9815,"Suh, Ndamukong",DT,2015,FAA,,3000,1,bid,IDP/K,2017,3,0,0,,
10762,"Cox, Fletcher",DT,2016,FAA,,2000,1,bid,IDP/K,2016,1,0,0,,
11333,"Short, Kawann",DT,2016,FAA,,2000,1,bid,IDP/K,2017,2,0,0,,
12688,"Buckner, DeForest",DT,2016,WAIVER,,1000,,,,2016,1,0,0,,
9904,"Joseph, Linval",DT,2016,WAIVER,,1000,,,,2017,2,0,0,,
11283,"Richardson, Sheldon",DT,2016,WAIVER,,2000,,,,2017,2,0,0,,
11045,"Harrison, Damon",DT,2016,WAIVER,,1000,,,,2017,2,0,0,,
10762,"Cox, Fletcher",DT,2017,WAIVER,,3000,,,,2017,1,0,0,,
13041,"Ash, Richard",DT,2017,FAA,,1000,1,bid,IDP/K,2017,1,0,0,,
12741,"Jones, Chris",DT,2017,WAIVER,,1000,,,,2017,1,0,0,,
12688,"Buckner, DeForest",DT,2017,FAA,,1000,1,bid,IDP/K,2017,1,0,0,,
12696,"Nkemdiche, Robert",DT,2017,WAIVER,,1000,,,,2017,1,0,0,,
9868,"Atkins, Geno",DT,2017,FAA,,1000,1,bid,IDP/K,2017,1,0,0,,
9819,"McCoy, Gerald",DT,2017,WAIVER,,1000,,,,2017,1,0,0,,
12298,"Gunter, Rodney",DT,2018,WAIVER,,1000,,,,2018,1,0,0,,
10762,"Cox, Fletcher",DT,2018,WAIVER,,2000,,,,2018,1,0,0,,
11333,"Short, Kawann",DT,2018,WAIVER,,1000,,,,2018,1,0,0,,
13691,"Hurst, Maurice",DT,2018,ROOKIE,71,,,rookie_slot,,2018,1,0,0,,
12739,"Clark, Kenny",DT,2018,WAIVER,,1000,,,,2019,2,0,0,,
12698,"Reed, Jarran",DT,2018,WAIVER,,1000,,,,2018,1,0,0,,
12764,"Hargrave, Javon",DT,2018,WAIVER,,1000,,,,2018,1,0,0,,
12797,"Ioannidis, Matt",DT,2018,WAIVER,,3000,,,,2018,1,0,0,,
12741,"Jones, Chris",DT,2018,WAIVER,,1000,,,,2018,1,0,0,,
13692,"Vea, Vita",DT,2018,WAIVER,,1000,,,,2018,1,0,0,,
12688,"Buckner, DeForest",DT,2018,FAA,,1000,1,bid,IDP/K,2018,1,0,0,,
13723,"Payne, Da'Ron",DT,2018,ROOKIE,63,,,rookie_slot,,2019,2,0,0,,
11274,"Hunt, Margus",DT,2018,WAIVER,,4000,,,,2018,1,0,0,,
9904,"Joseph, Linval",DT,2018,WAIVER,,1000,,,,2018,1,0,0,,
11283,"Richardson, Sheldon",DT,2018,WAIVER,,1000,,,,2018,1,0,0,,
12696,"Nkemdiche, Robert",DT,2018,WAIVER,,1000,,,,2018,1,0,0,,
9868,"Atkins, Geno",DT,2018,WAIVER,,4000,,,,2018,1,0,0,,
10846,"Jackson, Malik",DT,2018,FAA,,1000,1,bid,IDP/K,2018,1,0,0,,
9819,"McCoy, Gerald",DT,2018,FAA,,1000,1,bid,IDP/K,2018,1,0,0,,
9815,"Suh, Ndamukong",DT,2018,FAA,,1000,1,bid,IDP/K,2018,1,0,0,,
13265,"Ogunjobi, Larry",DT,2018,WAIVER,,1000,,,,2018,1,0,0,,
11045,"Harrison, Damon",DT,2018,WAIVER,,4000,,,,2018,1,0,0,,
12229,"Phillips, Jordan",DT,2019,WAIVER,,1000,,,,2019,1,0,0,,
10762,"Cox, Fletcher",DT,2019,FAA,,1000,6,bid,IDP/K,2019,1,0,0,,
14162,"Wilkins, Christian",DT,2019,FAA,,2000,3,adp,IDP/K,2020,2,0,0,,
14163,"Simmons, Jeffery",DT,2019,WAIVER,,1000,,,,2019,1,0,0,,
12740,"Butler, Vernon",DT,2019,WAIVER,,1000,,,,2019,1,0,0,,
12764,"Hargrave, Javon",DT,2019,WAIVER,,1000,,,,2019,1,0,0,,
12305,"Jarrett, Grady",DT,2019,WAIVER,,4000,,,,2019,1,0,0,,
12797,"Ioannidis, Matt",DT,2019,WAIVER,,4000,,,,2020,2,0,0,,
12741,"Jones, Chris",DT,2019,FAA,,14000,2,bid,IDP/K,2019,1,0,0,,
11757,"Donald, Aaron",DT,2019,FAA,,20000,1,bid,IDP/K,2021,3,0,0,,
12688,"Buckner, DeForest",DT,2019,ERA,,9000,3,bid,IDP/K,2019,1,0,0,,
14158,"Oliver, Ed",DT,2019,ROOKIE,49,,1,adp,IDP/K,2021,3,0,0,,
11283,"Richardson, Sheldon",DT,2019,WAIVER,,3000,,,,2019,1,0,0,,
13208,"Allen, Jonathan",DT,2019,WAIVER,,1000,,,,2019,1,0,0,,
9868,"Atkins, Geno",DT,2019,FAA,,1000,6,bid,IDP/K,2019,1,0,0,,
9815,"Suh, Ndamukong",DT,2019,FAA,,1000,6,bid,IDP/K,2019,1,0,0,,
13265,"Ogunjobi, Larry",DT,2019,WAIVER,,1000,,,,2019,1,0,0,,
11045,"Harrison, Damon",DT,2019,WAIVER,,1000,,,,2019,1,0,0,,
14159,"Lawrence, Dexter",DT,2019,FAA,,4000,4,adp,IDP/K,2021,3,0,0,,
9919,"Peters, Corey",DT,2019,FAA,,1000,6,bid,IDP/K,2019,1,0,0,,
10762,"Cox, Fletcher",DT,2020,WAIVER,,1000,,,,2020,1,0,0,,
11793,"Jones, DaQuan",DT,2020,WAIVER,,1000,,,,2020,1,0,0,,
14163,"Simmons, Jeffery",DT,2020,WAIVER,,1000,,,,2020,1,0,0,,
12305,"Jarrett, Grady",DT,2020,WAIVER,,1000,,,,2020,1,0,0,,
12741,"Jones, Chris",DT,2020,FAA,,3000,1,bid,IDP/K,2020,1,0,0,,
12688,"Buckner, DeForest",DT,2020,FAA,,2000,2,bid,IDP/K,2020,1,0,0,,
14897,"Brown, Derrick",DT,2020,WAIVER,,1000,1,adp,IDP/K,2020,1,0,0,,
13723,"Payne, Da'Ron",DT,2020,WAIVER,,1000,,,,2020,1,0,0,,
14899,"Kinlaw, Javon",DT,2020,ROOKIE,70,,2,adp,IDP/K,2020,1,0,0,,
11283,"Richardson, Sheldon",DT,2020,WAIVER,,2000,,,,2020,1,0,0,,
12782,"Onyemata, David",DT,2020,WAIVER,,1000,,,,2020,1,0,0,,
13208,"Allen, Jonathan",DT,2020,FAA,,1000,3,bid,IDP/K,2020,1,0,0,,
9815,"Suh, Ndamukong",DT,2020,WAIVER,,1000,,,,2020,1,0,0,,
14157,"Williams, Quinnen",DT,2021,FAA,,2000,3,bid,IDP/K,2021,1,0,0,,
14162,"Wilkins, Christian",DT,2021,WAIVER,,1000,,,,2021,1,0,0,,
12952,"Pierce, Michael",DT,2021,WAIVER,,1000,,,,2021,1,0,0,,
14163,"Simmons, Jeffery",DT,2021,FAA,,3000,1,bid,IDP/K,2021,1,0,0,,
12739,"Clark, Kenny",DT,2021,WAIVER,,2000,,,,2021,1,0,0,,
13332,"Jones, D.J.",DT,2021,WAIVER,,3000,,,,2021,1,0,0,,
12764,"Hargrave, Javon",DT,2021,WAIVER,,3000,,,,2021,1,0,0,,
12305,"Jarrett, Grady",DT,2021,FAA,,1000,5,bid,IDP/K,2021,1,0,0,,
12700,"Johnson, Austin",DT,2021,WAIVER,,1000,,,,2021,1,0,0,,
13810,"Joseph-Day, Sebastian",DT,2021,WAIVER,,1000,,,,2021,1,0,0,,
12741,"Jones, Chris",DT,2021,FAA,,2000,3,bid,IDP/K,2021,1,0,0,,
12688,"Buckner, DeForest",DT,2021,FAA,,3000,1,bid,IDP/K,2021,1,0,0,,
13317,"Godchaux, Davon",DT,2021,WAIVER,,4000,,,,2021,1,0,0,,
15357,"Barmore, Christian",DT,2021,ROOKIE,68,,1,adp,IDP/K,2022,2,0,0,,
13208,"Allen, Jonathan",DT,2021,WAIVER,,1000,,,,2021,1,0,0,,
13265,"Ogunjobi, Larry",DT,2021,WAIVER,,1000,,,,2021,1,0,0,,
13298,"Stewart, Grover",DT,2022,WAIVER,,3000,,,,2022,1,0,0,,
10266,"Heyward, Cameron",DT,2022,FAA,,3000,2,bid,IDP/K,2022,1,0,0,,
14163,"Simmons, Jeffery",DT,2022,FAA,,1000,3,bid,IDP/K,2022,1,0,0,,
12739,"Clark, Kenny",DT,2022,WAIVER,,1000,,,,2022,1,0,0,,
15817,"Davis, Jordan",DT,2022,ROOKIE,63,,1,adp,IDP/K,2023,2,0,0,,
12764,"Hargrave, Javon",DT,2022,WAIVER,,3000,,,,2022,1,0,0,,
12305,"Jarrett, Grady",DT,2022,WAIVER,,1000,,,,2022,1,0,0,,
13748,"Jones, Justin",DT,2022,WAIVER,,1000,,,,2022,1,0,0,,
13810,"Joseph-Day, Sebastian",DT,2022,FAA,,1000,3,bid,IDP/K,2022,1,0,0,,
12741,"Jones, Chris",DT,2022,WAIVER,,1000,,,,2022,1,0,0,,
13692,"Vea, Vita",DT,2022,WAIVER,,1000,,,,2022,1,0,0,,
11757,"Donald, Aaron",DT,2022,FAA,,8000,1,bid,IDP/K,2022,1,0,0,,
12688,"Buckner, DeForest",DT,2022,FAA,,1000,3,bid,IDP/K,2022,1,0,0,,
14897,"Brown, Derrick",DT,2022,WAIVER,,1000,,,,2022,1,0,0,,
13723,"Payne, Da'Ron",DT,2022,WAIVER,,1000,,,,2022,1,0,0,,
14158,"Oliver, Ed",DT,2022,WAIVER,,4000,,,,2022,1,0,0,,
13208,"Allen, Jonathan",DT,2022,WAIVER,,1000,,,,2022,1,0,0,,
13742,"Hill, B.J.",DT,2022,WAIVER,,1000,,,,2022,1,0,0,,
14159,"Lawrence, Dexter",DT,2022,WAIVER,,1000,,,,2022,1,0,0,,
16233,"Carter, Jalen",DT,2023,ROOKIE,45,,1,adp,IDP/K,2025,3,1,0,,
14157,"Williams, Quinnen",DT,2023,FAA,,1000,3,bid,IDP/K,2023,1,0,0,,
14162,"Wilkins, Christian",DT,2023,FAA,,1000,3,bid,IDP/K,2025,3,1,0,,
10266,"Heyward, Cameron",DT,2023,FAA,,1000,3,bid,IDP/K,2023,1,0,0,,
16282,"Turner, Kobie",DT,2023,WAIVER,,1000,,,,2023,1,0,0,,
14163,"Simmons, Jeffery",DT,2023,WAIVER,,3000,,,,2023,1,0,0,,
12698,"Reed, Jarran",DT,2023,WAIVER,,1000,,,,2023,1,0,0,,
12764,"Hargrave, Javon",DT,2023,WAIVER,,1000,,,,2023,1,0,0,,
12741,"Jones, Chris",DT,2023,FAA,,2000,2,bid,IDP/K,2023,1,0,0,,
11757,"Donald, Aaron",DT,2023,FAA,,5000,1,bid,IDP/K,2023,1,0,0,,
12688,"Buckner, DeForest",DT,2023,FAA,,1000,3,bid,IDP/K,2023,1,0,0,,
14897,"Brown, Derrick",DT,2023,WAIVER,,2000,,,,2023,1,0,0,,
13723,"Payne, Da'Ron",DT,2023,FAA,,1000,3,bid,IDP/K,2023,1,0,0,,
15357,"Barmore, Christian",DT,2023,WAIVER,,2000,,,,2023,1,0,0,,
14158,"Oliver, Ed",DT,2023,WAIVER,,1000,,,,2023,1,0,0,,
13208,"Allen, Jonathan",DT,2023,FAA,,1000,3,bid,IDP/K,2023,1,0,0,,
14900,"Madubuike, Nnamdi",DT,2024,FAA,,1000,1,bid,IDP/K,2024,1,0,0,,
14157,"Williams, Quinnen",DT,2024,FAA,,1000,1,bid,IDP/K,2024,1,0,0,,
13298,"Stewart, Grover",DT,2024,WAIVER,,3000,,,,2024,1,0,0,,
16282,"Turner, Kobie",DT,2024,WAIVER,,4000,,,,2024,1,0,0,,
14163,"Simmons, Jeffery",DT,2024,FAA,,1000,1,bid,IDP/K,2024,1,0,0,,
16689,"Murphy, Byron",DT,2024,ROOKIE,72,,1,adp,IDP/K,2025,2,1,0,,
12741,"Jones, Chris",DT,2024,WAIVER,,1000,,,,2024,1,0,0,,
13692,"Vea, Vita",DT,2024,WAIVER,,1000,,,,2024,1,0,0,,
12688,"Buckner, DeForest",DT,2024,FAA,,1000,1,bid,IDP/K,2024,1,0,0,,
16693,"Sweat, T'Vondre",DT,2024,ROOKIE,68,,,rookie_slot,,2025,2,1,0,,
14897,"Brown, Derrick",DT,2024,FAA,,1000,1,bid,IDP/K,2024,1,0,0,,
15357,"Barmore, Christian",DT,2024,WAIVER,,2000,,,,2024,1,0,0,,
12754,"Collins, Maliek",DT,2024,WAIVER,,1000,,,,2024,1,0,0,,
16254,"Kancey, Calijah",DT,2024,WAIVER,,1000,,,,2024,1,0,0,,
12697,"Robinson, A'Shawn",DT,2024,WAIVER,,2000,,,,2024,1,0,0,,
15812,"Hall, Logan",DT,2024,WAIVER,,1000,,,,2024,1,0,0,,
15819,"Wyatt, Devonte",DT,2024,WAIVER,,1000,,,,2024,1,0,0,,
16262,"White, Keion",DT,2024,WAIVER,,4000,,,,2025,2,1,0,,
14159,"Lawrence, Dexter",DT,2024,WAIVER,,2000,,,,2024,1,0,0,,
16927,"Redmond, Jalen",DT,2025,WAIVER,,1000,,,,2025,1,1,0,,
17136,"Nolen, Walter",DT,2025,WAIVER,,1000,3,adp,IDP/K,2025,1,1,0,,
16282,"Turner, Kobie",DT,2025,WAIVER,,4000,,,,2025,1,1,0,,
14163,"Simmons, Jeffery",DT,2025,FAA,,1000,1,bid,IDP/K,2025,1,1,0,,
15817,"Davis, Jordan",DT,2025,WAIVER,,1000,,,,2025,1,1,0,,
12225,"Williams, Leonard",DT,2025,FAA,,1000,1,bid,IDP/K,2025,1,1,0,,
16787,"Laulu, Jonah",DT,2025,WAIVER,,2000,,,,2025,1,1,0,,
12688,"Buckner, DeForest",DT,2025,WAIVER,,1000,,,,2025,1,1,0,,
14897,"Brown, Derrick",DT,2025,WAIVER,,1000,,,,2025,1,1,0,,
16694,"Fiske, Braden",DT,2025,FAA,,1000,1,bid,IDP/K,2025,1,1,0,,
16663,"Eboigbe, Justin",DT,2025,WAIVER,,1000,,,,2025,1,1,0,,
17121,"Graham, Mason",DT,2025,ROOKIE,71,,1,adp,IDP/K,2025,1,1,0,,
14158,"Oliver, Ed",DT,2025,WAIVER,,4000,,,,2025,1,1,0,,
12754,"Collins, Maliek",DT,2025,WAIVER,,1000,,,,2025,1,1,0,,
15391,"Williams, Milton",DT,2025,WAIVER,,1000,,,,2025,1,1,0,,
17174,"Walker, Deone",DT,2025,WAIVER,,1000,,,,2025,1,1,0,,
10339,"Foster, Mason",LB,2011,WAIVER,,1000,,,,2011,1,0,0,,
9464,"Matthews, Clay",LB,2011,FAA,,5000,6,bid,IDP/K,2011,1,0,0,,
8689,"Woodley, LaMarr",LB,2011,WAIVER,,1000,,,,2011,1,0,0,,
5658,"Urlacher, Brian",LB,2011,FAA,,3000,14,bid,IDP/K,2011,1,0,0,,
9083,"Lofton, Curtis",LB,2011,FAA,,1000,20,bid,IDP/K,2011,1,0,0,,
8675,"Willis, Patrick",LB,2011,FAA,,11000,1,bid,IDP/K,2011,1,0,0,,
9494,"Barwin, Connor",LB,2011,WAIVER,,1000,,,,2011,1,0,0,,
9866,"Lee, Sean",LB,2011,WAIVER,,2000,,,,2011,1,0,0,,
7407,"Williams, DJ",LB,2011,FAA,,4000,12,bid,IDP/K,2011,1,0,0,,
3549,"Fletcher, London",LB,2011,FAA,,3000,14,bid,IDP/K,2011,1,0,0,,
10267,"Miller, Von",LB,2011,FAA,,3000,14,bid,IDP/K,2011,1,0,0,,
7827,"Johnson, Derrick",LB,2011,FAA,,1000,20,bid,IDP/K,2011,1,0,0,,
9517,"Levy, DeAndre",LB,2011,WAIVER,,1000,,,,2011,1,0,0,,
7231,"Harrison, James",LB,2011,FAA,,1000,20,bid,IDP/K,2011,1,0,0,,
8697,"Harris, David",LB,2011,FAA,,1000,20,bid,IDP/K,2011,1,0,0,,
8684,"Timmons, Lawrence",LB,2011,FAA,,5000,6,bid,IDP/K,2011,1,0,0,,
8242,"Williams, Mario",LB,2011,FAA,,1000,20,bid,IDP/K,2011,1,0,0,,
6957,"Barnett, Nick",LB,2011,WAIVER,,1000,,,,2011,1,0,0,,
9434,"Maualuga, Rey",LB,2011,FAA,,1000,20,bid,IDP/K,2011,1,0,0,,
6996,"Briggs, Lance",LB,2011,WAIVER,,1000,,,,2011,1,0,0,,
8274,"Ryans, DeMeco",LB,2011,FAA,,6000,3,bid,IDP/K,2011,1,0,0,,
8669,"Posluszny, Paul",LB,2011,FAA,,6000,3,bid,IDP/K,2011,1,0,0,,
8261,"Hali, Tamba",LB,2011,FAA,,2000,17,bid,IDP/K,2011,1,0,0,,
8864,"Bishop, Desmond",LB,2011,FAA,,5000,6,bid,IDP/K,2011,1,0,0,,
9821,"McClain, Rolando",LB,2011,FAA,,1000,20,bid,IDP/K,2011,1,0,0,,
8275,"Jackson, D'Qwell",LB,2011,WAIVER,,1000,,,,2011,1,0,0,,
8715,"Beason, Jon",LB,2011,FAA,,4000,12,bid,IDP/K,2011,1,0,0,,
7972,"Boley, Michael",LB,2011,WAIVER,,1000,,,,2011,1,0,0,,
2651,"Lewis, Ray",LB,2011,FAA,,5000,6,bid,IDP/K,2011,1,0,0,,
8246,"Hawk, A.J.",LB,2011,FAA,,1000,20,bid,IDP/K,2011,1,0,0,,
7823,"Ware, Demarcus",LB,2011,FAA,,5000,6,bid,IDP/K,2011,1,0,0,,
7235,"Cooper, Stephen",LB,2011,FAA,,1000,20,bid,IDP/K,2011,1,0,0,,
9895,"Angerer, Pat",LB,2011,WAIVER,,1000,,,,2011,1,0,0,,
9916,"Butler, Donald",LB,2011,WAIVER,,1000,,,,2011,1,0,0,,
9330,"Woodyard, Wesley",LB,2011,WAIVER,,1000,,,,2011,1,0,0,,
9439,"Laurinaitis, James",LB,2011,FAA,,6000,3,bid,IDP/K,2011,1,0,0,,
9425,"Wake, Cameron",LB,2011,FAA,,2000,17,bid,IDP/K,2011,1,0,0,,
9086,"Mayo, Jerod",LB,2011,FAA,,10000,2,bid,IDP/K,2011,1,0,0,,
8258,"Greenway, Chad",LB,2011,FAA,,2000,17,bid,IDP/K,2011,1,0,0,,
9835,"Weatherspoon, Sean",LB,2011,WAIVER,,2000,,,,2011,1,0,0,,
8357,"Tulloch, Stephen",LB,2011,FAA,,5000,6,bid,IDP/K,2011,1,0,0,,
7402,"Vilma, Jonathan",LB,2011,FAA,,1000,20,bid,IDP/K,2011,1,0,0,,
9840,"Bowman, Navorro",LB,2011,WAIVER,,1000,,,,2011,1,0,0,,
10339,"Foster, Mason",LB,2012,WAIVER,,2000,,,,2012,1,0,0,,
9464,"Matthews, Clay",LB,2012,FAA,,3000,12,bid,IDP/K,2013,2,0,0,,
10350,"Wright, K.J.",LB,2012,WAIVER,,1000,,,,2013,2,0,0,,
3300,"Brooking, Keith",LB,2012,FAA,,1000,20,bid,IDP/K,2012,1,0,0,,
8689,"Woodley, LaMarr",LB,2012,FAA,,2000,16,bid,IDP/K,2012,1,0,0,,
5658,"Urlacher, Brian",LB,2012,WAIVER,,3000,,,,2012,1,0,0,,
9083,"Lofton, Curtis",LB,2012,WAIVER,,1000,,,,2012,1,0,0,,
9494,"Barwin, Connor",LB,2012,FAA,,1000,20,bid,IDP/K,2013,2,0,0,,
10782,"Barron, Mark",LB,2012,ROOKIE,14,,,rookie_slot,,2013,2,0,0,,
9435,"Orakpo, Brian",LB,2012,FAA,,2000,16,bid,IDP/K,2012,1,0,0,,
9866,"Lee, Sean",LB,2012,FAA,,4000,4,bid,IDP/K,2012,1,0,0,,
10267,"Miller, Von",LB,2012,FAA,,5000,1,bid,IDP/K,2013,2,0,0,,
9850,"Washington, Daryl",LB,2012,FAA,,5000,1,bid,IDP/K,2012,1,0,0,,
7231,"Harrison, James",LB,2012,WAIVER,,3000,,,,2012,1,0,0,,
8697,"Harris, David",LB,2012,WAIVER,,1000,,,,2012,1,0,0,,
8684,"Timmons, Lawrence",LB,2012,WAIVER,,1000,,,,2012,1,0,0,,
6957,"Barnett, Nick",LB,2012,WAIVER,,2000,,,,2012,1,0,0,,
6996,"Briggs, Lance",LB,2012,FAA,,2000,16,bid,IDP/K,2012,1,0,0,,
8274,"Ryans, DeMeco",LB,2012,FAA,,1000,20,bid,IDP/K,2012,1,0,0,,
9446,"Cushing, Brian",LB,2012,FAA,,4000,4,bid,IDP/K,2012,1,0,0,,
8261,"Hali, Tamba",LB,2012,WAIVER,,1000,,,,2012,1,0,0,,
10768,"David, Lavonte",LB,2012,ROOKIE,28,,,rookie_slot,,2015,4,0,0,,
7423,"Dansby, Karlos",LB,2012,FAA,,2000,16,bid,IDP/K,2012,1,0,0,,
9821,"McClain, Rolando",LB,2012,FAA,,1000,20,bid,IDP/K,2012,1,0,0,,
8715,"Beason, Jon",LB,2012,FAA,,4000,4,bid,IDP/K,2012,1,0,0,,
7972,"Boley, Michael",LB,2012,WAIVER,,4000,,,,2012,1,0,0,,
2651,"Lewis, Ray",LB,2012,FAA,,3000,12,bid,IDP/K,2012,1,0,0,,
10770,"Brown, Zach",LB,2012,WAIVER,,1000,,,,2012,1,0,0,,
8246,"Hawk, A.J.",LB,2012,FAA,,1000,20,bid,IDP/K,2012,1,0,0,,
9895,"Angerer, Pat",LB,2012,FAA,,4000,4,bid,IDP/K,2012,1,0,0,,
9916,"Butler, Donald",LB,2012,FAA,,3000,12,bid,IDP/K,2012,1,0,0,,
9330,"Woodyard, Wesley",LB,2012,WAIVER,,1000,,,,2012,1,0,0,,
10358,"McCarthy, Colin",LB,2012,FAA,,4000,4,bid,IDP/K,2012,1,0,0,,
9086,"Mayo, Jerod",LB,2012,FAA,,3000,12,bid,IDP/K,2014,3,0,0,,
10774,"Hightower, Dont'a",LB,2012,ROOKIE,34,,,rookie_slot,,2012,1,0,0,,
9835,"Weatherspoon, Sean",LB,2012,FAA,,4000,4,bid,IDP/K,2012,1,0,0,,
10773,"Kuechly, Luke",LB,2012,ROOKIE,12,,,rookie_slot,,2014,3,0,0,,
10753,"Jones, Chandler",LB,2012,ROOKIE,45,,,rookie_slot,,2013,2,0,0,,
10274,"Smith, Aldon",LB,2012,FAA,,5000,1,bid,IDP/K,2014,3,0,0,,
8357,"Tulloch, Stephen",LB,2012,FAA,,1000,20,bid,IDP/K,2013,2,0,0,,
8329,"Anderson, James",LB,2012,FAA,,4000,4,bid,IDP/K,2012,1,0,0,,
10775,"Wagner, Bobby",LB,2012,WAIVER,,3000,,,,2012,1,0,0,,
9840,"Bowman, Navorro",LB,2012,FAA,,4000,4,bid,IDP/K,2012,1,0,0,,
10339,"Foster, Mason",LB,2013,WAIVER,,1000,,,,2017,5,0,0,,
9083,"Lofton, Curtis",LB,2013,FAA,,2000,13,bid,IDP/K,2013,1,0,0,,
8675,"Willis, Patrick",LB,2013,FAA,,2000,13,bid,IDP/K,2013,1,0,0,,
10879,"Trevathan, Danny",LB,2013,WAIVER,,1000,,,,2013,1,0,0,,
6636,"Foote, Larry",LB,2013,FAA,,1000,17,bid,IDP/K,2013,1,0,0,,
9866,"Lee, Sean",LB,2013,FAA,,4000,6,bid,IDP/K,2015,3,0,0,,
3549,"Fletcher, London",LB,2013,WAIVER,,1000,,,,2013,1,0,0,,
7827,"Johnson, Derrick",LB,2013,FAA,,5000,3,bid,IDP/K,2013,1,0,0,,
9517,"Levy, DeAndre",LB,2013,WAIVER,,2000,,,,2013,1,0,0,,
8697,"Harris, David",LB,2013,WAIVER,,1000,,,,2013,1,0,0,,
8684,"Timmons, Lawrence",LB,2013,FAA,,3000,9,bid,IDP/K,2013,1,0,0,,
11308,"Alonso, Kiko",LB,2013,ROOKIE,58,,,rookie_slot,,2014,2,0,0,,
6996,"Briggs, Lance",LB,2013,WAIVER,,1000,,,,2013,1,0,0,,
8274,"Ryans, DeMeco",LB,2013,FAA,,3000,9,bid,IDP/K,2013,1,0,0,,
9446,"Cushing, Brian",LB,2013,FAA,,3000,9,bid,IDP/K,2013,1,0,0,,
8669,"Posluszny, Paul",LB,2013,FAA,,5000,3,bid,IDP/K,2013,1,0,0,,
8261,"Hali, Tamba",LB,2013,WAIVER,,1000,,,,2013,1,0,0,,
7429,"Smith, Daryl",LB,2013,FAA,,2000,13,bid,IDP/K,2013,1,0,0,,
11299,"Bostic, Jon",LB,2013,ROOKIE,60,,,rookie_slot,,2016,4,0,0,,
9929,"Riley, Perry",LB,2013,FAA,,1000,17,bid,IDP/K,2013,1,0,0,,
11293,"Ogletree, Alec",LB,2013,ROOKIE,51,,,rookie_slot,,2017,5,0,1,None,2017
8275,"Jackson, D'Qwell",LB,2013,FAA,,3000,9,bid,IDP/K,2013,1,0,0,,
9466,"Ellerbe, Dannell",LB,2013,FAA,,1000,17,bid,IDP/K,2013,1,0,0,,
9844,"Spikes, Brandon",LB,2013,FAA,,1000,17,bid,IDP/K,2013,1,0,0,,
10770,"Brown, Zach",LB,2013,WAIVER,,2000,,,,2016,4,0,0,,
8246,"Hawk, A.J.",LB,2013,FAA,,1000,17,bid,IDP/K,2013,1,0,0,,
9325,"Dunbar, Jo-Lonn",LB,2013,FAA,,1000,17,bid,IDP/K,2013,1,0,0,,
10982,"Freeman, Jerrell",LB,2013,FAA,,2000,13,bid,IDP/K,2013,1,0,0,,
10772,"Burfict, Vontaze",LB,2013,FAA,,1000,17,bid,IDP/K,2015,3,0,0,,
9648,"Jones, Brad",LB,2013,FAA,,1000,17,bid,IDP/K,2013,1,0,0,,
9916,"Butler, Donald",LB,2013,FAA,,1000,17,bid,IDP/K,2013,1,0,0,,
9330,"Woodyard, Wesley",LB,2013,FAA,,4000,6,bid,IDP/K,2013,1,0,0,,
10774,"Hightower, Dont'a",LB,2013,WAIVER,,1000,,,,2013,1,0,0,,
8258,"Greenway, Chad",LB,2013,FAA,,6000,1,bid,IDP/K,2013,1,0,0,,
10807,"Kendricks, Mychal",LB,2013,FAA,,1000,17,bid,IDP/K,2013,1,0,0,,
8367,"Dumervil, Elvis",LB,2013,FAA,,4000,6,bid,IDP/K,2013,1,0,0,,
9727,"Allen, Russell",LB,2013,FAA,,1000,17,bid,IDP/K,2013,1,0,0,,
10775,"Wagner, Bobby",LB,2013,FAA,,5000,3,bid,IDP/K,2013,1,0,0,,
9840,"Bowman, Navorro",LB,2013,FAA,,6000,1,bid,IDP/K,2014,2,0,0,,
9464,"Matthews, Clay",LB,2014,WAIVER,,3000,,,,2014,1,0,0,,
10350,"Wright, K.J.",LB,2014,FAA,,1000,19,bid,IDP/K,2014,1,0,0,,
9083,"Lofton, Curtis",LB,2014,FAA,,2000,10,bid,IDP/K,2014,1,0,0,,
10827,"Bradham, Nigel",LB,2014,WAIVER,,2000,,,,2014,1,0,0,,
9494,"Barwin, Connor",LB,2014,WAIVER,,1000,,,,2014,1,0,0,,
11457,"Worrilow, Paul",LB,2014,FAA,,4000,4,bid,IDP/K,2014,1,0,0,,
11349,"Collins, Jamie",LB,2014,FAA,,2000,10,bid,IDP/K,2016,3,0,0,,
10879,"Trevathan, Danny",LB,2014,FAA,,3000,7,bid,IDP/K,2014,1,0,0,,
11830,"Kennard, Devon",LB,2014,WAIVER,,4000,,,,2018,5,0,0,,
10267,"Miller, Von",LB,2014,FAA,,5000,3,bid,IDP/K,2014,1,0,0,,
11720,"Barr, Anthony",LB,2014,FAA,,1000,19,bid,IDP/K,2014,1,0,0,,
7827,"Johnson, Derrick",LB,2014,FAA,,3000,7,bid,IDP/K,2014,1,0,0,,
9517,"Levy, DeAndre",LB,2014,WAIVER,,2000,,,,2014,1,0,0,,
8697,"Harris, David",LB,2014,WAIVER,,1000,,,,2014,1,0,0,,
8684,"Timmons, Lawrence",LB,2014,WAIVER,,1000,,,,2014,1,0,0,,
11775,"Brown, Preston",LB,2014,WAIVER,,1000,,,,2014,1,0,0,,
11728,"Mosley, C.J.",LB,2014,ROOKIE,36,,,rookie_slot,,2016,3,0,0,,
11816,"Williamson, Avery",LB,2014,WAIVER,,1000,,,,2015,2,0,0,,
8274,"Ryans, DeMeco",LB,2014,FAA,,1000,19,bid,IDP/K,2014,1,0,0,,
9446,"Cushing, Brian",LB,2014,FAA,,2000,10,bid,IDP/K,2014,1,0,0,,
8669,"Posluszny, Paul",LB,2014,FAA,,7000,1,bid,IDP/K,2014,1,0,0,,
8261,"Hali, Tamba",LB,2014,FAA,,2000,10,bid,IDP/K,2014,1,0,0,,
7429,"Smith, Daryl",LB,2014,FAA,,1000,19,bid,IDP/K,2014,1,0,0,,
7423,"Dansby, Karlos",LB,2014,FAA,,4000,4,bid,IDP/K,2014,1,0,0,,
10850,"Marshall, Brandon",LB,2014,WAIVER,,1000,,,,2014,1,0,0,,
11772,"Kirksey, Christian",LB,2014,FAA,,4000,4,bid,IDP/K,2015,2,0,0,,
9929,"Riley, Perry",LB,2014,FAA,,3000,7,bid,IDP/K,2014,1,0,0,,
8275,"Jackson, D'Qwell",LB,2014,FAA,,1000,19,bid,IDP/K,2014,1,0,0,,
10816,"Davis, Demario",LB,2014,WAIVER,,1000,,,,2014,1,0,0,,
9025,"Roach, Nick",LB,2014,FAA,,2000,10,bid,IDP/K,2014,1,0,0,,
11813,"Smith, Telvin",LB,2014,ROOKIE,58,,,rookie_slot,,2016,3,0,0,,
10982,"Freeman, Jerrell",LB,2014,FAA,,2000,10,bid,IDP/K,2014,1,0,0,,
7826,"Davis, Thomas",LB,2014,FAA,,1000,19,bid,IDP/K,2014,1,0,0,,
9916,"Butler, Donald",LB,2014,WAIVER,,1000,,,,2014,1,0,0,,
9330,"Woodyard, Wesley",LB,2014,FAA,,2000,10,bid,IDP/K,2014,1,0,0,,
9439,"Laurinaitis, James",LB,2014,FAA,,6000,2,bid,IDP/K,2014,1,0,0,,
6938,"Suggs, Terrell",LB,2014,FAA,,1000,19,bid,IDP/K,2016,3,0,0,,
10774,"Hightower, Dont'a",LB,2014,WAIVER,,2000,,,,2014,1,0,0,,
8258,"Greenway, Chad",LB,2014,FAA,,2000,10,bid,IDP/K,2014,1,0,0,,
11721,"Mack, Khalil",LB,2014,ROOKIE,32,,,rookie_slot,,2014,1,0,0,,
10807,"Kendricks, Mychal",LB,2014,WAIVER,,2000,,,,2016,3,0,0,,
10106,"Galette, Junior",LB,2014,FAA,,1000,19,bid,IDP/K,2014,1,0,0,,
8357,"Tulloch, Stephen",LB,2014,FAA,,1000,19,bid,IDP/K,2014,1,0,0,,
10775,"Wagner, Bobby",LB,2014,FAA,,2000,10,bid,IDP/K,2015,2,0,0,,
9464,"Matthews, Clay",LB,2015,FAA,,1000,14,bid,IDP/K,2018,4,0,0,,
10350,"Wright, K.J.",LB,2015,FAA,,1000,14,bid,IDP/K,2015,1,0,0,,
9083,"Lofton, Curtis",LB,2015,FAA,,1000,14,bid,IDP/K,2015,1,0,0,,
10827,"Bradham, Nigel",LB,2015,FAA,,1000,14,bid,IDP/K,2015,1,0,0,,
11795,"Hitchens, Anthony",LB,2015,WAIVER,,1000,,,,2017,3,0,0,,
9494,"Barwin, Connor",LB,2015,FAA,,1000,14,bid,IDP/K,2016,2,0,0,,
11457,"Worrilow, Paul",LB,2015,FAA,,4000,4,bid,IDP/K,2015,1,0,0,,
10782,"Barron, Mark",LB,2015,WAIVER,,1000,,,,2015,1,0,0,,
11305,"Jenkins, Jelani",LB,2015,FAA,,2000,12,bid,IDP/K,2015,1,0,0,,
10879,"Trevathan, Danny",LB,2015,WAIVER,,4000,,,,2015,1,0,0,,
12234,"Dupree, Bud",LB,2015,FAA,,1000,14,bid,IDP/K,2017,3,0,0,,
10267,"Miller, Von",LB,2015,FAA,,4000,4,bid,IDP/K,2017,3,0,0,,
11720,"Barr, Anthony",LB,2015,WAIVER,,1000,,,,2015,1,0,0,,
7827,"Johnson, Derrick",LB,2015,FAA,,2000,12,bid,IDP/K,2015,1,0,0,,
12272,"McKinney, Benardrick",LB,2015,FAA,,1000,14,bid,IDP/K,2015,1,0,0,,
12287,"Hicks, Jordan",LB,2015,WAIVER,,2000,,,,2015,1,0,0,,
9517,"Levy, DeAndre",LB,2015,FAA,,9000,2,bid,IDP/K,2015,1,0,0,,
8697,"Harris, David",LB,2015,FAA,,1000,14,bid,IDP/K,2015,1,0,0,,
8684,"Timmons, Lawrence",LB,2015,FAA,,3000,10,bid,IDP/K,2015,1,0,0,,
11775,"Brown, Preston",LB,2015,WAIVER,,4000,,,,2015,1,0,0,,
11308,"Alonso, Kiko",LB,2015,FAA,,4000,4,bid,IDP/K,2015,1,0,0,,
12239,"Kendricks, Eric",LB,2015,ROOKIE,40,,,rookie_slot,,2016,2,0,0,,
10769,"Robinson, Keenan",LB,2015,FAA,,1000,14,bid,IDP/K,2015,1,0,0,,
12233,"Alexander, Kwon",LB,2015,WAIVER,,1000,,,,2015,1,0,0,,
11353,"Moore, Sio",LB,2015,FAA,,1000,14,bid,IDP/K,2015,1,0,0,,
7423,"Dansby, Karlos",LB,2015,FAA,,1000,14,bid,IDP/K,2015,1,0,0,,
10850,"Marshall, Brandon",LB,2015,FAA,,1000,14,bid,IDP/K,2016,2,0,0,,
8275,"Jackson, D'Qwell",LB,2015,FAA,,4000,4,bid,IDP/K,2015,1,0,0,,
10816,"Davis, Demario",LB,2015,FAA,,3000,10,bid,IDP/K,2015,1,0,0,,
7823,"Ware, Demarcus",LB,2015,WAIVER,,2000,,,,2015,1,0,0,,
9330,"Woodyard, Wesley",LB,2015,WAIVER,,2000,,,,2016,2,0,0,,
10280,"Kerrigan, Ryan",LB,2015,FAA,,4000,4,bid,IDP/K,2016,2,0,0,,
9439,"Laurinaitis, James",LB,2015,WAIVER,,3000,,,,2015,1,0,0,,
9086,"Mayo, Jerod",LB,2015,FAA,,4000,4,bid,IDP/K,2015,1,0,0,,
10774,"Hightower, Dont'a",LB,2015,FAA,,1000,14,bid,IDP/K,2015,1,0,0,,
10402,"McPhee, Pernell",LB,2015,FAA,,1000,14,bid,IDP/K,2015,1,0,0,,
11721,"Mack, Khalil",LB,2015,WAIVER,,1000,,,,2020,6,0,4,2|None|2|None,2017|2018|2019|2020
10773,"Kuechly, Luke",LB,2015,FAA,,12000,1,bid,IDP/K,2017,3,0,0,,
8357,"Tulloch, Stephen",LB,2015,FAA,,1000,14,bid,IDP/K,2015,1,0,0,,
9840,"Bowman, Navorro",LB,2015,FAA,,8000,3,bid,IDP/K,2016,2,0,0,,
12306,"Heeney, Ben",LB,2016,FAA,,2000,10,bid,IDP/K,2016,1,0,0,,
10350,"Wright, K.J.",LB,2016,FAA,,1000,16,bid,IDP/K,2016,1,0,0,,
10749,"Ingram, Melvin",LB,2016,FAA,,1000,16,bid,IDP/K,2016,1,0,0,,
12831,"Roberts, Elandon",LB,2016,WAIVER,,1000,,,,2022,7,0,0,,
10827,"Bradham, Nigel",LB,2016,WAIVER,,2000,,,,2016,1,0,0,,
11457,"Worrilow, Paul",LB,2016,FAA,,1000,16,bid,IDP/K,2016,1,0,0,,
10782,"Barron, Mark",LB,2016,FAA,,3000,8,bid,IDP/K,2016,1,0,0,,
10879,"Trevathan, Danny",LB,2016,FAA,,3000,8,bid,IDP/K,2016,1,0,0,,
9866,"Lee, Sean",LB,2016,FAA,,2000,10,bid,IDP/K,2016,1,0,0,,
12238,"Perryman, Denzel",LB,2016,FAA,,2000,10,bid,IDP/K,2016,1,0,0,,
12701,"Smith, Jaylon",LB,2016,ROOKIE,60,,,rookie_slot,,2018,3,0,0,,
11720,"Barr, Anthony",LB,2016,FAA,,1000,16,bid,IDP/K,2016,1,0,0,,
7827,"Johnson, Derrick",LB,2016,FAA,,4000,4,bid,IDP/K,2016,1,0,0,,
12272,"McKinney, Benardrick",LB,2016,WAIVER,,4000,,,,2016,1,0,0,,
12287,"Hicks, Jordan",LB,2016,WAIVER,,2000,,,,2017,2,0,0,,
9517,"Levy, DeAndre",LB,2016,FAA,,5000,2,bid,IDP/K,2016,1,0,0,,
8684,"Timmons, Lawrence",LB,2016,FAA,,1000,16,bid,IDP/K,2016,1,0,0,,
11775,"Brown, Preston",LB,2016,WAIVER,,1000,,,,2016,1,0,0,,
12278,"Golden, Markus",LB,2016,WAIVER,,2000,,,,2017,2,0,0,,
11308,"Alonso, Kiko",LB,2016,FAA,,2000,10,bid,IDP/K,2016,1,0,0,,
10847,"Whitehead, Tahir",LB,2016,FAA,,1000,16,bid,IDP/K,2016,1,0,0,,
12233,"Alexander, Kwon",LB,2016,FAA,,1000,16,bid,IDP/K,2018,3,0,1,None,2018
11816,"Williamson, Avery",LB,2016,WAIVER,,1000,,,,2017,2,0,0,,
12745,"Jones, Deion",LB,2016,WAIVER,,1000,,,,2016,1,0,0,,
12216,"Ray, Shane",LB,2016,WAIVER,,4000,,,,2016,1,0,0,,
8951,"Alexander, Lorenzo",LB,2016,WAIVER,,1000,,,,2016,1,0,0,,
7429,"Smith, Daryl",LB,2016,FAA,,1000,16,bid,IDP/K,2016,1,0,0,,
10768,"David, Lavonte",LB,2016,FAA,,9000,1,bid,IDP/K,2016,1,0,0,,
11772,"Kirksey, Christian",LB,2016,WAIVER,,4000,,,,2016,1,0,0,,
8275,"Jackson, D'Qwell",LB,2016,FAA,,4000,4,bid,IDP/K,2016,1,0,0,,
12702,"Jack, Myles",LB,2016,ROOKIE,52,,,rookie_slot,,2017,2,0,0,,
10277,"Houston, Justin",LB,2016,FAA,,2000,10,bid,IDP/K,2016,1,0,0,,
10816,"Davis, Demario",LB,2016,WAIVER,,1000,,,,2016,1,0,0,,
11767,"Bucannon, Deone",LB,2016,FAA,,5000,2,bid,IDP/K,2016,1,0,0,,
12805,"Brown, Jatavis",LB,2016,WAIVER,,2000,,,,2016,1,0,0,,
7826,"Davis, Thomas",LB,2016,FAA,,4000,4,bid,IDP/K,2016,1,0,0,,
10772,"Burfict, Vontaze",LB,2016,WAIVER,,1000,,,,2016,1,0,0,,
10465,"Smith, Malcolm",LB,2016,FAA,,2000,10,bid,IDP/K,2016,1,0,0,,
10774,"Hightower, Dont'a",LB,2016,FAA,,1000,16,bid,IDP/K,2016,1,0,0,,
11403,"Williams, Vince",LB,2016,WAIVER,,2000,,,,2016,1,0,0,,
12705,"Lee, Darron",LB,2016,ROOKIE,48,,,rookie_slot,,2018,3,0,0,,
10775,"Wagner, Bobby",LB,2016,FAA,,4000,4,bid,IDP/K,2016,1,0,0,,
10350,"Wright, K.J.",LB,2017,FAA,,1000,20,bid,IDP/K,2018,2,0,0,,
11722,"Shazier, Ryan",LB,2017,FAA,,5000,2,bid,IDP/K,2017,1,0,0,,
12734,"Floyd, Leonard",LB,2017,FAA,,1000,20,bid,IDP/K,2018,2,0,0,,
10827,"Bradham, Nigel",LB,2017,WAIVER,,1000,,,,2017,1,0,0,,
9494,"Barwin, Connor",LB,2017,WAIVER,,1000,,,,2017,1,0,0,,
10782,"Barron, Mark",LB,2017,FAA,,1000,20,bid,IDP/K,2017,1,0,0,,
11349,"Collins, Jamie",LB,2017,WAIVER,,1000,,,,2017,1,0,0,,
10879,"Trevathan, Danny",LB,2017,WAIVER,,5000,,,,2017,1,0,0,,
9866,"Lee, Sean",LB,2017,FAA,,4000,6,bid,IDP/K,2017,1,0,0,,
12238,"Perryman, Denzel",LB,2017,WAIVER,,1000,,,,2017,1,0,0,,
12795,"Judon, Matt",LB,2017,WAIVER,,1000,,,,2018,2,0,0,,
11720,"Barr, Anthony",LB,2017,WAIVER,,1000,,,,2020,4,0,0,,
7827,"Johnson, Derrick",LB,2017,FAA,,1000,20,bid,IDP/K,2017,1,0,0,,
12272,"McKinney, Benardrick",LB,2017,FAA,,3000,12,bid,IDP/K,2017,1,0,0,,
12768,"Schobert, Joe",LB,2017,WAIVER,,1000,,,,2017,1,0,0,,
11775,"Brown, Preston",LB,2017,FAA,,1000,20,bid,IDP/K,2017,1,0,0,,
11308,"Alonso, Kiko",LB,2017,FAA,,1000,20,bid,IDP/K,2017,1,0,0,,
10847,"Whitehead, Tahir",LB,2017,WAIVER,,2000,,,,2017,1,0,0,,
12239,"Kendricks, Eric",LB,2017,WAIVER,,1000,,,,2017,1,0,0,,
11728,"Mosley, C.J.",LB,2017,FAA,,5000,2,bid,IDP/K,2017,1,0,0,,
12762,"Vigil, Nick",LB,2017,WAIVER,,1000,,,,2017,1,0,0,,
12745,"Jones, Deion",LB,2017,FAA,,5000,2,bid,IDP/K,2017,1,0,0,,
12216,"Ray, Shane",LB,2017,WAIVER,,1000,,,,2017,1,0,0,,
8951,"Alexander, Lorenzo",LB,2017,WAIVER,,2000,,,,2017,1,0,0,,
13221,"Davis, Jarrad",LB,2017,ROOKIE,37,,,rookie_slot,,2017,1,0,0,,
10768,"David, Lavonte",LB,2017,WAIVER,,1000,,,,2017,1,0,0,,
10850,"Marshall, Brandon",LB,2017,WAIVER,,1000,,,,2017,1,0,0,,
13245,"Reddick, Haason",LB,2017,FAA,,3000,12,bid,IDP/K,2017,1,0,0,,
11299,"Bostic, Jon",LB,2017,WAIVER,,1000,,,,2017,1,0,0,,
11772,"Kirksey, Christian",LB,2017,FAA,,2000,18,bid,IDP/K,2017,1,0,0,,
10353,"Acho, Sam",LB,2017,FAA,,1000,20,bid,IDP/K,2017,1,0,0,,
12788,"Martinez, Blake",LB,2017,WAIVER,,1000,,,,2017,1,0,0,,
10277,"Houston, Justin",LB,2017,FAA,,3000,12,bid,IDP/K,2017,1,0,0,,
10816,"Davis, Demario",LB,2017,WAIVER,,1000,,,,2017,1,0,0,,
11767,"Bucannon, Deone",LB,2017,WAIVER,,4000,,,,2017,1,0,0,,
10269,"Quinn, Robert",LB,2017,WAIVER,,1000,,,,2017,1,0,0,,
13493,"Lee, Eric",LB,2017,WAIVER,,1000,,,,2017,1,0,0,,
11375,"Klein, A.J.",LB,2017,WAIVER,,2000,,,,2018,2,0,0,,
10770,"Brown, Zach",LB,2017,FAA,,3000,12,bid,IDP/K,2017,1,0,0,,
11813,"Smith, Telvin",LB,2017,FAA,,4000,6,bid,IDP/K,2018,2,0,0,,
12805,"Brown, Jatavis",LB,2017,FAA,,2000,18,bid,IDP/K,2017,1,0,0,,
10982,"Freeman, Jerrell",LB,2017,FAA,,3000,12,bid,IDP/K,2017,1,0,0,,
13214,"Watt, T.J.",LB,2017,FAA,,5000,2,bid,IDP/K,2019,3,0,0,,
13215,"Foster, Reuben",LB,2017,ROOKIE,44,,,rookie_slot,,2018,2,0,0,,
10772,"Burfict, Vontaze",LB,2017,FAA,,4000,6,bid,IDP/K,2017,1,0,0,,
9330,"Woodyard, Wesley",LB,2017,WAIVER,,2000,,,,2017,1,0,0,,
12774,"Goodson, B.J.",LB,2017,FAA,,1000,20,bid,IDP/K,2017,1,0,0,,
13392,"Adams, Tyrell",LB,2017,WAIVER,,1000,,,,2019,3,0,0,,
10774,"Hightower, Dont'a",LB,2017,FAA,,4000,6,bid,IDP/K,2017,1,0,0,,
11724,"Jones, Christian",LB,2017,WAIVER,,1000,,,,2017,1,0,0,,
12230,"Beasley, Vic",LB,2017,FAA,,4000,6,bid,IDP/K,2017,1,0,0,,
10807,"Kendricks, Mychal",LB,2017,WAIVER,,1000,,,,2018,2,0,0,,
11403,"Williams, Vince",LB,2017,FAA,,1000,20,bid,IDP/K,2017,1,0,0,,
11723,"Van Noy, Kyle",LB,2017,WAIVER,,1000,,,,2017,1,0,0,,
13216,"Cunningham, Zach",LB,2017,FAA,,4000,6,bid,IDP/K,2017,1,0,0,,
12231,"Thompson, Shaq",LB,2017,WAIVER,,1000,,,,2018,2,0,0,,
10775,"Wagner, Bobby",LB,2017,FAA,,7000,1,bid,IDP/K,2017,1,0,0,,
9840,"Bowman, Navorro",LB,2017,FAA,,3000,12,bid,IDP/K,2017,1,0,0,,
10339,"Foster, Mason",LB,2018,WAIVER,,1000,,,,2018,1,0,0,,
13681,"Chubb, Bradley",LB,2018,ROOKIE,38,,,rookie_slot,,2020,3,0,0,,
13727,"Vander Esch, Leighton",LB,2018,ROOKIE,46,,,rookie_slot,,2020,3,0,0,,
12087,"Davis, Todd",LB,2018,WAIVER,,2000,,,,2018,1,0,0,,
10827,"Bradham, Nigel",LB,2018,WAIVER,,2000,,,,2018,1,0,0,,
11795,"Hitchens, Anthony",LB,2018,FAA,,1000,24,bid,IDP/K,2018,1,0,0,,
13743,"Warner, Fred",LB,2018,ROOKIE,62,,,rookie_slot,,2018,1,0,0,,
10782,"Barron, Mark",LB,2018,FAA,,4000,12,bid,IDP/K,2018,1,0,0,,
11349,"Collins, Jamie",LB,2018,FAA,,1000,24,bid,IDP/K,2018,1,0,0,,
10879,"Trevathan, Danny",LB,2018,FAA,,1000,24,bid,IDP/K,2018,1,0,0,,
13220,"Riley, Duke",LB,2018,WAIVER,,1000,,,,2018,1,0,0,,
12234,"Dupree, Bud",LB,2018,WAIVER,,1000,,,,2018,1,0,0,,
9866,"Lee, Sean",LB,2018,FAA,,4000,12,bid,IDP/K,2018,1,0,0,,
13775,"Bentley, Ja'Whaun",LB,2018,FAA,,1000,24,bid,IDP/K,2019,2,0,0,,
13699,"Evans, Rashaan",LB,2018,ROOKIE,43,,,rookie_slot,,2018,1,0,0,,
12238,"Perryman, Denzel",LB,2018,WAIVER,,1000,,,,2018,1,0,0,,
12763,"Fackrell, Kyler",LB,2018,WAIVER,,3000,,,,2018,1,0,0,,
13750,"Burks, Oren",LB,2018,FAA,,1000,24,bid,IDP/K,2018,1,0,0,,
10267,"Miller, Von",LB,2018,FAA,,5000,9,bid,IDP/K,2018,1,0,0,,
11711,"Ford, Dee",LB,2018,WAIVER,,2000,,,,2018,1,0,0,,
13697,"Edmunds, Tremaine",LB,2018,ROOKIE,25,,,rookie_slot,,2019,2,0,0,,
12272,"McKinney, Benardrick",LB,2018,FAA,,3000,16,bid,IDP/K,2018,1,0,0,,
12287,"Hicks, Jordan",LB,2018,FAA,,1000,24,bid,IDP/K,2018,1,0,0,,
12985,"Littleton, Cory",LB,2018,WAIVER,,4000,,,,2018,1,0,0,,
12768,"Schobert, Joe",LB,2018,FAA,,1000,24,bid,IDP/K,2019,2,0,0,,
11775,"Brown, Preston",LB,2018,FAA,,2000,19,bid,IDP/K,2018,1,0,0,,
11308,"Alonso, Kiko",LB,2018,FAA,,1000,24,bid,IDP/K,2018,1,0,0,,
13307,"Milano, Matt",LB,2018,WAIVER,,5000,,,,2018,1,0,0,,
10847,"Whitehead, Tahir",LB,2018,FAA,,1000,24,bid,IDP/K,2018,1,0,0,,
12239,"Kendricks, Eric",LB,2018,FAA,,4000,12,bid,IDP/K,2018,1,0,0,,
11728,"Mosley, C.J.",LB,2018,FAA,,12000,1,bid,IDP/K,2018,1,0,0,,
12762,"Vigil, Nick",LB,2018,WAIVER,,4000,,,,2018,1,0,0,,
11303,"Hodges, Gerald",LB,2018,WAIVER,,1000,,,,2018,1,0,0,,
11816,"Williamson, Avery",LB,2018,FAA,,2000,19,bid,IDP/K,2018,1,0,0,,
13222,"McMillan, Raekwon",LB,2018,FAA,,1000,24,bid,IDP/K,2018,1,0,0,,
13304,"Brown, Jayon",LB,2018,WAIVER,,1000,,,,2018,1,0,0,,
12745,"Jones, Deion",LB,2018,FAA,,10000,2,bid,IDP/K,2019,2,0,0,,
8951,"Alexander, Lorenzo",LB,2018,WAIVER,,2000,,,,2018,1,0,0,,
13221,"Davis, Jarrad",LB,2018,WAIVER,,1000,,,,2018,1,0,0,,
10768,"David, Lavonte",LB,2018,FAA,,6000,6,bid,IDP/K,2018,1,0,0,,
10850,"Marshall, Brandon",LB,2018,FAA,,3000,16,bid,IDP/K,2018,1,0,0,,
13245,"Reddick, Haason",LB,2018,WAIVER,,1000,,,,2018,1,0,0,,
11299,"Bostic, Jon",LB,2018,WAIVER,,1000,,,,2018,1,0,0,,
11772,"Kirksey, Christian",LB,2018,FAA,,4000,12,bid,IDP/K,2018,1,0,0,,
11293,"Ogletree, Alec",LB,2018,FAA,,6000,6,bid,IDP/K,2018,1,0,0,,
12788,"Martinez, Blake",LB,2018,FAA,,8000,3,bid,IDP/K,2018,1,0,0,,
10653,"Bynes, Josh",LB,2018,WAIVER,,3000,,,,2018,1,0,0,,
12702,"Jack, Myles",LB,2018,FAA,,6000,6,bid,IDP/K,2018,1,0,0,,
10816,"Davis, Demario",LB,2018,FAA,,5000,9,bid,IDP/K,2018,1,0,0,,
11767,"Bucannon, Deone",LB,2018,FAA,,2000,19,bid,IDP/K,2018,1,0,0,,
13696,"Smith, Roquan",LB,2018,ROOKIE,24,,,rookie_slot,,2021,4,0,1,1,2021
13733,"Leonard, Darius",LB,2018,ROOKIE,49,,,rookie_slot,,2022,5,0,1,2,2020
12072,"Taylor, Adarius",LB,2018,WAIVER,,1000,,,,2018,1,0,0,,
10770,"Brown, Zach",LB,2018,FAA,,7000,5,bid,IDP/K,2018,1,0,0,,
13705,"Griffin, Shaquem",LB,2018,WAIVER,,1000,,,,2018,1,0,0,,
13765,"Young, Kenny",LB,2018,WAIVER,,1000,,,,2018,1,0,0,,
12805,"Brown, Jatavis",LB,2018,WAIVER,,4000,,,,2018,1,0,0,,
12779,"Campbell, De'Vondre",LB,2018,WAIVER,,1000,,,,2018,1,0,0,,
13826,"Adams, Matthew",LB,2018,ROOKIE,64,,,rookie_slot,,2019,2,0,0,,
10772,"Burfict, Vontaze",LB,2018,WAIVER,,4000,,,,2018,1,0,0,,
9330,"Woodyard, Wesley",LB,2018,FAA,,3000,16,bid,IDP/K,2018,1,0,0,,
12774,"Goodson, B.J.",LB,2018,FAA,,1000,24,bid,IDP/K,2018,1,0,0,,
13700,"Landry, Harold",LB,2018,ROOKIE,70,,,rookie_slot,,2018,1,0,0,,
10774,"Hightower, Dont'a",LB,2018,FAA,,2000,19,bid,IDP/K,2018,1,0,0,,
11403,"Williams, Vince",LB,2018,FAA,,2000,19,bid,IDP/K,2018,1,0,0,,
13706,"Baker, Jerome",LB,2018,ROOKIE,61,,,rookie_slot,,2018,1,0,0,,
11723,"Van Noy, Kyle",LB,2018,WAIVER,,1000,,,,2018,1,0,0,,
10773,"Kuechly, Luke",LB,2018,FAA,,5000,9,bid,IDP/K,2019,2,0,0,,
13216,"Cunningham, Zach",LB,2018,FAA,,1000,24,bid,IDP/K,2018,1,0,0,,
12075,"Barrett, Shaq",LB,2018,WAIVER,,1000,,,,2018,1,0,0,,
13306,"Walker, Anthony",LB,2018,WAIVER,,1000,,,,2018,1,0,0,,
10775,"Wagner, Bobby",LB,2018,FAA,,8000,3,bid,IDP/K,2018,1,0,0,,
13762,"White, Kyzir",LB,2018,WAIVER,,1000,,,,2018,1,0,0,,
9464,"Matthews, Clay",LB,2019,WAIVER,,4000,,,,2019,1,0,0,,
10350,"Wright, K.J.",LB,2019,WAIVER,,1000,,,,2019,1,0,0,,
12734,"Floyd, Leonard",LB,2019,WAIVER,,1000,,,,2019,1,0,0,,
12087,"Davis, Todd",LB,2019,WAIVER,,1000,,,,2019,1,0,0,,
14168,"White, Devin",LB,2019,ROOKIE,33,,2,adp,IDP/K,2021,3,0,0,,
14218,"Okereke, Bobby",LB,2019,ROOKIE,71,,6,adp,IDP/K,2019,1,0,0,,
14169,"Wilson, Mack",LB,2019,FAA,,1000,11,adp,IDP/K,2019,1,0,0,,
11795,"Hitchens, Anthony",LB,2019,FAA,,3000,12,bid,IDP/K,2019,1,0,0,,
13743,"Warner, Fred",LB,2019,WAIVER,,4000,,,,2019,1,0,0,,
12301,"Smith, Za'Darius",LB,2019,WAIVER,,4000,,,,2019,1,0,0,,
14149,"Gary, Rashan",LB,2019,ROOKIE,70,,7,adp,IDP/K,2021,3,0,0,,
11349,"Collins, Jamie",LB,2019,WAIVER,,1000,,,,2019,1,0,0,,
10879,"Trevathan, Danny",LB,2019,FAA,,1000,22,bid,IDP/K,2019,1,0,0,,
12234,"Dupree, Bud",LB,2019,WAIVER,,2000,,,,2019,1,0,0,,
12241,"Johnson, Alexander",LB,2019,WAIVER,,1000,,,,2019,1,0,0,,
13026,"Onwuasor, Patrick",LB,2019,FAA,,2000,17,bid,IDP/K,2019,1,0,0,,
9866,"Lee, Sean",LB,2019,WAIVER,,1000,,,,2019,1,0,0,,
13699,"Evans, Rashaan",LB,2019,WAIVER,,2000,,,,2019,1,0,0,,
12701,"Smith, Jaylon",LB,2019,ERA,,4000,9,bid,IDP/K,2020,2,0,0,,
12795,"Judon, Matt",LB,2019,WAIVER,,1000,,,,2019,1,0,0,,
11830,"Kennard, Devon",LB,2019,WAIVER,,1000,,,,2019,1,0,0,,
10267,"Miller, Von",LB,2019,FAA,,4000,9,bid,IDP/K,2019,1,0,0,,
12272,"McKinney, Benardrick",LB,2019,FAA,,1000,22,bid,IDP/K,2019,1,0,0,,
12287,"Hicks, Jordan",LB,2019,FAA,,3000,12,bid,IDP/K,2019,1,0,0,,
12985,"Littleton, Cory",LB,2019,FAA,,7000,15,adp,IDP/K,2019,1,0,0,,
13447,"Wilson, Eric",LB,2019,WAIVER,,1000,,,,2019,1,0,0,,
14401,"Eguavoen, Sam",LB,2019,FAA,,1000,22,bid,IDP/K,2019,1,0,0,,
12278,"Golden, Markus",LB,2019,WAIVER,,2000,,,,2019,1,0,0,,
11308,"Alonso, Kiko",LB,2019,FAA,,2000,17,bid,IDP/K,2019,1,0,0,,
13307,"Milano, Matt",LB,2019,WAIVER,,1000,,,,2019,1,0,0,,
10847,"Whitehead, Tahir",LB,2019,FAA,,4000,9,bid,IDP/K,2019,1,0,0,,
12239,"Kendricks, Eric",LB,2019,WAIVER,,4000,,,,2019,1,0,0,,
11728,"Mosley, C.J.",LB,2019,FAA,,7000,3,bid,IDP/K,2019,1,0,0,,
12762,"Vigil, Nick",LB,2019,FAA,,2000,19,adp,IDP/K,2019,1,0,0,,
12233,"Alexander, Kwon",LB,2019,FAA,,5000,6,bid,IDP/K,2020,2,0,0,,
13304,"Brown, Jayon",LB,2019,FAA,,2000,17,bid,IDP/K,2020,2,0,2,1|None,2019|2020
13221,"Davis, Jarrad",LB,2019,FAA,,2000,17,bid,IDP/K,2019,1,0,0,,
10768,"David, Lavonte",LB,2019,FAA,,7000,17,adp,IDP/K,2019,1,0,0,,
13245,"Reddick, Haason",LB,2019,WAIVER,,1000,,,,2019,1,0,0,,
11772,"Kirksey, Christian",LB,2019,FAA,,3000,12,bid,IDP/K,2019,1,0,0,,
13466,"Burgess, James",LB,2019,WAIVER,,1000,,,,2019,1,0,0,,
11293,"Ogletree, Alec",LB,2019,FAA,,3000,12,bid,IDP/K,2019,1,0,0,,
12788,"Martinez, Blake",LB,2019,ERA,,10000,13,adp,IDP/K,2019,1,0,0,,
12702,"Jack, Myles",LB,2019,FAA,,5000,16,adp,IDP/K,2019,1,0,0,,
12270,"Smith, Preston",LB,2019,WAIVER,,4000,,,,2019,1,0,0,,
10816,"Davis, Demario",LB,2019,FAA,,5000,6,bid,IDP/K,2019,1,0,0,,
14170,"Bush, Devin",LB,2019,ROOKIE,26,,1,adp,IDP/K,2021,3,0,0,,
14217,"Barton, Cody",LB,2019,WAIVER,,5000,,,,2019,1,0,0,,
12778,"Kwiatkoski, Nick",LB,2019,WAIVER,,1000,,,,2019,1,0,0,,
10269,"Quinn, Robert",LB,2019,WAIVER,,5000,,,,2020,2,0,0,,
11375,"Klein, A.J.",LB,2019,WAIVER,,1000,,,,2019,1,0,0,,
13765,"Young, Kenny",LB,2019,FAA,,1000,18,adp,IDP/K,2019,1,0,0,,
12779,"Campbell, De'Vondre",LB,2019,WAIVER,,1000,,,,2019,1,0,0,,
9330,"Woodyard, Wesley",LB,2019,FAA,,1000,22,bid,IDP/K,2019,1,0,0,,
12481,"Hewitt, Neville",LB,2019,WAIVER,,2000,,,,2019,1,0,0,,
13700,"Landry, Harold",LB,2019,WAIVER,,4000,,,,2019,1,0,0,,
10774,"Hightower, Dont'a",LB,2019,WAIVER,,1000,,,,2019,1,0,0,,
10807,"Kendricks, Mychal",LB,2019,WAIVER,,1000,,,,2019,1,0,0,,
13706,"Baker, Jerome",LB,2019,WAIVER,,1000,,,,2019,1,0,0,,
11723,"Van Noy, Kyle",LB,2019,FAA,,1000,22,bid,IDP/K,2019,1,0,0,,
10753,"Jones, Chandler",LB,2019,FAA,,1000,22,bid,IDP/K,2019,1,0,0,,
13813,"Oluokun, Foyesade",LB,2019,FAA,,1000,22,bid,IDP/K,2019,1,0,0,,
13216,"Cunningham, Zach",LB,2019,FAA,,3000,12,bid,IDP/K,2019,1,0,0,,
12075,"Barrett, Shaq",LB,2019,WAIVER,,1000,,,,2019,1,0,0,,
13306,"Walker, Anthony",LB,2019,WAIVER,,1000,,,,2019,1,0,0,,
14260,"Holcomb, Cole",LB,2019,WAIVER,,1000,,,,2019,1,0,0,,
12231,"Thompson, Shaq",LB,2019,FAA,,1000,22,bid,IDP/K,2019,1,0,0,,
10775,"Wagner, Bobby",LB,2019,FAA,,14000,5,adp,IDP/K,2019,1,0,0,,
10350,"Wright, K.J.",LB,2020,WAIVER,,1000,,,,2020,1,0,0,,
14672,"Reeder, Troy",LB,2020,WAIVER,,1000,,,,2020,1,0,0,,
12734,"Floyd, Leonard",LB,2020,WAIVER,,1000,,,,2020,1,0,0,,
12087,"Davis, Todd",LB,2020,FAA,,1000,18,bid,IDP/K,2020,1,0,0,,
14218,"Okereke, Bobby",LB,2020,WAIVER,,1000,,,,2020,1,0,0,,
14169,"Wilson, Mack",LB,2020,FAA,,1000,18,bid,IDP/K,2023,4,0,0,,
11795,"Hitchens, Anthony",LB,2020,WAIVER,,1000,,,,2020,1,0,0,,
14889,"Murray, Kenneth",LB,2020,ROOKIE,43,,3,adp,IDP/K,2021,2,0,0,,
13743,"Warner, Fred",LB,2020,FAA,,6000,2,bid,IDP/K,2020,1,0,0,,
12301,"Smith, Za'Darius",LB,2020,WAIVER,,1000,,,,2020,1,0,0,,
11349,"Collins, Jamie",LB,2020,WAIVER,,1000,,,,2020,1,0,0,,
10879,"Trevathan, Danny",LB,2020,FAA,,1000,18,bid,IDP/K,2020,1,0,0,,
12234,"Dupree, Bud",LB,2020,WAIVER,,1000,,,,2020,1,0,0,,
12241,"Johnson, Alexander",LB,2020,WAIVER,,1000,,,,2020,1,0,0,,
13699,"Evans, Rashaan",LB,2020,FAA,,1000,18,bid,IDP/K,2020,1,0,0,,
14210,"Pratt, Germaine",LB,2020,FAA,,1000,18,bid,IDP/K,2020,1,0,0,,
13697,"Edmunds, Tremaine",LB,2020,WAIVER,,1000,,,,2020,1,0,0,,
13388,"Langi, Harvey",LB,2020,WAIVER,,1000,,,,2020,1,0,0,,
12272,"McKinney, Benardrick",LB,2020,WAIVER,,1000,,,,2020,1,0,0,,
12287,"Hicks, Jordan",LB,2020,FAA,,2000,13,bid,IDP/K,2020,1,0,0,,
12985,"Littleton, Cory",LB,2020,FAA,,4000,6,bid,IDP/K,2020,1,0,0,,
14322,"Edwards, T.J.",LB,2020,WAIVER,,1000,,,,2020,1,0,0,,
13447,"Wilson, Eric",LB,2020,WAIVER,,6000,,,,2020,1,0,0,,
12768,"Schobert, Joe",LB,2020,FAA,,2000,13,bid,IDP/K,2020,1,0,0,,
11805,"Pierre-Louis, Kevin",LB,2020,WAIVER,,1000,,,,2020,1,0,0,,
14948,"Walker, Mykal",LB,2020,WAIVER,,1000,,,,2020,1,0,0,,
13307,"Milano, Matt",LB,2020,FAA,,1000,18,bid,IDP/K,2020,1,0,0,,
12239,"Kendricks, Eric",LB,2020,FAA,,2000,13,bid,IDP/K,2020,1,0,0,,
14892,"Brooks, Jordyn",LB,2020,ROOKIE,66,,6,adp,IDP/K,2023,4,0,1,2,2023
11728,"Mosley, C.J.",LB,2020,WAIVER,,1000,,,,2020,1,0,0,,
13779,"Kiser, Micah",LB,2020,FAA,,1000,18,bid,IDP/K,2020,1,0,0,,
12762,"Vigil, Nick",LB,2020,WAIVER,,1000,,,,2020,1,0,0,,
11816,"Williamson, Avery",LB,2020,WAIVER,,1000,,,,2020,1,0,0,,
14893,"Baun, Zack",LB,2020,ROOKIE,64,,9,adp,IDP/K,2021,2,0,0,,
14896,"Queen, Patrick",LB,2020,ROOKIE,31,,1,adp,IDP/K,2022,3,0,0,,
12745,"Jones, Deion",LB,2020,FAA,,3000,9,bid,IDP/K,2020,1,0,0,,
14928,"Wilson, Logan",LB,2020,ROOKIE,71,,5,adp,IDP/K,2021,2,0,0,,
14891,"Harrison, Malik",LB,2020,ROOKIE,69,,7,adp,IDP/K,2020,1,0,0,,
10768,"David, Lavonte",LB,2020,FAA,,4000,6,bid,IDP/K,2021,2,0,0,,
13987,"Spillane, Robert",LB,2020,WAIVER,,1000,,,,2020,1,0,0,,
13245,"Reddick, Haason",LB,2020,WAIVER,,3000,,,,2020,1,0,0,,
11299,"Bostic, Jon",LB,2020,WAIVER,,1000,,,,2020,1,0,0,,
11772,"Kirksey, Christian",LB,2020,FAA,,4000,6,bid,IDP/K,2020,1,0,0,,
12788,"Martinez, Blake",LB,2020,FAA,,5000,4,bid,IDP/K,2021,2,0,0,,
14247,"Greenlaw, Dre",LB,2020,FAA,,1000,18,bid,IDP/K,2020,1,0,0,,
13702,"Jewell, Josey",LB,2020,WAIVER,,1000,,,,2020,1,0,0,,
12702,"Jack, Myles",LB,2020,FAA,,1000,18,bid,IDP/K,2020,1,0,0,,
12270,"Smith, Preston",LB,2020,WAIVER,,3000,,,,2020,1,0,0,,
10816,"Davis, Demario",LB,2020,FAA,,3000,9,bid,IDP/K,2020,1,0,0,,
14212,"Takitaki, Sione",LB,2020,FAA,,1000,18,bid,IDP/K,2020,1,0,0,,
12778,"Kwiatkoski, Nick",LB,2020,WAIVER,,1000,,,,2020,1,0,0,,
11375,"Klein, A.J.",LB,2020,WAIVER,,1000,,,,2020,1,0,0,,
13765,"Young, Kenny",LB,2020,WAIVER,,4000,,,,2020,1,0,0,,
12779,"Campbell, De'Vondre",LB,2020,WAIVER,,3000,,,,2020,1,0,0,,
13214,"Watt, T.J.",LB,2020,ERA,,8000,1,bid,IDP/K,2020,1,0,0,,
13215,"Foster, Reuben",LB,2020,FAA,,1000,18,bid,IDP/K,2020,1,0,0,,
14925,"Uche, Josh",LB,2020,ROOKIE,68,,,rookie_slot,,2020,1,0,0,,
14926,"Gay, Willie",LB,2020,ROOKIE,63,,4,adp,IDP/K,2022,3,0,0,,
12481,"Hewitt, Neville",LB,2020,WAIVER,,4000,,,,2020,1,0,0,,
12774,"Goodson, B.J.",LB,2020,WAIVER,,2000,,,,2020,1,0,0,,
13392,"Adams, Tyrell",LB,2020,WAIVER,,1000,,,,2020,1,0,0,,
14887,"Simmons, Isaiah",LB,2020,ROOKIE,21,,2,adp,IDP/K,2021,2,0,0,,
14235,"Tranquill, Drue",LB,2020,FAA,,1000,18,bid,IDP/K,2021,2,0,0,,
13426,"Morrow, Nicholas",LB,2020,WAIVER,,3000,,,,2020,1,0,0,,
11403,"Williams, Vince",LB,2020,WAIVER,,1000,,,,2020,1,0,0,,
14412,"Singleton, Alex",LB,2020,WAIVER,,4000,,,,2020,1,0,0,,
13706,"Baker, Jerome",LB,2020,FAA,,2000,13,bid,IDP/K,2020,1,0,0,,
11723,"Van Noy, Kyle",LB,2020,WAIVER,,1000,,,,2020,1,0,0,,
10753,"Jones, Chandler",LB,2020,FAA,,3000,9,bid,IDP/K,2020,1,0,0,,
13813,"Oluokun, Foyesade",LB,2020,WAIVER,,2000,,,,2020,1,0,0,,
13216,"Cunningham, Zach",LB,2020,FAA,,5000,4,bid,IDP/K,2020,1,0,0,,
12075,"Barrett, Shaq",LB,2020,FAA,,3000,9,bid,IDP/K,2020,1,0,0,,
13306,"Walker, Anthony",LB,2020,WAIVER,,1000,,,,2020,1,0,0,,
12231,"Thompson, Shaq",LB,2020,FAA,,2000,13,bid,IDP/K,2020,1,0,0,,
10775,"Wagner, Bobby",LB,2020,FAA,,6000,2,bid,IDP/K,2021,2,0,0,,
13762,"White, Kyzir",LB,2020,WAIVER,,1000,,,,2020,1,0,0,,
13681,"Chubb, Bradley",LB,2021,FAA,,1000,14,bid,IDP/K,2021,1,0,0,,
13256,"Bowser, Tyus",LB,2021,WAIVER,,1000,,,,2021,1,0,0,,
15404,"Jones, Ernest",LB,2021,ROOKIE,57,,8,adp,IDP/K,2023,3,0,0,,
12734,"Floyd, Leonard",LB,2021,WAIVER,,1000,,,,2021,1,0,0,,
13268,"Anzalone, Alex",LB,2021,WAIVER,,1000,,,,2021,1,0,0,,
15409,"Barnes, Derrick",LB,2021,ROOKIE,72,,12,adp,IDP/K,2023,3,0,0,,
14218,"Okereke, Bobby",LB,2021,FAA,,1000,14,bid,IDP/K,2021,1,0,0,,
14590,"Al-Shaair, Azeez",LB,2021,WAIVER,,4000,,,,2021,1,0,0,,
13743,"Warner, Fred",LB,2021,WAIVER,,4000,,,,2022,2,0,1,1,2021
11349,"Collins, Jamie",LB,2021,FAA,,1000,14,bid,IDP/K,2021,1,0,0,,
12241,"Johnson, Alexander",LB,2021,FAA,,1000,14,bid,IDP/K,2021,1,0,0,,
13775,"Bentley, Ja'Whaun",LB,2021,WAIVER,,1000,,,,2021,1,0,0,,
12238,"Perryman, Denzel",LB,2021,WAIVER,,2000,,,,2021,1,0,0,,
12701,"Smith, Jaylon",LB,2021,WAIVER,,3000,,,,2021,1,0,0,,
12795,"Judon, Matt",LB,2021,WAIVER,,1000,,,,2021,1,0,0,,
14210,"Pratt, Germaine",LB,2021,WAIVER,,4000,,,,2021,1,0,0,,
10267,"Miller, Von",LB,2021,WAIVER,,1000,,,,2021,1,0,0,,
11720,"Barr, Anthony",LB,2021,WAIVER,,2000,,,,2021,1,0,0,,
11711,"Ford, Dee",LB,2021,WAIVER,,1000,,,,2021,1,0,0,,
13697,"Edmunds, Tremaine",LB,2021,FAA,,3000,9,bid,IDP/K,2021,1,0,0,,
12272,"McKinney, Benardrick",LB,2021,FAA,,1000,14,bid,IDP/K,2021,1,0,0,,
12287,"Hicks, Jordan",LB,2021,WAIVER,,3000,,,,2021,1,0,0,,
12985,"Littleton, Cory",LB,2021,FAA,,1000,14,bid,IDP/K,2021,1,0,0,,
14322,"Edwards, T.J.",LB,2021,WAIVER,,1000,,,,2021,1,0,0,,
13447,"Wilson, Eric",LB,2021,FAA,,3000,9,bid,IDP/K,2021,1,0,0,,
12768,"Schobert, Joe",LB,2021,WAIVER,,1000,,,,2021,1,0,0,,
15351,"Owusu-Koramoah, Jeremiah",LB,2021,ROOKIE,40,,3,adp,IDP/K,2022,2,0,0,,
12278,"Golden, Markus",LB,2021,WAIVER,,4000,,,,2021,1,0,0,,
13307,"Milano, Matt",LB,2021,FAA,,1000,14,bid,IDP/K,2021,1,0,0,,
12239,"Kendricks, Eric",LB,2021,FAA,,4000,3,bid,IDP/K,2021,1,0,0,,
15387,"Werner, Pete",LB,2021,ROOKIE,63,,6,adp,IDP/K,2021,1,0,0,,
15356,"Browning, Baron",LB,2021,ROOKIE,64,,10,adp,IDP/K,2022,2,0,0,,
11728,"Mosley, C.J.",LB,2021,WAIVER,,1000,,,,2021,1,0,0,,
13779,"Kiser, Micah",LB,2021,FAA,,1000,14,bid,IDP/K,2021,1,0,0,,
12762,"Vigil, Nick",LB,2021,WAIVER,,4000,,,,2021,1,0,0,,
12828,"Grugier-Hill, Kamu",LB,2021,WAIVER,,10000,,,,2021,1,0,0,,
12233,"Alexander, Kwon",LB,2021,WAIVER,,1000,,,,2021,1,0,0,,
13304,"Brown, Jayon",LB,2021,FAA,,4000,3,bid,IDP/K,2021,1,0,0,,
15378,"Oweh, Jayson",LB,2021,ROOKIE,70,,7,adp,IDP/K,2023,3,0,0,,
12745,"Jones, Deion",LB,2021,FAA,,4000,3,bid,IDP/K,2021,1,0,0,,
15385,"Ojulari, Azeez",LB,2021,ROOKIE,65,,9,adp,IDP/K,2021,1,0,0,,
11772,"Kirksey, Christian",LB,2021,FAA,,1000,14,bid,IDP/K,2021,1,0,0,,
14247,"Greenlaw, Dre",LB,2021,WAIVER,,1000,,,,2021,1,0,0,,
12702,"Jack, Myles",LB,2021,FAA,,3000,9,bid,IDP/K,2022,2,0,0,,
10816,"Davis, Demario",LB,2021,FAA,,2000,12,bid,IDP/K,2021,1,0,0,,
12778,"Kwiatkoski, Nick",LB,2021,FAA,,1000,14,bid,IDP/K,2021,1,0,0,,
10269,"Quinn, Robert",LB,2021,WAIVER,,1000,,,,2021,1,0,0,,
13765,"Young, Kenny",LB,2021,WAIVER,,3000,,,,2021,1,0,0,,
15029,"Crowder, Tae",LB,2021,WAIVER,,1000,,,,2021,1,0,0,,
12779,"Campbell, De'Vondre",LB,2021,FAA,,1000,14,bid,IDP/K,2021,1,0,0,,
13826,"Adams, Matthew",LB,2021,WAIVER,,1000,,,,2021,1,0,0,,
13214,"Watt, T.J.",LB,2021,FAA,,9000,1,bid,IDP/K,2021,1,0,0,,
15355,"Bolton, Nick",LB,2021,ROOKIE,49,,4,adp,IDP/K,2022,2,0,0,,
15350,"Parsons, Micah",LB,2021,ROOKIE,34,,1,adp,IDP/K,2025,5,1,3,None|None|None,2023|2024|2025
12481,"Hewitt, Neville",LB,2021,FAA,,1000,14,bid,IDP/K,2021,1,0,0,,
15352,"Collins, Zaven",LB,2021,ROOKIE,37,,5,adp,IDP/K,2021,1,0,0,,
13700,"Landry, Harold",LB,2021,WAIVER,,2000,,,,2021,1,0,0,,
14221,"Williams, Quincy",LB,2021,WAIVER,,4000,,,,2021,1,0,0,,
10774,"Hightower, Dont'a",LB,2021,FAA,,1000,14,bid,IDP/K,2021,1,0,0,,
11721,"Mack, Khalil",LB,2021,WAIVER,,1000,,,,2021,1,0,0,,
14268,"Long, David",LB,2021,WAIVER,,3000,,,,2021,1,0,0,,
15379,"Tryon, Joe",LB,2021,ROOKIE,69,,14,adp,IDP/K,2023,3,0,0,,
15373,"Davis, Jamin",LB,2021,ROOKIE,32,,2,adp,IDP/K,2023,3,0,0,,
14412,"Singleton, Alex",LB,2021,FAA,,4000,3,bid,IDP/K,2021,1,0,0,,
13706,"Baker, Jerome",LB,2021,FAA,,4000,3,bid,IDP/K,2022,2,0,0,,
11723,"Van Noy, Kyle",LB,2021,WAIVER,,4000,,,,2021,1,0,0,,
10753,"Jones, Chandler",LB,2021,FAA,,1000,14,bid,IDP/K,2021,1,0,0,,
13813,"Oluokun, Foyesade",LB,2021,FAA,,2000,12,bid,IDP/K,2021,1,0,0,,
13216,"Cunningham, Zach",LB,2021,FAA,,5000,2,bid,IDP/K,2021,1,0,0,,
12075,"Barrett, Shaq",LB,2021,FAA,,4000,3,bid,IDP/K,2021,1,0,0,,
13306,"Walker, Anthony",LB,2021,WAIVER,,1000,,,,2021,1,0,0,,
14260,"Holcomb, Cole",LB,2021,WAIVER,,1000,,,,2021,1,0,0,,
12231,"Thompson, Shaq",LB,2021,FAA,,1000,14,bid,IDP/K,2021,1,0,0,,
13762,"White, Kyzir",LB,2021,WAIVER,,4000,,,,2021,1,0,0,,
13681,"Chubb, Bradley",LB,2022,WAIVER,,1000,,,,2022,1,0,0,,
15806,"Thibodeaux, Kayvon",LB,2022,ROOKIE,37,,3,adp,IDP/K,2022,1,0,0,,
15851,"Ebiketie, Arnold",LB,2022,ROOKIE,64,,7,adp,IDP/K,2024,3,0,0,,
13727,"Vander Esch, Leighton",LB,2022,WAIVER,,1000,,,,2022,1,0,0,,
13268,"Anzalone, Alex",LB,2022,WAIVER,,3000,,,,2022,1,0,0,,
15823,"Harris, Christian",LB,2022,ROOKIE,67,,6,adp,IDP/K,2024,3,0,0,,
14168,"White, Devin",LB,2022,ERA,,5000,4,bid,IDP/K,2022,1,0,0,,
14218,"Okereke, Bobby",LB,2022,FAA,,1000,15,bid,IDP/K,2022,1,0,0,,
12301,"Smith, Za'Darius",LB,2022,WAIVER,,3000,,,,2022,1,0,0,,
14149,"Gary, Rashan",LB,2022,WAIVER,,2000,,,,2022,1,0,0,,
15975,"Sanborn, Jack",LB,2022,WAIVER,,1000,,,,2022,1,0,0,,
13699,"Evans, Rashaan",LB,2022,WAIVER,,1000,,,,2022,1,0,0,,
12238,"Perryman, Denzel",LB,2022,FAA,,3000,7,bid,IDP/K,2022,1,0,0,,
14303,"Elliss, Kaden",LB,2022,WAIVER,,4000,,,,2022,1,0,0,,
12795,"Judon, Matt",LB,2022,FAA,,1000,15,bid,IDP/K,2022,1,0,0,,
14167,"Allen, Josh",LB,2022,ERA,,3000,7,bid,IDP/K,2022,1,0,0,,
14210,"Pratt, Germaine",LB,2022,WAIVER,,1000,,,,2022,1,0,0,,
13697,"Edmunds, Tremaine",LB,2022,FAA,,1000,15,bid,IDP/K,2022,1,0,0,,
12287,"Hicks, Jordan",LB,2022,WAIVER,,1000,,,,2022,1,0,0,,
12686,"Bosa, Joey",LB,2022,FAA,,1000,15,bid,IDP/K,2023,2,0,0,,
14322,"Edwards, T.J.",LB,2022,WAIVER,,1000,,,,2022,1,0,0,,
12215,"Gregory, Randy",LB,2022,FAA,,1000,15,bid,IDP/K,2022,1,0,0,,
14948,"Walker, Mykal",LB,2022,WAIVER,,2000,,,,2022,1,0,0,,
13307,"Milano, Matt",LB,2022,WAIVER,,6000,,,,2022,1,0,0,,
12239,"Kendricks, Eric",LB,2022,FAA,,2000,9,bid,IDP/K,2022,1,0,0,,
15387,"Werner, Pete",LB,2022,WAIVER,,1000,,,,2022,1,0,0,,
15821,"Dean, Nakobe",LB,2022,ROOKIE,54,,1,adp,IDP/K,2022,1,0,0,,
11728,"Mosley, C.J.",LB,2022,FAA,,2000,9,bid,IDP/K,2022,1,0,0,,
12828,"Grugier-Hill, Kamu",LB,2022,FAA,,1000,15,bid,IDP/K,2022,1,0,0,,
15914,"Rodriguez, Malcolm",LB,2022,WAIVER,,1000,,,,2022,1,0,0,,
14940,"Highsmith, Alex",LB,2022,FAA,,1000,15,bid,IDP/K,2022,1,0,0,,
12745,"Jones, Deion",LB,2022,WAIVER,,3000,,,,2022,1,0,0,,
14928,"Wilson, Logan",LB,2022,WAIVER,,2000,,,,2022,1,0,0,,
10768,"David, Lavonte",LB,2022,FAA,,2000,9,bid,IDP/K,2022,1,0,0,,
13245,"Reddick, Haason",LB,2022,WAIVER,,1000,,,,2022,1,0,0,,
11772,"Kirksey, Christian",LB,2022,WAIVER,,1000,,,,2022,1,0,0,,
12788,"Martinez, Blake",LB,2022,FAA,,2000,9,bid,IDP/K,2022,1,0,0,,
14247,"Greenlaw, Dre",LB,2022,WAIVER,,4000,,,,2022,1,0,0,,
15822,"Lloyd, Devin",LB,2022,ROOKIE,39,,2,adp,IDP/K,2023,2,0,0,,
13702,"Jewell, Josey",LB,2022,FAA,,1000,15,bid,IDP/K,2022,1,0,0,,
13837,"Franklin, Zaire",LB,2022,WAIVER,,1000,,,,2022,1,0,0,,
10816,"Davis, Demario",LB,2022,WAIVER,,1000,,,,2022,1,0,0,,
13696,"Smith, Roquan",LB,2022,FAA,,15000,1,bid,IDP/K,2023,2,0,0,,
14217,"Barton, Cody",LB,2022,FAA,,1000,15,bid,IDP/K,2022,1,0,0,,
12779,"Campbell, De'Vondre",LB,2022,FAA,,4000,6,bid,IDP/K,2022,1,0,0,,
13704,"Nwosu, Uchenna",LB,2022,WAIVER,,1000,,,,2022,1,0,0,,
15831,"Chenal, Leo",LB,2022,ROOKIE,70,,10,adp,IDP/K,2024,3,0,0,,
13214,"Watt, T.J.",LB,2022,ERA,,11000,2,bid,IDP/K,2022,1,0,0,,
14925,"Uche, Josh",LB,2022,WAIVER,,1000,,,,2022,1,0,0,,
12221,"Hunter, Danielle",LB,2022,FAA,,1000,15,bid,IDP/K,2022,1,0,0,,
14257,"Speed, E.J.",LB,2022,WAIVER,,1000,,,,2022,1,0,0,,
15352,"Collins, Zaven",LB,2022,WAIVER,,2000,,,,2022,1,0,0,,
15846,"Walker, Quay",LB,2022,ROOKIE,50,,4,adp,IDP/K,2024,3,0,0,,
14887,"Simmons, Isaiah",LB,2022,WAIVER,,1000,,,,2022,1,0,0,,
14235,"Tranquill, Drue",LB,2022,WAIVER,,3000,,,,2022,1,0,0,,
11721,"Mack, Khalil",LB,2022,FAA,,1000,15,bid,IDP/K,2022,1,0,0,,
14268,"Long, David",LB,2022,WAIVER,,1000,,,,2022,1,0,0,,
13952,"Luvu, Frankie",LB,2022,WAIVER,,2000,,,,2022,1,0,0,,
15807,"Ojabo, David",LB,2022,FAA,,1000,12,adp,IDP/K,2023,2,0,0,,
13426,"Morrow, Nicholas",LB,2022,WAIVER,,1000,,,,2022,1,0,0,,
14412,"Singleton, Alex",LB,2022,WAIVER,,1000,,,,2022,1,0,0,,
15858,"Andersen, Troy",LB,2022,ROOKIE,68,,5,adp,IDP/K,2023,2,0,0,,
10753,"Jones, Chandler",LB,2022,WAIVER,,1000,,,,2022,1,0,0,,
13813,"Oluokun, Foyesade",LB,2022,FAA,,5000,4,bid,IDP/K,2023,2,0,0,,
13216,"Cunningham, Zach",LB,2022,WAIVER,,1000,,,,2022,1,0,0,,
14260,"Holcomb, Cole",LB,2022,FAA,,2000,9,bid,IDP/K,2022,1,0,0,,
12231,"Thompson, Shaq",LB,2022,WAIVER,,1000,,,,2022,1,0,0,,
10775,"Wagner, Bobby",LB,2022,FAA,,9000,3,bid,IDP/K,2022,1,0,0,,
13762,"White, Kyzir",LB,2022,FAA,,2000,9,bid,IDP/K,2022,1,0,0,,
13681,"Chubb, Bradley",LB,2023,WAIVER,,2000,,,,2023,1,0,0,,
16236,"To'oTo'o, Henry",LB,2023,WAIVER,,1000,7,adp,IDP/K,2023,1,0,0,,
15806,"Thibodeaux, Kayvon",LB,2023,WAIVER,,1000,,,,2023,1,0,0,,
16231,"Sanders, Drew",LB,2023,ROOKIE,54,,2,adp,IDP/K,2025,3,1,0,,
14251,"Cashman, Blake",LB,2023,WAIVER,,3000,,,,2023,1,0,0,,
13727,"Vander Esch, Leighton",LB,2023,FAA,,1000,11,bid,IDP/K,2023,1,0,0,,
13268,"Anzalone, Alex",LB,2023,WAIVER,,3000,,,,2023,1,0,0,,
12831,"Roberts, Elandon",LB,2023,WAIVER,,2000,,,,2023,1,0,0,,
14943,"Davis-Gaither, Akeem",LB,2023,WAIVER,,1000,,,,2023,1,0,0,,
14168,"White, Devin",LB,2023,FAA,,2000,4,bid,IDP/K,2023,1,0,0,,
14218,"Okereke, Bobby",LB,2023,FAA,,2000,4,bid,IDP/K,2023,1,0,0,,
14889,"Murray, Kenneth",LB,2023,WAIVER,,4000,,,,2023,1,0,0,,
14590,"Al-Shaair, Azeez",LB,2023,FAA,,1000,11,bid,IDP/K,2023,1,0,0,,
13743,"Warner, Fred",LB,2023,WAIVER,,5000,,,,2023,1,0,0,,
12301,"Smith, Za'Darius",LB,2023,WAIVER,,1000,,,,2023,1,0,0,,
14149,"Gary, Rashan",LB,2023,WAIVER,,1000,,,,2024,2,0,0,,
16280,"Henley, Daiyan",LB,2023,ROOKIE,65,,3,adp,IDP/K,2023,1,0,0,,
13775,"Bentley, Ja'Whaun",LB,2023,WAIVER,,1000,,,,2023,1,0,0,,
12238,"Perryman, Denzel",LB,2023,WAIVER,,2000,,,,2023,1,0,0,,
14303,"Elliss, Kaden",LB,2023,WAIVER,,1000,,,,2023,1,0,0,,
14210,"Pratt, Germaine",LB,2023,WAIVER,,1000,,,,2023,1,0,0,,
13697,"Edmunds, Tremaine",LB,2023,FAA,,1000,11,bid,IDP/K,2023,1,0,0,,
12287,"Hicks, Jordan",LB,2023,WAIVER,,1000,,,,2023,1,0,0,,
14322,"Edwards, T.J.",LB,2023,FAA,,1000,11,bid,IDP/K,2023,1,0,0,,
15351,"Owusu-Koramoah, Jeremiah",LB,2023,WAIVER,,1000,,,,2023,1,0,0,,
13307,"Milano, Matt",LB,2023,FAA,,2000,11,adp,IDP/K,2023,1,0,0,,
12239,"Kendricks, Eric",LB,2023,WAIVER,,1000,,,,2023,1,0,0,,
15387,"Werner, Pete",LB,2023,WAIVER,,3000,,,,2023,1,0,0,,
15869,"Bernard, Terrel",LB,2023,WAIVER,,3000,,,,2024,2,0,0,,
15821,"Dean, Nakobe",LB,2023,FAA,,1000,9,adp,IDP/K,2023,1,0,0,,
11728,"Mosley, C.J.",LB,2023,FAA,,3000,3,bid,IDP/K,2024,2,0,0,,
12828,"Grugier-Hill, Kamu",LB,2023,WAIVER,,1000,,,,2023,1,0,0,,
14896,"Queen, Patrick",LB,2023,FAA,,2000,4,bid,IDP/K,2023,1,0,0,,
14928,"Wilson, Logan",LB,2023,FAA,,1000,11,bid,IDP/K,2023,1,0,0,,
16239,"Campbell, Jack",LB,2023,ROOKIE,53,,1,adp,IDP/K,2023,1,0,0,,
10768,"David, Lavonte",LB,2023,FAA,,1000,11,bid,IDP/K,2023,1,0,0,,
13987,"Spillane, Robert",LB,2023,WAIVER,,1000,,,,2023,1,0,0,,
16284,"Williams, Dorian",LB,2023,ROOKIE,70,,5,adp,IDP/K,2024,2,0,0,,
16234,"Simpson, Trenton",LB,2023,ROOKIE,68,,4,adp,IDP/K,2025,3,1,0,,
14247,"Greenlaw, Dre",LB,2023,WAIVER,,3000,,,,2023,1,0,0,,
13702,"Jewell, Josey",LB,2023,FAA,,2000,4,bid,IDP/K,2023,1,0,0,,
13837,"Franklin, Zaire",LB,2023,FAA,,2000,4,bid,IDP/K,2023,1,0,0,,
14966,"Hudson, Khaleke",LB,2023,WAIVER,,3000,,,,2023,1,0,0,,
10816,"Davis, Demario",LB,2023,WAIVER,,1000,,,,2023,1,0,0,,
12326,"Mayo, David",LB,2023,WAIVER,,1000,,,,2023,1,0,0,,
13733,"Leonard, Shaquille",LB,2023,FAA,,4000,1,bid,IDP/K,2023,1,0,0,,
15399,"Rice, Monty",LB,2023,FAA,,1000,11,bid,IDP/K,2023,1,0,0,,
16383,"Pace, Ivan",LB,2023,WAIVER,,8000,,,,2023,1,0,0,,
15890,"McFadden, Micah",LB,2023,WAIVER,,1000,,,,2023,1,0,0,,
12779,"Campbell, De'Vondre",LB,2023,FAA,,1000,11,bid,IDP/K,2023,1,0,0,,
15355,"Bolton, Nick",LB,2023,WAIVER,,1000,,,,2025,3,1,1,None,2023
14257,"Speed, E.J.",LB,2023,WAIVER,,3000,,,,2023,1,0,0,,
14926,"Gay, Willie",LB,2023,WAIVER,,3000,,,,2023,1,0,0,,
14887,"Simmons, Isaiah",LB,2023,FAA,,1000,11,bid,IDP/K,2023,1,0,0,,
14221,"Williams, Quincy",LB,2023,WAIVER,,2000,,,,2023,1,0,0,,
14235,"Tranquill, Drue",LB,2023,FAA,,1000,11,bid,IDP/K,2023,1,0,0,,
16013,"Landman, Nate",LB,2023,WAIVER,,3000,,,,2023,1,0,0,,
14268,"Long, David",LB,2023,FAA,,1000,11,bid,IDP/K,2023,1,0,0,,
13952,"Luvu, Frankie",LB,2023,FAA,,4000,1,bid,IDP/K,2023,1,0,0,,
13426,"Morrow, Nicholas",LB,2023,WAIVER,,3000,,,,2023,1,0,0,,
14412,"Singleton, Alex",LB,2023,FAA,,1000,11,bid,IDP/K,2023,1,0,0,,
13706,"Baker, Jerome",LB,2023,WAIVER,,1000,,,,2023,1,0,0,,
13306,"Walker, Anthony",LB,2023,FAA,,1000,11,bid,IDP/K,2023,1,0,0,,
14260,"Holcomb, Cole",LB,2023,FAA,,1000,11,bid,IDP/K,2023,1,0,0,,
10775,"Wagner, Bobby",LB,2023,FAA,,2000,4,bid,IDP/K,2023,1,0,0,,
13762,"White, Kyzir",LB,2023,WAIVER,,1000,,,,2023,1,0,0,,
16236,"To'oTo'o, Henry",LB,2024,WAIVER,,1000,,,,2024,1,0,0,,
15404,"Jones, Ernest",LB,2024,ERA,,3000,7,bid,IDP/K,2024,1,0,0,,
16667,"Gray, Cedric",LB,2024,ROOKIE,64,,5,adp,IDP/K,2025,2,1,0,,
14251,"Cashman, Blake",LB,2024,WAIVER,,4000,,,,2024,1,0,0,,
12734,"Floyd, Leonard",LB,2024,WAIVER,,1000,,,,2024,1,0,0,,
13268,"Anzalone, Alex",LB,2024,WAIVER,,1000,,,,2024,1,0,0,,
14943,"Davis-Gaither, Akeem",LB,2024,WAIVER,,1000,,,,2024,1,0,0,,
14168,"White, Devin",LB,2024,WAIVER,,1000,,,,2024,1,0,0,,
14218,"Okereke, Bobby",LB,2024,FAA,,4000,2,bid,IDP/K,2024,1,0,0,,
14169,"Wilson, Mack",LB,2024,WAIVER,,1000,,,,2024,1,0,0,,
14889,"Murray, Kenneth",LB,2024,WAIVER,,3000,,,,2024,1,0,0,,
14590,"Al-Shaair, Azeez",LB,2024,FAA,,2000,12,bid,IDP/K,2024,1,0,0,,
13743,"Warner, Fred",LB,2024,FAA,,4000,2,bid,IDP/K,2025,2,1,0,,
12301,"Smith, Za'Darius",LB,2024,WAIVER,,1000,,,,2024,1,0,0,,
16722,"Knight, Tyrice",LB,2024,WAIVER,,1000,7,adp,IDP/K,2024,1,0,0,,
16280,"Henley, Daiyan",LB,2024,FAA,,1000,17,bid,IDP/K,2024,1,0,0,,
12238,"Perryman, Denzel",LB,2024,WAIVER,,2000,,,,2024,1,0,0,,
14303,"Elliss, Kaden",LB,2024,FAA,,1000,17,bid,IDP/K,2024,1,0,0,,
14210,"Pratt, Germaine",LB,2024,WAIVER,,1000,,,,2024,1,0,0,,
16665,"Colson, Junior",LB,2024,ROOKIE,53,,2,adp,IDP/K,2024,1,0,0,,
15076,"Rozeboom, Christian",LB,2024,WAIVER,,1000,,,,2024,1,0,0,,
13697,"Edmunds, Tremaine",LB,2024,FAA,,1000,17,bid,IDP/K,2024,1,0,0,,
12287,"Hicks, Jordan",LB,2024,FAA,,1000,17,bid,IDP/K,2024,1,0,0,,
14322,"Edwards, T.J.",LB,2024,FAA,,4000,2,bid,IDP/K,2024,1,0,0,,
15351,"Owusu-Koramoah, Jeremiah",LB,2024,FAA,,1000,17,bid,IDP/K,2025,2,1,0,,
12239,"Kendricks, Eric",LB,2024,WAIVER,,4000,,,,2024,1,0,0,,
15387,"Werner, Pete",LB,2024,WAIVER,,1000,,,,2024,1,0,0,,
14892,"Brooks, Jordyn",LB,2024,WAIVER,,1000,,,,2024,1,0,0,,
15821,"Dean, Nakobe",LB,2024,WAIVER,,1000,,,,2024,1,0,0,,
14893,"Baun, Zack",LB,2024,WAIVER,,4000,,,,2025,2,1,0,,
14896,"Queen, Patrick",LB,2024,FAA,,2000,12,bid,IDP/K,2024,1,0,0,,
16009,"Gibbens, Jack",LB,2024,WAIVER,,1000,,,,2024,1,0,0,,
14928,"Wilson, Logan",LB,2024,FAA,,3000,7,bid,IDP/K,2024,1,0,0,,
16704,"Wallace, Trevin",LB,2024,ROOKIE,66,,4,adp,IDP/K,2025,2,1,0,,
16239,"Campbell, Jack",LB,2024,WAIVER,,3000,,,,2025,2,1,1,None,2024
10768,"David, Lavonte",LB,2024,FAA,,3000,7,bid,IDP/K,2024,1,0,0,,
13987,"Spillane, Robert",LB,2024,FAA,,2000,12,bid,IDP/K,2024,1,0,0,,
16283,"Overshown, DeMarvion",LB,2024,WAIVER,,1000,,,,2024,1,0,0,,
16759,"Muasau, Darius",LB,2024,WAIVER,,4000,,,,2024,1,0,0,,
13245,"Reddick, Haason",LB,2024,WAIVER,,4000,,,,2024,1,0,0,,
15385,"Ojulari, Azeez",LB,2024,WAIVER,,1000,,,,2024,1,0,0,,
16305,"Abdullah, Yasir",LB,2024,WAIVER,,1000,,,,2024,1,0,0,,
15822,"Lloyd, Devin",LB,2024,WAIVER,,4000,,,,2024,1,0,0,,
13702,"Jewell, Josey",LB,2024,WAIVER,,1000,,,,2024,1,0,0,,
13837,"Franklin, Zaire",LB,2024,FAA,,4000,2,bid,IDP/K,2024,1,0,0,,
10816,"Davis, Demario",LB,2024,WAIVER,,1000,,,,2024,1,0,0,,
14170,"Bush, Devin",LB,2024,WAIVER,,1000,,,,2024,1,0,0,,
13696,"Smith, Roquan",LB,2024,FAA,,4000,2,bid,IDP/K,2025,2,1,0,,
14217,"Barton, Cody",LB,2024,WAIVER,,2000,,,,2024,1,0,0,,
16383,"Pace, Ivan",LB,2024,FAA,,2000,12,bid,IDP/K,2024,1,0,0,,
15890,"McFadden, Micah",LB,2024,WAIVER,,1000,,,,2024,1,0,0,,
15939,"Spector, Baylon",LB,2024,WAIVER,,1000,,,,2024,1,0,0,,
12779,"Campbell, De'Vondre",LB,2024,FAA,,1000,17,bid,IDP/K,2024,1,0,0,,
16870,"Speights, Omar",LB,2024,WAIVER,,1000,,,,2024,1,0,0,,
16696,"Cooper, Edgerrin",LB,2024,ROOKIE,55,,1,adp,IDP/K,2024,1,0,0,,
14257,"Speed, E.J.",LB,2024,FAA,,1000,17,bid,IDP/K,2024,1,0,0,,
12481,"Hewitt, Neville",LB,2024,WAIVER,,2000,,,,2024,1,0,0,,
15352,"Collins, Zaven",LB,2024,WAIVER,,1000,,,,2024,1,0,0,,
14221,"Williams, Quincy",LB,2024,FAA,,3000,7,bid,IDP/K,2024,1,0,0,,
14200,"Tavai, Jahlani",LB,2024,WAIVER,,2000,,,,2024,1,0,0,,
15428,"Sherwood, Jamien",LB,2024,WAIVER,,1000,,,,2024,1,0,0,,
13952,"Luvu, Frankie",LB,2024,FAA,,1000,17,bid,IDP/K,2024,1,0,0,,
14472,"Dodson, Tyrel",LB,2024,WAIVER,,1000,,,,2024,1,0,0,,
14412,"Singleton, Alex",LB,2024,FAA,,3000,7,bid,IDP/K,2024,1,0,0,,
15858,"Andersen, Troy",LB,2024,WAIVER,,1000,,,,2024,1,0,0,,
13706,"Baker, Jerome",LB,2024,WAIVER,,4000,,,,2024,1,0,0,,
11723,"Van Noy, Kyle",LB,2024,WAIVER,,2000,,,,2024,1,0,0,,
13813,"Oluokun, Foyesade",LB,2024,FAA,,5000,1,bid,IDP/K,2024,1,0,0,,
14979,"Strnad, Justin",LB,2024,WAIVER,,1000,,,,2024,1,0,0,,
16296,"Miller, Ventrell",LB,2024,WAIVER,,1000,,,,2024,1,0,0,,
16716,"Wilson, Payton",LB,2024,ROOKIE,63,,3,adp,IDP/K,2025,2,1,0,,
12231,"Thompson, Shaq",LB,2024,WAIVER,,1000,,,,2024,1,0,0,,
10775,"Wagner, Bobby",LB,2024,FAA,,2000,12,bid,IDP/K,2024,1,0,0,,
13762,"White, Kyzir",LB,2024,WAIVER,,1000,,,,2024,1,0,0,,
13681,"Chubb, Bradley",LB,2025,WAIVER,,1000,,,,2025,1,1,0,,
16236,"To'oTo'o, Henry",LB,2025,WAIVER,,1000,,,,2025,1,1,0,,
16346,"Winters, Dee",LB,2025,WAIVER,,4000,,,,2025,1,1,0,,
15404,"Jones, Ernest",LB,2025,FAA,,4000,2,bid,IDP/K,2025,1,1,0,,
14251,"Cashman, Blake",LB,2025,FAA,,2000,8,bid,IDP/K,2025,1,1,0,,
13268,"Anzalone, Alex",LB,2025,WAIVER,,2000,,,,2025,1,1,0,,
17123,"Campbell, Jihaad",LB,2025,ROOKIE,60,,2,adp,IDP/K,2025,1,1,0,,
14168,"White, Devin",LB,2025,WAIVER,,2000,,,,2025,1,1,0,,
14218,"Okereke, Bobby",LB,2025,FAA,,2000,8,bid,IDP/K,2025,1,1,0,,
14169,"Wilson, Mack",LB,2025,WAIVER,,1000,,,,2025,1,1,0,,
14590,"Al-Shaair, Azeez",LB,2025,FAA,,1000,15,bid,IDP/K,2025,1,1,0,,
17126,"Stutsman, Danny",LB,2025,ROOKIE,72,,5,adp,IDP/K,2025,1,1,0,,
14149,"Gary, Rashan",LB,2025,WAIVER,,1000,,,,2025,1,1,0,,
17212,"Paul, Chris",LB,2025,FAA,,1000,7,adp,IDP/K,2025,1,1,0,,
15975,"Sanborn, Jack",LB,2025,WAIVER,,1000,,,,2025,1,1,0,,
17147,"Schwesinger, Carson",LB,2025,ROOKIE,61,,1,adp,IDP/K,2025,1,1,0,,
16280,"Henley, Daiyan",LB,2025,FAA,,2000,8,bid,IDP/K,2025,1,1,0,,
16492,"Cherelus, Claudin",LB,2025,WAIVER,,1000,,,,2025,1,1,0,,
14303,"Elliss, Kaden",LB,2025,WAIVER,,3000,,,,2025,1,1,0,,
14210,"Pratt, Germaine",LB,2025,FAA,,1000,15,bid,IDP/K,2025,1,1,0,,
15076,"Rozeboom, Christian",LB,2025,FAA,,1000,15,bid,IDP/K,2025,1,1,0,,
13697,"Edmunds, Tremaine",LB,2025,WAIVER,,2000,,,,2025,1,1,0,,
17159,"Martin, Nick",LB,2025,ROOKIE,68,,4,adp,IDP/K,2025,1,1,0,,
17201,"James, Shemar",LB,2025,WAIVER,,1000,,,,2025,1,1,0,,
14322,"Edwards, T.J.",LB,2025,WAIVER,,1000,,,,2025,1,1,0,,
13447,"Wilson, Eric",LB,2025,WAIVER,,2000,,,,2025,1,1,0,,
15387,"Werner, Pete",LB,2025,WAIVER,,1000,,,,2025,1,1,0,,
15869,"Bernard, Terrel",LB,2025,FAA,,2000,8,bid,IDP/K,2025,1,1,0,,
14892,"Brooks, Jordyn",LB,2025,FAA,,4000,2,bid,IDP/K,2025,1,1,0,,
15821,"Dean, Nakobe",LB,2025,FAA,,1000,15,bid,IDP/K,2025,1,1,0,,
16450,"Thomas, Drake",LB,2025,WAIVER,,1000,,,,2025,1,1,0,,
16799,"Bethune, Tatum",LB,2025,WAIVER,,4000,,,,2025,1,1,0,,
14896,"Queen, Patrick",LB,2025,FAA,,1000,15,bid,IDP/K,2025,1,1,0,,
14940,"Highsmith, Alex",LB,2025,WAIVER,,4000,,,,2025,1,1,0,,
14928,"Wilson, Logan",LB,2025,FAA,,2000,8,bid,IDP/K,2025,1,1,0,,
16314,"Dennis, SirVocea",LB,2025,WAIVER,,1000,,,,2025,1,1,0,,
10768,"David, Lavonte",LB,2025,FAA,,1000,15,bid,IDP/K,2025,1,1,0,,
13987,"Spillane, Robert",LB,2025,FAA,,4000,2,bid,IDP/K,2025,1,1,0,,
16283,"Overshown, DeMarvion",LB,2025,WAIVER,,1000,,,,2025,1,1,0,,
14247,"Greenlaw, Dre",LB,2025,WAIVER,,4000,,,,2025,1,1,0,,
15822,"Lloyd, Devin",LB,2025,FAA,,1000,15,bid,IDP/K,2025,1,1,0,,
13837,"Franklin, Zaire",LB,2025,FAA,,5000,1,bid,IDP/K,2025,1,1,0,,
10816,"Davis, Demario",LB,2025,FAA,,1000,15,bid,IDP/K,2025,1,1,0,,
14170,"Bush, Devin",LB,2025,WAIVER,,2000,,,,2025,1,1,0,,
14217,"Barton, Cody",LB,2025,WAIVER,,1000,,,,2025,1,1,0,,
16383,"Pace, Ivan",LB,2025,WAIVER,,1000,,,,2025,1,1,0,,
17124,"Carter, Barrett",LB,2025,WAIVER,,2000,,,,2025,1,1,0,,
13704,"Nwosu, Uchenna",LB,2025,WAIVER,,2000,,,,2025,1,1,0,,
16696,"Cooper, Edgerrin",LB,2025,FAA,,4000,2,bid,IDP/K,2025,1,1,0,,
17125,"Knight, Demetrius",LB,2025,ROOKIE,63,,3,adp,IDP/K,2025,1,1,0,,
15352,"Collins, Zaven",LB,2025,WAIVER,,1000,,,,2025,1,1,0,,
15846,"Walker, Quay",LB,2025,FAA,,1000,15,bid,IDP/K,2025,1,1,0,,
14221,"Williams, Quincy",LB,2025,FAA,,4000,2,bid,IDP/K,2025,1,1,0,,
14235,"Tranquill, Drue",LB,2025,WAIVER,,1000,,,,2025,1,1,0,,
16013,"Landman, Nate",LB,2025,WAIVER,,2000,,,,2025,1,1,0,,
15473,"McDuffie, Isaiah",LB,2025,WAIVER,,2000,,,,2025,1,1,0,,
15428,"Sherwood, Jamien",LB,2025,FAA,,3000,7,bid,IDP/K,2025,1,1,0,,
13952,"Luvu, Frankie",LB,2025,FAA,,1000,15,bid,IDP/K,2025,1,1,0,,
14472,"Dodson, Tyrel",LB,2025,WAIVER,,1000,,,,2025,1,1,0,,
14412,"Singleton, Alex",LB,2025,FAA,,2000,8,bid,IDP/K,2025,1,1,0,,
17185,"Buchanan, Teddye",LB,2025,WAIVER,,1000,9,adp,IDP/K,2025,1,1,0,,
13813,"Oluokun, Foyesade",LB,2025,FAA,,2000,8,bid,IDP/K,2025,1,1,0,,
14979,"Strnad, Justin",LB,2025,WAIVER,,1000,,,,2025,1,1,0,,
10775,"Wagner, Bobby",LB,2025,FAA,,1000,15,bid,IDP/K,2025,1,1,0,,
15622,"Robinson, Curtis",LB,2025,WAIVER,,3000,,,,2025,1,1,0,,
9603,"Buehler, David",PK,2010,WAIVER,,1,,,,2010,1,0,0,,
7859,"Nugent, Mike",PK,2010,WAIVER,,2,,,,2010,1,0,0,,
7527,"Scobee, Josh",PK,2010,WAIVER,,1,,,,2010,1,0,0,,
5168,"Tynes, Lawrence",PK,2010,WAIVER,,1,,,,2010,1,0,0,,
9299,"Carpenter, Dan",PK,2010,WAIVER,,1,,,,2010,1,0,0,,
2842,"Vinatieri, Adam",PK,2010,WAIVER,,1,,,,2010,1,0,0,,
8851,"Folk, Nick",PK,2010,WAIVER,,1,,,,2010,1,0,0,,
9686,"Succop, Ryan",PK,2010,WAIVER,,1,,,,2012,3,0,0,,
6789,"Bryant, Matt",PK,2010,WAIVER,,1,,,,2010,1,0,0,,
8074,"Bironas, Rob",PK,2010,WAIVER,,1,,,,2010,1,0,0,,
5666,"Janikowski, Sebastian",PK,2010,WAIVER,,1,,,,2010,1,0,0,,
8359,"Gostkowski, Stephen",PK,2010,WAIVER,,1,,,,2010,1,0,0,,
7859,"Nugent, Mike",PK,2011,WAIVER,,1000,,,,2011,1,0,0,,
7527,"Scobee, Josh",PK,2011,WAIVER,,1000,,,,2011,1,0,0,,
9694,"Gano, Graham",PK,2011,WAIVER,,2000,,,,2012,2,0,0,,
7150,"Brown, Josh",PK,2011,FAA,,2000,3,bid,IDP/K,2012,2,0,0,,
8930,"Prater, Matt",PK,2011,FAA,,1000,6,bid,IDP/K,2011,1,0,0,,
8742,"Crosby, Mason",PK,2011,FAA,,1000,6,bid,IDP/K,2011,1,0,0,,
10506,"Bailey, Dan",PK,2011,WAIVER,,1000,,,,2011,1,0,0,,
9360,"Hartley, Garrett",PK,2011,FAA,,3000,1,bid,IDP/K,2011,1,0,0,,
10365,"Henery, Alex",PK,2011,WAIVER,,1000,,,,2011,1,0,0,,
6776,"Cundiff, Billy",PK,2011,FAA,,1000,6,bid,IDP/K,2011,1,0,0,,
9299,"Carpenter, Dan",PK,2011,WAIVER,,1000,,,,2012,2,0,0,,
2842,"Vinatieri, Adam",PK,2011,FAA,,1000,6,bid,IDP/K,2011,1,0,0,,
8851,"Folk, Nick",PK,2011,WAIVER,,1000,,,,2011,1,0,0,,
3579,"Akers, David",PK,2011,WAIVER,,1000,,,,2011,1,0,0,,
6789,"Bryant, Matt",PK,2011,FAA,,2000,3,bid,IDP/K,2011,1,0,0,,
8074,"Bironas, Rob",PK,2011,FAA,,1000,6,bid,IDP/K,2011,1,0,0,,
5666,"Janikowski, Sebastian",PK,2011,FAA,,1000,6,bid,IDP/K,2011,1,0,0,,
8359,"Gostkowski, Stephen",PK,2011,FAA,,3000,1,bid,IDP/K,2011,1,0,0,,
7455,"Kaeding, Nate",PK,2011,FAA,,1000,6,bid,IDP/K,2011,1,0,0,,
3494,"Dawson, Phil",PK,2011,WAIVER,,1000,,,,2011,1,0,0,,
8153,"Gould, Robbie",PK,2011,WAIVER,,3000,,,,2011,1,0,0,,
8144,"Novak, Nick",PK,2011,WAIVER,,1000,,,,2011,1,0,0,,
5818,"Rackers, Neil",PK,2011,FAA,,2000,3,bid,IDP/K,2011,1,0,0,,
9307,"Barth, Connor",PK,2012,FAA,,1000,3,bid,IDP/K,2013,2,0,0,,
8930,"Prater, Matt",PK,2012,WAIVER,,4000,,,,2012,1,0,0,,
8742,"Crosby, Mason",PK,2012,FAA,,2000,2,bid,IDP/K,2012,1,0,0,,
10506,"Bailey, Dan",PK,2012,FAA,,1000,3,bid,IDP/K,2012,1,0,0,,
9360,"Hartley, Garrett",PK,2012,FAA,,1000,3,bid,IDP/K,2012,1,0,0,,
5168,"Tynes, Lawrence",PK,2012,WAIVER,,1000,,,,2012,1,0,0,,
10872,"Walsh, Blair",PK,2012,WAIVER,,3000,,,,2012,1,0,0,,
10976,"Tucker, Justin",PK,2012,WAIVER,,1000,,,,2012,1,0,0,,
2842,"Vinatieri, Adam",PK,2012,WAIVER,,1000,,,,2012,1,0,0,,
8851,"Folk, Nick",PK,2012,WAIVER,,1000,,,,2012,1,0,0,,
6789,"Bryant, Matt",PK,2012,FAA,,1000,3,bid,IDP/K,2012,1,0,0,,
8074,"Bironas, Rob",PK,2012,WAIVER,,1000,,,,2012,1,0,0,,
5666,"Janikowski, Sebastian",PK,2012,FAA,,3000,1,bid,IDP/K,2012,1,0,0,,
10868,"Zuerlein, Greg",PK,2012,FAA,,1000,3,bid,IDP/K,2013,2,0,0,,
7455,"Kaeding, Nate",PK,2012,FAA,,1000,3,bid,IDP/K,2012,1,0,0,,
8153,"Gould, Robbie",PK,2012,FAA,,1000,3,bid,IDP/K,2012,1,0,0,,
10862,"Bullock, Randy",PK,2013,FAA,,1000,5,bid,IDP/K,2013,1,0,0,,
7527,"Scobee, Josh",PK,2013,WAIVER,,1000,,,,2014,2,0,0,,
10487,"Forbath, Kai",PK,2013,FAA,,2000,1,bid,IDP/K,2013,1,0,0,,
1275,"Hanson, Jason",PK,2013,FAA,,1000,5,bid,IDP/K,2013,1,0,0,,
9694,"Gano, Graham",PK,2013,WAIVER,,1000,,,,2013,1,0,0,,
7150,"Brown, Josh",PK,2013,FAA,,1000,5,bid,IDP/K,2013,1,0,0,,
8930,"Prater, Matt",PK,2013,FAA,,1000,5,bid,IDP/K,2013,1,0,0,,
8742,"Crosby, Mason",PK,2013,WAIVER,,1000,,,,2013,1,0,0,,
10506,"Bailey, Dan",PK,2013,FAA,,1000,5,bid,IDP/K,2014,2,0,0,,
9360,"Hartley, Garrett",PK,2013,WAIVER,,2000,,,,2014,2,0,0,,
10365,"Henery, Alex",PK,2013,WAIVER,,1000,,,,2013,1,0,0,,
10872,"Walsh, Blair",PK,2013,FAA,,2000,1,bid,IDP/K,2013,1,0,0,,
9299,"Carpenter, Dan",PK,2013,WAIVER,,1000,,,,2013,1,0,0,,
10976,"Tucker, Justin",PK,2013,FAA,,1000,5,bid,IDP/K,2015,3,0,0,,
2842,"Vinatieri, Adam",PK,2013,WAIVER,,1000,,,,2013,1,0,0,,
8851,"Folk, Nick",PK,2013,WAIVER,,3000,,,,2013,1,0,0,,
3579,"Akers, David",PK,2013,WAIVER,,1000,,,,2013,1,0,0,,
9686,"Succop, Ryan",PK,2013,WAIVER,,1000,,,,2016,4,0,0,,
6789,"Bryant, Matt",PK,2013,FAA,,2000,1,bid,IDP/K,2013,1,0,0,,
8074,"Bironas, Rob",PK,2013,FAA,,1000,5,bid,IDP/K,2013,1,0,0,,
5666,"Janikowski, Sebastian",PK,2013,WAIVER,,1000,,,,2014,2,0,0,,
8359,"Gostkowski, Stephen",PK,2013,FAA,,2000,1,bid,IDP/K,2013,1,0,0,,
3494,"Dawson, Phil",PK,2013,FAA,,1000,5,bid,IDP/K,2013,1,0,0,,
8153,"Gould, Robbie",PK,2013,WAIVER,,2000,,,,2014,2,0,0,,
8144,"Novak, Nick",PK,2013,WAIVER,,2000,,,,2013,1,0,0,,
10862,"Bullock, Randy",PK,2014,WAIVER,,1000,,,,2014,1,0,0,,
11966,"Parkey, Cody",PK,2014,WAIVER,,1000,,,,2014,1,0,0,,
9694,"Gano, Graham",PK,2014,WAIVER,,1000,,,,2014,1,0,0,,
7150,"Brown, Josh",PK,2014,WAIVER,,1000,,,,2014,1,0,0,,
8930,"Prater, Matt",PK,2014,FAA,,3000,1,bid,IDP/K,2015,2,0,0,,
8742,"Crosby, Mason",PK,2014,FAA,,1000,3,bid,IDP/K,2014,1,0,0,,
10365,"Henery, Alex",PK,2014,FAA,,1000,3,bid,IDP/K,2014,1,0,0,,
6776,"Cundiff, Billy",PK,2014,WAIVER,,1000,,,,2014,1,0,0,,
10872,"Walsh, Blair",PK,2014,FAA,,1000,3,bid,IDP/K,2014,1,0,0,,
9299,"Carpenter, Dan",PK,2014,WAIVER,,1000,,,,2014,1,0,0,,
2842,"Vinatieri, Adam",PK,2014,FAA,,1000,3,bid,IDP/K,2014,1,0,0,,
8851,"Folk, Nick",PK,2014,FAA,,1000,3,bid,IDP/K,2020,7,0,0,,
6789,"Bryant, Matt",PK,2014,WAIVER,,1000,,,,2014,1,0,0,,
9319,"Hauschka, Steven",PK,2014,FAA,,1000,3,bid,IDP/K,2015,2,0,0,,
10868,"Zuerlein, Greg",PK,2014,FAA,,1000,3,bid,IDP/K,2014,1,0,0,,
8359,"Gostkowski, Stephen",PK,2014,FAA,,2000,2,bid,IDP/K,2016,3,0,0,,
3494,"Dawson, Phil",PK,2014,FAA,,1000,3,bid,IDP/K,2014,1,0,0,,
8144,"Novak, Nick",PK,2014,FAA,,1000,3,bid,IDP/K,2014,1,0,0,,
11947,"McManus, Brandon",PK,2015,WAIVER,,2000,,,,2015,1,0,0,,
10862,"Bullock, Randy",PK,2015,WAIVER,,1000,,,,2017,3,0,0,,
7859,"Nugent, Mike",PK,2015,WAIVER,,1000,,,,2015,1,0,0,,
11936,"Boswell, Chris",PK,2015,WAIVER,,1000,,,,2015,1,0,0,,
7527,"Scobee, Josh",PK,2015,WAIVER,,1000,,,,2015,1,0,0,,
12417,"Lambo, Josh",PK,2015,WAIVER,,1000,,,,2015,1,0,0,,
11966,"Parkey, Cody",PK,2015,FAA,,2000,2,bid,IDP/K,2017,3,0,0,,
9694,"Gano, Graham",PK,2015,WAIVER,,1000,,,,2015,1,0,0,,
7150,"Brown, Josh",PK,2015,WAIVER,,1000,,,,2015,1,0,0,,
8742,"Crosby, Mason",PK,2015,FAA,,1000,5,bid,IDP/K,2015,1,0,0,,
10506,"Bailey, Dan",PK,2015,FAA,,3000,1,bid,IDP/K,2015,1,0,0,,
9360,"Hartley, Garrett",PK,2015,FAA,,1000,5,bid,IDP/K,2015,1,0,0,,
10872,"Walsh, Blair",PK,2015,WAIVER,,1000,,,,2015,1,0,0,,
9299,"Carpenter, Dan",PK,2015,FAA,,2000,2,bid,IDP/K,2015,1,0,0,,
2842,"Vinatieri, Adam",PK,2015,FAA,,2000,2,bid,IDP/K,2015,1,0,0,,
6789,"Bryant, Matt",PK,2015,FAA,,1000,5,bid,IDP/K,2015,1,0,0,,
5666,"Janikowski, Sebastian",PK,2015,WAIVER,,1000,,,,2015,1,0,0,,
10868,"Zuerlein, Greg",PK,2015,FAA,,1000,5,bid,IDP/K,2016,2,0,0,,
11387,"Hopkins, Dustin",PK,2015,WAIVER,,1000,,,,2015,1,0,0,,
11384,"Sturgis, Caleb",PK,2015,FAA,,1000,5,bid,IDP/K,2015,1,0,0,,
8153,"Gould, Robbie",PK,2015,WAIVER,,3000,,,,2015,1,0,0,,
8144,"Novak, Nick",PK,2015,WAIVER,,1000,,,,2015,1,0,0,,
11947,"McManus, Brandon",PK,2016,WAIVER,,2000,,,,2016,1,0,0,,
7859,"Nugent, Mike",PK,2016,WAIVER,,1000,,,,2018,3,0,0,,
11936,"Boswell, Chris",PK,2016,FAA,,1000,4,bid,IDP/K,2016,1,0,0,,
12437,"Myers, Jason",PK,2016,WAIVER,,1000,,,,2017,2,0,0,,
12417,"Lambo, Josh",PK,2016,WAIVER,,1000,,,,2016,1,0,0,,
9694,"Gano, Graham",PK,2016,FAA,,2000,1,bid,IDP/K,2016,1,0,0,,
7150,"Brown, Josh",PK,2016,FAA,,1000,4,bid,IDP/K,2016,1,0,0,,
8930,"Prater, Matt",PK,2016,WAIVER,,1000,,,,2016,1,0,0,,
8742,"Crosby, Mason",PK,2016,WAIVER,,1000,,,,2016,1,0,0,,
10506,"Bailey, Dan",PK,2016,FAA,,1000,4,bid,IDP/K,2016,1,0,0,,
12956,"Lutz, Wil",PK,2016,WAIVER,,2000,,,,2016,1,0,0,,
10872,"Walsh, Blair",PK,2016,FAA,,1000,4,bid,IDP/K,2016,1,0,0,,
10976,"Tucker, Justin",PK,2016,FAA,,2000,1,bid,IDP/K,2016,1,0,0,,
2842,"Vinatieri, Adam",PK,2016,WAIVER,,2000,,,,2016,1,0,0,,
6789,"Bryant, Matt",PK,2016,WAIVER,,2000,,,,2016,1,0,0,,
5666,"Janikowski, Sebastian",PK,2016,WAIVER,,2000,,,,2016,1,0,0,,
9319,"Hauschka, Steven",PK,2016,FAA,,1000,4,bid,IDP/K,2016,1,0,0,,
11960,"Catanzaro, Chandler",PK,2016,FAA,,2000,1,bid,IDP/K,2016,1,0,0,,
11387,"Hopkins, Dustin",PK,2016,FAA,,1000,4,bid,IDP/K,2016,1,0,0,,
8153,"Gould, Robbie",PK,2016,FAA,,1000,4,bid,IDP/K,2016,1,0,0,,
8144,"Novak, Nick",PK,2016,WAIVER,,1000,,,,2016,1,0,0,,
11945,"Santos, Cairo",PK,2016,FAA,,1000,4,bid,IDP/K,2016,1,0,0,,
11947,"McManus, Brandon",PK,2017,WAIVER,,1000,,,,2017,1,0,0,,
11936,"Boswell, Chris",PK,2017,WAIVER,,4000,,,,2017,1,0,0,,
12417,"Lambo, Josh",PK,2017,WAIVER,,1000,,,,2017,1,0,0,,
9694,"Gano, Graham",PK,2017,WAIVER,,1000,,,,2017,1,0,0,,
11339,"Tavecchio, Giorgio",PK,2017,WAIVER,,1000,,,,2017,1,0,0,,
8930,"Prater, Matt",PK,2017,FAA,,1000,4,bid,IDP/K,2017,1,0,0,,
8742,"Crosby, Mason",PK,2017,FAA,,1000,4,bid,IDP/K,2017,1,0,0,,
10506,"Bailey, Dan",PK,2017,FAA,,1000,4,bid,IDP/K,2017,1,0,0,,
13354,"Butker, Harrison",PK,2017,WAIVER,,4000,,,,2017,1,0,0,,
12956,"Lutz, Wil",PK,2017,FAA,,1000,4,bid,IDP/K,2017,1,0,0,,
10872,"Walsh, Blair",PK,2017,WAIVER,,1000,,,,2017,1,0,0,,
10976,"Tucker, Justin",PK,2017,FAA,,4000,1,bid,IDP/K,2017,1,0,0,,
2842,"Vinatieri, Adam",PK,2017,FAA,,1000,4,bid,IDP/K,2017,1,0,0,,
9686,"Succop, Ryan",PK,2017,WAIVER,,3000,,,,2017,1,0,0,,
6789,"Bryant, Matt",PK,2017,FAA,,2000,3,bid,IDP/K,2017,1,0,0,,
12860,"Fairbairn, Ka'imi",PK,2017,WAIVER,,1000,,,,2017,1,0,0,,
5666,"Janikowski, Sebastian",PK,2017,FAA,,1000,4,bid,IDP/K,2017,1,0,0,,
10868,"Zuerlein, Greg",PK,2017,WAIVER,,1000,,,,2017,1,0,0,,
8359,"Gostkowski, Stephen",PK,2017,FAA,,4000,1,bid,IDP/K,2017,1,0,0,,
11387,"Hopkins, Dustin",PK,2017,FAA,,1000,4,bid,IDP/K,2017,1,0,0,,
13303,"Elliott, Jake",PK,2017,WAIVER,,1000,,,,2017,1,0,0,,
8153,"Gould, Robbie",PK,2017,WAIVER,,1000,,,,2017,1,0,0,,
11945,"Santos, Cairo",PK,2017,FAA,,1000,4,bid,IDP/K,2018,2,0,0,,
11947,"McManus, Brandon",PK,2018,FAA,,1000,9,bid,IDP/K,2018,1,0,0,,
10862,"Bullock, Randy",PK,2018,WAIVER,,1000,,,,2018,1,0,0,,
11936,"Boswell, Chris",PK,2018,FAA,,1000,9,bid,IDP/K,2018,1,0,0,,
12437,"Myers, Jason",PK,2018,WAIVER,,1000,,,,2018,1,0,0,,
10487,"Forbath, Kai",PK,2018,FAA,,1000,9,bid,IDP/K,2018,1,0,0,,
12417,"Lambo, Josh",PK,2018,WAIVER,,1000,,,,2018,1,0,0,,
11966,"Parkey, Cody",PK,2018,WAIVER,,2000,,,,2018,1,0,0,,
9694,"Gano, Graham",PK,2018,WAIVER,,1000,,,,2018,1,0,0,,
11339,"Tavecchio, Giorgio",PK,2018,WAIVER,,1000,,,,2018,1,0,0,,
8930,"Prater, Matt",PK,2018,FAA,,1000,9,bid,IDP/K,2018,1,0,0,,
8742,"Crosby, Mason",PK,2018,FAA,,3000,1,bid,IDP/K,2018,1,0,0,,
10506,"Bailey, Dan",PK,2018,WAIVER,,3000,,,,2018,1,0,0,,
13354,"Butker, Harrison",PK,2018,FAA,,2000,5,bid,IDP/K,2018,1,0,0,,
12956,"Lutz, Wil",PK,2018,FAA,,2000,5,bid,IDP/K,2018,1,0,0,,
13718,"Carlson, Daniel",PK,2018,WAIVER,,1000,,,,2018,1,0,0,,
13980,"Badgley, Mike",PK,2018,WAIVER,,1000,,,,2018,1,0,0,,
13241,"Rosas, Aldrick",PK,2018,WAIVER,,4000,,,,2018,1,0,0,,
10976,"Tucker, Justin",PK,2018,FAA,,3000,1,bid,IDP/K,2018,1,0,0,,
2842,"Vinatieri, Adam",PK,2018,WAIVER,,1000,,,,2018,1,0,0,,
13909,"Maher, Brett",PK,2018,WAIVER,,1000,,,,2018,1,0,0,,
9686,"Succop, Ryan",PK,2018,FAA,,1000,9,bid,IDP/K,2018,1,0,0,,
6789,"Bryant, Matt",PK,2018,WAIVER,,2000,,,,2018,1,0,0,,
12860,"Fairbairn, Ka'imi",PK,2018,WAIVER,,4000,,,,2018,1,0,0,,
5666,"Janikowski, Sebastian",PK,2018,WAIVER,,1000,,,,2018,1,0,0,,
10868,"Zuerlein, Greg",PK,2018,FAA,,3000,1,bid,IDP/K,2018,1,0,0,,
8359,"Gostkowski, Stephen",PK,2018,FAA,,3000,1,bid,IDP/K,2018,1,0,0,,
11387,"Hopkins, Dustin",PK,2018,WAIVER,,1000,,,,2019,2,0,0,,
13303,"Elliott, Jake",PK,2018,FAA,,2000,5,bid,IDP/K,2018,1,0,0,,
8153,"Gould, Robbie",PK,2018,FAA,,2000,5,bid,IDP/K,2018,1,0,0,,
11947,"McManus, Brandon",PK,2019,WAIVER,,1000,20,adp,IDP/K,2019,1,0,0,,
13347,"Gonzalez, Zane",PK,2019,WAIVER,,1000,,,,2019,1,0,0,,
10862,"Bullock, Randy",PK,2019,WAIVER,,1000,,,,2019,1,0,0,,
7859,"Nugent, Mike",PK,2019,WAIVER,,1000,,,,2019,1,0,0,,
14244,"Gay, Matt",PK,2019,WAIVER,,1000,,,,2019,1,0,0,,
11936,"Boswell, Chris",PK,2019,WAIVER,,1000,18,adp,IDP/K,2019,1,0,0,,
12437,"Myers, Jason",PK,2019,FAA,,1000,10,adp,IDP/K,2019,1,0,0,,
12417,"Lambo, Josh",PK,2019,WAIVER,,1000,23,adp,IDP/K,2019,1,0,0,,
14717,"McLaughlin, Chase",PK,2019,WAIVER,,1000,,,,2019,1,0,0,,
13403,"Koo, Younghoe",PK,2019,WAIVER,,4000,,,,2019,1,0,0,,
11339,"Tavecchio, Giorgio",PK,2019,FAA,,1000,12,adp,IDP/K,2019,1,0,0,,
8930,"Prater, Matt",PK,2019,FAA,,1000,11,adp,IDP/K,2019,1,0,0,,
8742,"Crosby, Mason",PK,2019,WAIVER,,3000,14,adp,IDP/K,2019,1,0,0,,
10506,"Bailey, Dan",PK,2019,WAIVER,,7000,22,adp,IDP/K,2019,1,0,0,,
13354,"Butker, Harrison",PK,2019,FAA,,2000,3,adp,IDP/K,2019,1,0,0,,
12956,"Lutz, Wil",PK,2019,FAA,,2000,4,adp,IDP/K,2020,2,0,0,,
13980,"Badgley, Mike",PK,2019,WAIVER,,3000,15,adp,IDP/K,2019,1,0,0,,
14258,"Seibert, Austin",PK,2019,WAIVER,,1000,,,,2019,1,0,0,,
10976,"Tucker, Justin",PK,2019,FAA,,2000,2,adp,IDP/K,2019,1,0,0,,
13719,"Pineiro, Eddy",PK,2019,WAIVER,,2000,,,,2019,1,0,0,,
13909,"Maher, Brett",PK,2019,FAA,,1000,17,adp,IDP/K,2019,1,0,0,,
6789,"Bryant, Matt",PK,2019,WAIVER,,1000,8,adp,IDP/K,2019,1,0,0,,
12860,"Fairbairn, Ka'imi",PK,2019,FAA,,3000,7,adp,IDP/K,2019,1,0,0,,
10868,"Zuerlein, Greg",PK,2019,FAA,,4000,1,adp,IDP/K,2019,1,0,0,,
14600,"Slye, Joey",PK,2019,WAIVER,,1000,,,,2019,1,0,0,,
8359,"Gostkowski, Stephen",PK,2019,FAA,,3000,5,adp,IDP/K,2019,1,0,0,,
13303,"Elliott, Jake",PK,2019,WAIVER,,1000,9,adp,IDP/K,2019,1,0,0,,
8153,"Gould, Robbie",PK,2019,FAA,,1000,6,adp,IDP/K,2019,1,0,0,,
11945,"Santos, Cairo",PK,2019,FAA,,1000,7,bid,IDP/K,2019,1,0,0,,
11947,"McManus, Brandon",PK,2020,WAIVER,,1000,19,adp,IDP/K,2020,1,0,0,,
13347,"Gonzalez, Zane",PK,2020,FAA,,1000,15,adp,IDP/K,2020,1,0,0,,
10862,"Bullock, Randy",PK,2020,WAIVER,,3000,,,,2020,1,0,0,,
14244,"Gay, Matt",PK,2020,FAA,,1000,13,adp,IDP/K,2020,1,0,0,,
11936,"Boswell, Chris",PK,2020,WAIVER,,1000,18,adp,IDP/K,2020,1,0,0,,
12437,"Myers, Jason",PK,2020,WAIVER,,2000,20,adp,IDP/K,2020,1,0,0,,
11966,"Parkey, Cody",PK,2020,WAIVER,,1000,,,,2020,1,0,0,,
9694,"Gano, Graham",PK,2020,WAIVER,,2000,,,,2020,1,0,0,,
13403,"Koo, Younghoe",PK,2020,FAA,,1000,9,adp,IDP/K,2020,1,0,0,,
8930,"Prater, Matt",PK,2020,FAA,,1000,11,adp,IDP/K,2020,1,0,0,,
8742,"Crosby, Mason",PK,2020,FAA,,1000,14,adp,IDP/K,2020,1,0,0,,
10506,"Bailey, Dan",PK,2020,FAA,,1000,8,adp,IDP/K,2020,1,0,0,,
14912,"Blankenship, Rodrigo",PK,2020,WAIVER,,1000,,,,2020,1,0,0,,
15024,"Sloman, Sam",PK,2020,WAIVER,,1000,10,adp,IDP/K,2020,1,0,0,,
13354,"Butker, Harrison",PK,2020,ERA,,3000,2,adp,IDP/K,2020,1,0,0,,
13718,"Carlson, Daniel",PK,2020,WAIVER,,1000,,,,2020,1,0,0,,
10976,"Tucker, Justin",PK,2020,FAA,,2000,1,adp,IDP/K,2022,3,0,0,,
14983,"Bass, Tyler",PK,2020,WAIVER,,1000,,,,2020,1,0,0,,
9686,"Succop, Ryan",PK,2020,WAIVER,,1000,12,adp,IDP/K,2020,1,0,0,,
12860,"Fairbairn, Ka'imi",PK,2020,FAA,,1000,7,adp,IDP/K,2020,1,0,0,,
10868,"Zuerlein, Greg",PK,2020,FAA,,2000,5,adp,IDP/K,2020,1,0,0,,
14600,"Slye, Joey",PK,2020,WAIVER,,1000,,,,2020,1,0,0,,
8359,"Gostkowski, Stephen",PK,2020,WAIVER,,1000,,,,2020,1,0,0,,
13832,"Sanders, Jason",PK,2020,WAIVER,,1000,,,,2020,1,0,0,,
11387,"Hopkins, Dustin",PK,2020,WAIVER,,1000,,,,2020,1,0,0,,
14965,"Rohrwasser, Justin",PK,2020,FAA,,2000,4,adp,IDP/K,2020,1,0,0,,
8153,"Gould, Robbie",PK,2020,FAA,,1000,6,adp,IDP/K,2020,1,0,0,,
11945,"Santos, Cairo",PK,2020,WAIVER,,1000,,,,2020,1,0,0,,
11947,"McManus, Brandon",PK,2021,WAIVER,,4000,14,adp,IDP/K,2021,1,0,0,,
13347,"Gonzalez, Zane",PK,2021,WAIVER,,4000,,,,2021,1,0,0,,
10862,"Bullock, Randy",PK,2021,WAIVER,,2000,,,,2021,1,0,0,,
14244,"Gay, Matt",PK,2021,FAA,,1000,15,adp,IDP/K,2021,1,0,0,,
11936,"Boswell, Chris",PK,2021,WAIVER,,1000,18,adp,IDP/K,2021,1,0,0,,
12437,"Myers, Jason",PK,2021,FAA,,2000,11,adp,IDP/K,2021,1,0,0,,
15369,"Patterson, Riley",PK,2021,WAIVER,,2000,,,,2021,1,0,0,,
14717,"McLaughlin, Chase",PK,2021,WAIVER,,1000,,,,2021,1,0,0,,
9694,"Gano, Graham",PK,2021,WAIVER,,2000,20,adp,IDP/K,2021,1,0,0,,
13403,"Koo, Younghoe",PK,2021,FAA,,2000,3,adp,IDP/K,2021,1,0,0,,
8930,"Prater, Matt",PK,2021,WAIVER,,2000,17,adp,IDP/K,2021,1,0,0,,
8742,"Crosby, Mason",PK,2021,WAIVER,,3000,12,adp,IDP/K,2021,1,0,0,,
14912,"Blankenship, Rodrigo",PK,2021,FAA,,2000,10,adp,IDP/K,2021,1,0,0,,
13354,"Butker, Harrison",PK,2021,FAA,,3000,2,adp,IDP/K,2021,1,0,0,,
12956,"Lutz, Wil",PK,2021,FAA,,1000,16,adp,IDP/K,2021,1,0,0,,
13718,"Carlson, Daniel",PK,2021,FAA,,1000,8,adp,IDP/K,2021,1,0,0,,
15368,"McPherson, Evan",PK,2021,WAIVER,,2000,4,adp,IDP/K,2021,1,0,0,,
8851,"Folk, Nick",PK,2021,WAIVER,,1000,,,,2021,1,0,0,,
14983,"Bass, Tyler",PK,2021,WAIVER,,3000,5,adp,IDP/K,2021,1,0,0,,
9686,"Succop, Ryan",PK,2021,FAA,,1000,6,adp,IDP/K,2021,1,0,0,,
13898,"Joseph, Greg",PK,2021,WAIVER,,1000,,,,2021,1,0,0,,
10868,"Zuerlein, Greg",PK,2021,FAA,,1000,7,adp,IDP/K,2021,1,0,0,,
13832,"Sanders, Jason",PK,2021,FAA,,2000,9,adp,IDP/K,2021,1,0,0,,
11387,"Hopkins, Dustin",PK,2021,WAIVER,,2000,21,adp,IDP/K,2021,1,0,0,,
13303,"Elliott, Jake",PK,2021,WAIVER,,4000,,,,2021,1,0,0,,
8153,"Gould, Robbie",PK,2021,FAA,,1000,13,adp,IDP/K,2021,1,0,0,,
11945,"Santos, Cairo",PK,2021,FAA,,1000,19,adp,IDP/K,2021,1,0,0,,
11947,"McManus, Brandon",PK,2022,FAA,,1000,15,adp,IDP/K,2022,1,0,0,,
10862,"Bullock, Randy",PK,2022,WAIVER,,3000,,,,2022,1,0,0,,
14244,"Gay, Matt",PK,2022,FAA,,3000,6,adp,IDP/K,2022,1,0,0,,
15979,"Dicker, Cameron",PK,2022,WAIVER,,3000,,,,2022,1,0,0,,
11936,"Boswell, Chris",PK,2022,WAIVER,,1000,12,adp,IDP/K,2022,1,0,0,,
12437,"Myers, Jason",PK,2022,WAIVER,,2000,,,,2022,1,0,0,,
14426,"Wright, Matthew",PK,2022,WAIVER,,1000,,,,2022,1,0,0,,
15369,"Patterson, Riley",PK,2022,WAIVER,,1000,,,,2022,1,0,0,,
14717,"McLaughlin, Chase",PK,2022,WAIVER,,1000,,,,2022,1,0,0,,
9694,"Gano, Graham",PK,2022,WAIVER,,3000,,,,2022,1,0,0,,
13403,"Koo, Younghoe",PK,2022,FAA,,1000,9,adp,IDP/K,2022,1,0,0,,
8930,"Prater, Matt",PK,2022,WAIVER,,1000,14,adp,IDP/K,2022,1,0,0,,
14912,"Blankenship, Rodrigo",PK,2022,FAA,,1000,11,adp,IDP/K,2022,1,0,0,,
13354,"Butker, Harrison",PK,2022,FAA,,2000,7,adp,IDP/K,2022,1,0,0,,
12956,"Lutz, Wil",PK,2022,WAIVER,,1000,17,adp,IDP/K,2022,1,0,0,,
13718,"Carlson, Daniel",PK,2022,FAA,,1000,4,adp,IDP/K,2022,1,0,0,,
13980,"Badgley, Mike",PK,2022,WAIVER,,1000,,,,2022,1,0,0,,
13719,"Pineiro, Eddy",PK,2022,WAIVER,,1000,,,,2022,1,0,0,,
15368,"McPherson, Evan",PK,2022,FAA,,3000,3,adp,IDP/K,2022,1,0,0,,
8851,"Folk, Nick",PK,2022,FAA,,1000,10,adp,IDP/K,2022,1,0,0,,
14983,"Bass, Tyler",PK,2022,FAA,,2000,5,adp,IDP/K,2022,1,0,0,,
13909,"Maher, Brett",PK,2022,WAIVER,,1000,18,adp,IDP/K,2022,1,0,0,,
9686,"Succop, Ryan",PK,2022,FAA,,1000,8,adp,IDP/K,2022,1,0,0,,
13898,"Joseph, Greg",PK,2022,FAA,,1000,20,adp,IDP/K,2022,1,0,0,,
12860,"Fairbairn, Ka'imi",PK,2022,WAIVER,,1000,,,,2022,1,0,0,,
10868,"Zuerlein, Greg",PK,2022,WAIVER,,1000,,,,2022,1,0,0,,
15882,"York, Cade",PK,2022,WAIVER,,1000,2,adp,IDP/K,2022,1,0,0,,
13832,"Sanders, Jason",PK,2022,FAA,,2000,19,adp,IDP/K,2022,1,0,0,,
13303,"Elliott, Jake",PK,2022,WAIVER,,2000,21,adp,IDP/K,2022,1,0,0,,
8153,"Gould, Robbie",PK,2022,WAIVER,,1000,16,adp,IDP/K,2022,1,0,0,,
11947,"McManus, Brandon",PK,2023,WAIVER,,4000,22,adp,IDP/K,2023,1,0,0,,
14244,"Gay, Matt",PK,2023,WAIVER,,4000,20,adp,IDP/K,2023,1,0,0,,
15979,"Dicker, Cameron",PK,2023,FAA,,1000,13,adp,IDP/K,2023,1,0,0,,
12437,"Myers, Jason",PK,2023,FAA,,1000,16,adp,IDP/K,2023,1,0,0,,
15369,"Patterson, Riley",PK,2023,FAA,,1000,14,adp,IDP/K,2023,1,0,0,,
9694,"Gano, Graham",PK,2023,FAA,,1000,19,adp,IDP/K,2023,1,0,0,,
13403,"Koo, Younghoe",PK,2023,FAA,,1000,12,adp,IDP/K,2023,1,0,0,,
8930,"Prater, Matt",PK,2023,WAIVER,,1000,,,,2023,1,0,0,,
16414,"Aubrey, Brandon",PK,2023,WAIVER,,2000,10,adp,IDP/K,2023,1,0,0,,
13354,"Butker, Harrison",PK,2023,FAA,,1000,4,adp,IDP/K,2023,1,0,0,,
16339,"Carlson, Anders",PK,2023,WAIVER,,1000,6,adp,IDP/K,2023,1,0,0,,
12956,"Lutz, Wil",PK,2023,WAIVER,,1000,23,adp,IDP/K,2023,1,0,0,,
13718,"Carlson, Daniel",PK,2023,FAA,,1000,5,adp,IDP/K,2023,1,0,0,,
16444,"Grupe, Blake",PK,2023,WAIVER,,4000,,,,2023,1,0,0,,
16286,"Moody, Jake",PK,2023,ROOKIE,67,,2,adp,IDP/K,2023,1,0,0,,
10976,"Tucker, Justin",PK,2023,FAA,,2000,1,adp,IDP/K,2023,1,0,0,,
13719,"Pineiro, Eddy",PK,2023,WAIVER,,1000,,,,2023,1,0,0,,
15368,"McPherson, Evan",PK,2023,FAA,,1000,3,adp,IDP/K,2023,1,0,0,,
8851,"Folk, Nick",PK,2023,WAIVER,,1000,,,,2023,1,0,0,,
14983,"Bass, Tyler",PK,2023,FAA,,2000,8,adp,IDP/K,2023,1,0,0,,
13909,"Maher, Brett",PK,2023,WAIVER,,1000,11,adp,IDP/K,2023,1,0,0,,
13898,"Joseph, Greg",PK,2023,FAA,,1000,21,adp,IDP/K,2023,1,0,0,,
12860,"Fairbairn, Ka'imi",PK,2023,WAIVER,,4000,,,,2023,1,0,0,,
10868,"Zuerlein, Greg",PK,2023,WAIVER,,4000,18,adp,IDP/K,2023,1,0,0,,
13832,"Sanders, Jason",PK,2023,WAIVER,,4000,17,adp,IDP/K,2023,1,0,0,,
11387,"Hopkins, Dustin",PK,2023,WAIVER,,2000,,,,2023,1,0,0,,
13303,"Elliott, Jake",PK,2023,FAA,,1000,7,adp,IDP/K,2023,1,0,0,,
11945,"Santos, Cairo",PK,2023,WAIVER,,4000,,,,2023,1,0,0,,
14244,"Gay, Matt",PK,2024,WAIVER,,1000,20,adp,IDP/K,2024,1,0,0,,
15979,"Dicker, Cameron",PK,2024,FAA,,1000,8,adp,IDP/K,2024,1,0,0,,
11936,"Boswell, Chris",PK,2024,WAIVER,,1000,21,adp,IDP/K,2024,1,0,0,,
16680,"Little, Cam",PK,2024,WAIVER,,1000,6,adp,IDP/K,2024,1,0,0,,
12437,"Myers, Jason",PK,2024,WAIVER,,1000,19,adp,IDP/K,2024,1,0,0,,
14426,"Wright, Matthew",PK,2024,WAIVER,,1000,,,,2024,1,0,0,,
14717,"McLaughlin, Chase",PK,2024,WAIVER,,4000,22,adp,IDP/K,2024,1,0,0,,
13403,"Koo, Younghoe",PK,2024,FAA,,1000,12,adp,IDP/K,2024,1,0,0,,
16873,"Narveson, Brayden",PK,2024,WAIVER,,1000,,,,2024,1,0,0,,
16414,"Aubrey, Brandon",PK,2024,ERA,,2000,2,adp,IDP/K,2024,1,0,0,,
16405,"Romo, John Parker",PK,2024,WAIVER,,1000,,,,2024,1,0,0,,
13354,"Butker, Harrison",PK,2024,FAA,,1000,4,adp,IDP/K,2024,1,0,0,,
12956,"Lutz, Wil",PK,2024,WAIVER,,2000,23,adp,IDP/K,2024,1,0,0,,
13718,"Carlson, Daniel",PK,2024,WAIVER,,1000,13,adp,IDP/K,2024,1,0,0,,
16444,"Grupe, Blake",PK,2024,WAIVER,,1000,25,adp,IDP/K,2024,1,0,0,,
14258,"Seibert, Austin",PK,2024,WAIVER,,1000,,,,2024,1,0,0,,
16286,"Moody, Jake",PK,2024,WAIVER,,3000,10,adp,IDP/K,2024,1,0,0,,
10976,"Tucker, Justin",PK,2024,FAA,,1000,1,adp,IDP/K,2024,1,0,0,,
16681,"Reichard, Will",PK,2024,WAIVER,,4000,3,adp,IDP/K,2024,1,0,0,,
15368,"McPherson, Evan",PK,2024,FAA,,1000,16,adp,IDP/K,2024,1,0,0,,
14983,"Bass, Tyler",PK,2024,FAA,,1000,11,adp,IDP/K,2024,1,0,0,,
16846,"Bates, Jake",PK,2024,WAIVER,,4000,15,adp,IDP/K,2024,1,0,0,,
12860,"Fairbairn, Ka'imi",PK,2024,FAA,,1000,9,adp,IDP/K,2024,1,0,0,,
13832,"Sanders, Jason",PK,2024,FAA,,1000,14,adp,IDP/K,2024,1,0,0,,
13303,"Elliott, Jake",PK,2024,FAA,,1000,7,adp,IDP/K,2024,1,0,0,,
11945,"Santos, Cairo",PK,2024,FAA,,1000,17,adp,IDP/K,2024,1,0,0,,
11947,"McManus, Brandon",PK,2025,WAIVER,,1000,16,adp,IDP/K,2025,1,1,0,,
13347,"Gonzalez, Zane",PK,2025,WAIVER,,1000,,,,2025,1,1,0,,
14244,"Gay, Matt",PK,2025,FAA,,1000,14,adp,IDP/K,2025,1,1,0,,
15979,"Dicker, Cameron",PK,2025,FAA,,1000,3,adp,IDP/K,2025,1,1,0,,
11936,"Boswell, Chris",PK,2025,FAA,,1000,8,adp,IDP/K,2025,1,1,0,,
16680,"Little, Cam",PK,2025,WAIVER,,1000,10,adp,IDP/K,2025,1,1,0,,
12437,"Myers, Jason",PK,2025,WAIVER,,4000,21,adp,IDP/K,2025,1,1,0,,
16292,"Ryland, Chad",PK,2025,WAIVER,,1000,,,,2025,1,1,0,,
17220,"Borregales, Andres",PK,2025,WAIVER,,3000,,,,2025,1,1,0,,
14717,"McLaughlin, Chase",PK,2025,FAA,,1000,5,adp,IDP/K,2025,1,1,0,,
17222,"Loop, Tyler",PK,2025,FAA,,1000,2,adp,IDP/K,2025,1,1,0,,
16896,"Shrader, Spencer",PK,2025,WAIVER,,1000,,,,2025,1,1,0,,
8930,"Prater, Matt",PK,2025,WAIVER,,1000,,,,2025,1,1,0,,
16414,"Aubrey, Brandon",PK,2025,FAA,,2000,1,adp,IDP/K,2025,1,1,0,,
13354,"Butker, Harrison",PK,2025,FAA,,1000,6,adp,IDP/K,2025,1,1,0,,
12956,"Lutz, Wil",PK,2025,FAA,,1000,9,adp,IDP/K,2025,1,1,0,,
13980,"Badgley, Mike",PK,2025,WAIVER,,1000,,,,2025,1,1,0,,
13719,"Pineiro, Eddy",PK,2025,WAIVER,,4000,,,,2025,1,1,0,,
16681,"Reichard, Will",PK,2025,FAA,,1000,18,adp,IDP/K,2025,1,1,0,,
15368,"McPherson, Evan",PK,2025,FAA,,1000,12,adp,IDP/K,2025,1,1,0,,
14983,"Bass, Tyler",PK,2025,FAA,,1000,13,adp,IDP/K,2025,1,1,0,,
16775,"Karty, Joshua",PK,2025,WAIVER,,2000,19,adp,IDP/K,2025,1,1,0,,
16846,"Bates, Jake",PK,2025,FAA,,1000,4,adp,IDP/K,2025,1,1,0,,
16843,"Mevis, Harrison",PK,2025,WAIVER,,1000,,,,2025,1,1,0,,
12860,"Fairbairn, Ka'imi",PK,2025,FAA,,2000,11,adp,IDP/K,2025,1,1,0,,
14600,"Slye, Joey",PK,2025,WAIVER,,4000,,,,2025,1,1,0,,
17277,"Fitzgerald, Ryan",PK,2025,WAIVER,,1000,,,,2025,1,1,0,,
13303,"Elliott, Jake",PK,2025,FAA,,1000,7,adp,IDP/K,2025,1,1,0,,
11945,"Santos, Cairo",PK,2025,WAIVER,,4000,,,,2025,1,1,0,,
7614,"Jones, Donnie",PN,2011,FAA,,1000,2,bid,IDP/K,2011,1,0,0,,
8562,"Weatherford, Steve",PN,2011,FAA,,2000,1,bid,IDP/K,2013,3,0,0,,
4890,"Baker, Jason",PN,2011,FAA,,1000,2,bid,IDP/K,2011,1,0,0,,
7911,"Colquitt, Dustin",PN,2011,FAA,,1000,2,bid,IDP/K,2011,1,0,0,,
9958,"Mesko, Zoltan",PN,2011,FAA,,1000,2,bid,IDP/K,2011,1,0,0,,
9712,"Colquitt, Britton",PN,2011,FAA,,1000,2,bid,IDP/K,2011,1,0,0,,
8894,"Fields, Brandon",PN,2011,FAA,,1000,2,bid,IDP/K,2011,1,0,0,,
9577,"Huber, Kevin",PN,2011,WAIVER,,4000,,,,2011,1,0,0,,
10532,"Donahue, Ryan",PN,2011,WAIVER,,1000,,,,2011,1,0,0,,
7650,"McBriar, Mat",PN,2011,FAA,,1000,2,bid,IDP/K,2011,1,0,0,,
7578,"Lee, Andy",PN,2011,FAA,,1000,2,bid,IDP/K,2011,1,0,0,,
5791,"Lechler, Shane",PN,2011,FAA,,1000,2,bid,IDP/K,2011,1,0,0,,
8501,"Ryan, Jon",PN,2011,FAA,,1000,2,bid,IDP/K,2011,1,0,0,,
10523,"Conley, T.J.",PN,2011,WAIVER,,1000,,,,2011,1,0,0,,
8444,"Koch, Sam",PN,2011,WAIVER,,1000,,,,2011,1,0,0,,
9310,"Kern, Brett",PN,2011,WAIVER,,4000,,,,2011,1,0,0,,
8073,"Graham, Ben",PN,2011,FAA,,1000,2,bid,IDP/K,2011,1,0,0,,
7614,"Jones, Donnie",PN,2012,WAIVER,,2000,,,,2012,1,0,0,,
8935,"Rocca, Saverio",PN,2012,FAA,,1000,4,bid,IDP/K,2012,1,0,0,,
7911,"Colquitt, Dustin",PN,2012,WAIVER,,1000,,,,2012,1,0,0,,
6620,"Zastudil, Dave",PN,2012,FAA,,1000,4,bid,IDP/K,2012,1,0,0,,
9652,"McAfee, Pat",PN,2012,FAA,,1000,4,bid,IDP/K,2012,1,0,0,,
9958,"Mesko, Zoltan",PN,2012,FAA,,1000,4,bid,IDP/K,2012,1,0,0,,
10945,"Hekker, Johnny",PN,2012,FAA,,1000,4,bid,IDP/K,2012,1,0,0,,
9712,"Colquitt, Britton",PN,2012,FAA,,1000,4,bid,IDP/K,2012,1,0,0,,
10814,"Anger, Bryan",PN,2012,ROOKIE,36,,,rookie_slot,,2012,1,0,0,,
9577,"Huber, Kevin",PN,2012,WAIVER,,4000,,,,2012,1,0,0,,
3147,"Maynard, Brad",PN,2012,FAA,,1000,4,bid,IDP/K,2012,1,0,0,,
7578,"Lee, Andy",PN,2012,FAA,,3000,2,bid,IDP/K,2012,1,0,0,,
5791,"Lechler, Shane",PN,2012,FAA,,4000,1,bid,IDP/K,2012,1,0,0,,
8501,"Ryan, Jon",PN,2012,FAA,,3000,2,bid,IDP/K,2012,1,0,0,,
10523,"Conley, T.J.",PN,2012,FAA,,1000,4,bid,IDP/K,2012,1,0,0,,
8444,"Koch, Sam",PN,2012,WAIVER,,1000,,,,2012,1,0,0,,
9310,"Kern, Brett",PN,2012,WAIVER,,1000,,,,2012,1,0,0,,
8786,"Podlesh, Adam",PN,2012,FAA,,1000,4,bid,IDP/K,2012,1,0,0,,
7614,"Jones, Donnie",PN,2013,FAA,,1000,4,bid,IDP/K,2013,1,0,0,,
10642,"Jones, Chris",PN,2013,WAIVER,,2000,,,,2013,1,0,0,,
7911,"Colquitt, Dustin",PN,2013,FAA,,2000,1,bid,IDP/K,2014,2,0,0,,
9652,"McAfee, Pat",PN,2013,FAA,,1000,4,bid,IDP/K,2013,1,0,0,,
10890,"Nortman, Brad",PN,2013,WAIVER,,2000,,,,2013,1,0,0,,
10945,"Hekker, Johnny",PN,2013,WAIVER,,1000,,,,2013,1,0,0,,
9712,"Colquitt, Britton",PN,2013,WAIVER,,1000,,,,2013,1,0,0,,
8894,"Fields, Brandon",PN,2013,FAA,,1000,4,bid,IDP/K,2013,1,0,0,,
10814,"Anger, Bryan",PN,2013,WAIVER,,1000,,,,2013,1,0,0,,
9577,"Huber, Kevin",PN,2013,FAA,,1000,4,bid,IDP/K,2013,1,0,0,,
11345,"King, Marquette",PN,2013,WAIVER,,1000,,,,2013,1,0,0,,
7578,"Lee, Andy",PN,2013,FAA,,2000,1,bid,IDP/K,2013,1,0,0,,
5791,"Lechler, Shane",PN,2013,FAA,,1000,4,bid,IDP/K,2013,1,0,0,,
8501,"Ryan, Jon",PN,2013,WAIVER,,1000,,,,2013,1,0,0,,
8444,"Koch, Sam",PN,2013,FAA,,2000,1,bid,IDP/K,2013,1,0,0,,
9310,"Kern, Brett",PN,2013,FAA,,1000,4,bid,IDP/K,2013,1,0,0,,
7077,"Scifres, Mike",PN,2013,FAA,,1000,4,bid,IDP/K,2013,1,0,0,,
11383,"Martin, Sam",PN,2013,WAIVER,,1000,,,,2013,1,0,0,,
11500,"Allen, Ryan",PN,2013,WAIVER,,1000,,,,2013,1,0,0,,
7614,"Jones, Donnie",PN,2014,FAA,,1000,3,bid,IDP/K,2014,1,0,0,,
10642,"Jones, Chris",PN,2014,FAA,,1000,3,bid,IDP/K,2014,1,0,0,,
6620,"Zastudil, Dave",PN,2014,FAA,,1000,3,bid,IDP/K,2014,1,0,0,,
9652,"McAfee, Pat",PN,2014,FAA,,1000,3,bid,IDP/K,2014,1,0,0,,
10890,"Nortman, Brad",PN,2014,WAIVER,,1000,,,,2015,2,0,0,,
10945,"Hekker, Johnny",PN,2014,WAIVER,,1000,,,,2014,1,0,0,,
9712,"Colquitt, Britton",PN,2014,WAIVER,,1000,,,,2014,1,0,0,,
8894,"Fields, Brandon",PN,2014,FAA,,2000,1,bid,IDP/K,2014,1,0,0,,
10814,"Anger, Bryan",PN,2014,FAA,,2000,1,bid,IDP/K,2014,1,0,0,,
9577,"Huber, Kevin",PN,2014,WAIVER,,1000,,,,2014,1,0,0,,
11345,"King, Marquette",PN,2014,FAA,,1000,3,bid,IDP/K,2014,1,0,0,,
7578,"Lee, Andy",PN,2014,WAIVER,,4000,,,,2014,1,0,0,,
5791,"Lechler, Shane",PN,2014,FAA,,1000,3,bid,IDP/K,2014,1,0,0,,
8501,"Ryan, Jon",PN,2014,WAIVER,,1000,,,,2014,1,0,0,,
10944,"Lanning, Spencer",PN,2014,FAA,,1000,3,bid,IDP/K,2014,1,0,0,,
8444,"Koch, Sam",PN,2014,FAA,,1000,3,bid,IDP/K,2014,1,0,0,,
9310,"Kern, Brett",PN,2014,WAIVER,,1000,,,,2014,1,0,0,,
11383,"Martin, Sam",PN,2014,WAIVER,,1000,,,,2014,1,0,0,,
11500,"Allen, Ryan",PN,2014,WAIVER,,1000,,,,2014,1,0,0,,
12266,"Berry, Jordan",PN,2015,WAIVER,,1000,,,,2015,1,0,0,,
7614,"Jones, Donnie",PN,2015,FAA,,1000,1,bid,IDP/K,2015,1,0,0,,
10642,"Jones, Chris",PN,2015,WAIVER,,2000,,,,2016,2,0,0,,
7911,"Colquitt, Dustin",PN,2015,FAA,,1000,1,bid,IDP/K,2015,1,0,0,,
9652,"McAfee, Pat",PN,2015,FAA,,1000,1,bid,IDP/K,2015,1,0,0,,
10945,"Hekker, Johnny",PN,2015,FAA,,1000,1,bid,IDP/K,2015,1,0,0,,
9712,"Colquitt, Britton",PN,2015,WAIVER,,1000,,,,2015,1,0,0,,
10423,"Bosher, Matt",PN,2015,FAA,,1000,1,bid,IDP/K,2015,1,0,0,,
10997,"Butler, Drew",PN,2015,FAA,,1000,1,bid,IDP/K,2015,1,0,0,,
11980,"Schmidt, Colton",PN,2015,FAA,,1000,1,bid,IDP/K,2015,1,0,0,,
10814,"Anger, Bryan",PN,2015,WAIVER,,2000,,,,2015,1,0,0,,
9577,"Huber, Kevin",PN,2015,FAA,,1000,1,bid,IDP/K,2015,1,0,0,,
11345,"King, Marquette",PN,2015,FAA,,1000,1,bid,IDP/K,2015,1,0,0,,
7578,"Lee, Andy",PN,2015,FAA,,1000,1,bid,IDP/K,2015,1,0,0,,
5791,"Lechler, Shane",PN,2015,WAIVER,,1000,,,,2015,1,0,0,,
8501,"Ryan, Jon",PN,2015,FAA,,1000,1,bid,IDP/K,2015,1,0,0,,
8444,"Koch, Sam",PN,2015,FAA,,1000,1,bid,IDP/K,2015,1,0,0,,
9310,"Kern, Brett",PN,2015,WAIVER,,1000,,,,2015,1,0,0,,
11383,"Martin, Sam",PN,2015,FAA,,1000,1,bid,IDP/K,2015,1,0,0,,
9596,"Morstead, Thomas",PN,2015,WAIVER,,1000,,,,2015,1,0,0,,
11500,"Allen, Ryan",PN,2015,WAIVER,,1000,,,,2015,1,0,0,,
12323,"Pinion, Bradley",PN,2016,FAA,,1000,4,bid,IDP/K,2016,1,0,0,,
12266,"Berry, Jordan",PN,2016,WAIVER,,1000,,,,2017,2,0,0,,
11009,"Quigley, Ryan",PN,2016,FAA,,1000,4,bid,IDP/K,2016,1,0,0,,
7614,"Jones, Donnie",PN,2016,FAA,,1000,4,bid,IDP/K,2016,1,0,0,,
7911,"Colquitt, Dustin",PN,2016,FAA,,1000,4,bid,IDP/K,2016,1,0,0,,
9652,"McAfee, Pat",PN,2016,FAA,,1000,4,bid,IDP/K,2016,1,0,0,,
10890,"Nortman, Brad",PN,2016,WAIVER,,1000,,,,2016,1,0,0,,
10945,"Hekker, Johnny",PN,2016,FAA,,3000,1,bid,IDP/K,2017,2,0,0,,
9712,"Colquitt, Britton",PN,2016,WAIVER,,1000,,,,2016,1,0,0,,
10814,"Anger, Bryan",PN,2016,WAIVER,,1000,,,,2016,1,0,0,,
9577,"Huber, Kevin",PN,2016,WAIVER,,1000,,,,2016,1,0,0,,
11985,"Way, Tress",PN,2016,WAIVER,,1000,,,,2016,1,0,0,,
11345,"King, Marquette",PN,2016,FAA,,2000,2,bid,IDP/K,2016,1,0,0,,
11840,"O'Donnell, Pat",PN,2016,WAIVER,,1000,,,,2016,1,0,0,,
11443,"Wing, Brad",PN,2016,FAA,,1000,4,bid,IDP/K,2016,1,0,0,,
7578,"Lee, Andy",PN,2016,WAIVER,,1000,,,,2016,1,0,0,,
12472,"Darr, Matt",PN,2016,FAA,,1000,4,bid,IDP/K,2016,1,0,0,,
5791,"Lechler, Shane",PN,2016,WAIVER,,1000,,,,2016,1,0,0,,
8501,"Ryan, Jon",PN,2016,FAA,,1000,4,bid,IDP/K,2016,1,0,0,,
8444,"Koch, Sam",PN,2016,FAA,,1000,4,bid,IDP/K,2016,1,0,0,,
9310,"Kern, Brett",PN,2016,FAA,,2000,2,bid,IDP/K,2016,1,0,0,,
11383,"Martin, Sam",PN,2016,WAIVER,,2000,,,,2016,1,0,0,,
9596,"Morstead, Thomas",PN,2016,WAIVER,,1000,,,,2016,1,0,0,,
11500,"Allen, Ryan",PN,2016,FAA,,1000,4,bid,IDP/K,2017,2,0,0,,
12323,"Pinion, Bradley",PN,2017,WAIVER,,1000,,,,2017,1,0,0,,
7614,"Jones, Donnie",PN,2017,WAIVER,,1000,,,,2017,1,0,0,,
13430,"Haack, Matt",PN,2017,WAIVER,,1000,,,,2017,1,0,0,,
10642,"Jones, Chris",PN,2017,WAIVER,,1000,,,,2017,1,0,0,,
7911,"Colquitt, Dustin",PN,2017,FAA,,2000,1,bid,IDP/K,2017,1,0,0,,
10890,"Nortman, Brad",PN,2017,WAIVER,,2000,,,,2017,1,0,0,,
9712,"Colquitt, Britton",PN,2017,FAA,,1000,3,bid,IDP/K,2017,1,0,0,,
10814,"Anger, Bryan",PN,2017,FAA,,1000,3,bid,IDP/K,2019,3,0,0,,
9577,"Huber, Kevin",PN,2017,FAA,,1000,3,bid,IDP/K,2017,1,0,0,,
11985,"Way, Tress",PN,2017,WAIVER,,1000,,,,2017,1,0,0,,
11345,"King, Marquette",PN,2017,WAIVER,,2000,,,,2017,1,0,0,,
13431,"Sanchez, Rigoberto",PN,2017,WAIVER,,1000,,,,2018,2,0,0,,
11840,"O'Donnell, Pat",PN,2017,WAIVER,,3000,,,,2017,1,0,0,,
7578,"Lee, Andy",PN,2017,FAA,,1000,3,bid,IDP/K,2017,1,0,0,,
12844,"Edwards, Lachlan",PN,2017,FAA,,1000,3,bid,IDP/K,2017,1,0,0,,
5791,"Lechler, Shane",PN,2017,WAIVER,,1000,,,,2017,1,0,0,,
8501,"Ryan, Jon",PN,2017,WAIVER,,2000,,,,2017,1,0,0,,
8444,"Koch, Sam",PN,2017,FAA,,2000,1,bid,IDP/K,2017,1,0,0,,
13051,"Palardy, Michael",PN,2017,WAIVER,,1000,,,,2017,1,0,0,,
9310,"Kern, Brett",PN,2017,FAA,,1000,3,bid,IDP/K,2017,1,0,0,,
12842,"Dixon, Riley",PN,2017,FAA,,1000,3,bid,IDP/K,2018,2,0,0,,
11383,"Martin, Sam",PN,2017,WAIVER,,1000,,,,2017,1,0,0,,
9596,"Morstead, Thomas",PN,2017,WAIVER,,1000,,,,2018,2,0,0,,
12323,"Pinion, Bradley",PN,2018,FAA,,1000,7,bid,IDP/K,2018,1,0,0,,
12266,"Berry, Jordan",PN,2018,WAIVER,,2000,,,,2018,1,0,0,,
13869,"Bojorquez, Corey",PN,2018,WAIVER,,1000,,,,2018,1,0,0,,
7614,"Jones, Donnie",PN,2018,WAIVER,,4000,,,,2018,1,0,0,,
13848,"Johnston, Cam",PN,2018,WAIVER,,2000,,,,2018,1,0,0,,
13430,"Haack, Matt",PN,2018,WAIVER,,1000,,,,2018,1,0,0,,
10642,"Jones, Chris",PN,2018,FAA,,1000,7,bid,IDP/K,2018,1,0,0,,
7911,"Colquitt, Dustin",PN,2018,WAIVER,,1000,,,,2018,1,0,0,,
10945,"Hekker, Johnny",PN,2018,FAA,,4000,1,bid,IDP/K,2018,1,0,0,,
9712,"Colquitt, Britton",PN,2018,WAIVER,,2000,,,,2018,1,0,0,,
13782,"Dickson, Michael",PN,2018,FAA,,4000,1,bid,IDP/K,2020,3,0,0,,
9577,"Huber, Kevin",PN,2018,FAA,,1000,7,bid,IDP/K,2018,1,0,0,,
11985,"Way, Tress",PN,2018,WAIVER,,1000,,,,2018,1,0,0,,
11345,"King, Marquette",PN,2018,FAA,,2000,3,bid,IDP/K,2018,1,0,0,,
13056,"Wile, Matt",PN,2018,WAIVER,,1000,,,,2018,1,0,0,,
13908,"Daniel, Trevor",PN,2018,WAIVER,,4000,,,,2018,1,0,0,,
11840,"O'Donnell, Pat",PN,2018,FAA,,1000,7,bid,IDP/K,2018,1,0,0,,
7578,"Lee, Andy",PN,2018,FAA,,1000,7,bid,IDP/K,2018,1,0,0,,
12844,"Edwards, Lachlan",PN,2018,FAA,,1000,7,bid,IDP/K,2018,1,0,0,,
5791,"Lechler, Shane",PN,2018,FAA,,2000,3,bid,IDP/K,2018,1,0,0,,
8501,"Ryan, Jon",PN,2018,FAA,,1000,7,bid,IDP/K,2018,1,0,0,,
8444,"Koch, Sam",PN,2018,FAA,,2000,3,bid,IDP/K,2018,1,0,0,,
13051,"Palardy, Michael",PN,2018,WAIVER,,1000,,,,2018,1,0,0,,
9310,"Kern, Brett",PN,2018,FAA,,2000,3,bid,IDP/K,2018,1,0,0,,
11383,"Martin, Sam",PN,2018,WAIVER,,1000,,,,2018,1,0,0,,
11500,"Allen, Ryan",PN,2018,WAIVER,,1000,,,,2018,1,0,0,,
13844,"Cooke, Logan",PN,2018,WAIVER,,1000,,,,2018,1,0,0,,
12323,"Pinion, Bradley",PN,2019,WAIVER,,1000,,,,2019,1,0,0,,
12266,"Berry, Jordan",PN,2019,WAIVER,,1000,,,,2019,1,0,0,,
13869,"Bojorquez, Corey",PN,2019,WAIVER,,2000,,,,2019,1,0,0,,
13848,"Johnston, Cam",PN,2019,WAIVER,,1000,,,,2019,1,0,0,,
13732,"Wadman, Colby",PN,2019,FAA,,1000,4,bid,IDP/K,2019,1,0,0,,
13430,"Haack, Matt",PN,2019,FAA,,1000,4,bid,IDP/K,2020,2,0,0,,
9712,"Colquitt, Britton",PN,2019,WAIVER,,1000,,,,2019,1,0,0,,
14630,"Cole, A.J.",PN,2019,WAIVER,,1000,,,,2019,1,0,0,,
9577,"Huber, Kevin",PN,2019,WAIVER,,1000,,,,2019,1,0,0,,
11985,"Way, Tress",PN,2019,FAA,,2000,2,bid,IDP/K,2019,1,0,0,,
13791,"Scott, J.K.",PN,2019,WAIVER,,1000,,,,2019,1,0,0,,
13431,"Sanchez, Rigoberto",PN,2019,FAA,,1000,4,bid,IDP/K,2019,1,0,0,,
14489,"Gillan, Jamie",PN,2019,WAIVER,,3000,,,,2019,1,0,0,,
13908,"Daniel, Trevor",PN,2019,FAA,,1000,4,bid,IDP/K,2019,1,0,0,,
14190,"Long, Ty",PN,2019,WAIVER,,1000,,,,2019,1,0,0,,
11840,"O'Donnell, Pat",PN,2019,FAA,,1000,4,bid,IDP/K,2019,1,0,0,,
14227,"Wishnowsky, Mitch",PN,2019,WAIVER,,1000,,,,2019,1,0,0,,
7578,"Lee, Andy",PN,2019,FAA,,1000,4,bid,IDP/K,2019,1,0,0,,
12844,"Edwards, Lachlan",PN,2019,FAA,,1000,4,bid,IDP/K,2019,1,0,0,,
14256,"Bailey, Jake",PN,2019,FAA,,3000,1,bid,IDP/K,2019,1,0,0,,
8444,"Koch, Sam",PN,2019,FAA,,1000,4,bid,IDP/K,2019,1,0,0,,
13051,"Palardy, Michael",PN,2019,WAIVER,,1000,,,,2019,1,0,0,,
9310,"Kern, Brett",PN,2019,FAA,,1000,4,bid,IDP/K,2020,2,0,0,,
12842,"Dixon, Riley",PN,2019,WAIVER,,1000,,,,2019,1,0,0,,
11383,"Martin, Sam",PN,2019,WAIVER,,1000,,,,2019,1,0,0,,
9596,"Morstead, Thomas",PN,2019,WAIVER,,3000,,,,2019,1,0,0,,
13844,"Cooke, Logan",PN,2019,FAA,,2000,2,bid,IDP/K,2019,1,0,0,,
12323,"Pinion, Bradley",PN,2020,WAIVER,,1000,,,,2020,1,0,0,,
12266,"Berry, Jordan",PN,2020,WAIVER,,1000,,,,2020,1,0,0,,
13869,"Bojorquez, Corey",PN,2020,FAA,,1000,1,bid,IDP/K,2020,1,0,0,,
13848,"Johnston, Cam",PN,2020,WAIVER,,3000,,,,2020,1,0,0,,
10945,"Hekker, Johnny",PN,2020,FAA,,1000,1,bid,IDP/K,2020,1,0,0,,
14630,"Cole, A.J.",PN,2020,FAA,,1000,1,bid,IDP/K,2020,1,0,0,,
10814,"Anger, Bryan",PN,2020,WAIVER,,1000,,,,2020,1,0,0,,
9577,"Huber, Kevin",PN,2020,FAA,,1000,1,bid,IDP/K,2020,1,0,0,,
11985,"Way, Tress",PN,2020,FAA,,1000,1,bid,IDP/K,2020,1,0,0,,
13791,"Scott, J.K.",PN,2020,FAA,,1000,1,bid,IDP/K,2020,1,0,0,,
15032,"Fox, Jack",PN,2020,WAIVER,,3000,,,,2020,1,0,0,,
13431,"Sanchez, Rigoberto",PN,2020,WAIVER,,1000,,,,2020,1,0,0,,
11840,"O'Donnell, Pat",PN,2020,WAIVER,,1000,,,,2020,1,0,0,,
14227,"Wishnowsky, Mitch",PN,2020,WAIVER,,1000,,,,2020,1,0,0,,
7578,"Lee, Andy",PN,2020,FAA,,1000,1,bid,IDP/K,2020,1,0,0,,
14256,"Bailey, Jake",PN,2020,WAIVER,,1000,,,,2020,1,0,0,,
8444,"Koch, Sam",PN,2020,WAIVER,,1000,,,,2020,1,0,0,,
12842,"Dixon, Riley",PN,2020,WAIVER,,1000,,,,2020,1,0,0,,
9596,"Morstead, Thomas",PN,2020,WAIVER,,1000,,,,2020,1,0,0,,
13844,"Cooke, Logan",PN,2020,FAA,,1000,1,bid,IDP/K,2020,1,0,0,,
15499,"Gillikin, Blake",PN,2021,WAIVER,,1000,,,,2021,1,0,0,,
12266,"Berry, Jordan",PN,2021,FAA,,1000,3,bid,IDP/K,2021,1,0,0,,
13869,"Bojorquez, Corey",PN,2021,WAIVER,,1000,,,,2021,1,0,0,,
13848,"Johnston, Cam",PN,2021,WAIVER,,1000,,,,2021,1,0,0,,
14658,"Nizialek, Cameron",PN,2021,WAIVER,,1000,,,,2021,1,0,0,,
15500,"Siposs, Arryn",PN,2021,WAIVER,,1000,,,,2021,1,0,0,,
10945,"Hekker, Johnny",PN,2021,FAA,,1000,3,bid,IDP/K,2021,1,0,0,,
14985,"Mann, Braden",PN,2021,FAA,,1000,3,bid,IDP/K,2021,1,0,0,,
15051,"Townsend, Tommy",PN,2021,WAIVER,,1000,,,,2021,1,0,0,,
14630,"Cole, A.J.",PN,2021,FAA,,1000,3,bid,IDP/K,2021,1,0,0,,
13782,"Dickson, Michael",PN,2021,FAA,,2000,1,bid,IDP/K,2021,1,0,0,,
10814,"Anger, Bryan",PN,2021,WAIVER,,1000,,,,2021,1,0,0,,
9577,"Huber, Kevin",PN,2021,WAIVER,,2000,,,,2021,1,0,0,,
11985,"Way, Tress",PN,2021,FAA,,1000,3,bid,IDP/K,2021,1,0,0,,
15032,"Fox, Jack",PN,2021,FAA,,1000,3,bid,IDP/K,2021,1,0,0,,
13431,"Sanchez, Rigoberto",PN,2021,WAIVER,,1000,,,,2021,1,0,0,,
11840,"O'Donnell, Pat",PN,2021,WAIVER,,1000,,,,2021,1,0,0,,
14227,"Wishnowsky, Mitch",PN,2021,FAA,,1000,3,bid,IDP/K,2021,1,0,0,,
14256,"Bailey, Jake",PN,2021,FAA,,2000,1,bid,IDP/K,2021,1,0,0,,
8444,"Koch, Sam",PN,2021,WAIVER,,2000,,,,2021,1,0,0,,
13051,"Palardy, Michael",PN,2021,WAIVER,,1000,,,,2021,1,0,0,,
9310,"Kern, Brett",PN,2021,FAA,,1000,3,bid,IDP/K,2021,1,0,0,,
12842,"Dixon, Riley",PN,2021,FAA,,1000,3,bid,IDP/K,2021,1,0,0,,
11383,"Martin, Sam",PN,2021,FAA,,1000,3,bid,IDP/K,2021,1,0,0,,
15496,"Harvin, Pressley",PN,2021,WAIVER,,1000,,,,2021,1,0,0,,
13844,"Cooke, Logan",PN,2021,WAIVER,,1000,,,,2021,1,0,0,,
12323,"Pinion, Bradley",PN,2022,FAA,,1000,4,bid,IDP/K,2022,1,0,0,,
15842,"Chrisman, Drue",PN,2022,WAIVER,,1000,,,,2022,1,0,0,,
15499,"Gillikin, Blake",PN,2022,FAA,,2000,2,bid,IDP/K,2022,1,0,0,,
13869,"Bojorquez, Corey",PN,2022,WAIVER,,1000,,,,2022,1,0,0,,
13848,"Johnston, Cam",PN,2022,FAA,,1000,4,bid,IDP/K,2022,1,0,0,,
13430,"Haack, Matt",PN,2022,WAIVER,,4000,,,,2022,1,0,0,,
15887,"Camarda, Jake",PN,2022,WAIVER,,2000,,,,2022,1,0,0,,
15500,"Siposs, Arryn",PN,2022,WAIVER,,1000,,,,2022,1,0,0,,
10945,"Hekker, Johnny",PN,2022,WAIVER,,1000,,,,2022,1,0,0,,
14985,"Mann, Braden",PN,2022,WAIVER,,1000,,,,2022,1,0,0,,
14630,"Cole, A.J.",PN,2022,FAA,,1000,4,bid,IDP/K,2022,1,0,0,,
15911,"Araiza, Matt",PN,2022,ROOKIE,71,,,rookie_slot,,2023,2,0,0,,
13782,"Dickson, Michael",PN,2022,FAA,,3000,1,bid,IDP/K,2022,1,0,0,,
10814,"Anger, Bryan",PN,2022,WAIVER,,1000,,,,2022,1,0,0,,
11985,"Way, Tress",PN,2022,WAIVER,,4000,,,,2022,1,0,0,,
16010,"Wright, Ryan",PN,2022,WAIVER,,1000,,,,2022,1,0,0,,
14489,"Gillan, Jamie",PN,2022,FAA,,1000,4,bid,IDP/K,2022,1,0,0,,
15884,"Stout, Jordan",PN,2022,FAA,,1000,4,bid,IDP/K,2022,1,0,0,,
11840,"O'Donnell, Pat",PN,2022,WAIVER,,1000,,,,2022,1,0,0,,
14227,"Wishnowsky, Mitch",PN,2022,WAIVER,,3000,,,,2022,1,0,0,,
16011,"Stonehouse, Ryan",PN,2022,WAIVER,,2000,,,,2022,1,0,0,,
15668,"Waitman, Corliss",PN,2022,WAIVER,,1000,,,,2022,1,0,0,,
14256,"Bailey, Jake",PN,2022,FAA,,1000,4,bid,IDP/K,2022,1,0,0,,
9310,"Kern, Brett",PN,2022,FAA,,1000,4,bid,IDP/K,2022,1,0,0,,
12842,"Dixon, Riley",PN,2022,WAIVER,,4000,,,,2022,1,0,0,,
11383,"Martin, Sam",PN,2022,FAA,,1000,4,bid,IDP/K,2022,1,0,0,,
9596,"Morstead, Thomas",PN,2022,WAIVER,,1000,,,,2022,1,0,0,,
15496,"Harvin, Pressley",PN,2022,FAA,,2000,2,bid,IDP/K,2022,1,0,0,,
13844,"Cooke, Logan",PN,2022,FAA,,1000,4,bid,IDP/K,2022,1,0,0,,
12323,"Pinion, Bradley",PN,2023,WAIVER,,4000,,,,2023,1,0,0,,
15499,"Gillikin, Blake",PN,2023,FAA,,1000,2,bid,IDP/K,2023,1,0,0,,
13869,"Bojorquez, Corey",PN,2023,WAIVER,,1000,,,,2023,1,0,0,,
13848,"Johnston, Cam",PN,2023,FAA,,1000,2,bid,IDP/K,2023,1,0,0,,
15887,"Camarda, Jake",PN,2023,FAA,,1000,2,bid,IDP/K,2023,1,0,0,,
10945,"Hekker, Johnny",PN,2023,FAA,,1000,2,bid,IDP/K,2023,1,0,0,,
14630,"Cole, A.J.",PN,2023,FAA,,2000,1,bid,IDP/K,2023,1,0,0,,
13782,"Dickson, Michael",PN,2023,WAIVER,,3000,,,,2023,1,0,0,,
10814,"Anger, Bryan",PN,2023,FAA,,1000,2,bid,IDP/K,2023,1,0,0,,
11985,"Way, Tress",PN,2023,FAA,,1000,2,bid,IDP/K,2023,1,0,0,,
15032,"Fox, Jack",PN,2023,WAIVER,,1000,,,,2023,1,0,0,,
13431,"Sanchez, Rigoberto",PN,2023,WAIVER,,1000,,,,2023,1,0,0,,
14489,"Gillan, Jamie",PN,2023,FAA,,1000,2,bid,IDP/K,2023,1,0,0,,
15884,"Stout, Jordan",PN,2023,FAA,,1000,2,bid,IDP/K,2023,1,0,0,,
16330,"Baringer, Bryce",PN,2023,ROOKIE,69,,,rookie_slot,,2024,2,0,0,,
14227,"Wishnowsky, Mitch",PN,2023,WAIVER,,2000,,,,2023,1,0,0,,
16011,"Stonehouse, Ryan",PN,2023,FAA,,1000,2,bid,IDP/K,2023,1,0,0,,
16458,"Hedley, Lou",PN,2023,WAIVER,,1000,,,,2023,1,0,0,,
12842,"Dixon, Riley",PN,2023,FAA,,1000,2,bid,IDP/K,2023,1,0,0,,
9596,"Morstead, Thomas",PN,2023,WAIVER,,1000,,,,2023,1,0,0,,
15496,"Harvin, Pressley",PN,2023,WAIVER,,1000,,,,2023,1,0,0,,
13844,"Cooke, Logan",PN,2023,WAIVER,,1000,,,,2023,1,0,0,,
15499,"Gillikin, Blake",PN,2024,FAA,,1000,1,bid,IDP/K,2024,1,0,0,,
16887,"Rehkow, Ryan",PN,2024,WAIVER,,1000,,,,2024,1,0,0,,
13869,"Bojorquez, Corey",PN,2024,WAIVER,,1000,,,,2024,1,0,0,,
13848,"Johnston, Cam",PN,2024,FAA,,1000,1,bid,IDP/K,2024,1,0,0,,
13430,"Haack, Matt",PN,2024,WAIVER,,1000,,,,2024,1,0,0,,
15887,"Camarda, Jake",PN,2024,FAA,,1000,1,bid,IDP/K,2024,1,0,0,,
10945,"Hekker, Johnny",PN,2024,WAIVER,,1000,,,,2024,1,0,0,,
15051,"Townsend, Tommy",PN,2024,WAIVER,,1000,,,,2024,1,0,0,,
14630,"Cole, A.J.",PN,2024,FAA,,1000,1,bid,IDP/K,2024,1,0,0,,
15911,"Araiza, Matt",PN,2024,FAA,,1000,1,bid,IDP/K,2024,1,0,0,,
13782,"Dickson, Michael",PN,2024,WAIVER,,2000,,,,2024,1,0,0,,
10814,"Anger, Bryan",PN,2024,WAIVER,,4000,,,,2024,1,0,0,,
11985,"Way, Tress",PN,2024,FAA,,1000,1,bid,IDP/K,2024,1,0,0,,
13791,"Scott, J.K.",PN,2024,WAIVER,,1000,,,,2024,1,0,0,,
16010,"Wright, Ryan",PN,2024,WAIVER,,2000,,,,2024,1,0,0,,
16886,"Hayball, Matthew",PN,2024,WAIVER,,2000,,,,2024,1,0,0,,
15032,"Fox, Jack",PN,2024,WAIVER,,1000,,,,2024,1,0,0,,
13431,"Sanchez, Rigoberto",PN,2024,WAIVER,,1000,,,,2024,1,0,0,,
14489,"Gillan, Jamie",PN,2024,FAA,,1000,1,bid,IDP/K,2024,1,0,0,,
15884,"Stout, Jordan",PN,2024,WAIVER,,1000,,,,2024,1,0,0,,
16724,"Taylor, Tory",PN,2024,ROOKIE,71,,,rookie_slot,,2025,2,1,0,,
16011,"Stonehouse, Ryan",PN,2024,FAA,,1000,1,bid,IDP/K,2024,1,0,0,,
15668,"Waitman, Corliss",PN,2024,WAIVER,,2000,,,,2024,1,0,0,,
12842,"Dixon, Riley",PN,2024,WAIVER,,1000,,,,2024,1,0,0,,
11383,"Martin, Sam",PN,2024,WAIVER,,1000,,,,2024,1,0,0,,
9596,"Morstead, Thomas",PN,2024,FAA,,1000,1,bid,IDP/K,2024,1,0,0,,
13844,"Cooke, Logan",PN,2024,FAA,,1000,1,bid,IDP/K,2024,1,0,0,,
12323,"Pinion, Bradley",PN,2025,WAIVER,,2000,,,,2025,1,1,0,,
17339,"McNamara, Austin",PN,2025,WAIVER,,1000,,,,2025,1,1,0,,
15499,"Gillikin, Blake",PN,2025,WAIVER,,1000,,,,2025,1,1,0,,
16887,"Rehkow, Ryan",PN,2025,WAIVER,,3000,,,,2025,1,1,0,,
13869,"Bojorquez, Corey",PN,2025,FAA,,2000,1,bid,IDP/K,2025,1,1,0,,
13848,"Johnston, Cam",PN,2025,FAA,,1000,3,bid,IDP/K,2025,1,1,0,,
10945,"Hekker, Johnny",PN,2025,WAIVER,,3000,,,,2025,1,1,0,,
15051,"Townsend, Tommy",PN,2025,FAA,,1000,3,bid,IDP/K,2025,1,1,0,,
14630,"Cole, A.J.",PN,2025,FAA,,1000,3,bid,IDP/K,2025,1,1,0,,
15911,"Araiza, Matt",PN,2025,WAIVER,,1000,,,,2025,1,1,0,,
13782,"Dickson, Michael",PN,2025,FAA,,1000,3,bid,IDP/K,2025,1,1,0,,
10814,"Anger, Bryan",PN,2025,WAIVER,,2000,,,,2025,1,1,0,,
11985,"Way, Tress",PN,2025,FAA,,1000,3,bid,IDP/K,2025,1,1,0,,
13791,"Scott, J.K.",PN,2025,WAIVER,,1000,,,,2025,1,1,0,,
16010,"Wright, Ryan",PN,2025,WAIVER,,1000,,,,2025,1,1,0,,
16886,"Hayball, Matthew",PN,2025,ERA,,1000,3,bid,IDP/K,2025,1,1,0,,
15032,"Fox, Jack",PN,2025,WAIVER,,1000,,,,2025,1,1,0,,
16351,"Evans, Ethan",PN,2025,FAA,,1000,3,bid,IDP/K,2025,1,1,0,,
14489,"Gillan, Jamie",PN,2025,FAA,,1000,3,bid,IDP/K,2025,1,1,0,,
15884,"Stout, Jordan",PN,2025,WAIVER,,4000,,,,2025,1,1,0,,
16330,"Baringer, Bryce",PN,2025,WAIVER,,1000,,,,2025,1,1,0,,
14227,"Wishnowsky, Mitch",PN,2025,WAIVER,,4000,,,,2025,1,1,0,,
15668,"Waitman, Corliss",PN,2025,WAIVER,,1000,,,,2025,1,1,0,,
17241,"Crawshaw, Jeremy",PN,2025,FAA,,2000,1,bid,IDP/K,2025,1,1,0,,
14256,"Bailey, Jake",PN,2025,WAIVER,,2000,,,,2025,1,1,0,,
16452,"Whelan, Daniel",PN,2025,FAA,,1000,3,bid,IDP/K,2025,1,1,0,,
17352,"Kroeger, Kai",PN,2025,WAIVER,,1000,,,,2025,1,1,0,,
12842,"Dixon, Riley",PN,2025,WAIVER,,1000,,,,2025,1,1,0,,
11383,"Martin, Sam",PN,2025,WAIVER,,5000,,,,2025,1,1,0,,
9596,"Morstead, Thomas",PN,2025,FAA,,1000,3,bid,IDP/K,2025,1,1,0,,
13844,"Cooke, Logan",PN,2025,WAIVER,,1000,,,,2025,1,1,0,,
8758,"Kolb, Kevin",QB,2010,WAIVER,,4,,,,2010,1,0,0,,
8062,"Fitzpatrick, Ryan",QB,2010,WAIVER,,4,,,,2010,1,0,0,,
4891,"Vick, Michael",QB,2010,WAIVER,,5,,,,2010,1,0,0,,
9862,"Tebow, Tim",QB,2010,WAIVER,,7,,,,2010,1,0,0,,
3196,"Kitna, Jon",QB,2010,WAIVER,,5,,,,2010,1,0,0,,
9817,"Bradford, Sam",QB,2010,WAIVER,,1,,,,2010,1,0,0,,
9429,"Sanchez, Mark",QB,2010,WAIVER,,3,,,,2010,1,0,0,,
9899,"McCoy, Colt",QB,2010,WAIVER,,4,,,,2010,1,0,0,,
9460,"Freeman, Josh",QB,2010,WAIVER,,4,,,,2010,1,0,0,,
6929,"Palmer, Carson",QB,2010,WAIVER,,1,,,,2010,1,0,0,,
3445,"Hasselbeck, Matt",QB,2010,WAIVER,,1,,,,2010,1,0,0,,
6616,"Garrard, David",QB,2010,WAIVER,,4,,,,2010,1,0,0,,
8758,"Kolb, Kevin",QB,2011,FAA,,9000,15,bid,T2,2011,1,0,0,,
3291,"Manning, Peyton",QB,2011,FAA,,39000,5,bid,T1,2011,1,0,0,,
8944,"Moore, Matt",QB,2011,WAIVER,,3000,,,,2011,1,0,0,,
8062,"Fitzpatrick, Ryan",QB,2011,WAIVER,,4000,,,,2011,1,0,0,,
10500,"Pryor, Terrelle",QB,2011,FAA,,1000,24,bid,T3,2012,2,0,0,,
4891,"Vick, Michael",QB,2011,FAA,,53000,3,bid,T1,2011,1,0,0,,
7836,"Rodgers, Aaron",QB,2011,FAA,,55000,2,bid,T1,2011,1,0,0,,
8042,"Cassel, Matt",QB,2011,FAA,,8000,16,bid,T3,2011,1,0,0,,
9064,"Flacco, Joe",QB,2011,FAA,,10000,14,bid,T2,2011,1,0,0,,
10268,"Mallett, Ryan",QB,2011,FAA,,2000,23,bid,T3,2014,4,0,0,,
9862,"Tebow, Tim",QB,2011,WAIVER,,6000,,,,2011,1,0,0,,
3196,"Kitna, Jon",QB,2011,WAIVER,,1000,,,,2011,1,0,0,,
10273,"Newton, Cam",QB,2011,FAA,,5000,19,bid,T3,2011,1,0,0,,
7391,"Manning, Eli",QB,2011,FAA,,8000,16,bid,T3,2011,1,0,0,,
4925,"Brees, Drew",QB,2011,FAA,,35000,6,bid,T2,2011,1,0,0,,
9817,"Bradford, Sam",QB,2011,FAA,,20000,11,bid,T2,2011,1,0,0,,
9429,"Sanchez, Mark",QB,2011,WAIVER,,2000,,,,2011,1,0,0,,
10279,"Locker, Jake",QB,2011,FAA,,6000,18,bid,T3,2011,1,0,0,,
9899,"McCoy, Colt",QB,2011,WAIVER,,2000,,,,2011,1,0,0,,
7813,"Smith, Alex",QB,2011,FAA,,1000,24,bid,T3,2011,1,0,0,,
9099,"Ryan, Matt",QB,2011,FAA,,31000,8,bid,T2,2011,1,0,0,,
9073,"Henne, Chad",QB,2011,FAA,,1000,24,bid,T3,2011,1,0,0,,
10296,"Ponder, Christian",QB,2011,FAA,,5000,19,bid,T3,2011,1,0,0,,
7401,"Roethlisberger, Ben",QB,2011,FAA,,13000,12,bid,T2,2011,1,0,0,,
7394,"Rivers, Philip",QB,2011,FAA,,40000,4,bid,T1,2011,1,0,0,,
9431,"Stafford, Matthew",QB,2011,FAA,,12000,13,bid,T2,2011,1,0,0,,
9460,"Freeman, Josh",QB,2011,FAA,,32000,7,bid,T2,2011,1,0,0,,
7918,"Orton, Kyle",QB,2011,FAA,,5000,19,bid,T3,2013,3,0,0,,
10262,"Gabbert, Blaine",QB,2011,FAA,,1000,24,bid,T3,2011,1,0,0,,
3866,"McNabb, Donovan",QB,2011,FAA,,3000,22,bid,T3,2011,1,0,0,,
5848,"Brady, Tom",QB,2011,FAA,,57000,1,bid,T1,2011,1,0,0,,
6929,"Palmer, Carson",QB,2011,WAIVER,,10000,,,,2011,1,0,0,,
3445,"Hasselbeck, Matt",QB,2011,WAIVER,,2000,,,,2011,1,0,0,,
10313,"Dalton, Andy",QB,2011,WAIVER,,2000,,,,2011,1,0,0,,
7480,"Schaub, Matt",QB,2011,FAA,,27000,9,bid,T2,2011,1,0,0,,
8252,"Cutler, Jay",QB,2011,WAIVER,,1000,,,,2011,1,0,0,,
7260,"Romo, Tony",QB,2011,FAA,,27000,9,bid,T2,2011,1,0,0,,
10695,"Luck, Andrew",QB,2012,ROOKIE,3,,,rookie_slot,,2017,6,0,0,,
3291,"Manning, Peyton",QB,2012,WAIVER,,50000,,,,2012,1,0,0,,
10703,"Wilson, Russell",QB,2012,ROOKIE,60,,,rookie_slot,,2016,5,0,0,,
8062,"Fitzpatrick, Ryan",QB,2012,FAA,,6000,10,bid,T2,2013,2,0,0,,
10697,"Tannehill, Ryan",QB,2012,ROOKIE,29,,,rookie_slot,,2012,1,0,0,,
8042,"Cassel, Matt",QB,2012,FAA,,6000,10,bid,T2,2013,2,0,0,,
10700,"Cousins, Kirk",QB,2012,WAIVER,,5000,,,,2012,1,0,0,,
9064,"Flacco, Joe",QB,2012,FAA,,14000,5,bid,T1,2013,2,0,0,,
9862,"Tebow, Tim",QB,2012,FAA,,3000,13,bid,T2,2012,1,0,0,,
10696,"Griffin III, Robert",QB,2012,ROOKIE,4,,,rookie_slot,,2014,3,0,0,,
10699,"Foles, Nick",QB,2012,FAA,,1000,14,bid,T2,2012,1,0,0,,
9429,"Sanchez, Mark",QB,2012,FAA,,1000,14,bid,T2,2013,2,0,0,,
10279,"Locker, Jake",QB,2012,FAA,,16000,2,bid,T1,2012,1,0,0,,
7813,"Smith, Alex",QB,2012,FAA,,8000,7,bid,T2,2012,1,0,0,,
9460,"Freeman, Josh",QB,2012,FAA,,15000,4,bid,T1,2012,1,0,0,,
10262,"Gabbert, Blaine",QB,2012,FAA,,1000,14,bid,T2,2014,3,0,0,,
5848,"Brady, Tom",QB,2012,FAA,,62000,1,bid,T1,2012,1,0,0,,
6929,"Palmer, Carson",QB,2012,FAA,,8000,7,bid,T2,2012,1,0,0,,
3445,"Hasselbeck, Matt",QB,2012,FAA,,1000,14,bid,T2,2014,3,0,0,,
10313,"Dalton, Andy",QB,2012,FAA,,8000,7,bid,T2,2014,3,0,0,,
7480,"Schaub, Matt",QB,2012,FAA,,12000,6,bid,T2,2012,1,0,0,,
9961,"Skelton, John",QB,2012,FAA,,1000,14,bid,T2,2012,1,0,0,,
9254,"Flynn, Matt",QB,2012,FAA,,4000,12,bid,T2,2012,1,0,0,,
8252,"Cutler, Jay",QB,2012,FAA,,16000,2,bid,T1,2012,1,0,0,,
3291,"Manning, Peyton",QB,2013,FAA,,49000,1,bid,T1,2014,2,0,0,,
10500,"Pryor, Terrelle",QB,2013,FAA,,1000,11,bid,T2,2014,2,0,0,,
4891,"Vick, Michael",QB,2013,FAA,,9000,3,bid,T1,2013,1,0,0,,
10697,"Tannehill, Ryan",QB,2013,WAIVER,,5000,,,,2015,3,0,0,,
10702,"Osweiler, Brock",QB,2013,FAA,,1000,11,bid,T2,2014,2,0,0,,
10700,"Cousins, Kirk",QB,2013,FAA,,2000,9,bid,T2,2013,1,0,0,,
11150,"Smith, Geno",QB,2013,ROOKIE,28,,,rookie_slot,,2020,8,0,0,,
9862,"Tebow, Tim",QB,2013,FAA,,1000,11,bid,T2,2013,1,0,0,,
10699,"Foles, Nick",QB,2013,WAIVER,,1000,,,,2013,1,0,0,,
10279,"Locker, Jake",QB,2013,FAA,,2000,9,bid,T2,2013,1,0,0,,
7813,"Smith, Alex",QB,2013,FAA,,5000,6,bid,T2,2013,1,0,0,,
10296,"Ponder, Christian",QB,2013,FAA,,3000,8,bid,T2,2013,1,0,0,,
7394,"Rivers, Philip",QB,2013,FAA,,8000,4,bid,T1,2014,2,0,0,,
10698,"Weeden, Brandon",QB,2013,FAA,,1000,11,bid,T2,2013,1,0,0,,
9714,"Hoyer, Brian",QB,2013,WAIVER,,2000,,,,2013,1,0,0,,
5848,"Brady, Tom",QB,2013,FAA,,33000,2,bid,T1,2013,1,0,0,,
6929,"Palmer, Carson",QB,2013,FAA,,4000,7,bid,T2,2013,1,0,0,,
7480,"Schaub, Matt",QB,2013,WAIVER,,1000,,,,2013,1,0,0,,
9254,"Flynn, Matt",QB,2013,FAA,,1000,11,bid,T2,2013,1,0,0,,
8252,"Cutler, Jay",QB,2013,FAA,,8000,4,bid,T1,2013,1,0,0,,
8062,"Fitzpatrick, Ryan",QB,2014,FAA,,1000,14,bid,T2,2014,1,0,0,,
4891,"Vick, Michael",QB,2014,WAIVER,,1000,,,,2014,1,0,0,,
8042,"Cassel, Matt",QB,2014,WAIVER,,1000,,,,2014,1,0,0,,
10700,"Cousins, Kirk",QB,2014,FAA,,1000,14,bid,T2,2014,1,0,0,,
9064,"Flacco, Joe",QB,2014,FAA,,2000,10,bid,T2,2017,4,0,0,,
6589,"McCown, Josh",QB,2014,FAA,,3000,9,bid,T2,2014,1,0,0,,
7391,"Manning, Eli",QB,2014,FAA,,2000,10,bid,T2,2014,1,0,0,,
11642,"Bortles, Blake",QB,2014,ROOKIE,42,,,rookie_slot,,2016,3,0,0,,
4925,"Brees, Drew",QB,2014,FAA,,38000,1,bid,T1,2014,1,0,0,,
10699,"Foles, Nick",QB,2014,FAA,,29000,2,bid,T1,2014,1,0,0,,
9817,"Bradford, Sam",QB,2014,FAA,,2000,10,bid,T2,2014,1,0,0,,
9429,"Sanchez, Mark",QB,2014,WAIVER,,4000,,,,2014,1,0,0,,
7813,"Smith, Alex",QB,2014,FAA,,6000,8,bid,T2,2014,1,0,0,,
9099,"Ryan, Matt",QB,2014,FAA,,23000,3,bid,T1,2015,2,0,0,,
7401,"Roethlisberger, Ben",QB,2014,FAA,,7000,7,bid,T2,2016,3,0,0,,
9714,"Hoyer, Brian",QB,2014,FAA,,1000,14,bid,T2,2014,1,0,0,,
7918,"Orton, Kyle",QB,2014,WAIVER,,2000,,,,2014,1,0,0,,
5848,"Brady, Tom",QB,2014,FAA,,22000,4,bid,T1,2018,5,0,1,None,2018
6929,"Palmer, Carson",QB,2014,FAA,,2000,10,bid,T2,2014,1,0,0,,
11644,"Carr, Derek",QB,2014,ROOKIE,45,,,rookie_slot,,2018,5,0,2,1|None,2017|2018
11640,"Bridgewater, Teddy",QB,2014,ROOKIE,20,,,rookie_slot,,2015,2,0,0,,
11760,"Garoppolo, Jimmy",QB,2014,ROOKIE,57,,,rookie_slot,,2016,3,0,0,,
8252,"Cutler, Jay",QB,2014,FAA,,11000,6,bid,T2,2014,1,0,0,,
7260,"Romo, Tony",QB,2014,FAA,,13000,5,bid,T1,2014,1,0,0,,
3291,"Manning, Peyton",QB,2015,FAA,,15000,4,bid,T1,2015,1,0,0,,
8062,"Fitzpatrick, Ryan",QB,2015,FAA,,1000,11,bid,T2,2015,1,0,0,,
4891,"Vick, Michael",QB,2015,WAIVER,,1000,,,,2015,1,0,0,,
8042,"Cassel, Matt",QB,2015,WAIVER,,1000,,,,2015,1,0,0,,
10702,"Osweiler, Brock",QB,2015,WAIVER,,4000,,,,2015,1,0,0,,
10700,"Cousins, Kirk",QB,2015,WAIVER,,7000,,,,2015,1,0,0,,
7391,"Manning, Eli",QB,2015,FAA,,9000,5,bid,T1,2017,3,0,0,,
4925,"Brees, Drew",QB,2015,FAA,,25000,1,bid,T1,2017,3,0,0,,
10696,"Griffin III, Robert",QB,2015,FAA,,3000,8,bid,T2,2015,1,0,0,,
10699,"Foles, Nick",QB,2015,FAA,,1000,11,bid,T2,2017,3,0,0,,
9817,"Bradford, Sam",QB,2015,FAA,,7000,6,bid,T2,2015,1,0,0,,
9429,"Sanchez, Mark",QB,2015,FAA,,1000,11,bid,T2,2015,1,0,0,,
7813,"Smith, Alex",QB,2015,FAA,,1000,11,bid,T2,2016,2,0,0,,
12142,"Hundley, Brett",QB,2015,ROOKIE,56,,,rookie_slot,,2017,3,0,0,,
7394,"Rivers, Philip",QB,2015,FAA,,6000,7,bid,T2,2017,3,0,0,,
9431,"Stafford, Matthew",QB,2015,FAA,,17000,2,bid,T1,2017,3,0,0,,
9714,"Hoyer, Brian",QB,2015,WAIVER,,4000,,,,2015,1,0,0,,
7918,"Orton, Kyle",QB,2015,FAA,,1000,11,bid,T2,2015,1,0,0,,
10413,"Taylor, Tyrod",QB,2015,WAIVER,,4000,,,,2016,2,0,0,,
6929,"Palmer, Carson",QB,2015,FAA,,3000,8,bid,T2,2016,2,0,0,,
3445,"Hasselbeck, Matt",QB,2015,WAIVER,,2000,,,,2015,1,0,0,,
10313,"Dalton, Andy",QB,2015,FAA,,3000,8,bid,T2,2016,2,0,0,,
8252,"Cutler, Jay",QB,2015,WAIVER,,4000,,,,2015,1,0,0,,
12140,"Winston, Jameis",QB,2015,ROOKIE,12,,,rookie_slot,,2017,3,0,0,,
12141,"Mariota, Marcus",QB,2015,ROOKIE,14,,,rookie_slot,,2018,4,0,1,1,2018
7260,"Romo, Tony",QB,2015,FAA,,17000,2,bid,T1,2015,1,0,0,,
12381,"Siemian, Trevor",QB,2016,WAIVER,,4000,,,,2016,1,0,0,,
8062,"Fitzpatrick, Ryan",QB,2016,WAIVER,,4000,,,,2016,1,0,0,,
10697,"Tannehill, Ryan",QB,2016,FAA,,9000,4,bid,T1,2016,1,0,0,,
7836,"Rodgers, Aaron",QB,2016,FAA,,41000,1,bid,T1,2018,3,0,0,,
10702,"Osweiler, Brock",QB,2016,FAA,,4000,7,bid,T2,2017,2,0,0,,
10700,"Cousins, Kirk",QB,2016,FAA,,14000,2,bid,T1,2017,2,0,0,,
12610,"Wentz, Carson",QB,2016,ROOKIE,31,,,rookie_slot,,2019,4,0,1,1,2019
12615,"Jones, Cardale",QB,2016,ROOKIE,39,,,rookie_slot,,2018,3,0,0,,
12611,"Goff, Jared",QB,2016,ROOKIE,18,,,rookie_slot,,2019,4,0,1,1,2019
10696,"Griffin III, Robert",QB,2016,FAA,,6000,6,bid,T2,2017,2,0,0,,
9817,"Bradford, Sam",QB,2016,WAIVER,,1000,,,,2016,1,0,0,,
9429,"Sanchez, Mark",QB,2016,FAA,,1000,10,bid,T2,2016,1,0,0,,
9099,"Ryan, Matt",QB,2016,FAA,,12000,3,bid,T1,2017,2,0,0,,
9714,"Hoyer, Brian",QB,2016,WAIVER,,4000,,,,2018,3,0,0,,
12614,"Hackenberg, Christian",QB,2016,FAA,,1000,10,bid,T2,2016,1,0,0,,
12612,"Lynch, Paxton",QB,2016,ROOKIE,35,,,rookie_slot,,2018,3,0,0,,
12620,"Prescott, Dak",QB,2016,ROOKIE,54,,,rookie_slot,,2017,2,0,0,,
11640,"Bridgewater, Teddy",QB,2016,FAA,,3000,9,bid,T2,2016,1,0,0,,
8252,"Cutler, Jay",QB,2016,FAA,,4000,7,bid,T2,2016,1,0,0,,
7260,"Romo, Tony",QB,2016,FAA,,8000,5,bid,T1,2016,1,0,0,,
12381,"Siemian, Trevor",QB,2017,WAIVER,,3000,,,,2017,1,0,0,,
10703,"Wilson, Russell",QB,2017,FAA,,31000,1,bid,T1,2018,2,0,0,,
13113,"Watson, Deshaun",QB,2017,ROOKIE,29,,,rookie_slot,,2024,8,0,4,2|None|2|None,2019|2020|2021|2023
8062,"Fitzpatrick, Ryan",QB,2017,WAIVER,,2000,,,,2017,1,0,0,,
13121,"Kelly, Chad",QB,2017,ROOKIE,58,,,rookie_slot,,2019,3,0,0,,
10297,"Kaepernick, Colin",QB,2017,FAA,,1000,9,bid,T2,2017,1,0,0,,
13115,"Trubisky, Mitchell",QB,2017,ROOKIE,54,,,rookie_slot,,2018,2,0,0,,
10697,"Tannehill, Ryan",QB,2017,FAA,,1000,9,bid,T2,2017,1,0,0,,
10273,"Newton, Cam",QB,2017,FAA,,17000,2,bid,T1,2019,3,0,0,,
11642,"Bortles, Blake",QB,2017,FAA,,5000,7,bid,T2,2017,1,0,0,,
10948,"Keenum, Case",QB,2017,WAIVER,,1000,,,,2017,1,0,0,,
13127,"Peterman, Nathan",QB,2017,WAIVER,,4000,,,,2017,1,0,0,,
9817,"Bradford, Sam",QB,2017,WAIVER,,1000,,,,2017,1,0,0,,
7813,"Smith, Alex",QB,2017,FAA,,1000,9,bid,T2,2017,1,0,0,,
13125,"Beathard, C.J.",QB,2017,FAA,,1000,9,bid,T2,2017,1,0,0,,
7401,"Roethlisberger, Ben",QB,2017,FAA,,17000,2,bid,T1,2017,1,0,0,,
13116,"Mahomes, Patrick",QB,2017,ROOKIE,39,,,rookie_slot,,2025,9,1,4,2|None|1|None,2019|2020|2021|2023
10413,"Taylor, Tyrod",QB,2017,WAIVER,,1000,,,,2017,1,0,0,,
6929,"Palmer, Carson",QB,2017,FAA,,7000,5,bid,T1,2017,1,0,0,,
13114,"Kizer, DeShone",QB,2017,FAA,,5000,7,bid,T2,2017,1,0,0,,
11640,"Bridgewater, Teddy",QB,2017,FAA,,1000,9,bid,T2,2017,1,0,0,,
12616,"Brissett, Jacoby",QB,2017,WAIVER,,4000,,,,2018,2,0,0,,
10313,"Dalton, Andy",QB,2017,FAA,,16000,4,bid,T1,2017,1,0,0,,
11760,"Garoppolo, Jimmy",QB,2017,FAA,,7000,5,bid,T1,2019,3,0,0,,
8252,"Cutler, Jay",QB,2017,FAA,,1000,9,bid,T2,2017,1,0,0,,
10695,"Luck, Andrew",QB,2018,FAA,,19000,2,bid,T1,2018,1,0,0,,
13589,"Allen, Josh",QB,2018,ROOKIE,42,,,rookie_slot,,2018,1,0,0,,
8062,"Fitzpatrick, Ryan",QB,2018,WAIVER,,5000,,,,2018,1,0,0,,
10697,"Tannehill, Ryan",QB,2018,WAIVER,,2000,,,,2018,1,0,0,,
10702,"Osweiler, Brock",QB,2018,WAIVER,,1000,,,,2018,1,0,0,,
10700,"Cousins, Kirk",QB,2018,ERA,,28000,1,bid,T1,2018,1,0,0,,
9064,"Flacco, Joe",QB,2018,FAA,,1000,13,bid,T2,2018,1,0,0,,
6589,"McCown, Josh",QB,2018,FAA,,1000,13,bid,T2,2018,1,0,0,,
13590,"Mayfield, Baker",QB,2018,ROOKIE,27,,,rookie_slot,,2021,4,0,1,2,2021
13968,"Mullens, Nick",QB,2018,WAIVER,,10000,,,,2018,1,0,0,,
7391,"Manning, Eli",QB,2018,FAA,,5000,9,bid,T2,2018,1,0,0,,
11642,"Bortles, Blake",QB,2018,FAA,,4000,10,bid,T2,2018,1,0,0,,
4925,"Brees, Drew",QB,2018,FAA,,18000,3,bid,T1,2020,3,0,2,1|None,2019|2020
10696,"Griffin III, Robert",QB,2018,WAIVER,,2000,,,,2018,1,0,0,,
10948,"Keenum, Case",QB,2018,FAA,,7000,8,bid,T2,2018,1,0,0,,
10699,"Foles, Nick",QB,2018,WAIVER,,4000,,,,2018,1,0,0,,
9899,"McCoy, Colt",QB,2018,WAIVER,,3000,,,,2018,1,0,0,,
7813,"Smith, Alex",QB,2018,WAIVER,,2000,,,,2018,1,0,0,,
9099,"Ryan, Matt",QB,2018,FAA,,12000,5,bid,T1,2018,1,0,0,,
13125,"Beathard, C.J.",QB,2018,WAIVER,,1000,,,,2018,1,0,0,,
13595,"Rudolph, Mason",QB,2018,ROOKIE,44,,,rookie_slot,,2019,2,0,0,,
7401,"Roethlisberger, Ben",QB,2018,FAA,,10000,6,bid,T2,2019,2,0,0,,
7394,"Rivers, Philip",QB,2018,FAA,,8000,7,bid,T2,2020,3,0,0,,
9431,"Stafford, Matthew",QB,2018,FAA,,16000,4,bid,T1,2018,1,0,0,,
13593,"Jackson, Lamar",QB,2018,ROOKIE,22,,,rookie_slot,,2025,8,1,2,2|2,2021|2022
13591,"Rosen, Josh",QB,2018,ROOKIE,35,,,rookie_slot,,2020,3,0,0,,
12623,"Driskel, Jeff",QB,2018,WAIVER,,2000,,,,2018,1,0,0,,
10413,"Taylor, Tyrod",QB,2018,FAA,,4000,10,bid,T2,2018,1,0,0,,
12620,"Prescott, Dak",QB,2018,WAIVER,,4000,,,,2018,1,0,0,,
13601,"Lauletta, Kyle",QB,2018,WAIVER,,1000,,,,2018,1,0,0,,
10313,"Dalton, Andy",QB,2018,FAA,,4000,10,bid,T2,2018,1,0,0,,
12140,"Winston, Jameis",QB,2018,WAIVER,,1000,,,,2019,2,0,0,,
13592,"Darnold, Sam",QB,2018,ROOKIE,37,,,rookie_slot,,2019,2,0,0,,
10703,"Wilson, Russell",QB,2019,FAA,,15000,8,adp,T2,2020,2,0,0,,
13589,"Allen, Josh",QB,2019,ERA,,10000,26,adp,T4,2019,1,0,0,,
8944,"Moore, Matt",QB,2019,WAIVER,,4000,,,,2019,1,0,0,,
8062,"Fitzpatrick, Ryan",QB,2019,WAIVER,,4000,38,adp,T4,2019,1,0,0,,
14056,"Murray, Kyler",QB,2019,ROOKIE,14,,7,adp,T2,2024,6,0,2,2|None,2021|2023
13115,"Trubisky, Mitchell",QB,2019,WAIVER,,1000,24,adp,T3,2019,1,0,0,,
10697,"Tannehill, Ryan",QB,2019,WAIVER,,6000,41,adp,T4,2019,1,0,0,,
7836,"Rodgers, Aaron",QB,2019,FAA,,18000,3,adp,T1,2020,2,0,0,,
10700,"Cousins, Kirk",QB,2019,FAA,,6000,22,adp,T3,2019,1,0,0,,
9064,"Flacco, Joe",QB,2019,WAIVER,,4000,34,adp,T4,2019,1,0,0,,
14063,"Stidham, Jarrett",QB,2019,WAIVER,,1000,23,adp,T3,2019,1,0,0,,
10948,"Keenum, Case",QB,2019,FAA,,1000,39,adp,T4,2019,1,0,0,,
10699,"Foles, Nick",QB,2019,FAA,,2000,29,adp,T4,2019,1,0,0,,
14067,"Minshew, Gardner",QB,2019,WAIVER,,1000,,,,2020,2,0,0,,
9099,"Ryan, Matt",QB,2019,FAA,,10000,5,adp,T1,2021,3,0,0,,
14062,"Grier, Will",QB,2019,ROOKIE,39,,20,adp,T3,2019,1,0,0,,
9431,"Stafford, Matthew",QB,2019,WAIVER,,3000,28,adp,T4,2024,6,0,3,1|1|1,2019|2021|2022
9714,"Hoyer, Brian",QB,2019,WAIVER,,5000,,,,2019,1,0,0,,
13879,"Allen, Kyle",QB,2019,WAIVER,,1000,,,,2019,1,0,0,,
12620,"Prescott, Dak",QB,2019,FAA,,9000,18,adp,T3,2019,1,0,0,,
5848,"Brady, Tom",QB,2019,FAA,,20000,19,adp,T3,2021,3,0,0,,
11644,"Carr, Derek",QB,2019,FAA,,2000,30,adp,T4,2019,1,0,0,,
11640,"Bridgewater, Teddy",QB,2019,WAIVER,,2000,40,adp,T4,2019,1,0,0,,
12616,"Brissett, Jacoby",QB,2019,FAA,,4000,35,adp,T4,2019,1,0,0,,
10313,"Dalton, Andy",QB,2019,WAIVER,,1000,32,adp,T4,2019,1,0,0,,
14059,"Jones, Daniel",QB,2019,FAA,,3000,14,adp,T2,2020,2,0,0,,
14058,"Haskins, Dwayne",QB,2019,ROOKIE,31,,9,adp,T2,2021,3,0,0,,
13424,"Hill, Taysom",QB,2019,WAIVER,,4000,,,,2019,1,0,0,,
12141,"Mariota, Marcus",QB,2019,FAA,,1000,33,adp,T4,2019,1,0,0,,
14057,"Lock, Drew",QB,2019,ROOKIE,58,,12,adp,T2,2020,2,0,0,,
14782,"Love, Jordan",QB,2020,ROOKIE,53,,13,adp,T2,2021,2,0,0,,
13589,"Allen, Josh",QB,2020,FAA,,8000,7,adp,T2,2025,6,1,1,2,2022
8062,"Fitzpatrick, Ryan",QB,2020,WAIVER,,2000,40,adp,T4,2020,1,0,0,,
13115,"Trubisky, Mitchell",QB,2020,WAIVER,,1000,41,adp,T4,2020,1,0,0,,
10697,"Tannehill, Ryan",QB,2020,FAA,,2000,28,adp,T4,2021,2,0,0,,
10700,"Cousins, Kirk",QB,2020,FAA,,4000,26,adp,T4,2021,2,0,0,,
12610,"Wentz, Carson",QB,2020,FAA,,5000,14,adp,T2,2021,2,0,0,,
10273,"Newton, Cam",QB,2020,FAA,,6000,25,adp,T4,2020,1,0,0,,
13968,"Mullens, Nick",QB,2020,WAIVER,,1000,54,adp,T4,2020,1,0,0,,
14783,"Hurts, Jalen",QB,2020,ROOKIE,57,,18,adp,T3,2025,6,1,3,2|1|None,2023|2024|2025
14063,"Stidham, Jarrett",QB,2020,WAIVER,,4000,37,adp,T4,2021,2,0,0,,
12611,"Goff, Jared",QB,2020,FAA,,1000,22,adp,T3,2021,2,0,0,,
14778,"Tagovailoa, Tua",QB,2020,ROOKIE,19,,8,adp,T2,2021,2,0,0,,
10699,"Foles, Nick",QB,2020,WAIVER,,2000,38,adp,T4,2020,1,0,0,,
7813,"Smith, Alex",QB,2020,WAIVER,,4000,,,,2020,1,0,0,,
7401,"Roethlisberger, Ben",QB,2020,FAA,,2000,27,adp,T4,2020,1,0,0,,
14779,"Herbert, Justin",QB,2020,ROOKIE,50,,10,adp,T2,2024,5,0,1,2,2023
13879,"Allen, Kyle",QB,2020,WAIVER,,2000,50,adp,T4,2020,1,0,0,,
12620,"Prescott, Dak",QB,2020,ERA,,15000,4,adp,T1,2020,1,0,0,,
11644,"Carr, Derek",QB,2020,FAA,,4000,31,adp,T4,2021,2,0,0,,
11640,"Bridgewater, Teddy",QB,2020,WAIVER,,4000,30,adp,T4,2020,1,0,0,,
10313,"Dalton, Andy",QB,2020,WAIVER,,4000,46,adp,T4,2020,1,0,0,,
11760,"Garoppolo, Jimmy",QB,2020,FAA,,2000,29,adp,T4,2021,2,0,0,,
13424,"Hill, Taysom",QB,2020,WAIVER,,4000,42,adp,T4,2020,1,0,0,,
12140,"Winston, Jameis",QB,2020,FAA,,1000,39,adp,T4,2020,1,0,0,,
13592,"Darnold, Sam",QB,2020,WAIVER,,2000,23,adp,T3,2020,1,0,0,,
14777,"Burrow, Joe",QB,2020,ROOKIE,16,,11,adp,T2,2025,6,1,1,2,2023
12381,"Siemian, Trevor",QB,2021,WAIVER,,4000,,,,2021,1,0,0,,
10703,"Wilson, Russell",QB,2021,FAA,,28000,5,adp,T1,2023,3,0,0,,
15240,"Lance, Trey",QB,2021,ROOKIE,5,,18,adp,T3,2022,2,0,0,,
8062,"Fitzpatrick, Ryan",QB,2021,FAA,,3000,34,adp,T4,2021,1,0,0,,
15241,"Jones, Mac",QB,2021,ROOKIE,14,,21,adp,T3,2022,2,0,0,,
7836,"Rodgers, Aaron",QB,2021,FAA,,39000,7,adp,T2,2022,2,0,0,,
11150,"Smith, Geno",QB,2021,WAIVER,,4000,,,,2021,1,0,0,,
12476,"Heinicke, Taylor",QB,2021,WAIVER,,4000,42,adp,T4,2021,1,0,0,,
10273,"Newton, Cam",QB,2021,FAA,,1000,37,adp,T4,2021,1,0,0,,
15242,"Trask, Kyle",QB,2021,ROOKIE,46,,9,adp,T2,2023,3,0,0,,
14780,"Eason, Jacob",QB,2021,FAA,,1000,9,bid,T2,2021,1,0,0,,
15238,"Fields, Justin",QB,2021,ROOKIE,12,,19,adp,T3,2025,5,1,2,2|None,2024|2025
13124,"Rush, Cooper",QB,2021,WAIVER,,1000,,,,2021,1,0,0,,
15239,"Wilson, Zach",QB,2021,ROOKIE,13,,17,adp,T3,2022,2,0,0,,
15252,"Mills, Davis",QB,2021,ROOKIE,54,,12,adp,T2,2022,2,0,0,,
9899,"McCoy, Colt",QB,2021,WAIVER,,1000,,,,2021,1,0,0,,
14067,"Minshew, Gardner",QB,2021,WAIVER,,1000,,,,2021,1,0,0,,
7401,"Roethlisberger, Ben",QB,2021,FAA,,5000,28,adp,T4,2021,1,0,0,,
13598,"White, Mike",QB,2021,WAIVER,,4000,,,,2021,1,0,0,,
14789,"Huntley, Tyler",QB,2021,WAIVER,,1000,,,,2021,1,0,0,,
15237,"Lawrence, Trevor",QB,2021,ROOKIE,7,,14,adp,T2,2025,5,1,1,2,2024
10413,"Taylor, Tyrod",QB,2021,WAIVER,,1000,41,adp,T4,2021,1,0,0,,
12620,"Prescott, Dak",QB,2021,FAA,,45000,6,adp,T2,2023,3,0,0,,
11640,"Bridgewater, Teddy",QB,2021,WAIVER,,3000,40,adp,T4,2021,1,0,0,,
15243,"Mond, Kellen",QB,2021,ROOKIE,31,,10,adp,T2,2022,2,0,0,,
10313,"Dalton, Andy",QB,2021,FAA,,1000,45,adp,T4,2021,1,0,0,,
14059,"Jones, Daniel",QB,2021,WAIVER,,1000,31,adp,T4,2021,1,0,1,1,2021
13424,"Hill, Taysom",QB,2021,FAA,,5000,38,adp,T4,2021,1,0,0,,
12140,"Winston, Jameis",QB,2021,FAA,,2000,33,adp,T4,2021,1,0,0,,
13592,"Darnold, Sam",QB,2021,FAA,,6000,35,adp,T4,2021,1,0,0,,
14057,"Lock, Drew",QB,2021,FAA,,1000,43,adp,T4,2021,1,0,0,,
14782,"Love, Jordan",QB,2022,FAA,,1000,18,bid,T3,2025,4,1,2,None|None,2024|2025
12381,"Siemian, Trevor",QB,2022,WAIVER,,6000,,,,2022,1,0,0,,
13115,"Trubisky, Mitchell",QB,2022,FAA,,17000,39,adp,T4,2022,1,0,0,,
10697,"Tannehill, Ryan",QB,2022,FAA,,16000,29,adp,T4,2022,1,0,0,,
14061,"McSorley, Trace",QB,2022,WAIVER,,1000,,,,2022,1,0,0,,
10700,"Cousins, Kirk",QB,2022,FAA,,37000,22,adp,T3,2024,3,0,0,,
9064,"Flacco, Joe",QB,2022,WAIVER,,8000,,,,2022,1,0,0,,
11150,"Smith, Geno",QB,2022,FAA,,5000,38,adp,T4,2023,2,0,2,1|None,2022|2023
12476,"Heinicke, Taylor",QB,2022,FAA,,1000,18,bid,T3,2022,1,0,0,,
12610,"Wentz, Carson",QB,2022,FAA,,17000,36,adp,T4,2022,1,0,0,,
13590,"Mayfield, Baker",QB,2022,FAA,,15000,37,adp,T4,2022,1,0,0,,
15698,"Purdy, Brock",QB,2022,WAIVER,,22000,,,,2022,1,0,0,,
15035,"Wolford, John",QB,2022,WAIVER,,5000,,,,2022,1,0,0,,
14063,"Stidham, Jarrett",QB,2022,WAIVER,,1000,,,,2022,1,0,0,,
13124,"Rush, Cooper",QB,2022,WAIVER,,5000,,,,2022,1,0,0,,
15693,"Howell, Sam",QB,2022,ROOKIE,36,,10,adp,T2,2023,2,0,0,,
12611,"Goff, Jared",QB,2022,FAA,,15000,33,adp,T4,2025,4,1,3,1|None|None,2023|2024|2025
4925,"Brees, Drew",QB,2022,WAIVER,,1000,,,,2022,1,0,0,,
14778,"Tagovailoa, Tua",QB,2022,FAA,,29000,23,adp,T3,2025,4,1,2,None|None,2024|2025
10948,"Keenum, Case",QB,2022,WAIVER,,10000,,,,2022,1,0,0,,
10699,"Foles, Nick",QB,2022,WAIVER,,12000,,,,2022,1,0,0,,
16022,"Brown, Anthony",QB,2022,WAIVER,,1000,,,,2022,1,0,0,,
13127,"Peterman, Nathan",QB,2022,WAIVER,,1000,,,,2022,1,0,0,,
9207,"Johnson, Josh",QB,2022,WAIVER,,2000,,,,2022,1,0,0,,
15691,"Corral, Matt",QB,2022,ROOKIE,28,,5,adp,T1,2024,3,0,0,,
9899,"McCoy, Colt",QB,2022,WAIVER,,1000,,,,2022,1,0,0,,
14067,"Minshew, Gardner",QB,2022,WAIVER,,17000,,,,2022,1,0,0,,
9099,"Ryan, Matt",QB,2022,FAA,,28000,25,adp,T4,2022,1,0,0,,
15695,"Strong, Carson",QB,2022,ROOKIE,53,,15,adp,T2,2022,1,0,0,,
13598,"White, Mike",QB,2022,WAIVER,,33000,,,,2022,1,0,0,,
14789,"Huntley, Tyler",QB,2022,FAA,,1000,18,bid,T3,2022,1,0,0,,
9714,"Hoyer, Brian",QB,2022,WAIVER,,4000,,,,2022,1,0,0,,
13416,"Walker, P.J.",QB,2022,WAIVER,,4000,,,,2022,1,0,0,,
15699,"Thompson, Skylar",QB,2022,WAIVER,,1000,,,,2022,1,0,0,,
13879,"Allen, Kyle",QB,2022,WAIVER,,4000,,,,2022,1,0,0,,
10413,"Taylor, Tyrod",QB,2022,WAIVER,,1000,,,,2022,1,0,0,,
5848,"Brady, Tom",QB,2022,FAA,,66000,14,adp,T2,2022,1,0,0,,
11644,"Carr, Derek",QB,2022,FAA,,38000,21,adp,T3,2023,2,0,0,,
15696,"Zappe, Bailey",QB,2022,WAIVER,,4000,18,adp,T3,2022,1,0,0,,
11640,"Bridgewater, Teddy",QB,2022,WAIVER,,15000,,,,2022,1,0,0,,
15250,"Ehlinger, Sam",QB,2022,WAIVER,,10000,,,,2022,1,0,0,,
12616,"Brissett, Jacoby",QB,2022,FAA,,6000,40,adp,T4,2022,1,0,0,,
10313,"Dalton, Andy",QB,2022,FAA,,1000,18,bid,T3,2022,1,0,0,,
14059,"Jones, Daniel",QB,2022,FAA,,16000,35,adp,T4,2025,4,1,1,1,2023
15692,"Pickett, Kenny",QB,2022,ROOKIE,19,,12,adp,T2,2023,2,0,0,,
11760,"Garoppolo, Jimmy",QB,2022,FAA,,5000,41,adp,T4,2022,1,0,0,,
12140,"Winston, Jameis",QB,2022,FAA,,12000,27,adp,T4,2022,1,0,0,,
12141,"Mariota, Marcus",QB,2022,FAA,,15000,30,adp,T4,2022,1,0,0,,
13592,"Darnold, Sam",QB,2022,WAIVER,,3000,,,,2022,1,0,0,,
14065,"Rypien, Brett",QB,2022,WAIVER,,4000,,,,2022,1,0,0,,
14792,"Perkins, Bryce",QB,2022,WAIVER,,1000,,,,2022,1,0,0,,
14057,"Lock, Drew",QB,2022,FAA,,3000,42,adp,T4,2022,1,0,0,,
15694,"Willis, Malik",QB,2022,ROOKIE,26,,9,adp,T2,2024,3,0,0,,
15697,"Ridder, Desmond",QB,2022,ROOKIE,22,,11,adp,T2,2023,2,0,0,,
12381,"Siemian, Trevor",QB,2023,WAIVER,,4000,,,,2023,1,0,0,,
14069,"Stick, Easton",QB,2023,WAIVER,,4000,,,,2023,1,0,0,,
15240,"Lance, Trey",QB,2023,WAIVER,,1000,41,adp,T4,2023,1,0,1,None,2023
13119,"Dobbs, Joshua",QB,2023,WAIVER,,10000,39,adp,T4,2023,1,0,0,,
15241,"Jones, Mac",QB,2023,WAIVER,,11000,37,adp,T4,2023,1,0,1,None,2023
13115,"Trubisky, Mitchell",QB,2023,WAIVER,,11000,56,adp,T4,2023,1,0,0,,
10697,"Tannehill, Ryan",QB,2023,FAA,,5000,39,adp,T4,2023,1,0,0,,
7836,"Rodgers, Aaron",QB,2023,FAA,,50000,21,adp,T3,2024,2,0,0,,
9064,"Flacco, Joe",QB,2023,WAIVER,,7000,,,,2023,1,0,0,,
12476,"Heinicke, Taylor",QB,2023,WAIVER,,20000,,,,2023,1,0,0,,
12610,"Wentz, Carson",QB,2023,FAA,,1000,9,bid,T2,2023,1,0,0,,
16158,"Thompson-Robinson, Dorian",QB,2023,FAA,,1000,25,adp,T4,2023,1,0,0,,
13590,"Mayfield, Baker",QB,2023,FAA,,5000,38,adp,T4,2024,2,0,2,1|None,2023|2024
15698,"Purdy, Brock",QB,2023,ERA,,26000,30,adp,T4,2024,2,0,0,,
13968,"Mullens, Nick",QB,2023,WAIVER,,17000,,,,2023,1,0,0,,
14063,"Stidham, Jarrett",QB,2023,FAA,,1000,9,bid,T2,2023,1,0,0,,
13124,"Rush, Cooper",QB,2023,FAA,,1000,60,adp,T4,2023,1,0,0,,
15239,"Wilson, Zach",QB,2023,WAIVER,,1000,43,adp,T4,2023,1,0,0,,
10948,"Keenum, Case",QB,2023,WAIVER,,4000,,,,2023,1,0,0,,
15252,"Mills, Davis",QB,2023,WAIVER,,4000,,,,2024,2,0,0,,
9899,"McCoy, Colt",QB,2023,WAIVER,,1000,42,adp,T4,2023,1,0,0,,
14067,"Minshew, Gardner",QB,2023,FAA,,2000,44,adp,T4,2023,1,0,0,,
16441,"DeVito, Tommy",QB,2023,WAIVER,,1000,36,adp,T4,2023,1,0,0,,
14062,"Grier, Will",QB,2023,WAIVER,,2000,,,,2023,1,0,0,,
13595,"Rudolph, Mason",QB,2023,WAIVER,,2000,,,,2023,1,0,0,,
13598,"White, Mike",QB,2023,FAA,,2000,45,adp,T4,2023,1,0,0,,
16384,"Bagent, Tyson",QB,2023,WAIVER,,1000,,,,2023,1,0,0,,
16153,"Bennett, Stetson",QB,2023,ROOKIE,30,,15,adp,T2,2025,3,1,0,,
14358,"Browning, Jake",QB,2023,WAIVER,,9000,58,adp,T4,2023,1,0,0,,
9714,"Hoyer, Brian",QB,2023,WAIVER,,1000,,,,2023,1,0,0,,
13416,"Walker, P.J.",QB,2023,WAIVER,,3000,,,,2023,1,0,0,,
16156,"Haener, Jake",QB,2023,ROOKIE,58,,20,adp,T3,2025,3,1,0,,
10413,"Taylor, Tyrod",QB,2023,WAIVER,,1000,,,,2023,1,0,0,,
5848,"Brady, Tom",QB,2023,WAIVER,,1000,35,adp,T4,2023,1,0,0,,
16149,"Levis, Will",QB,2023,ROOKIE,10,,10,adp,T2,2025,3,1,0,,
16159,"O'Connell, Aidan",QB,2023,WAIVER,,1000,22,adp,T3,2023,1,0,0,,
15696,"Zappe, Bailey",QB,2023,FAA,,2000,6,bid,T2,2023,1,0,0,,
11640,"Bridgewater, Teddy",QB,2023,WAIVER,,1000,65,adp,T4,2024,2,0,0,,
16150,"Stroud, C.J.",QB,2023,ROOKIE,4,,11,adp,T2,2025,3,1,0,,
12616,"Brissett, Jacoby",QB,2023,FAA,,5000,47,adp,T4,2023,1,0,0,,
10313,"Dalton, Andy",QB,2023,WAIVER,,3000,,,,2023,1,0,0,,
11760,"Garoppolo, Jimmy",QB,2023,WAIVER,,2000,36,adp,T4,2023,1,0,0,,
16148,"Young, Bryce",QB,2023,ROOKIE,3,,13,adp,T2,2025,3,1,0,,
13424,"Hill, Taysom",QB,2023,WAIVER,,4000,31,adp,T4,2023,1,0,0,,
12140,"Winston, Jameis",QB,2023,WAIVER,,2000,,,,2023,1,0,0,,
12141,"Mariota, Marcus",QB,2023,WAIVER,,1000,53,adp,T4,2023,1,0,0,,
16154,"Hall, Jaren",QB,2023,FAA,,1000,28,adp,T4,2023,1,0,0,,
13592,"Darnold, Sam",QB,2023,WAIVER,,1000,46,adp,T4,2023,1,0,0,,
14065,"Rypien, Brett",QB,2023,WAIVER,,4000,,,,2023,1,0,0,,
16152,"Richardson, Anthony",QB,2023,ROOKIE,2,,12,adp,T2,2024,2,0,0,,
14057,"Lock, Drew",QB,2023,WAIVER,,1000,66,adp,T4,2023,1,0,0,,
16157,"Cunningham, Malik",QB,2023,WAIVER,,4000,37,adp,T4,2023,1,0,0,,
16151,"Hooker, Hendon",QB,2023,ROOKIE,24,,9,adp,T2,2025,3,1,0,,
10703,"Wilson, Russell",QB,2024,FAA,,7000,36,adp,T4,2024,1,0,0,,
14069,"Stick, Easton",QB,2024,WAIVER,,1000,91,adp,T4,2024,1,0,0,,
16580,"Maye, Drake",QB,2024,ROOKIE,8,,8,adp,T2,2025,2,1,0,,
15240,"Lance, Trey",QB,2024,WAIVER,,1000,54,adp,T4,2024,1,0,0,,
15241,"Jones, Mac",QB,2024,WAIVER,,5000,76,adp,T4,2024,1,0,0,,
16579,"Williams, Caleb",QB,2024,ROOKIE,1,,9,adp,T2,2025,2,1,0,,
9064,"Flacco, Joe",QB,2024,FAA,,3000,43,adp,T4,2024,1,0,0,,
11150,"Smith, Geno",QB,2024,ERA,,17000,32,adp,T4,2024,1,0,0,,
12610,"Wentz, Carson",QB,2024,WAIVER,,25000,42,adp,T4,2024,1,0,0,,
16158,"Thompson-Robinson, Dorian",QB,2024,WAIVER,,4000,79,adp,T4,2024,1,0,0,,
13968,"Mullens, Nick",QB,2024,WAIVER,,1000,85,adp,T4,2024,1,0,0,,
16589,"Travis, Jordan",QB,2024,ROOKIE,56,,17,adp,T3,2024,1,0,0,,
14063,"Stidham, Jarrett",QB,2024,FAA,,1000,56,adp,T4,2024,1,0,0,,
13124,"Rush, Cooper",QB,2024,WAIVER,,13000,63,adp,T4,2024,1,0,0,,
15239,"Wilson, Zach",QB,2024,FAA,,1000,52,adp,T4,2024,1,0,0,,
15693,"Howell, Sam",QB,2024,FAA,,4000,42,adp,T4,2024,1,0,0,,
16584,"McCarthy, J.J.",QB,2024,ROOKIE,5,,5,adp,T1,2025,2,1,0,,
14067,"Minshew, Gardner",QB,2024,FAA,,5000,37,adp,T4,2024,1,0,0,,
16441,"DeVito, Tommy",QB,2024,WAIVER,,15000,47,adp,T4,2024,1,0,0,,
13595,"Rudolph, Mason",QB,2024,WAIVER,,10000,86,adp,T4,2024,1,0,0,,
14789,"Huntley, Tyler",QB,2024,WAIVER,,1000,92,adp,T4,2024,1,0,0,,
16384,"Bagent, Tyson",QB,2024,FAA,,1000,60,adp,T4,2024,1,0,0,,
14358,"Browning, Jake",QB,2024,FAA,,1000,65,adp,T4,2024,1,0,0,,
16583,"Penix Jr., Michael",QB,2024,ROOKIE,17,,12,adp,T2,2025,2,1,0,,
15699,"Thompson, Skylar",QB,2024,WAIVER,,2000,64,adp,T4,2024,1,0,0,,
12620,"Prescott, Dak",QB,2024,ERA,,50000,13,adp,T2,2025,2,1,0,,
5848,"Brady, Tom",QB,2024,WAIVER,,1000,41,adp,T4,2024,1,0,0,,
16582,"Nix, Bo",QB,2024,ROOKIE,18,,18,adp,T3,2025,2,1,0,,
11644,"Carr, Derek",QB,2024,WAIVER,,5000,33,adp,T4,2024,1,0,1,None,2024
16159,"O'Connell, Aidan",QB,2024,WAIVER,,25000,41,adp,T4,2024,1,0,0,,
12616,"Brissett, Jacoby",QB,2024,FAA,,3000,39,adp,T4,2024,1,0,0,,
10313,"Dalton, Andy",QB,2024,WAIVER,,4000,70,adp,T4,2024,1,0,0,,
15692,"Pickett, Kenny",QB,2024,WAIVER,,1000,38,adp,T4,2024,1,0,0,,
16581,"Daniels, Jayden",QB,2024,ROOKIE,4,,7,adp,T2,2025,2,1,0,,
13424,"Hill, Taysom",QB,2024,FAA,,1000,40,adp,T4,2024,1,0,0,,
12140,"Winston, Jameis",QB,2024,FAA,,1000,61,adp,T4,2024,1,0,0,,
12141,"Mariota, Marcus",QB,2024,WAIVER,,4000,72,adp,T4,2024,1,0,0,,
13592,"Darnold, Sam",QB,2024,FAA,,7000,29,adp,T4,2024,1,0,0,,
16585,"Milton, Joe",QB,2024,WAIVER,,1000,23,adp,T3,2024,1,0,0,,
14057,"Lock, Drew",QB,2024,FAA,,1000,69,adp,T4,2024,1,0,0,,
15697,"Ridder, Desmond",QB,2024,WAIVER,,1000,99,adp,T4,2024,1,0,0,,
16586,"Rattler, Spencer",QB,2024,ROOKIE,51,,16,adp,T3,2025,2,1,0,,
17035,"Leonard, Riley",QB,2025,WAIVER,,4000,29,adp,T4,2025,1,1,0,,
10703,"Wilson, Russell",QB,2025,WAIVER,,2000,39,adp,T4,2025,1,1,0,,
17282,"Brosmer, Max",QB,2025,WAIVER,,4000,105,adp,T4,2025,1,1,0,,
15240,"Lance, Trey",QB,2025,WAIVER,,6000,72,adp,T4,2025,1,1,0,,
13113,"Watson, Deshaun",QB,2025,FAA,,1000,42,adp,T4,2025,1,1,0,,
17030,"Ward, Cam",QB,2025,ROOKIE,6,,8,adp,T2,2025,1,1,0,,
13119,"Dobbs, Joshua",QB,2025,WAIVER,,1000,41,adp,T4,2025,1,1,0,,
15241,"Jones, Mac",QB,2025,WAIVER,,4000,57,adp,T4,2025,1,1,0,,
14056,"Murray, Kyler",QB,2025,WAIVER,,8000,13,adp,T2,2025,1,1,0,,
13115,"Trubisky, Mitchell",QB,2025,FAA,,1000,59,adp,T4,2025,1,1,0,,
7836,"Rodgers, Aaron",QB,2025,FAA,,7000,36,adp,T4,2025,1,1,0,,
17036,"Howard, Will",QB,2025,ROOKIE,49,,16,adp,T3,2025,1,1,0,,
10700,"Cousins, Kirk",QB,2025,FAA,,1000,43,adp,T4,2025,1,1,0,,
9064,"Flacco, Joe",QB,2025,FAA,,6000,41,adp,T4,2025,1,1,0,,
11150,"Smith, Geno",QB,2025,FAA,,15000,34,adp,T4,2025,1,1,0,,
12610,"Wentz, Carson",QB,2025,WAIVER,,4000,44,adp,T4,2025,1,1,0,,
17039,"Shough, Tyler",QB,2025,ROOKIE,21,,12,adp,T2,2025,1,1,0,,
13590,"Mayfield, Baker",QB,2025,FAA,,31000,7,adp,T2,2025,1,1,0,,
15698,"Purdy, Brock",QB,2025,FAA,,28000,18,adp,T3,2025,1,1,0,,
13124,"Rush, Cooper",QB,2025,WAIVER,,21000,69,adp,T4,2025,1,1,0,,
15239,"Wilson, Zach",QB,2025,WAIVER,,1000,79,adp,T4,2025,1,1,0,,
17032,"Dart, Jaxson",QB,2025,ROOKIE,7,,11,adp,T2,2025,1,1,0,,
17037,"Gabriel, Dillon",QB,2025,ROOKIE,51,,19,adp,T3,2025,1,1,0,,
17034,"Ewers, Quinn",QB,2025,ROOKIE,57,,24,adp,T3,2025,1,1,0,,
9207,"Johnson, Josh",QB,2025,WAIVER,,15000,73,adp,T4,2025,1,1,0,,
15252,"Mills, Davis",QB,2025,WAIVER,,15000,93,adp,T4,2025,1,1,0,,
14067,"Minshew, Gardner",QB,2025,WAIVER,,48000,48,adp,T4,2025,1,1,0,,
17240,"Miller, Cam",QB,2025,FAA,,1000,10,bid,T2,2025,1,1,0,,
17031,"Sanders, Shedeur",QB,2025,ROOKIE,28,,14,adp,T2,2025,1,1,0,,
13595,"Rudolph, Mason",QB,2025,WAIVER,,4000,43,adp,T4,2025,1,1,0,,
7394,"Rivers, Philip",QB,2025,WAIVER,,24000,,,,2025,1,1,0,,
9431,"Stafford, Matthew",QB,2025,FAA,,18000,33,adp,T4,2025,1,1,0,,
14779,"Herbert, Justin",QB,2025,FAA,,51000,20,adp,T3,2025,1,1,0,,
14789,"Huntley, Tyler",QB,2025,WAIVER,,1000,90,adp,T4,2025,1,1,0,,
16384,"Bagent, Tyson",QB,2025,WAIVER,,1000,65,adp,T4,2025,1,1,0,,
14358,"Browning, Jake",QB,2025,WAIVER,,18000,68,adp,T4,2025,1,1,0,,
17033,"Milroe, Jalen",QB,2025,ROOKIE,18,,10,adp,T2,2025,1,1,0,,
17040,"Cook, Brady",QB,2025,WAIVER,,2000,107,adp,T4,2025,1,1,0,,
15702,"McKee, Tanner",QB,2025,WAIVER,,1000,52,adp,T4,2025,1,1,0,,
13879,"Allen, Kyle",QB,2025,WAIVER,,1000,53,adp,T4,2025,1,1,0,,
10413,"Taylor, Tyrod",QB,2025,FAA,,2000,77,adp,T4,2025,1,1,0,,
16159,"O'Connell, Aidan",QB,2025,WAIVER,,1000,76,adp,T4,2025,1,1,0,,
11640,"Bridgewater, Teddy",QB,2025,WAIVER,,1000,86,adp,T4,2025,1,1,0,,
12616,"Brissett, Jacoby",QB,2025,WAIVER,,5000,78,adp,T4,2025,1,1,0,,
10313,"Dalton, Andy",QB,2025,WAIVER,,29000,71,adp,T4,2025,1,1,0,,
15692,"Pickett, Kenny",QB,2025,FAA,,1000,50,adp,T4,2025,1,1,0,,
11760,"Garoppolo, Jimmy",QB,2025,FAA,,1000,40,adp,T4,2025,1,1,0,,
13424,"Hill, Taysom",QB,2025,WAIVER,,16000,39,adp,T4,2025,1,1,0,,
12140,"Winston, Jameis",QB,2025,FAA,,1000,39,adp,T4,2025,1,1,0,,
12141,"Mariota, Marcus",QB,2025,FAA,,1000,66,adp,T4,2025,1,1,0,,
13592,"Darnold, Sam",QB,2025,FAA,,18000,35,adp,T4,2025,1,1,0,,
16152,"Richardson, Anthony",QB,2025,WAIVER,,11000,37,adp,T4,2025,1,1,0,,
16585,"Milton, Joe",QB,2025,FAA,,1000,40,adp,T4,2025,1,1,0,,
15694,"Willis, Malik",QB,2025,WAIVER,,37000,46,adp,T4,2025,1,1,0,,
6562,"Morris, Maurice",RB,2010,WAIVER,,3,,,,2010,1,0,0,,
7942,"Sproles, Darren",RB,2010,WAIVER,,3,,,,2010,1,0,0,,
6564,"Betts, Ladell",RB,2010,WAIVER,,3,,,,2010,1,0,0,,
9987,"Starks, James",RB,2010,WAIVER,,5,,,,2010,1,0,0,,
9315,"Tolbert, Mike",RB,2010,WAIVER,,3,,,,2010,1,0,0,,
9247,"Hart, Mike",RB,2010,WAIVER,,2,,,,2010,1,0,0,,
9187,"Torain, Ryan",RB,2010,WAIVER,,1,,,,2010,1,0,0,,
9898,"Blount, LeGarrette",RB,2010,WAIVER,,1,,,,2010,1,0,0,,
9693,"Woodhead, Danny",RB,2010,WAIVER,,2,,,,2010,1,0,0,,
8685,"Bush, Michael",RB,2010,WAIVER,,6,,,,2010,1,0,0,,
10077,"Ivory, Christopher",RB,2010,WAIVER,,4,,,,2010,1,0,0,,
9347,"Green-Ellis, BenJarvus",RB,2010,WAIVER,,3,,,,2010,1,0,0,,
9196,"Hightower, Tim",RB,2010,WAIVER,,10,,,,2010,1,0,0,,
9975,"Dixon, Anthony",RB,2010,WAIVER,,20,,,,2010,1,0,0,,
8767,"Jackson, Brandon",RB,2010,WAIVER,,22,,,,2010,1,0,0,,
6599,"Westbrook, Brian",RB,2010,WAIVER,,25,,,,2010,1,0,0,,
9272,"Hillis, Peyton",RB,2010,WAIVER,,3,,,,2010,1,0,0,,
6951,"McGahee, Willis",RB,2010,WAIVER,,1,,,,2010,1,0,0,,
9822,"Spiller, C.J.",RB,2010,WAIVER,,1,,,,2010,1,0,0,,
7816,"Benson, Cedric",RB,2011,FAA,,14000,27,bid,T3,2011,1,0,0,,
7877,"Gore, Frank",RB,2011,FAA,,45000,8,bid,T2,2011,1,0,0,,
10304,"Carter, Delone",RB,2011,FAA,,2000,42,bid,T4,2011,1,0,0,,
6562,"Morris, Maurice",RB,2011,WAIVER,,7000,,,,2011,1,0,0,,
9839,"Best, Jahvid",RB,2011,FAA,,35000,15,bid,T3,2011,1,0,0,,
9079,"Jones, Felix",RB,2011,FAA,,25000,23,bid,T3,2011,1,0,0,,
8658,"Peterson, Adrian",RB,2011,FAA,,55000,6,bid,T2,2011,1,0,0,,
7942,"Sproles, Darren",RB,2011,WAIVER,,5000,,,,2011,1,0,0,,
8934,"Jackson, Fred",RB,2011,FAA,,3000,40,bid,T4,2011,1,0,0,,
9680,"Jennings, Rashad",RB,2011,FAA,,1000,48,bid,T4,2011,1,0,0,,
9908,"Hardesty, Montario",RB,2011,WAIVER,,4000,,,,2011,1,0,0,,
10276,"Ingram, Mark",RB,2011,FAA,,30000,19,bid,T3,2011,1,0,0,,
3869,"Williams, Ricky",RB,2011,FAA,,1000,48,bid,T4,2011,1,0,0,,
9089,"Mendenhall, Rashard",RB,2011,FAA,,44000,10,bid,T3,2011,1,0,0,,
9604,"Ringer, Javon",RB,2011,FAA,,1000,48,bid,T4,2011,1,0,0,,
9987,"Starks, James",RB,2011,FAA,,5000,37,bid,T4,2011,1,0,0,,
9315,"Tolbert, Mike",RB,2011,FAA,,14000,27,bid,T3,2011,1,0,0,,
9054,"Charles, Jamaal",RB,2011,FAA,,59000,4,bid,T1,2011,1,0,0,,
9187,"Torain, Ryan",RB,2011,WAIVER,,6000,,,,2011,1,0,0,,
9437,"Moreno, Knowshon",RB,2011,FAA,,31000,17,bid,T3,2011,1,0,0,,
8243,"Bush, Reggie",RB,2011,FAA,,18000,24,bid,T3,2011,1,0,0,,
7922,"Jacobs, Brandon",RB,2011,FAA,,5000,37,bid,T4,2011,1,0,0,,
8917,"Bradshaw, Ahmad",RB,2011,FAA,,27000,20,bid,T3,2011,1,0,0,,
9898,"Blount, LeGarrette",RB,2011,FAA,,31000,17,bid,T3,2011,1,0,0,,
9693,"Woodhead, Danny",RB,2011,FAA,,2000,42,bid,T4,2011,1,0,0,,
8386,"Harrison, Jerome",RB,2011,FAA,,1000,48,bid,T4,2011,1,0,0,,
9851,"Mathews, Ryan",RB,2011,FAA,,26000,21,bid,T3,2011,1,0,0,,
10376,"White, Johnny",RB,2011,WAIVER,,1000,,,,2011,1,0,0,,
10302,"Murray, DeMarco",RB,2011,WAIVER,,4000,,,,2011,1,0,0,,
8685,"Bush, Michael",RB,2011,FAA,,1000,48,bid,T4,2011,1,0,0,,
10077,"Ivory, Christopher",RB,2011,WAIVER,,1000,,,,2011,1,0,0,,
7414,"Jackson, Steven",RB,2011,FAA,,37000,14,bid,T3,2011,1,0,0,,
10299,"Thomas, Daniel",RB,2011,FAA,,18000,24,bid,T3,2011,1,0,0,,
9087,"McFadden, Darren",RB,2011,FAA,,41000,11,bid,T3,2011,1,0,0,,
9347,"Green-Ellis, BenJarvus",RB,2011,FAA,,14000,27,bid,T3,2011,1,0,0,,
8931,"Thomas, Pierre",RB,2011,FAA,,2000,42,bid,T4,2011,1,0,0,,
9907,"Tate, Ben",RB,2011,FAA,,7000,33,bid,T4,2011,1,0,0,,
10389,"Lewis, Dion",RB,2011,WAIVER,,1000,,,,2011,1,0,0,,
9196,"Hightower, Tim",RB,2011,FAA,,16000,26,bid,T3,2011,1,0,0,,
7544,"Turner, Michael",RB,2011,FAA,,49000,7,bid,T2,2011,1,0,0,,
4895,"Tomlinson, LaDainian",RB,2011,FAA,,4000,39,bid,T4,2011,1,0,0,,
9171,"Choice, Tashard",RB,2011,WAIVER,,1000,,,,2011,1,0,0,,
9094,"Rice, Ray",RB,2011,FAA,,59009,3,bid,T1,2011,1,0,0,,
8670,"Lynch, Marshawn",RB,2011,FAA,,3000,40,bid,T4,2011,1,0,0,,
10334,"Ridley, Stevan",RB,2011,FAA,,7000,33,bid,T4,2011,1,0,0,,
8271,"Addai, Joseph",RB,2011,FAA,,7000,33,bid,T4,2011,1,0,0,,
7814,"Brown, Ronnie",RB,2011,FAA,,2000,42,bid,T4,2011,1,0,0,,
8268,"Williams, DeAngelo",RB,2011,FAA,,32000,16,bid,T3,2011,1,0,0,,
9690,"Foster, Arian",RB,2011,FAA,,64000,1,bid,T1,2011,1,0,0,,
9456,"Brown, Donald",RB,2011,WAIVER,,1000,,,,2011,1,0,0,,
9440,"Wells, Beanie",RB,2011,FAA,,10000,32,bid,T4,2011,1,0,0,,
5656,"Jones, Thomas",RB,2011,WAIVER,,15000,,,,2011,1,0,0,,
10369,"Powell, Bilal",RB,2011,FAA,,1000,48,bid,T4,2011,1,0,0,,
8301,"Jones-Drew, Maurice",RB,2011,FAA,,45000,8,bid,T2,2011,1,0,0,,
9101,"Stewart, Jonathan",RB,2011,FAA,,7000,33,bid,T4,2011,1,0,0,,
9132,"Smith, Kevin",RB,2011,WAIVER,,15000,,,,2011,1,0,0,,
9122,"Forte, Matt",RB,2011,FAA,,40000,13,bid,T3,2011,1,0,0,,
7921,"Barber, Marion",RB,2011,FAA,,2000,42,bid,T4,2011,1,0,0,,
9458,"Greene, Shonn",RB,2011,FAA,,26000,21,bid,T3,2011,1,0,0,,
9272,"Hillis, Peyton",RB,2011,FAA,,41000,11,bid,T3,2011,1,0,0,,
9448,"McCoy, LeSean",RB,2011,FAA,,61000,2,bid,T1,2011,1,0,0,,
10298,"Williams, Ryan",RB,2011,FAA,,14000,27,bid,T3,2011,1,0,0,,
10355,"Helu, Roy",RB,2011,WAIVER,,15000,,,,2011,1,0,0,,
6951,"McGahee, Willis",RB,2011,FAA,,2000,42,bid,T4,2011,1,0,0,,
9078,"Johnson, Chris",RB,2011,FAA,,59000,4,bid,T1,2011,1,0,0,,
8932,"Grant, Ryan",RB,2011,FAA,,14000,27,bid,T3,2011,1,0,0,,
9641,"Ogbonnaya, Chris",RB,2011,WAIVER,,1000,,,,2011,1,0,0,,
9880,"Gerhart, Toby",RB,2011,WAIVER,,4000,,,,2011,1,0,0,,
9822,"Spiller, C.J.",RB,2011,WAIVER,,6000,,,,2011,1,0,0,,
7816,"Benson, Cedric",RB,2012,FAA,,4000,32,bid,T4,2012,1,0,0,,
10347,"Green, Alex",RB,2012,FAA,,5000,27,bid,T3,2012,1,0,0,,
10304,"Carter, Delone",RB,2012,FAA,,2000,38,bid,T4,2012,1,0,0,,
10048,"Bell, Joique",RB,2012,FAA,,1000,43,bid,T4,2012,1,0,0,,
9839,"Best, Jahvid",RB,2012,FAA,,3000,35,bid,T4,2012,1,0,0,,
9079,"Jones, Felix",RB,2012,FAA,,4000,32,bid,T4,2012,1,0,0,,
8934,"Jackson, Fred",RB,2012,FAA,,45000,4,bid,T1,2012,1,0,0,,
9680,"Jennings, Rashad",RB,2012,FAA,,4000,32,bid,T4,2012,1,0,0,,
9908,"Hardesty, Montario",RB,2012,FAA,,5000,27,bid,T3,2012,1,0,0,,
10305,"Hunter, Kendall",RB,2012,FAA,,2000,38,bid,T4,2012,1,0,0,,
10276,"Ingram, Mark",RB,2012,FAA,,11000,16,bid,T3,2012,1,0,0,,
9089,"Mendenhall, Rashard",RB,2012,FAA,,6000,23,bid,T3,2012,1,0,0,,
9604,"Ringer, Javon",RB,2012,FAA,,1000,43,bid,T4,2012,1,0,0,,
9987,"Starks, James",RB,2012,WAIVER,,4000,,,,2012,1,0,0,,
9315,"Tolbert, Mike",RB,2012,FAA,,3000,35,bid,T4,2012,1,0,0,,
10714,"Turbin, Robert",RB,2012,ROOKIE,21,,,rookie_slot,,2013,2,0,0,,
10303,"Vereen, Shane",RB,2012,FAA,,6000,23,bid,T3,2012,1,0,0,,
9017,"Battle, Jackie",RB,2012,FAA,,1000,43,bid,T4,2012,1,0,0,,
9705,"Redman, Isaac",RB,2012,FAA,,15000,13,bid,T3,2012,1,0,0,,
9054,"Charles, Jamaal",RB,2012,FAA,,40000,5,bid,T2,2012,1,0,0,,
10709,"Martin, Doug",RB,2012,ROOKIE,2,,,rookie_slot,,2014,3,0,0,,
9437,"Moreno, Knowshon",RB,2012,WAIVER,,1000,,,,2013,2,0,0,,
9834,"Dwyer, Jonathan",RB,2012,FAA,,1000,43,bid,T4,2012,1,0,0,,
7922,"Jacobs, Brandon",RB,2012,FAA,,2000,38,bid,T4,2012,1,0,0,,
9693,"Woodhead, Danny",RB,2012,FAA,,1000,43,bid,T4,2012,1,0,0,,
9278,"Forsett, Justin",RB,2012,WAIVER,,2000,,,,2012,1,0,0,,
10302,"Murray, DeMarco",RB,2012,FAA,,50000,3,bid,T1,2012,1,0,0,,
8685,"Bush, Michael",RB,2012,FAA,,5000,27,bid,T3,2012,1,0,0,,
10077,"Ivory, Christopher",RB,2012,FAA,,1000,43,bid,T4,2012,1,0,0,,
10708,"Miller, Lamar",RB,2012,ROOKIE,22,,,rookie_slot,,2014,3,0,0,,
10299,"Thomas, Daniel",RB,2012,FAA,,5000,27,bid,T3,2012,1,0,0,,
9347,"Green-Ellis, BenJarvus",RB,2012,FAA,,15000,13,bid,T3,2012,1,0,0,,
8931,"Thomas, Pierre",RB,2012,FAA,,3000,35,bid,T4,2012,1,0,0,,
10389,"Lewis, Dion",RB,2012,FAA,,1000,43,bid,T4,2012,1,0,0,,
9196,"Hightower, Tim",RB,2012,FAA,,6000,23,bid,T3,2014,3,0,0,,
7544,"Turner, Michael",RB,2012,FAA,,22000,8,bid,T2,2012,1,0,0,,
9548,"Goodson, Mike",RB,2012,FAA,,1000,43,bid,T4,2012,1,0,0,,
10943,"Tyler, Marc",RB,2012,FAA,,1000,43,bid,T4,2012,1,0,0,,
9171,"Choice, Tashard",RB,2012,WAIVER,,3000,,,,2012,1,0,0,,
10368,"Jones, Taiwan",RB,2012,FAA,,1000,43,bid,T4,2018,7,0,0,,
10334,"Ridley, Stevan",RB,2012,FAA,,11000,16,bid,T3,2014,3,0,0,,
7814,"Brown, Ronnie",RB,2012,FAA,,2000,38,bid,T4,2012,1,0,0,,
8268,"Williams, DeAngelo",RB,2012,FAA,,7000,21,bid,T3,2013,2,0,0,,
9690,"Foster, Arian",RB,2012,FAA,,77000,1,bid,T1,2013,2,0,0,,
10411,"Royster, Evan",RB,2012,FAA,,6000,23,bid,T3,2012,1,0,0,,
9456,"Brown, Donald",RB,2012,FAA,,11000,16,bid,T3,2012,1,0,0,,
8767,"Jackson, Brandon",RB,2012,FAA,,1000,43,bid,T4,2012,1,0,0,,
10870,"Morris, Alfred",RB,2012,ROOKIE,58,,,rookie_slot,,2015,4,0,0,,
10300,"Rodgers, Jacquizz",RB,2012,FAA,,7000,21,bid,T3,2013,2,0,0,,
10369,"Powell, Bilal",RB,2012,FAA,,2000,38,bid,T4,2012,1,0,0,,
8301,"Jones-Drew, Maurice",RB,2012,FAA,,35000,6,bid,T2,2013,2,0,0,,
9101,"Stewart, Jonathan",RB,2012,FAA,,18000,11,bid,T3,2013,2,0,0,,
9132,"Smith, Kevin",RB,2012,FAA,,10000,19,bid,T3,2012,1,0,0,,
10281,"Leshoure, Mikel",RB,2012,FAA,,5000,27,bid,T3,2013,2,0,0,,
9272,"Hillis, Peyton",RB,2012,FAA,,22000,8,bid,T2,2012,1,0,0,,
10373,"Harper, Jamie",RB,2012,FAA,,1000,43,bid,T4,2012,1,0,0,,
9448,"McCoy, LeSean",RB,2012,FAA,,69000,2,bid,T1,2014,3,0,0,,
10298,"Williams, Ryan",RB,2012,FAA,,14000,15,bid,T3,2012,1,0,0,,
10932,"Bolden, Brandon",RB,2012,ROOKIE,41,,,rookie_slot,,2012,1,0,0,,
10355,"Helu, Roy",RB,2012,FAA,,21000,10,bid,T3,2012,1,0,0,,
6951,"McGahee, Willis",RB,2012,FAA,,35000,6,bid,T2,2012,1,0,0,,
9880,"Gerhart, Toby",RB,2012,FAA,,8000,20,bid,T3,2012,1,0,0,,
9015,"Ware, D.J.",RB,2012,FAA,,1000,43,bid,T4,2012,1,0,0,,
9822,"Spiller, C.J.",RB,2012,FAA,,17000,12,bid,T3,2015,4,0,0,,
7877,"Gore, Frank",RB,2013,FAA,,24000,7,bid,T2,2013,1,0,0,,
10812,"Hillman, Ronnie",RB,2013,FAA,,26000,6,bid,T2,2013,1,0,0,,
11192,"Bell, Le'Veon",RB,2013,ROOKIE,5,,,rookie_slot,,2020,8,0,3,1|None|None,2018|2019|2020
10048,"Bell, Joique",RB,2013,FAA,,3000,17,bid,T3,2014,2,0,0,,
8934,"Jackson, Fred",RB,2013,FAA,,4000,15,bid,T3,2013,1,0,0,,
9680,"Jennings, Rashad",RB,2013,WAIVER,,5000,,,,2013,1,0,0,,
10305,"Hunter, Kendall",RB,2013,FAA,,1000,25,bid,T3,2013,1,0,0,,
10276,"Ingram, Mark",RB,2013,FAA,,7000,13,bid,T3,2013,1,0,0,,
9987,"Starks, James",RB,2013,WAIVER,,4000,,,,2013,1,0,0,,
9315,"Tolbert, Mike",RB,2013,FAA,,1000,25,bid,T3,2016,4,0,0,,
10303,"Vereen, Shane",RB,2013,FAA,,27000,5,bid,T2,2013,1,0,0,,
9054,"Charles, Jamaal",RB,2013,FAA,,56000,1,bid,T1,2016,4,0,0,,
9802,"Reece, Marcel",RB,2013,FAA,,1000,25,bid,T3,2013,1,0,0,,
10924,"Richardson, Daryl",RB,2013,FAA,,18000,9,bid,T3,2013,1,0,0,,
7922,"Jacobs, Brandon",RB,2013,WAIVER,,7000,,,,2013,1,0,0,,
8917,"Bradshaw, Ahmad",RB,2013,FAA,,14000,10,bid,T3,2013,1,0,0,,
9898,"Blount, LeGarrette",RB,2013,FAA,,2000,19,bid,T3,2013,1,0,0,,
9693,"Woodhead, Danny",RB,2013,FAA,,8000,12,bid,T3,2013,1,0,0,,
9278,"Forsett, Justin",RB,2013,FAA,,1000,25,bid,T3,2013,1,0,0,,
11193,"Bernard, Giovani",RB,2013,ROOKIE,1,,,rookie_slot,,2016,4,0,0,,
10302,"Murray, DeMarco",RB,2013,FAA,,38000,2,bid,T1,2013,1,0,0,,
10077,"Ivory, Chris",RB,2013,FAA,,20000,8,bid,T2,2014,2,0,0,,
7414,"Jackson, Steven",RB,2013,FAA,,33000,3,bid,T1,2013,1,0,0,,
10689,"Draughn, Shaun",RB,2013,FAA,,2000,19,bid,T3,2014,2,0,0,,
10299,"Thomas, Daniel",RB,2013,FAA,,1000,25,bid,T3,2013,1,0,0,,
9087,"McFadden, Darren",RB,2013,FAA,,30000,4,bid,T1,2013,1,0,0,,
8931,"Thomas, Pierre",RB,2013,FAA,,1000,25,bid,T3,2013,1,0,0,,
11180,"Gillislee, Mike",RB,2013,ROOKIE,18,,,rookie_slot,,2014,2,0,0,,
11196,"Jamison, Jawan",RB,2013,FAA,,1000,25,bid,T3,2013,1,0,0,,
10389,"Lewis, Dion",RB,2013,FAA,,2000,19,bid,T3,2014,2,0,0,,
9565,"Brown, Andre",RB,2013,FAA,,12000,11,bid,T3,2013,1,0,0,,
9456,"Brown, Donald",RB,2013,WAIVER,,10000,,,,2013,1,0,0,,
10369,"Powell, Bilal",RB,2013,FAA,,1000,25,bid,T3,2014,2,0,0,,
10961,"Dunbar, Lance",RB,2013,FAA,,2000,19,bid,T3,2013,1,0,0,,
10711,"James, LaMichael",RB,2013,FAA,,2000,19,bid,T3,2013,1,0,0,,
11175,"Ellington, Andre",RB,2013,ROOKIE,21,,,rookie_slot,,2016,4,0,0,,
11177,"Barner, Kenjon",RB,2013,ROOKIE,44,,,rookie_slot,,2015,3,0,0,,
10530,"Harris, DuJuan",RB,2013,FAA,,1000,25,bid,T3,2013,1,0,0,,
9458,"Greene, Shonn",RB,2013,FAA,,4000,15,bid,T3,2013,1,0,0,,
9272,"Hillis, Peyton",RB,2013,WAIVER,,1000,,,,2013,1,0,0,,
10298,"Williams, Ryan",RB,2013,FAA,,2000,19,bid,T3,2013,1,0,0,,
10932,"Bolden, Brandon",RB,2013,WAIVER,,7000,,,,2013,1,0,0,,
10355,"Helu, Roy",RB,2013,FAA,,6000,14,bid,T3,2013,1,0,0,,
6951,"McGahee, Willis",RB,2013,WAIVER,,4000,,,,2013,1,0,0,,
11390,"Murray, Latavius",RB,2013,ROOKIE,33,,,rookie_slot,,2017,5,0,1,None,2017
9641,"Ogbonnaya, Chris",RB,2013,WAIVER,,3000,,,,2013,1,0,0,,
9880,"Gerhart, Toby",RB,2013,FAA,,3000,17,bid,T3,2013,1,0,0,,
7877,"Gore, Frank",RB,2014,FAA,,18000,12,bid,T3,2014,1,0,0,,
11663,"Johnson, Storm",RB,2014,FAA,,5000,27,bid,T3,2014,1,0,0,,
10812,"Hillman, Ronnie",RB,2014,FAA,,4000,28,bid,T3,2014,1,0,0,,
11895,"Bibbs, Kapri",RB,2014,FAA,,1000,38,bid,T4,2015,2,0,0,,
11466,"Robinson, Khiry",RB,2014,FAA,,9000,17,bid,T3,2014,1,0,0,,
8658,"Peterson, Adrian",RB,2014,WAIVER,,40000,,,,2016,3,0,0,,
7942,"Sproles, Darren",RB,2014,FAA,,9000,17,bid,T3,2014,1,0,0,,
8934,"Jackson, Fred",RB,2014,WAIVER,,4000,,,,2014,1,0,0,,
9680,"Jennings, Rashad",RB,2014,FAA,,19000,10,bid,T3,2015,2,0,0,,
10276,"Ingram, Mark",RB,2014,FAA,,10000,15,bid,T3,2018,5,0,2,1|None,2017|2018
10718,"Pead, Isaiah",RB,2014,FAA,,1000,38,bid,T4,2014,1,0,0,,
11660,"Freeman, Devonta",RB,2014,ROOKIE,9,,,rookie_slot,,2018,5,0,1,None,2018
10301,"Todman, Jordan",RB,2014,FAA,,1000,38,bid,T4,2014,1,0,0,,
9987,"Starks, James",RB,2014,FAA,,1000,38,bid,T4,2014,1,0,0,,
10714,"Turbin, Robert",RB,2014,FAA,,4000,28,bid,T3,2014,1,0,0,,
11747,"White, James",RB,2014,ROOKIE,29,,,rookie_slot,,2015,2,0,0,,
10303,"Vereen, Shane",RB,2014,FAA,,27000,5,bid,T2,2014,1,0,0,,
11657,"Hyde, Carlos",RB,2014,ROOKIE,6,,,rookie_slot,,2017,4,0,1,None,2017
10978,"Cadet, Travaris",RB,2014,FAA,,1000,38,bid,T4,2014,1,0,0,,
9437,"Moreno, Knowshon",RB,2014,FAA,,10000,15,bid,T3,2014,1,0,0,,
8243,"Bush, Reggie",RB,2014,FAA,,33000,3,bid,T1,2014,1,0,0,,
9856,"McCluster, Dexter",RB,2014,FAA,,1000,38,bid,T4,2014,1,0,0,,
8917,"Bradshaw, Ahmad",RB,2014,FAA,,6000,21,bid,T3,2014,1,0,0,,
10715,"Ballard, Vick",RB,2014,FAA,,1000,38,bid,T4,2014,1,0,0,,
9898,"Blount, LeGarrette",RB,2014,FAA,,6000,21,bid,T3,2014,1,0,0,,
9693,"Woodhead, Danny",RB,2014,FAA,,11000,14,bid,T3,2014,1,0,0,,
9278,"Forsett, Justin",RB,2014,WAIVER,,4000,,,,2014,1,0,0,,
11761,"McKinnon, Jerick",RB,2014,ROOKIE,46,,,rookie_slot,,2015,2,0,0,,
9851,"Mathews, Ryan",RB,2014,FAA,,19000,10,bid,T3,2014,1,0,0,,
11937,"Thompson, Juwan",RB,2014,FAA,,1000,38,bid,T4,2014,1,0,0,,
10302,"Murray, DeMarco",RB,2014,FAA,,51000,1,bid,T1,2015,2,0,0,,
7414,"Jackson, Steven",RB,2014,FAA,,13000,13,bid,T3,2014,1,0,0,,
9087,"McFadden, Darren",RB,2014,FAA,,4000,28,bid,T3,2014,1,0,0,,
11188,"Riddick, Theo",RB,2014,FAA,,1000,38,bid,T4,2014,1,0,0,,
8931,"Thomas, Pierre",RB,2014,FAA,,19996,9,bid,T3,2014,1,0,0,,
10713,"Pierce, Bernard",RB,2014,FAA,,9000,17,bid,T3,2014,1,0,0,,
9907,"Tate, Ben",RB,2014,FAA,,22000,6,bid,T2,2014,1,0,0,,
9565,"Brown, Andre",RB,2014,FAA,,4000,28,bid,T3,2014,1,0,0,,
10710,"Polk, Chris",RB,2014,FAA,,2000,34,bid,T4,2014,1,0,0,,
11654,"Hill, Jeremy",RB,2014,ROOKIE,16,,,rookie_slot,,2016,3,0,0,,
9975,"Dixon, Anthony",RB,2014,WAIVER,,6000,,,,2014,1,0,0,,
11668,"Crowell, Isaiah",RB,2014,ROOKIE,24,,,rookie_slot,,2017,4,0,1,1,2017
10905,"Brown, Bryce",RB,2014,FAA,,6000,21,bid,T3,2014,1,0,0,,
9094,"Rice, Ray",RB,2014,FAA,,21000,7,bid,T2,2014,1,0,0,,
10998,"Asiata, Matt",RB,2014,FAA,,1000,38,bid,T4,2014,1,0,0,,
8268,"Williams, DeAngelo",RB,2014,FAA,,6000,21,bid,T3,2014,1,0,0,,
9690,"Foster, Arian",RB,2014,FAA,,48000,2,bid,T1,2014,1,0,0,,
9456,"Brown, Donald",RB,2014,FAA,,2000,34,bid,T4,2014,1,0,0,,
11834,"Blue, Alfred",RB,2014,ROOKIE,43,,,rookie_slot,,2015,2,0,0,,
10300,"Rodgers, Jacquizz",RB,2014,FAA,,3000,32,bid,T4,2015,2,0,0,,
10961,"Dunbar, Lance",RB,2014,FAA,,6000,21,bid,T3,2016,3,0,0,,
8301,"Jones-Drew, Maurice",RB,2014,FAA,,8000,20,bid,T3,2014,1,0,0,,
9101,"Stewart, Jonathan",RB,2014,FAA,,3000,32,bid,T4,2017,4,0,1,None,2017
10281,"Leshoure, Mikel",RB,2014,FAA,,2000,34,bid,T4,2014,1,0,0,,
11454,"Anderson, C.J.",RB,2014,FAA,,6000,21,bid,T3,2017,4,0,0,,
9458,"Greene, Shonn",RB,2014,FAA,,1000,38,bid,T4,2014,1,0,0,,
10975,"Grimes, Jonathan",RB,2014,FAA,,2000,34,bid,T4,2014,1,0,0,,
9272,"Hillis, Peyton",RB,2014,FAA,,1000,38,bid,T4,2014,1,0,0,,
11886,"Williams, Damien",RB,2014,WAIVER,,1000,,,,2014,1,0,0,,
11367,"Juszczyk, Kyle",RB,2014,WAIVER,,1000,,,,2016,3,0,0,,
10932,"Bolden, Brandon",RB,2014,WAIVER,,4000,,,,2014,1,0,0,,
10355,"Helu, Roy",RB,2014,WAIVER,,4000,,,,2014,1,0,0,,
11432,"Cunningham, Benny",RB,2014,FAA,,1000,38,bid,T4,2015,2,0,0,,
9078,"Johnson, Chris",RB,2014,FAA,,21000,7,bid,T2,2014,1,0,0,,
9880,"Gerhart, Toby",RB,2014,FAA,,33000,3,bid,T1,2014,1,0,0,,
7877,"Gore, Frank",RB,2015,FAA,,40000,5,bid,T2,2015,1,0,0,,
10706,"Richardson, Trent",RB,2015,FAA,,3000,25,bid,T3,2015,1,0,0,,
10812,"Hillman, Ronnie",RB,2015,FAA,,5000,17,bid,T3,2015,1,0,0,,
11186,"Thompson, Chris",RB,2015,WAIVER,,2000,,,,2015,1,0,0,,
11466,"Robinson, Khiry",RB,2015,FAA,,4000,20,bid,T3,2015,1,0,0,,
7942,"Sproles, Darren",RB,2015,FAA,,4000,20,bid,T3,2015,1,0,0,,
8934,"Jackson, Fred",RB,2015,WAIVER,,2000,,,,2015,1,0,0,,
12098,"West, Charcandrick",RB,2015,WAIVER,,36000,,,,2015,1,0,0,,
12386,"Brown, Malcolm",RB,2015,ROOKIE,44,,,rookie_slot,,2017,3,0,0,,
10301,"Todman, Jordan",RB,2015,FAA,,1000,27,bid,T3,2015,1,0,0,,
9987,"Starks, James",RB,2015,FAA,,6000,16,bid,T3,2015,1,0,0,,
10714,"Turbin, Robert",RB,2015,FAA,,2000,26,bid,T3,2015,1,0,0,,
12161,"Artis-Payne, Cameron",RB,2015,ROOKIE,23,,,rookie_slot,,2017,3,0,0,,
12155,"Abdullah, Ameer",RB,2015,ROOKIE,8,,,rookie_slot,,2017,3,0,0,,
10303,"Vereen, Shane",RB,2015,FAA,,29000,7,bid,T2,2015,1,0,0,,
12157,"Johnson, Duke",RB,2015,ROOKIE,21,,,rookie_slot,,2017,3,0,0,,
12444,"Smith, Rod",RB,2015,WAIVER,,1000,,,,2016,2,0,0,,
10881,"Herron, Dan",RB,2015,FAA,,4000,20,bid,T3,2015,1,0,0,,
10709,"Martin, Doug",RB,2015,FAA,,37000,6,bid,T2,2016,2,0,0,,
12152,"Coleman, Tevin",RB,2015,ROOKIE,10,,,rookie_slot,,2019,5,0,2,3|None,2018|2019
12151,"Gordon, Melvin",RB,2015,ROOKIE,2,,,rookie_slot,,2019,5,0,2,2|None,2018|2019
8243,"Bush, Reggie",RB,2015,FAA,,10000,13,bid,T3,2015,1,0,0,,
8917,"Bradshaw, Ahmad",RB,2015,WAIVER,,7000,,,,2015,1,0,0,,
9898,"Blount, LeGarrette",RB,2015,FAA,,11000,12,bid,T3,2015,1,0,0,,
9693,"Woodhead, Danny",RB,2015,FAA,,18000,10,bid,T3,2015,1,0,0,,
9278,"Forsett, Justin",RB,2015,FAA,,46000,2,bid,T1,2015,1,0,0,,
9851,"Mathews, Ryan",RB,2015,FAA,,24000,9,bid,T3,2015,1,0,0,,
11937,"Thompson, Juwan",RB,2015,FAA,,1000,27,bid,T3,2015,1,0,0,,
12154,"Ajayi, Jay",RB,2015,ROOKIE,13,,,rookie_slot,,2018,4,0,1,2,2018
10077,"Ivory, Chris",RB,2015,FAA,,25000,8,bid,T2,2016,2,0,0,,
10708,"Miller, Lamar",RB,2015,FAA,,46000,2,bid,T1,2017,3,0,0,,
12171,"Johnson, David",RB,2015,ROOKIE,16,,,rookie_slot,,2020,6,0,3,1|1|None,2018|2019|2020
9087,"McFadden, Darren",RB,2015,FAA,,7000,15,bid,T3,2015,1,0,0,,
12264,"Zenner, Zach",RB,2015,ROOKIE,41,,,rookie_slot,,2017,3,0,0,,
11188,"Riddick, Theo",RB,2015,FAA,,8000,14,bid,T3,2017,3,0,0,,
11180,"Gillislee, Mike",RB,2015,WAIVER,,2000,,,,2015,1,0,0,,
10389,"Lewis, Dion",RB,2015,WAIVER,,1000,,,,2017,3,0,0,,
9196,"Hightower, Tim",RB,2015,WAIVER,,6000,,,,2015,1,0,0,,
12406,"Johnson, Gus",RB,2015,FAA,,4000,20,bid,T3,2015,1,0,0,,
10710,"Polk, Chris",RB,2015,FAA,,4000,20,bid,T3,2015,1,0,0,,
9975,"Dixon, Anthony",RB,2015,WAIVER,,4000,,,,2015,1,0,0,,
12169,"Rawls, Thomas",RB,2015,FAA,,1000,27,bid,T3,2015,1,0,0,,
12153,"Yeldon, T.J.",RB,2015,ROOKIE,9,,,rookie_slot,,2016,2,0,0,,
12159,"Allen, Javorius",RB,2015,ROOKIE,22,,,rookie_slot,,2016,2,0,0,,
10334,"Ridley, Stevan",RB,2015,FAA,,5000,17,bid,T3,2017,3,0,0,,
10998,"Asiata, Matt",RB,2015,FAA,,1000,27,bid,T3,2015,1,0,0,,
8268,"Williams, DeAngelo",RB,2015,FAA,,5000,17,bid,T3,2015,1,0,0,,
9690,"Foster, Arian",RB,2015,FAA,,41000,4,bid,T1,2015,1,0,0,,
12164,"Davis, Mike",RB,2015,ROOKIE,24,,,rookie_slot,,2017,3,0,0,,
10369,"Powell, Bilal",RB,2015,FAA,,1000,27,bid,T3,2018,4,0,2,1|None,2017|2018
12261,"Montgomery, Ty",RB,2015,ROOKIE,39,,,rookie_slot,,2018,4,0,1,2,2018
11886,"Williams, Damien",RB,2015,WAIVER,,1000,,,,2016,2,0,0,,
9448,"McCoy, LeSean",RB,2015,FAA,,66000,1,bid,T1,2015,1,0,0,,
12150,"Gurley, Todd",RB,2015,ROOKIE,1,,,rookie_slot,,2020,6,0,3,2|1|None,2018|2019|2020
10932,"Bolden, Brandon",RB,2015,FAA,,1000,27,bid,T3,2018,4,0,0,,
10355,"Helu, Roy",RB,2015,FAA,,12000,11,bid,T3,2015,1,0,0,,
9078,"Johnson, Chris",RB,2015,FAA,,1000,27,bid,T3,2015,1,0,0,,
7877,"Gore, Frank",RB,2016,FAA,,43000,3,bid,T1,2016,1,0,0,,
11895,"Bibbs, Kapri",RB,2016,WAIVER,,3000,,,,2016,1,0,0,,
11186,"Thompson, Chris",RB,2016,FAA,,2000,26,bid,T3,2016,1,0,0,,
7942,"Sproles, Darren",RB,2016,FAA,,9000,12,bid,T3,2016,1,0,0,,
9680,"Jennings, Rashad",RB,2016,FAA,,15000,8,bid,T2,2016,1,0,0,,
12098,"West, Charcandrick",RB,2016,FAA,,4000,20,bid,T3,2016,1,0,0,,
12633,"Taylor, Kelvin",RB,2016,FAA,,1000,29,bid,T3,2016,1,0,0,,
9987,"Starks, James",RB,2016,FAA,,7000,15,bid,T3,2016,1,0,0,,
10714,"Turbin, Robert",RB,2016,FAA,,3000,25,bid,T3,2016,1,0,0,,
12626,"Henry, Derrick",RB,2016,ROOKIE,7,,,rookie_slot,,2022,7,0,3,2|2|1,2019|2020|2021
11747,"White, James",RB,2016,WAIVER,,1000,,,,2016,1,0,0,,
10303,"Vereen, Shane",RB,2016,FAA,,4000,20,bid,T3,2016,1,0,0,,
11182,"Burkhead, Rex",RB,2016,WAIVER,,2000,,,,2016,1,0,0,,
11746,"West, Terrance",RB,2016,FAA,,6000,17,bid,T3,2016,1,0,0,,
12643,"Marshall, Keith",RB,2016,ROOKIE,28,,,rookie_slot,,2017,2,0,0,,
11653,"Sankey, Bishop",RB,2016,FAA,,4000,20,bid,T3,2016,1,0,0,,
8243,"Bush, Reggie",RB,2016,FAA,,1000,29,bid,T3,2016,1,0,0,,
9856,"McCluster, Dexter",RB,2016,FAA,,1000,29,bid,T3,2016,1,0,0,,
12636,"Smallwood, Wendell",RB,2016,ROOKIE,32,,,rookie_slot,,2016,1,0,0,,
9898,"Blount, LeGarrette",RB,2016,FAA,,7000,15,bid,T3,2016,1,0,0,,
9693,"Woodhead, Danny",RB,2016,FAA,,35000,5,bid,T2,2016,1,0,0,,
9278,"Forsett, Justin",RB,2016,FAA,,15000,8,bid,T2,2016,1,0,0,,
11761,"McKinnon, Jerick",RB,2016,WAIVER,,5000,,,,2016,1,0,0,,
9851,"Mathews, Ryan",RB,2016,FAA,,20000,6,bid,T2,2016,1,0,0,,
12635,"Williams, Jonathan",RB,2016,ROOKIE,33,,,rookie_slot,,2018,3,0,0,,
12639,"Ervin, Tyler",RB,2016,ROOKIE,37,,,rookie_slot,,2017,2,0,0,,
12887,"Kelley, Rob",RB,2016,WAIVER,,4000,,,,2016,1,0,0,,
10302,"Murray, DeMarco",RB,2016,FAA,,59000,1,bid,T1,2016,1,0,0,,
12632,"Dixon, Kenneth",RB,2016,ROOKIE,11,,,rookie_slot,,2018,3,0,0,,
11179,"Michael, Christine",RB,2016,FAA,,4000,20,bid,T3,2017,2,0,0,,
12857,"Washington, DeAndre",RB,2016,ROOKIE,29,,,rookie_slot,,2018,3,0,0,,
12627,"Prosise, C.J.",RB,2016,ROOKIE,9,,,rookie_slot,,2018,3,0,0,,
10689,"Draughn, Shaun",RB,2016,FAA,,15000,8,bid,T2,2016,1,0,0,,
12867,"Wilds, Brandon",RB,2016,ROOKIE,46,,,rookie_slot,,2017,2,0,0,,
11199,"Ware, Spencer",RB,2016,FAA,,8000,14,bid,T3,2018,3,0,0,,
9087,"McFadden, Darren",RB,2016,FAA,,9000,12,bid,T3,2016,1,0,0,,
12390,"Watson, Terrell",RB,2016,FAA,,5000,18,bid,T3,2016,1,0,0,,
11180,"Gillislee, Mike",RB,2016,FAA,,5000,18,bid,T3,2016,1,0,0,,
9196,"Hightower, Tim",RB,2016,FAA,,4000,20,bid,T3,2016,1,0,0,,
11901,"Andrews, Antonio",RB,2016,FAA,,1000,29,bid,T3,2016,1,0,0,,
12631,"Perkins, Paul",RB,2016,ROOKIE,15,,,rookie_slot,,2018,3,0,0,,
12637,"Barber, Peyton",RB,2016,ROOKIE,42,,,rookie_slot,,2016,1,0,0,,
12628,"Collins, Alex",RB,2016,ROOKIE,34,,,rookie_slot,,2018,3,0,0,,
12629,"Booker, Devontae",RB,2016,ROOKIE,19,,,rookie_slot,,2016,1,0,0,,
8670,"Lynch, Marshawn",RB,2016,WAIVER,,10000,,,,2016,1,0,0,,
12625,"Elliott, Ezekiel",RB,2016,ROOKIE,1,,,rookie_slot,,2022,7,0,2,1|2,2018|2020
8268,"Williams, DeAngelo",RB,2016,FAA,,20000,6,bid,T2,2016,1,0,0,,
11834,"Blue, Alfred",RB,2016,WAIVER,,1000,,,,2016,1,0,0,,
12640,"Ferguson, Josh",RB,2016,ROOKIE,41,,,rookie_slot,,2018,3,0,0,,
10870,"Morris, Alfred",RB,2016,FAA,,2000,26,bid,T3,2016,1,0,0,,
10300,"Rodgers, Jacquizz",RB,2016,WAIVER,,3000,,,,2016,1,0,0,,
12634,"Howard, Jordan",RB,2016,ROOKIE,13,,,rookie_slot,,2019,4,0,2,1|None,2018|2019
11177,"Barner, Kenjon",RB,2016,FAA,,1000,29,bid,T3,2017,2,0,0,,
9122,"Forte, Matt",RB,2016,FAA,,39000,4,bid,T1,2016,1,0,0,,
12630,"Drake, Kenyan",RB,2016,ROOKIE,21,,,rookie_slot,,2018,3,0,0,,
12912,"Richard, Jalen",RB,2016,WAIVER,,5000,,,,2017,2,0,0,,
11977,"Darkwa, Orleans",RB,2016,WAIVER,,2000,,,,2016,1,0,0,,
9448,"McCoy, LeSean",RB,2016,FAA,,50000,2,bid,T1,2017,2,0,0,,
12845,"Washington, Dwayne",RB,2016,ROOKIE,56,,,rookie_slot,,2017,2,0,0,,
11432,"Cunningham, Benny",RB,2016,FAA,,1000,29,bid,T3,2016,1,0,0,,
11923,"Atkinson, George",RB,2016,FAA,,2000,26,bid,T3,2016,1,0,0,,
9078,"Johnson, Chris",RB,2016,FAA,,11000,11,bid,T3,2016,1,0,0,,
9822,"Spiller, C.J.",RB,2016,FAA,,1000,29,bid,T3,2016,1,0,0,,
7877,"Gore, Frank",RB,2017,FAA,,13000,12,bid,T3,2017,1,0,0,,
13138,"Hunt, Kareem",RB,2017,ROOKIE,7,,,rookie_slot,,2021,5,0,1,1,2020
11895,"Bibbs, Kapri",RB,2017,WAIVER,,1000,,,,2017,1,0,0,,
13357,"Mays, Devante",RB,2017,ROOKIE,51,,,rookie_slot,,2019,3,0,0,,
11186,"Thompson, Chris",RB,2017,FAA,,5000,18,bid,T3,2017,1,0,0,,
13334,"Henderson, De'Angelo",RB,2017,FAA,,3000,22,bid,T3,2017,1,0,0,,
8658,"Peterson, Adrian",RB,2017,FAA,,19000,8,bid,T2,2017,1,0,0,,
7942,"Sproles, Darren",RB,2017,FAA,,9000,14,bid,T3,2017,1,0,0,,
13364,"Carson, Chris",RB,2017,FAA,,1000,32,bid,T4,2021,5,0,3,2|None|1,2019|2020|2021
12098,"West, Charcandrick",RB,2017,WAIVER,,6000,,,,2017,1,0,0,,
13146,"Conner, James",RB,2017,ROOKIE,18,,,rookie_slot,,2021,5,0,1,1,2020
9315,"Tolbert, Mike",RB,2017,WAIVER,,1000,,,,2017,1,0,0,,
10714,"Turbin, Robert",RB,2017,FAA,,4000,19,bid,T3,2017,1,0,0,,
11747,"White, James",RB,2017,FAA,,17000,10,bid,T3,2019,3,0,0,,
10303,"Vereen, Shane",RB,2017,FAA,,2000,26,bid,T3,2017,1,0,0,,
11182,"Burkhead, Rex",RB,2017,FAA,,9000,14,bid,T3,2017,1,0,0,,
11746,"West, Terrance",RB,2017,FAA,,18000,9,bid,T3,2017,1,0,0,,
12402,"Grant, Corey",RB,2017,WAIVER,,1000,,,,2017,1,0,0,,
12444,"Smith, Rod",RB,2017,FAA,,1000,32,bid,T4,2017,1,0,0,,
13139,"Williams, Jamaal",RB,2017,ROOKIE,20,,,rookie_slot,,2019,3,0,0,,
9054,"Charles, Jamaal",RB,2017,FAA,,9000,14,bid,T3,2017,1,0,0,,
10709,"Martin, Doug",RB,2017,FAA,,27000,6,bid,T2,2017,1,0,0,,
13290,"Cohen, Tarik",RB,2017,ROOKIE,60,,,rookie_slot,,2020,4,0,1,1,2020
13133,"Perine, Samaje",RB,2017,ROOKIE,16,,,rookie_slot,,2018,2,0,0,,
13135,"Gallman, Wayne",RB,2017,ROOKIE,33,,,rookie_slot,,2017,1,0,0,,
13128,"Cook, Dalvin",RB,2017,ROOKIE,6,,,rookie_slot,,2023,7,0,5,2|None|1|1|None,2019|2020|2021|2022|2023
12636,"Smallwood, Wendell",RB,2017,FAA,,2000,26,bid,T3,2017,1,0,0,,
9898,"Blount, LeGarrette",RB,2017,FAA,,16000,11,bid,T3,2017,1,0,0,,
9693,"Woodhead, Danny",RB,2017,FAA,,29000,4,bid,T1,2017,1,0,0,,
11761,"McKinnon, Jerick",RB,2017,FAA,,1000,32,bid,T4,2017,1,0,0,,
11193,"Bernard, Giovani",RB,2017,FAA,,2000,26,bid,T3,2017,1,0,0,,
9851,"Mathews, Ryan",RB,2017,WAIVER,,1000,,,,2017,1,0,0,,
13150,"Davis, Justin",RB,2017,FAA,,1000,32,bid,T4,2017,1,0,0,,
13137,"Pumphrey, Donnel",RB,2017,ROOKIE,28,,,rookie_slot,,2017,1,0,0,,
13130,"McCaffrey, Christian",RB,2017,ROOKIE,1,,,rookie_slot,,2024,8,0,5,2|None|2|None|None,2019|2020|2021|2023|2024
12887,"Kelley, Rob",RB,2017,FAA,,38000,2,bid,T1,2017,1,0,0,,
10302,"Murray, DeMarco",RB,2017,FAA,,66000,1,bid,T1,2017,1,0,0,,
13142,"Logan, T.J.",RB,2017,WAIVER,,1000,,,,2017,1,0,0,,
10077,"Ivory, Chris",RB,2017,FAA,,3000,22,bid,T3,2017,1,0,0,,
9087,"McFadden, Darren",RB,2017,FAA,,4000,19,bid,T3,2017,1,0,0,,
11180,"Gillislee, Mike",RB,2017,FAA,,37000,3,bid,T1,2017,1,0,0,,
13132,"Kamara, Alvin",RB,2017,ROOKIE,13,,,rookie_slot,,2023,7,0,5,2|None|2|2|None,2019|2020|2021|2022|2023
13144,"McGuire, Elijah",RB,2017,WAIVER,,1000,,,,2017,1,0,0,,
11201,"Lacy, Eddie",RB,2017,FAA,,20000,7,bid,T2,2017,1,0,0,,
9196,"Hightower, Tim",RB,2017,FAA,,1000,32,bid,T4,2017,1,0,0,,
13136,"Clement, Corey",RB,2017,ROOKIE,53,,,rookie_slot,,2017,1,0,0,,
13378,"Breida, Matt",RB,2017,FAA,,2000,26,bid,T3,2020,4,0,3,None|1|None,2018|2019|2020
13237,"Williams, Joe",RB,2017,ROOKIE,14,,,rookie_slot,,2018,2,0,0,,
11654,"Hill, Jeremy",RB,2017,FAA,,6000,17,bid,T3,2017,1,0,0,,
13140,"Dayes, Matthew",RB,2017,FAA,,1000,32,bid,T4,2017,1,0,0,,
13134,"Foreman, D'Onta",RB,2017,ROOKIE,19,,,rookie_slot,,2019,3,0,0,,
12637,"Barber, Peyton",RB,2017,WAIVER,,12000,,,,2017,1,0,0,,
13239,"Penny, Elijhaa",RB,2017,WAIVER,,1000,,,,2017,1,0,0,,
12153,"Yeldon, T.J.",RB,2017,WAIVER,,1000,,,,2019,3,0,0,,
13404,"Ekeler, Austin",RB,2017,WAIVER,,3000,,,,2017,1,0,0,,
12159,"Allen, Javorius",RB,2017,WAIVER,,7000,,,,2018,2,0,1,None,2018
12629,"Booker, Devontae",RB,2017,WAIVER,,5000,,,,2017,1,0,0,,
8670,"Lynch, Marshawn",RB,2017,FAA,,28000,5,bid,T2,2017,1,0,0,,
11834,"Blue, Alfred",RB,2017,WAIVER,,1000,,,,2017,1,0,0,,
13131,"Mixon, Joe",RB,2017,ROOKIE,3,,,rookie_slot,,2021,5,0,2,2|None,2019|2020
10870,"Morris, Alfred",RB,2017,FAA,,2000,26,bid,T3,2017,1,0,0,,
12156,"Langford, Jeremy",RB,2017,FAA,,1000,32,bid,T4,2017,1,0,0,,
10300,"Rodgers, Jacquizz",RB,2017,FAA,,4000,19,bid,T3,2017,1,0,0,,
13129,"Fournette, Leonard",RB,2017,ROOKIE,5,,,rookie_slot,,2021,5,0,1,2,2020
13108,"McKissic, J.D.",RB,2017,WAIVER,,4000,,,,2017,1,0,0,,
11175,"Ellington, Andre",RB,2017,WAIVER,,2000,,,,2017,1,0,0,,
9122,"Forte, Matt",RB,2017,FAA,,12000,13,bid,T3,2017,1,0,0,,
13234,"Mack, Marlon",RB,2017,ROOKIE,17,,,rookie_slot,,2020,4,0,1,1,2020
11977,"Darkwa, Orleans",RB,2017,FAA,,1000,32,bid,T4,2017,1,0,0,,
11886,"Williams, Damien",RB,2017,FAA,,3000,22,bid,T3,2017,1,0,0,,
13143,"McNichols, Jeremy",RB,2017,ROOKIE,35,,,rookie_slot,,2018,2,0,0,,
11656,"Sims, Charles",RB,2017,FAA,,3000,22,bid,T3,2017,1,0,0,,
11941,"Oliver, Branden",RB,2017,FAA,,1000,32,bid,T4,2017,1,0,0,,
11367,"Juszczyk, Kyle",RB,2017,WAIVER,,6000,,,,2017,1,0,0,,
9078,"Johnson, Chris",RB,2017,FAA,,2000,26,bid,T3,2017,1,0,0,,
13319,"Jones, Aaron",RB,2017,ROOKIE,27,,,rookie_slot,,2022,6,0,2,2|1,2020|2021
13240,"Hill, Brian",RB,2017,ROOKIE,45,,,rookie_slot,,2018,2,0,0,,
7877,"Gore, Frank",RB,2018,FAA,,5000,15,bid,T3,2018,1,0,0,,
11895,"Bibbs, Kapri",RB,2018,WAIVER,,3000,,,,2018,1,0,0,,
13610,"Chubb, Nick",RB,2018,ROOKIE,9,,,rookie_slot,,2024,7,0,4,2|2|None|None,2020|2022|2023|2024
11186,"Thompson, Chris",RB,2018,FAA,,19000,9,bid,T3,2019,2,0,0,,
8658,"Peterson, Adrian",RB,2018,WAIVER,,6000,,,,2018,1,0,0,,
7942,"Sproles, Darren",RB,2018,FAA,,1000,26,bid,T3,2018,1,0,0,,
12386,"Brown, Malcolm",RB,2018,WAIVER,,4000,,,,2018,1,0,0,,
13789,"Wilkins, Jordan",RB,2018,ROOKIE,33,,,rookie_slot,,2020,3,0,0,,
10714,"Turbin, Robert",RB,2018,WAIVER,,2000,,,,2018,1,0,0,,
12155,"Abdullah, Ameer",RB,2018,FAA,,1000,26,bid,T3,2018,1,0,0,,
12157,"Johnson, Duke",RB,2018,WAIVER,,4000,,,,2019,2,0,1,3,2018
11182,"Burkhead, Rex",RB,2018,FAA,,25000,4,bid,T1,2018,1,0,0,,
12402,"Grant, Corey",RB,2018,FAA,,1000,26,bid,T3,2018,1,0,0,,
11657,"Hyde, Carlos",RB,2018,FAA,,21000,8,bid,T2,2018,1,0,0,,
12444,"Smith, Rod",RB,2018,FAA,,1000,26,bid,T3,2018,1,0,0,,
9054,"Charles, Jamaal",RB,2018,WAIVER,,11000,,,,2018,1,0,0,,
10709,"Martin, Doug",RB,2018,FAA,,2000,23,bid,T3,2018,1,0,0,,
13614,"Lindsay, Phillip",RB,2018,FAA,,3000,21,bid,T3,2020,3,0,0,,
13726,"Edmonds, Chase",RB,2018,ROOKIE,28,,,rookie_slot,,2022,5,0,1,2,2021
13135,"Gallman, Wayne",RB,2018,WAIVER,,1000,,,,2018,1,0,0,,
13625,"Webb, Ralph",RB,2018,FAA,,1000,26,bid,T3,2018,1,0,0,,
13620,"Jackson, Justin",RB,2018,ROOKIE,40,,,rookie_slot,,2020,3,0,0,,
13619,"Kelly, John",RB,2018,ROOKIE,29,,,rookie_slot,,2018,1,0,0,,
13612,"Johnson, Kerryon",RB,2018,ROOKIE,8,,,rookie_slot,,2020,3,0,0,,
13725,"Warren, Chris",RB,2018,WAIVER,,4000,,,,2018,1,0,0,,
13623,"Williams, Darrel",RB,2018,WAIVER,,1000,,,,2018,1,0,0,,
13611,"Adams, Josh",RB,2018,FAA,,1000,26,bid,T3,2018,1,0,0,,
13609,"Wadley, Akrum",RB,2018,ROOKIE,60,,,rookie_slot,,2018,1,0,0,,
12636,"Smallwood, Wendell",RB,2018,WAIVER,,20000,,,,2018,1,0,0,,
9898,"Blount, LeGarrette",RB,2018,FAA,,5000,15,bid,T3,2018,1,0,0,,
11761,"McKinnon, Jerick",RB,2018,FAA,,43000,2,bid,T1,2018,1,0,0,,
13617,"Freeman, Royce",RB,2018,ROOKIE,5,,,rookie_slot,,2020,3,0,0,,
11193,"Bernard, Giovani",RB,2018,FAA,,7000,13,bid,T3,2019,2,0,0,,
13613,"Samuels, Jaylen",RB,2018,ROOKIE,34,,,rookie_slot,,2020,3,0,0,,
13604,"Barkley, Saquon",RB,2018,ROOKIE,1,,,rookie_slot,,2025,8,1,4,2|1|None|None,2020|2022|2023|2024
12887,"Kelley, Rob",RB,2018,FAA,,1000,26,bid,T3,2018,1,0,0,,
13628,"Thomas, Roc",RB,2018,FAA,,4000,19,bid,T3,2018,1,0,0,,
13816,"Cannon, Trenton",RB,2018,FAA,,1000,26,bid,T3,2018,1,0,0,,
14017,"Wilson, Jeffery",RB,2018,WAIVER,,26000,,,,2018,1,0,0,,
11179,"Michael, Christine",RB,2018,FAA,,1000,26,bid,T3,2018,1,0,0,,
10077,"Ivory, Chris",RB,2018,FAA,,4000,19,bid,T3,2018,1,0,0,,
10708,"Miller, Lamar",RB,2018,FAA,,22000,6,bid,T2,2018,1,0,0,,
13615,"Scarbrough, Bo",RB,2018,ROOKIE,56,,,rookie_slot,,2020,3,0,0,,
12264,"Zenner, Zach",RB,2018,WAIVER,,5000,,,,2018,1,0,0,,
11188,"Riddick, Theo",RB,2018,FAA,,5000,15,bid,T3,2018,1,0,0,,
11180,"Gillislee, Mike",RB,2018,FAA,,1000,26,bid,T3,2018,1,0,0,,
10389,"Lewis, Dion",RB,2018,FAA,,27000,3,bid,T1,2018,1,0,0,,
13144,"McGuire, Elijah",RB,2018,FAA,,2000,23,bid,T3,2018,1,0,0,,
13136,"Clement, Corey",RB,2018,FAA,,22000,6,bid,T2,2018,1,0,0,,
13814,"Scott, Boston",RB,2018,ROOKIE,55,,,rookie_slot,,2020,3,0,0,,
11654,"Hill, Jeremy",RB,2018,FAA,,3000,21,bid,T3,2018,1,0,0,,
13608,"Penny, Rashaad",RB,2018,ROOKIE,6,,,rookie_slot,,2020,3,0,0,,
12447,"Mostert, Raheem",RB,2018,WAIVER,,3000,,,,2018,1,0,0,,
12637,"Barber, Peyton",RB,2018,FAA,,5000,15,bid,T3,2018,1,0,0,,
13850,"Edwards, Gus",RB,2018,WAIVER,,15000,,,,2018,1,0,0,,
11668,"Crowell, Isaiah",RB,2018,FAA,,17000,10,bid,T3,2018,1,0,0,,
13404,"Ekeler, Austin",RB,2018,FAA,,10000,11,bid,T3,2018,1,0,0,,
13768,"Smith, Ito",RB,2018,ROOKIE,41,,,rookie_slot,,2019,2,0,0,,
12629,"Booker, Devontae",RB,2018,WAIVER,,1000,,,,2018,1,0,0,,
8670,"Lynch, Marshawn",RB,2018,FAA,,10000,11,bid,T3,2018,1,0,0,,
10334,"Ridley, Stevan",RB,2018,WAIVER,,21000,,,,2018,1,0,0,,
13616,"Walton, Mark",RB,2018,ROOKIE,45,,,rookie_slot,,2020,3,0,0,,
13622,"Hines, Nyheim",RB,2018,ROOKIE,21,,,rookie_slot,,2020,3,0,0,,
12367,"Murphy, Marcus",RB,2018,WAIVER,,4000,,,,2018,1,0,0,,
11834,"Blue, Alfred",RB,2018,WAIVER,,5000,,,,2018,1,0,0,,
10870,"Morris, Alfred",RB,2018,FAA,,1000,26,bid,T3,2018,1,0,0,,
12164,"Davis, Mike",RB,2018,WAIVER,,11000,,,,2018,1,0,0,,
10300,"Rodgers, Jacquizz",RB,2018,WAIVER,,1000,,,,2018,1,0,0,,
13606,"Jones, Ronald",RB,2018,ROOKIE,4,,,rookie_slot,,2020,3,0,0,,
9101,"Stewart, Jonathan",RB,2018,FAA,,2000,23,bid,T3,2018,1,0,0,,
11177,"Barner, Kenjon",RB,2018,WAIVER,,1000,,,,2018,1,0,0,,
11454,"Anderson, C.J.",RB,2018,FAA,,25000,4,bid,T1,2018,1,0,0,,
13621,"Ballage, Kalen",RB,2018,ROOKIE,14,,,rookie_slot,,2019,2,0,0,,
12912,"Richard, Jalen",RB,2018,WAIVER,,5000,,,,2018,1,0,0,,
11886,"Williams, Damien",RB,2018,WAIVER,,5000,,,,2018,1,0,0,,
9448,"McCoy, LeSean",RB,2018,ERA,,55000,1,bid,T1,2018,1,0,0,,
13605,"Guice, Derrius",RB,2018,ROOKIE,2,,,rookie_slot,,2020,3,0,0,,
11367,"Juszczyk, Kyle",RB,2018,WAIVER,,1000,,,,2018,1,0,0,,
13856,"Swanson, Terry",RB,2018,FAA,,1000,26,bid,T3,2018,1,0,0,,
11390,"Murray, Latavius",RB,2018,FAA,,6000,14,bid,T3,2018,1,0,0,,
13607,"Michel, Sony",RB,2018,ROOKIE,3,,,rookie_slot,,2020,3,0,0,,
7877,"Gore, Frank",RB,2019,FAA,,3000,92,adp,T4,2019,1,0,0,,
13871,"Hilliard, Dontrell",RB,2019,FAA,,4000,84,adp,T4,2019,1,0,0,,
14338,"Hilliman, Jon",RB,2019,WAIVER,,4000,,,,2019,1,0,0,,
13868,"Boone, Mike",RB,2019,FAA,,2000,21,bid,T3,2019,1,0,0,,
14284,"Thompson, Darwin",RB,2019,ROOKIE,27,,42,adp,T4,2020,2,0,0,,
8658,"Peterson, Adrian",RB,2019,FAA,,8000,61,adp,T4,2019,1,0,0,,
14095,"Johnson, Ty",RB,2019,FAA,,1000,78,adp,T4,2019,1,0,0,,
14079,"Sanders, Miles",RB,2019,ROOKIE,4,,25,adp,T3,2023,5,0,2,1|None,2022|2023
10276,"Ingram, Mark",RB,2019,FAA,,50000,23,adp,T3,2019,1,0,0,,
12386,"Brown, Malcolm",RB,2019,FAA,,4000,87,adp,T4,2019,1,0,0,,
11660,"Freeman, Devonta",RB,2019,ERA,,34000,18,adp,T3,2019,1,0,0,,
13452,"Edmunds, Trey",RB,2019,WAIVER,,4000,,,,2019,1,0,0,,
12155,"Abdullah, Ameer",RB,2019,WAIVER,,1000,,,,2020,2,0,0,,
11182,"Burkhead, Rex",RB,2019,FAA,,1000,96,adp,T4,2019,1,0,0,,
11657,"Hyde, Carlos",RB,2019,FAA,,2000,71,adp,T4,2019,1,0,0,,
14071,"Montgomery, David",RB,2019,ROOKIE,2,,16,adp,T3,2024,6,0,2,1|2,2021|2022
14075,"Harris, Damien",RB,2019,ROOKIE,20,,39,adp,T4,2023,5,0,2,1|None,2022|2023
13135,"Gallman, Wayne",RB,2019,FAA,,1000,99,adp,T4,2019,1,0,0,,
14096,"Ozigbo, Devine",RB,2019,FAA,,4000,60,adp,T4,2019,1,0,0,,
14080,"Singletary, Devin",RB,2019,ROOKIE,23,,33,adp,T4,2022,4,0,1,1,2022
14073,"Jacobs, Josh",RB,2019,ROOKIE,1,,12,adp,T3,2025,7,1,3,2|None|None,2021|2023|2024
14087,"Henderson, Darrell",RB,2019,ROOKIE,5,,30,adp,T3,2021,3,0,0,,
13623,"Williams, Darrel",RB,2019,WAIVER,,1000,,,,2019,1,0,0,,
14081,"Gaskin, Myles",RB,2019,ROOKIE,30,,57,adp,T4,2022,4,0,1,2,2022
14192,"Williams, James",RB,2019,FAA,,1000,54,adp,T4,2019,1,0,0,,
12636,"Smallwood, Wendell",RB,2019,WAIVER,,4000,,,,2019,1,0,0,,
11761,"McKinnon, Jerick",RB,2019,FAA,,10000,74,adp,T4,2019,1,0,0,,
12635,"Williams, Jonathan",RB,2019,WAIVER,,21000,,,,2019,1,0,0,,
12154,"Ajayi, Jay",RB,2019,FAA,,4000,98,adp,T4,2019,1,0,0,,
14017,"Wilson, Jeffery",RB,2019,WAIVER,,1000,,,,2019,1,0,0,,
12857,"Washington, DeAndre",RB,2019,WAIVER,,1000,,,,2019,1,0,0,,
12627,"Prosise, C.J.",RB,2019,WAIVER,,2000,,,,2019,1,0,0,,
10708,"Miller, Lamar",RB,2019,FAA,,11000,36,adp,T4,2019,1,0,0,,
14076,"Williams, Trayveon",RB,2019,ROOKIE,50,,52,adp,T4,2021,3,0,0,,
12264,"Zenner, Zach",RB,2019,WAIVER,,1000,,,,2019,1,0,0,,
14314,"Anderson, Bruce",RB,2019,ROOKIE,57,,59,adp,T4,2019,1,0,0,,
10389,"Lewis, Dion",RB,2019,FAA,,7000,65,adp,T4,2019,1,0,0,,
13136,"Clement, Corey",RB,2019,FAA,,2000,105,adp,T4,2019,1,0,0,,
12447,"Mostert, Raheem",RB,2019,WAIVER,,30000,,,,2019,1,0,0,,
14088,"Anderson, Rodney",RB,2019,ROOKIE,44,,43,adp,T4,2021,3,0,0,,
12637,"Barber, Peyton",RB,2019,WAIVER,,9000,53,adp,T4,2019,1,0,0,,
13239,"Penny, Elijhaa",RB,2019,WAIVER,,3000,,,,2019,1,0,0,,
13850,"Edwards, Gus",RB,2019,FAA,,3000,90,adp,T4,2019,1,0,0,,
13148,"Ogunbowale, Dare",RB,2019,FAA,,3000,79,adp,T4,2019,1,0,0,,
13404,"Ekeler, Austin",RB,2019,FAA,,21000,31,adp,T3,2019,1,0,0,,
14086,"Hill, Justice",RB,2019,ROOKIE,17,,40,adp,T4,2021,3,0,0,,
10368,"Jones, Taiwan",RB,2019,FAA,,1000,26,bid,T3,2019,1,0,0,,
14612,"Laird, Patrick",RB,2019,WAIVER,,2000,,,,2019,1,0,0,,
14098,"Crockett, Damarea",RB,2019,FAA,,4000,75,adp,T4,2019,1,0,0,,
14074,"Williams, Dexter",RB,2019,ROOKIE,46,,48,adp,T4,2019,1,0,0,,
12640,"Ferguson, Josh",RB,2019,FAA,,1000,26,bid,T3,2019,1,0,0,,
12164,"Davis, Mike",RB,2019,FAA,,2000,89,adp,T4,2019,1,0,0,,
10369,"Powell, Bilal",RB,2019,WAIVER,,9000,,,,2019,1,0,0,,
14082,"Love, Bryce",RB,2019,ROOKIE,40,,37,adp,T4,2020,2,0,0,,
13108,"McKissic, J.D.",RB,2019,WAIVER,,4000,,,,2019,1,0,0,,
14072,"Snell, Benny",RB,2019,ROOKIE,51,,45,adp,T4,2019,1,0,0,,
14223,"Mattison, Alexander",RB,2019,ROOKIE,29,,46,adp,T4,2021,3,0,0,,
11454,"Anderson, C.J.",RB,2019,FAA,,1000,81,adp,T4,2019,1,0,0,,
12630,"Drake, Kenyan",RB,2019,ERA,,21000,32,adp,T4,2020,2,0,2,1|None,2019|2020
12912,"Richard, Jalen",RB,2019,FAA,,5000,86,adp,T4,2019,1,0,0,,
12261,"Montgomery, Ty",RB,2019,FAA,,2000,88,adp,T4,2019,1,0,0,,
14085,"Pollard, Tony",RB,2019,ROOKIE,48,,49,adp,T4,2023,5,0,3,1|1|None,2021|2022|2023
11886,"Williams, Damien",RB,2019,FAA,,50000,14,adp,T3,2019,1,0,0,,
9448,"McCoy, LeSean",RB,2019,FAA,,11000,47,adp,T4,2019,1,0,0,,
12845,"Washington, Dwayne",RB,2019,WAIVER,,1000,,,,2019,1,0,0,,
10932,"Bolden, Brandon",RB,2019,WAIVER,,2000,,,,2019,1,0,0,,
14097,"Ollison, Qadree",RB,2019,ROOKIE,45,,64,adp,T4,2021,3,0,0,,
14093,"Armstead, Ryquell",RB,2019,ROOKIE,34,,51,adp,T4,2021,3,0,0,,
11390,"Murray, Latavius",RB,2019,FAA,,19000,41,adp,T4,2020,2,0,0,,
13240,"Hill, Brian",RB,2019,FAA,,1000,94,adp,T4,2019,1,0,0,,
7877,"Gore, Frank",RB,2020,FAA,,1000,95,adp,T4,2020,1,0,0,,
11186,"Thompson, Chris",RB,2020,FAA,,5000,63,adp,T4,2020,1,0,0,,
13868,"Boone, Mike",RB,2020,FAA,,1000,103,adp,T4,2020,1,0,0,,
8658,"Peterson, Adrian",RB,2020,FAA,,15000,67,adp,T4,2020,1,0,0,,
14095,"Johnson, Ty",RB,2020,WAIVER,,10000,,,,2020,1,0,0,,
14808,"Evans, Darrynton",RB,2020,ROOKIE,29,,44,adp,T4,2021,2,0,0,,
14821,"Hasty, JaMycal",RB,2020,ROOKIE,52,,73,adp,T4,2021,2,0,0,,
14827,"Taylor, J.J.",RB,2020,FAA,,1000,90,adp,T4,2020,1,0,0,,
10276,"Ingram, Mark",RB,2020,FAA,,25000,28,adp,T3,2020,1,0,0,,
12386,"Brown, Malcolm",RB,2020,FAA,,6000,80,adp,T4,2020,1,0,0,,
14815,"Dallas, DeeJay",RB,2020,ROOKIE,34,,49,adp,T4,2022,3,0,0,,
11660,"Freeman, Devonta",RB,2020,FAA,,1000,79,adp,T4,2020,1,0,0,,
11747,"White, James",RB,2020,FAA,,26000,34,adp,T4,2020,1,0,0,,
14801,"Benjamin, Eno",RB,2020,ROOKIE,32,,45,adp,T4,2022,3,0,0,,
12157,"Johnson, Duke",RB,2020,WAIVER,,1000,56,adp,T4,2020,1,0,1,None,2020
11182,"Burkhead, Rex",RB,2020,FAA,,2000,93,adp,T4,2020,1,0,0,,
14807,"Kelley, Joshua",RB,2020,ROOKIE,26,,47,adp,T4,2022,3,0,0,,
14799,"Akers, Cam",RB,2020,ROOKIE,10,,17,adp,T3,2023,4,0,1,2,2023
11657,"Hyde, Carlos",RB,2020,FAA,,2000,77,adp,T4,2020,1,0,0,,
13139,"Williams, Jamaal",RB,2020,WAIVER,,9000,78,adp,T4,2021,2,0,0,,
14813,"Robinson, James",RB,2020,WAIVER,,4000,62,adp,T4,2021,2,0,0,,
13133,"Perine, Samaje",RB,2020,WAIVER,,2000,,,,2020,1,0,0,,
13135,"Gallman, Wayne",RB,2020,WAIVER,,10000,,,,2020,1,0,0,,
14096,"Ozigbo, Devine",RB,2020,FAA,,2000,84,adp,T4,2020,1,0,0,,
14331,"Johnson, D'Ernest",RB,2020,WAIVER,,20000,,,,2020,1,0,0,,
12152,"Coleman, Tevin",RB,2020,FAA,,16000,55,adp,T4,2020,1,0,0,,
12151,"Gordon, Melvin",RB,2020,ERA,,42000,24,adp,T3,2020,1,0,0,,
13623,"Williams, Darrel",RB,2020,FAA,,1000,71,adp,T4,2020,1,0,0,,
13611,"Adams, Josh",RB,2020,WAIVER,,5000,,,,2020,1,0,0,,
11761,"McKinnon, Jerick",RB,2020,WAIVER,,10000,82,adp,T4,2020,1,0,0,,
11193,"Bernard, Giovani",RB,2020,FAA,,1000,87,adp,T4,2020,1,0,0,,
14811,"Ahmed, Salvon",RB,2020,WAIVER,,3000,88,adp,T4,2020,1,0,0,,
12639,"Ervin, Tyler",RB,2020,WAIVER,,5000,,,,2020,1,0,0,,
14805,"Dillon, AJ",RB,2020,ROOKIE,20,,37,adp,T4,2023,4,0,1,2,2023
14798,"Moss, Zack",RB,2020,ROOKIE,17,,33,adp,T4,2022,3,0,0,,
14017,"Wilson, Jeffery",RB,2020,FAA,,1000,106,adp,T4,2020,1,0,0,,
12857,"Washington, DeAndre",RB,2020,FAA,,5000,85,adp,T4,2020,1,0,0,,
10708,"Miller, Lamar",RB,2020,FAA,,4000,99,adp,T4,2020,1,0,0,,
10389,"Lewis, Dion",RB,2020,FAA,,1000,101,adp,T4,2020,1,0,0,,
13136,"Clement, Corey",RB,2020,FAA,,1000,18,bid,T3,2020,1,0,0,,
14435,"Bonnafon, Reggie",RB,2020,FAA,,1000,100,adp,T4,2020,1,0,0,,
12447,"Mostert, Raheem",RB,2020,ERA,,38000,26,adp,T3,2020,1,0,0,,
13134,"Foreman, D'Onta",RB,2020,WAIVER,,1000,,,,2020,1,0,0,,
14800,"Dobbins, J.K.",RB,2020,ROOKIE,3,,23,adp,T3,2023,4,0,2,1|None,2022|2023
14797,"Swift, D'Andre",RB,2020,ROOKIE,5,,20,adp,T3,2023,4,0,2,1|None,2022|2023
12637,"Barber, Peyton",RB,2020,WAIVER,,5000,102,adp,T4,2020,1,0,0,,
13850,"Edwards, Gus",RB,2020,FAA,,2000,97,adp,T4,2020,1,0,0,,
13148,"Ogunbowale, Dare",RB,2020,FAA,,1000,98,adp,T4,2020,1,0,0,,
13404,"Ekeler, Austin",RB,2020,ERA,,42000,13,adp,T3,2020,1,0,0,,
13768,"Smith, Ito",RB,2020,WAIVER,,20000,92,adp,T4,2020,1,0,0,,
12629,"Booker, Devontae",RB,2020,WAIVER,,4000,,,,2020,1,0,0,,
14802,"Taylor, Jonathan",RB,2020,ROOKIE,2,,15,adp,T3,2025,6,1,2,2|None,2023|2024
14826,"Pierce, Artavis",RB,2020,WAIVER,,1000,,,,2020,1,0,0,,
15022,"Perry, Malcolm",RB,2020,FAA,,1000,18,bid,T3,2020,1,0,0,,
14083,"Homer, Travis",RB,2020,WAIVER,,4000,108,adp,T4,2020,1,0,0,,
14074,"Williams, Dexter",RB,2020,WAIVER,,3000,,,,2020,1,0,0,,
13849,"Nall, Ryan",RB,2020,WAIVER,,2000,,,,2020,1,0,0,,
10870,"Morris, Alfred",RB,2020,WAIVER,,1000,,,,2020,1,0,0,,
14803,"Edwards-Helaire, Clyde",RB,2020,ROOKIE,1,,7,adp,T2,2022,3,0,0,,
12164,"Davis, Mike",RB,2020,FAA,,2000,12,bid,T3,2020,1,0,0,,
14843,"Bowden, Lynn",RB,2020,ROOKIE,39,,48,adp,T4,2022,3,0,0,,
13108,"McKissic, J.D.",RB,2020,WAIVER,,1000,81,adp,T4,2020,1,0,0,,
14072,"Snell, Benny",RB,2020,WAIVER,,9000,83,adp,T4,2020,1,0,0,,
12634,"Howard, Jordan",RB,2020,WAIVER,,1000,40,adp,T4,2020,1,0,0,,
14804,"McFarland, Anthony",RB,2020,ROOKIE,27,,41,adp,T4,2022,3,0,0,,
14810,"Vaughn, Ke'Shawn",RB,2020,ROOKIE,14,,31,adp,T3,2022,3,0,0,,
14852,"Gibson, Antonio",RB,2020,ROOKIE,24,,32,adp,T4,2022,3,0,0,,
13621,"Ballage, Kalen",RB,2020,WAIVER,,6000,,,,2020,1,0,0,,
12912,"Richard, Jalen",RB,2020,WAIVER,,1000,96,adp,T4,2020,1,0,0,,
12261,"Montgomery, Ty",RB,2020,WAIVER,,1000,,,,2020,1,0,0,,
11886,"Williams, Damien",RB,2020,WAIVER,,1000,53,adp,T4,2021,2,0,0,,
13143,"McNichols, Jeremy",RB,2020,WAIVER,,2000,,,,2020,1,0,0,,
9448,"McCoy, LeSean",RB,2020,WAIVER,,1000,76,adp,T4,2020,1,0,0,,
12929,"Pope, Troymaine",RB,2020,WAIVER,,4000,,,,2020,1,0,0,,
14806,"Perine, Lamical",RB,2020,ROOKIE,42,,46,adp,T4,2021,2,0,0,,
13240,"Hill, Brian",RB,2020,FAA,,2000,89,adp,T4,2020,1,0,0,,
13871,"Hilliard, Dontrell",RB,2021,WAIVER,,15000,,,,2021,1,0,0,,
15253,"Etienne, Travis",RB,2021,ROOKIE,4,,20,adp,T3,2024,4,0,1,1,2024
15256,"Williams, Javonte",RB,2021,ROOKIE,9,,21,adp,T3,2025,5,1,2,2|None,2024|2025
15261,"Hubbard, Chuba",RB,2021,ROOKIE,26,,51,adp,T4,2021,1,0,0,,
11192,"Bell, Le'Veon",RB,2021,WAIVER,,15000,89,adp,T4,2021,1,0,1,0,2021
8658,"Peterson, Adrian",RB,2021,WAIVER,,20000,,,,2021,1,0,0,,
14095,"Johnson, Ty",RB,2021,FAA,,4000,85,adp,T4,2021,1,0,0,,
14827,"Taylor, J.J.",RB,2021,WAIVER,,1000,,,,2021,1,0,0,,
10276,"Ingram, Mark",RB,2021,FAA,,1000,69,adp,T4,2021,1,0,0,,
12386,"Brown, Malcolm",RB,2021,WAIVER,,5000,81,adp,T4,2021,1,0,0,,
11660,"Freeman, Devonta",RB,2021,WAIVER,,1000,,,,2021,1,0,0,,
15259,"Stevenson, Rhamondre",RB,2021,ROOKIE,22,,50,adp,T4,2025,5,1,3,None|None|None,2023|2024|2025
14917,"Patrick, Jacques",RB,2021,WAIVER,,4000,,,,2021,1,0,0,,
12155,"Abdullah, Ameer",RB,2021,WAIVER,,20000,,,,2021,1,0,0,,
11747,"White, James",RB,2021,FAA,,9000,68,adp,T4,2021,1,0,0,,
12157,"Johnson, Duke",RB,2021,WAIVER,,1000,,,,2021,1,0,0,,
11182,"Burkhead, Rex",RB,2021,WAIVER,,20000,,,,2021,1,0,0,,
11657,"Hyde, Carlos",RB,2021,WAIVER,,1000,86,adp,T4,2021,1,0,1,0,2021
13290,"Cohen, Tarik",RB,2021,FAA,,1000,77,adp,T4,2021,1,0,0,,
13614,"Lindsay, Phillip",RB,2021,WAIVER,,25000,67,adp,T4,2021,1,0,0,,
13133,"Perine, Samaje",RB,2021,FAA,,1000,88,adp,T4,2021,1,0,0,,
14011,"Igwebuike, Godwin",RB,2021,WAIVER,,5000,,,,2021,1,0,0,,
13135,"Gallman, Wayne",RB,2021,FAA,,1000,90,adp,T4,2021,1,0,0,,
14331,"Johnson, D'Ernest",RB,2021,WAIVER,,1000,,,,2021,1,0,0,,
15258,"Carter, Michael",RB,2021,ROOKIE,15,,30,adp,T3,2022,2,0,0,,
12152,"Coleman, Tevin",RB,2021,FAA,,4000,70,adp,T4,2021,1,0,0,,
13620,"Jackson, Justin",RB,2021,FAA,,3000,79,adp,T4,2021,1,0,0,,
13612,"Johnson, Kerryon",RB,2021,WAIVER,,1000,,,,2021,1,0,0,,
12151,"Gordon, Melvin",RB,2021,FAA,,10000,34,adp,T4,2021,1,0,0,,
15254,"Harris, Najee",RB,2021,ROOKIE,3,,10,adp,T3,2024,4,0,2,None|None,2023|2024
13623,"Williams, Darrel",RB,2021,FAA,,1000,76,adp,T4,2021,1,0,0,,
11761,"McKinnon, Jerick",RB,2021,FAA,,3000,93,adp,T4,2021,1,0,0,,
13617,"Freeman, Royce",RB,2021,WAIVER,,1000,,,,2021,1,0,0,,
11193,"Bernard, Giovani",RB,2021,FAA,,3000,72,adp,T4,2021,1,0,0,,
12635,"Williams, Jonathan",RB,2021,WAIVER,,1000,,,,2021,1,0,0,,
15266,"Williams, Pooka",RB,2021,ROOKIE,53,,48,adp,T4,2022,2,0,0,,
14811,"Ahmed, Salvon",RB,2021,FAA,,5000,92,adp,T4,2021,1,0,0,,
15533,"Gore, Derrick",RB,2021,WAIVER,,7000,,,,2021,1,0,0,,
15271,"Herbert, Khalil",RB,2021,ROOKIE,33,,36,adp,T4,2023,3,0,1,None,2023
13816,"Cannon, Trenton",RB,2021,WAIVER,,1000,,,,2021,1,0,0,,
14017,"Wilson, Jeffery",RB,2021,FAA,,1000,75,adp,T4,2021,1,0,0,,
15268,"Hawkins, Javian",RB,2021,ROOKIE,50,,40,adp,T4,2021,1,0,0,,
14368,"Walter, Austin",RB,2021,WAIVER,,1000,,,,2021,1,0,0,,
15488,"Doaks, Gerrid",RB,2021,FAA,,1000,35,adp,T4,2021,1,0,0,,
12171,"Johnson, David",RB,2021,FAA,,16000,58,adp,T4,2021,1,0,0,,
13136,"Clement, Corey",RB,2021,WAIVER,,5000,,,,2021,1,0,0,,
13378,"Breida, Matt",RB,2021,FAA,,1000,20,bid,T3,2021,1,0,0,,
15414,"Nwangwu, Kene",RB,2021,WAIVER,,1000,33,adp,T4,2022,2,0,0,,
13814,"Scott, Boston",RB,2021,WAIVER,,4000,80,adp,T4,2021,1,0,0,,
15262,"Jefferson, Jermar",RB,2021,ROOKIE,44,,38,adp,T4,2021,1,0,0,,
15265,"Hill, Kylin",RB,2021,ROOKIE,43,,42,adp,T4,2022,2,0,0,,
13608,"Penny, Rashaad",RB,2021,FAA,,6000,74,adp,T4,2021,1,0,0,,
12447,"Mostert, Raheem",RB,2021,FAA,,15000,29,adp,T3,2021,1,0,0,,
14727,"Reynolds, Craig",RB,2021,WAIVER,,6000,,,,2021,1,0,0,,
13134,"Foreman, D'Onta",RB,2021,FAA,,1000,20,bid,T3,2021,1,0,0,,
12637,"Barber, Peyton",RB,2021,FAA,,1000,20,bid,T3,2021,1,0,0,,
13850,"Edwards, Gus",RB,2021,FAA,,9000,41,adp,T4,2022,2,0,0,,
13148,"Ogunbowale, Dare",RB,2021,WAIVER,,32000,,,,2021,1,0,0,,
13404,"Ekeler, Austin",RB,2021,FAA,,61000,11,adp,T3,2021,1,0,0,,
12628,"Collins, Alex",RB,2021,WAIVER,,1000,,,,2021,1,0,0,,
12629,"Booker, Devontae",RB,2021,FAA,,1000,82,adp,T4,2021,1,0,0,,
14083,"Homer, Travis",RB,2021,WAIVER,,1000,,,,2021,1,0,0,,
15275,"Evans, Chris",RB,2021,ROOKIE,29,,44,adp,T4,2022,2,0,0,,
15270,"Felton, Demetric",RB,2021,WAIVER,,4000,47,adp,T4,2021,1,0,0,,
13622,"Hines, Nyheim",RB,2021,WAIVER,,10000,60,adp,T4,2021,1,0,1,1,2021
15269,"Sargent, Mekhi",RB,2021,WAIVER,,1000,,,,2021,1,0,0,,
12164,"Davis, Mike",RB,2021,FAA,,35000,26,adp,T3,2021,1,0,0,,
15255,"Gainwell, Kenneth",RB,2021,ROOKIE,23,,46,adp,T4,2023,3,0,0,,
13108,"McKissic, J.D.",RB,2021,FAA,,10000,62,adp,T4,2021,1,0,0,,
12634,"Howard, Jordan",RB,2021,WAIVER,,8000,,,,2021,1,0,0,,
13606,"Jones, Ronald",RB,2021,WAIVER,,30000,43,adp,T4,2021,1,0,0,,
14818,"Jones, Xavier",RB,2021,FAA,,3000,71,adp,T4,2021,1,0,0,,
15272,"Rountree, Larry",RB,2021,ROOKIE,56,,45,adp,T4,2023,3,0,0,,
15263,"Mitchell, Elijah",RB,2021,ROOKIE,38,,39,adp,T4,2022,2,0,0,,
15480,"Funk, Jake",RB,2021,FAA,,1000,63,adp,T4,2021,1,0,0,,
14828,"Jones, Tony",RB,2021,WAIVER,,2000,73,adp,T4,2021,1,0,0,,
15040,"Williams, Ty'Son",RB,2021,WAIVER,,1000,66,adp,T4,2021,1,0,0,,
15260,"Patterson, Jaret",RB,2021,ROOKIE,55,,52,adp,T4,2023,3,0,0,,
12630,"Drake, Kenyan",RB,2021,FAA,,10000,56,adp,T4,2021,1,0,0,,
12261,"Montgomery, Ty",RB,2021,WAIVER,,1000,,,,2021,1,0,0,,
13234,"Mack, Marlon",RB,2021,FAA,,5000,78,adp,T4,2021,1,0,0,,
13143,"McNichols, Jeremy",RB,2021,WAIVER,,1000,,,,2021,1,0,0,,
12150,"Gurley, Todd",RB,2021,WAIVER,,1000,97,adp,T4,2021,1,0,0,,
13605,"Guice, Derrius",RB,2021,WAIVER,,1000,,,,2021,1,0,0,,
11367,"Juszczyk, Kyle",RB,2021,WAIVER,,1000,,,,2021,1,0,0,,
15257,"Sermon, Trey",RB,2021,ROOKIE,8,,27,adp,T3,2022,2,0,0,,
10932,"Bolden, Brandon",RB,2021,WAIVER,,3000,,,,2021,1,0,0,,
11390,"Murray, Latavius",RB,2021,FAA,,5000,65,adp,T4,2021,1,0,0,,
13607,"Michel, Sony",RB,2021,FAA,,1000,59,adp,T4,2021,1,0,0,,
15719,"Harris, Kevin",RB,2022,WAIVER,,1000,30,adp,T3,2022,1,0,0,,
13871,"Hilliard, Dontrell",RB,2022,FAA,,2000,79,adp,T4,2022,1,0,0,,
13138,"Hunt, Kareem",RB,2022,FAA,,22000,50,adp,T4,2022,1,0,0,,
15739,"White, ZaQuandre",RB,2022,FAA,,1000,31,bid,T3,2022,1,0,0,,
15261,"Hubbard, Chuba",RB,2022,WAIVER,,10000,75,adp,T4,2022,1,0,0,,
15462,"Brightwell, Gary",RB,2022,WAIVER,,1000,,,,2022,1,0,0,,
13868,"Boone, Mike",RB,2022,WAIVER,,12000,138,adp,T4,2022,1,0,0,,
15746,"Davis-Price, Tyrion",RB,2022,ROOKIE,24,,53,adp,T4,2023,2,0,0,,
14095,"Johnson, Ty",RB,2022,WAIVER,,3000,170,adp,T4,2022,1,0,0,,
15742,"Warren, Jaylen",RB,2022,WAIVER,,4000,70,adp,T4,2025,4,1,1,1,2025
14808,"Evans, Darrynton",RB,2022,WAIVER,,4000,,,,2022,1,0,0,,
14821,"Hasty, JaMycal",RB,2022,WAIVER,,10000,,,,2022,1,0,0,,
10276,"Ingram, Mark",RB,2022,FAA,,4000,72,adp,T4,2022,1,0,0,,
13146,"Conner, James",RB,2022,FAA,,38000,16,adp,T3,2023,2,0,0,,
15714,"White, Zamir",RB,2022,ROOKIE,13,,55,adp,T4,2024,3,0,0,,
12155,"Abdullah, Ameer",RB,2022,WAIVER,,4000,84,adp,T4,2022,1,0,0,,
15715,"Cook, James",RB,2022,ROOKIE,9,,32,adp,T4,2025,4,1,2,None|None,2024|2025
11182,"Burkhead, Rex",RB,2022,FAA,,2000,76,adp,T4,2022,1,0,0,,
13139,"Williams, Jamaal",RB,2022,FAA,,14000,68,adp,T4,2022,1,0,0,,
14813,"Robinson, James",RB,2022,ERA,,10000,59,adp,T4,2022,1,0,1,1,2022
15723,"Chandler, Ty",RB,2022,FAA,,2000,39,adp,T4,2022,1,0,0,,
13133,"Perine, Samaje",RB,2022,WAIVER,,1000,89,adp,T4,2022,1,0,0,,
15713,"Ford, Jerome",RB,2022,ROOKIE,60,,33,adp,T4,2024,3,0,0,,
15711,"Walker III, Kenneth",RB,2022,ROOKIE,4,,26,adp,T3,2025,4,1,2,None|None,2024|2025
14331,"Johnson, D'Ernest",RB,2022,FAA,,4000,87,adp,T4,2022,1,0,0,,
15727,"Knight, Zonovan",RB,2022,WAIVER,,7000,,,,2022,1,0,0,,
15749,"Pacheco, Isiah",RB,2022,FAA,,5000,57,adp,T4,2025,4,1,2,None|None,2024|2025
12152,"Coleman, Tevin",RB,2022,WAIVER,,3000,,,,2022,1,0,0,,
15736,"Brooks, Kennedy",RB,2022,FAA,,3000,36,adp,T4,2022,1,0,0,,
13620,"Jackson, Justin",RB,2022,FAA,,1000,31,bid,T3,2022,1,0,0,,
15277,"Jackson, Deon",RB,2022,WAIVER,,1000,107,adp,T4,2023,2,0,0,,
15725,"Conner, Snoop",RB,2022,FAA,,1000,41,adp,T4,2022,1,0,0,,
12151,"Gordon, Melvin",RB,2022,ERA,,16000,56,adp,T4,2022,1,0,0,,
14087,"Henderson, Darrell",RB,2022,ERA,,12000,63,adp,T4,2022,1,0,0,,
13623,"Williams, Darrel",RB,2022,FAA,,6000,71,adp,T4,2022,1,0,0,,
15505,"Huntley, Caleb",RB,2022,FAA,,1000,31,bid,T3,2022,1,0,0,,
11761,"McKinnon, Jerick",RB,2022,FAA,,1000,74,adp,T4,2022,1,0,0,,
13617,"Freeman, Royce",RB,2022,WAIVER,,4000,,,,2022,1,0,0,,
15708,"Hall, Breece",RB,2022,ROOKIE,1,,15,adp,T3,2025,4,1,1,2,2025
15734,"Ingram, Keaontay",RB,2022,ROOKIE,43,,29,adp,T3,2024,3,0,0,,
14017,"Wilson, Jeffery",RB,2022,FAA,,2000,82,adp,T4,2024,3,0,0,,
15716,"Robinson, Brian",RB,2022,ROOKIE,21,,52,adp,T4,2025,4,1,1,1,2025
15709,"Spiller, Isaiah",RB,2022,ROOKIE,14,,48,adp,T4,2024,3,0,0,,
12171,"Johnson, David",RB,2022,WAIVER,,1000,,,,2022,1,0,0,,
15718,"Badie, Tyler",RB,2022,ROOKIE,41,,37,adp,T4,2023,2,0,0,,
13378,"Breida, Matt",RB,2022,FAA,,1000,91,adp,T4,2022,1,0,0,,
13814,"Scott, Boston",RB,2022,FAA,,4000,88,adp,T4,2022,1,0,0,,
15972,"Mason, Jordan",RB,2022,FAA,,2000,93,adp,T4,2022,1,0,0,,
15721,"White, Rachaad",RB,2022,ROOKIE,15,,49,adp,T4,2024,3,0,0,,
13608,"Penny, Rashaad",RB,2022,ERA,,16000,38,adp,T4,2022,1,0,0,,
12447,"Mostert, Raheem",RB,2022,FAA,,11000,69,adp,T4,2022,1,0,0,,
14727,"Reynolds, Craig",RB,2022,WAIVER,,2000,126,adp,T4,2022,1,0,0,,
13134,"Foreman, D'Onta",RB,2022,FAA,,4000,77,adp,T4,2022,1,0,0,,
13148,"Ogunbowale, Dare",RB,2022,WAIVER,,1000,157,adp,T4,2022,1,0,0,,
15728,"Smith, Abram",RB,2022,FAA,,4000,42,adp,T4,2022,1,0,0,,
13404,"Ekeler, Austin",RB,2022,FAA,,57000,3,adp,T1,2022,1,0,0,,
14086,"Hill, Justice",RB,2022,WAIVER,,2000,142,adp,T4,2022,1,0,0,,
14083,"Homer, Travis",RB,2022,WAIVER,,4000,125,adp,T4,2022,1,0,0,,
13622,"Hines, Nyheim",RB,2022,FAA,,8000,61,adp,T4,2022,1,0,0,,
13131,"Mixon, Joe",RB,2022,ERA,,51000,7,adp,T2,2022,1,0,0,,
12164,"Davis, Mike",RB,2022,FAA,,1000,80,adp,T4,2022,1,0,0,,
13129,"Fournette, Leonard",RB,2022,FAA,,39000,14,adp,T3,2022,1,0,0,,
13108,"McKissic, J.D.",RB,2022,FAA,,4000,66,adp,T4,2022,1,0,0,,
15729,"Corbin, Jashaun",RB,2022,FAA,,1000,121,adp,T4,2022,1,0,0,,
14223,"Mattison, Alexander",RB,2022,ERA,,12000,62,adp,T4,2023,2,0,0,,
13606,"Jones, Ronald",RB,2022,WAIVER,,1000,73,adp,T4,2022,1,0,0,,
15717,"Pierce, Dameon",RB,2022,ROOKIE,17,,22,adp,T3,2024,3,0,0,,
15710,"Williams, Kyren",RB,2022,ROOKIE,32,,35,adp,T4,2025,4,1,1,2,2025
15712,"Allgeier, Tyler",RB,2022,ROOKIE,20,,54,adp,T4,2025,4,1,1,1,2025
12630,"Drake, Kenyan",RB,2022,FAA,,5000,85,adp,T4,2022,1,0,0,,
12261,"Montgomery, Ty",RB,2022,WAIVER,,1000,141,adp,T4,2022,1,0,0,,
15733,"Strong Jr., Pierre",RB,2022,ROOKIE,42,,31,adp,T3,2022,1,0,0,,
15973,"Blackshear, Raheem",RB,2022,WAIVER,,4000,,,,2022,1,0,0,,
13234,"Mack, Marlon",RB,2022,WAIVER,,4000,65,adp,T4,2022,1,0,0,,
11886,"Williams, Damien",RB,2022,FAA,,2000,90,adp,T4,2022,1,0,0,,
15965,"Chestnut, Julius",RB,2022,WAIVER,,1000,109,adp,T4,2022,1,0,0,,
11390,"Murray, Latavius",RB,2022,WAIVER,,1000,106,adp,T4,2022,1,0,0,,
15720,"Haskins, Hassan",RB,2022,ROOKIE,31,,43,adp,T4,2023,2,0,0,,
15748,"Ebner, Trestan",RB,2022,WAIVER,,4000,58,adp,T4,2022,1,0,0,,
13607,"Michel, Sony",RB,2022,FAA,,6000,83,adp,T4,2022,1,0,0,,
16175,"Johnson, Roschon",RB,2023,ROOKIE,19,,40,adp,T4,2024,2,0,0,,
13138,"Hunt, Kareem",RB,2023,FAA,,1000,83,adp,T4,2023,1,0,0,,
16176,"Vaughn, Deuce",RB,2023,ROOKIE,33,,51,adp,T4,2024,2,0,0,,
16164,"Bigsby, Tank",RB,2023,ROOKIE,22,,42,adp,T4,2025,3,1,0,,
15738,"Davis, Malik",RB,2023,FAA,,1000,67,adp,T4,2024,2,0,0,,
15261,"Hubbard, Chuba",RB,2023,FAA,,1000,76,adp,T4,2023,1,0,0,,
16174,"Rodriguez, Chris",RB,2023,ROOKIE,57,,45,adp,T4,2025,3,1,0,,
16387,"Brooks, Chris",RB,2023,WAIVER,,1000,91,adp,T4,2023,1,0,0,,
14095,"Johnson, Ty",RB,2023,WAIVER,,1000,,,,2023,1,0,0,,
16171,"Miller, Kendre",RB,2023,ROOKIE,12,,35,adp,T4,2025,3,1,0,,
16178,"Mitchell, Keaton",RB,2023,WAIVER,,8000,59,adp,T4,2024,2,0,1,None,2024
13789,"Wilkins, Jordan",RB,2023,WAIVER,,1000,,,,2023,1,0,0,,
16380,"Prince, Deneric",RB,2023,FAA,,5000,50,adp,T4,2024,2,0,0,,
16385,"Demercado, Emari",RB,2023,WAIVER,,8000,,,,2023,1,0,0,,
12626,"Henry, Derrick",RB,2023,FAA,,94000,7,adp,T2,2023,1,0,0,,
14807,"Kelley, Joshua",RB,2023,FAA,,1000,87,adp,T4,2023,1,0,0,,
16181,"Brown, Chase",RB,2023,ROOKIE,27,,38,adp,T4,2025,3,1,0,,
13139,"Williams, Jamaal",RB,2023,FAA,,4000,53,adp,T4,2023,1,0,0,,
14813,"Robinson, James",RB,2023,WAIVER,,3000,,,,2023,1,0,0,,
16167,"Achane, De'Von",RB,2023,ROOKIE,13,,34,adp,T4,2025,3,1,1,None,2025
15723,"Chandler, Ty",RB,2023,WAIVER,,4000,77,adp,T4,2023,1,0,0,,
13133,"Perine, Samaje",RB,2023,FAA,,2000,57,adp,T4,2023,1,0,0,,
13726,"Edmonds, Chase",RB,2023,FAA,,1000,86,adp,T4,2023,1,0,0,,
14080,"Singletary, Devin",RB,2023,FAA,,4000,69,adp,T4,2023,1,0,0,,
14331,"Johnson, D'Ernest",RB,2023,WAIVER,,4000,,,,2023,1,0,0,,
15727,"Knight, Zonovan",RB,2023,WAIVER,,1000,,,,2024,2,0,0,,
15258,"Carter, Michael",RB,2023,WAIVER,,1000,88,adp,T4,2023,1,0,0,,
12151,"Gordon, Melvin",RB,2023,WAIVER,,1000,,,,2023,1,0,0,,
14087,"Henderson, Darrell",RB,2023,WAIVER,,1000,,,,2023,1,0,0,,
14081,"Gaskin, Myles",RB,2023,WAIVER,,1000,,,,2023,1,0,0,,
11761,"McKinnon, Jerick",RB,2023,FAA,,8000,56,adp,T4,2023,1,0,0,,
13617,"Freeman, Royce",RB,2023,WAIVER,,4000,,,,2023,1,0,0,,
16169,"Charbonnet, Zach",RB,2023,ROOKIE,14,,26,adp,T3,2025,3,1,0,,
16163,"Evans, Zach",RB,2023,ROOKIE,29,,37,adp,T4,2024,2,0,0,,
14811,"Ahmed, Salvon",RB,2023,WAIVER,,4000,84,adp,T4,2023,1,0,0,,
14817,"Taylor, Patrick",RB,2023,WAIVER,,2000,,,,2023,1,0,0,,
14798,"Moss, Zack",RB,2023,FAA,,4000,79,adp,T4,2023,1,0,0,,
11225,"Patterson, Cordarrelle",RB,2023,FAA,,1000,85,adp,T4,2023,1,0,0,,
16432,"Wilson, Emanuel",RB,2023,WAIVER,,1000,,,,2025,3,1,0,,
14076,"Williams, Trayveon",RB,2023,FAA,,4000,74,adp,T4,2023,1,0,0,,
13378,"Breida, Matt",RB,2023,FAA,,1000,92,adp,T4,2023,1,0,0,,
16173,"Gray, Eric",RB,2023,ROOKIE,37,,39,adp,T4,2024,2,0,0,,
15414,"Nwangwu, Kene",RB,2023,FAA,,1000,20,bid,T3,2023,1,0,0,,
13814,"Scott, Boston",RB,2023,WAIVER,,1000,,,,2023,1,0,0,,
15972,"Mason, Jordan",RB,2023,WAIVER,,4000,94,adp,T4,2023,1,0,0,,
13608,"Penny, Rashaad",RB,2023,FAA,,15000,62,adp,T4,2023,1,0,0,,
12447,"Mostert, Raheem",RB,2023,FAA,,10000,54,adp,T4,2023,1,0,0,,
14727,"Reynolds, Craig",RB,2023,WAIVER,,1000,,,,2023,1,0,0,,
13134,"Foreman, D'Onta",RB,2023,FAA,,12000,73,adp,T4,2023,1,0,0,,
14823,"Dowdle, Rico",RB,2023,WAIVER,,3000,70,adp,T4,2023,1,0,0,,
13850,"Edwards, Gus",RB,2023,FAA,,4000,80,adp,T4,2024,2,0,2,1|None,2023|2024
13404,"Ekeler, Austin",RB,2023,ERA,,63000,3,adp,T1,2023,1,0,0,,
14086,"Hill, Justice",RB,2023,WAIVER,,10000,,,,2023,1,0,0,,
16162,"Gibbs, Jahmyr",RB,2023,ROOKIE,5,,6,adp,T2,2025,3,1,1,None,2025
12625,"Elliott, Ezekiel",RB,2023,ERA,,64000,60,adp,T4,2023,1,0,0,,
15275,"Evans, Chris",RB,2023,WAIVER,,1000,90,adp,T4,2023,1,0,0,,
16179,"McBride, DeWayne",RB,2023,ROOKIE,23,,36,adp,T4,2024,2,0,0,,
13131,"Mixon, Joe",RB,2023,FAA,,41000,11,adp,T3,2023,1,0,0,,
14803,"Edwards-Helaire, Clyde",RB,2023,FAA,,1000,81,adp,T4,2023,1,0,0,,
16390,"McLaughlin, Jaleel",RB,2023,FAA,,1000,68,adp,T4,2024,2,0,0,,
13129,"Fournette, Leonard",RB,2023,FAA,,1000,82,adp,T4,2023,1,0,0,,
16180,"Hull, Evan",RB,2023,ROOKIE,28,,46,adp,T4,2024,2,0,0,,
16165,"Spears, Tyjae",RB,2023,ROOKIE,17,,43,adp,T4,2025,3,1,0,,
16161,"Robinson, Bijan",RB,2023,ROOKIE,1,,2,adp,T1,2025,3,1,0,,
13606,"Jones, Ronald",RB,2023,WAIVER,,2000,,,,2023,1,0,0,,
15263,"Mitchell, Elijah",RB,2023,WAIVER,,1000,64,adp,T4,2023,1,0,0,,
14828,"Jones, Tony",RB,2023,WAIVER,,10000,,,,2023,1,0,0,,
14852,"Gibson, Antonio",RB,2023,ERA,,10000,49,adp,T4,2023,1,0,0,,
12630,"Drake, Kenyan",RB,2023,FAA,,4000,12,bid,T3,2023,1,0,0,,
16409,"Dotson, Elijah",RB,2023,WAIVER,,1000,,,,2023,1,0,0,,
16166,"Tucker, Sean",RB,2023,ROOKIE,59,,48,adp,T4,2025,3,1,0,,
15733,"Strong Jr., Pierre",RB,2023,WAIVER,,4000,93,adp,T4,2023,1,0,0,,
11886,"Williams, Damien",RB,2023,WAIVER,,1000,,,,2023,1,0,0,,
16170,"McIntosh, Kenny",RB,2023,FAA,,4000,52,adp,T4,2023,1,0,0,,
15257,"Sermon, Trey",RB,2023,WAIVER,,4000,,,,2023,1,0,0,,
15726,"Rivers, Ronnie",RB,2023,WAIVER,,3000,,,,2023,1,0,0,,
13319,"Jones, Aaron",RB,2023,ERA,,41000,14,adp,T3,2023,1,0,0,,
16168,"Abanikanda, Israel",RB,2023,ROOKIE,43,,30,adp,T3,2023,1,0,0,,
11390,"Murray, Latavius",RB,2023,FAA,,1000,91,adp,T4,2023,1,0,0,,
13138,"Hunt, Kareem",RB,2024,WAIVER,,1000,75,adp,T4,2024,1,0,0,,
16747,"Tracy, Tyrone",RB,2024,ROOKIE,40,,49,adp,T4,2025,2,1,0,,
15261,"Hubbard, Chuba",RB,2024,FAA,,6000,63,adp,T4,2024,1,0,0,,
16603,"Davis, Ray",RB,2024,ROOKIE,33,,44,adp,T4,2025,2,1,0,,
13868,"Boone, Mike",RB,2024,WAIVER,,1000,,,,2024,1,0,0,,
16387,"Brooks, Chris",RB,2024,WAIVER,,4000,,,,2024,1,0,0,,
14095,"Johnson, Ty",RB,2024,WAIVER,,2000,,,,2024,1,0,0,,
14079,"Sanders, Miles",RB,2024,FAA,,3000,91,adp,T4,2024,1,0,0,,
16757,"Vidal, Kimani",RB,2024,ROOKIE,26,,41,adp,T4,2025,2,1,0,,
14821,"Hasty, JaMycal",RB,2024,WAIVER,,1000,,,,2024,1,0,0,,
16746,"Ali, Rasheen",RB,2024,ROOKIE,46,,32,adp,T4,2025,2,1,0,,
16752,"Davis, Isaiah",RB,2024,WAIVER,,1000,52,adp,T4,2024,1,0,0,,
13146,"Conner, James",RB,2024,FAA,,20000,20,adp,T3,2025,2,1,0,,
16385,"Demercado, Emari",RB,2024,FAA,,1000,92,adp,T4,2024,1,0,0,,
12155,"Abdullah, Ameer",RB,2024,WAIVER,,9000,,,,2024,1,0,0,,
12626,"Henry, Derrick",RB,2024,FAA,,34000,9,adp,T3,2025,2,1,1,None,2025
14799,"Akers, Cam",RB,2024,WAIVER,,1000,74,adp,T4,2024,1,0,0,,
13139,"Williams, Jamaal",RB,2024,FAA,,1000,88,adp,T4,2024,1,0,0,,
15723,"Chandler, Ty",RB,2024,FAA,,9000,69,adp,T4,2024,1,0,0,,
13133,"Perine, Samaje",RB,2024,FAA,,3000,72,adp,T4,2024,1,0,0,,
14080,"Singletary, Devin",RB,2024,FAA,,21000,36,adp,T4,2024,1,0,0,,
14331,"Johnson, D'Ernest",RB,2024,WAIVER,,2000,,,,2024,1,0,0,,
15258,"Carter, Michael",RB,2024,FAA,,1000,27,bid,T3,2024,1,0,0,,
15743,"McCormick, Sincere",RB,2024,WAIVER,,1000,,,,2024,1,0,0,,
16597,"Brooks, Jonathon",RB,2024,ROOKIE,9,,18,adp,T3,2025,2,1,0,,
15730,"Goodson, Tyler",RB,2024,WAIVER,,4000,,,,2024,1,0,0,,
13128,"Cook, Dalvin",RB,2024,WAIVER,,4000,84,adp,T4,2024,1,0,0,,
16610,"Wright, Jaylen",RB,2024,ROOKIE,20,,33,adp,T4,2025,2,1,0,,
13617,"Freeman, Royce",RB,2024,WAIVER,,1000,,,,2024,1,0,0,,
14805,"Dillon, AJ",RB,2024,FAA,,4000,79,adp,T4,2024,1,0,0,,
14817,"Taylor, Patrick",RB,2024,WAIVER,,4000,,,,2024,1,0,0,,
14798,"Moss, Zack",RB,2024,ERA,,12000,51,adp,T4,2024,1,0,0,,
15271,"Herbert, Khalil",RB,2024,WAIVER,,4000,73,adp,T4,2024,1,0,0,,
16678,"Vaki, Sione",RB,2024,FAA,,1000,58,adp,T4,2024,1,0,0,,
16601,"Shipley, Will",RB,2024,ROOKIE,24,,37,adp,T4,2025,2,1,0,,
15718,"Badie, Tyler",RB,2024,WAIVER,,4000,,,,2024,1,0,0,,
13132,"Kamara, Alvin",RB,2024,FAA,,27000,15,adp,T3,2025,2,1,0,,
16596,"Allen, Braelon",RB,2024,ROOKIE,42,,57,adp,T4,2025,2,1,0,,
16683,"Rees-Zammit, Louis",RB,2024,FAA,,1000,54,adp,T4,2024,1,0,0,,
16609,"Johnson, Dillon",RB,2024,FAA,,1000,45,adp,T4,2024,1,0,0,,
15972,"Mason, Jordan",RB,2024,FAA,,4000,71,adp,T4,2025,2,1,1,1,2025
12447,"Mostert, Raheem",RB,2024,FAA,,20000,26,adp,T3,2024,1,0,0,,
14727,"Reynolds, Craig",RB,2024,WAIVER,,3000,,,,2024,1,0,0,,
13134,"Foreman, D'Onta",RB,2024,FAA,,1000,93,adp,T4,2024,1,0,0,,
14800,"Dobbins, J.K.",RB,2024,FAA,,9000,64,adp,T4,2025,2,1,0,,
14797,"Swift, D'Andre",RB,2024,ERA,,23000,22,adp,T3,2024,1,0,0,,
14823,"Dowdle, Rico",RB,2024,FAA,,11000,62,adp,T4,2024,1,0,0,,
13148,"Ogunbowale, Dare",RB,2024,WAIVER,,4000,,,,2024,1,0,0,,
13404,"Ekeler, Austin",RB,2024,FAA,,16000,40,adp,T4,2024,1,0,0,,
14086,"Hill, Justice",RB,2024,FAA,,4000,75,adp,T4,2024,1,0,0,,
12625,"Elliott, Ezekiel",RB,2024,FAA,,11000,60,adp,T4,2024,1,0,0,,
16803,"Watson, Blake",RB,2024,ROOKIE,59,,56,adp,T4,2025,2,1,0,,
14083,"Homer, Travis",RB,2024,WAIVER,,1000,,,,2024,1,0,0,,
13131,"Mixon, Joe",RB,2024,ERA,,45000,17,adp,T3,2025,2,1,0,,
14803,"Edwards-Helaire, Clyde",RB,2024,FAA,,2000,90,adp,T4,2024,1,0,0,,
16594,"Benson, Trey",RB,2024,ROOKIE,10,,27,adp,T3,2025,2,1,0,,
15255,"Gainwell, Kenneth",RB,2024,FAA,,1000,85,adp,T4,2024,1,0,0,,
16593,"Corum, Blake",RB,2024,ROOKIE,16,,30,adp,T3,2025,2,1,0,,
14223,"Mattison, Alexander",RB,2024,FAA,,7000,83,adp,T4,2024,1,0,0,,
16612,"Steele, Carson",RB,2024,WAIVER,,1000,66,adp,T4,2024,1,0,0,,
16598,"Irving, Bucky",RB,2024,ROOKIE,34,,48,adp,T4,2025,2,1,0,,
16605,"McClellan, Jase",RB,2024,ROOKIE,57,,59,adp,T4,2024,1,0,0,,
16688,"Guerendo, Isaac",RB,2024,ROOKIE,43,,31,adp,T3,2024,1,0,0,,
15263,"Mitchell, Elijah",RB,2024,FAA,,3000,80,adp,T4,2024,1,0,0,,
16604,"Lloyd, MarShawn",RB,2024,ROOKIE,23,,34,adp,T4,2025,2,1,0,,
15260,"Patterson, Jaret",RB,2024,WAIVER,,1000,,,,2024,1,0,0,,
14852,"Gibson, Antonio",RB,2024,FAA,,2000,70,adp,T4,2024,1,0,0,,
15733,"Strong Jr., Pierre",RB,2024,FAA,,1000,27,bid,T3,2024,1,0,0,,
14085,"Pollard, Tony",RB,2024,FAA,,17000,28,adp,T3,2025,2,1,1,None,2025
15973,"Blackshear, Raheem",RB,2024,WAIVER,,1000,,,,2024,1,0,0,,
16611,"Bailey, Emani",RB,2024,ROOKIE,47,,,rookie_slot,,2024,1,0,0,,
13143,"McNichols, Jeremy",RB,2024,WAIVER,,5000,,,,2024,1,0,0,,
16170,"McIntosh, Kenny",RB,2024,WAIVER,,4000,,,,2024,1,0,0,,
11367,"Juszczyk, Kyle",RB,2024,WAIVER,,1000,,,,2024,1,0,0,,
15257,"Sermon, Trey",RB,2024,FAA,,3000,81,adp,T4,2024,1,0,0,,
16595,"Estime, Audric",RB,2024,ROOKIE,31,,42,adp,T4,2025,2,1,0,,
13319,"Jones, Aaron",RB,2024,FAA,,10000,23,adp,T3,2025,2,1,0,,
15965,"Chestnut, Julius",RB,2024,WAIVER,,1000,,,,2024,1,0,0,,
16168,"Abanikanda, Israel",RB,2024,WAIVER,,4000,,,,2024,1,0,0,,
16613,"Laube, Dylan",RB,2024,ROOKIE,38,,38,adp,T4,2025,2,1,0,,
16175,"Johnson, Roschon",RB,2025,FAA,,4000,79,adp,T4,2025,1,1,0,,
17056,"Etienne, Trevor",RB,2025,ROOKIE,40,,32,adp,T4,2025,1,1,0,,
13138,"Hunt, Kareem",RB,2025,FAA,,5000,73,adp,T4,2025,1,1,0,,
15253,"Etienne, Travis",RB,2025,FAA,,17000,47,adp,T4,2025,1,1,0,,
15738,"Davis, Malik",RB,2025,WAIVER,,4000,,,,2025,1,1,0,,
13610,"Chubb, Nick",RB,2025,FAA,,3000,61,adp,T4,2025,1,1,0,,
15261,"Hubbard, Chuba",RB,2025,FAA,,37000,23,adp,T3,2025,1,1,0,,
17045,"Skattebo, Cam",RB,2025,ROOKIE,14,,24,adp,T3,2025,1,1,0,,
17059,"Gordon, Ollie",RB,2025,ROOKIE,46,,46,adp,T4,2025,1,1,0,,
14095,"Johnson, Ty",RB,2025,FAA,,1000,92,adp,T4,2025,1,1,0,,
14079,"Sanders, Miles",RB,2025,FAA,,2000,87,adp,T4,2025,1,1,0,,
16178,"Mitchell, Keaton",RB,2025,FAA,,2000,80,adp,T4,2025,1,1,0,,
16752,"Davis, Isaiah",RB,2025,ERA,,1000,19,bid,T3,2025,1,1,0,,
17055,"James, Jordan",RB,2025,ROOKIE,41,,29,adp,T3,2025,1,1,0,,
15714,"White, Zamir",RB,2025,WAIVER,,1000,,,,2025,1,1,0,,
16385,"Demercado, Emari",RB,2025,WAIVER,,10000,,,,2025,1,1,0,,
17042,"Jeanty, Ashton",RB,2025,ROOKIE,1,,2,adp,T1,2025,1,1,0,,
14071,"Montgomery, David",RB,2025,FAA,,20000,34,adp,T4,2025,1,1,0,,
13133,"Perine, Samaje",RB,2025,FAA,,1000,91,adp,T4,2025,1,1,0,,
15713,"Ford, Jerome",RB,2025,FAA,,6000,64,adp,T4,2025,1,1,0,,
16608,"Holani, George",RB,2025,WAIVER,,1000,,,,2025,1,1,0,,
14080,"Singletary, Devin",RB,2025,FAA,,1000,88,adp,T4,2025,1,1,0,,
14331,"Johnson, D'Ernest",RB,2025,WAIVER,,1000,,,,2025,1,1,0,,
15727,"Knight, Zonovan",RB,2025,WAIVER,,4000,,,,2025,1,1,0,,
15258,"Carter, Michael",RB,2025,WAIVER,,11000,,,,2025,1,1,0,,
17061,"Allen, LeQuint",RB,2025,ROOKIE,56,,50,adp,T4,2025,1,1,0,,
15254,"Harris, Najee",RB,2025,FAA,,13000,63,adp,T4,2025,1,1,0,,
17062,"Sanders, Raheim",RB,2025,WAIVER,,1000,60,adp,T4,2025,1,1,0,,
15730,"Goodson, Tyler",RB,2025,WAIVER,,1000,,,,2025,1,1,0,,
17047,"Sampson, Dylan",RB,2025,ROOKIE,27,,33,adp,T4,2025,1,1,0,,
17054,"Martinez, Damien",RB,2025,FAA,,5000,42,adp,T4,2025,1,1,0,,
13130,"McCaffrey, Christian",RB,2025,FAA,,56000,6,adp,T2,2025,1,1,0,,
17052,"Tuten, Bhayshul",RB,2025,ROOKIE,24,,26,adp,T3,2025,1,1,0,,
15271,"Herbert, Khalil",RB,2025,WAIVER,,1000,89,adp,T4,2025,1,1,0,,
17060,"Giddens, DJ",RB,2025,ROOKIE,42,,35,adp,T4,2025,1,1,0,,
17043,"Henderson, TreVeyon",RB,2025,ROOKIE,4,,8,adp,T2,2025,1,1,0,,
15718,"Badie, Tyler",RB,2025,WAIVER,,1000,,,,2025,1,1,0,,
17068,"Harvey, RJ",RB,2025,ROOKIE,5,,14,adp,T3,2025,1,1,0,,
17063,"Mafah, Phil",RB,2025,FAA,,1000,49,adp,T4,2025,1,1,0,,
15721,"White, Rachaad",RB,2025,ERA,,9000,67,adp,T4,2025,1,1,0,,
12447,"Mostert, Raheem",RB,2025,FAA,,2000,85,adp,T4,2025,1,1,0,,
17069,"Blue, Jaydon",RB,2025,ROOKIE,37,,31,adp,T3,2025,1,1,0,,
14797,"Swift, D'Andre",RB,2025,FAA,,23000,28,adp,T3,2025,1,1,0,,
14823,"Dowdle, Rico",RB,2025,FAA,,4000,72,adp,T4,2025,1,1,1,1,2025
17337,"Scott, Zavier",RB,2025,WAIVER,,1000,,,,2025,1,1,0,,
13148,"Ogunbowale, Dare",RB,2025,WAIVER,,2000,,,,2025,1,1,0,,
13404,"Ekeler, Austin",RB,2025,FAA,,8000,57,adp,T4,2025,1,1,0,,
14086,"Hill, Justice",RB,2025,FAA,,1000,77,adp,T4,2025,1,1,0,,
17048,"Johnson, Kaleb",RB,2025,ROOKIE,10,,18,adp,T3,2025,1,1,0,,
17256,"Croskey-Merritt, Jacory",RB,2025,ROOKIE,59,,39,adp,T4,2025,1,1,0,,
17053,"Marks, Woody",RB,2025,ROOKIE,55,,40,adp,T4,2025,1,1,0,,
17064,"Hunter, Jarquez",RB,2025,ROOKIE,30,,27,adp,T3,2025,1,1,0,,
16390,"McLaughlin, Jaleel",RB,2025,WAIVER,,4000,77,adp,T4,2025,1,1,0,,
16180,"Hull, Evan",RB,2025,WAIVER,,4000,,,,2025,1,1,0,,
15255,"Gainwell, Kenneth",RB,2025,WAIVER,,3000,83,adp,T4,2025,1,1,0,,
17046,"Neal, Devin",RB,2025,ROOKIE,43,,25,adp,T3,2025,1,1,0,,
14223,"Mattison, Alexander",RB,2025,FAA,,4000,12,bid,T3,2025,1,1,0,,
15717,"Pierce, Dameon",RB,2025,ERA,,1000,83,adp,T4,2025,1,1,0,,
16688,"Guerendo, Isaac",RB,2025,WAIVER,,1000,74,adp,T4,2025,1,1,0,,
16957,"Jennings, Terrell",RB,2025,WAIVER,,4000,,,,2025,1,1,0,,
15263,"Mitchell, Elijah",RB,2025,WAIVER,,1000,80,adp,T4,2025,1,1,0,,
17049,"Smith, Brashard",RB,2025,ROOKIE,35,,38,adp,T4,2025,1,1,0,,
17051,"Judkins, Quinshon",RB,2025,ROOKIE,8,,21,adp,T3,2025,1,1,0,,
15260,"Patterson, Jaret",RB,2025,WAIVER,,1000,,,,2025,1,1,0,,
14852,"Gibson, Antonio",RB,2025,FAA,,1000,85,adp,T4,2025,1,1,0,,
16748,"Robinson, Keilan",RB,2025,FAA,,1000,19,bid,T3,2025,1,1,0,,
16773,"Jordan, Jawhar",RB,2025,WAIVER,,4000,,,,2025,1,1,0,,
13143,"McNichols, Jeremy",RB,2025,WAIVER,,4000,,,,2025,1,1,0,,
17044,"Hampton, Omarion",RB,2025,ROOKIE,3,,5,adp,T2,2025,1,1,0,,
17050,"Mullings, Kalel",RB,2025,FAA,,1000,56,adp,T4,2025,1,1,0,,
17058,"Brooks, Tahj",RB,2025,ROOKIE,47,,41,adp,T4,2025,1,1,0,,
17066,"Monangai, Kyle",RB,2025,ROOKIE,44,,44,adp,T4,2025,1,1,0,,
15720,"Haskins, Hassan",RB,2025,WAIVER,,18000,,,,2025,1,1,0,,
8713,"Weddle, Eric",S,2011,FAA,,5000,1,bid,IDP/K,2011,1,0,0,,
9816,"Berry, Eric",S,2011,FAA,,5000,1,bid,IDP/K,2011,1,0,0,,
6532,"Reed, Edward",S,2011,FAA,,3000,7,bid,IDP/K,2011,1,0,0,,
8121,"Wilson, George",S,2011,WAIVER,,1000,,,,2011,1,0,0,,
8664,"Landry, LaRon",S,2011,FAA,,4000,3,bid,IDP/K,2011,1,0,0,,
9465,"Chung, Patrick",S,2011,FAA,,1000,11,bid,IDP/K,2011,1,0,0,,
9947,"Chancellor, Kam",S,2011,WAIVER,,2000,,,,2011,1,0,0,,
8448,"Bethea, Antoine",S,2011,FAA,,2000,9,bid,IDP/K,2011,1,0,0,,
8284,"Harper, Roman",S,2011,WAIVER,,1000,,,,2011,1,0,0,,
8249,"Whitner, Donte",S,2011,FAA,,1000,11,bid,IDP/K,2013,3,0,0,,
7141,"Bell, Yeremiah",S,2011,FAA,,3000,7,bid,IDP/K,2011,1,0,0,,
6944,"Polamalu, Troy",S,2011,FAA,,4000,3,bid,IDP/K,2011,1,0,0,,
9492,"Byrd, Jairus",S,2011,FAA,,1000,11,bid,IDP/K,2011,1,0,0,,
7820,"Rolle, Antrel",S,2011,WAIVER,,2000,,,,2011,1,0,0,,
8387,"Landry, Dawan",S,2011,WAIVER,,1000,,,,2011,1,0,0,,
9877,"Ward, T.J.",S,2011,FAA,,2000,9,bid,IDP/K,2011,1,0,0,,
9154,"Branch, Tyvon",S,2011,FAA,,4000,3,bid,IDP/K,2011,1,0,0,,
9864,"Burnett, Morgan",S,2011,WAIVER,,1000,,,,2011,1,0,0,,
8686,"Griffin, Michael",S,2011,FAA,,1000,11,bid,IDP/K,2013,3,0,0,,
8295,"Pollard, Bernard",S,2011,FAA,,4000,3,bid,IDP/K,2011,1,0,0,,
8713,"Weddle, Eric",S,2012,WAIVER,,3000,,,,2012,1,0,0,,
6532,"Reed, Edward",S,2012,WAIVER,,1000,,,,2012,1,0,0,,
7757,"Adams, Mike",S,2012,WAIVER,,1000,,,,2013,2,0,0,,
8121,"Wilson, George",S,2012,FAA,,4000,1,bid,IDP/K,2012,1,0,0,,
9966,"Jones, Reshad",S,2012,WAIVER,,1000,,,,2012,1,0,0,,
9465,"Chung, Patrick",S,2012,FAA,,2000,6,bid,IDP/K,2013,2,0,0,,
9947,"Chancellor, Kam",S,2012,FAA,,3000,2,bid,IDP/K,2012,1,0,0,,
8448,"Bethea, Antoine",S,2012,FAA,,1000,10,bid,IDP/K,2012,1,0,0,,
8284,"Harper, Roman",S,2012,FAA,,3000,2,bid,IDP/K,2012,1,0,0,,
10122,"Stewart, Darian",S,2012,FAA,,1000,10,bid,IDP/K,2012,1,0,0,,
9430,"Jenkins, Malcolm",S,2012,WAIVER,,3000,,,,2013,2,0,0,,
7141,"Bell, Yeremiah",S,2012,FAA,,1000,10,bid,IDP/K,2012,1,0,0,,
6944,"Polamalu, Troy",S,2012,FAA,,2000,6,bid,IDP/K,2013,2,0,0,,
9492,"Byrd, Jairus",S,2012,FAA,,2000,6,bid,IDP/K,2012,1,0,0,,
9829,"Thomas, Earl",S,2012,FAA,,2000,6,bid,IDP/K,2012,1,0,0,,
8387,"Landry, Dawan",S,2012,WAIVER,,1000,,,,2013,2,0,0,,
9877,"Ward, T.J.",S,2012,WAIVER,,1000,,,,2012,1,0,0,,
10783,"Smith, Harrison",S,2012,ROOKIE,54,,,rookie_slot,,2012,1,0,0,,
9864,"Burnett, Morgan",S,2012,FAA,,3000,2,bid,IDP/K,2012,1,0,0,,
8807,"Goldson, Dashon",S,2012,FAA,,1000,10,bid,IDP/K,2013,2,0,0,,
7281,"Mikell, Quintin",S,2012,FAA,,3000,2,bid,IDP/K,2012,1,0,0,,
8713,"Weddle, Eric",S,2013,FAA,,2000,1,bid,IDP/K,2013,1,0,0,,
9816,"Berry, Eric",S,2013,FAA,,2000,1,bid,IDP/K,2015,3,0,0,,
9966,"Jones, Reshad",S,2013,FAA,,1000,5,bid,IDP/K,2013,1,0,0,,
8664,"Landry, LaRon",S,2013,WAIVER,,2000,,,,2013,1,0,0,,
11324,"Vaccaro, Kenny",S,2013,ROOKIE,43,,,rookie_slot,,2017,5,0,0,,
11010,"Gipson, Tashaun",S,2013,WAIVER,,1000,,,,2019,7,0,0,,
9449,"Moore, William",S,2013,FAA,,1000,5,bid,IDP/K,2014,2,0,0,,
9947,"Chancellor, Kam",S,2013,FAA,,2000,1,bid,IDP/K,2015,3,0,0,,
8448,"Bethea, Antoine",S,2013,WAIVER,,1000,,,,2013,1,0,0,,
8284,"Harper, Roman",S,2013,FAA,,1000,5,bid,IDP/K,2013,1,0,0,,
11323,"Reid, Eric",S,2013,WAIVER,,1000,,,,2017,5,0,0,,
7141,"Bell, Yeremiah",S,2013,WAIVER,,1000,,,,2013,1,0,0,,
9492,"Byrd, Jairus",S,2013,WAIVER,,1000,,,,2013,1,0,0,,
9829,"Thomas, Earl",S,2013,WAIVER,,3000,,,,2013,1,0,0,,
7820,"Rolle, Antrel",S,2013,WAIVER,,1000,,,,2013,1,0,0,,
9877,"Ward, T.J.",S,2013,WAIVER,,1000,,,,2013,1,0,0,,
9154,"Branch, Tyvon",S,2013,FAA,,1000,5,bid,IDP/K,2013,1,0,0,,
10783,"Smith, Harrison",S,2013,WAIVER,,1000,,,,2015,3,0,0,,
9864,"Burnett, Morgan",S,2013,FAA,,2000,1,bid,IDP/K,2013,1,0,0,,
10784,"Iloka, George",S,2013,FAA,,1000,5,bid,IDP/K,2017,5,0,0,,
8295,"Pollard, Bernard",S,2013,FAA,,1000,5,bid,IDP/K,2013,1,0,0,,
11313,"Mathieu, Tyrann",S,2013,ROOKIE,55,,,rookie_slot,,2014,2,0,0,,
11326,"McDonald, T.J.",S,2014,WAIVER,,1000,,,,2016,3,0,0,,
8713,"Weddle, Eric",S,2014,WAIVER,,1000,,,,2014,1,0,0,,
9495,"Mitchell, Michael",S,2014,FAA,,1000,4,bid,IDP/K,2014,1,0,0,,
10782,"Barron, Mark",S,2014,FAA,,1000,4,bid,IDP/K,2014,1,0,0,,
7757,"Adams, Mike",S,2014,WAIVER,,1000,,,,2014,1,0,0,,
9966,"Jones, Reshad",S,2014,WAIVER,,2000,,,,2014,1,0,0,,
9465,"Chung, Patrick",S,2014,WAIVER,,1000,,,,2017,4,0,0,,
8448,"Bethea, Antoine",S,2014,WAIVER,,1000,,,,2014,1,0,0,,
9430,"Jenkins, Malcolm",S,2014,WAIVER,,1000,,,,2014,1,0,0,,
6944,"Polamalu, Troy",S,2014,FAA,,1000,4,bid,IDP/K,2014,1,0,0,,
9829,"Thomas, Earl",S,2014,WAIVER,,1000,,,,2016,3,0,0,,
7820,"Rolle, Antrel",S,2014,FAA,,1000,4,bid,IDP/K,2014,1,0,0,,
8387,"Landry, Dawan",S,2014,WAIVER,,2000,,,,2014,1,0,0,,
10074,"Church, Barry",S,2014,FAA,,5000,1,bid,IDP/K,2014,1,0,0,,
9877,"Ward, T.J.",S,2014,FAA,,4000,2,bid,IDP/K,2014,1,0,0,,
9154,"Branch, Tyvon",S,2014,WAIVER,,1000,,,,2016,3,0,0,,
9864,"Burnett, Morgan",S,2014,FAA,,2000,3,bid,IDP/K,2014,1,0,0,,
11350,"Swearinger, D.J.",S,2014,WAIVER,,1000,,,,2017,4,0,0,,
8295,"Pollard, Bernard",S,2014,FAA,,1000,4,bid,IDP/K,2014,1,0,0,,
11327,"Jefferson, Tony",S,2014,WAIVER,,1000,,,,2015,2,0,0,,
8713,"Weddle, Eric",S,2015,FAA,,4000,2,bid,IDP/K,2015,1,0,0,,
8668,"Nelson, Reggie",S,2015,FAA,,1000,8,bid,IDP/K,2015,1,0,0,,
7757,"Adams, Mike",S,2015,WAIVER,,1000,,,,2015,1,0,0,,
12250,"Collins, Landon",S,2015,FAA,,5000,1,bid,IDP/K,2015,1,0,0,,
9966,"Jones, Reshad",S,2015,FAA,,4000,2,bid,IDP/K,2015,1,0,0,,
8448,"Bethea, Antoine",S,2015,FAA,,1000,8,bid,IDP/K,2015,1,0,0,,
11347,"Cyprien, Johnathan",S,2015,FAA,,3000,7,bid,IDP/K,2015,1,0,0,,
9430,"Jenkins, Malcolm",S,2015,WAIVER,,1000,,,,2015,1,0,0,,
10074,"Church, Barry",S,2015,FAA,,1000,8,bid,IDP/K,2015,1,0,0,,
9877,"Ward, T.J.",S,2015,WAIVER,,1000,,,,2015,1,0,0,,
9864,"Burnett, Morgan",S,2015,FAA,,4000,2,bid,IDP/K,2016,2,0,0,,
11740,"Clinton-Dix, Ha Ha",S,2015,FAA,,1000,8,bid,IDP/K,2015,1,0,0,,
8843,"Graham, Corey",S,2015,FAA,,1000,8,bid,IDP/K,2015,1,0,0,,
9535,"Johnson, Rashad",S,2015,FAA,,4000,2,bid,IDP/K,2015,1,0,0,,
11313,"Mathieu, Tyrann",S,2015,FAA,,4000,2,bid,IDP/K,2016,2,0,0,,
12295,"Geathers, Clayton",S,2016,WAIVER,,1000,,,,2017,2,0,0,,
8713,"Weddle, Eric",S,2016,FAA,,4000,2,bid,IDP/K,2016,1,0,0,,
9816,"Berry, Eric",S,2016,WAIVER,,1000,,,,2017,2,0,0,,
11017,"McLeod, Rodney",S,2016,WAIVER,,1000,,,,2019,4,0,0,,
7757,"Adams, Mike",S,2016,FAA,,1000,8,bid,IDP/K,2017,2,0,0,,
12250,"Collins, Landon",S,2016,FAA,,4000,2,bid,IDP/K,2017,2,0,0,,
9966,"Jones, Reshad",S,2016,FAA,,8000,1,bid,IDP/K,2017,2,0,0,,
10026,"Coleman, Kurt",S,2016,FAA,,1000,8,bid,IDP/K,2016,1,0,0,,
9947,"Chancellor, Kam",S,2016,WAIVER,,3000,,,,2016,1,0,0,,
12736,"Neal, Keanu",S,2016,WAIVER,,1000,,,,2016,1,0,0,,
8448,"Bethea, Antoine",S,2016,WAIVER,,1000,,,,2016,1,0,0,,
11347,"Cyprien, Johnathan",S,2016,FAA,,1000,8,bid,IDP/K,2016,1,0,0,,
9430,"Jenkins, Malcolm",S,2016,FAA,,2000,7,bid,IDP/K,2016,1,0,0,,
11613,"Thomas, Michael",S,2016,ROOKIE,6,,,rookie_slot,,2017,2,0,0,,
10074,"Church, Barry",S,2016,FAA,,3000,4,bid,IDP/K,2016,1,0,0,,
9877,"Ward, T.J.",S,2016,WAIVER,,2000,,,,2016,1,0,0,,
12717,"Joseph, Karl",S,2016,WAIVER,,1000,,,,2016,1,0,0,,
10783,"Smith, Harrison",S,2016,FAA,,3000,4,bid,IDP/K,2016,1,0,0,,
11740,"Clinton-Dix, Ha Ha",S,2016,FAA,,3000,4,bid,IDP/K,2016,1,0,0,,
11327,"Jefferson, Tony",S,2016,WAIVER,,1000,,,,2016,1,0,0,,
11517,"McDougald, Bradley",S,2016,WAIVER,,1000,,,,2016,1,0,0,,
11326,"McDonald, T.J.",S,2017,WAIVER,,1000,,,,2017,1,0,0,,
13228,"Hooker, Malik",S,2017,FAA,,1000,7,bid,IDP/K,2017,1,0,0,,
8713,"Weddle, Eric",S,2017,WAIVER,,1000,,,,2017,1,0,0,,
12308,"Amos, Adrian",S,2017,WAIVER,,1000,,,,2017,1,0,0,,
11317,"Poyer, Jordan",S,2017,WAIVER,,1000,,,,2017,1,0,0,,
11956,"Sorensen, Daniel",S,2017,WAIVER,,1000,,,,2019,3,0,0,,
9846,"McCourty, Devin",S,2017,WAIVER,,1000,,,,2017,1,0,0,,
13230,"Adams, Jamal",S,2017,ROOKIE,47,,,rookie_slot,,2021,5,0,3,2|None|1,2019|2020|2021
12718,"Bell, Vonn",S,2017,WAIVER,,2000,,,,2017,1,0,0,,
11382,"Hyde, Micah",S,2017,WAIVER,,1000,,,,2017,1,0,0,,
12736,"Neal, Keanu",S,2017,FAA,,4000,1,bid,IDP/K,2017,1,0,0,,
8448,"Bethea, Antoine",S,2017,WAIVER,,1000,,,,2017,1,0,0,,
11347,"Cyprien, Johnathan",S,2017,FAA,,3000,2,bid,IDP/K,2017,1,0,0,,
9430,"Jenkins, Malcolm",S,2017,FAA,,1000,7,bid,IDP/K,2017,1,0,0,,
9829,"Thomas, Earl",S,2017,FAA,,1000,7,bid,IDP/K,2017,1,0,0,,
13251,"Baker, Budda",S,2017,FAA,,1000,7,bid,IDP/K,2018,2,0,2,1|None,2017|2018
10074,"Church, Barry",S,2017,FAA,,1000,7,bid,IDP/K,2017,1,0,0,,
12717,"Joseph, Karl",S,2017,FAA,,2000,4,bid,IDP/K,2017,1,0,0,,
9154,"Branch, Tyvon",S,2017,WAIVER,,3000,,,,2017,1,0,0,,
10783,"Smith, Harrison",S,2017,FAA,,1000,7,bid,IDP/K,2017,1,0,0,,
9864,"Burnett, Morgan",S,2017,FAA,,3000,2,bid,IDP/K,2017,1,0,0,,
11740,"Clinton-Dix, Ha Ha",S,2017,FAA,,1000,7,bid,IDP/K,2017,1,0,0,,
12748,"Davis, Sean",S,2017,WAIVER,,1000,,,,2017,1,0,0,,
13264,"Jones, Josh",S,2017,WAIVER,,4000,,,,2018,2,0,0,,
11327,"Jefferson, Tony",S,2017,FAA,,2000,4,bid,IDP/K,2017,1,0,0,,
12752,"Byard, Kevin",S,2017,WAIVER,,1000,,,,2017,1,0,0,,
12274,"Tartt, Jaquiski",S,2017,WAIVER,,1000,,,,2017,1,0,0,,
11517,"McDougald, Bradley",S,2017,WAIVER,,1000,,,,2017,1,0,0,,
11313,"Mathieu, Tyrann",S,2017,FAA,,2000,4,bid,IDP/K,2017,1,0,0,,
11326,"McDonald, T.J.",S,2018,WAIVER,,4000,,,,2018,1,0,0,,
13228,"Hooker, Malik",S,2018,FAA,,1000,18,bid,IDP/K,2021,4,0,0,,
12767,"Simmons, Justin",S,2018,WAIVER,,1000,,,,2018,1,0,0,,
12295,"Geathers, Clayton",S,2018,WAIVER,,2000,,,,2018,1,0,0,,
12349,"Diggs, Quandre",S,2018,WAIVER,,1000,,,,2018,1,0,0,,
8713,"Weddle, Eric",S,2018,WAIVER,,1000,,,,2018,1,0,0,,
9816,"Berry, Eric",S,2018,FAA,,3000,8,bid,IDP/K,2018,1,0,0,,
12308,"Amos, Adrian",S,2018,FAA,,4000,5,bid,IDP/K,2018,1,0,0,,
13287,"Thompson, Tedric",S,2018,WAIVER,,1000,,,,2018,1,0,0,,
12088,"Phillips, Adrian",S,2018,WAIVER,,2000,,,,2018,1,0,0,,
10610,"Parker, Ron",S,2018,WAIVER,,1000,,,,2018,1,0,0,,
11317,"Poyer, Jordan",S,2018,FAA,,6000,4,bid,IDP/K,2020,3,0,2,1|None,2019|2020
12716,"Mills, Jalen",S,2018,WAIVER,,1000,,,,2018,1,0,0,,
7757,"Adams, Mike",S,2018,WAIVER,,2000,,,,2018,1,0,0,,
9846,"McCourty, Devin",S,2018,FAA,,1000,18,bid,IDP/K,2018,1,0,0,,
12250,"Collins, Landon",S,2018,FAA,,13000,1,bid,IDP/K,2019,2,0,0,,
9966,"Jones, Reshad",S,2018,WAIVER,,1000,,,,2018,1,0,0,,
12850,"Fejedelem, Clayton",S,2018,WAIVER,,1000,,,,2018,1,0,0,,
11324,"Vaccaro, Kenny",S,2018,FAA,,2000,16,bid,IDP/K,2018,1,0,0,,
13274,"Johnson, John",S,2018,WAIVER,,2000,,,,2018,1,0,0,,
12718,"Bell, Vonn",S,2018,FAA,,2000,16,bid,IDP/K,2018,1,0,0,,
11382,"Hyde, Micah",S,2018,ERA,,3000,8,bid,IDP/K,2018,1,0,0,,
11802,"Boston, Tre",S,2018,WAIVER,,1000,,,,2018,1,0,0,,
9465,"Chung, Patrick",S,2018,WAIVER,,1000,,,,2018,1,0,0,,
11330,"Williams, Shawn",S,2018,WAIVER,,3000,,,,2018,1,0,0,,
12736,"Neal, Keanu",S,2018,FAA,,11000,2,bid,IDP/K,2019,2,0,0,,
8448,"Bethea, Antoine",S,2018,WAIVER,,1000,,,,2018,1,0,0,,
13713,"Fitzpatrick, Minkah",S,2018,ROOKIE,65,,,rookie_slot,,2020,3,0,0,,
9861,"Jackson, Kareem",S,2018,WAIVER,,2000,,,,2018,1,0,0,,
13231,"Peppers, Jabrill",S,2018,WAIVER,,3000,,,,2018,1,0,0,,
13716,"Edmunds, Terrell",S,2018,ROOKIE,59,,,rookie_slot,,2020,3,0,0,,
9430,"Jenkins, Malcolm",S,2018,FAA,,3000,8,bid,IDP/K,2018,1,0,0,,
11323,"Reid, Eric",S,2018,WAIVER,,2000,,,,2018,1,0,0,,
11613,"Thomas, Michael",S,2018,WAIVER,,1000,,,,2018,1,0,0,,
11543,"Heath, Jeff",S,2018,WAIVER,,1000,,,,2018,1,0,0,,
13252,"Maye, Marcus",S,2018,WAIVER,,2000,,,,2018,1,0,0,,
9829,"Thomas, Earl",S,2018,WAIVER,,4000,,,,2018,1,0,0,,
13257,"Evans, Justin",S,2018,WAIVER,,1000,,,,2018,1,0,0,,
13737,"Bates, Jessie",S,2018,ROOKIE,66,,,rookie_slot,,2021,4,0,1,1,2021
10074,"Church, Barry",S,2018,FAA,,1000,18,bid,IDP/K,2018,1,0,0,,
12717,"Joseph, Karl",S,2018,FAA,,4000,5,bid,IDP/K,2018,1,0,0,,
10783,"Smith, Harrison",S,2018,FAA,,3000,8,bid,IDP/K,2018,1,0,0,,
9864,"Burnett, Morgan",S,2018,FAA,,3000,8,bid,IDP/K,2018,1,0,0,,
11740,"Clinton-Dix, Ha Ha",S,2018,FAA,,4000,5,bid,IDP/K,2018,1,0,0,,
13714,"James, Derwin",S,2018,ROOKIE,47,,,rookie_slot,,2020,3,0,0,,
11350,"Swearinger, D.J.",S,2018,WAIVER,,4000,,,,2018,1,0,0,,
12748,"Davis, Sean",S,2018,FAA,,3000,8,bid,IDP/K,2018,1,0,0,,
13717,"Reid, Justin",S,2018,WAIVER,,1000,,,,2019,2,0,0,,
10784,"Iloka, George",S,2018,WAIVER,,1000,,,,2018,1,0,0,,
11327,"Jefferson, Tony",S,2018,FAA,,1000,18,bid,IDP/K,2018,1,0,0,,
12752,"Byard, Kevin",S,2018,FAA,,7000,3,bid,IDP/K,2019,2,0,1,1,2019
12940,"Brice, Kentrell",S,2018,WAIVER,,1000,,,,2018,1,0,0,,
12274,"Tartt, Jaquiski",S,2018,FAA,,1000,18,bid,IDP/K,2018,1,0,0,,
11517,"McDougald, Bradley",S,2018,FAA,,3000,8,bid,IDP/K,2018,1,0,0,,
13301,"Kazee, Damontae",S,2018,WAIVER,,1000,,,,2018,1,0,0,,
12269,"Randall, Damarious",S,2018,WAIVER,,3000,,,,2018,1,0,0,,
11313,"Mathieu, Tyrann",S,2018,FAA,,3000,8,bid,IDP/K,2018,1,0,0,,
11742,"Joyner, Lamarcus",S,2018,WAIVER,,2000,,,,2018,1,0,0,,
13229,"Jackson, Eddie",S,2018,WAIVER,,1000,,,,2018,1,0,0,,
12767,"Simmons, Justin",S,2019,FAA,,1000,18,bid,IDP/K,2019,1,0,0,,
12295,"Geathers, Clayton",S,2019,FAA,,2000,14,bid,IDP/K,2019,1,0,0,,
8713,"Weddle, Eric",S,2019,WAIVER,,1000,,,,2019,1,0,0,,
12308,"Amos, Adrian",S,2019,FAA,,1000,18,bid,IDP/K,2019,1,0,0,,
14207,"Thornhill, Juan",S,2019,ROOKIE,64,,3,adp,IDP/K,2021,3,0,0,,
14185,"Adderley, Nasir",S,2019,ROOKIE,68,,4,adp,IDP/K,2020,2,0,0,,
12088,"Phillips, Adrian",S,2019,FAA,,6000,2,bid,IDP/K,2019,1,0,0,,
9846,"McCourty, Devin",S,2019,WAIVER,,1000,,,,2019,1,0,0,,
14186,"Rapp, Taylor",S,2019,ROOKIE,72,,,rookie_slot,,2020,2,0,0,,
9966,"Jones, Reshad",S,2019,WAIVER,,4000,,,,2019,1,0,0,,
11324,"Vaccaro, Kenny",S,2019,WAIVER,,1000,,,,2019,1,0,0,,
14179,"Love, Julian",S,2019,WAIVER,,5000,,,,2019,1,0,0,,
13274,"Johnson, John",S,2019,FAA,,5000,3,bid,IDP/K,2019,1,0,0,,
12718,"Bell, Vonn",S,2019,FAA,,1000,18,bid,IDP/K,2019,1,0,0,,
11382,"Hyde, Micah",S,2019,WAIVER,,1000,,,,2019,1,0,0,,
11330,"Williams, Shawn",S,2019,FAA,,3000,7,bid,IDP/K,2020,2,0,0,,
10808,"Wilson, Tavon",S,2019,WAIVER,,1000,,,,2019,1,0,0,,
13747,"Walker, Tracy",S,2019,WAIVER,,4000,,,,2019,1,0,0,,
8448,"Bethea, Antoine",S,2019,FAA,,3000,10,adp,IDP/K,2019,1,0,0,,
9861,"Jackson, Kareem",S,2019,FAA,,2000,14,bid,IDP/K,2019,1,0,0,,
13231,"Peppers, Jabrill",S,2019,FAA,,2000,14,bid,IDP/K,2019,1,0,0,,
13715,"Harrison, Ronnie",S,2019,FAA,,3000,7,bid,IDP/K,2020,2,0,0,,
9430,"Jenkins, Malcolm",S,2019,FAA,,1000,18,bid,IDP/K,2019,1,0,0,,
11323,"Reid, Eric",S,2019,FAA,,3000,7,bid,IDP/K,2019,1,0,0,,
13252,"Maye, Marcus",S,2019,WAIVER,,1000,,,,2019,1,0,0,,
9829,"Thomas, Earl",S,2019,FAA,,3000,7,bid,IDP/K,2019,1,0,0,,
13257,"Evans, Justin",S,2019,FAA,,1000,18,bid,IDP/K,2019,1,0,0,,
13251,"Baker, Budda",S,2019,FAA,,11000,7,adp,IDP/K,2019,1,0,0,,
13325,"Woods, Xavier",S,2019,WAIVER,,2000,,,,2019,1,0,0,,
13292,"Nicholson, Montae",S,2019,WAIVER,,1000,,,,2019,1,0,0,,
12717,"Joseph, Karl",S,2019,WAIVER,,1000,,,,2019,1,0,0,,
13531,"Whitehead, Jermaine",S,2019,WAIVER,,1000,,,,2019,1,0,0,,
12252,"Harris, Anthony",S,2019,WAIVER,,1000,,,,2019,1,0,0,,
12910,"Harris, Erik",S,2019,WAIVER,,1000,,,,2019,1,0,0,,
10783,"Smith, Harrison",S,2019,FAA,,2000,14,bid,IDP/K,2019,1,0,0,,
9864,"Burnett, Morgan",S,2019,WAIVER,,2000,,,,2019,1,0,0,,
13760,"Whitehead, Jordan",S,2019,WAIVER,,1000,,,,2019,1,0,0,,
11740,"Clinton-Dix, Ha Ha",S,2019,FAA,,5000,9,adp,IDP/K,2020,2,0,0,,
14197,"Savage, Darnell",S,2019,ROOKIE,67,,2,adp,IDP/K,2019,1,0,0,,
11327,"Jefferson, Tony",S,2019,FAA,,1000,18,bid,IDP/K,2019,1,0,0,,
14184,"Abram, Johnathan",S,2019,ROOKIE,62,,1,adp,IDP/K,2021,3,0,0,,
14702,"Teamer, Roderic",S,2019,WAIVER,,1000,,,,2019,1,0,0,,
12274,"Tartt, Jaquiski",S,2019,FAA,,4000,5,bid,IDP/K,2019,1,0,0,,
11517,"McDougald, Bradley",S,2019,FAA,,4000,5,bid,IDP/K,2019,1,0,0,,
13253,"Williams, Marcus",S,2019,WAIVER,,1000,,,,2019,1,0,0,,
12269,"Randall, Damarious",S,2019,FAA,,1000,18,bid,IDP/K,2019,1,0,0,,
11313,"Mathieu, Tyrann",S,2019,FAA,,3000,8,adp,IDP/K,2019,1,0,0,,
13229,"Jackson, Eddie",S,2019,FAA,,3000,7,bid,IDP/K,2019,1,0,0,,
14202,"Blair, Marquise",S,2019,WAIVER,,1000,,,,2019,1,0,0,,
14283,"Wilson, Donovan",S,2020,WAIVER,,2000,,,,2020,1,0,0,,
15001,"Curl, Kamren",S,2020,WAIVER,,1000,,,,2020,1,0,0,,
12767,"Simmons, Justin",S,2020,FAA,,3000,3,bid,IDP/K,2021,2,0,0,,
12308,"Amos, Adrian",S,2020,WAIVER,,1000,,,,2020,1,0,0,,
11017,"McLeod, Rodney",S,2020,WAIVER,,3000,,,,2020,1,0,0,,
13288,"Jenkins, Rayshawn",S,2020,WAIVER,,1000,,,,2020,1,0,0,,
14927,"Chinn, Jeremy",S,2020,ROOKIE,61,,2,adp,IDP/K,2022,3,0,0,,
12088,"Phillips, Adrian",S,2020,FAA,,2000,6,bid,IDP/K,2020,1,0,0,,
11956,"Sorensen, Daniel",S,2020,WAIVER,,1000,,,,2020,1,0,0,,
12716,"Mills, Jalen",S,2020,FAA,,1000,10,bid,IDP/K,2020,1,0,0,,
12250,"Collins, Landon",S,2020,FAA,,4000,2,bid,IDP/K,2021,2,0,0,,
13322,"Clark, Chuck",S,2020,FAA,,1000,10,bid,IDP/K,2020,1,0,0,,
14921,"Dugger, Kyle",S,2020,ROOKIE,60,,5,adp,IDP/K,2022,3,0,0,,
11324,"Vaccaro, Kenny",S,2020,WAIVER,,1000,,,,2020,1,0,0,,
14179,"Love, Julian",S,2020,WAIVER,,1000,,,,2020,1,0,0,,
13274,"Johnson, John",S,2020,FAA,,3000,3,bid,IDP/K,2020,1,0,0,,
11010,"Gipson, Tashaun",S,2020,WAIVER,,1000,,,,2020,1,0,0,,
14909,"Winfield, Antoine",S,2020,ROOKIE,62,,3,adp,IDP/K,2022,3,0,0,,
14933,"Blackmon, Julian",S,2020,WAIVER,,1000,,,,2020,1,0,0,,
12718,"Bell, Vonn",S,2020,FAA,,2000,6,bid,IDP/K,2020,1,0,0,,
11382,"Hyde, Micah",S,2020,WAIVER,,1000,,,,2020,1,0,0,,
11802,"Boston, Tre",S,2020,WAIVER,,1000,,,,2020,1,0,0,,
12736,"Neal, Keanu",S,2020,FAA,,1000,10,bid,IDP/K,2020,1,0,0,,
13747,"Walker, Tracy",S,2020,FAA,,3000,3,bid,IDP/K,2020,1,0,0,,
9861,"Jackson, Kareem",S,2020,WAIVER,,1000,,,,2020,1,0,0,,
13231,"Peppers, Jabrill",S,2020,FAA,,1000,10,bid,IDP/K,2020,1,0,0,,
9430,"Jenkins, Malcolm",S,2020,FAA,,2000,6,bid,IDP/K,2020,1,0,0,,
11323,"Reid, Eric",S,2020,FAA,,1000,10,bid,IDP/K,2020,1,0,0,,
13252,"Maye, Marcus",S,2020,WAIVER,,4000,,,,2020,1,0,0,,
13257,"Evans, Justin",S,2020,FAA,,2000,6,bid,IDP/K,2020,1,0,0,,
12275,"Rowe, Eric",S,2020,WAIVER,,2000,,,,2020,1,0,0,,
14907,"Delpit, Grant",S,2020,ROOKIE,58,,4,adp,IDP/K,2021,2,0,0,,
13251,"Baker, Budda",S,2020,ERA,,12000,1,bid,IDP/K,2020,1,0,0,,
13325,"Woods, Xavier",S,2020,WAIVER,,1000,,,,2020,1,0,0,,
14991,"Fuller, Jordan",S,2020,WAIVER,,1000,,,,2020,1,0,0,,
13774,"Reed, D.J.",S,2020,WAIVER,,4000,,,,2020,1,0,0,,
14224,"Gardner-Johnson, Chauncey",S,2020,WAIVER,,2000,,,,2020,1,0,0,,
12717,"Joseph, Karl",S,2020,FAA,,1000,10,bid,IDP/K,2020,1,0,0,,
12252,"Harris, Anthony",S,2020,WAIVER,,1000,,,,2020,1,0,0,,
10783,"Smith, Harrison",S,2020,FAA,,1000,10,bid,IDP/K,2021,2,0,0,,
14950,"Wallace, K'Von",S,2020,ROOKIE,65,,,rookie_slot,,2020,1,0,0,,
13760,"Whitehead, Jordan",S,2020,WAIVER,,2000,,,,2020,1,0,0,,
14028,"Neal, Ryan",S,2020,WAIVER,,2000,,,,2020,1,0,0,,
14911,"Davis, Ashtyn",S,2020,ROOKIE,72,,,rookie_slot,,2020,1,0,0,,
14197,"Savage, Darnell",S,2020,WAIVER,,1000,,,,2021,2,0,0,,
13264,"Jones, Josh",S,2020,WAIVER,,1000,,,,2020,1,0,0,,
13717,"Reid, Justin",S,2020,WAIVER,,1000,,,,2020,1,0,0,,
14908,"McKinney, Xavier",S,2020,ROOKIE,51,,1,adp,IDP/K,2022,3,0,0,,
12752,"Byard, Kevin",S,2020,FAA,,1000,10,bid,IDP/K,2020,1,0,0,,
14226,"Willis, Khari",S,2020,FAA,,1000,10,bid,IDP/K,2020,1,0,0,,
11517,"McDougald, Bradley",S,2020,FAA,,1000,10,bid,IDP/K,2020,1,0,0,,
11313,"Mathieu, Tyrann",S,2020,FAA,,1000,10,bid,IDP/K,2020,1,0,0,,
13806,"Elliott, DeShon",S,2020,FAA,,1000,10,bid,IDP/K,2020,1,0,0,,
13229,"Jackson, Eddie",S,2020,WAIVER,,1000,,,,2020,1,0,0,,
11316,"Ryan, Logan",S,2021,FAA,,4000,2,bid,IDP/K,2021,1,0,0,,
14283,"Wilson, Donovan",S,2021,FAA,,1000,13,bid,IDP/K,2021,1,0,0,,
15001,"Curl, Kamren",S,2021,WAIVER,,2000,,,,2021,1,0,0,,
12349,"Diggs, Quandre",S,2021,WAIVER,,1000,,,,2021,1,0,0,,
12308,"Amos, Adrian",S,2021,FAA,,1000,13,bid,IDP/K,2021,1,0,0,,
13288,"Jenkins, Rayshawn",S,2021,WAIVER,,1000,,,,2021,1,0,0,,
12772,"Murray, Eric",S,2021,WAIVER,,1000,,,,2021,1,0,0,,
14185,"Adderley, Nasir",S,2021,WAIVER,,2000,,,,2021,1,0,0,,
12088,"Phillips, Adrian",S,2021,FAA,,3000,7,bid,IDP/K,2021,1,0,0,,
11317,"Poyer, Jordan",S,2021,FAA,,4000,2,bid,IDP/K,2021,1,0,0,,
14182,"Hooker, Amani",S,2021,WAIVER,,1000,,,,2021,1,0,0,,
11956,"Sorensen, Daniel",S,2021,WAIVER,,1000,,,,2021,1,0,0,,
9846,"McCourty, Devin",S,2021,WAIVER,,1000,,,,2021,1,0,0,,
15365,"Moehrig, Trevon",S,2021,ROOKIE,48,,2,adp,IDP/K,2023,3,0,0,,
14186,"Rapp, Taylor",S,2021,WAIVER,,1000,,,,2021,1,0,0,,
12720,"Kearse, Jayron",S,2021,WAIVER,,1000,,,,2021,1,0,0,,
14518,"Thompson, Jalen",S,2021,WAIVER,,1000,,,,2021,1,0,0,,
13322,"Clark, Chuck",S,2021,WAIVER,,1000,,,,2021,1,0,0,,
13274,"Johnson, John",S,2021,FAA,,4000,2,bid,IDP/K,2021,1,0,0,,
15381,"Grant, Richie",S,2021,ROOKIE,45,,1,adp,IDP/K,2023,3,0,0,,
12718,"Bell, Vonn",S,2021,FAA,,4000,2,bid,IDP/K,2021,1,0,0,,
11382,"Hyde, Micah",S,2021,WAIVER,,3000,,,,2021,1,0,0,,
12736,"Neal, Keanu",S,2021,WAIVER,,1000,,,,2021,1,0,0,,
13747,"Walker, Tracy",S,2021,FAA,,1000,13,bid,IDP/K,2021,1,0,0,,
13713,"Fitzpatrick, Minkah",S,2021,WAIVER,,1000,,,,2021,1,0,1,1,2021
9861,"Jackson, Kareem",S,2021,WAIVER,,1000,,,,2021,1,0,0,,
13231,"Peppers, Jabrill",S,2021,FAA,,4000,2,bid,IDP/K,2021,1,0,0,,
13716,"Edmunds, Terrell",S,2021,WAIVER,,1000,,,,2021,1,0,0,,
9430,"Jenkins, Malcolm",S,2021,FAA,,1000,13,bid,IDP/K,2021,1,0,0,,
13252,"Maye, Marcus",S,2021,FAA,,2000,10,bid,IDP/K,2021,1,0,0,,
12275,"Rowe, Eric",S,2021,WAIVER,,2000,,,,2021,1,0,0,,
13251,"Baker, Budda",S,2021,FAA,,13000,1,bid,IDP/K,2022,2,0,0,,
13325,"Woods, Xavier",S,2021,WAIVER,,2000,,,,2021,1,0,0,,
14991,"Fuller, Jordan",S,2021,FAA,,3000,7,bid,IDP/K,2021,1,0,0,,
13774,"Reed, D.J.",S,2021,WAIVER,,2000,,,,2021,1,0,0,,
14328,"Wingard, Andrew",S,2021,WAIVER,,2000,,,,2021,1,0,0,,
12252,"Harris, Anthony",S,2021,WAIVER,,1000,,,,2021,1,0,0,,
15366,"Holland, Jevon",S,2021,ROOKIE,36,,3,adp,IDP/K,2023,3,0,0,,
15364,"Cisco, Andre",S,2021,ROOKIE,66,,,rookie_slot,,2023,3,0,0,,
13714,"James, Derwin",S,2021,WAIVER,,4000,,,,2021,1,0,0,,
14911,"Davis, Ashtyn",S,2021,WAIVER,,3000,,,,2021,1,0,0,,
13717,"Reid, Justin",S,2021,FAA,,2000,10,bid,IDP/K,2021,1,0,0,,
14963,"Thomas, Daniel",S,2021,FAA,,1000,13,bid,IDP/K,2021,1,0,0,,
12311,"McCain, Bobby",S,2021,WAIVER,,2000,,,,2021,1,0,0,,
12752,"Byard, Kevin",S,2021,FAA,,3000,7,bid,IDP/K,2021,1,0,0,,
13939,"Odum, George",S,2021,WAIVER,,4000,,,,2021,1,0,0,,
15396,"Deablo, Divine",S,2021,ROOKIE,61,,,rookie_slot,,2023,3,0,0,,
12274,"Tartt, Jaquiski",S,2021,WAIVER,,2000,,,,2021,1,0,0,,
14226,"Willis, Khari",S,2021,FAA,,1000,13,bid,IDP/K,2021,1,0,0,,
11313,"Mathieu, Tyrann",S,2021,FAA,,2000,10,bid,IDP/K,2021,1,0,0,,
14910,"Jones, Brandon",S,2021,WAIVER,,4000,,,,2021,1,0,0,,
11316,"Ryan, Logan",S,2022,FAA,,2000,9,bid,IDP/K,2022,1,0,0,,
14283,"Wilson, Donovan",S,2022,WAIVER,,1000,,,,2022,1,0,0,,
14222,"Edwards, Mike",S,2022,WAIVER,,2000,,,,2022,1,0,0,,
15001,"Curl, Kamren",S,2022,WAIVER,,1000,,,,2022,1,0,0,,
13228,"Hooker, Malik",S,2022,WAIVER,,1000,,,,2022,1,0,0,,
12767,"Simmons, Justin",S,2022,WAIVER,,1000,,,,2022,1,0,0,,
14270,"Epps, Marcus",S,2022,WAIVER,,1000,,,,2022,1,0,0,,
12349,"Diggs, Quandre",S,2022,FAA,,1000,13,bid,IDP/K,2022,1,0,0,,
12308,"Amos, Adrian",S,2022,WAIVER,,1000,,,,2022,1,0,0,,
13288,"Jenkins, Rayshawn",S,2022,WAIVER,,1000,,,,2022,1,0,0,,
12772,"Murray, Eric",S,2022,FAA,,1000,13,bid,IDP/K,2022,1,0,0,,
14185,"Adderley, Nasir",S,2022,FAA,,1000,13,bid,IDP/K,2022,1,0,0,,
15130,"Hughes, Juju",S,2022,WAIVER,,1000,,,,2022,1,0,0,,
11317,"Poyer, Jordan",S,2022,WAIVER,,4000,,,,2022,1,0,0,,
14182,"Hooker, Amani",S,2022,WAIVER,,2000,,,,2022,1,0,0,,
15834,"Hamilton, Kyle",S,2022,ROOKIE,45,,1,adp,IDP/K,2025,4,1,1,1,2025
14414,"Owens, Jonathan",S,2022,WAIVER,,2000,,,,2022,1,0,0,,
9846,"McCourty, Devin",S,2022,WAIVER,,1000,,,,2022,1,0,0,,
15114,"Hartsfield, Myles",S,2022,WAIVER,,1000,,,,2022,1,0,0,,
14186,"Rapp, Taylor",S,2022,FAA,,1000,13,bid,IDP/K,2022,1,0,0,,
12720,"Kearse, Jayron",S,2022,FAA,,3000,5,bid,IDP/K,2022,1,0,0,,
14518,"Thompson, Jalen",S,2022,FAA,,2000,9,bid,IDP/K,2022,1,0,0,,
15850,"Pitre, Jalen",S,2022,WAIVER,,2000,5,adp,IDP/K,2022,1,0,1,1,2022
13322,"Clark, Chuck",S,2022,WAIVER,,1000,,,,2022,1,0,0,,
13230,"Adams, Jamal",S,2022,WAIVER,,2000,,,,2022,1,0,1,None,2022
14179,"Love, Julian",S,2022,WAIVER,,1000,,,,2022,1,0,0,,
13274,"Johnson, John",S,2022,WAIVER,,1000,,,,2022,1,0,0,,
14933,"Blackmon, Julian",S,2022,FAA,,2000,9,bid,IDP/K,2022,1,0,0,,
12718,"Bell, Vonn",S,2022,FAA,,3000,5,bid,IDP/K,2022,1,0,0,,
11382,"Hyde, Micah",S,2022,FAA,,1000,13,bid,IDP/K,2022,1,0,0,,
15837,"Cine, Lewis",S,2022,ROOKIE,59,,2,adp,IDP/K,2023,2,0,0,,
14954,"Hawkins, Jaylinn",S,2022,WAIVER,,1000,,,,2022,1,0,0,,
15839,"Cross, Nick",S,2022,FAA,,1000,13,bid,IDP/K,2022,1,0,0,,
13747,"Walker, Tracy",S,2022,FAA,,3000,5,bid,IDP/K,2022,1,0,0,,
13713,"Fitzpatrick, Minkah",S,2022,FAA,,4000,2,bid,IDP/K,2022,1,0,0,,
13231,"Peppers, Jabrill",S,2022,FAA,,1000,13,bid,IDP/K,2022,1,0,0,,
13716,"Edmunds, Terrell",S,2022,WAIVER,,1000,,,,2022,1,0,0,,
11613,"Thomas, Michael",S,2022,WAIVER,,1000,,,,2022,1,0,0,,
13252,"Maye, Marcus",S,2022,WAIVER,,1000,,,,2022,1,0,0,,
13737,"Bates, Jessie",S,2022,FAA,,2000,9,bid,IDP/K,2022,1,0,0,,
14907,"Delpit, Grant",S,2022,WAIVER,,7000,,,,2022,1,0,0,,
13325,"Woods, Xavier",S,2022,FAA,,1000,13,bid,IDP/K,2022,1,0,0,,
15452,"Hufanga, Talanoa",S,2022,WAIVER,,2000,,,,2022,1,0,0,,
15871,"Joseph, Kerby",S,2022,WAIVER,,1000,,,,2022,1,0,0,,
15835,"Brisker, Jaquan",S,2022,ROOKIE,72,,3,adp,IDP/K,2023,2,0,0,,
14224,"Gardner-Johnson, Chauncey",S,2022,WAIVER,,1000,,,,2022,1,0,0,,
10783,"Smith, Harrison",S,2022,FAA,,4000,2,bid,IDP/K,2022,1,0,0,,
13760,"Whitehead, Jordan",S,2022,FAA,,1000,13,bid,IDP/K,2022,1,0,0,,
14028,"Neal, Ryan",S,2022,WAIVER,,2000,,,,2022,1,0,0,,
13714,"James, Derwin",S,2022,ERA,,6000,1,bid,IDP/K,2022,1,0,0,,
15437,"Forrest, Darrick",S,2022,WAIVER,,3000,,,,2022,1,0,0,,
13717,"Reid, Justin",S,2022,FAA,,1000,13,bid,IDP/K,2022,1,0,0,,
12752,"Byard, Kevin",S,2022,FAA,,3000,5,bid,IDP/K,2022,1,0,0,,
14184,"Abram, Johnathan",S,2022,ERA,,4000,2,bid,IDP/K,2022,1,0,0,,
13253,"Williams, Marcus",S,2022,WAIVER,,1000,,,,2022,1,0,0,,
11313,"Mathieu, Tyrann",S,2022,FAA,,1000,13,bid,IDP/K,2022,1,0,0,,
11742,"Joyner, Lamarcus",S,2022,WAIVER,,1000,,,,2022,1,0,0,,
14910,"Jones, Brandon",S,2022,FAA,,1000,13,bid,IDP/K,2022,1,0,0,,
15469,"Hamlin, Damar",S,2022,WAIVER,,1000,,,,2022,1,0,0,,
13806,"Elliott, DeShon",S,2022,FAA,,1000,13,bid,IDP/K,2022,1,0,0,,
13229,"Jackson, Eddie",S,2022,WAIVER,,1000,,,,2022,1,0,0,,
14283,"Wilson, Donovan",S,2023,WAIVER,,1000,,,,2023,1,0,0,,
15001,"Curl, Kamren",S,2023,FAA,,1000,14,bid,IDP/K,2023,1,0,0,,
12767,"Simmons, Justin",S,2023,ERA,,3000,8,bid,IDP/K,2023,1,0,0,,
13339,"Ford, Rudy",S,2023,WAIVER,,1000,,,,2023,1,0,0,,
15985,"Bell, Markquese",S,2023,WAIVER,,1000,,,,2023,1,0,0,,
12308,"Amos, Adrian",S,2023,WAIVER,,1000,,,,2023,1,0,0,,
13288,"Jenkins, Rayshawn",S,2023,FAA,,1000,14,bid,IDP/K,2023,1,0,0,,
14927,"Chinn, Jeremy",S,2023,ERA,,2000,11,bid,IDP/K,2023,1,0,0,,
16311,"Howden, Jordan",S,2023,WAIVER,,4000,,,,2023,1,0,0,,
11317,"Poyer, Jordan",S,2023,FAA,,1000,14,bid,IDP/K,2023,1,0,0,,
14182,"Hooker, Amani",S,2023,WAIVER,,1000,,,,2023,1,0,0,,
15363,"Melifonwu, Ifeatu",S,2023,WAIVER,,4000,,,,2023,1,0,0,,
16018,"Blankenship, Reed",S,2023,WAIVER,,2000,,,,2023,1,0,0,,
14414,"Owens, Jonathan",S,2023,FAA,,1000,14,bid,IDP/K,2023,1,0,0,,
15094,"Locke, P.J.",S,2023,WAIVER,,1000,,,,2023,1,0,0,,
14518,"Thompson, Jalen",S,2023,WAIVER,,4000,,,,2023,1,0,0,,
15850,"Pitre, Jalen",S,2023,ERA,,4000,2,bid,IDP/K,2023,1,0,0,,
14921,"Dugger, Kyle",S,2023,ERA,,4000,2,bid,IDP/K,2023,1,0,0,,
13230,"Adams, Jamal",S,2023,WAIVER,,1000,,,,2023,1,0,0,,
14179,"Love, Julian",S,2023,FAA,,4000,2,bid,IDP/K,2023,1,0,0,,
14909,"Winfield, Antoine",S,2023,ERA,,3000,8,bid,IDP/K,2023,1,0,0,,
15448,"Pinnock, Jason",S,2023,WAIVER,,2000,,,,2023,1,0,0,,
14933,"Blackmon, Julian",S,2023,WAIVER,,1000,,,,2023,1,0,0,,
13747,"Walker, Tracy",S,2023,WAIVER,,1000,,,,2023,1,0,0,,
13713,"Fitzpatrick, Minkah",S,2023,FAA,,4000,2,bid,IDP/K,2024,2,0,0,,
9861,"Jackson, Kareem",S,2023,WAIVER,,1000,,,,2023,1,0,0,,
13231,"Peppers, Jabrill",S,2023,WAIVER,,3000,,,,2023,1,0,0,,
15418,"Bynum, Camryn",S,2023,WAIVER,,1000,,,,2023,1,0,0,,
13252,"Maye, Marcus",S,2023,FAA,,1000,14,bid,IDP/K,2023,1,0,0,,
13737,"Bates, Jessie",S,2023,WAIVER,,3000,,,,2023,1,0,0,,
14907,"Delpit, Grant",S,2023,FAA,,2000,11,bid,IDP/K,2023,1,0,0,,
13251,"Baker, Budda",S,2023,FAA,,2000,11,bid,IDP/K,2024,2,0,0,,
14991,"Fuller, Jordan",S,2023,WAIVER,,1000,,,,2023,1,0,0,,
15452,"Hufanga, Talanoa",S,2023,ERA,,3000,8,bid,IDP/K,2023,1,0,0,,
16281,"Brown, Ji'Ayir",S,2023,WAIVER,,4000,,,,2023,1,0,0,,
13774,"Reed, D.J.",S,2023,WAIVER,,2000,,,,2023,1,0,0,,
16244,"Branch, Brian",S,2023,ROOKIE,62,,1,adp,IDP/K,2025,3,1,0,,
14224,"Gardner-Johnson, Chauncey",S,2023,FAA,,4000,5,adp,IDP/K,2023,1,0,0,,
10783,"Smith, Harrison",S,2023,FAA,,1000,14,bid,IDP/K,2023,1,0,0,,
14950,"Wallace, K'Von",S,2023,WAIVER,,2000,,,,2023,1,0,0,,
13760,"Whitehead, Jordan",S,2023,WAIVER,,3000,,,,2023,1,0,0,,
14028,"Neal, Ryan",S,2023,WAIVER,,2000,,,,2023,1,0,0,,
13714,"James, Derwin",S,2023,FAA,,9000,1,bid,IDP/K,2024,2,0,0,,
13717,"Reid, Justin",S,2023,WAIVER,,2000,,,,2023,1,0,0,,
14908,"McKinney, Xavier",S,2023,ERA,,4000,2,bid,IDP/K,2023,1,0,0,,
12752,"Byard, Kevin",S,2023,WAIVER,,1000,,,,2023,1,0,0,,
16271,"Brown, Sydney",S,2023,ROOKIE,64,,3,adp,IDP/K,2024,2,0,0,,
15836,"Hill, Daxton",S,2023,WAIVER,,1000,,,,2023,1,0,0,,
16245,"Battle, Jordan",S,2023,ROOKIE,66,,2,adp,IDP/K,2025,3,1,0,,
14995,"Metellus, Josh",S,2023,WAIVER,,3000,,,,2023,1,0,0,,
13253,"Williams, Marcus",S,2023,FAA,,1000,14,bid,IDP/K,2023,1,0,0,,
14302,"Scott, Nick",S,2023,WAIVER,,3000,,,,2023,1,0,0,,
16263,"Martin, Jartavius",S,2023,ROOKIE,71,,4,adp,IDP/K,2025,3,1,0,,
14910,"Jones, Brandon",S,2023,WAIVER,,1000,,,,2023,1,0,0,,
14982,"Gilman, Alohi",S,2023,WAIVER,,2000,,,,2023,1,0,0,,
13806,"Elliott, DeShon",S,2023,FAA,,1000,14,bid,IDP/K,2023,1,0,0,,
13229,"Jackson, Eddie",S,2023,FAA,,1000,14,bid,IDP/K,2023,1,0,0,,
16295,"Conner, Chamarri",S,2024,WAIVER,,1000,,,,2024,1,0,0,,
15001,"Curl, Kamren",S,2024,FAA,,2000,8,bid,IDP/K,2024,1,0,0,,
11017,"McLeod, Rodney",S,2024,WAIVER,,1000,,,,2024,1,0,0,,
13288,"Jenkins, Rayshawn",S,2024,WAIVER,,1000,,,,2024,1,0,0,,
14927,"Chinn, Jeremy",S,2024,WAIVER,,4000,,,,2024,1,0,0,,
16679,"Nubin, Tyler",S,2024,ROOKIE,65,,1,adp,IDP/K,2024,1,0,0,,
11317,"Poyer, Jordan",S,2024,FAA,,1000,11,bid,IDP/K,2024,1,0,0,,
14182,"Hooker, Amani",S,2024,WAIVER,,1000,,,,2024,1,0,0,,
16018,"Blankenship, Reed",S,2024,FAA,,1000,11,bid,IDP/K,2024,1,0,0,,
15365,"Moehrig, Trevon",S,2024,WAIVER,,1000,,,,2025,2,1,0,,
14186,"Rapp, Taylor",S,2024,WAIVER,,1000,,,,2024,1,0,0,,
14518,"Thompson, Jalen",S,2024,FAA,,3000,5,bid,IDP/K,2024,1,0,0,,
16727,"Hicks, Jaden",S,2024,ROOKIE,67,,,rookie_slot,,2025,2,1,0,,
15850,"Pitre, Jalen",S,2024,FAA,,1000,11,bid,IDP/K,2024,1,0,0,,
14921,"Dugger, Kyle",S,2024,ERA,,5000,1,bid,IDP/K,2024,1,0,0,,
14179,"Love, Julian",S,2024,FAA,,5000,1,bid,IDP/K,2024,1,0,0,,
14909,"Winfield, Antoine",S,2024,FAA,,4000,4,bid,IDP/K,2024,1,0,0,,
15448,"Pinnock, Jason",S,2024,WAIVER,,1000,,,,2024,1,0,0,,
14933,"Blackmon, Julian",S,2024,WAIVER,,1000,,,,2024,1,0,0,,
15839,"Cross, Nick",S,2024,WAIVER,,1000,,,,2024,1,0,0,,
13231,"Peppers, Jabrill",S,2024,WAIVER,,4000,,,,2024,1,0,0,,
15418,"Bynum, Camryn",S,2024,FAA,,3000,5,bid,IDP/K,2025,2,1,0,,
16676,"Kinchens, Kamren",S,2024,WAIVER,,2000,,,,2024,1,0,0,,
16933,"Richardson, Demani",S,2024,WAIVER,,4000,,,,2024,1,0,0,,
15923,"Lake, Quentin",S,2024,WAIVER,,1000,,,,2025,2,1,0,,
16014,"Adams, Tony",S,2024,WAIVER,,1000,,,,2024,1,0,0,,
13737,"Bates, Jessie",S,2024,ERA,,5000,1,bid,IDP/K,2024,1,0,0,,
14907,"Delpit, Grant",S,2024,FAA,,3000,5,bid,IDP/K,2024,1,0,0,,
13325,"Woods, Xavier",S,2024,WAIVER,,1000,,,,2024,1,0,0,,
14991,"Fuller, Jordan",S,2024,FAA,,1000,11,bid,IDP/K,2024,1,0,0,,
15452,"Hufanga, Talanoa",S,2024,FAA,,1000,11,bid,IDP/K,2024,1,0,0,,
16281,"Brown, Ji'Ayir",S,2024,WAIVER,,1000,,,,2024,1,0,0,,
15871,"Joseph, Kerby",S,2024,FAA,,1000,11,bid,IDP/K,2024,1,0,0,,
15835,"Brisker, Jaquan",S,2024,WAIVER,,1000,,,,2024,1,0,0,,
15510,"Washington, Ar'Darius",S,2024,WAIVER,,1000,,,,2024,1,0,0,,
15875,"Belton, Dane",S,2024,FAA,,1000,11,bid,IDP/K,2024,1,0,0,,
10783,"Smith, Harrison",S,2024,FAA,,1000,11,bid,IDP/K,2024,1,0,0,,
15366,"Holland, Jevon",S,2024,FAA,,2000,8,bid,IDP/K,2024,1,0,0,,
13760,"Whitehead, Jordan",S,2024,WAIVER,,1000,,,,2024,1,0,0,,
15860,"Cook, Bryan",S,2024,FAA,,1000,11,bid,IDP/K,2024,1,0,0,,
13717,"Reid, Justin",S,2024,WAIVER,,1000,,,,2024,1,0,0,,
14908,"McKinney, Xavier",S,2024,FAA,,1000,11,bid,IDP/K,2025,2,1,0,,
12752,"Byard, Kevin",S,2024,WAIVER,,1000,,,,2024,1,0,0,,
16708,"Smith, Tykee",S,2024,WAIVER,,1000,,,,2024,1,0,0,,
16677,"Bullard, Javon",S,2024,ROOKIE,69,,3,adp,IDP/K,2025,2,1,0,,
15396,"Deablo, Divine",S,2024,WAIVER,,1000,,,,2024,1,0,0,,
14995,"Metellus, Josh",S,2024,FAA,,2000,8,bid,IDP/K,2024,1,0,0,,
13253,"Williams, Marcus",S,2024,FAA,,1000,11,bid,IDP/K,2024,1,0,0,,
11313,"Mathieu, Tyrann",S,2024,FAA,,1000,11,bid,IDP/K,2024,1,0,0,,
14910,"Jones, Brandon",S,2024,FAA,,1000,11,bid,IDP/K,2024,1,0,0,,
15469,"Hamlin, Damar",S,2024,WAIVER,,4000,,,,2024,1,0,0,,
13806,"Elliott, DeShon",S,2024,WAIVER,,1000,,,,2024,1,0,0,,
15003,"Stone, Geno",S,2024,WAIVER,,4000,,,,2024,1,0,0,,
16295,"Conner, Chamarri",S,2025,WAIVER,,4000,,,,2025,1,1,0,,
15001,"Curl, Kamren",S,2025,WAIVER,,1000,,,,2025,1,1,0,,
16725,"Mustapha, Malik",S,2025,WAIVER,,1000,,,,2025,1,1,0,,
15872,"Bryant, Coby",S,2025,FAA,,1000,10,bid,IDP/K,2025,1,1,0,,
14927,"Chinn, Jeremy",S,2025,FAA,,2000,6,bid,IDP/K,2025,1,1,0,,
12772,"Murray, Eric",S,2025,WAIVER,,1000,,,,2025,1,1,0,,
16679,"Nubin, Tyler",S,2025,WAIVER,,1000,,,,2025,1,1,0,,
14182,"Hooker, Amani",S,2025,WAIVER,,1000,,,,2025,1,1,0,,
17207,"Sigle, Marques",S,2025,WAIVER,,1000,,,,2025,1,1,0,,
16018,"Blankenship, Reed",S,2025,FAA,,1000,10,bid,IDP/K,2025,1,1,0,,
14518,"Thompson, Jalen",S,2025,WAIVER,,1000,,,,2025,1,1,0,,
15850,"Pitre, Jalen",S,2025,FAA,,1000,10,bid,IDP/K,2025,1,1,0,,
16102,"Pola-Mao, Isaiah",S,2025,FAA,,1000,10,bid,IDP/K,2025,1,1,0,,
14921,"Dugger, Kyle",S,2025,WAIVER,,1000,,,,2025,1,1,0,,
14179,"Love, Julian",S,2025,FAA,,2000,6,bid,IDP/K,2025,1,1,0,,
14909,"Winfield, Antoine",S,2025,WAIVER,,1000,,,,2025,1,1,0,,
14954,"Hawkins, Jaylinn",S,2025,WAIVER,,2000,,,,2025,1,1,0,,
15839,"Cross, Nick",S,2025,FAA,,3000,4,bid,IDP/K,2025,1,1,0,,
14213,"Harris, Will",S,2025,WAIVER,,1000,,,,2025,1,1,0,,
13713,"Fitzpatrick, Minkah",S,2025,WAIVER,,1000,,,,2025,1,1,0,,
17186,"Moore, Malachi",S,2025,WAIVER,,1000,,,,2025,1,1,0,,
13715,"Harrison, Ronnie",S,2025,WAIVER,,1000,,,,2025,1,1,0,,
17131,"Watts, Xavier",S,2025,WAIVER,,1000,4,adp,IDP/K,2025,1,1,0,,
17167,"Sanker, Jonas",S,2025,WAIVER,,1000,,,,2025,1,1,0,,
16676,"Kinchens, Kamren",S,2025,FAA,,1000,10,bid,IDP/K,2025,1,1,0,,
16014,"Adams, Tony",S,2025,FAA,,1000,10,bid,IDP/K,2025,1,1,0,,
17172,"Woodson, Craig",S,2025,WAIVER,,3000,,,,2025,1,1,0,,
16700,"Bishop, Cole",S,2025,FAA,,1000,10,bid,IDP/K,2025,1,1,0,,
13737,"Bates, Jessie",S,2025,FAA,,2000,6,bid,IDP/K,2025,1,1,0,,
14907,"Delpit, Grant",S,2025,WAIVER,,1000,,,,2025,1,1,0,,
13251,"Baker, Budda",S,2025,FAA,,4000,1,bid,IDP/K,2025,1,1,0,,
15452,"Hufanga, Talanoa",S,2025,FAA,,1000,10,bid,IDP/K,2025,1,1,0,,
15871,"Joseph, Kerby",S,2025,FAA,,1000,10,bid,IDP/K,2025,1,1,0,,
15835,"Brisker, Jaquan",S,2025,FAA,,2000,6,bid,IDP/K,2025,1,1,0,,
14328,"Wingard, Andrew",S,2025,WAIVER,,1000,,,,2025,1,1,0,,
14224,"Gardner-Johnson, Chauncey",S,2025,WAIVER,,5000,,,,2025,1,1,0,,
15875,"Belton, Dane",S,2025,WAIVER,,6000,,,,2025,1,1,0,,
13714,"James, Derwin",S,2025,FAA,,4000,1,bid,IDP/K,2025,1,1,0,,
17250,"Wohler, Hunter",S,2025,FAA,,1000,10,bid,IDP/K,2025,1,1,0,,
12752,"Byard, Kevin",S,2025,FAA,,4000,1,bid,IDP/K,2025,1,1,0,,
16708,"Smith, Tykee",S,2025,WAIVER,,1000,,,,2025,1,1,0,,
17132,"Starks, Malaki",S,2025,ROOKIE,53,,2,adp,IDP/K,2025,1,1,0,,
14995,"Metellus, Josh",S,2025,WAIVER,,4000,,,,2025,1,1,0,,
14302,"Scott, Nick",S,2025,WAIVER,,1000,,,,2025,1,1,0,,
16719,"Williams, Evan",S,2025,WAIVER,,4000,,,,2025,1,1,0,,
14910,"Jones, Brandon",S,2025,FAA,,3000,4,bid,IDP/K,2025,1,1,0,,
13806,"Elliott, DeShon",S,2025,FAA,,1000,10,bid,IDP/K,2025,1,1,0,,
15003,"Stone, Geno",S,2025,WAIVER,,1000,,,,2025,1,1,0,,
17144,"Emmanwori, Nick",S,2025,ROOKIE,69,,1,adp,IDP/K,2025,1,1,0,,
8339,"Daniels, Owen",TE,2010,WAIVER,,1,,,,2010,1,0,0,,
8830,"Boss, Kevin",TE,2010,WAIVER,,1,,,,2010,1,0,0,,
7422,"Watson, Ben",TE,2010,WAIVER,,4,,,,2010,1,0,0,,
9838,"Gresham, Jermaine",TE,2010,WAIVER,,2,,,,2010,1,0,0,,
9176,"Tamme, Jacob",TE,2010,WAIVER,,3,,,,2010,1,0,0,,
9080,"Keller, Dustin",TE,2010,WAIVER,,2,,,,2010,1,0,0,,
8269,"Lewis, Marcedes",TE,2010,WAIVER,,1,,,,2010,1,0,0,,
8687,"Olsen, Greg",TE,2010,WAIVER,,2,,,,2010,1,0,0,,
9444,"Pettigrew, Brandon",TE,2010,WAIVER,,1,,,,2010,1,0,0,,
9474,"Cook, Jared",TE,2011,FAA,,1000,19,bid,T4,2011,1,0,0,,
8339,"Daniels, Owen",TE,2011,FAA,,10000,9,bid,T3,2011,1,0,0,,
8830,"Boss, Kevin",TE,2011,WAIVER,,1000,,,,2011,1,0,0,,
8247,"Davis, Vernon",TE,2011,FAA,,17000,6,bid,T2,2011,1,0,0,,
8683,"Miller, Zach",TE,2011,FAA,,8000,10,bid,T3,2012,2,0,0,,
7422,"Watson, Ben",TE,2011,FAA,,1000,19,bid,T4,2014,4,0,0,,
9924,"Moeaki, Tony",TE,2011,FAA,,1000,19,bid,T4,2011,1,0,0,,
2918,"Gonzalez, Tony",TE,2011,FAA,,11000,7,bid,T3,2011,1,0,0,,
9830,"Hernandez, Aaron",TE,2011,FAA,,7000,13,bid,T3,2011,1,0,0,,
8838,"Celek, Brent",TE,2011,WAIVER,,2000,,,,2011,1,0,0,,
9912,"Dickson, Ed",TE,2011,FAA,,1000,19,bid,T4,2011,1,0,0,,
6952,"Clark, Dallas",TE,2011,FAA,,19000,4,bid,T2,2011,1,0,0,,
9838,"Gresham, Jermaine",TE,2011,FAA,,7000,13,bid,T3,2011,1,0,0,,
10205,"Ballard, Jake",TE,2011,WAIVER,,4000,,,,2011,1,0,0,,
6997,"Witten, Jason",TE,2011,FAA,,21000,3,bid,T1,2011,1,0,0,,
7396,"Winslow, Kellen",TE,2011,WAIVER,,2000,,,,2011,1,0,0,,
9925,"Graham, Jimmy",TE,2011,FAA,,11000,7,bid,T3,2011,1,0,0,,
9787,"Moore, Evan",TE,2011,WAIVER,,1000,,,,2011,1,0,0,,
7471,"Cooley, Chris",TE,2011,FAA,,6000,15,bid,T4,2011,1,0,0,,
7842,"Miller, Heath",TE,2011,FAA,,2000,16,bid,T4,2011,1,0,0,,
7236,"Gates, Antonio",TE,2011,FAA,,30000,1,bid,T1,2011,1,0,0,,
10318,"Kendricks, Lance",TE,2011,FAA,,2000,16,bid,T4,2011,1,0,0,,
9902,"Gronkowski, Rob",TE,2011,FAA,,19000,4,bid,T2,2017,7,0,0,,
9080,"Keller, Dustin",TE,2011,FAA,,2000,16,bid,T4,2011,1,0,0,,
9150,"Finley, Jermichael",TE,2011,FAA,,24000,2,bid,T1,2011,1,0,0,,
9058,"Davis, Fred",TE,2011,WAIVER,,4000,,,,2011,1,0,0,,
8269,"Lewis, Marcedes",TE,2011,FAA,,8000,10,bid,T3,2011,1,0,0,,
8687,"Olsen, Greg",TE,2011,WAIVER,,1000,,,,2011,1,0,0,,
9444,"Pettigrew, Brandon",TE,2011,FAA,,8000,10,bid,T3,2011,1,0,0,,
9474,"Cook, Jared",TE,2012,FAA,,7000,9,bid,T3,2012,1,0,0,,
8339,"Daniels, Owen",TE,2012,FAA,,7000,9,bid,T3,2012,1,0,0,,
2918,"Gonzalez, Tony",TE,2012,FAA,,14000,4,bid,T2,2012,1,0,0,,
9205,"Davis, Kellen",TE,2012,FAA,,1000,16,bid,T4,2012,1,0,0,,
8838,"Celek, Brent",TE,2012,FAA,,10000,8,bid,T3,2012,1,0,0,,
6952,"Clark, Dallas",TE,2012,FAA,,1000,16,bid,T4,2012,1,0,0,,
9838,"Gresham, Jermaine",TE,2012,FAA,,14000,4,bid,T2,2012,1,0,0,,
9044,"Bennett, Martellus",TE,2012,FAA,,4000,13,bid,T3,2012,1,0,0,,
6997,"Witten, Jason",TE,2012,FAA,,17000,2,bid,T1,2014,3,0,0,,
7396,"Winslow, Kellen",TE,2012,FAA,,3000,14,bid,T4,2012,1,0,0,,
9176,"Tamme, Jacob",TE,2012,FAA,,7000,9,bid,T3,2012,1,0,0,,
7842,"Miller, Heath",TE,2012,FAA,,1000,16,bid,T4,2012,1,0,0,,
7236,"Gates, Antonio",TE,2012,FAA,,20000,1,bid,T1,2012,1,0,0,,
10312,"Rudolph, Kyle",TE,2012,FAA,,15000,3,bid,T1,2013,2,0,0,,
9080,"Keller, Dustin",TE,2012,FAA,,3000,14,bid,T4,2012,1,0,0,,
10333,"Housler, Robert",TE,2012,FAA,,1000,16,bid,T4,2012,1,0,0,,
10409,"Clay, Charles",TE,2012,FAA,,1000,16,bid,T4,2012,1,0,0,,
8294,"Fasano, Anthony",TE,2012,WAIVER,,1000,,,,2012,1,0,0,,
9058,"Davis, Fred",TE,2012,FAA,,14000,4,bid,T2,2012,1,0,0,,
8269,"Lewis, Marcedes",TE,2012,FAA,,1000,16,bid,T4,2012,1,0,0,,
8687,"Olsen, Greg",TE,2012,FAA,,5000,12,bid,T3,2018,7,0,2,2|None,2017|2018
9444,"Pettigrew, Brandon",TE,2012,FAA,,11000,7,bid,T3,2012,1,0,0,,
9474,"Cook, Jared",TE,2013,FAA,,14000,2,bid,T1,2013,1,0,0,,
8339,"Daniels, Owen",TE,2013,FAA,,11000,3,bid,T1,2013,1,0,0,,
11257,"McDonald, Vance",TE,2013,FAA,,1000,16,bid,T4,2013,1,0,0,,
8683,"Miller, Zach",TE,2013,WAIVER,,5000,,,,2014,2,0,0,,
2918,"Gonzalez, Tony",TE,2013,FAA,,24000,1,bid,T1,2013,1,0,0,,
11247,"Ertz, Zach",TE,2013,ROOKIE,37,,,rookie_slot,,2016,4,0,0,,
8416,"Walker, Delanie",TE,2013,WAIVER,,15000,,,,2013,1,0,0,,
11259,"Sudfeld, Zach",TE,2013,FAA,,8000,5,bid,T2,2013,1,0,0,,
8838,"Celek, Brent",TE,2013,WAIVER,,1000,,,,2014,2,0,0,,
6952,"Clark, Dallas",TE,2013,FAA,,1000,16,bid,T4,2013,1,0,0,,
9838,"Gresham, Jermaine",TE,2013,FAA,,1000,16,bid,T4,2013,1,0,0,,
11248,"Reed, Jordan",TE,2013,ROOKIE,47,,,rookie_slot,,2017,5,0,1,1,2017
9044,"Bennett, Martellus",TE,2013,FAA,,5000,9,bid,T3,2015,3,0,0,,
9632,"Myers, Brandon",TE,2013,FAA,,5000,9,bid,T3,2013,1,0,0,,
11250,"Eifert, Tyler",TE,2013,ROOKIE,11,,,rookie_slot,,2017,5,0,0,,
10205,"Ballard, Jake",TE,2013,FAA,,1000,16,bid,T4,2013,1,0,0,,
7396,"Winslow, Kellen",TE,2013,FAA,,1000,16,bid,T4,2013,1,0,0,,
9176,"Tamme, Jacob",TE,2013,FAA,,1000,16,bid,T4,2014,2,0,0,,
7842,"Miller, Heath",TE,2013,FAA,,2000,14,bid,T4,2013,1,0,0,,
7236,"Gates, Antonio",TE,2013,FAA,,7000,7,bid,T3,2013,1,0,0,,
10372,"Thomas, Julius",TE,2013,FAA,,2000,14,bid,T4,2014,2,0,0,,
10352,"Cameron, Jordan",TE,2013,FAA,,5000,9,bid,T3,2015,3,0,0,,
10333,"Housler, Robert",TE,2013,FAA,,9000,4,bid,T2,2013,1,0,0,,
9150,"Finley, Jermichael",TE,2013,FAA,,8000,5,bid,T2,2013,1,0,0,,
9933,"Pitta, Dennis",TE,2013,FAA,,4000,12,bid,T3,2015,3,0,0,,
10409,"Clay, Charles",TE,2013,WAIVER,,4000,,,,2013,1,0,0,,
11244,"Kelce, Travis",TE,2013,ROOKIE,23,,,rookie_slot,,2016,4,0,0,,
9058,"Davis, Fred",TE,2013,FAA,,6000,8,bid,T3,2013,1,0,0,,
8269,"Lewis, Marcedes",TE,2013,WAIVER,,1000,,,,2013,1,0,0,,
9444,"Pettigrew, Brandon",TE,2013,FAA,,4000,12,bid,T3,2013,1,0,0,,
9474,"Cook, Jared",TE,2014,FAA,,6000,8,bid,T3,2014,1,0,0,,
11904,"Swoope, Erik",TE,2014,FAA,,1000,17,bid,T4,2016,3,0,0,,
8339,"Daniels, Owen",TE,2014,WAIVER,,2000,,,,2014,1,0,0,,
11257,"McDonald, Vance",TE,2014,FAA,,1000,17,bid,T4,2014,1,0,0,,
8247,"Davis, Vernon",TE,2014,FAA,,30000,1,bid,T1,2014,1,0,0,,
10744,"Green, Ladarius",TE,2014,FAA,,14000,3,bid,T1,2015,2,0,0,,
11251,"Escobar, Gavin",TE,2014,FAA,,2000,13,bid,T3,2014,1,0,0,,
8416,"Walker, Delanie",TE,2014,FAA,,11000,5,bid,T2,2015,2,0,0,,
11258,"Rivera, Mychal",TE,2014,FAA,,1000,17,bid,T4,2014,1,0,0,,
10742,"Allen, Dwayne",TE,2014,FAA,,8000,6,bid,T2,2014,1,0,0,,
9838,"Gresham, Jermaine",TE,2014,WAIVER,,4000,,,,2015,2,0,0,,
9632,"Myers, Brandon",TE,2014,FAA,,1000,17,bid,T4,2014,1,0,0,,
11125,"Bostick, Brandon",TE,2014,FAA,,2000,13,bid,T3,2014,1,0,0,,
11399,"Griffin, Ryan",TE,2014,FAA,,2000,13,bid,T3,2015,2,0,0,,
10394,"Paul, Niles",TE,2014,WAIVER,,1000,,,,2014,1,0,0,,
7842,"Miller, Heath",TE,2014,FAA,,7000,7,bid,T3,2014,1,0,0,,
7236,"Gates, Antonio",TE,2014,FAA,,6000,8,bid,T3,2014,1,0,0,,
9936,"Graham, Garrett",TE,2014,FAA,,4000,11,bid,T3,2014,1,0,0,,
11698,"Fiedorowicz, C.J.",TE,2014,FAA,,1000,17,bid,T4,2015,2,0,0,,
10312,"Rudolph, Kyle",TE,2014,FAA,,22000,2,bid,T1,2015,2,0,0,,
10743,"Fleener, Coby",TE,2014,FAA,,5000,10,bid,T3,2015,2,0,0,,
11510,"Williams, Brandon",TE,2014,FAA,,1000,17,bid,T4,2014,1,0,0,,
8735,"Chandler, Scott",TE,2014,FAA,,2000,13,bid,T3,2014,1,0,0,,
10409,"Clay, Charles",TE,2014,FAA,,12000,4,bid,T2,2014,1,0,0,,
11647,"Thomas, Logan",TE,2014,ROOKIE,51,,,rookie_slot,,2019,6,0,0,,
11697,"Seferian-Jenkins, Austin",TE,2014,ROOKIE,12,,,rookie_slot,,2016,3,0,0,,
8269,"Lewis, Marcedes",TE,2014,WAIVER,,1000,,,,2014,1,0,0,,
11695,"Ebron, Eric",TE,2014,ROOKIE,5,,,rookie_slot,,2016,3,0,0,,
11252,"Toilolo, Levine",TE,2014,FAA,,4000,11,bid,T3,2014,1,0,0,,
11526,"Wright, Tim",TE,2014,FAA,,1000,17,bid,T4,2014,1,0,0,,
11785,"Rodgers, Richard",TE,2014,FAA,,1000,17,bid,T4,2014,1,0,0,,
9474,"Cook, Jared",TE,2015,FAA,,1000,14,bid,T4,2015,1,0,0,,
8339,"Daniels, Owen",TE,2015,FAA,,7000,4,bid,T2,2015,1,0,0,,
11257,"McDonald, Vance",TE,2015,WAIVER,,4000,,,,2016,2,0,0,,
8247,"Davis, Vernon",TE,2015,FAA,,3000,9,bid,T3,2015,1,0,0,,
8683,"Miller, Zach",TE,2015,WAIVER,,9000,,,,2015,1,0,0,,
10432,"Green, Virgil",TE,2015,FAA,,2000,13,bid,T3,2015,1,0,0,,
7422,"Watson, Ben",TE,2015,FAA,,1000,14,bid,T4,2015,1,0,0,,
12263,"Waller, Darren",TE,2015,ROOKIE,36,,,rookie_slot,,2018,4,0,0,,
11258,"Rivera, Mychal",TE,2015,FAA,,3000,9,bid,T3,2015,1,0,0,,
8838,"Celek, Brent",TE,2015,WAIVER,,1000,,,,2015,1,0,0,,
10742,"Allen, Dwayne",TE,2015,FAA,,11000,2,bid,T1,2015,1,0,0,,
6997,"Witten, Jason",TE,2015,FAA,,8000,3,bid,T1,2015,1,0,0,,
9176,"Tamme, Jacob",TE,2015,FAA,,1000,14,bid,T4,2015,1,0,0,,
10394,"Paul, Niles",TE,2015,WAIVER,,1000,,,,2017,3,0,0,,
7842,"Miller, Heath",TE,2015,FAA,,3000,9,bid,T3,2015,1,0,0,,
12206,"Williams, Maxx",TE,2015,ROOKIE,17,,,rookie_slot,,2017,3,0,0,,
7236,"Gates, Antonio",TE,2015,FAA,,5000,6,bid,T2,2015,1,0,0,,
10372,"Thomas, Julius",TE,2015,WAIVER,,9000,,,,2017,3,0,0,,
11529,"Hill, Josh",TE,2015,FAA,,22000,1,bid,T1,2015,1,0,0,,
11786,"Gillmore, Crockett",TE,2015,FAA,,1000,14,bid,T4,2015,1,0,0,,
12212,"Kroft, Tyler",TE,2015,FAA,,1000,14,bid,T4,2016,2,0,0,,
12211,"James, Jesse",TE,2015,ROOKIE,52,,,rookie_slot,,2015,1,0,0,,
8735,"Chandler, Scott",TE,2015,FAA,,3000,9,bid,T3,2015,1,0,0,,
10409,"Clay, Charles",TE,2015,FAA,,5000,6,bid,T2,2015,1,0,0,,
11521,"Donnell, Larry",TE,2015,FAA,,6000,5,bid,T2,2015,1,0,0,,
12309,"Pruitt, MyCole",TE,2015,FAA,,1000,14,bid,T4,2015,1,0,0,,
11785,"Rodgers, Richard",TE,2015,FAA,,4000,8,bid,T3,2015,1,0,0,,
12678,"Higbee, Tyler",TE,2016,ROOKIE,26,,,rookie_slot,,2018,3,0,0,,
9474,"Cook, Jared",TE,2016,FAA,,6000,8,bid,T3,2016,1,0,0,,
12676,"Henry, Hunter",TE,2016,ROOKIE,14,,,rookie_slot,,2021,6,0,2,2|2,2019|2020
8247,"Davis, Vernon",TE,2016,WAIVER,,1000,,,,2016,1,0,0,,
10744,"Green, Ladarius",TE,2016,FAA,,18000,3,bid,T1,2016,1,0,0,,
7422,"Watson, Ben",TE,2016,FAA,,5000,10,bid,T3,2016,1,0,0,,
8416,"Walker, Delanie",TE,2016,FAA,,18000,3,bid,T1,2017,2,0,0,,
11258,"Rivera, Mychal",TE,2016,FAA,,1000,16,bid,T4,2016,1,0,0,,
11516,"Doyle, Jack",TE,2016,WAIVER,,4000,,,,2016,1,0,0,,
8838,"Celek, Brent",TE,2016,FAA,,1000,16,bid,T4,2016,1,0,0,,
10742,"Allen, Dwayne",TE,2016,FAA,,10000,7,bid,T3,2016,1,0,0,,
9838,"Gresham, Jermaine",TE,2016,WAIVER,,1000,,,,2016,1,0,0,,
12532,"Tye, Will",TE,2016,FAA,,6000,8,bid,T3,2016,1,0,0,,
12208,"Heuerman, Jeff",TE,2016,FAA,,1000,16,bid,T4,2017,2,0,0,,
11705,"Burton, Trey",TE,2016,FAA,,1000,16,bid,T4,2016,1,0,0,,
9044,"Bennett, Martellus",TE,2016,FAA,,31000,1,bid,T1,2016,1,0,0,,
6997,"Witten, Jason",TE,2016,WAIVER,,5000,,,,2016,1,0,0,,
9176,"Tamme, Jacob",TE,2016,FAA,,1000,16,bid,T4,2016,1,0,0,,
11399,"Griffin, Ryan",TE,2016,WAIVER,,1000,,,,2016,1,0,0,,
9925,"Graham, Jimmy",TE,2016,FAA,,16000,5,bid,T2,2017,2,0,0,,
7236,"Gates, Antonio",TE,2016,FAA,,4000,11,bid,T3,2016,1,0,0,,
10352,"Cameron, Jordan",TE,2016,FAA,,1000,16,bid,T4,2016,1,0,0,,
11698,"Fiedorowicz, C.J.",TE,2016,WAIVER,,2000,,,,2017,2,0,0,,
11529,"Hill, Josh",TE,2016,WAIVER,,1000,,,,2016,1,0,0,,
9611,"Miller, Zach",TE,2016,FAA,,11000,6,bid,T2,2016,1,0,0,,
12677,"Hooper, Austin",TE,2016,ROOKIE,24,,,rookie_slot,,2018,3,0,0,,
10312,"Rudolph, Kyle",TE,2016,FAA,,2000,15,bid,T4,2016,1,0,0,,
11786,"Gillmore, Crockett",TE,2016,FAA,,1000,16,bid,T4,2016,1,0,0,,
10743,"Fleener, Coby",TE,2016,FAA,,27000,2,bid,T1,2016,1,0,0,,
12211,"James, Jesse",TE,2016,WAIVER,,1000,,,,2016,1,0,0,,
12859,"Anderson, Stephen",TE,2016,ROOKIE,51,,,rookie_slot,,2018,3,0,0,,
10409,"Clay, Charles",TE,2016,FAA,,3000,14,bid,T4,2016,1,0,0,,
12110,"Brate, Cameron",TE,2016,FAA,,4000,11,bid,T3,2016,1,0,0,,
11785,"Rodgers, Richard",TE,2016,FAA,,4000,11,bid,T3,2019,4,0,0,,
9474,"Cook, Jared",TE,2017,FAA,,1000,15,bid,T4,2017,1,0,0,,
11904,"Swoope, Erik",TE,2017,FAA,,4000,8,bid,T3,2017,1,0,0,,
13254,"Shaheen, Adam",TE,2017,ROOKIE,38,,,rookie_slot,,2019,3,0,0,,
11257,"McDonald, Vance",TE,2017,WAIVER,,1000,,,,2017,1,0,0,,
13236,"Everett, Gerald",TE,2017,ROOKIE,26,,,rookie_slot,,2019,3,0,0,,
8247,"Davis, Vernon",TE,2017,FAA,,2000,14,bid,T4,2017,1,0,0,,
13189,"Engram, Evan",TE,2017,ROOKIE,9,,,rookie_slot,,2020,4,0,2,2|None,2019|2020
11337,"Fells, Darren",TE,2017,WAIVER,,1000,,,,2018,2,0,0,,
7422,"Watson, Ben",TE,2017,WAIVER,,4000,,,,2017,1,0,0,,
11247,"Ertz, Zach",TE,2017,FAA,,25000,2,bid,T1,2017,1,0,0,,
11516,"Doyle, Jack",TE,2017,FAA,,11000,6,bid,T2,2018,2,0,0,,
13191,"Hodges, Bucky",TE,2017,ROOKIE,57,,,rookie_slot,,2019,3,0,0,,
10742,"Allen, Dwayne",TE,2017,FAA,,3000,11,bid,T3,2017,1,0,0,,
9912,"Dickson, Ed",TE,2017,WAIVER,,1000,,,,2017,1,0,0,,
12833,"Gathers, Rico",TE,2017,FAA,,3000,11,bid,T3,2017,1,0,0,,
11705,"Burton, Trey",TE,2017,WAIVER,,4000,,,,2017,1,0,0,,
9044,"Bennett, Martellus",TE,2017,FAA,,22000,4,bid,T2,2017,1,0,0,,
6997,"Witten, Jason",TE,2017,FAA,,6000,7,bid,T3,2017,1,0,0,,
11399,"Griffin, Ryan",TE,2017,WAIVER,,6000,,,,2017,1,0,0,,
13188,"Howard, O.J.",TE,2017,ROOKIE,8,,,rookie_slot,,2019,3,0,0,,
7236,"Gates, Antonio",TE,2017,FAA,,4000,8,bid,T3,2017,1,0,0,,
13382,"Seals-Jones, Ricky",TE,2017,WAIVER,,1000,,,,2017,1,0,0,,
11529,"Hill, Josh",TE,2017,WAIVER,,1000,,,,2017,1,0,0,,
9611,"Miller, Zach",TE,2017,FAA,,1000,15,bid,T4,2017,1,0,0,,
13299,"Kittle, George",TE,2017,ROOKIE,55,,,rookie_slot,,2024,8,0,4,2|2|None|None,2020|2021|2023|2024
10312,"Rudolph, Kyle",TE,2017,FAA,,25000,2,bid,T1,2018,2,0,0,,
11249,"Sims, Dion",TE,2017,FAA,,1000,15,bid,T4,2017,1,0,0,,
10743,"Fleener, Coby",TE,2017,FAA,,4000,8,bid,T3,2017,1,0,0,,
12212,"Kroft, Tyler",TE,2017,WAIVER,,4000,,,,2017,1,0,0,,
13192,"Njoku, David",TE,2017,ROOKIE,12,,,rookie_slot,,2020,4,0,2,1|None,2019|2020
12211,"James, Jesse",TE,2017,WAIVER,,3000,,,,2017,1,0,0,,
13193,"Smith, Jonnu",TE,2017,ROOKIE,40,,,rookie_slot,,2018,2,0,0,,
10409,"Clay, Charles",TE,2017,FAA,,1000,15,bid,T4,2018,2,0,0,,
12110,"Brate, Cameron",TE,2017,FAA,,3000,11,bid,T3,2017,1,0,0,,
11697,"Seferian-Jenkins, Austin",TE,2017,FAA,,1000,15,bid,T4,2017,1,0,0,,
11244,"Kelce, Travis",TE,2017,FAA,,52000,1,bid,T1,2019,3,0,0,,
11695,"Ebron, Eric",TE,2017,FAA,,16000,5,bid,T2,2017,1,0,0,,
13190,"Butt, Jake",TE,2017,ROOKIE,56,,,rookie_slot,,2018,2,0,0,,
9474,"Cook, Jared",TE,2018,FAA,,4000,12,bid,T3,2021,4,0,1,2,2019
11904,"Swoope, Erik",TE,2018,WAIVER,,1000,,,,2018,1,0,0,,
13678,"Thomas, Ian",TE,2018,ROOKIE,57,,,rookie_slot,,2018,1,0,0,,
11257,"McDonald, Vance",TE,2018,FAA,,7000,8,bid,T3,2018,1,0,0,,
8247,"Davis, Vernon",TE,2018,FAA,,2000,14,bid,T4,2018,1,0,0,,
13674,"Goedert, Dallas",TE,2018,ROOKIE,23,,,rookie_slot,,2022,5,0,1,2,2021
7422,"Watson, Ben",TE,2018,FAA,,2000,14,bid,T4,2018,1,0,0,,
13753,"Akins, Jordan",TE,2018,FAA,,3000,13,bid,T3,2018,1,0,0,,
13679,"Herndon, Chris",TE,2018,FAA,,1000,18,bid,T4,2018,1,0,0,,
12317,"Uzomah, C.J.",TE,2018,WAIVER,,4000,,,,2018,1,0,0,,
11247,"Ertz, Zach",TE,2018,ERA,,30000,2,bid,T1,2020,3,0,3,2|None|None,2018|2019|2020
8416,"Walker, Delanie",TE,2018,FAA,,19000,4,bid,T2,2018,1,0,0,,
12378,"Swaim, Geoff",TE,2018,FAA,,1000,18,bid,T4,2018,1,0,0,,
12596,"LaCosse, Matt",TE,2018,WAIVER,,1000,,,,2018,1,0,0,,
11381,"Willson, Luke",TE,2018,FAA,,2000,14,bid,T4,2018,1,0,0,,
11007,"Celek, Garrett",TE,2018,WAIVER,,1000,,,,2018,1,0,0,,
9912,"Dickson, Ed",TE,2018,FAA,,1000,18,bid,T4,2018,1,0,0,,
12208,"Heuerman, Jeff",TE,2018,WAIVER,,1000,,,,2018,1,0,0,,
11248,"Reed, Jordan",TE,2018,FAA,,15000,5,bid,T2,2019,2,0,0,,
11705,"Burton, Trey",TE,2018,FAA,,12000,6,bid,T2,2019,2,0,0,,
11250,"Eifert, Tyler",TE,2018,FAA,,8000,7,bid,T3,2018,1,0,0,,
11399,"Griffin, Ryan",TE,2018,FAA,,1000,18,bid,T4,2018,1,0,0,,
9925,"Graham, Jimmy",TE,2018,ERA,,30000,2,bid,T1,2018,1,0,0,,
10394,"Paul, Niles",TE,2018,WAIVER,,1000,,,,2018,1,0,0,,
7236,"Gates, Antonio",TE,2018,WAIVER,,2000,,,,2018,1,0,1,0,2018
13819,"Thomas, Jordan",TE,2018,WAIVER,,1000,,,,2018,1,0,0,,
13382,"Seals-Jones, Ricky",TE,2018,FAA,,7000,8,bid,T3,2018,1,0,0,,
9902,"Gronkowski, Rob",TE,2018,FAA,,66000,1,bid,T1,2018,1,0,0,,
12680,"Vannett, Nick",TE,2018,WAIVER,,1000,,,,2018,1,0,0,,
13722,"Jarwin, Blake",TE,2018,FAA,,2000,14,bid,T4,2018,1,0,0,,
13671,"Andrews, Mark",TE,2018,WAIVER,,2000,,,,2018,1,0,0,,
13680,"Hurst, Hayden",TE,2018,ROOKIE,26,,,rookie_slot,,2020,3,0,1,1,2020
13880,"Arnold, Dan",TE,2018,WAIVER,,1000,,,,2018,1,0,0,,
13391,"Hollister, Jacob",TE,2018,WAIVER,,1000,,,,2018,1,0,0,,
13919,"Firkser, Anthony",TE,2018,WAIVER,,1000,,,,2018,1,0,0,,
12212,"Kroft, Tyler",TE,2018,FAA,,1000,18,bid,T4,2018,1,0,0,,
12211,"James, Jesse",TE,2018,FAA,,1000,18,bid,T4,2018,1,0,0,,
13763,"Dissly, Will",TE,2018,WAIVER,,2000,,,,2018,1,0,0,,
12110,"Brate, Cameron",TE,2018,FAA,,6000,11,bid,T3,2018,1,0,0,,
11697,"Seferian-Jenkins, Austin",TE,2018,WAIVER,,1000,,,,2018,1,0,0,,
13672,"Gesicki, Mike",TE,2018,ROOKIE,17,,,rookie_slot,,2018,1,0,0,,
11695,"Ebron, Eric",TE,2018,FAA,,7000,8,bid,T3,2018,1,0,0,,
12678,"Higbee, Tyler",TE,2019,WAIVER,,2000,,,,2019,1,0,0,,
10838,"Ellison, Rhett",TE,2019,WAIVER,,4000,,,,2019,1,0,0,,
14195,"Warring, Kahale",TE,2019,ROOKIE,59,,17,adp,T4,2020,2,0,0,,
13678,"Thomas, Ian",TE,2019,ERA,,6000,37,adp,T4,2019,1,0,0,,
14141,"Smith Jr., Irv",TE,2019,ROOKIE,18,,8,adp,T3,2021,3,0,0,,
11257,"McDonald, Vance",TE,2019,FAA,,16000,13,adp,T3,2019,1,0,0,,
12328,"Boyle, Nick",TE,2019,WAIVER,,1000,,,,2019,1,0,0,,
8247,"Davis, Vernon",TE,2019,FAA,,1000,47,adp,T4,2019,1,0,0,,
14143,"Knox, Dawson",TE,2019,ROOKIE,42,,18,adp,T4,2021,3,0,0,,
11337,"Fells, Darren",TE,2019,WAIVER,,3000,,,,2019,1,0,0,,
7422,"Watson, Ben",TE,2019,FAA,,2000,43,adp,T4,2019,1,0,0,,
13753,"Akins, Jordan",TE,2019,WAIVER,,4000,,,,2019,1,0,0,,
13679,"Herndon, Chris",TE,2019,ERA,,8000,31,adp,T4,2019,1,0,0,,
12317,"Uzomah, C.J.",TE,2019,FAA,,1000,48,adp,T4,2019,1,0,0,,
12263,"Waller, Darren",TE,2019,FAA,,6000,24,adp,T4,2023,5,0,2,1|None,2021|2023
8416,"Walker, Delanie",TE,2019,FAA,,9000,19,adp,T4,2019,1,0,0,,
11516,"Doyle, Jack",TE,2019,FAA,,6000,32,adp,T4,2021,3,0,1,1,2020
12596,"LaCosse, Matt",TE,2019,FAA,,2000,39,adp,T4,2019,1,0,0,,
11250,"Eifert, Tyler",TE,2019,FAA,,4000,33,adp,T4,2019,1,0,0,,
14137,"Fant, Noah",TE,2019,ROOKIE,19,,11,adp,T3,2021,3,0,1,1,2021
6997,"Witten, Jason",TE,2019,FAA,,3000,27,adp,T4,2019,1,0,0,,
14138,"Hockenson, T.J.",TE,2019,ROOKIE,8,,9,adp,T3,2024,6,0,3,2|1|None,2022|2023|2024
12330,"O'Shaughnessy, James",TE,2019,WAIVER,,1000,,,,2019,1,0,0,,
11399,"Griffin, Ryan",TE,2019,WAIVER,,4000,,,,2019,1,0,0,,
9925,"Graham, Jimmy",TE,2019,FAA,,5000,26,adp,T4,2019,1,0,0,,
14146,"Sample, Drew",TE,2019,ROOKIE,54,,29,adp,T4,2020,2,0,0,,
13382,"Seals-Jones, Ricky",TE,2019,WAIVER,,5000,46,adp,T4,2019,1,0,0,,
14142,"Smith, Kaden",TE,2019,WAIVER,,5000,,,,2019,1,0,0,,
11529,"Hill, Josh",TE,2019,WAIVER,,1000,,,,2019,1,0,0,,
9902,"Gronkowski, Rob",TE,2019,FAA,,4000,42,adp,T4,2021,3,0,0,,
12680,"Vannett, Nick",TE,2019,WAIVER,,4000,,,,2019,1,0,0,,
12677,"Hooper, Austin",TE,2019,ERA,,10000,16,adp,T4,2020,2,0,0,,
13722,"Jarwin, Blake",TE,2019,WAIVER,,4000,53,adp,T4,2019,1,0,0,,
10312,"Rudolph, Kyle",TE,2019,FAA,,8000,20,adp,T4,2019,1,0,0,,
11448,"Harris, Demetrius",TE,2019,WAIVER,,1000,,,,2019,1,0,0,,
13671,"Andrews, Mark",TE,2019,ERA,,3000,22,adp,T4,2025,7,1,5,1|1|1|None|None,2021|2022|2023|2024|2025
13988,"Dwelley, Ross",TE,2019,WAIVER,,3000,,,,2019,1,0,0,,
13391,"Hollister, Jacob",TE,2019,WAIVER,,1000,,,,2019,1,0,0,,
12212,"Kroft, Tyler",TE,2019,WAIVER,,1000,,,,2019,1,0,0,,
14140,"Sternberger, Jace",TE,2019,ROOKIE,37,,10,adp,T3,2020,2,0,0,,
13193,"Smith, Jonnu",TE,2019,WAIVER,,3000,45,adp,T4,2021,3,0,1,1,2021
13763,"Dissly, Will",TE,2019,WAIVER,,1000,38,adp,T4,2019,1,0,0,,
14209,"Oliver, Josh",TE,2019,ROOKIE,56,,15,adp,T4,2020,2,0,0,,
12110,"Brate, Cameron",TE,2019,WAIVER,,10000,40,adp,T4,2019,1,0,0,,
14239,"Moreau, Foster",TE,2019,WAIVER,,1000,25,adp,T4,2019,1,0,0,,
13672,"Gesicki, Mike",TE,2019,WAIVER,,1000,35,adp,T4,2022,4,0,2,None|2,2019|2021
11695,"Ebron, Eric",TE,2019,FAA,,8000,12,adp,T3,2020,2,0,0,,
8687,"Olsen, Greg",TE,2019,FAA,,3000,21,adp,T4,2019,1,0,0,,
12678,"Higbee, Tyler",TE,2020,ERA,,19000,9,adp,T3,2022,3,0,0,,
13678,"Thomas, Ian",TE,2020,FAA,,4000,28,adp,T4,2020,1,0,0,,
13236,"Everett, Gerald",TE,2020,WAIVER,,4000,40,adp,T4,2020,1,0,0,,
12328,"Boyle, Nick",TE,2020,FAA,,1000,57,adp,T4,2020,1,0,0,,
11337,"Fells, Darren",TE,2020,WAIVER,,3000,47,adp,T4,2020,1,0,0,,
13753,"Akins, Jordan",TE,2020,WAIVER,,5000,58,adp,T4,2020,1,0,0,,
14936,"Asiasi, Devin",TE,2020,ROOKIE,56,,15,adp,T4,2021,2,0,0,,
13679,"Herndon, Chris",TE,2020,WAIVER,,1000,30,adp,T4,2020,1,0,0,,
12317,"Uzomah, C.J.",TE,2020,FAA,,1000,42,adp,T4,2020,1,0,0,,
14873,"Okwuegbunam, Albert",TE,2020,ROOKIE,37,,17,adp,T4,2022,3,0,0,,
14867,"Kmet, Cole",TE,2020,ROOKIE,25,,12,adp,T3,2023,4,0,2,1|None,2022|2023
13772,"Schultz, Dalton",TE,2020,WAIVER,,4000,,,,2020,1,0,0,,
11248,"Reed, Jordan",TE,2020,WAIVER,,1000,,,,2020,1,0,0,,
11705,"Burton, Trey",TE,2020,WAIVER,,3000,59,adp,T4,2020,1,0,0,,
11250,"Eifert, Tyler",TE,2020,FAA,,1000,44,adp,T4,2020,1,0,0,,
14875,"Bryant, Harrison",TE,2020,FAA,,1000,25,adp,T4,2021,2,0,0,,
9925,"Graham, Jimmy",TE,2020,FAA,,1000,46,adp,T4,2020,1,0,0,,
13188,"Howard, O.J.",TE,2020,WAIVER,,9000,34,adp,T4,2020,1,0,0,,
14870,"Trautman, Adam",TE,2020,ROOKIE,33,,14,adp,T4,2022,3,0,0,,
14939,"Keene, Dalton",TE,2020,ROOKIE,46,,18,adp,T4,2022,3,0,0,,
13427,"Tonyan, Robert",TE,2020,WAIVER,,2000,,,,2022,3,0,0,,
13722,"Jarwin, Blake",TE,2020,FAA,,5000,21,adp,T4,2021,2,0,0,,
10312,"Rudolph, Kyle",TE,2020,FAA,,1000,39,adp,T4,2020,1,0,0,,
13988,"Dwelley, Ross",TE,2020,WAIVER,,2000,,,,2020,1,0,0,,
13880,"Arnold, Dan",TE,2020,WAIVER,,1000,45,adp,T4,2020,1,0,0,,
13391,"Hollister, Jacob",TE,2020,FAA,,1000,61,adp,T4,2020,1,0,0,,
13919,"Firkser, Anthony",TE,2020,WAIVER,,6000,,,,2020,1,0,0,,
12212,"Kroft, Tyler",TE,2020,WAIVER,,4000,,,,2020,1,0,0,,
14869,"Moss, Thaddeus",TE,2020,FAA,,1000,22,adp,T4,2020,1,0,0,,
13763,"Dissly, Will",TE,2020,FAA,,5000,38,adp,T4,2020,1,0,0,,
12110,"Brate, Cameron",TE,2020,WAIVER,,4000,52,adp,T4,2020,1,0,0,,
13246,"Alie-Cox, Mo",TE,2020,WAIVER,,3000,,,,2020,1,0,1,1,2020
11647,"Thomas, Logan",TE,2020,WAIVER,,5000,49,adp,T4,2022,3,0,1,1,2021
11244,"Kelce, Travis",TE,2020,FAA,,46000,1,adp,T1,2024,5,0,4,1|2|None|None,2021|2022|2023|2024
8687,"Olsen, Greg",TE,2020,FAA,,1000,33,adp,T4,2020,1,0,0,,
11785,"Rodgers, Richard",TE,2020,WAIVER,,1000,,,,2020,1,0,0,,
15329,"Pitts, Kyle",TE,2021,ROOKIE,1,,4,adp,T2,2025,5,1,3,None|None|None,2023|2024|2025
14341,"Parham, Donald",TE,2021,FAA,,1000,47,adp,T4,2021,1,0,0,,
13236,"Everett, Gerald",TE,2021,FAA,,2000,33,adp,T4,2021,1,0,0,,
13189,"Engram, Evan",TE,2021,FAA,,6000,27,adp,T4,2021,1,0,0,,
15374,"Reyes, Sammis",TE,2021,FAA,,1000,10,bid,T3,2021,1,0,0,,
14060,"Jackson, Tyree",TE,2021,WAIVER,,1000,,,,2021,1,0,0,,
13753,"Akins, Jordan",TE,2021,WAIVER,,1000,48,adp,T4,2021,1,0,0,,
15339,"Yeboah, Kenny",TE,2021,FAA,,1000,10,bid,T3,2021,1,0,0,,
13679,"Herndon, Chris",TE,2021,WAIVER,,4000,42,adp,T4,2021,1,0,0,,
15334,"Long, Hunter",TE,2021,ROOKIE,59,,7,adp,T3,2022,2,0,0,,
12317,"Uzomah, C.J.",TE,2021,WAIVER,,1000,41,adp,T4,2021,1,0,0,,
11247,"Ertz, Zach",TE,2021,FAA,,5000,25,adp,T4,2023,3,0,3,1|2|None,2021|2022|2023
15330,"Jordan, Brevin",TE,2021,WAIVER,,1000,8,adp,T3,2021,1,0,0,,
13772,"Schultz, Dalton",TE,2021,WAIVER,,1000,40,adp,T4,2023,3,0,3,1|1|None,2021|2022|2023
15337,"Gray, Noah",TE,2021,FAA,,4000,19,adp,T4,2021,1,0,0,,
15344,"Bates, John",TE,2021,WAIVER,,1000,,,,2021,1,0,0,,
12330,"O'Shaughnessy, James",TE,2021,WAIVER,,1000,,,,2021,1,0,0,,
9925,"Graham, Jimmy",TE,2021,WAIVER,,1000,45,adp,T4,2021,1,0,0,,
15419,"Granson, Kylen",TE,2021,FAA,,2000,12,adp,T3,2021,1,0,0,,
13188,"Howard, O.J.",TE,2021,FAA,,4000,38,adp,T4,2021,1,0,0,,
12206,"Williams, Maxx",TE,2021,WAIVER,,2000,,,,2021,1,0,0,,
15626,"Wright, Brock",TE,2021,WAIVER,,1000,,,,2024,4,0,0,,
14861,"Johnson, Juwan",TE,2021,WAIVER,,1000,,,,2021,1,0,0,,
13382,"Seals-Jones, Ricky",TE,2021,WAIVER,,1000,,,,2021,1,0,0,,
15332,"Tremble, Tommy",TE,2021,WAIVER,,1000,9,adp,T3,2021,1,0,0,,
13675,"Conklin, Tyler",TE,2021,WAIVER,,1000,46,adp,T4,2021,1,0,0,,
12677,"Hooper, Austin",TE,2021,FAA,,3000,32,adp,T4,2021,1,0,0,,
10312,"Rudolph, Kyle",TE,2021,WAIVER,,1000,,,,2021,1,0,0,,
13988,"Dwelley, Ross",TE,2021,WAIVER,,1000,,,,2021,1,0,0,,
13680,"Hurst, Hayden",TE,2021,FAA,,4000,36,adp,T4,2021,1,0,0,,
13880,"Arnold, Dan",TE,2021,WAIVER,,1000,44,adp,T4,2021,1,0,0,,
15425,"Harris, Jacob",TE,2021,FAA,,1000,18,adp,T4,2021,1,0,0,,
13919,"Firkser, Anthony",TE,2021,FAA,,4000,28,adp,T4,2021,1,0,0,,
13192,"Njoku, David",TE,2021,WAIVER,,3000,,,,2021,1,0,0,,
14869,"Moss, Thaddeus",TE,2021,WAIVER,,1000,,,,2021,1,0,0,,
15331,"Freiermuth, Pat",TE,2021,ROOKIE,25,,13,adp,T3,2024,4,0,1,1,2024
13763,"Dissly, Will",TE,2021,FAA,,1000,10,bid,T3,2021,1,0,0,,
12110,"Brate, Cameron",TE,2021,WAIVER,,1000,,,,2021,1,0,0,,
13246,"Alie-Cox, Mo",TE,2021,WAIVER,,1000,43,adp,T4,2021,1,0,0,,
14239,"Moreau, Foster",TE,2021,WAIVER,,1000,,,,2022,2,0,0,,
11695,"Ebron, Eric",TE,2021,FAA,,1000,35,adp,T4,2021,1,0,0,,
15802,"Otton, Cade",TE,2022,ROOKIE,56,,12,adp,T3,2024,3,0,0,,
14141,"Smith Jr., Irv",TE,2022,FAA,,8000,29,adp,T4,2023,2,0,0,,
13236,"Everett, Gerald",TE,2022,FAA,,4000,33,adp,T4,2022,1,0,0,,
12676,"Henry, Hunter",TE,2022,FAA,,8000,25,adp,T4,2023,2,0,0,,
13189,"Engram, Evan",TE,2022,FAA,,2000,35,adp,T4,2022,1,0,0,,
14143,"Knox, Dawson",TE,2022,ERA,,9000,19,adp,T4,2024,3,0,0,,
15909,"Mitchell, James",TE,2022,WAIVER,,1000,,,,2022,1,0,0,,
13753,"Akins, Jordan",TE,2022,WAIVER,,1000,,,,2022,1,0,0,,
12317,"Uzomah, C.J.",TE,2022,WAIVER,,1000,42,adp,T4,2022,1,0,0,,
15873,"Bellinger, Daniel",TE,2022,ROOKIE,58,,17,adp,T4,2022,1,0,0,,
15796,"Ruckert, Jeremy",TE,2022,ROOKIE,49,,9,adp,T3,2022,1,0,0,,
15330,"Jordan, Brevin",TE,2022,ERA,,3000,38,adp,T4,2022,1,0,0,,
15604,"Zylstra, Shane",TE,2022,WAIVER,,5000,,,,2022,1,0,0,,
14137,"Fant, Noah",TE,2022,WAIVER,,4000,27,adp,T4,2022,1,0,0,,
14875,"Bryant, Harrison",TE,2022,WAIVER,,1000,63,adp,T4,2022,1,0,0,,
15889,"Okonkwo, Chigoziem",TE,2022,WAIVER,,1000,16,adp,T4,2023,2,0,0,,
13188,"Howard, O.J.",TE,2022,WAIVER,,1000,79,adp,T4,2022,1,0,0,,
15798,"Likely, Isaiah",TE,2022,FAA,,2000,23,adp,T4,2025,4,1,1,1,2025
15840,"Woods, Jelani",TE,2022,ROOKIE,48,,7,adp,T3,2023,2,0,0,,
14861,"Johnson, Juwan",TE,2022,WAIVER,,5000,,,,2022,1,0,0,,
9902,"Gronkowski, Rob",TE,2022,ERA,,5000,4,bid,T2,2022,1,0,0,,
13675,"Conklin, Tyler",TE,2022,FAA,,1000,43,adp,T4,2022,1,0,0,,
12677,"Hooper, Austin",TE,2022,FAA,,5000,37,adp,T4,2022,1,0,0,,
10312,"Rudolph, Kyle",TE,2022,FAA,,1000,40,adp,T4,2022,1,0,0,,
15799,"Ferguson, Jake",TE,2022,WAIVER,,1000,15,adp,T4,2022,1,0,0,,
13680,"Hurst, Hayden",TE,2022,FAA,,2000,31,adp,T4,2022,1,0,0,,
15794,"McBride, Trey",TE,2022,ROOKIE,30,,6,adp,T2,2025,4,1,1,2,2025
15797,"Dulcich, Greg",TE,2022,ROOKIE,46,,10,adp,T3,2024,3,0,0,,
13192,"Njoku, David",TE,2022,FAA,,3000,26,adp,T4,2024,3,0,0,,
13193,"Smith, Jonnu",TE,2022,WAIVER,,1000,44,adp,T4,2022,1,0,0,,
13424,"Hill, Taysom",TE,2022,FAA,,1000,30,adp,T4,2022,1,0,0,,
13763,"Dissly, Will",TE,2022,WAIVER,,4000,73,adp,T4,2022,1,0,0,,
12110,"Brate, Cameron",TE,2022,FAA,,2000,24,adp,T4,2022,1,0,0,,
13246,"Alie-Cox, Mo",TE,2022,FAA,,1000,39,adp,T4,2022,1,0,0,,
12678,"Higbee, Tyler",TE,2023,FAA,,9000,25,adp,T4,2023,1,0,0,,
14341,"Parham, Donald",TE,2023,WAIVER,,1000,,,,2023,1,0,0,,
16333,"Higgins, Elijah",TE,2023,WAIVER,,1000,20,adp,T4,2024,2,0,0,,
13236,"Everett, Gerald",TE,2023,WAIVER,,5000,30,adp,T4,2023,1,0,0,,
13674,"Goedert, Dallas",TE,2023,FAA,,22000,6,adp,T2,2024,2,0,0,,
13189,"Engram, Evan",TE,2023,ERA,,17000,15,adp,T4,2023,1,0,0,,
16216,"Washington, Darnell",TE,2023,ROOKIE,41,,11,adp,T3,2025,3,1,0,,
16213,"Kincaid, Dalton",TE,2023,ROOKIE,7,,8,adp,T3,2025,3,1,1,None,2025
13676,"Smythe, Durham",TE,2023,WAIVER,,1000,,,,2023,1,0,0,,
15873,"Bellinger, Daniel",TE,2023,WAIVER,,1000,,,,2023,1,0,0,,
15330,"Jordan, Brevin",TE,2023,WAIVER,,1000,,,,2023,1,0,0,,
15337,"Gray, Noah",TE,2023,FAA,,1000,6,bid,T2,2023,1,0,0,,
14137,"Fant, Noah",TE,2023,WAIVER,,1000,40,adp,T4,2023,1,0,0,,
16269,"Strange, Brenton",TE,2023,FAA,,1000,13,adp,T3,2023,1,0,0,,
14875,"Bryant, Harrison",TE,2023,WAIVER,,1000,,,,2023,1,0,0,,
14870,"Trautman, Adam",TE,2023,WAIVER,,1000,,,,2023,1,0,0,,
16212,"Mayer, Michael",TE,2023,ROOKIE,25,,9,adp,T3,2025,3,1,0,,
14146,"Sample, Drew",TE,2023,WAIVER,,2000,,,,2023,1,0,0,,
14370,"Hudson, Tanner",TE,2023,WAIVER,,4000,,,,2023,1,0,0,,
14861,"Johnson, Juwan",TE,2023,FAA,,2000,24,adp,T4,2025,3,1,0,,
15332,"Tremble, Tommy",TE,2023,WAIVER,,1000,,,,2023,1,0,0,,
13675,"Conklin, Tyler",TE,2023,WAIVER,,1000,36,adp,T4,2023,1,0,0,,
16222,"Kraft, Tucker",TE,2023,ROOKIE,49,,10,adp,T3,2025,3,1,0,,
12677,"Hooper, Austin",TE,2023,FAA,,1000,44,adp,T4,2023,1,0,0,,
15799,"Ferguson, Jake",TE,2023,FAA,,1000,32,adp,T4,2025,3,1,2,None|None,2024|2025
16215,"Musgrave, Luke",TE,2023,ROOKIE,35,,16,adp,T4,2024,2,0,0,,
16221,"Schoonmaker, Luke",TE,2023,ROOKIE,32,,12,adp,T3,2025,3,1,0,,
13680,"Hurst, Hayden",TE,2023,FAA,,3000,38,adp,T4,2023,1,0,0,,
16219,"Allen, Davis",TE,2023,WAIVER,,3000,39,adp,T4,2023,1,0,0,,
16214,"LaPorta, Sam",TE,2023,ROOKIE,21,,14,adp,T4,2025,3,1,0,,
13193,"Smith, Jonnu",TE,2023,WAIVER,,1000,,,,2023,1,0,0,,
14209,"Oliver, Josh",TE,2023,WAIVER,,2000,,,,2023,1,0,0,,
11647,"Thomas, Logan",TE,2023,FAA,,1000,45,adp,T4,2023,1,0,0,,
16249,"Kuntz, Zack",TE,2023,ROOKIE,56,,18,adp,T4,2024,2,0,0,,
12678,"Higbee, Tyler",TE,2024,FAA,,1000,45,adp,T4,2025,2,1,0,,
16648,"Wiley, Jared",TE,2024,ROOKIE,39,,15,adp,T4,2024,1,0,0,,
15970,"Krull, Lucas",TE,2024,FAA,,2000,8,bid,T3,2024,1,0,0,,
16645,"All, Erick",TE,2024,ROOKIE,48,,12,adp,T3,2025,2,1,0,,
12676,"Henry, Hunter",TE,2024,WAIVER,,10000,31,adp,T4,2024,1,0,0,,
13189,"Engram, Evan",TE,2024,FAA,,13000,7,adp,T3,2024,1,0,0,,
13753,"Akins, Jordan",TE,2024,WAIVER,,1000,,,,2024,1,0,0,,
16706,"Reiman, Tip",TE,2024,ROOKIE,58,,17,adp,T4,2024,1,0,0,,
16649,"Johnson, Theo",TE,2024,FAA,,5000,14,adp,T4,2025,2,1,0,,
11247,"Ertz, Zach",TE,2024,FAA,,4000,34,adp,T4,2024,1,0,0,,
15873,"Bellinger, Daniel",TE,2024,FAA,,1000,41,adp,T4,2024,1,0,0,,
14867,"Kmet, Cole",TE,2024,FAA,,9000,23,adp,T4,2025,2,1,0,,
15804,"Calcaterra, Grant",TE,2024,WAIVER,,1000,,,,2024,1,0,0,,
16643,"Sanders, Ja'Tavion",TE,2024,ROOKIE,36,,10,adp,T3,2024,1,0,0,,
13772,"Schultz, Dalton",TE,2024,FAA,,4000,24,adp,T4,2025,2,1,0,,
13315,"Saubert, Eric",TE,2024,WAIVER,,2000,,,,2024,1,0,0,,
15337,"Gray, Noah",TE,2024,WAIVER,,1000,,,,2025,2,1,1,1,2024
16641,"Bowers, Brock",TE,2024,ROOKIE,7,,5,adp,T2,2025,2,1,0,,
16644,"Sinnott, Ben",TE,2024,ROOKIE,27,,13,adp,T3,2025,2,1,0,,
14137,"Fant, Noah",TE,2024,FAA,,4000,33,adp,T4,2025,2,1,0,,
16269,"Strange, Brenton",TE,2024,WAIVER,,8000,,,,2024,1,0,0,,
15419,"Granson, Kylen",TE,2024,WAIVER,,1000,46,adp,T4,2024,1,0,0,,
15889,"Okonkwo, Chigoziem",TE,2024,WAIVER,,1000,30,adp,T4,2024,1,0,0,,
14870,"Trautman, Adam",TE,2024,WAIVER,,1000,,,,2024,1,0,0,,
14370,"Hudson, Tanner",TE,2024,FAA,,1000,10,bid,T3,2024,1,0,0,,
15795,"Kolar, Charlie",TE,2024,WAIVER,,1000,,,,2024,1,0,0,,
13675,"Conklin, Tyler",TE,2024,FAA,,2000,27,adp,T4,2024,1,0,0,,
12677,"Hooper, Austin",TE,2024,WAIVER,,2000,,,,2024,1,0,0,,
14871,"Parkinson, Colby",TE,2024,FAA,,4000,32,adp,T4,2024,1,0,0,,
16642,"Stover, Cade",TE,2024,ROOKIE,45,,11,adp,T3,2025,2,1,0,,
13193,"Smith, Jonnu",TE,2024,FAA,,1000,36,adp,T4,2024,1,0,0,,
13763,"Dissly, Will",TE,2024,FAA,,1000,37,adp,T4,2024,1,0,0,,
14209,"Oliver, Josh",TE,2024,WAIVER,,1000,,,,2024,1,0,0,,
14239,"Moreau, Foster",TE,2024,WAIVER,,4000,,,,2024,1,0,0,,
13672,"Gesicki, Mike",TE,2024,WAIVER,,5000,38,adp,T4,2024,1,0,0,,
15802,"Otton, Cade",TE,2025,ERA,,5000,33,adp,T4,2025,1,1,0,,
12676,"Henry, Hunter",TE,2025,FAA,,2000,25,adp,T4,2025,1,1,0,,
13674,"Goedert, Dallas",TE,2025,FAA,,7000,22,adp,T4,2025,1,1,0,,
13189,"Engram, Evan",TE,2025,WAIVER,,8000,17,adp,T4,2025,1,1,0,,
16036,"Tonges, Jake",TE,2025,WAIVER,,3000,,,,2025,1,1,0,,
14143,"Knox, Dawson",TE,2025,WAIVER,,1000,,,,2025,1,1,0,,
17213,"Hawes, Jackson",TE,2025,WAIVER,,1000,,,,2025,1,1,0,,
15334,"Long, Hunter",TE,2025,WAIVER,,1000,,,,2025,1,1,0,,
11247,"Ertz, Zach",TE,2025,FAA,,1000,26,adp,T4,2025,1,1,0,,
17108,"Arroyo, Elijah",TE,2025,ROOKIE,32,,8,adp,T3,2025,1,1,0,,
12263,"Waller, Darren",TE,2025,FAA,,1000,24,adp,T4,2025,1,1,0,,
16723,"Barner, AJ",TE,2025,FAA,,1000,39,adp,T4,2025,1,1,0,,
17105,"Helm, Gunnar",TE,2025,WAIVER,,2000,14,adp,T4,2025,1,1,0,,
16643,"Sanders, Ja'Tavion",TE,2025,WAIVER,,2000,40,adp,T4,2025,1,1,1,None,2025
17102,"Warren, Tyler",TE,2025,ROOKIE,11,,3,adp,T1,2025,1,1,0,,
15344,"Bates, John",TE,2025,WAIVER,,1000,,,,2025,1,1,0,,
14138,"Hockenson, T.J.",TE,2025,WAIVER,,11000,13,adp,T3,2025,1,1,0,,
16269,"Strange, Brenton",TE,2025,FAA,,2000,27,adp,T4,2025,1,1,0,,
17106,"Taylor, Mason",TE,2025,ROOKIE,26,,10,adp,T3,2025,1,1,0,,
15889,"Okonkwo, Chigoziem",TE,2025,FAA,,2000,32,adp,T4,2025,1,1,0,,
15626,"Wright, Brock",TE,2025,WAIVER,,1000,,,,2025,1,1,0,,
15332,"Tremble, Tommy",TE,2025,WAIVER,,4000,,,,2025,1,1,0,,
13299,"Kittle, George",TE,2025,FAA,,29000,4,adp,T2,2025,1,1,0,,
17104,"Loveland, Colston",TE,2025,ROOKIE,15,,5,adp,T2,2025,1,1,0,,
12677,"Hooper, Austin",TE,2025,FAA,,1000,11,bid,T3,2025,1,1,0,,
16215,"Musgrave, Luke",TE,2025,WAIVER,,7000,,,,2025,1,1,0,,
17107,"Ferguson, Terrance",TE,2025,ROOKIE,29,,6,adp,T2,2025,1,1,0,,
14871,"Parkinson, Colby",TE,2025,WAIVER,,1000,,,,2025,1,1,0,,
15797,"Dulcich, Greg",TE,2025,WAIVER,,1000,,,,2025,1,1,0,,
13192,"Njoku, David",TE,2025,FAA,,27000,16,adp,T4,2025,1,1,0,,
15331,"Freiermuth, Pat",TE,2025,FAA,,1000,30,adp,T4,2025,1,1,0,,
13193,"Smith, Jonnu",TE,2025,FAA,,6000,29,adp,T4,2025,1,1,0,,
17103,"Fannin, Harold",TE,2025,ROOKIE,22,,9,adp,T3,2025,1,1,0,,
13763,"Dissly, Will",TE,2025,FAA,,1000,11,bid,T3,2025,1,1,0,,
17099,"Gadsden, Oronde",TE,2025,FAA,,4000,12,adp,T3,2025,1,1,0,,
11244,"Kelce, Travis",TE,2025,FAA,,21000,11,adp,T3,2025,1,1,0,,
13672,"Gesicki, Mike",TE,2025,FAA,,1000,34,adp,T4,2025,1,1,0,,
9900,"Shipley, Jordan",WR,2010,WAIVER,,1,,,,2010,1,0,0,,
9269,"Johnson, Steve",WR,2010,WAIVER,,4,,,,2010,1,0,0,,
8776,"Jones, James",WR,2010,WAIVER,,4,,,,2010,1,0,0,,
8117,"Washington, Nate",WR,2010,WAIVER,,2,,,,2010,1,0,0,,
9544,"Thomas, Mike",WR,2010,WAIVER,,2,,,,2010,1,0,0,,
10042,"White, Blair",WR,2010,WAIVER,,15,,,,2010,1,0,0,,
9831,"Tate, Golden",WR,2010,WAIVER,,1,,,,2010,1,0,0,,
8777,"Sims-Walker, Mike",WR,2010,WAIVER,,3,,,,2010,1,0,0,,
7397,"Williams, Roy",WR,2010,WAIVER,,4,,,,2010,1,0,0,,
9697,"Armstrong, Anthony",WR,2010,WAIVER,,10,,,,2010,1,0,0,,
9308,"Amendola, Danny",WR,2010,WAIVER,,2,,,,2010,1,0,0,,
2986,"Mason, Derrick",WR,2010,WAIVER,,3,,,,2010,1,0,0,,
7052,"Lloyd, Brandon",WR,2010,WAIVER,,1,,,,2010,1,0,0,,
9884,"Thomas, Demaryius",WR,2010,WAIVER,,6,,,,2010,1,0,0,,
8178,"Moore, Lance",WR,2010,WAIVER,,7,,,,2010,1,0,0,,
6573,"Branch, Deion",WR,2010,WAIVER,,2,,,,2010,1,0,0,,
7822,"Williams, Mike",WR,2010,WAIVER,,4,,,,2010,1,0,0,,
9250,"Garcon, Pierre",WR,2010,WAIVER,,10,,,,2010,1,0,0,,
9452,"Heyward-Bey, Darrius",WR,2010,WAIVER,,1,,,,2010,1,0,0,,
6999,"Burleson, Nate",WR,2010,WAIVER,,1,,,,2010,1,0,0,,
7606,"Crayton, Patrick",WR,2010,WAIVER,,1,,,,2010,1,0,0,,
8847,"Naanee, Legedu",WR,2010,WAIVER,,3,,,,2010,1,0,0,,
8493,"Colston, Marques",WR,2011,FAA,,30000,14,bid,T2,2011,1,0,0,,
8360,"Marshall, Brandon",WR,2011,FAA,,30000,14,bid,T2,2011,1,0,0,,
9918,"Sanders, Emmanuel",WR,2011,FAA,,5000,41,bid,T4,2011,1,0,0,,
2705,"Owens, Terrell",WR,2011,WAIVER,,1000,,,,2011,1,0,0,,
9900,"Shipley, Jordan",WR,2011,FAA,,2000,48,bid,T4,2011,1,0,0,,
7183,"Walter, Kevin",WR,2011,WAIVER,,1000,,,,2011,1,0,0,,
4974,"Smith, Steve",WR,2011,FAA,,18000,27,bid,T3,2011,1,0,0,,
9269,"Johnson, Steve",WR,2011,FAA,,25000,18,bid,T3,2011,1,0,0,,
8822,"Breaston, Steve",WR,2011,FAA,,1000,54,bid,T4,2011,1,0,0,,
8776,"Jones, James",WR,2011,WAIVER,,3000,,,,2011,1,0,0,,
9921,"Roberts, Andre",WR,2011,FAA,,1000,54,bid,T4,2011,1,0,0,,
8680,"Meachem, Robert",WR,2011,FAA,,1000,54,bid,T4,2011,1,0,0,,
8117,"Washington, Nate",WR,2011,WAIVER,,4000,,,,2011,1,0,0,,
9625,"Gibson, Brandon",WR,2011,FAA,,1000,54,bid,T4,2011,1,0,0,,
9927,"Williams, Mike",WR,2011,FAA,,35000,9,bid,T2,2011,1,0,0,,
8350,"Avant, Jason",WR,2011,FAA,,1000,54,bid,T4,2012,2,0,0,,
9120,"Royal, Eddie",WR,2011,FAA,,1000,54,bid,T4,2011,1,0,0,,
9467,"Britt, Kenny",WR,2011,FAA,,11000,30,bid,T3,2011,1,0,0,,
7440,"Henderson, Devery",WR,2011,WAIVER,,1000,,,,2011,1,0,0,,
9450,"Nicks, Hakeem",WR,2011,FAA,,45000,3,bid,T1,2011,1,0,0,,
3367,"Ward, Hines",WR,2011,FAA,,2000,48,bid,T4,2011,1,0,0,,
8774,"Robinson, Laurent",WR,2011,WAIVER,,3000,,,,2011,1,0,0,,
9544,"Thomas, Mike",WR,2011,FAA,,4000,43,bid,T4,2011,1,0,0,,
9854,"Williams, Damian",WR,2011,WAIVER,,3000,,,,2011,1,0,0,,
5657,"Burress, Plaxico",WR,2011,FAA,,12000,29,bid,T3,2011,1,0,0,,
9441,"Harvin, Percy",WR,2011,FAA,,22000,23,bid,T3,2011,1,0,0,,
9856,"McCluster, Dexter",WR,2011,WAIVER,,5000,,,,2011,1,0,0,,
10388,"Moore, Denarius",WR,2011,WAIVER,,2000,,,,2011,1,0,0,,
7403,"Evans, Lee",WR,2011,FAA,,4000,43,bid,T4,2011,1,0,0,,
9988,"Brown, Antonio",WR,2011,FAA,,1000,54,bid,T4,2018,8,0,0,,
8510,"Austin, Miles",WR,2011,FAA,,30000,14,bid,T2,2011,1,0,0,,
9831,"Tate, Golden",WR,2011,WAIVER,,1000,,,,2012,2,0,0,,
8777,"Sims-Walker, Mike",WR,2011,FAA,,5000,41,bid,T4,2011,1,0,0,,
9118,"Nelson, Jordy",WR,2011,FAA,,7000,37,bid,T3,2011,1,0,0,,
10338,"Brown, Vincent",WR,2011,FAA,,1000,54,bid,T4,2011,1,0,0,,
9575,"Knox, Johnny",WR,2011,FAA,,3000,46,bid,T4,2011,1,0,0,,
10261,"Green, A.J.",WR,2011,FAA,,20000,24,bid,T3,2017,7,0,1,None,2017
1600,"Floyd, Malcom",WR,2011,FAA,,7000,37,bid,T3,2011,1,0,0,,
7498,"Cotchery, Jerricho",WR,2011,FAA,,2000,48,bid,T4,2012,2,0,0,,
4923,"Wayne, Reggie",WR,2011,FAA,,35000,9,bid,T2,2011,1,0,0,,
7397,"Williams, Roy",WR,2011,FAA,,1000,54,bid,T4,2011,1,0,0,,
9697,"Armstrong, Anthony",WR,2011,WAIVER,,1000,,,,2011,1,0,0,,
9308,"Amendola, Danny",WR,2011,FAA,,1000,54,bid,T4,2011,1,0,0,,
9563,"Collie, Austin",WR,2011,FAA,,10000,31,bid,T3,2011,1,0,0,,
9874,"Ford, Jacoby",WR,2011,FAA,,8000,35,bid,T3,2011,1,0,0,,
6931,"Johnson, Andre",WR,2011,FAA,,55000,1,bid,T1,2011,1,0,0,,
10327,"Little, Greg",WR,2011,FAA,,3000,46,bid,T4,2011,1,0,0,,
9040,"Avery, Donnie",WR,2011,FAA,,1000,54,bid,T4,2011,1,0,0,,
7279,"Lewis, Greg",WR,2011,FAA,,1000,54,bid,T4,2011,1,0,0,,
9075,"Jackson, DeSean",WR,2011,FAA,,41000,5,bid,T1,2011,1,0,0,,
8679,"Rice, Sidney",WR,2011,FAA,,10000,31,bid,T3,2011,1,0,0,,
7052,"Lloyd, Brandon",WR,2011,FAA,,20000,24,bid,T3,2011,1,0,0,,
4077,"Driver, Donald",WR,2011,WAIVER,,22000,,,,2011,1,0,0,,
10080,"Cruz, Victor",WR,2011,WAIVER,,10000,,,,2011,1,0,0,,
9881,"Decker, Eric",WR,2011,WAIVER,,7000,,,,2011,1,0,0,,
10271,"Jones, Julio",WR,2011,FAA,,25000,18,bid,T3,2018,8,0,1,None,2018
10109,"Parker, Preston",WR,2011,WAIVER,,1000,,,,2011,1,0,0,,
9843,"LaFell, Brandon",WR,2011,WAIVER,,1000,,,,2011,1,0,0,,
3309,"Moss, Randy",WR,2011,FAA,,1000,54,bid,T4,2011,1,0,0,,
9823,"Bryant, Dez",WR,2011,FAA,,34000,13,bid,T2,2017,7,0,0,,
4929,"Ochocinco, Chad",WR,2011,FAA,,25000,18,bid,T3,2011,1,0,0,,
9884,"Thomas, Demaryius",WR,2011,WAIVER,,16000,,,,2011,1,0,0,,
8178,"Moore, Lance",WR,2011,FAA,,1000,54,bid,T4,2011,1,0,0,,
10072,"Nelson, David",WR,2011,WAIVER,,2000,,,,2011,1,0,0,,
10527,"Baldwin, Doug",WR,2011,WAIVER,,4000,,,,2011,1,0,0,,
6573,"Branch, Deion",WR,2011,FAA,,8000,35,bid,T3,2011,1,0,0,,
8772,"Jones, Jacoby",WR,2011,FAA,,2000,48,bid,T4,2012,2,0,0,,
7822,"Williams, Mike",WR,2011,FAA,,1000,54,bid,T4,2011,1,0,0,,
9301,"Bess, Davone",WR,2011,FAA,,6000,39,bid,T3,2011,1,0,0,,
8667,"Bowe, Dwayne",WR,2011,FAA,,30000,14,bid,T2,2011,1,0,0,,
9427,"Crabtree, Michael",WR,2011,FAA,,10000,31,bid,T3,2011,1,0,0,,
9085,"Manningham, Mario",WR,2011,FAA,,16000,28,bid,T3,2011,1,0,0,,
10289,"Smith, Torrey",WR,2011,WAIVER,,5000,,,,2011,1,0,0,,
9250,"Garcon, Pierre",WR,2011,FAA,,2000,48,bid,T4,2011,1,0,0,,
7468,"Berrian, Bernard",WR,2011,FAA,,1000,54,bid,T4,2011,1,0,0,,
9061,"Doucet, Early",WR,2011,WAIVER,,2000,,,,2011,1,0,0,,
8657,"Johnson, Calvin",WR,2011,FAA,,50000,2,bid,T1,2011,1,0,0,,
6982,"Boldin, Anquan",WR,2011,FAA,,24000,22,bid,T3,2011,1,0,0,,
7873,"Jackson, Vincent",WR,2011,FAA,,36000,7,bid,T2,2011,1,0,0,,
9452,"Heyward-Bey, Darrius",WR,2011,WAIVER,,3000,,,,2011,1,0,0,,
8266,"Holmes, Santonio",WR,2011,FAA,,25000,18,bid,T3,2011,1,0,0,,
7393,"Fitzgerald, Larry",WR,2011,FAA,,40000,6,bid,T1,2011,1,0,0,,
9525,"Wallace, Mike",WR,2011,FAA,,35000,9,bid,T2,2011,1,0,0,,
10286,"Baldwin, Jon",WR,2011,FAA,,2000,48,bid,T4,2011,1,0,0,,
6999,"Burleson, Nate",WR,2011,WAIVER,,4000,,,,2011,1,0,0,,
7839,"White, Roddy",WR,2011,FAA,,45000,3,bid,T1,2011,1,0,0,,
6541,"Gaffney, Jabar",WR,2011,WAIVER,,1000,,,,2011,1,0,0,,
9436,"Maclin, Jeremy",WR,2011,FAA,,19000,26,bid,T3,2011,1,0,0,,
8293,"Jennings, Greg",WR,2011,FAA,,35000,9,bid,T2,2011,1,0,0,,
9859,"Benn, Arrelious",WR,2011,FAA,,4000,43,bid,T4,2011,1,0,0,,
10308,"Cobb, Randall",WR,2011,WAIVER,,1000,,,,2011,1,0,0,,
7815,"Edwards, Braylon",WR,2011,FAA,,10000,31,bid,T3,2011,1,0,0,,
10082,"Alexander, Danario",WR,2011,FAA,,1000,54,bid,T4,2011,1,0,0,,
7653,"Welker, Wes",WR,2011,FAA,,36000,7,bid,T2,2011,1,0,0,,
4907,"Moss, Santana",WR,2011,FAA,,6000,39,bid,T3,2011,1,0,0,,
8493,"Colston, Marques",WR,2012,FAA,,33000,4,bid,T1,2014,3,0,0,,
2705,"Owens, Terrell",WR,2012,FAA,,3000,27,bid,T3,2012,1,0,0,,
7183,"Walter, Kevin",WR,2012,FAA,,1000,35,bid,T3,2012,1,0,0,,
4974,"Smith, Steve",WR,2012,FAA,,32000,5,bid,T1,2012,1,0,0,,
10734,"Wright, Jarius",WR,2012,WAIVER,,1000,,,,2013,2,0,0,,
9269,"Johnson, Stevie",WR,2012,FAA,,30000,6,bid,T1,2013,2,0,0,,
8822,"Breaston, Steve",WR,2012,FAA,,1000,35,bid,T3,2012,1,0,0,,
8776,"Jones, James",WR,2012,WAIVER,,4000,,,,2013,2,0,0,,
9662,"Edelman, Julian",WR,2012,WAIVER,,5000,,,,2012,1,0,0,,
8680,"Meachem, Robert",WR,2012,FAA,,17000,10,bid,T2,2012,1,0,0,,
8117,"Washington, Nate",WR,2012,FAA,,10000,14,bid,T2,2012,1,0,0,,
10309,"Young, Titus",WR,2012,FAA,,10000,14,bid,T2,2012,1,0,0,,
10722,"Jeffery, Alshon",WR,2012,ROOKIE,15,,,rookie_slot,,2015,4,0,0,,
9120,"Royal, Eddie",WR,2012,FAA,,2000,32,bid,T3,2012,1,0,0,,
8774,"Robinson, Laurent",WR,2012,FAA,,8000,17,bid,T3,2012,1,0,0,,
10720,"Wright, Kendall",WR,2012,ROOKIE,10,,,rookie_slot,,2015,4,0,0,,
9544,"Thomas, Mike",WR,2012,WAIVER,,2000,,,,2012,1,0,0,,
9854,"Williams, Damian",WR,2012,FAA,,1000,35,bid,T3,2013,2,0,0,,
9856,"McCluster, Dexter",WR,2012,FAA,,1000,35,bid,T3,2012,1,0,0,,
10738,"Jones, Marvin",WR,2012,ROOKIE,32,,,rookie_slot,,2013,2,0,0,,
8298,"Hester, Devin",WR,2012,FAA,,1000,35,bid,T3,2013,2,0,0,,
9118,"Nelson, Jordy",WR,2012,FAA,,37000,2,bid,T1,2016,5,0,0,,
10338,"Brown, Vincent",WR,2012,FAA,,6000,22,bid,T3,2012,1,0,0,,
9575,"Knox, Johnny",WR,2012,FAA,,1000,35,bid,T3,2012,1,0,0,,
1600,"Floyd, Malcom",WR,2012,FAA,,11000,12,bid,T2,2012,1,0,0,,
10889,"Brazill, LaVon",WR,2012,FAA,,1000,35,bid,T3,2012,1,0,0,,
9563,"Collie, Austin",WR,2012,FAA,,5000,24,bid,T3,2012,1,0,0,,
9545,"Hartline, Brian",WR,2012,WAIVER,,1000,,,,2012,1,0,0,,
10960,"Gordon, Josh",WR,2012,ROOKIE,17,,,rookie_slot,,2016,5,0,0,,
10327,"Little, Greg",WR,2012,WAIVER,,1000,,,,2012,1,0,0,,
9040,"Avery, Donnie",WR,2012,FAA,,1000,35,bid,T3,2012,1,0,0,,
10724,"Adams, Joe",WR,2012,FAA,,1000,35,bid,T3,2012,1,0,0,,
8679,"Rice, Sidney",WR,2012,FAA,,2000,32,bid,T3,2012,1,0,0,,
4077,"Driver, Donald",WR,2012,WAIVER,,1000,,,,2012,1,0,0,,
10080,"Cruz, Victor",WR,2012,FAA,,39000,1,bid,T1,2013,2,0,0,,
10307,"Hankerson, Leonard",WR,2012,FAA,,2000,32,bid,T3,2012,1,0,0,,
9881,"Decker, Eric",WR,2012,FAA,,30000,6,bid,T1,2013,2,0,0,,
9843,"LaFell, Brandon",WR,2012,FAA,,3000,27,bid,T3,2012,1,0,0,,
3309,"Moss, Randy",WR,2012,FAA,,8000,17,bid,T3,2012,1,0,0,,
4929,"Johnson, Chad",WR,2012,FAA,,1000,35,bid,T3,2012,1,0,0,,
9884,"Thomas, Demaryius",WR,2012,FAA,,36000,3,bid,T1,2015,4,0,0,,
8178,"Moore, Lance",WR,2012,FAA,,8000,17,bid,T3,2012,1,0,0,,
10729,"Hilton, T.Y.",WR,2012,FAA,,1000,35,bid,T3,2012,1,0,0,,
10527,"Baldwin, Doug",WR,2012,FAA,,4000,25,bid,T3,2012,1,0,0,,
9301,"Bess, Davone",WR,2012,FAA,,8000,17,bid,T3,2012,1,0,0,,
9427,"Crabtree, Michael",WR,2012,FAA,,9000,16,bid,T3,2015,4,0,0,,
9085,"Manningham, Mario",WR,2012,FAA,,3000,27,bid,T3,2013,2,0,0,,
10289,"Smith, Torrey",WR,2012,FAA,,20000,8,bid,T2,2014,3,0,0,,
9250,"Garcon, Pierre",WR,2012,FAA,,19000,9,bid,T2,2015,4,0,0,,
9061,"Doucet, Early",WR,2012,FAA,,3000,27,bid,T3,2012,1,0,0,,
6982,"Boldin, Anquan",WR,2012,WAIVER,,9000,,,,2012,1,0,0,,
9124,"Simpson, Jerome",WR,2012,FAA,,4000,25,bid,T3,2012,1,0,0,,
10973,"Beasley, Cole",WR,2012,WAIVER,,1000,,,,2014,3,0,0,,
9452,"Heyward-Bey, Darrius",WR,2012,FAA,,11000,12,bid,T2,2012,1,0,0,,
8266,"Holmes, Santonio",WR,2012,FAA,,7000,21,bid,T3,2012,1,0,0,,
10723,"Sanu, Mohamed",WR,2012,ROOKIE,18,,,rookie_slot,,2013,2,0,0,,
6999,"Burleson, Nate",WR,2012,FAA,,6000,22,bid,T3,2012,1,0,0,,
6541,"Gaffney, Jabar",WR,2012,WAIVER,,1000,,,,2012,1,0,0,,
10866,"Criner, Juron",WR,2012,FAA,,1000,35,bid,T3,2012,1,0,0,,
10308,"Cobb, Randall",WR,2012,FAA,,15000,11,bid,T2,2016,5,0,0,,
10082,"Alexander, Danario",WR,2012,FAA,,1000,35,bid,T3,2012,1,0,0,,
8702,"Smith, Steve",WR,2012,FAA,,1000,35,bid,T3,2012,1,0,0,,
4907,"Moss, Santana",WR,2012,FAA,,3000,27,bid,T3,2012,1,0,0,,
4974,"Smith, Steve",WR,2013,FAA,,20000,5,bid,T1,2013,1,0,0,,
11219,"King, Tavarres",WR,2013,FAA,,1000,23,bid,T3,2013,1,0,0,,
9662,"Edelman, Julian",WR,2013,FAA,,5000,14,bid,T2,2013,1,0,0,,
10392,"Kerley, Jeremy",WR,2013,FAA,,5000,14,bid,T2,2013,1,0,0,,
9921,"Roberts, Andre",WR,2013,FAA,,3000,16,bid,T3,2013,1,0,0,,
8117,"Washington, Nate",WR,2013,WAIVER,,6000,,,,2013,1,0,0,,
11440,"Thompkins, Kenbrell",WR,2013,FAA,,6000,13,bid,T2,2013,1,0,0,,
8673,"Ginn Jr., Ted",WR,2013,WAIVER,,2000,,,,2013,1,0,0,,
8350,"Avant, Jason",WR,2013,FAA,,1000,23,bid,T3,2013,1,0,0,,
11213,"Austin, Tavon",WR,2013,ROOKIE,4,,,rookie_slot,,2014,2,0,0,,
11228,"Woods, Robert",WR,2013,ROOKIE,16,,,rookie_slot,,2014,2,0,0,,
10930,"Boykin, Jarrett",WR,2013,FAA,,1000,23,bid,T3,2013,1,0,0,,
11220,"Fuller, Corey",WR,2013,FAA,,1000,23,bid,T3,2013,1,0,0,,
9856,"McCluster, Dexter",WR,2013,WAIVER,,4000,,,,2013,1,0,0,,
8510,"Austin, Miles",WR,2013,FAA,,20000,5,bid,T1,2013,1,0,0,,
9831,"Tate, Golden",WR,2013,FAA,,12000,8,bid,T2,2014,2,0,0,,
1600,"Floyd, Malcom",WR,2013,FAA,,8000,11,bid,T2,2013,1,0,0,,
7498,"Cotchery, Jerricho",WR,2013,WAIVER,,4000,,,,2013,1,0,0,,
4923,"Wayne, Reggie",WR,2013,FAA,,37000,1,bid,T1,2013,1,0,0,,
11225,"Patterson, Cordarrelle",WR,2013,ROOKIE,6,,,rookie_slot,,2014,2,0,0,,
10733,"Edwards, Patrick",WR,2013,FAA,,1000,23,bid,T3,2013,1,0,0,,
10903,"Matthews, Rishard",WR,2013,WAIVER,,4000,,,,2014,2,0,0,,
9563,"Collie, Austin",WR,2013,WAIVER,,3000,,,,2013,1,0,0,,
9545,"Hartline, Brian",WR,2013,FAA,,7000,12,bid,T2,2013,1,0,0,,
10327,"Little, Greg",WR,2013,FAA,,2000,17,bid,T3,2013,1,0,0,,
9040,"Avery, Donnie",WR,2013,FAA,,2000,17,bid,T3,2013,1,0,0,,
8679,"Rice, Sidney",WR,2013,WAIVER,,1000,,,,2013,1,0,0,,
10307,"Hankerson, Leonard",WR,2013,FAA,,1000,23,bid,T3,2014,2,0,0,,
9843,"LaFell, Brandon",WR,2013,WAIVER,,1000,,,,2013,1,0,0,,
8178,"Moore, Lance",WR,2013,FAA,,12000,8,bid,T2,2014,2,0,0,,
10729,"Hilton, T.Y.",WR,2013,FAA,,25000,3,bid,T1,2016,4,0,0,,
10527,"Baldwin, Doug",WR,2013,WAIVER,,1000,,,,2013,1,0,0,,
8772,"Jones, Jacoby",WR,2013,FAA,,1000,23,bid,T3,2013,1,0,0,,
9301,"Bess, Davone",WR,2013,WAIVER,,1000,,,,2013,1,0,0,,
11239,"Goodwin, Marquise",WR,2013,WAIVER,,3000,,,,2016,4,0,0,,
11227,"Stills, Kenny",WR,2013,ROOKIE,50,,,rookie_slot,,2015,3,0,0,,
11227,"Stills, Kenny",WR,2013,FAA,,2000,17,bid,T3,2015,3,0,0,,
11211,"Williams, Terrance",WR,2013,ROOKIE,25,,,rookie_slot,,2015,3,0,0,,
6982,"Boldin, Anquan",WR,2013,FAA,,17000,7,bid,T2,2013,1,0,0,,
11232,"Hopkins, DeAndre",WR,2013,ROOKIE,7,,,rookie_slot,,2020,8,0,3,1|None|None,2018|2019|2020
9452,"Heyward-Bey, Darrius",WR,2013,WAIVER,,2000,,,,2013,1,0,0,,
8266,"Holmes, Santonio",WR,2013,FAA,,2000,17,bid,T3,2013,1,0,0,,
6999,"Burleson, Nate",WR,2013,FAA,,1000,23,bid,T3,2013,1,0,0,,
9436,"Maclin, Jeremy",WR,2013,FAA,,11000,10,bid,T2,2016,4,0,0,,
8293,"Jennings, Greg",WR,2013,FAA,,23000,4,bid,T1,2013,1,0,0,,
10955,"Streater, Rod",WR,2013,FAA,,2000,17,bid,T3,2013,1,0,0,,
7653,"Welker, Wes",WR,2013,FAA,,32000,2,bid,T1,2013,1,0,0,,
4907,"Moss, Santana",WR,2013,FAA,,2000,17,bid,T3,2013,1,0,0,,
11222,"Allen, Keenan",WR,2013,ROOKIE,13,,,rookie_slot,,2020,8,0,3,1|None|None,2018|2019|2020
8360,"Marshall, Brandon",WR,2014,FAA,,71000,1,bid,T1,2014,1,0,0,,
9918,"Sanders, Emmanuel",WR,2014,FAA,,20000,12,bid,T2,2015,2,0,0,,
4974,"Smith, Steve",WR,2014,FAA,,7000,21,bid,T3,2014,1,0,0,,
10734,"Wright, Jarius",WR,2014,WAIVER,,1000,,,,2017,4,0,0,,
11219,"King, Tavarres",WR,2014,FAA,,1000,42,bid,T4,2014,1,0,0,,
9269,"Johnson, Stevie",WR,2014,FAA,,2000,39,bid,T3,2014,1,0,0,,
8776,"Jones, James",WR,2014,FAA,,5000,23,bid,T3,2014,1,0,0,,
11679,"Beckham, Odell",WR,2014,ROOKIE,8,,,rookie_slot,,2021,8,0,3,2|None|1,2018|2019|2020
11672,"Lee, Marqise",WR,2014,ROOKIE,14,,,rookie_slot,,2017,4,0,1,None,2017
11676,"Matthews, Jordan",WR,2014,ROOKIE,4,,,rookie_slot,,2016,3,0,0,,
9662,"Edelman, Julian",WR,2014,FAA,,30000,6,bid,T1,2017,4,0,0,,
9921,"Roberts, Andre",WR,2014,FAA,,3000,32,bid,T3,2014,1,0,0,,
8117,"Washington, Nate",WR,2014,FAA,,1000,42,bid,T4,2014,1,0,0,,
9625,"Gibson, Brandon",WR,2014,FAA,,1000,42,bid,T4,2014,1,0,0,,
9927,"Williams, Mike",WR,2014,FAA,,3000,32,bid,T3,2014,1,0,0,,
11440,"Thompkins, Kenbrell",WR,2014,FAA,,2000,39,bid,T3,2014,1,0,0,,
9964,"Cooper, Riley",WR,2014,FAA,,9000,16,bid,T3,2014,1,0,0,,
8673,"Ginn Jr., Ted",WR,2014,FAA,,1000,42,bid,T4,2014,1,0,0,,
8350,"Avant, Jason",WR,2014,FAA,,1000,42,bid,T4,2014,1,0,0,,
9467,"Britt, Kenny",WR,2014,FAA,,8000,18,bid,T3,2015,2,0,0,,
9450,"Nicks, Hakeem",WR,2014,FAA,,7000,21,bid,T3,2014,1,0,0,,
11076,"Kearse, Jermaine",WR,2014,FAA,,1000,42,bid,T4,2014,1,0,0,,
11670,"Watkins, Sammy",WR,2014,ROOKIE,1,,,rookie_slot,,2018,5,0,2,1|None,2017|2018
9854,"Williams, Damian",WR,2014,WAIVER,,1000,,,,2014,1,0,0,,
11783,"Brown, John",WR,2014,FAA,,4000,29,bid,T3,2017,4,0,0,,
10719,"Blackmon, Justin",WR,2014,FAA,,5000,23,bid,T3,2014,1,0,0,,
10388,"Moore, Denarius",WR,2014,FAA,,1000,42,bid,T4,2014,1,0,0,,
11674,"Cooks, Brandin",WR,2014,ROOKIE,7,,,rookie_slot,,2020,7,0,4,1|None|1|None,2017|2018|2019|2020
10738,"Jones, Marvin",WR,2014,FAA,,18000,13,bid,T2,2016,3,0,0,,
8510,"Austin, Miles",WR,2014,FAA,,3000,32,bid,T3,2014,1,0,0,,
1600,"Floyd, Malcom",WR,2014,WAIVER,,1000,,,,2014,1,0,0,,
7498,"Cotchery, Jerricho",WR,2014,FAA,,1000,42,bid,T4,2014,1,0,0,,
4923,"Wayne, Reggie",WR,2014,FAA,,27000,9,bid,T2,2014,1,0,0,,
9308,"Amendola, Danny",WR,2014,FAA,,9000,16,bid,T3,2014,1,0,0,,
11925,"Hurns, Allen",WR,2014,WAIVER,,18000,,,,2014,1,0,0,,
9545,"Hartline, Brian",WR,2014,FAA,,5000,23,bid,T3,2014,1,0,0,,
10362,"Shorts, Cecil",WR,2014,FAA,,4000,29,bid,T3,2014,1,0,0,,
6931,"Johnson, Andre",WR,2014,FAA,,45000,2,bid,T1,2014,1,0,0,,
11680,"Landry, Jarvis",WR,2014,ROOKIE,35,,,rookie_slot,,2018,5,0,2,1|1,2017|2018
11343,"Momah, Ifeanyi",WR,2014,FAA,,1000,42,bid,T4,2014,1,0,0,,
9075,"Jackson, DeSean",WR,2014,FAA,,31000,5,bid,T1,2015,2,0,0,,
11678,"Robinson, Allen",WR,2014,ROOKIE,23,,,rookie_slot,,2020,7,0,3,2|None|None,2018|2019|2020
10080,"Cruz, Victor",WR,2014,FAA,,42000,3,bid,T1,2015,2,0,0,,
9881,"Decker, Eric",WR,2014,FAA,,23000,11,bid,T2,2016,3,0,0,,
9843,"LaFell, Brandon",WR,2014,FAA,,3000,32,bid,T3,2014,1,0,0,,
10674,"Holmes, Andre",WR,2014,FAA,,5000,23,bid,T3,2014,1,0,0,,
11681,"Richardson, Paul",WR,2014,ROOKIE,28,,,rookie_slot,,2018,5,0,1,None,2018
10527,"Baldwin, Doug",WR,2014,FAA,,2000,39,bid,T3,2018,5,0,2,1|None,2017|2018
8667,"Bowe, Dwayne",WR,2014,FAA,,15000,14,bid,T2,2014,1,0,0,,
11688,"Bryant, Martavis",WR,2014,ROOKIE,25,,,rookie_slot,,2017,4,0,0,,
9085,"Manningham, Mario",WR,2014,FAA,,1000,42,bid,T4,2014,1,0,0,,
10800,"Hill, Stephen",WR,2014,FAA,,5000,23,bid,T3,2014,1,0,0,,
10601,"Hawkins, Andrew",WR,2014,FAA,,3000,32,bid,T3,2014,1,0,0,,
11870,"Janis, Jeff",WR,2014,FAA,,1000,42,bid,T4,2015,2,0,0,,
11671,"Evans, Mike",WR,2014,ROOKIE,2,,,rookie_slot,,2020,7,0,4,1|None|1|None,2017|2018|2019|2020
11677,"Moncrief, Donte",WR,2014,ROOKIE,26,,,rookie_slot,,2016,3,0,0,,
11409,"Johnson, Charles",WR,2014,FAA,,4000,29,bid,T3,2015,2,0,0,,
6982,"Boldin, Anquan",WR,2014,FAA,,12000,15,bid,T3,2015,2,0,0,,
11673,"Benjamin, Kelvin",WR,2014,ROOKIE,15,,,rookie_slot,,2017,4,0,1,1,2017
10723,"Sanu, Mohamed",WR,2014,FAA,,3000,32,bid,T3,2014,1,0,0,,
7393,"Fitzgerald, Larry",WR,2014,FAA,,26000,10,bid,T2,2014,1,0,0,,
9525,"Wallace, Mike",WR,2014,FAA,,29000,8,bid,T2,2014,1,0,0,,
7839,"White, Roddy",WR,2014,FAA,,40000,4,bid,T1,2014,1,0,0,,
8293,"Jennings, Greg",WR,2014,FAA,,8000,18,bid,T3,2014,1,0,0,,
9144,"Douglas, Harry",WR,2014,FAA,,8000,18,bid,T3,2014,1,0,0,,
10735,"Quick, Brian",WR,2014,FAA,,5000,23,bid,T3,2015,2,0,0,,
10955,"Streater, Rod",WR,2014,FAA,,3000,32,bid,T3,2014,1,0,0,,
7653,"Welker, Wes",WR,2014,FAA,,30000,6,bid,T1,2014,1,0,0,,
11675,"Adams, Davante",WR,2014,ROOKIE,13,,,rookie_slot,,2022,9,0,5,1|1|None|1|1,2017|2018|2019|2020|2021
8493,"Colston, Marques",WR,2015,FAA,,15000,6,bid,T1,2015,1,0,0,,
10731,"Toon, Nick",WR,2015,FAA,,2000,28,bid,T3,2015,1,0,0,,
8360,"Marshall, Brandon",WR,2015,FAA,,27000,2,bid,T1,2017,3,0,0,,
12319,"Nelson, J.J.",WR,2015,WAIVER,,1000,,,,2015,1,0,0,,
4974,"Smith, Steve",WR,2015,FAA,,15000,6,bid,T1,2015,1,0,0,,
9269,"Johnson, Stevie",WR,2015,FAA,,5000,17,bid,T3,2015,1,0,0,,
8776,"Jones, James",WR,2015,FAA,,1000,30,bid,T3,2015,1,0,0,,
12175,"Cooper, Amari",WR,2015,ROOKIE,3,,,rookie_slot,,2021,7,0,4,2|2|None|1,2018|2019|2020|2021
12186,"Diggs, Stefon",WR,2015,ROOKIE,34,,,rookie_slot,,2022,8,0,4,2|2|None|1,2018|2019|2020|2021
10651,"Aiken, Kamar",WR,2015,FAA,,3000,25,bid,T3,2015,1,0,0,,
10500,"Pryor, Terrelle",WR,2015,FAA,,2000,28,bid,T3,2015,1,0,0,,
8117,"Washington, Nate",WR,2015,WAIVER,,4000,,,,2015,1,0,0,,
12182,"Smith, Devin",WR,2015,ROOKIE,29,,,rookie_slot,,2018,4,0,0,,
12391,"Williams, Tyrell",WR,2015,ROOKIE,48,,,rookie_slot,,2016,2,0,0,,
11754,"Coleman, Brandon",WR,2015,FAA,,5000,17,bid,T3,2015,1,0,0,,
9964,"Cooper, Riley",WR,2015,FAA,,1000,30,bid,T3,2015,1,0,0,,
8673,"Ginn Jr., Ted",WR,2015,WAIVER,,4000,,,,2015,1,0,0,,
12181,"Agholor, Nelson",WR,2015,ROOKIE,11,,,rookie_slot,,2016,2,0,0,,
12505,"Humphries, Adam",WR,2015,WAIVER,,1000,,,,2015,1,0,0,,
9120,"Royal, Eddie",WR,2015,FAA,,9000,11,bid,T2,2015,1,0,0,,
11076,"Kearse, Jermaine",WR,2015,WAIVER,,3000,,,,2015,1,0,0,,
10725,"Randle, Rueben",WR,2015,FAA,,6000,16,bid,T3,2015,1,0,0,,
11213,"Austin, Tavon",WR,2015,FAA,,5000,17,bid,T3,2017,3,0,0,,
11481,"Brown, Marlon",WR,2015,FAA,,1000,30,bid,T3,2015,1,0,0,,
11228,"Woods, Robert",WR,2015,WAIVER,,1000,,,,2015,1,0,0,,
9441,"Harvin, Percy",WR,2015,FAA,,5000,17,bid,T3,2015,1,0,0,,
9856,"McCluster, Dexter",WR,2015,WAIVER,,7000,,,,2015,1,0,0,,
10736,"Givens, Chris",WR,2015,FAA,,1000,30,bid,T3,2015,1,0,0,,
9831,"Tate, Golden",WR,2015,FAA,,27000,2,bid,T1,2017,3,0,0,,
11975,"Gabriel, Taylor",WR,2015,WAIVER,,1000,,,,2015,1,0,0,,
1600,"Floyd, Malcom",WR,2015,WAIVER,,23000,,,,2015,1,0,0,,
7498,"Cotchery, Jerricho",WR,2015,FAA,,1000,30,bid,T3,2015,1,0,0,,
11752,"Matthews, Chris",WR,2015,FAA,,3000,25,bid,T3,2015,1,0,0,,
4923,"Wayne, Reggie",WR,2015,WAIVER,,4000,,,,2015,1,0,0,,
12179,"Strong, Jaelen",WR,2015,ROOKIE,20,,,rookie_slot,,2017,3,0,0,,
11225,"Patterson, Cordarrelle",WR,2015,WAIVER,,2000,,,,2015,1,0,0,,
9308,"Amendola, Danny",WR,2015,FAA,,5000,17,bid,T3,2015,1,0,0,,
10903,"Matthews, Rishard",WR,2015,WAIVER,,4000,,,,2015,1,0,0,,
11925,"Hurns, Allen",WR,2015,FAA,,4000,22,bid,T3,2016,2,0,0,,
12187,"Lockett, Tyler",WR,2015,ROOKIE,25,,,rookie_slot,,2018,4,0,1,1,2018
10362,"Shorts, Cecil",WR,2015,FAA,,3000,25,bid,T3,2015,1,0,0,,
6931,"Johnson, Andre",WR,2015,FAA,,32000,1,bid,T1,2015,1,0,0,,
11957,"Inman, Dontrelle",WR,2015,WAIVER,,2000,,,,2015,1,0,0,,
10307,"Hankerson, Leonard",WR,2015,FAA,,1000,30,bid,T3,2015,1,0,0,,
12394,"Carter, DeAndre",WR,2015,ROOKIE,51,,,rookie_slot,,2020,6,0,0,,
9843,"LaFell, Brandon",WR,2015,FAA,,16000,5,bid,T1,2015,1,0,0,,
12205,"Funchess, Devin",WR,2015,ROOKIE,15,,,rookie_slot,,2018,4,0,1,2,2018
12471,"Roberts, Seth",WR,2015,WAIVER,,4000,,,,2016,2,0,0,,
8178,"Moore, Lance",WR,2015,WAIVER,,3000,,,,2015,1,0,0,,
8667,"Bowe, Dwayne",WR,2015,FAA,,1000,30,bid,T3,2015,1,0,0,,
10289,"Smith, Torrey",WR,2015,FAA,,9000,11,bid,T2,2015,1,0,0,,
10721,"Floyd, Michael",WR,2015,FAA,,10000,9,bid,T2,2015,1,0,0,,
12184,"Crowder, Jamison",WR,2015,FAA,,1000,30,bid,T3,2015,1,0,0,,
11890,"Wilson, Albert",WR,2015,FAA,,8000,14,bid,T2,2015,1,0,0,,
12176,"Parker, DeVante",WR,2015,ROOKIE,5,,,rookie_slot,,2018,4,0,1,1,2018
11951,"Snead, Willie",WR,2015,WAIVER,,4000,,,,2016,2,0,0,,
12177,"White, Kevin",WR,2015,ROOKIE,4,,,rookie_slot,,2017,3,0,0,,
7873,"Jackson, Vincent",WR,2015,FAA,,25000,4,bid,T1,2015,1,0,0,,
10973,"Beasley, Cole",WR,2015,FAA,,7000,15,bid,T3,2015,1,0,0,,
11456,"Brown, Jaron",WR,2015,WAIVER,,2000,,,,2015,1,0,0,,
12102,"Carter, Duron",WR,2015,FAA,,4000,22,bid,T3,2015,1,0,0,,
12257,"Conley, Chris",WR,2015,ROOKIE,26,,,rookie_slot,,2017,3,0,0,,
10723,"Sanu, Mohamed",WR,2015,WAIVER,,3000,,,,2015,1,0,0,,
12188,"Dorsett, Phillip",WR,2015,ROOKIE,18,,,rookie_slot,,2016,2,0,0,,
7393,"Fitzgerald, Larry",WR,2015,FAA,,9000,11,bid,T2,2016,2,0,0,,
9525,"Wallace, Mike",WR,2015,FAA,,13000,8,bid,T2,2015,1,0,0,,
7839,"White, Roddy",WR,2015,FAA,,10000,9,bid,T2,2015,1,0,0,,
12197,"Perriman, Breshad",WR,2015,ROOKIE,7,,,rookie_slot,,2017,3,0,0,,
8293,"Jennings, Greg",WR,2015,FAA,,1000,30,bid,T3,2015,1,0,0,,
11684,"Huff, Josh",WR,2015,FAA,,4000,22,bid,T3,2015,1,0,0,,
9144,"Douglas, Harry",WR,2015,FAA,,1000,30,bid,T3,2015,1,0,0,,
7653,"Welker, Wes",WR,2015,WAIVER,,1000,,,,2015,1,0,0,,
8493,"Colston, Marques",WR,2016,FAA,,1000,30,bid,T3,2016,1,0,0,,
12800,"Davis, Trevor",WR,2016,ROOKIE,55,,,rookie_slot,,2018,3,0,0,,
9918,"Sanders, Emmanuel",WR,2016,FAA,,42000,2,bid,T1,2016,1,0,0,,
12319,"Nelson, J.J.",WR,2016,FAA,,1000,30,bid,T3,2016,1,0,0,,
4974,"Smith, Steve",WR,2016,FAA,,7000,13,bid,T2,2016,1,0,0,,
8776,"Jones, James",WR,2016,FAA,,1000,30,bid,T3,2016,1,0,0,,
12896,"Scott, Rashawn",WR,2016,ROOKIE,58,,,rookie_slot,,2018,3,0,0,,
12801,"Hill, Tyreek",WR,2016,FAA,,1000,30,bid,T3,2022,7,0,3,1|None|2,2018|2019|2020
10651,"Aiken, Kamar",WR,2016,FAA,,20000,5,bid,T1,2016,1,0,0,,
10500,"Pryor, Terrelle",WR,2016,FAA,,4000,17,bid,T3,2018,3,0,0,,
12660,"Cooper, Pharoh",WR,2016,ROOKIE,20,,,rookie_slot,,2018,3,0,0,,
11850,"Enunwa, Quincy",WR,2016,WAIVER,,2000,,,,2018,3,0,0,,
12777,"Louis, Ricardo",WR,2016,ROOKIE,40,,,rookie_slot,,2017,2,0,0,,
11754,"Coleman, Brandon",WR,2016,FAA,,2000,26,bid,T3,2016,1,0,0,,
8673,"Ginn Jr., Ted",WR,2016,FAA,,3000,24,bid,T3,2016,1,0,0,,
12505,"Humphries, Adam",WR,2016,WAIVER,,3000,,,,2016,1,0,0,,
10722,"Jeffery, Alshon",WR,2016,WAIVER,,30000,,,,2018,3,0,0,,
12645,"Treadwell, Laquon",WR,2016,ROOKIE,3,,,rookie_slot,,2017,2,0,0,,
9467,"Britt, Kenny",WR,2016,FAA,,2000,26,bid,T3,2016,1,0,0,,
11076,"Kearse, Jermaine",WR,2016,FAA,,4000,17,bid,T3,2016,1,0,0,,
10720,"Wright, Kendall",WR,2016,FAA,,1000,30,bid,T3,2016,1,0,0,,
11228,"Woods, Robert",WR,2016,FAA,,4000,17,bid,T3,2016,1,0,0,,
12663,"Payton, Jordan",WR,2016,ROOKIE,36,,,rookie_slot,,2017,2,0,0,,
10983,"Hogan, Chris",WR,2016,FAA,,6000,14,bid,T2,2016,1,0,0,,
12658,"Shepard, Sterling",WR,2016,ROOKIE,5,,,rookie_slot,,2018,3,0,1,1,2018
12657,"Sharpe, Tajae",WR,2016,ROOKIE,16,,,rookie_slot,,2017,2,0,0,,
12648,"Doctson, Josh",WR,2016,ROOKIE,4,,,rookie_slot,,2018,3,0,0,,
11975,"Gabriel, Taylor",WR,2016,WAIVER,,1000,,,,2016,1,0,0,,
11225,"Patterson, Cordarrelle",WR,2016,WAIVER,,1000,,,,2016,1,0,0,,
12930,"Anderson, Robby",WR,2016,WAIVER,,2000,,,,2016,1,0,0,,
9308,"Amendola, Danny",WR,2016,FAA,,9000,9,bid,T2,2016,1,0,0,,
10903,"Matthews, Rishard",WR,2016,FAA,,10000,6,bid,T1,2017,2,0,0,,
12672,"Braverman, Daniel",WR,2016,ROOKIE,38,,,rookie_slot,,2016,1,0,0,,
12655,"Carroo, Leonte",WR,2016,ROOKIE,12,,,rookie_slot,,2016,1,0,0,,
11218,"Patton, Quinton",WR,2016,FAA,,1000,30,bid,T3,2016,1,0,0,,
12674,"Cajuste, Devon",WR,2016,ROOKIE,43,,,rookie_slot,,2017,2,0,0,,
6931,"Johnson, Andre",WR,2016,FAA,,1000,30,bid,T3,2016,1,0,0,,
10410,"Harris, Dwayne",WR,2016,FAA,,2000,26,bid,T3,2016,1,0,0,,
11957,"Inman, Dontrelle",WR,2016,FAA,,1000,30,bid,T3,2016,1,0,0,,
9075,"Jackson, DeSean",WR,2016,FAA,,27000,3,bid,T1,2016,1,0,0,,
11689,"Ellington, Bruce",WR,2016,FAA,,10000,6,bid,T1,2016,1,0,0,,
12675,"Thomas, Mike",WR,2016,ROOKIE,23,,,rookie_slot,,2018,3,0,0,,
10080,"Cruz, Victor",WR,2016,WAIVER,,6000,,,,2016,1,0,0,,
12656,"Higgins, Rashard",WR,2016,ROOKIE,25,,,rookie_slot,,2016,1,0,0,,
12809,"Boehringer, Moritz",WR,2016,ROOKIE,59,,,rookie_slot,,2017,2,0,0,,
9843,"LaFell, Brandon",WR,2016,FAA,,1000,30,bid,T3,2016,1,0,0,,
9884,"Thomas, Demaryius",WR,2016,FAA,,44000,1,bid,T1,2017,2,0,0,,
11938,"Thielen, Adam",WR,2016,WAIVER,,5000,,,,2016,1,0,0,,
12726,"Garrett, Keyarris",WR,2016,ROOKIE,27,,,rookie_slot,,2017,2,0,0,,
9427,"Crabtree, Michael",WR,2016,FAA,,26000,4,bid,T1,2018,3,0,0,,
12650,"Boyd, Tyler",WR,2016,ROOKIE,8,,,rookie_slot,,2017,2,0,0,,
11758,"Latimer, Cody",WR,2016,FAA,,3000,24,bid,T3,2016,1,0,0,,
10289,"Smith, Torrey",WR,2016,FAA,,9000,9,bid,T2,2016,1,0,0,,
9250,"Garcon, Pierre",WR,2016,FAA,,5000,16,bid,T3,2016,1,0,0,,
11227,"Stills, Kenny",WR,2016,WAIVER,,4000,,,,2016,1,0,0,,
11870,"Janis, Jeff",WR,2016,FAA,,4000,17,bid,T3,2016,1,0,0,,
11211,"Williams, Terrance",WR,2016,FAA,,6000,14,bid,T2,2016,1,0,0,,
11409,"Johnson, Charles",WR,2016,FAA,,4000,17,bid,T3,2016,1,0,0,,
12669,"Mitchell, Malcolm",WR,2016,ROOKIE,22,,,rookie_slot,,2017,2,0,0,,
12646,"Coleman, Corey",WR,2016,ROOKIE,2,,,rookie_slot,,2017,2,0,0,,
12184,"Crowder, Jamison",WR,2016,FAA,,4000,17,bid,T3,2017,2,0,0,,
11890,"Wilson, Albert",WR,2016,FAA,,1000,30,bid,T3,2017,2,0,0,,
6982,"Boldin, Anquan",WR,2016,FAA,,4000,17,bid,T3,2016,1,0,0,,
7873,"Jackson, Vincent",WR,2016,FAA,,8000,11,bid,T2,2016,1,0,0,,
10973,"Beasley, Cole",WR,2016,FAA,,2000,26,bid,T3,2016,1,0,0,,
11456,"Brown, Jaron",WR,2016,WAIVER,,1000,,,,2016,1,0,0,,
10723,"Sanu, Mohamed",WR,2016,FAA,,8000,11,bid,T2,2016,1,0,0,,
12651,"Miller, Braxton",WR,2016,ROOKIE,17,,,rookie_slot,,2018,3,0,0,,
9525,"Wallace, Mike",WR,2016,FAA,,10000,6,bid,T1,2016,1,0,0,,
12647,"Fuller, Will",WR,2016,ROOKIE,10,,,rookie_slot,,2021,6,0,2,2|2,2019|2020
11475,"Rogers, Eric",WR,2016,FAA,,1000,30,bid,T3,2016,1,0,0,,
12465,"Meredith, Cameron",WR,2016,WAIVER,,15000,,,,2016,1,0,0,,
13289,"Hollins, Mack",WR,2017,FAA,,2000,27,bid,T3,2017,1,0,0,,
9918,"Sanders, Emmanuel",WR,2017,FAA,,38000,3,bid,T1,2018,2,0,0,,
13173,"Stewart, ArDarius",WR,2017,ROOKIE,41,,,rookie_slot,,2017,1,0,0,,
13316,"Taylor, Trent",WR,2017,WAIVER,,1000,,,,2017,1,0,0,,
12319,"Nelson, J.J.",WR,2017,FAA,,4000,21,bid,T3,2017,1,0,0,,
13176,"Jones, Zay",WR,2017,ROOKIE,15,,,rookie_slot,,2019,3,0,0,,
13280,"Williams, Chad",WR,2017,ROOKIE,32,,,rookie_slot,,2019,3,0,0,,
11676,"Matthews, Jordan",WR,2017,FAA,,17000,9,bid,T2,2017,1,0,0,,
10737,"Benjamin, Travis",WR,2017,FAA,,1000,30,bid,T3,2017,1,0,0,,
10651,"Aiken, Kamar",WR,2017,FAA,,1000,30,bid,T3,2017,1,0,0,,
12949,"McEvoy, Tanner",WR,2017,FAA,,1000,30,bid,T3,2017,1,0,0,,
12391,"Williams, Tyrell",WR,2017,WAIVER,,10000,,,,2017,1,0,0,,
11754,"Coleman, Brandon",WR,2017,FAA,,1000,30,bid,T3,2017,1,0,0,,
8673,"Ginn Jr., Ted",WR,2017,FAA,,6000,17,bid,T3,2018,2,0,0,,
13163,"Godwin, Chris",WR,2017,ROOKIE,24,,,rookie_slot,,2021,5,0,1,2,2019
12181,"Agholor, Nelson",WR,2017,FAA,,2000,27,bid,T3,2017,1,0,0,,
12505,"Humphries, Adam",WR,2017,WAIVER,,1000,,,,2017,1,0,0,,
9467,"Britt, Kenny",WR,2017,FAA,,4000,21,bid,T3,2017,1,0,0,,
11076,"Kearse, Jermaine",WR,2017,WAIVER,,6000,,,,2017,1,0,0,,
10720,"Wright, Kendall",WR,2017,WAIVER,,5000,,,,2017,1,0,0,,
13153,"Davis, Corey",WR,2017,ROOKIE,2,,,rookie_slot,,2019,3,0,0,,
11228,"Woods, Robert",WR,2017,FAA,,1000,30,bid,T3,2019,3,0,3,1|None|None,2017|2018|2019
12785,"Robinson, Demarcus",WR,2017,WAIVER,,1000,,,,2018,2,0,0,,
10983,"Hogan, Chris",WR,2017,FAA,,5000,20,bid,T3,2018,2,0,0,,
12665,"Allison, Geronimo",WR,2017,FAA,,1000,30,bid,T3,2017,1,0,0,,
10738,"Jones, Marvin",WR,2017,FAA,,11000,12,bid,T2,2019,3,0,2,None|None,2018|2019
11812,"Grant, Ryan",WR,2017,WAIVER,,1000,,,,2017,1,0,0,,
9118,"Nelson, Jordy",WR,2017,FAA,,70000,1,bid,T1,2018,2,0,0,,
11975,"Gabriel, Taylor",WR,2017,FAA,,4000,21,bid,T3,2017,1,0,0,,
11225,"Patterson, Cordarrelle",WR,2017,WAIVER,,1000,,,,2017,1,0,0,,
10956,"Thompson, Deonte",WR,2017,WAIVER,,1000,,,,2017,1,0,0,,
12930,"Anderson, Robby",WR,2017,FAA,,3000,24,bid,T3,2017,1,0,0,,
9308,"Amendola, Danny",WR,2017,WAIVER,,4000,,,,2017,1,0,0,,
13154,"Williams, Mike",WR,2017,ROOKIE,4,,,rookie_slot,,2020,4,0,2,1|None,2019|2020
13160,"Dupre, Malachi",WR,2017,ROOKIE,50,,,rookie_slot,,2018,2,0,0,,
13157,"Samuel, Curtis",WR,2017,ROOKIE,22,,,rookie_slot,,2019,3,0,1,1,2019
11925,"Hurns, Allen",WR,2017,FAA,,11000,12,bid,T2,2017,1,0,0,,
12672,"Braverman, Daniel",WR,2017,WAIVER,,1000,,,,2017,1,0,0,,
12655,"Carroo, Leonte",WR,2017,WAIVER,,1000,,,,2017,1,0,0,,
12921,"Lewis, Tommylee",WR,2017,FAA,,1000,30,bid,T3,2017,1,0,0,,
10960,"Gordon, Josh",WR,2017,FAA,,6000,17,bid,T3,2018,2,0,0,,
13166,"Darboh, Amara",WR,2017,ROOKIE,52,,,rookie_slot,,2018,2,0,0,,
11957,"Inman, Dontrelle",WR,2017,FAA,,1000,30,bid,T3,2017,1,0,0,,
9075,"Jackson, DeSean",WR,2017,FAA,,26000,6,bid,T1,2017,1,0,0,,
10080,"Cruz, Victor",WR,2017,FAA,,1000,30,bid,T3,2017,1,0,0,,
12656,"Higgins, Rashard",WR,2017,WAIVER,,6000,,,,2017,1,0,0,,
13165,"Switzer, Ryan",WR,2017,ROOKIE,48,,,rookie_slot,,2018,2,0,0,,
9881,"Decker, Eric",WR,2017,FAA,,22000,8,bid,T2,2017,1,0,0,,
13171,"Henderson, Carlos",WR,2017,ROOKIE,31,,,rookie_slot,,2018,2,0,0,,
9843,"LaFell, Brandon",WR,2017,WAIVER,,4000,,,,2017,1,0,0,,
13187,"Yancey, DeAngelo",WR,2017,ROOKIE,49,,,rookie_slot,,2019,3,0,0,,
12471,"Roberts, Seth",WR,2017,WAIVER,,1000,,,,2017,1,0,0,,
11938,"Thielen, Adam",WR,2017,FAA,,10000,15,bid,T3,2022,6,0,3,1|1|1,2019|2020|2021
10729,"Hilton, T.Y.",WR,2017,FAA,,70000,1,bid,T1,2017,1,0,0,,
10412,"Robinson, Aldrick",WR,2017,FAA,,1000,30,bid,T3,2017,1,0,0,,
13510,"Mickens, Jaydon",WR,2017,WAIVER,,1000,,,,2017,1,0,0,,
13167,"Taylor, Taywan",WR,2017,ROOKIE,36,,,rookie_slot,,2019,3,0,0,,
13412,"Cole, Keelan",WR,2017,WAIVER,,1000,,,,2017,1,0,0,,
11239,"Goodwin, Marquise",WR,2017,FAA,,3000,24,bid,T3,2019,3,0,1,None,2018
12934,"Rogers, Chester",WR,2017,WAIVER,,2000,,,,2017,1,0,0,,
10289,"Smith, Torrey",WR,2017,FAA,,1000,30,bid,T3,2017,1,0,0,,
13238,"Davis, Robert",WR,2017,FAA,,1000,30,bid,T3,2018,2,0,0,,
9250,"Garcon, Pierre",WR,2017,FAA,,11000,12,bid,T2,2017,1,0,0,,
11227,"Stills, Kenny",WR,2017,FAA,,3000,24,bid,T3,2017,1,0,0,,
13277,"Golladay, Kenny",WR,2017,ROOKIE,21,,,rookie_slot,,2019,3,0,0,,
11211,"Williams, Terrance",WR,2017,WAIVER,,4000,,,,2017,1,0,0,,
11677,"Moncrief, Donte",WR,2017,WAIVER,,2000,,,,2017,1,0,0,,
13156,"Smith-Schuster, JuJu",WR,2017,ROOKIE,11,,,rookie_slot,,2021,5,0,1,2,2020
12917,"Harris, Maurice",WR,2017,WAIVER,,1000,,,,2017,1,0,0,,
8657,"Johnson, Calvin",WR,2017,FAA,,1000,30,bid,T3,2017,1,0,0,,
6982,"Boldin, Anquan",WR,2017,FAA,,1000,30,bid,T3,2017,1,0,0,,
11951,"Snead, Willie",WR,2017,FAA,,37000,4,bid,T1,2017,1,0,0,,
10973,"Beasley, Cole",WR,2017,FAA,,6000,17,bid,T3,2017,1,0,0,,
11456,"Brown, Jaron",WR,2017,WAIVER,,8000,,,,2017,1,0,0,,
10723,"Sanu, Mohamed",WR,2017,FAA,,1000,30,bid,T3,2017,1,0,0,,
13244,"Zamora, Ishmael",WR,2017,ROOKIE,42,,,rookie_slot,,2017,1,0,0,,
12188,"Dorsett, Phillip",WR,2017,FAA,,2000,27,bid,T3,2017,1,0,0,,
7393,"Fitzgerald, Larry",WR,2017,FAA,,32000,5,bid,T1,2017,1,0,0,,
9525,"Wallace, Mike",WR,2017,FAA,,7000,16,bid,T3,2017,1,0,0,,
13155,"Ross, John",WR,2017,ROOKIE,10,,,rookie_slot,,2019,3,0,0,,
13168,"Reynolds, Josh",WR,2017,ROOKIE,25,,,rookie_slot,,2018,2,0,0,,
12465,"Meredith, Cameron",WR,2017,FAA,,24000,7,bid,T2,2017,1,0,0,,
9436,"Maclin, Jeremy",WR,2017,FAA,,13000,11,bid,T2,2017,1,0,0,,
13158,"Westbrook, Dede",WR,2017,ROOKIE,34,,,rookie_slot,,2019,3,0,0,,
13164,"Kupp, Cooper",WR,2017,ROOKIE,30,,,rookie_slot,,2023,7,0,3,2|2|None,2020|2021|2023
10308,"Cobb, Randall",WR,2017,FAA,,15000,10,bid,T2,2018,2,0,0,,
13370,"Hogan, Krishawn",WR,2017,ROOKIE,46,,,rookie_slot,,2018,2,0,0,,
13162,"Ford, Isaiah",WR,2017,ROOKIE,59,,,rookie_slot,,2017,1,0,0,,
13634,"Pettis, Dante",WR,2018,ROOKIE,18,,,rookie_slot,,2020,3,0,0,,
13668,"Chark, D.J.",WR,2018,ROOKIE,19,,,rookie_slot,,2021,4,0,1,2,2021
8360,"Marshall, Brandon",WR,2018,WAIVER,,4000,,,,2018,1,0,0,,
13316,"Taylor, Trent",WR,2018,FAA,,1000,34,bid,T3,2018,1,0,0,,
10734,"Wright, Jarius",WR,2018,WAIVER,,1000,,,,2018,1,0,0,,
11672,"Lee, Marqise",WR,2018,FAA,,9000,11,bid,T2,2020,3,0,0,,
13666,"Fountain, Daurice",WR,2018,ROOKIE,53,,,rookie_slot,,2020,3,0,0,,
11676,"Matthews, Jordan",WR,2018,WAIVER,,1000,,,,2018,1,0,0,,
13910,"Powell, Brandon",WR,2018,WAIVER,,2000,,,,2022,5,0,0,,
9662,"Edelman, Julian",WR,2018,FAA,,29000,6,bid,T1,2018,1,0,0,,
13882,"Kirkwood, Keith",WR,2018,WAIVER,,1000,,,,2018,1,0,0,,
13636,"Cain, Deon",WR,2018,ROOKIE,39,,,rookie_slot,,2020,3,0,0,,
13183,"Hansen, Chad",WR,2018,WAIVER,,4000,,,,2018,1,0,0,,
13170,"Gibson, Shelton",WR,2018,FAA,,1000,34,bid,T3,2018,1,0,0,,
13638,"Berrios, Braxton",WR,2018,ROOKIE,32,,,rookie_slot,,2019,2,0,0,,
13348,"Moore, David",WR,2018,WAIVER,,1000,,,,2019,2,0,0,,
12391,"Williams, Tyrell",WR,2018,FAA,,5000,17,bid,T3,2019,2,0,1,1,2019
12181,"Agholor, Nelson",WR,2018,FAA,,17000,7,bid,T2,2018,1,0,0,,
13637,"St. Brown, Equanimeous",WR,2018,ROOKIE,51,,,rookie_slot,,2019,2,0,0,,
12505,"Humphries, Adam",WR,2018,WAIVER,,3000,,,,2019,2,0,0,,
12645,"Treadwell, Laquon",WR,2018,WAIVER,,1000,,,,2018,1,0,0,,
13662,"Coutee, Keke",WR,2018,ROOKIE,31,,,rookie_slot,,2020,3,0,0,,
11076,"Kearse, Jermaine",WR,2018,FAA,,3000,24,bid,T3,2019,2,0,0,,
10720,"Wright, Kendall",WR,2018,FAA,,1000,34,bid,T3,2018,1,0,0,,
11213,"Austin, Tavon",WR,2018,FAA,,3000,24,bid,T3,2018,1,0,0,,
13635,"Moore, D.J.",WR,2018,ROOKIE,7,,,rookie_slot,,2024,7,0,4,2|2|None|None,2021|2022|2023|2024
12814,"Grant, Jakeem",WR,2018,WAIVER,,1000,,,,2018,1,0,0,,
13644,"Wims, Javon",WR,2018,WAIVER,,1000,,,,2018,1,0,0,,
11783,"Brown, John",WR,2018,FAA,,4000,20,bid,T3,2019,2,0,0,,
13633,"Kirk, Christian",WR,2018,ROOKIE,13,,,rookie_slot,,2020,3,0,0,,
13645,"Smith, Tre'Quan",WR,2018,ROOKIE,36,,,rookie_slot,,2020,3,0,0,,
13639,"Miller, Anthony",WR,2018,ROOKIE,12,,,rookie_slot,,2019,2,0,0,,
12665,"Allison, Geronimo",WR,2018,FAA,,5000,17,bid,T3,2018,1,0,0,,
12657,"Sharpe, Tajae",WR,2018,WAIVER,,1000,,,,2018,1,0,0,,
13629,"Ridley, Calvin",WR,2018,ROOKIE,10,,,rookie_slot,,2021,4,0,1,2,2020
11812,"Grant, Ryan",WR,2018,FAA,,3000,24,bid,T3,2018,1,0,0,,
9831,"Tate, Golden",WR,2018,FAA,,34000,5,bid,T1,2019,2,0,0,,
13377,"Patrick, Tim",WR,2018,WAIVER,,3000,,,,2019,2,0,0,,
10261,"Green, A.J.",WR,2018,ERA,,70000,1,bid,T1,2018,1,0,1,0,2018
11975,"Gabriel, Taylor",WR,2018,WAIVER,,1000,,,,2018,1,0,0,,
11225,"Patterson, Cordarrelle",WR,2018,FAA,,2000,30,bid,T3,2018,1,0,0,,
10956,"Thompson, Deonte",WR,2018,FAA,,1000,34,bid,T3,2018,1,0,0,,
12930,"Anderson, Robby",WR,2018,FAA,,17000,7,bid,T2,2021,4,0,1,1,2020
13664,"Quinn, Trey",WR,2018,WAIVER,,1000,,,,2019,2,0,0,,
9308,"Amendola, Danny",WR,2018,FAA,,6000,14,bid,T2,2018,1,0,0,,
10903,"Matthews, Rishard",WR,2018,FAA,,5000,17,bid,T3,2018,1,0,0,,
13776,"Watson, Justin",WR,2018,ROOKIE,54,,,rookie_slot,,2020,3,0,0,,
13630,"Sutton, Courtland",WR,2018,ROOKIE,15,,,rookie_slot,,2022,5,0,1,2,2021
11925,"Hurns, Allen",WR,2018,FAA,,6000,14,bid,T2,2018,1,0,0,,
13418,"Bourne, Kendrick",WR,2018,WAIVER,,1000,,,,2018,1,0,0,,
13367,"Carr, Austin",WR,2018,WAIVER,,1000,,,,2018,1,0,0,,
13884,"Smith, Vyncint",WR,2018,WAIVER,,1000,,,,2018,1,0,0,,
13649,"Hamilton, DaeSean",WR,2018,ROOKIE,52,,,rookie_slot,,2020,3,0,0,,
11957,"Inman, Dontrelle",WR,2018,WAIVER,,4000,,,,2019,2,0,0,,
9075,"Jackson, DeSean",WR,2018,FAA,,3000,24,bid,T3,2018,1,0,0,,
12443,"Kumerow, Jake",WR,2018,FAA,,3000,24,bid,T3,2018,1,0,0,,
13313,"McKenzie, Isaiah",WR,2018,WAIVER,,1000,,,,2018,1,0,0,,
12656,"Higgins, Rashard",WR,2018,WAIVER,,2000,,,,2018,1,0,0,,
9881,"Decker, Eric",WR,2018,FAA,,6000,14,bid,T2,2018,1,0,0,,
13794,"Ratley, Damion",WR,2018,WAIVER,,1000,,,,2018,1,0,0,,
9823,"Bryant, Dez",WR,2018,FAA,,14000,10,bid,T2,2019,2,0,0,,
13724,"James, Richie",WR,2018,FAA,,4000,20,bid,T3,2018,1,0,0,,
9884,"Thomas, Demaryius",WR,2018,FAA,,43000,3,bid,T1,2018,1,0,0,,
13642,"Tate, Auden",WR,2018,FAA,,1000,34,bid,T3,2018,1,0,0,,
10729,"Hilton, T.Y.",WR,2018,FAA,,46000,2,bid,T1,2019,2,0,1,1,2019
13412,"Cole, Keelan",WR,2018,FAA,,9000,11,bid,T2,2018,1,0,0,,
13640,"Callaway, Antonio",WR,2018,ROOKIE,20,,,rookie_slot,,2019,2,0,0,,
11688,"Bryant, Martavis",WR,2018,FAA,,3000,24,bid,T3,2018,1,0,0,,
13646,"Gallup, Michael",WR,2018,ROOKIE,11,,,rookie_slot,,2020,3,0,0,,
12934,"Rogers, Chester",WR,2018,WAIVER,,1000,,,,2018,1,0,0,,
12650,"Boyd, Tyler",WR,2018,FAA,,4000,20,bid,T3,2020,3,0,2,2|None,2019|2020
9250,"Garcon, Pierre",WR,2018,FAA,,8000,13,bid,T2,2018,1,0,0,,
11406,"Butler, Brice",WR,2018,FAA,,1000,34,bid,T3,2018,1,0,0,,
11227,"Stills, Kenny",WR,2018,WAIVER,,3000,,,,2018,1,0,0,,
11211,"Williams, Terrance",WR,2018,FAA,,1000,34,bid,T3,2018,1,0,0,,
11677,"Moncrief, Donte",WR,2018,WAIVER,,4000,,,,2018,1,0,0,,
12646,"Coleman, Corey",WR,2018,WAIVER,,5000,,,,2018,1,0,0,,
12184,"Crowder, Jamison",WR,2018,WAIVER,,1000,,,,2019,2,0,0,,
11890,"Wilson, Albert",WR,2018,FAA,,2000,30,bid,T3,2019,2,0,0,,
12917,"Harris, Maurice",WR,2018,WAIVER,,5000,,,,2018,1,0,0,,
13631,"Washington, James",WR,2018,ROOKIE,16,,,rookie_slot,,2020,3,0,0,,
11951,"Snead, Willie",WR,2018,FAA,,1000,34,bid,T3,2018,1,0,0,,
12177,"White, Kevin",WR,2018,FAA,,2000,30,bid,T3,2018,1,0,0,,
10973,"Beasley, Cole",WR,2018,FAA,,4000,20,bid,T3,2018,1,0,0,,
11456,"Brown, Jaron",WR,2018,FAA,,2000,30,bid,T3,2018,1,0,0,,
11673,"Benjamin, Kelvin",WR,2018,WAIVER,,8000,,,,2018,1,0,0,,
12257,"Conley, Chris",WR,2018,WAIVER,,5000,,,,2018,1,0,0,,
10723,"Sanu, Mohamed",WR,2018,FAA,,1000,34,bid,T3,2018,1,0,0,,
13793,"Valdes-Scantling, Marquez",WR,2018,ROOKIE,58,,,rookie_slot,,2020,3,0,0,,
12188,"Dorsett, Phillip",WR,2018,WAIVER,,1000,,,,2018,1,0,0,,
7393,"Fitzgerald, Larry",WR,2018,FAA,,41000,4,bid,T1,2018,1,0,0,,
9525,"Wallace, Mike",WR,2018,WAIVER,,4000,,,,2018,1,0,0,,
13653,"Foster, Robert",WR,2018,WAIVER,,1000,,,,2018,1,0,0,,
12465,"Meredith, Cameron",WR,2018,FAA,,15000,9,bid,T2,2018,1,0,0,,
13657,"Moore, J'Mon",WR,2018,ROOKIE,30,,,rookie_slot,,2019,2,0,0,,
13647,"Ateman, Marcell",WR,2018,WAIVER,,1000,,,,2018,1,0,0,,
13660,"Bobo, Bryce",WR,2018,WAIVER,,1000,,,,2018,1,0,0,,
14122,"Slayton, Darius",WR,2019,WAIVER,,2000,75,adp,T4,2019,1,0,0,,
13289,"Hollins, Mack",WR,2019,WAIVER,,1000,,,,2019,1,0,0,,
14113,"Hardman, Mecole",WR,2019,ROOKIE,9,,51,adp,T4,2021,3,0,0,,
9918,"Sanders, Emmanuel",WR,2019,FAA,,18000,53,adp,T4,2019,1,0,0,,
13316,"Taylor, Trent",WR,2019,FAA,,1000,33,bid,T3,2020,2,0,0,,
14112,"Campbell, Parris",WR,2019,ROOKIE,7,,34,adp,T3,2021,3,0,0,,
11676,"Matthews, Jordan",WR,2019,WAIVER,,1000,,,,2019,1,0,0,,
9662,"Edelman, Julian",WR,2019,ERA,,54000,15,adp,T3,2019,1,0,0,,
14114,"Harmon, Kelvin",WR,2019,ROOKIE,35,,42,adp,T4,2021,3,0,0,,
13488,"Pascal, Zach",WR,2019,WAIVER,,9000,,,,2019,1,0,0,,
14101,"Harry, N'Keal",WR,2019,ROOKIE,3,,32,adp,T3,2020,2,0,0,,
11850,"Enunwa, Quincy",WR,2019,FAA,,7000,98,adp,T4,2019,1,0,0,,
12182,"Smith, Devin",WR,2019,WAIVER,,4000,,,,2019,1,0,0,,
14127,"Meyers, Jakobi",WR,2019,FAA,,7000,74,adp,T4,2020,2,0,0,,
8673,"Ginn Jr., Ted",WR,2019,FAA,,3000,85,adp,T4,2019,1,0,0,,
14123,"Renfrow, Hunter",WR,2019,ROOKIE,53,,63,adp,T4,2022,4,0,1,2,2022
12181,"Agholor, Nelson",WR,2019,FAA,,1000,97,adp,T4,2020,2,0,0,,
14305,"Johnson, Olabisi",WR,2019,WAIVER,,4000,,,,2019,1,0,0,,
10722,"Jeffery, Alshon",WR,2019,FAA,,26000,28,adp,T3,2019,1,0,0,,
14103,"Ridley, Riley",WR,2019,ROOKIE,22,,49,adp,T4,2020,2,0,0,,
14102,"Metcalf, DK",WR,2019,ROOKIE,11,,40,adp,T3,2023,5,0,2,2|None,2022|2023
14316,"Hart, Penny",WR,2019,FAA,,1000,33,bid,T3,2019,1,0,0,,
14109,"McLaurin, Terry",WR,2019,ROOKIE,36,,54,adp,T4,2024,6,0,3,2|None|None,2022|2023|2024
11213,"Austin, Tavon",WR,2019,WAIVER,,2000,,,,2019,1,0,0,,
11670,"Watkins, Sammy",WR,2019,FAA,,15000,41,adp,T4,2019,1,0,0,,
12785,"Robinson, Demarcus",WR,2019,FAA,,1000,87,adp,T4,2019,1,0,0,,
12665,"Allison, Geronimo",WR,2019,FAA,,9000,60,adp,T4,2020,2,0,0,,
12658,"Shepard, Sterling",WR,2019,FAA,,25000,35,adp,T3,2020,2,0,0,,
9988,"Brown, Antonio",WR,2019,FAA,,79000,1,bid,T1,2019,1,0,0,,
12648,"Doctson, Josh",WR,2019,FAA,,1000,109,adp,T4,2019,1,0,0,,
10261,"Green, A.J.",WR,2019,ERA,,71000,25,adp,T3,2020,2,0,0,,
11975,"Gabriel, Taylor",WR,2019,FAA,,3000,116,adp,T4,2019,1,0,0,,
12773,"Moore, Chris",WR,2019,FAA,,3000,77,adp,T4,2020,2,0,0,,
9308,"Amendola, Danny",WR,2019,FAA,,1000,114,adp,T4,2019,1,0,0,,
13387,"Johnson, Marcus",WR,2019,WAIVER,,2000,,,,2019,1,0,0,,
13864,"Ward, Greg",WR,2019,WAIVER,,4000,,,,2019,1,0,0,,
13418,"Bourne, Kendrick",WR,2019,WAIVER,,16000,,,,2019,1,0,0,,
14315,"Dulin, Ashton",WR,2019,ROOKIE,52,,,rookie_slot,,2020,2,0,0,,
14125,"Boykin, Miles",WR,2019,ROOKIE,24,,58,adp,T4,2021,3,0,0,,
12187,"Lockett, Tyler",WR,2019,FAA,,46000,17,adp,T3,2020,2,0,0,,
10960,"Gordon, Josh",WR,2019,FAA,,16000,55,adp,T4,2019,1,0,0,,
14313,"Butler, Emmanuel",WR,2019,FAA,,1000,33,bid,T3,2019,1,0,0,,
11680,"Landry, Jarvis",WR,2019,FAA,,33000,26,adp,T3,2021,3,0,0,,
13632,"Lazard, Allen",WR,2019,WAIVER,,5000,,,,2020,2,0,0,,
9075,"Jackson, DeSean",WR,2019,FAA,,7000,70,adp,T4,2020,2,0,0,,
12443,"Kumerow, Jake",WR,2019,FAA,,3000,115,adp,T4,2019,1,0,0,,
12656,"Higgins, Rashard",WR,2019,FAA,,5000,103,adp,T4,2019,1,0,0,,
10271,"Jones, Julio",WR,2019,ERA,,76000,4,adp,T1,2019,1,0,0,,
14136,"Samuel, Deebo",WR,2019,ROOKIE,15,,48,adp,T4,2024,6,0,3,2|None|None,2021|2023|2024
12205,"Funchess, Devin",WR,2019,FAA,,6000,80,adp,T4,2019,1,0,0,,
9884,"Thomas, Demaryius",WR,2019,FAA,,6000,101,adp,T4,2019,1,0,0,,
13642,"Tate, Auden",WR,2019,WAIVER,,4000,,,,2019,1,0,0,,
11681,"Richardson, Paul",WR,2019,FAA,,1000,110,adp,T4,2019,1,0,0,,
14115,"Hall, Emanuel",WR,2019,ROOKIE,43,,67,adp,T4,2020,2,0,0,,
13412,"Cole, Keelan",WR,2019,FAA,,3000,121,adp,T4,2019,1,0,0,,
12934,"Rogers, Chester",WR,2019,WAIVER,,1000,,,,2019,1,0,0,,
9427,"Crabtree, Michael",WR,2019,FAA,,4000,107,adp,T4,2019,1,0,0,,
14208,"Johnson, Diontae",WR,2019,ROOKIE,21,,39,adp,T3,2024,6,0,3,2|None|None,2022|2023|2024
14613,"Sims, Steven",WR,2019,WAIVER,,1000,,,,2019,1,0,0,,
13238,"Davis, Robert",WR,2019,WAIVER,,1000,,,,2019,1,0,0,,
14126,"Williams, Preston",WR,2019,ROOKIE,55,,65,adp,T4,2021,3,0,0,,
14267,"Winfree, Juwann",WR,2019,FAA,,5000,21,bid,T3,2019,1,0,0,,
11227,"Stills, Kenny",WR,2019,FAA,,1000,84,adp,T4,2019,1,0,0,,
14116,"Hurd, Jalen",WR,2019,ROOKIE,28,,57,adp,T4,2021,3,0,0,,
11677,"Moncrief, Donte",WR,2019,FAA,,11000,64,adp,T4,2019,1,0,0,,
12667,"Williams, Duke",WR,2019,WAIVER,,1000,,,,2019,1,0,0,,
12176,"Parker, DeVante",WR,2019,FAA,,4000,79,adp,T4,2021,3,0,1,1,2020
14104,"Brown, A.J.",WR,2019,ROOKIE,10,,33,adp,T3,2025,7,1,4,2|1|None|None,2022|2023|2024|2025
14107,"Arcega-Whiteside, JJ",WR,2019,ROOKIE,16,,38,adp,T3,2021,3,0,0,,
12913,"Erickson, Alex",WR,2019,WAIVER,,1000,,,,2019,1,0,0,,
11951,"Snead, Willie",WR,2019,WAIVER,,1000,106,adp,T4,2019,1,0,0,,
13893,"Sherfield, Trent",WR,2019,WAIVER,,1000,,,,2019,1,0,0,,
14120,"Jennings, Gary",WR,2019,ROOKIE,38,,59,adp,T4,2021,3,0,0,,
13809,"Gage, Russell",WR,2019,WAIVER,,4000,,,,2019,1,0,0,,
10973,"Beasley, Cole",WR,2019,FAA,,3000,99,adp,T4,2019,1,0,0,,
14124,"Johnson, KeeSean",WR,2019,FAA,,5000,69,adp,T4,2020,2,0,0,,
12257,"Conley, Chris",WR,2019,WAIVER,,6000,122,adp,T4,2019,1,0,0,,
10723,"Sanu, Mohamed",WR,2019,FAA,,6000,81,adp,T4,2020,2,0,2,1|None,2019|2020
12188,"Dorsett, Phillip",WR,2019,FAA,,1000,111,adp,T4,2020,2,0,0,,
7393,"Fitzgerald, Larry",WR,2019,FAA,,12000,52,adp,T4,2019,1,0,0,,
13168,"Reynolds, Josh",WR,2019,WAIVER,,2000,117,adp,T4,2020,2,0,1,None,2019
12197,"Perriman, Breshad",WR,2019,FAA,,1000,113,adp,T4,2019,1,0,0,,
14105,"Brown, Marquise",WR,2019,ROOKIE,6,,45,adp,T4,2022,4,0,1,1,2021
10308,"Cobb, Randall",WR,2019,FAA,,4000,102,adp,T4,2019,1,0,0,,
12464,"Byrd, Damiere",WR,2019,WAIVER,,2000,,,,2019,1,0,0,,
14121,"Isabella, Andy",WR,2019,ROOKIE,12,,37,adp,T3,2020,2,0,0,,
13863,"Pringle, Byron",WR,2019,WAIVER,,1000,,,,2019,1,0,0,,
13162,"Ford, Isaiah",WR,2019,WAIVER,,3000,,,,2019,1,0,0,,
14106,"Butler, Hakeem",WR,2019,ROOKIE,13,,30,adp,T3,2021,3,0,0,,
14122,"Slayton, Darius",WR,2020,WAIVER,,17000,57,adp,T4,2020,1,0,0,,
9918,"Sanders, Emmanuel",WR,2020,FAA,,7000,61,adp,T4,2021,2,0,0,,
13652,"Wilson, Cedrick",WR,2020,WAIVER,,1000,,,,2020,1,0,0,,
9662,"Edelman, Julian",WR,2020,FAA,,13000,43,adp,T4,2020,1,0,0,,
13488,"Pascal, Zach",WR,2020,WAIVER,,2000,124,adp,T4,2020,1,0,0,,
14846,"Mims, Denzel",WR,2020,ROOKIE,12,,40,adp,T3,2021,2,0,0,,
13183,"Hansen, Chad",WR,2020,WAIVER,,1000,,,,2020,1,0,0,,
14265,"Fulgham, Travis",WR,2020,WAIVER,,10000,,,,2020,1,0,1,1,2020
13638,"Berrios, Braxton",WR,2020,WAIVER,,4000,,,,2020,1,0,0,,
14864,"Johnson, Tyler",WR,2020,ROOKIE,44,,51,adp,T4,2020,1,0,0,,
13348,"Moore, David",WR,2020,WAIVER,,4000,,,,2020,1,0,0,,
14858,"Jefferson, Van",WR,2020,ROOKIE,35,,54,adp,T4,2022,3,0,0,,
14835,"Higgins, Tee",WR,2020,ROOKIE,9,,38,adp,T3,2025,6,1,3,2|None|None,2023|2024|2025
12391,"Williams, Tyrell",WR,2020,WAIVER,,1000,108,adp,T4,2021,2,0,1,1,2020
14863,"Gandy-Golden, Antonio",WR,2020,ROOKIE,45,,56,adp,T4,2021,2,0,0,,
15077,"Wright, Isaiah",WR,2020,WAIVER,,1000,,,,2020,1,0,0,,
12505,"Humphries, Adam",WR,2020,FAA,,2000,127,adp,T4,2020,1,0,0,,
10722,"Jeffery, Alshon",WR,2020,FAA,,3000,91,adp,T4,2021,2,0,0,,
14847,"Duvernay, Devin",WR,2020,ROOKIE,38,,55,adp,T4,2022,3,0,0,,
15034,"Callaway, Marquez",WR,2020,WAIVER,,1000,,,,2020,1,0,0,,
11670,"Watkins, Sammy",WR,2020,WAIVER,,7000,76,adp,T4,2020,1,0,0,,
12814,"Grant, Jakeem",WR,2020,WAIVER,,1000,,,,2020,1,0,0,,
11783,"Brown, John",WR,2020,WAIVER,,4000,67,adp,T4,2021,2,0,1,None,2020
13153,"Davis, Corey",WR,2020,FAA,,6000,88,adp,T4,2021,2,0,0,,
11228,"Woods, Robert",WR,2020,FAA,,31000,18,adp,T3,2020,1,0,0,,
12785,"Robinson, Demarcus",WR,2020,WAIVER,,3000,125,adp,T4,2020,1,0,0,,
13639,"Miller, Anthony",WR,2020,WAIVER,,3000,69,adp,T4,2021,2,0,1,1,2020
14842,"Pittman, Michael",WR,2020,ROOKIE,13,,44,adp,T4,2025,6,1,4,1|None|1|None,2022|2023|2024|2025
14972,"Coulter, Isaiah",WR,2020,ROOKIE,55,,66,adp,T4,2022,3,0,0,,
14969,"Hightower, John",WR,2020,WAIVER,,1000,74,adp,T4,2020,1,0,0,,
10738,"Jones, Marvin",WR,2020,FAA,,17000,52,adp,T4,2020,1,0,0,,
14845,"Davis, Gabriel",WR,2020,ROOKIE,49,,65,adp,T4,2023,4,0,1,1,2023
9988,"Brown, Antonio",WR,2020,FAA,,4000,93,adp,T4,2021,2,0,0,,
9831,"Tate, Golden",WR,2020,FAA,,5000,64,adp,T4,2021,2,0,0,,
13377,"Patrick, Tim",WR,2020,WAIVER,,1000,,,,2020,1,0,0,,
14330,"Shepherd, Darrius",WR,2020,WAIVER,,1000,,,,2020,1,0,0,,
14839,"Reagor, Jalen",WR,2020,ROOKIE,7,,37,adp,T3,2021,2,0,0,,
13066,"Raymond, Kalif",WR,2020,WAIVER,,1000,,,,2020,1,0,0,,
14840,"Aiyuk, Brandon",WR,2020,ROOKIE,18,,45,adp,T4,2024,5,0,2,2|None,2023|2024
9308,"Amendola, Danny",WR,2020,FAA,,1000,117,adp,T4,2020,1,0,0,,
14834,"Ruggs, Henry",WR,2020,ROOKIE,11,,35,adp,T3,2020,1,0,0,,
13157,"Samuel, Curtis",WR,2020,FAA,,3000,78,adp,T4,2020,1,0,0,,
13387,"Johnson, Marcus",WR,2020,WAIVER,,2000,,,,2020,1,0,0,,
13864,"Ward, Greg",WR,2020,WAIVER,,3000,126,adp,T4,2020,1,0,0,,
13418,"Bourne, Kendrick",WR,2020,FAA,,1000,116,adp,T4,2020,1,0,0,,
14853,"Johnson, Collin",WR,2020,WAIVER,,2000,85,adp,T4,2020,1,0,0,,
14866,"Thomas, Jeff",WR,2020,FAA,,1000,94,adp,T4,2020,1,0,0,,
10960,"Gordon, Josh",WR,2020,WAIVER,,4000,118,adp,T4,2020,1,0,0,,
14851,"Hill, K.J.",WR,2020,ROOKIE,40,,73,adp,T4,2020,1,0,0,,
11957,"Inman, Dontrelle",WR,2020,WAIVER,,1000,,,,2020,1,0,0,,
12656,"Higgins, Rashard",WR,2020,WAIVER,,8000,,,,2020,1,0,0,,
14850,"Cephus, Quintez",WR,2020,ROOKIE,36,,60,adp,T4,2021,2,0,0,,
10271,"Jones, Julio",WR,2020,FAA,,50000,5,adp,T1,2021,2,0,0,,
9823,"Bryant, Dez",WR,2020,FAA,,1000,20,bid,T3,2020,1,0,0,,
13724,"James, Richie",WR,2020,WAIVER,,5000,,,,2020,1,0,0,,
14832,"Lamb, CeeDee",WR,2020,ROOKIE,4,,26,adp,T3,2025,6,1,3,2|1|None,2023|2024|2025
13642,"Tate, Auden",WR,2020,FAA,,1000,119,adp,T4,2020,1,0,0,,
10729,"Hilton, T.Y.",WR,2020,FAA,,17000,29,adp,T3,2020,1,0,0,,
14841,"Claypool, Chase",WR,2020,ROOKIE,28,,49,adp,T4,2022,3,0,0,,
14280,"Miller, Scott",WR,2020,FAA,,1000,114,adp,T4,2021,2,0,0,,
13412,"Cole, Keelan",WR,2020,WAIVER,,4000,,,,2020,1,0,0,,
13640,"Callaway, Antonio",WR,2020,WAIVER,,1000,,,,2020,1,0,0,,
14844,"Edwards, Bryan",WR,2020,ROOKIE,22,,53,adp,T4,2022,3,0,0,,
14613,"Sims, Steven",WR,2020,FAA,,2000,95,adp,T4,2021,2,0,0,,
13277,"Golladay, Kenny",WR,2020,WAIVER,,62000,8,adp,T2,2020,1,0,0,,
14337,"Guyton, Jalen",WR,2020,WAIVER,,1000,,,,2020,1,0,0,,
14837,"Hamler, KJ",WR,2020,ROOKIE,30,,48,adp,T4,2022,3,0,0,,
14561,"Smith, Jeff",WR,2020,WAIVER,,1000,,,,2020,1,0,0,,
12184,"Crowder, Jamison",WR,2020,FAA,,7000,62,adp,T4,2021,2,0,0,,
14977,"Osborn, K.J.",WR,2020,ROOKIE,47,,,rookie_slot,,2022,3,0,0,,
14857,"Peoples-Jones, Donovan",WR,2020,ROOKIE,48,,59,adp,T4,2024,5,0,1,2,2023
14838,"Shenault, Laviska",WR,2020,ROOKIE,23,,46,adp,T4,2022,3,0,0,,
11951,"Snead, Willie",WR,2020,WAIVER,,1000,,,,2020,1,0,0,,
14592,"Zaccheaus, Olamide",WR,2020,WAIVER,,2000,,,,2020,1,0,0,,
13809,"Gage, Russell",WR,2020,FAA,,2000,104,adp,T4,2020,1,0,0,,
10973,"Beasley, Cole",WR,2020,FAA,,1000,99,adp,T4,2021,2,0,0,,
14974,"Mooney, Darnell",WR,2020,WAIVER,,1000,77,adp,T4,2022,3,0,0,,
12257,"Conley, Chris",WR,2020,FAA,,1000,107,adp,T4,2020,1,0,0,,
7393,"Fitzgerald, Larry",WR,2020,FAA,,8000,90,adp,T4,2020,1,0,0,,
14833,"Jeudy, Jerry",WR,2020,ROOKIE,6,,27,adp,T3,2023,4,0,1,1,2023
13155,"Ross, John",WR,2020,FAA,,2000,100,adp,T4,2020,1,0,0,,
14836,"Jefferson, Justin",WR,2020,ROOKIE,8,,36,adp,T3,2025,6,1,4,2|2|1|None,2022|2023|2024|2025
12197,"Perriman, Breshad",WR,2020,FAA,,11000,75,adp,T4,2020,1,0,0,,
13158,"Westbrook, Dede",WR,2020,WAIVER,,6000,92,adp,T4,2020,1,0,0,,
13895,"Sims, Cam",WR,2020,WAIVER,,1000,,,,2020,1,0,0,,
10308,"Cobb, Randall",WR,2020,FAA,,4000,98,adp,T4,2020,1,0,0,,
12464,"Byrd, Damiere",WR,2020,FAA,,1000,20,bid,T3,2020,1,0,0,,
13863,"Pringle, Byron",WR,2020,FAA,,1000,20,bid,T3,2020,1,0,0,,
13162,"Ford, Isaiah",WR,2020,WAIVER,,1000,,,,2020,1,0,0,,
13505,"Hall, Marvin",WR,2020,WAIVER,,1000,,,,2020,1,0,0,,
14122,"Slayton, Darius",WR,2021,FAA,,2000,98,adp,T4,2021,1,0,0,,
13641,"McCloud, Ray-Ray",WR,2021,WAIVER,,1000,,,,2021,1,0,0,,
15319,"Palmer, Josh",WR,2021,ROOKIE,27,,54,adp,T4,2024,4,0,1,2,2024
13652,"Wilson, Cedrick",WR,2021,WAIVER,,4000,,,,2021,1,0,0,,
13488,"Pascal, Zach",WR,2021,WAIVER,,2000,116,adp,T4,2021,1,0,0,,
14558,"Harris, Deonte",WR,2021,WAIVER,,4000,,,,2021,1,0,0,,
15317,"Stevenson, Marquez",WR,2021,ROOKIE,51,,,rookie_slot,,2021,1,0,0,,
14101,"Harry, N'Keal",WR,2021,FAA,,1000,25,bid,T3,2021,1,0,0,,
14265,"Fulgham, Travis",WR,2021,FAA,,2000,20,bid,T3,2021,1,0,0,,
15285,"Wallace, Tylan",WR,2021,ROOKIE,42,,32,adp,T3,2023,3,0,0,,
13638,"Berrios, Braxton",WR,2021,WAIVER,,4000,,,,2021,1,0,0,,
14992,"Watkins, Quez",WR,2021,WAIVER,,1000,102,adp,T4,2022,2,0,0,,
14864,"Johnson, Tyler",WR,2021,WAIVER,,1000,,,,2021,1,0,0,,
15282,"Smith, DeVonta",WR,2021,ROOKIE,10,,25,adp,T3,2025,5,1,3,None|None|None,2023|2024|2025
14127,"Meyers, Jakobi",WR,2021,FAA,,4000,82,adp,T4,2022,2,0,0,,
15290,"Collins, Nico",WR,2021,ROOKIE,28,,55,adp,T4,2025,5,1,2,2|1,2024|2025
12181,"Agholor, Nelson",WR,2021,WAIVER,,4000,83,adp,T4,2021,1,0,0,,
15491,"Skowronek, Ben",WR,2021,WAIVER,,1000,,,,2021,1,0,0,,
12505,"Humphries, Adam",WR,2021,WAIVER,,1000,,,,2021,1,0,0,,
12645,"Treadwell, Laquon",WR,2021,WAIVER,,1000,,,,2021,1,0,0,,
15297,"Rodgers, Amari",WR,2021,ROOKIE,21,,47,adp,T4,2022,2,0,0,,
13662,"Coutee, Keke",WR,2021,FAA,,1000,107,adp,T4,2021,1,0,0,,
15034,"Callaway, Marquez",WR,2021,FAA,,2000,74,adp,T4,2022,2,0,0,,
11670,"Watkins, Sammy",WR,2021,FAA,,1000,99,adp,T4,2021,1,0,0,,
12814,"Grant, Jakeem",WR,2021,WAIVER,,1000,,,,2021,1,0,0,,
15284,"Waddle, Jaylen",WR,2021,ROOKIE,6,,40,adp,T3,2025,5,1,2,2|None,2024|2025
11228,"Woods, Robert",WR,2021,FAA,,41000,15,adp,T3,2021,1,0,0,,
12785,"Robinson, Demarcus",WR,2021,WAIVER,,1000,108,adp,T4,2021,1,0,0,,
13633,"Kirk, Christian",WR,2021,FAA,,4000,93,adp,T4,2021,1,0,0,,
13645,"Smith, Tre'Quan",WR,2021,WAIVER,,8000,88,adp,T4,2021,1,0,0,,
15289,"Toney, Kadarius",WR,2021,ROOKIE,16,,43,adp,T4,2023,3,0,1,None,2023
12658,"Shepard, Sterling",WR,2021,FAA,,5000,81,adp,T4,2021,1,0,0,,
11674,"Cooks, Brandin",WR,2021,FAA,,9000,49,adp,T4,2023,3,0,0,,
10738,"Jones, Marvin",WR,2021,FAA,,10000,76,adp,T4,2021,1,0,0,,
13377,"Patrick, Tim",WR,2021,FAA,,1000,113,adp,T4,2022,2,0,0,,
10261,"Green, A.J.",WR,2021,FAA,,11000,91,adp,T4,2021,1,0,0,,
12773,"Moore, Chris",WR,2021,WAIVER,,1000,,,,2021,1,0,0,,
13066,"Raymond, Kalif",WR,2021,WAIVER,,1000,,,,2021,1,0,0,,
15407,"Fitzpatrick, Dez",WR,2021,FAA,,1000,26,adp,T3,2021,1,0,0,,
11225,"Patterson, Cordarrelle",WR,2021,FAA,,1000,25,bid,T3,2022,2,0,1,1,2021
9308,"Amendola, Danny",WR,2021,WAIVER,,1000,,,,2021,1,0,0,,
14834,"Ruggs, Henry",WR,2021,WAIVER,,1000,68,adp,T4,2021,1,0,0,,
13154,"Williams, Mike",WR,2021,FAA,,6000,77,adp,T4,2023,3,0,1,1,2022
13157,"Samuel, Curtis",WR,2021,FAA,,12000,72,adp,T4,2021,1,0,0,,
15288,"Moore, Elijah",WR,2021,ROOKIE,19,,57,adp,T4,2022,2,0,0,,
13387,"Johnson, Marcus",WR,2021,WAIVER,,4000,,,,2021,1,0,0,,
13418,"Bourne, Kendrick",WR,2021,FAA,,1000,117,adp,T4,2021,1,0,0,,
12187,"Lockett, Tyler",WR,2021,FAA,,37000,23,adp,T3,2023,3,0,0,,
14853,"Johnson, Collin",WR,2021,WAIVER,,4000,,,,2021,1,0,0,,
10960,"Gordon, Josh",WR,2021,WAIVER,,4000,,,,2021,1,0,0,,
14865,"Swain, Freddie",WR,2021,WAIVER,,1000,,,,2021,1,0,0,,
14848,"Proche, James",WR,2021,FAA,,1000,25,bid,T3,2021,1,0,0,,
13632,"Lazard, Allen",WR,2021,WAIVER,,2000,100,adp,T4,2021,1,0,0,,
15308,"Marshall, Terrace",WR,2021,ROOKIE,18,,62,adp,T4,2021,1,0,0,,
9075,"Jackson, DeSean",WR,2021,WAIVER,,8000,111,adp,T4,2021,1,0,0,,
11678,"Robinson, Allen",WR,2021,FAA,,50000,11,adp,T2,2021,1,0,0,,
12656,"Higgins, Rashard",WR,2021,WAIVER,,1000,,,,2021,1,0,0,,
15302,"Eskridge, D'Wayne",WR,2021,ROOKIE,30,,48,adp,T4,2023,3,0,0,,
12394,"Carter, DeAndre",WR,2021,WAIVER,,2000,,,,2021,1,0,0,,
15296,"Schwartz, Anthony",WR,2021,ROOKIE,47,,30,adp,T3,2021,1,0,0,,
15293,"Bateman, Rashod",WR,2021,ROOKIE,11,,51,adp,T4,2022,2,0,0,,
10729,"Hilton, T.Y.",WR,2021,FAA,,4000,84,adp,T4,2021,1,0,0,,
13640,"Callaway, Antonio",WR,2021,FAA,,2000,20,bid,T3,2021,1,0,0,,
11239,"Goodwin, Marquise",WR,2021,WAIVER,,1000,,,,2021,1,0,0,,
13646,"Gallup, Michael",WR,2021,WAIVER,,10000,67,adp,T4,2022,2,0,0,,
12934,"Rogers, Chester",WR,2021,WAIVER,,1000,,,,2021,1,0,0,,
12650,"Boyd, Tyler",WR,2021,FAA,,21000,45,adp,T4,2023,3,0,1,None,2023
13277,"Golladay, Kenny",WR,2021,WAIVER,,18000,39,adp,T3,2021,1,0,1,1,2021
11671,"Evans, Mike",WR,2021,FAA,,59000,12,adp,T2,2021,1,0,0,,
15301,"Atwell, Tutu",WR,2021,ROOKIE,52,,38,adp,T3,2023,3,0,0,,
14337,"Guyton, Jalen",WR,2021,WAIVER,,4000,,,,2021,1,0,0,,
13631,"Washington, James",WR,2021,WAIVER,,1000,118,adp,T4,2021,1,0,0,,
11232,"Hopkins, DeAndre",WR,2021,FAA,,70000,4,adp,T1,2021,1,0,0,,
14592,"Zaccheaus, Olamide",WR,2021,WAIVER,,4000,112,adp,T4,2021,1,0,0,,
13809,"Gage, Russell",WR,2021,FAA,,5000,73,adp,T4,2021,1,0,0,,
15316,"Powell, Cornell",WR,2021,ROOKIE,41,,33,adp,T3,2021,1,0,0,,
15109,"Westbrook-Ikhine, Nick",WR,2021,WAIVER,,8000,,,,2021,1,0,0,,
15292,"Brown, Dyami",WR,2021,ROOKIE,24,,50,adp,T4,2023,3,0,0,,
12257,"Conley, Chris",WR,2021,WAIVER,,1000,,,,2021,1,0,0,,
15478,"Strachan, Mike",WR,2021,WAIVER,,1000,,,,2021,1,0,0,,
13793,"Valdes-Scantling, Marquez",WR,2021,WAIVER,,4000,96,adp,T4,2021,1,0,0,,
12188,"Dorsett, Phillip",WR,2021,WAIVER,,1000,,,,2021,1,0,0,,
13155,"Ross, John",WR,2021,FAA,,1000,25,bid,T3,2021,1,0,0,,
13308,"Agnew, Jamal",WR,2021,WAIVER,,1000,,,,2021,1,0,0,,
13168,"Reynolds, Josh",WR,2021,WAIVER,,1000,115,adp,T4,2021,1,0,0,,
15434,"Smith-Marsette, Ihmir",WR,2021,FAA,,1000,44,adp,T4,2021,1,0,0,,
15321,"Darden, Jaelon",WR,2021,ROOKIE,60,,42,adp,T4,2022,2,0,0,,
15281,"Chase, Ja'Marr",WR,2021,ROOKIE,2,,16,adp,T3,2025,5,1,3,None|None|1,2023|2024|2025
12197,"Perriman, Breshad",WR,2021,FAA,,4000,97,adp,T4,2021,1,0,0,,
10308,"Cobb, Randall",WR,2021,FAA,,3000,94,adp,T4,2021,1,0,0,,
15325,"Johnson, Cade",WR,2021,ROOKIE,58,,,rookie_slot,,2022,2,0,0,,
15287,"St. Brown, Amon-Ra",WR,2021,ROOKIE,20,,64,adp,T4,2025,5,1,2,2|None,2024|2025
15283,"Moore, Rondale",WR,2021,ROOKIE,17,,60,adp,T4,2023,3,0,0,,
14121,"Isabella, Andy",WR,2021,WAIVER,,1000,,,,2021,1,0,0,,
13863,"Pringle, Byron",WR,2021,FAA,,2000,105,adp,T4,2021,1,0,0,,
11222,"Allen, Keenan",WR,2021,FAA,,60000,9,adp,T2,2022,2,0,0,,
15782,"Gray, Danny",WR,2022,ROOKIE,55,,45,adp,T4,2024,3,0,0,,
15755,"Dotson, Jahan",WR,2022,ROOKIE,12,,55,adp,T4,2023,2,0,0,,
14122,"Slayton, Darius",WR,2022,WAIVER,,1000,,,,2022,1,0,0,,
13668,"Chark, D.J.",WR,2022,WAIVER,,1000,71,adp,T4,2023,2,0,1,1,2022
13289,"Hollins, Mack",WR,2022,WAIVER,,4000,190,adp,T4,2022,1,0,0,,
14113,"Hardman, Mecole",WR,2022,FAA,,4000,76,adp,T4,2022,1,0,0,,
9918,"Sanders, Emmanuel",WR,2022,WAIVER,,1000,132,adp,T4,2022,1,0,0,,
15767,"Jones, Velus",WR,2022,ROOKIE,52,,41,adp,T4,2022,1,0,0,,
14112,"Campbell, Parris",WR,2022,FAA,,4000,96,adp,T4,2023,2,0,0,,
13176,"Jones, Zay",WR,2022,WAIVER,,11000,105,adp,T4,2022,1,0,0,,
11679,"Beckham, Odell",WR,2022,FAA,,5000,100,adp,T4,2023,2,0,0,,
12175,"Cooper, Amari",WR,2022,WAIVER,,27000,40,adp,T3,2024,3,0,2,None|None,2023|2024
15766,"Moore, Skyy",WR,2022,ROOKIE,8,,48,adp,T4,2023,2,0,0,,
14846,"Mims, Denzel",WR,2022,WAIVER,,1000,154,adp,T4,2022,1,0,0,,
13172,"Brown, Noah",WR,2022,WAIVER,,5000,165,adp,T4,2022,1,0,0,,
14101,"Harry, N'Keal",WR,2022,WAIVER,,1000,148,adp,T4,2022,1,0,0,,
13638,"Berrios, Braxton",WR,2022,FAA,,2000,106,adp,T4,2022,1,0,0,,
15901,"Philips, Kyle",WR,2022,ROOKIE,66,,58,adp,T4,2022,1,0,0,,
15901,"Philips, Kyle",WR,2022,FAA,,1000,58,adp,T4,2022,1,0,0,,
13163,"Godwin, Chris",WR,2022,ERA,,43000,29,adp,T3,2022,1,0,0,,
12181,"Agholor, Nelson",WR,2022,WAIVER,,1000,119,adp,T4,2022,1,0,0,,
15491,"Skowronek, Ben",WR,2022,WAIVER,,3000,,,,2022,1,0,0,,
15757,"Robinson, Wan'Dale",WR,2022,ROOKIE,25,,63,adp,T4,2025,4,1,1,2,2025
15841,"Toure, Samori",WR,2022,WAIVER,,3000,53,adp,T4,2022,1,0,0,,
15758,"Bell, David",WR,2022,ROOKIE,16,,36,adp,T3,2024,3,0,0,,
11670,"Watkins, Sammy",WR,2022,WAIVER,,1000,91,adp,T4,2022,1,0,0,,
13153,"Davis, Corey",WR,2022,FAA,,4000,82,adp,T4,2022,1,0,0,,
11228,"Woods, Robert",WR,2022,FAA,,13000,66,adp,T4,2022,1,0,0,,
15753,"Wilson, Garrett",WR,2022,ROOKIE,2,,46,adp,T4,2025,4,1,1,2,2025
14108,"Dortch, Greg",WR,2022,WAIVER,,4000,,,,2022,1,0,0,,
12785,"Robinson, Demarcus",WR,2022,WAIVER,,4000,175,adp,T4,2022,1,0,0,,
13633,"Kirk, Christian",WR,2022,FAA,,9000,60,adp,T4,2024,3,0,1,None,2023
13645,"Smith, Tre'Quan",WR,2022,WAIVER,,1000,213,adp,T4,2022,1,0,0,,
12658,"Shepard, Sterling",WR,2022,WAIVER,,1000,109,adp,T4,2022,1,0,0,,
10738,"Jones, Marvin",WR,2022,WAIVER,,2000,75,adp,T4,2022,1,0,0,,
13629,"Ridley, Calvin",WR,2022,FAA,,18000,84,adp,T4,2025,4,1,2,None|None,2024|2025
15763,"Ross, Justyn",WR,2022,ROOKIE,35,,26,adp,T3,2022,1,0,0,,
16080,"Shaheed, Rashid",WR,2022,WAIVER,,1000,,,,2024,3,0,0,,
10261,"Green, A.J.",WR,2022,FAA,,3000,95,adp,T4,2022,1,0,0,,
12773,"Moore, Chris",WR,2022,WAIVER,,4000,,,,2022,1,0,0,,
12930,"Anderson, Robbie",WR,2022,FAA,,3000,90,adp,T4,2022,1,0,0,,
13157,"Samuel, Curtis",WR,2022,FAA,,1000,104,adp,T4,2022,1,0,0,,
13776,"Watson, Justin",WR,2022,WAIVER,,1000,191,adp,T4,2022,1,0,0,,
13418,"Bourne, Kendrick",WR,2022,FAA,,6000,89,adp,T4,2022,1,0,0,,
14315,"Dulin, Ashton",WR,2022,FAA,,3000,215,adp,T4,2022,1,0,0,,
11680,"Landry, Jarvis",WR,2022,FAA,,4000,81,adp,T4,2022,1,0,0,,
13632,"Lazard, Allen",WR,2022,FAA,,12000,42,adp,T4,2024,3,0,0,,
15308,"Marshall, Terrace",WR,2022,WAIVER,,1000,111,adp,T4,2022,1,0,0,,
15789,"Watson, Christian",WR,2022,ROOKIE,10,,52,adp,T4,2024,3,0,0,,
13313,"McKenzie, Isaiah",WR,2022,FAA,,3000,83,adp,T4,2022,1,0,0,,
11678,"Robinson, Allen",WR,2022,FAA,,21000,24,adp,T3,2023,2,0,0,,
15761,"Shakir, Khalil",WR,2022,ROOKIE,29,,38,adp,T3,2024,3,0,0,,
15981,"Turpin, KaVontae",WR,2022,WAIVER,,1000,151,adp,T4,2023,2,0,0,,
10271,"Jones, Julio",WR,2022,FAA,,5000,80,adp,T4,2022,1,0,0,,
12394,"Carter, DeAndre",WR,2022,WAIVER,,7000,,,,2022,1,0,0,,
13724,"James, Richie",WR,2022,WAIVER,,5000,,,,2022,1,0,0,,
15780,"Ezukanma, Erik",WR,2022,FAA,,1000,50,adp,T4,2022,1,0,0,,
15762,"Pickens, George",WR,2022,ROOKIE,7,,51,adp,T4,2025,4,1,1,1,2025
15768,"Pierce, Alec",WR,2022,ROOKIE,18,,56,adp,T4,2024,3,0,0,,
15788,"Tolbert, Jalen",WR,2022,ROOKIE,27,,65,adp,T4,2024,3,0,0,,
11239,"Goodwin, Marquise",WR,2022,WAIVER,,8000,162,adp,T4,2022,1,0,0,,
13277,"Golladay, Kenny",WR,2022,WAIVER,,4000,87,adp,T4,2022,1,0,0,,
11671,"Evans, Mike",WR,2022,FAA,,38000,9,adp,T2,2023,2,0,0,,
15756,"Williams, Jameson",WR,2022,ROOKIE,6,,47,adp,T4,2025,4,1,1,1,2025
13156,"Smith-Schuster, JuJu",WR,2022,FAA,,15000,25,adp,T3,2022,1,0,0,,
12184,"Crowder, Jamison",WR,2022,FAA,,3000,99,adp,T4,2022,1,0,0,,
12176,"Parker, DeVante",WR,2022,FAA,,5000,70,adp,T4,2023,2,0,0,,
15759,"Metchie, John",WR,2022,ROOKIE,23,,21,adp,T3,2023,2,0,0,,
11232,"Hopkins, DeAndre",WR,2022,FAA,,32000,54,adp,T4,2023,2,0,0,,
13893,"Sherfield, Trent",WR,2022,WAIVER,,2000,,,,2022,1,0,0,,
15779,"Doubs, Romeo",WR,2022,ROOKIE,40,,67,adp,T4,2024,3,0,0,,
14592,"Zaccheaus, Olamide",WR,2022,WAIVER,,1000,117,adp,T4,2022,1,0,0,,
15751,"London, Drake",WR,2022,ROOKIE,3,,27,adp,T3,2025,4,1,2,None|None,2024|2025
15752,"Burks, Treylon",WR,2022,ROOKIE,11,,44,adp,T4,2023,2,0,0,,
15754,"Olave, Chris",WR,2022,ROOKIE,5,,39,adp,T3,2025,4,1,2,None|None,2024|2025
13809,"Gage, Russell",WR,2022,FAA,,7000,78,adp,T4,2022,1,0,0,,
15785,"Melton, Bo",WR,2022,ROOKIE,57,,200,adp,T4,2024,3,0,0,,
15109,"Westbrook-Ikhine, Nick",WR,2022,WAIVER,,4000,103,adp,T4,2022,1,0,0,,
15787,"Thornton, Tyquan",WR,2022,ROOKIE,34,,32,adp,T3,2024,3,0,0,,
13793,"Valdes-Scantling, Marquez",WR,2022,FAA,,5000,74,adp,T4,2022,1,0,0,,
13308,"Agnew, Jamal",WR,2022,WAIVER,,3000,,,,2022,1,0,0,,
13168,"Reynolds, Josh",WR,2022,WAIVER,,3000,,,,2022,1,0,0,,
14849,"Hodgins, Isaiah",WR,2022,WAIVER,,1000,,,,2023,2,0,0,,
10308,"Cobb, Randall",WR,2022,WAIVER,,1000,107,adp,T4,2022,1,0,0,,
12464,"Byrd, Damiere",WR,2022,WAIVER,,3000,142,adp,T4,2022,1,0,0,,
15777,"Austin III, Calvin",WR,2022,ROOKIE,38,,34,adp,T3,2023,2,0,0,,
13863,"Pringle, Byron",WR,2022,FAA,,1000,112,adp,T4,2022,1,0,0,,
16183,"Hyatt, Jalin",WR,2023,ROOKIE,34,,51,adp,T4,2024,2,0,0,,
14122,"Slayton, Darius",WR,2023,FAA,,2000,99,adp,T4,2023,1,0,0,,
16393,"Bobo, Jake",WR,2023,WAIVER,,2000,,,,2023,1,0,0,,
14113,"Hardman, Mecole",WR,2023,WAIVER,,1000,112,adp,T4,2023,1,0,0,,
16197,"Mingo, Jonathan",WR,2023,ROOKIE,16,,47,adp,T4,2025,3,1,0,,
13641,"McCloud, Ray-Ray",WR,2023,WAIVER,,1000,,,,2023,1,0,0,,
13176,"Jones, Zay",WR,2023,WAIVER,,7000,76,adp,T4,2023,1,0,0,,
13652,"Wilson, Cedrick",WR,2023,WAIVER,,1000,,,,2023,1,0,0,,
13910,"Powell, Brandon",WR,2023,WAIVER,,1000,,,,2023,1,0,0,,
12186,"Diggs, Stefon",WR,2023,ERA,,58000,5,adp,T1,2023,1,0,0,,
12801,"Hill, Tyreek",WR,2023,ERA,,51000,3,adp,T1,2023,1,0,0,,
14558,"Harty, Deonte",WR,2023,FAA,,1000,22,bid,T3,2023,1,0,0,,
15987,"Johnson, Brandon",WR,2023,WAIVER,,1000,,,,2023,1,0,0,,
13172,"Brown, Noah",WR,2023,WAIVER,,5000,,,,2023,1,0,0,,
14551,"Irwin, Trenton",WR,2023,WAIVER,,1000,,,,2023,1,0,0,,
13638,"Berrios, Braxton",WR,2023,WAIVER,,4000,,,,2023,1,0,0,,
14858,"Jefferson, Van",WR,2023,ERA,,6000,86,adp,T4,2023,1,0,0,,
16204,"Dell, Tank",WR,2023,ROOKIE,31,,52,adp,T4,2024,2,0,0,,
16206,"Wilson, Michael",WR,2023,ROOKIE,36,,42,adp,T4,2024,2,0,0,,
14127,"Meyers, Jakobi",WR,2023,FAA,,5000,71,adp,T4,2023,1,0,0,,
15901,"Philips, Kyle",WR,2023,WAIVER,,1000,,,,2023,1,0,0,,
13163,"Godwin, Chris",WR,2023,FAA,,27000,25,adp,T3,2024,2,0,0,,
14123,"Renfrow, Hunter",WR,2023,FAA,,1000,101,adp,T4,2023,1,0,0,,
12181,"Agholor, Nelson",WR,2023,WAIVER,,1000,,,,2023,1,0,0,,
14847,"Duvernay, Devin",WR,2023,WAIVER,,1000,,,,2023,1,0,0,,
16196,"Perry, A.T.",WR,2023,ROOKIE,52,,46,adp,T4,2025,3,1,0,,
11228,"Woods, Robert",WR,2023,FAA,,3000,103,adp,T4,2023,1,0,0,,
14108,"Dortch, Greg",WR,2023,FAA,,1000,116,adp,T4,2023,1,0,0,,
12785,"Robinson, Demarcus",WR,2023,WAIVER,,10000,,,,2023,1,0,0,,
16287,"Tucker, Tre",WR,2023,WAIVER,,1000,60,adp,T4,2023,1,0,0,,
16416,"Gipson, Xavier",WR,2023,WAIVER,,2000,,,,2023,1,0,0,,
16185,"Smith-Njigba, Jaxon",WR,2023,ROOKIE,6,,23,adp,T3,2025,3,1,1,None,2025
15763,"Ross, Justyn",WR,2023,FAA,,15000,92,adp,T4,2023,1,0,0,,
16207,"Iosivas, Andrei",WR,2023,WAIVER,,1000,80,adp,T4,2024,2,0,0,,
16193,"Boutte, Kayshon",WR,2023,ROOKIE,40,,41,adp,T4,2025,3,1,0,,
16184,"Reed, Jayden",WR,2023,ROOKIE,15,,53,adp,T4,2025,3,1,0,,
13066,"Raymond, Kalif",WR,2023,WAIVER,,1000,,,,2023,1,0,0,,
16199,"Palmer, Trey",WR,2023,WAIVER,,1000,65,adp,T4,2023,1,0,0,,
12930,"Anderson, Robby",WR,2023,WAIVER,,1000,,,,2023,1,0,0,,
12652,"Thomas, Michael",WR,2023,FAA,,6000,62,adp,T4,2023,1,0,0,,
16195,"Wicks, Dontayvion",WR,2023,FAA,,2000,63,adp,T4,2024,2,0,0,,
16203,"Jones, Charlie",WR,2023,ROOKIE,39,,44,adp,T4,2024,2,0,0,,
13157,"Samuel, Curtis",WR,2023,FAA,,1000,96,adp,T4,2024,2,0,0,,
15288,"Moore, Elijah",WR,2023,WAIVER,,5000,70,adp,T4,2023,1,0,0,,
13776,"Watson, Justin",WR,2023,WAIVER,,2000,100,adp,T4,2023,1,0,0,,
13630,"Sutton, Courtland",WR,2023,FAA,,10000,57,adp,T4,2025,3,1,1,None,2025
16342,"Douglas, Demario",WR,2023,WAIVER,,1000,78,adp,T4,2025,3,1,2,None|None,2024|2025
13418,"Bourne, Kendrick",WR,2023,WAIVER,,5000,113,adp,T4,2023,1,0,0,,
15308,"Marshall, Terrace",WR,2023,FAA,,4000,109,adp,T4,2023,1,0,0,,
16211,"Nacua, Puka",WR,2023,ROOKIE,51,,55,adp,T4,2025,3,1,0,,
16188,"Johnston, Quentin",WR,2023,ROOKIE,8,,35,adp,T3,2025,3,1,0,,
16189,"Mims, Marvin",WR,2023,ROOKIE,20,,54,adp,T4,2025,3,1,0,,
13724,"James, Richie",WR,2023,FAA,,4000,104,adp,T4,2023,1,0,0,,
15780,"Ezukanma, Erik",WR,2023,WAIVER,,1000,,,,2023,1,0,0,,
11938,"Thielen, Adam",WR,2023,FAA,,4000,82,adp,T4,2023,1,0,0,,
15293,"Bateman, Rashod",WR,2023,WAIVER,,1000,74,adp,T4,2023,1,0,1,None,2023
14841,"Claypool, Chase",WR,2023,ERA,,3000,105,adp,T4,2023,1,0,0,,
13862,"Cracraft, River",WR,2023,WAIVER,,1000,,,,2023,1,0,0,,
16187,"Downs, Josh",WR,2023,ROOKIE,26,,37,adp,T3,2025,3,1,1,None,2025
16186,"Addison, Jordan",WR,2023,ROOKIE,9,,22,adp,T3,2025,3,1,1,None,2025
16194,"Rice, Rashee",WR,2023,ROOKIE,18,,49,adp,T4,2025,3,1,1,None,2025
13646,"Gallup, Michael",WR,2023,FAA,,1000,94,adp,T4,2023,1,0,0,,
16201,"Hutchinson, Xavier",WR,2023,ROOKIE,50,,50,adp,T4,2023,1,0,0,,
13156,"Smith-Schuster, JuJu",WR,2023,WAIVER,,1000,61,adp,T4,2023,1,0,0,,
12184,"Crowder, Jamison",WR,2023,WAIVER,,1000,,,,2023,1,0,0,,
14977,"Osborn, K.J.",WR,2023,FAA,,2000,88,adp,T4,2023,1,0,0,,
16190,"Flowers, Zay",WR,2023,ROOKIE,11,,27,adp,T3,2025,3,1,1,None,2025
14592,"Zaccheaus, Olamide",WR,2023,WAIVER,,1000,,,,2024,2,0,0,,
14974,"Mooney, Darnell",WR,2023,ERA,,8000,87,adp,T4,2023,1,0,0,,
16192,"Washington, Parker",WR,2023,WAIVER,,14000,67,adp,T4,2023,1,0,0,,
15109,"Westbrook-Ikhine, Nick",WR,2023,WAIVER,,1000,,,,2023,1,0,0,,
13793,"Valdes-Scantling, Marquez",WR,2023,FAA,,3000,83,adp,T4,2023,1,0,0,,
13168,"Reynolds, Josh",WR,2023,FAA,,1000,107,adp,T4,2023,1,0,0,,
16205,"Scott, Tyler",WR,2023,ROOKIE,44,,43,adp,T4,2025,3,1,0,,
14105,"Brown, Marquise",WR,2023,FAA,,37000,48,adp,T4,2023,1,0,0,,
15786,"Nailor, Jalen",WR,2023,FAA,,1000,22,bid,T3,2023,1,0,0,,
16191,"Tillman, Cedric",WR,2023,ROOKIE,38,,36,adp,T3,2024,2,0,0,,
11222,"Allen, Keenan",WR,2023,FAA,,28000,18,adp,T3,2024,2,0,0,,
14106,"Butler, Hakeem",WR,2023,FAA,,1000,22,bid,T3,2023,1,0,0,,
11675,"Adams, Davante",WR,2023,ERA,,72000,9,adp,T2,2023,1,0,0,,
16614,"Harrison Jr., Marvin",WR,2024,ROOKIE,2,,6,adp,T1,2025,2,1,0,,
15755,"Dotson, Jahan",WR,2024,WAIVER,,2000,89,adp,T4,2024,1,0,0,,
14122,"Slayton, Darius",WR,2024,FAA,,1000,108,adp,T4,2024,1,0,0,,
13668,"Chark, D.J.",WR,2024,WAIVER,,1000,107,adp,T4,2024,1,0,0,,
13289,"Hollins, Mack",WR,2024,WAIVER,,1000,,,,2024,1,0,0,,
14113,"Hardman, Mecole",WR,2024,FAA,,1000,24,bid,T3,2024,1,0,0,,
16636,"Corley, Malachi",WR,2024,ROOKIE,49,,38,adp,T3,2025,2,1,0,,
16625,"Wilson, Johnny",WR,2024,FAA,,1000,59,adp,T4,2024,1,0,0,,
13641,"McCloud, Ray-Ray",WR,2024,WAIVER,,2000,,,,2024,1,0,0,,
13176,"Jones, Zay",WR,2024,FAA,,1000,102,adp,T4,2024,1,0,0,,
11679,"Beckham, Odell",WR,2024,WAIVER,,1000,100,adp,T4,2024,1,0,0,,
12186,"Diggs, Stefon",WR,2024,FAA,,16000,22,adp,T3,2024,1,0,0,,
12801,"Hill, Tyreek",WR,2024,FAA,,61000,2,adp,T1,2025,2,1,0,,
16626,"Mitchell, Adonai",WR,2024,ROOKIE,22,,54,adp,T4,2025,2,1,0,,
16620,"Worthy, Xavier",WR,2024,ROOKIE,11,,28,adp,T3,2025,2,1,0,,
13172,"Brown, Noah",WR,2024,FAA,,2000,97,adp,T4,2024,1,0,0,,
16615,"Nabers, Malik",WR,2024,ROOKIE,3,,11,adp,T2,2025,2,1,0,,
16684,"Washington, Malik",WR,2024,ROOKIE,32,,49,adp,T4,2025,2,1,0,,
14864,"Johnson, Tyler",WR,2024,WAIVER,,4000,,,,2024,1,0,0,,
13348,"Moore, David",WR,2024,WAIVER,,1000,,,,2024,1,0,0,,
14858,"Jefferson, Van",WR,2024,FAA,,1000,103,adp,T4,2024,1,0,0,,
16617,"Coleman, Keon",WR,2024,ROOKIE,13,,25,adp,T3,2025,2,1,0,,
14127,"Meyers, Jakobi",WR,2024,FAA,,4000,71,adp,T4,2025,2,1,0,,
16618,"Thomas Jr., Brian",WR,2024,ROOKIE,15,,33,adp,T3,2025,2,1,0,,
16616,"Odunze, Rome",WR,2024,ROOKIE,6,,29,adp,T3,2025,2,1,0,,
16621,"Walker, Devontez",WR,2024,ROOKIE,41,,44,adp,T4,2025,2,1,0,,
16624,"Thrash, Jamari",WR,2024,WAIVER,,1000,63,adp,T4,2024,1,0,0,,
16451,"Shavers, Tyrell",WR,2024,FAA,,1000,24,bid,T3,2024,1,0,0,,
14102,"Metcalf, DK",WR,2024,ERA,,33000,19,adp,T3,2025,2,1,0,,
16632,"Burton, Jermaine",WR,2024,ROOKIE,14,,47,adp,T4,2025,2,1,0,,
16637,"Baker, Javon",WR,2024,ROOKIE,25,,39,adp,T3,2024,1,0,0,,
16809,"Coker, Jalen",WR,2024,WAIVER,,1000,69,adp,T4,2025,2,1,0,,
14108,"Dortch, Greg",WR,2024,FAA,,1000,101,adp,T4,2024,1,0,0,,
12785,"Robinson, Demarcus",WR,2024,FAA,,1000,95,adp,T4,2024,1,0,0,,
16287,"Tucker, Tre",WR,2024,WAIVER,,1000,104,adp,T4,2025,2,1,0,,
16416,"Gipson, Xavier",WR,2024,FAA,,1000,24,bid,T3,2024,1,0,0,,
12658,"Shepard, Sterling",WR,2024,WAIVER,,4000,,,,2024,1,0,0,,
11674,"Cooks, Brandin",WR,2024,FAA,,2000,78,adp,T4,2024,1,0,0,,
14845,"Davis, Gabriel",WR,2024,FAA,,4000,91,adp,T4,2024,1,0,0,,
16858,"Tipton, Mason",WR,2024,FAA,,3000,14,bid,T2,2024,1,0,0,,
15763,"Ross, Justyn",WR,2024,FAA,,1000,24,bid,T3,2024,1,0,0,,
13377,"Patrick, Tim",WR,2024,WAIVER,,2000,,,,2024,1,0,0,,
13066,"Raymond, Kalif",WR,2024,WAIVER,,4000,,,,2024,1,0,0,,
11225,"Patterson, Cordarrelle",WR,2024,WAIVER,,1000,94,adp,T4,2024,1,0,0,,
16633,"Whittington, Jordan",WR,2024,FAA,,2000,74,adp,T4,2024,1,0,0,,
16199,"Palmer, Trey",WR,2024,FAA,,1000,24,bid,T3,2024,1,0,0,,
13154,"Williams, Mike",WR,2024,FAA,,3000,84,adp,T4,2024,1,0,0,,
16788,"Vele, Devaughn",WR,2024,WAIVER,,3000,,,,2024,1,0,0,,
15288,"Moore, Elijah",WR,2024,FAA,,1000,105,adp,T4,2024,1,0,0,,
13418,"Bourne, Kendrick",WR,2024,FAA,,2000,103,adp,T4,2024,1,0,0,,
12187,"Lockett, Tyler",WR,2024,FAA,,4000,77,adp,T4,2024,1,0,0,,
16686,"Smith, Ainias",WR,2024,ROOKIE,54,,61,adp,T4,2025,2,1,0,,
16198,"Jarrett, Rakim",WR,2024,WAIVER,,1000,,,,2024,1,0,0,,
16628,"McMillan, Jalen",WR,2024,ROOKIE,44,,56,adp,T4,2025,2,1,0,,
16635,"McCaffrey, Luke",WR,2024,ROOKIE,35,,57,adp,T4,2025,2,1,0,,
16623,"Rice, Brenden",WR,2024,ROOKIE,50,,46,adp,T4,2025,2,1,0,,
16631,"Polk, Ja'Lynn",WR,2024,ROOKIE,30,,58,adp,T4,2025,2,1,0,,
15981,"Turpin, KaVontae",WR,2024,WAIVER,,1000,,,,2024,1,0,0,,
14860,"Jennings, Jauan",WR,2024,FAA,,1000,24,bid,T3,2025,2,1,2,1|None,2024|2025
11938,"Thielen, Adam",WR,2024,FAA,,3000,76,adp,T4,2024,1,0,0,,
16627,"McConkey, Ladd",WR,2024,ROOKIE,12,,32,adp,T3,2025,2,1,0,,
15293,"Bateman, Rashod",WR,2024,WAIVER,,3000,96,adp,T4,2024,1,0,0,,
16778,"Flournoy, Ryan",WR,2024,WAIVER,,1000,62,adp,T4,2024,1,0,0,,
16619,"Franklin, Troy",WR,2024,ROOKIE,21,,40,adp,T3,2025,2,1,0,,
12650,"Boyd, Tyler",WR,2024,WAIVER,,4000,99,adp,T4,2024,1,0,0,,
16201,"Hutchinson, Xavier",WR,2024,WAIVER,,4000,,,,2024,1,0,0,,
16639,"Legette, Xavier",WR,2024,ROOKIE,28,,55,adp,T4,2025,2,1,0,,
11671,"Evans, Mike",WR,2024,FAA,,24000,17,adp,T3,2025,2,1,0,,
15301,"Atwell, Tutu",WR,2024,WAIVER,,1000,,,,2024,1,0,0,,
13156,"Smith-Schuster, JuJu",WR,2024,WAIVER,,1000,,,,2024,1,0,0,,
15759,"Metchie, John",WR,2024,WAIVER,,5000,,,,2024,1,0,0,,
11232,"Hopkins, DeAndre",WR,2024,FAA,,11000,67,adp,T4,2024,1,0,0,,
15752,"Burks, Treylon",WR,2024,FAA,,4000,109,adp,T4,2024,1,0,0,,
16622,"Pearsall, Ricky",WR,2024,ROOKIE,19,,37,adp,T3,2025,2,1,0,,
14974,"Mooney, Darnell",WR,2024,FAA,,2000,87,adp,T4,2025,2,1,2,1|None,2024|2025
16192,"Washington, Parker",WR,2024,WAIVER,,11000,,,,2024,1,0,0,,
15109,"Westbrook-Ikhine, Nick",WR,2024,WAIVER,,1000,,,,2024,1,0,0,,
16640,"Cowing, Jacob",WR,2024,ROOKIE,52,,51,adp,T4,2025,2,1,0,,
15292,"Brown, Dyami",WR,2024,WAIVER,,1000,93,adp,T4,2024,1,0,0,,
13793,"Valdes-Scantling, Marquez",WR,2024,WAIVER,,4000,,,,2024,1,0,0,,
14833,"Jeudy, Jerry",WR,2024,FAA,,3000,82,adp,T4,2025,2,1,0,,
13168,"Reynolds, Josh",WR,2024,FAA,,3000,112,adp,T4,2024,1,0,0,,
13164,"Kupp, Cooper",WR,2024,ERA,,46000,14,adp,T2,2024,1,0,0,,
14105,"Brown, Marquise",WR,2024,FAA,,8000,70,adp,T4,2025,2,1,0,,
15786,"Nailor, Jalen",WR,2024,WAIVER,,1000,88,adp,T4,2024,1,0,0,,
16629,"Wilson, Roman",WR,2024,ROOKIE,29,,36,adp,T3,2025,2,1,0,,
15283,"Moore, Rondale",WR,2024,ERA,,6000,9,bid,T2,2024,1,0,0,,
16751,"Means, Bub",WR,2024,FAA,,1000,64,adp,T4,2024,1,0,0,,
15777,"Austin III, Calvin",WR,2024,FAA,,1000,106,adp,T4,2024,1,0,0,,
11675,"Adams, Davante",WR,2024,FAA,,30000,10,adp,T2,2025,2,1,0,,
16183,"Hyatt, Jalin",WR,2025,WAIVER,,1000,,,,2025,1,1,0,,
14122,"Slayton, Darius",WR,2025,FAA,,1000,109,adp,T4,2025,1,1,0,,
13289,"Hollins, Mack",WR,2025,WAIVER,,4000,,,,2025,1,1,0,,
17081,"Egbuka, Emeka",WR,2025,ROOKIE,13,,16,adp,T3,2025,1,1,0,,
13641,"McCloud, Ray-Ray",WR,2025,WAIVER,,1000,106,adp,T4,2025,1,1,0,,
15319,"Palmer, Joshua",WR,2025,FAA,,2000,88,adp,T4,2025,1,1,0,,
17349,"Larvadain, Gage",WR,2025,WAIVER,,1000,,,,2025,1,1,0,,
17175,"Smith, Arian",WR,2025,WAIVER,,1000,67,adp,T4,2025,1,1,0,,
17134,"Williams, Kyle",WR,2025,ROOKIE,20,,30,adp,T3,2025,1,1,0,,
12186,"Diggs, Stefon",WR,2025,FAA,,20000,58,adp,T4,2025,1,1,0,,
17097,"Felton, Tai",WR,2025,FAA,,1000,43,adp,T4,2025,1,1,0,,
14864,"Johnson, Tyler",WR,2025,WAIVER,,1000,,,,2025,1,1,0,,
16204,"Dell, Tank",WR,2025,WAIVER,,1000,102,adp,T4,2025,1,1,1,None,2025
16206,"Wilson, Michael",WR,2025,WAIVER,,5000,99,adp,T4,2025,1,1,1,None,2025
17080,"Noel, Jaylin",WR,2025,ROOKIE,25,,27,adp,T3,2025,1,1,0,,
17077,"Restrepo, Xavier",WR,2025,ROOKIE,58,,53,adp,T4,2025,1,1,0,,
13163,"Godwin, Chris",WR,2025,FAA,,10000,68,adp,T4,2025,1,1,0,,
14123,"Renfrow, Hunter",WR,2025,WAIVER,,3000,,,,2025,1,1,0,,
16451,"Shavers, Tyrell",WR,2025,WAIVER,,1000,,,,2025,1,1,0,,
17070,"Burden, Luther",WR,2025,ROOKIE,12,,28,adp,T3,2025,1,1,0,,
14109,"McLaurin, Terry",WR,2025,FAA,,19000,22,adp,T3,2025,1,1,0,,
13635,"Moore, D.J.",WR,2025,FAA,,21000,29,adp,T3,2025,1,1,0,,
17076,"Bond, Isaiah",WR,2025,WAIVER,,8000,55,adp,T4,2025,1,1,0,,
17254,"Mumpfield, Konata",WR,2025,WAIVER,,1000,,,,2025,1,1,0,,
14108,"Dortch, Greg",WR,2025,WAIVER,,2000,,,,2025,1,1,0,,
13633,"Kirk, Christian",WR,2025,FAA,,2000,81,adp,T4,2025,1,1,0,,
17171,"Dike, Chimere",WR,2025,WAIVER,,5000,54,adp,T4,2025,1,1,0,,
12658,"Shepard, Sterling",WR,2025,WAIVER,,1000,,,,2025,1,1,0,,
11674,"Cooks, Brandin",WR,2025,WAIVER,,1000,100,adp,T4,2025,1,1,0,,
14845,"Davis, Gabriel",WR,2025,WAIVER,,1000,,,,2025,1,1,0,,
16080,"Shaheed, Rashid",WR,2025,ERA,,7000,78,adp,T4,2025,1,1,0,,
16207,"Iosivas, Andrei",WR,2025,WAIVER,,4000,108,adp,T4,2025,1,1,0,,
12773,"Moore, Chris",WR,2025,WAIVER,,1000,,,,2025,1,1,0,,
16633,"Whittington, Jordan",WR,2025,ERA,,1000,101,adp,T4,2025,1,1,0,,
17086,"Royals, Jalen",WR,2025,ROOKIE,31,,32,adp,T3,2025,1,1,0,,
14840,"Aiyuk, Brandon",WR,2025,FAA,,11000,76,adp,T4,2025,1,1,0,,
16883,"Johnson, Kameron",WR,2025,WAIVER,,2000,,,,2025,1,1,0,,
16195,"Wicks, Dontayvion",WR,2025,WAIVER,,1000,111,adp,T4,2025,1,1,0,,
16788,"Vele, Devaughn",WR,2025,FAA,,1000,20,bid,T3,2025,1,1,0,,
15288,"Moore, Elijah",WR,2025,WAIVER,,1000,,,,2025,1,1,0,,
13418,"Bourne, Kendrick",WR,2025,WAIVER,,4000,,,,2025,1,1,0,,
12187,"Lockett, Tyler",WR,2025,WAIVER,,1000,97,adp,T4,2025,1,1,0,,
17078,"Bech, Jack",WR,2025,ROOKIE,23,,23,adp,T3,2025,1,1,0,,
15789,"Watson, Christian",WR,2025,ERA,,3000,104,adp,T4,2025,1,1,0,,
15761,"Shakir, Khalil",WR,2025,ERA,,19000,69,adp,T4,2025,1,1,0,,
17075,"Golden, Matthew",WR,2025,ROOKIE,17,,21,adp,T3,2025,1,1,0,,
15981,"Turpin, KaVontae",WR,2025,FAA,,1000,20,bid,T3,2025,1,1,0,,
14136,"Samuel, Deebo",WR,2025,FAA,,8000,57,adp,T4,2025,1,1,0,,
17157,"TeSlaa, Isaac",WR,2025,ROOKIE,39,,42,adp,T4,2025,1,1,0,,
11938,"Thielen, Adam",WR,2025,FAA,,4000,83,adp,T4,2025,1,1,0,,
15293,"Bateman, Rashod",WR,2025,FAA,,5000,75,adp,T4,2025,1,1,0,,
16778,"Flournoy, Ryan",WR,2025,WAIVER,,6000,,,,2025,1,1,0,,
15768,"Pierce, Alec",WR,2025,ERA,,2000,93,adp,T4,2025,1,1,0,,
15788,"Tolbert, Jalen",WR,2025,FAA,,1000,105,adp,T4,2025,1,1,0,,
17073,"Ayomanor, Elic",WR,2025,ROOKIE,34,,39,adp,T3,2025,1,1,0,,
17083,"Higgins, Jayden",WR,2025,ROOKIE,16,,31,adp,T3,2025,1,1,0,,
16201,"Hutchinson, Xavier",WR,2025,WAIVER,,1000,,,,2025,1,1,0,,
17071,"McMillan, Tetairoa",WR,2025,ROOKIE,9,,10,adp,T2,2025,1,1,0,,
16630,"Williams, Isaiah",WR,2025,WAIVER,,1000,,,,2025,1,1,0,,
15301,"Atwell, Tutu",WR,2025,FAA,,1000,105,adp,T4,2025,1,1,0,,
17096,"Williams, Savion",WR,2025,ROOKIE,54,,41,adp,T4,2025,1,1,0,,
13156,"Smith-Schuster, JuJu",WR,2025,WAIVER,,4000,,,,2025,1,1,0,,
17205,"Lambert-Smith, KeAndre",WR,2025,FAA,,1000,61,adp,T4,2025,1,1,0,,
17072,"Harris, Tre",WR,2025,ROOKIE,19,,25,adp,T3,2025,1,1,0,,
15759,"Metchie, John",WR,2025,WAIVER,,4000,,,,2025,1,1,0,,
11232,"Hopkins, DeAndre",WR,2025,FAA,,2000,101,adp,T4,2025,1,1,0,,
17269,"Chism, Efton",WR,2025,FAA,,1000,72,adp,T4,2025,1,1,0,,
15779,"Doubs, Romeo",WR,2025,ERA,,4000,90,adp,T4,2025,1,1,0,,
14592,"Zaccheaus, Olamide",WR,2025,WAIVER,,1000,90,adp,T4,2025,1,1,0,,
17079,"Johnson, Tez",WR,2025,WAIVER,,5000,70,adp,T4,2025,1,1,0,,
16192,"Washington, Parker",WR,2025,WAIVER,,8000,,,,2025,1,1,0,,
15109,"Westbrook-Ikhine, Nick",WR,2025,FAA,,1000,20,bid,T3,2025,1,1,0,,
15292,"Brown, Dyami",WR,2025,FAA,,4000,107,adp,T4,2025,1,1,0,,
15787,"Thornton, Tyquan",WR,2025,WAIVER,,1000,,,,2025,1,1,0,,
17074,"Hunter, Travis",WR,2025,ROOKIE,2,,12,adp,T2,2025,1,1,0,,
13168,"Reynolds, Josh",WR,2025,FAA,,1000,20,bid,T3,2025,1,1,0,,
17087,"Thornton, Dont'e",WR,2025,ROOKIE,50,,52,adp,T4,2025,1,1,0,,
17184,"Lane, Jaylin",WR,2025,ROOKIE,45,,51,adp,T4,2025,1,1,0,,
17082,"Bryant, Pat",WR,2025,ROOKIE,36,,37,adp,T3,2025,1,1,0,,
13164,"Kupp, Cooper",WR,2025,FAA,,9000,63,adp,T4,2025,1,1,0,,
15786,"Nailor, Jalen",WR,2025,FAA,,1000,20,bid,T3,2025,1,1,0,,
16191,"Tillman, Cedric",WR,2025,WAIVER,,1000,84,adp,T4,2025,1,1,0,,
17098,"Horton, Tory",WR,2025,ROOKIE,38,,45,adp,T4,2025,1,1,0,,
15777,"Austin III, Calvin",WR,2025,WAIVER,,4000,103,adp,T4,2025,1,1,0,,
11222,"Allen, Keenan",WR,2025,FAA,,5000,80,adp,T4,2025,1,1,0,,
