season,era,round,slot,pick_label,franchise_id,owner_name,player_id,player_name,position,pos_subgroup,pos_group,salary,tier,production_hit,extension_worthy,extension_status,ext_seasons_observed,points_3yr_total,ep_rate_3yr_avg,dud_rate_3yr_avg,value_above_expected,pos_rank_total_3yr
2012,pre_sf,1,1,1.01,0002,Derrick Whitman,10706,"Richardson, Trent",RB,RB,offense,15000,Contrib,0,,out_of_observation_window,,487.8,0.318,0.477,-114.7,16
2012,pre_sf,1,10,1.10,,Keith Creelman,10720,"Wright, Kendall",WR,WR,offense,6000,Contrib,0,,out_of_observation_window,,540.2,0.238,0.333,211.1,32
2012,pre_sf,1,2,1.02,0007,Josh Martel,10709,"Martin, Doug",RB,RB,offense,14000,Contrib,0,,out_of_observation_window,,426.1,0.29,0.323,24.1,22
2012,pre_sf,1,3,1.03,0011,Eric Mannila,10695,"Luck, Andrew",QB,QB,offense,13000,Hit,1,,out_of_observation_window,,972.4,0.422,0.289,525.9,4
2012,pre_sf,1,4,1.04,0011,Eric Mannila,10696,"Griffin III, Robert",QB,QB,offense,12000,Contrib,0,,out_of_observation_window,,601.2,0.314,0.514,101.0,21
2012,pre_sf,1,5,1.05,0012,Chris Klingenberg,10719,"Blackmon, Justin",WR,WR,offense,11000,Contrib,0,,out_of_observation_window,,266.2,0.278,0.389,-73.6,78
2012,pre_sf,1,6,1.06,0009,Bear Dunn,10707,"Wilson, David",RB,RB,offense,10000,Bust,0,,out_of_observation_window,,129.2,0.053,0.789,-204.4,83
2012,pre_sf,1,7,1.07,0001,Ryan Bousquet,10721,"Floyd, Michael",WR,WR,offense,9000,Bust,0,,out_of_observation_window,,430.7,0.171,0.512,-29.2,43
2012,pre_sf,1,8,1.08,0007,Josh Martel,10743,"Fleener, Coby",TE,TE,offense,8000,Contrib,0,,out_of_observation_window,,378.4,0.282,0.436,24.2,15
2012,pre_sf,1,9,1.09,0002,Derrick Whitman,10812,"Hillman, Ronnie",RB,RB,offense,7000,Bust,0,,out_of_observation_window,,192.0,0.143,0.786,-215.7,61
2012,pre_sf,1,11,1.11,0005,Kyle Creelman,10885,"Streeter, Tommy",WR,WR,offense,5000,Bust,0,,out_of_observation_window,,1.0,0.0,1.0,-272.1,
2012,pre_sf,1,12,1.12,0007,Josh Martel,10773,"Kuechly, Luke",LB,LB,defense,5000,Smash,1,,out_of_observation_window,,451.0,0.578,0.133,243.4,2
2012,pre_sf,2,1,2.01,0006,Steve Bousquet,10718,"Pead, Isaiah",RB,RB,offense,5000,Bust,0,,out_of_observation_window,,35.8,0.0,0.928,-417.9,154
2012,pre_sf,2,10,2.10,0001,Ryan Bousquet,10708,"Miller, Lamar",RB,RB,offense,5000,Bust,0,,out_of_observation_window,,343.5,0.158,0.553,127.0,32
2012,pre_sf,2,2,2.02,0003,Kris Lake,10782,"Barron, Mark",CB+S,CB+S,defense,5000,Hit,1,,out_of_observation_window,,272.5,0.386,0.364,17.2,14
2012,pre_sf,2,3,2.03,0012,Chris Klingenberg,10722,"Jeffery, Alshon",WR,WR,offense,5000,Smash,1,,out_of_observation_window,,652.5,0.5,0.21,272.3,14
2012,pre_sf,2,4,2.04,,Keith Creelman,10800,"Hill, Stephen",WR,WR,offense,5000,Bust,0,,out_of_observation_window,,138.8,0.143,0.571,-40.6,125
2012,pre_sf,2,5,2.05,,Keith Creelman,10960,"Gordon, Josh",WR,WR,offense,5000,Hit,1,,out_of_observation_window,,562.5,0.424,0.364,291.4,28
2012,pre_sf,2,6,2.06,0009,Bear Dunn,10723,"Sanu, Mohamed",WR,WR,offense,5000,Bust,0,,out_of_observation_window,,372.8,0.25,0.528,95.9,55
2012,pre_sf,2,7,2.07,0004,Brian Cutting,10725,"Randle, Rueben",WR,WR,offense,5000,Bust,0,,out_of_observation_window,,384.6,0.15,0.525,122.0,52
2012,pre_sf,2,8,2.08,0004,Brian Cutting,10735,"Quick, Brian",WR,WR,offense,5000,Bust,0,,out_of_observation_window,,190.3,0.111,0.741,-55.8,101
2012,pre_sf,2,9,2.09,0001,Ryan Bousquet,10714,"Turbin, Robert",RB,RB,offense,5000,Bust,0,,out_of_observation_window,,181.3,0.0,0.93,-215.9,65
2012,pre_sf,2,11,2.11,0005,Kyle Creelman,10726,"McNutt, Marvin",WR,WR,offense,5000,Bust,0,,out_of_observation_window,,1.0,0.0,1.0,-281.4,
2012,pre_sf,2,12,2.12,,Keith Creelman,10731,"Toon, Nick",WR,WR,offense,5000,Bust,0,,out_of_observation_window,,56.1,0.0,0.667,-49.8,
2012,pre_sf,3,1,3.01,0001,Ryan Bousquet,10711,"James, LaMichael",RB,RB,offense,2000,Bust,0,,out_of_observation_window,,47.9,0.0,1.0,-256.9,140
2012,pre_sf,3,10,3.10,0007,Josh Martel,10774,"Hightower, Dont'a",LB,LB,defense,2000,Contrib,0,,out_of_observation_window,,274.0,0.308,0.41,76.2,31
2012,pre_sf,3,2,3.02,0001,Ryan Bousquet,10744,"Green, Ladarius",TE,TE,offense,2000,Bust,0,,out_of_observation_window,,137.0,0.091,0.682,-30.3,47
2012,pre_sf,3,3,3.03,0011,Eric Mannila,10803,"Jenkins, A.J.",WR,WR,offense,2000,Bust,0,,out_of_observation_window,,31.3,0.0,1.0,-71.0,194
2012,pre_sf,3,4,3.04,,Keith Creelman,10768,"David, Lavonte",LB,LB,defense,2000,Smash,1,,out_of_observation_window,,486.5,0.697,0.116,221.3,1
2012,pre_sf,3,5,3.05,,Keith Creelman,10697,"Tannehill, Ryan",QB,QB,offense,2000,Bust,0,,out_of_observation_window,,712.3,0.214,0.5,599.7,15
2012,pre_sf,3,6,3.06,0009,Bear Dunn,10698,"Weeden, Brandon",QB,QB,offense,2000,Bust,0,,out_of_observation_window,,287.6,0.125,0.666,126.6,29
2012,pre_sf,3,7,3.07,0003,Kris Lake,10777,"Claiborne, Morris",CB+S,CB+S,defense,2000,Bust,0,,out_of_observation_window,,107.5,0.2,0.64,-14.7,172
2012,pre_sf,3,8,3.08,0004,Brian Cutting,10738,"Jones, Marvin",WR,WR,offense,2000,Bust,0,,out_of_observation_window,,220.4,0.1,0.5,49.4,89
2012,pre_sf,3,9,3.09,0001,Ryan Bousquet,10712,"Rainey, Chris",RB,RB,offense,2000,Bust,0,,out_of_observation_window,,68.9,0.0,0.883,-103.0,126
2012,pre_sf,3,11,3.11,0005,Kyle Creelman,10852,"Thompson, Taylor",TE,TE,offense,2000,Bust,0,,out_of_observation_window,,38.5,0.0,0.889,-35.7,83
2012,pre_sf,3,12,3.12,0010,Shawn Blake,10814,"Anger, Bryan",PN,ST,special,2000,Bust,0,,out_of_observation_window,,0,,,-190.9,
2012,pre_sf,4,1,4.01,0006,Steve Bousquet,10732,"Broyles, Ryan",WR,WR,offense,2000,Bust,0,,out_of_observation_window,,94.6,0.077,0.693,-17.4,154
2012,pre_sf,4,10,4.10,0003,Kris Lake,10713,"Pierce, Bernard",RB,RB,offense,2000,Bust,0,,out_of_observation_window,,186.3,0.0,0.875,82.9,63
2012,pre_sf,4,2,4.02,0006,Steve Bousquet,10764,"Upshaw, Courtney",LB,LB,defense,2000,Bust,0,,out_of_observation_window,,145.0,0.0,0.841,-18.9,95
2012,pre_sf,4,3,4.03,0012,Chris Klingenberg,10748,"Coples, Quinton",DT+DE,DT+DE,defense,2000,Bust,0,,out_of_observation_window,,180.5,0.231,0.538,49.7,167
2012,pre_sf,4,4,4.04,0001,Ryan Bousquet,10717,"Gray, Cyrus",RB,RB,offense,2000,Bust,0,,out_of_observation_window,,41.0,0.0,1.0,-181.9,149
2012,pre_sf,4,5,4.05,,Keith Creelman,10932,"Bolden, Brandon",RB,RB,offense,2000,Bust,0,,out_of_observation_window,,146.0,0.036,0.786,49.8,73
2012,pre_sf,4,6,4.06,0009,Bear Dunn,10843,"Childs, Greg",,?,defense,2000,Bust,0,,out_of_observation_window,,0,,,-204.7,
2012,pre_sf,4,7,4.07,0007,Josh Martel,10905,"Brown, Bryce",RB,RB,offense,2000,Bust,0,,out_of_observation_window,,194.5,0.083,0.861,81.2,58
2012,pre_sf,4,8,4.08,0012,Chris Klingenberg,10730,"Posey, DeVier",WR,WR,offense,2000,Bust,0,,out_of_observation_window,,57.2,0.0,1.0,-47.3,181
2012,pre_sf,4,9,4.09,0012,Chris Klingenberg,10753,"Jones, Chandler",DT+DE,DT+DE,defense,2000,Smash,1,,out_of_observation_window,,270.0,0.514,0.257,177.9,11
2012,pre_sf,4,11,4.11,0005,Kyle Creelman,10715,"Ballard, Vick",RB,RB,offense,2000,Bust,0,,out_of_observation_window,,120.5,0.0,0.625,-80.5,92
2012,pre_sf,4,12,4.12,0010,Shawn Blake,10779,"Jenkins, Janoris",CB+S,CB+S,defense,2000,Hit,1,,out_of_observation_window,,275.9,0.31,0.262,96.9,12
2012,pre_sf,5,1,5.01,0002,Derrick Whitman,10828,"Wylie, Devon",WR,WR,offense,2000,Bust,0,,out_of_observation_window,,13.3,0.0,1.0,-219.9,
2012,pre_sf,5,10,5.10,0007,Josh Martel,10870,"Morris, Alfred",RB,RB,offense,2000,Hit,1,,out_of_observation_window,,571.4,0.333,0.311,386.9,8
2012,pre_sf,5,2,5.02,0002,Derrick Whitman,10710,"Polk, Chris",RB,RB,offense,2000,Bust,0,,out_of_observation_window,,94.2,0.0,0.666,-46.4,103
2012,pre_sf,5,3,5.03,0012,Chris Klingenberg,10761,"Poe, Dontari",DT+DE,DT+DE,defense,2000,Bust,0,,out_of_observation_window,,170.0,0.186,0.535,13.1,42
2012,pre_sf,5,4,5.04,0011,Eric Mannila,10742,"Allen, Dwayne",TE,TE,offense,2000,Hit,1,,out_of_observation_window,,253.1,0.385,0.384,96.6,25
2012,pre_sf,5,5,5.05,,Keith Creelman,10766,"Irvin, Bruce",DT+DE,DT+DE,defense,2000,Bust,0,,out_of_observation_window,,174.0,0.184,0.632,97.0,168
2012,pre_sf,5,6,5.06,0009,Bear Dunn,10783,"Smith, Harrison",CB+S,CB+S,defense,2000,Smash,1,,out_of_observation_window,,300.5,0.595,0.135,193.7,6
2012,pre_sf,5,7,5.07,0007,Josh Martel,10886,"Ganaway, Terrance",,?,defense,2000,Bust,0,,out_of_observation_window,,0,,,-148.1,
2012,pre_sf,5,8,5.08,0011,Eric Mannila,10749,"Ingram, Melvin",LB,LB,defense,2000,Bust,0,,out_of_observation_window,,94.5,0.087,0.739,47.2,154
2012,pre_sf,5,9,5.09,0004,Brian Cutting,10881,"Herron, Dan",RB,RB,offense,2000,Bust,0,,out_of_observation_window,,89.5,0.056,0.778,0.0,112
2012,pre_sf,5,11,5.11,0005,Kyle Creelman,10736,"Givens, Chris",WR,WR,offense,2000,Bust,0,,out_of_observation_window,,280.0,0.118,0.676,241.4,76
2012,pre_sf,5,12,5.12,,Keith Creelman,10703,"Wilson, Russell",QB,QB,offense,2000,Hit,1,,out_of_observation_window,,914.2,0.409,0.341,711.0,6
2013,pre_sf,1,1,1.01,0010,Shawn Blake,11193,"Bernard, Giovani",RB,RB,offense,15000,Hit,1,,out_of_observation_window,2017:0,541.5,0.381,0.262,-61.0,8
2013,pre_sf,1,10,1.10,0007,Josh Martel,11214,"Dobson, Aaron",WR,WR,offense,6000,Bust,0,,out_of_observation_window,,156.2,0.053,0.684,-172.9,112
2013,pre_sf,1,2,1.02,0012,Chris Klingenberg,11174,"Ball, Montee",RB,RB,offense,14000,Bust,0,,out_of_observation_window,,135.4,0.158,0.632,-266.6,87
2013,pre_sf,1,3,1.03,0003,Kris Lake,11201,"Lacy, Eddie",RB,RB,offense,13000,Smash,1,,out_of_observation_window,,620.0,0.488,0.244,173.5,7
2013,pre_sf,1,4,1.04,0007,Josh Martel,11213,"Austin, Tavon",WR,WR,offense,12000,Bust,0,,out_of_observation_window,,490.5,0.214,0.5,-9.8,36
2013,pre_sf,1,5,1.05,0009,Bear Dunn,11192,"Bell, Le'Veon",RB,RB,offense,11000,Smash,1,,out_of_observation_window,2017:0,659.3,0.667,0.061,319.5,5
2013,pre_sf,1,6,1.06,0007,Josh Martel,11225,"Patterson, Cordarrelle",WR,WR,offense,10000,Bust,0,,out_of_observation_window,,345.0,0.14,0.605,11.4,67
2013,pre_sf,1,7,1.07,0003,Kris Lake,11232,"Hopkins, DeAndre",WR,WR,offense,9000,Smash,1,,out_of_observation_window,2017:0,754.6,0.422,0.222,294.7,9
2013,pre_sf,1,8,1.08,0009,Bear Dunn,11181,"Franklin, Johnathan",RB,RB,offense,8000,Bust,0,,out_of_observation_window,,23.4,0.143,0.857,-330.8,
2013,pre_sf,1,9,1.09,0007,Josh Martel,11189,"Stacy, Zac",RB,RB,offense,7000,Bust,0,,out_of_observation_window,,268.5,0.222,0.481,-139.2,43
2013,pre_sf,1,11,1.11,0011,Eric Mannila,11250,"Eifert, Tyler",TE,TE,offense,5000,Contrib,0,,out_of_observation_window,,298.3,0.333,0.37,25.2,22
2013,pre_sf,1,12,1.12,0006,Steve Bousquet,11179,"Michael, Christine",RB,RB,offense,5000,Bust,0,,out_of_observation_window,,45.7,0.0,0.941,-161.9,143
2013,pre_sf,2,1,2.01,0008,Keith Creelman,11222,"Allen, Keenan",WR,WR,offense,5000,Smash,1,,out_of_observation_window,2017:0,612.5,0.472,0.222,158.8,21
2013,pre_sf,2,10,2.10,0001,Ryan Bousquet,11223,"Bailey, Stedman",WR,WR,offense,5000,Bust,0,,out_of_observation_window,,192.6,0.077,0.731,-23.9,103
2013,pre_sf,2,2,2.02,0001,Ryan Bousquet,11212,"Hunter, Justin",WR,WR,offense,5000,Bust,0,,out_of_observation_window,,246.2,0.138,0.655,-9.1,86
2013,pre_sf,2,3,2.03,0006,Steve Bousquet,11198,"Lattimore, Marcus",,?,defense,5000,Bust,0,,out_of_observation_window,,0,,,-380.2,
2013,pre_sf,2,4,2.04,0001,Ryan Bousquet,11228,"Woods, Robert",WR,WR,offense,5000,Bust,0,,out_of_observation_window,2017:0,418.4,0.171,0.561,238.9,49
2013,pre_sf,2,5,2.05,0009,Bear Dunn,11229,"Wheaton, Markus",WR,WR,offense,5000,Bust,0,,out_of_observation_window,,319.0,0.108,0.622,47.9,68
2013,pre_sf,2,6,2.06,0001,Ryan Bousquet,11180,"Gillislee, Mike",RB,RB,offense,5000,Contrib,0,,out_of_observation_window,2017:0,55.9,0.333,0.5,-221.0,
2013,pre_sf,2,7,2.07,0012,Chris Klingenberg,11154,"Manuel, E.J.",QB,QB,offense,5000,Bust,0,,out_of_observation_window,,237.8,0.125,0.5,-24.8,35
2013,pre_sf,2,8,2.08,0010,Shawn Blake,11226,"Rogers, Da'Rick",WR,WR,offense,5000,Bust,0,,out_of_observation_window,,45.8,0.333,0.667,-200.3,
2013,pre_sf,2,9,2.09,0011,Eric Mannila,11175,"Ellington, Andre",RB,RB,offense,5000,Contrib,0,,out_of_observation_window,2017:0,404.4,0.235,0.382,7.1,24
2013,pre_sf,2,11,2.11,0008,Keith Creelman,11244,"Kelce, Travis",TE,TE,offense,5000,Smash,1,,out_of_observation_window,2017:0,369.3,0.467,0.167,86.9,15
2013,pre_sf,2,12,2.12,0011,Eric Mannila,11151,"Barkley, Matt",QB,QB,offense,5000,Bust,0,,out_of_observation_window,,0.3,0.0,1.0,-105.6,
2013,pre_sf,3,1,3.01,0009,Bear Dunn,11211,"Williams, Terrance",WR,WR,offense,2000,Bust,0,,out_of_observation_window,2017:0,436.1,0.146,0.464,131.3,43
2013,pre_sf,3,10,3.10,0001,Ryan Bousquet,11263,"Jordan, Dion",DT+DE,DT+DE,defense,2000,Bust,0,,out_of_observation_window,,53.5,0.043,0.783,-144.3,180
2013,pre_sf,3,2,3.02,0011,Eric Mannila,11224,"Boyce, Josh",WR,WR,offense,2000,Bust,0,,out_of_observation_window,,28.7,0.0,0.5,-138.6,
2013,pre_sf,3,3,3.03,0008,Keith Creelman,11218,"Patton, Quinton",WR,WR,offense,2000,Bust,0,,out_of_observation_window,,87.6,0.0,0.824,-14.8,152
2013,pre_sf,3,4,3.04,0006,Steve Bousquet,11150,"Smith, Geno",QB,QB,offense,2000,Bust,0,,out_of_observation_window,,313.8,0.208,0.708,48.6,30
2013,pre_sf,3,5,3.05,0001,Ryan Bousquet,11200,"Randle, Joseph",RB,RB,offense,2000,Bust,0,,out_of_observation_window,,164.8,0.077,0.615,52.2,72
2013,pre_sf,3,6,3.06,0008,Keith Creelman,11153,"Wilson, Tyler",,?,defense,2000,Bust,0,,out_of_observation_window,,0,,,-161.0,
2013,pre_sf,3,7,3.07,0012,Chris Klingenberg,11291,"Brown, Arthur",LB,LB,defense,2000,Bust,0,,out_of_observation_window,,20.0,0.0,1.0,-102.2,264
2013,pre_sf,3,8,3.08,0009,Bear Dunn,11176,"Taylor, Stepfan",RB,RB,offense,2000,Bust,0,,out_of_observation_window,,104.1,0.033,0.9,-66.9,113
2013,pre_sf,3,9,3.09,0005,Kyle Creelman,11390,"Murray, Latavius",RB,RB,offense,2000,Hit,1,,out_of_observation_window,2017:0,277.7,0.308,0.269,105.8,41
2013,pre_sf,3,11,3.11,0008,Keith Creelman,11234,"Swope, Ryan",,?,defense,2000,Bust,0,,out_of_observation_window,,0,,,-74.2,
2013,pre_sf,3,12,3.12,0005,Kyle Creelman,11210,"Robinson, Denard",RB,RB,offense,2000,Bust,0,,out_of_observation_window,,190.9,0.152,0.788,0.0,63
2013,pre_sf,4,1,4.01,0010,Shawn Blake,11247,"Ertz, Zach",TE,TE,offense,2000,Contrib,0,,out_of_observation_window,2017:0,413.6,0.293,0.39,301.6,13
2013,pre_sf,4,10,4.10,0007,Josh Martel,11409,"Johnson, Charles",WR,WR,offense,2000,Bust,0,,out_of_observation_window,,118.6,0.125,0.75,15.2,134
2013,pre_sf,4,2,4.02,0009,Bear Dunn,11251,"Escobar, Gavin",TE,TE,offense,2000,Bust,0,,out_of_observation_window,,94.2,0.05,0.75,-69.7,62
2013,pre_sf,4,3,4.03,0011,Eric Mannila,11267,"Ansah, Ezekiel",DT+DE,DT+DE,defense,2000,Hit,1,,out_of_observation_window,,280.0,0.342,0.244,149.2,9
2013,pre_sf,4,4,4.04,0010,Shawn Blake,11347,"Cyprien, Johnathan",CB+S,CB+S,defense,2000,Smash,1,,out_of_observation_window,,287.5,0.525,0.15,64.6,9
2013,pre_sf,4,5,4.05,0007,Josh Martel,11292,"Te'o, Manti",LB,LB,defense,2000,Bust,0,,out_of_observation_window,,176.5,0.125,0.531,80.3,80
2013,pre_sf,4,6,4.06,0005,Kyle Creelman,11194,"Davis, Knile",RB,RB,offense,2000,Bust,0,,out_of_observation_window,,229.3,0.122,0.756,24.6,55
2013,pre_sf,4,7,4.07,0012,Chris Klingenberg,11324,"Vaccaro, Kenny",CB+S,CB+S,defense,2000,Contrib,0,,out_of_observation_window,,271.5,0.318,0.364,158.2,13
2013,pre_sf,4,8,4.08,0005,Kyle Creelman,11177,"Barner, Kenjon",RB,RB,offense,2000,Bust,0,,out_of_observation_window,,15.4,0.0,1.0,-89.1,
2013,pre_sf,4,9,4.09,0002,Derrick Whitman,11295,"Mingo, Barkevious",LB,LB,defense,2000,Bust,0,,out_of_observation_window,,142.0,0.049,0.78,49.9,104
2013,pre_sf,4,11,4.11,0009,Bear Dunn,11248,"Reed, Jordan",TE,TE,offense,2000,Smash,1,,out_of_observation_window,2017:0,463.1,0.437,0.25,262.1,9
2013,pre_sf,4,12,4.12,0003,Kris Lake,11185,"Williams, Kerwynn",RB,RB,offense,2000,Bust,0,,out_of_observation_window,,48.1,0.0,0.667,-130.9,
2013,pre_sf,5,1,5.01,0008,Keith Creelman,11231,"Wilson, Marquess",WR,WR,offense,2000,Bust,0,,out_of_observation_window,,124.3,0.125,0.688,-109.0,132
2013,pre_sf,5,10,5.10,0007,Josh Martel,11308,"Alonso, Kiko",LB,LB,defense,2000,Hit,1,,out_of_observation_window,,184.5,0.48,0.4,0.0,70
2013,pre_sf,5,2,5.02,0011,Eric Mannila,11227,"Stills, Kenny",WR,WR,offense,2000,Bust,0,,out_of_observation_window,2017:0,387.5,0.158,0.553,246.9,57
2013,pre_sf,5,3,5.03,0012,Chris Klingenberg,11293,"Ogletree, Alec",LB,LB,defense,2000,Smash,1,,out_of_observation_window,,301.5,0.5,0.235,144.6,21
2013,pre_sf,5,4,5.04,0011,Eric Mannila,11152,"Glennon, Mike",QB,QB,offense,2000,Bust,0,,out_of_observation_window,,249.3,0.0,0.5,92.8,34
2013,pre_sf,5,5,5.05,0010,Shawn Blake,11170,"Bray, Tyler",QB,QB,offense,2000,Bust,0,,out_of_observation_window,,0,,,-77.0,
2013,pre_sf,5,6,5.06,0002,Derrick Whitman,11274,"Hunt, Margus",DT+DE,DT+DE,defense,2000,Bust,0,,out_of_observation_window,,15.5,0.0,0.909,-91.3,267
2013,pre_sf,5,7,5.07,0007,Josh Martel,11313,"Mathieu, Tyrann",CB+S,CB+S,defense,2000,Smash,1,,out_of_observation_window,,267.7,0.5,0.263,119.6,16
2013,pre_sf,5,8,5.08,0009,Bear Dunn,11290,"Jones, Jarvis",LB,LB,defense,2000,Bust,0,,out_of_observation_window,,104.0,0.062,0.844,56.7,148
2013,pre_sf,5,9,5.09,0001,Ryan Bousquet,11272,"Jones, Datone",DT+DE,DT+DE,defense,2000,Bust,0,,out_of_observation_window,,106.2,0.091,0.727,16.7,104
2013,pre_sf,5,11,5.11,0007,Josh Martel,11310,"Minter, Kevin",LB,LB,defense,2000,Bust,0,,out_of_observation_window,,142.0,0.2,0.633,103.4,105
2013,pre_sf,5,12,5.12,0006,Steve Bousquet,11299,"Bostic, Jon",LB,LB,defense,2000,Bust,0,,out_of_observation_window,,134.0,0.185,0.592,-69.2,114
2014,pre_sf,1,1,1.01,0001,Ryan Bousquet,11670,"Watkins, Sammy",WR,WR,offense,15000,Hit,1,0,observed,2017:0;2018:0,505.5,0.424,0.454,-97.0,31
2014,pre_sf,1,10,1.10,0007,Josh Martel,11746,"West, Terrance",RB,RB,offense,6000,Bust,0,0,no_snapshot_in_window,,276.0,0.182,0.576,-53.1,43
2014,pre_sf,1,2,1.02,0006,Steve Bousquet,11671,"Evans, Mike",WR,WR,offense,14000,Smash,1,1,observed,2017:0;2018:1,785.6,0.524,0.095,383.6,8
2014,pre_sf,1,3,1.03,0001,Ryan Bousquet,11653,"Sankey, Bishop",RB,RB,offense,13000,Bust,0,0,no_snapshot_in_window,,160.0,0.042,0.708,-286.5,82
2014,pre_sf,1,4,1.04,0010,Shawn Blake,11676,"Matthews, Jordan",WR,WR,offense,12000,Contrib,0,0,observed,2018:0,597.0,0.256,0.325,96.8,24
2014,pre_sf,1,5,1.05,0007,Josh Martel,11695,"Ebron, Eric",TE,TE,offense,11000,Hit,1,0,observed,2017:0;2018:0,314.8,0.312,0.313,-24.9,16
2014,pre_sf,1,6,1.06,0010,Shawn Blake,11657,"Hyde, Carlos",RB,RB,offense,10000,Bust,0,0,observed,2017:0;2018:0,347.6,0.236,0.53,14.0,29
2014,pre_sf,1,7,1.07,,Derrick Whitman,11674,"Cooks, Brandin",WR,WR,offense,9000,Smash,1,1,observed,2017:0;2018:1,680.4,0.462,0.256,220.5,15
2014,pre_sf,1,8,1.08,0006,Steve Bousquet,11679,"Beckham, Odell",WR,WR,offense,8000,Smash,1,1,observed,2018:1,958.5,0.775,0.1,604.3,3
2014,pre_sf,1,9,1.09,0011,Eric Mannila,11660,"Freeman, Devonta",RB,RB,offense,7000,Hit,1,0,observed,2017:0;2018:0,627.0,0.432,0.386,219.3,5
2014,pre_sf,1,11,1.11,0008,Keith Creelman,11758,"Latimer, Cody",WR,WR,offense,5000,Bust,0,0,no_snapshot_in_window,,48.1,0.0,0.937,-225.0,183
2014,pre_sf,1,12,1.12,0011,Eric Mannila,11697,"Seferian-Jenkins, Austin",TE,TE,offense,5000,Bust,0,0,observed,2017:0;2018:0,164.7,0.13,0.696,-42.9,44
2014,pre_sf,2,1,2.01,0010,Shawn Blake,11675,"Adams, Davante",WR,WR,offense,5000,Contrib,0,1,observed,2017:0;2018:1,453.7,0.25,0.5,0.0,40
2014,pre_sf,2,10,2.10,0005,Kyle Creelman,11652,"Carey, Ka'Deem",RB,RB,offense,5000,Bust,0,0,no_snapshot_in_window,,86.7,0.037,0.926,-129.8,118
2014,pre_sf,2,2,2.02,0001,Ryan Bousquet,11672,"Lee, Marqise",WR,WR,offense,5000,Bust,0,0,observed,2017:0;2018:0,324.5,0.176,0.529,69.2,66
2014,pre_sf,2,3,2.03,,Derrick Whitman,11673,"Benjamin, Kelvin",WR,WR,offense,5000,Hit,1,0,observed,2017:0;2018:0,429.7,0.38,0.207,49.5,44
2014,pre_sf,2,4,2.04,0001,Ryan Bousquet,11654,"Hill, Jeremy",RB,RB,offense,5000,Contrib,0,0,observed,2017:0;2018:0,532.4,0.311,0.333,352.9,9
2014,pre_sf,2,5,2.05,0006,Steve Bousquet,11650,"Mason, Tre",RB,RB,offense,5000,Bust,0,0,no_snapshot_in_window,,166.5,0.091,0.682,-104.6,79
2014,pre_sf,2,6,2.06,0010,Shawn Blake,11641,"Manziel, Johnny",QB,QB,offense,5000,Bust,0,0,no_snapshot_in_window,,112.3,0.0,0.637,-164.6,43
2014,pre_sf,2,7,2.07,0009,Bear Dunn,11696,"Amaro, Jace",TE,TE,offense,5000,Bust,0,0,no_snapshot_in_window,,91.3,0.083,0.5,-171.3,62
2014,pre_sf,2,8,2.08,0009,Bear Dunn,11640,"Bridgewater, Teddy",QB,QB,offense,5000,Bust,0,0,observed,2017:0;2018:0,375.7,0.116,0.577,129.6,29
2014,pre_sf,2,9,2.09,0012,Chris Klingenberg,11706,"Clowney, Jadeveon",LB,LB,defense,5000,Bust,0,0,no_snapshot_in_window,,162.5,0.226,0.645,-234.8,85
2014,pre_sf,2,11,2.11,0011,Eric Mannila,11678,"Robinson, Allen",WR,WR,offense,5000,Hit,1,1,observed,2018:1,638.3,0.425,0.275,355.9,21
2014,pre_sf,2,12,2.12,0008,Keith Creelman,11668,"Crowell, Isaiah",RB,RB,offense,5000,Contrib,0,0,observed,2017:0;2018:0,436.3,0.25,0.455,330.4,15
2014,pre_sf,3,1,3.01,0008,Keith Creelman,11688,"Bryant, Martavis",WR,WR,offense,2000,Smash,1,0,observed,2017:0;2018:0,315.2,0.473,0.263,10.4,70
2014,pre_sf,3,10,3.10,0010,Shawn Blake,11809,"Taliaferro, Lorenzo",RB,RB,offense,2000,Bust,0,0,no_snapshot_in_window,,95.2,0.133,0.733,-102.6,111
2014,pre_sf,3,2,3.02,0006,Steve Bousquet,11677,"Moncrief, Donte",WR,WR,offense,2000,Contrib,0,0,observed,2017:0;2018:0,395.1,0.257,0.486,227.8,49
2014,pre_sf,3,3,3.03,0009,Bear Dunn,11651,"Seastrunk, Lache",,?,defense,2000,Bust,0,0,no_snapshot_in_window,,0,,,-102.3,
2014,pre_sf,3,4,3.04,0008,Keith Creelman,11681,"Richardson, Paul",WR,WR,offense,2000,Bust,0,0,observed,2017:0;2018:0,124.2,0.042,0.875,-141.0,133
2014,pre_sf,3,5,3.05,0011,Eric Mannila,11747,"White, James",RB,RB,offense,2000,Bust,0,0,observed,2017:0;2018:0,264.9,0.222,0.519,152.3,47
2014,pre_sf,3,6,3.06,0010,Shawn Blake,11658,"Williams, Andre",RB,RB,offense,2000,Bust,0,0,no_snapshot_in_window,,166.0,0.069,0.724,5.0,80
2014,pre_sf,3,7,3.07,0009,Bear Dunn,11656,"Sims, Charles",RB,RB,offense,2000,Bust,0,0,no_snapshot_in_window,,271.6,0.173,0.552,149.5,46
2014,pre_sf,3,8,3.08,0006,Steve Bousquet,11721,"Mack, Khalil",LB,LB,defense,2000,Smash,1,0,no_snapshot_in_window,,388.5,0.477,0.204,217.5,39
2014,pre_sf,3,9,3.09,0008,Keith Creelman,11655,"Grice, Marion",RB,RB,offense,2000,Bust,0,0,no_snapshot_in_window,,16.3,0.0,1.0,-155.6,
2014,pre_sf,3,11,3.11,0011,Eric Mannila,11680,"Landry, Jarvis",WR,WR,offense,2000,Smash,1,1,observed,2017:0;2018:1,759.6,0.511,0.156,685.4,9
2014,pre_sf,3,12,3.12,0007,Josh Martel,11728,"Mosley, C.J.",LB,LB,defense,2000,Smash,1,0,no_snapshot_in_window,,361.0,0.488,0.209,170.1,7
2014,pre_sf,4,1,4.01,0009,Bear Dunn,11663,"Johnson, Storm",RB,RB,offense,2000,Bust,0,0,no_snapshot_in_window,,21.0,0.0,1.0,-91.0,
2014,pre_sf,4,10,4.10,0011,Eric Mannila,11761,"McKinnon, Jerick",RB,RB,offense,2000,Bust,0,0,observed,2017:0;2018:0,285.4,0.15,0.65,182.0,40
2014,pre_sf,4,2,4.02,0007,Josh Martel,11722,"Shazier, Ryan",LB,LB,defense,2000,Smash,1,0,no_snapshot_in_window,,232.0,0.533,0.333,68.1,42
2014,pre_sf,4,3,4.03,0007,Josh Martel,11704,"Lyerla, Colt",,?,defense,2000,Bust,0,0,no_snapshot_in_window,,0,,,-130.8,
2014,pre_sf,4,4,4.04,0008,Keith Creelman,11798,"Norwood, Kevin",WR,WR,offense,2000,Bust,0,0,no_snapshot_in_window,,18.6,0.0,1.0,-204.3,
2014,pre_sf,4,5,4.05,0005,Kyle Creelman,11691,"Gallon, Jeremy",,?,defense,2000,Bust,0,0,no_snapshot_in_window,,0,,,-96.2,
2014,pre_sf,4,6,4.06,0001,Ryan Bousquet,11642,"Bortles, Blake",QB,QB,offense,2000,Contrib,0,0,observed,2017:0;2018:0,764.6,0.349,0.418,559.9,14
2014,pre_sf,4,7,4.07,0010,Shawn Blake,11834,"Blue, Alfred",RB,RB,offense,2000,Bust,0,0,no_snapshot_in_window,,257.2,0.122,0.731,143.9,50
2014,pre_sf,4,8,4.08,0007,Josh Martel,11757,"Donald, Aaron",DT+DE,DT+DE,defense,2000,Smash,1,0,no_snapshot_in_window,,319.0,0.467,0.244,214.5,3
2014,pre_sf,4,9,4.09,0012,Chris Klingenberg,11644,"Carr, Derek",QB,QB,offense,2000,Contrib,0,0,observed,2017:0;2018:0,837.6,0.355,0.467,745.5,12
2014,pre_sf,4,11,4.11,0009,Bear Dunn,11659,"Thomas, De'Anthony",RB,RB,offense,2000,Bust,0,0,no_snapshot_in_window,,163.7,0.033,0.833,-37.3,123
2014,pre_sf,4,12,4.12,0006,Steve Bousquet,11741,"Pryor, Calvin",CB+S,CB+S,defense,2000,Bust,0,0,no_snapshot_in_window,,179.0,0.128,0.512,0.0,79
2014,pre_sf,5,1,5.01,0010,Shawn Blake,11661,"Gaffney, Tyler",,?,defense,2000,Bust,0,0,no_snapshot_in_window,,0,,,-233.2,
2014,pre_sf,5,10,5.10,0010,Shawn Blake,11813,"Smith, Telvin",LB,LB,defense,2000,Smash,1,0,no_snapshot_in_window,,382.5,0.614,0.273,198.0,3
2014,pre_sf,5,2,5.02,0003,Kris Lake,11703,"Niklas, Troy",TE,TE,offense,2000,Bust,0,0,no_snapshot_in_window,,33.3,0.1,0.9,-107.3,92
2014,pre_sf,5,3,5.03,0007,Josh Martel,11647,"Thomas, Logan",QB,QB,offense,2000,Bust,0,0,no_snapshot_in_window,,9.1,0.0,1.0,-147.8,
2014,pre_sf,5,4,5.04,0003,Kris Lake,11648,"Murray, Aaron",,?,defense,2000,Bust,0,0,no_snapshot_in_window,,0,,,-156.5,
2014,pre_sf,5,5,5.05,0006,Steve Bousquet,11769,"Lawrence, Demarcus",DT+DE,DT+DE,defense,2000,Bust,0,0,no_snapshot_in_window,,116.5,0.269,0.577,39.5,77
2014,pre_sf,5,6,5.06,0011,Eric Mannila,11689,"Ellington, Bruce",WR,WR,offense,2000,Bust,0,0,no_snapshot_in_window,,105.5,0.087,0.869,-1.3,146
2014,pre_sf,5,7,5.07,0009,Bear Dunn,11784,"Archer, Dri",RB,RB,offense,2000,Bust,0,0,no_snapshot_in_window,,21.5,0.0,1.0,-126.6,162
2014,pre_sf,5,8,5.08,0012,Chris Klingenberg,11690,"Evans, Shaq",,?,defense,2000,Bust,0,0,no_snapshot_in_window,,0,,,-47.3,
2014,pre_sf,5,9,5.09,0012,Chris Klingenberg,11760,"Garoppolo, Jimmy",QB,QB,offense,2000,Hit,1,0,observed,2017:0;2018:0,52.9,0.333,0.333,-36.6,
2014,pre_sf,5,11,5.11,0008,Keith Creelman,11682,"Abbrederis, Jared",WR,WR,offense,2000,Bust,0,0,no_snapshot_in_window,,24.3,0.0,0.857,-14.3,
2014,pre_sf,5,12,5.12,0008,Keith Creelman,11835,"Fales, David",,?,defense,2000,Bust,0,0,no_snapshot_in_window,,0,,,-203.2,
2015,pre_sf,1,1,1.01,0007,Josh Martel,12150,"Gurley, Todd",RB,RB,offense,15000,Smash,1,1,observed,2017:0;2018:1;2019:1,780.2,0.628,0.163,177.7,1
2015,pre_sf,1,10,1.10,0010,Shawn Blake,12152,"Coleman, Tevin",RB,RB,offense,15000,Contrib,0,1,observed,2017:0;2018:1;2019:0,382.2,0.263,0.368,53.1,27
2015,pre_sf,1,2,1.02,0007,Josh Martel,12151,"Gordon, Melvin",RB,RB,offense,14000,Smash,1,1,observed,2017:0;2018:1;2019:0,618.0,0.5,0.238,215.9,8
2015,pre_sf,1,3,1.03,0003,Kris Lake,12175,"Cooper, Amari",WR,WR,offense,13000,Hit,1,1,observed,2017:0;2018:1;2019:1,622.6,0.341,0.22,176.1,15
2015,pre_sf,1,4,1.04,0003,Kris Lake,12177,"White, Kevin",WR,WR,offense,12000,Bust,0,0,observed,2018:0,42.8,0.0,0.6,-457.4,
2015,pre_sf,1,5,1.05,0007,Josh Martel,12176,"Parker, DeVante",WR,WR,offense,11000,Contrib,0,1,observed,2017:0;2018:1;2019:0,358.5,0.206,0.412,18.8,60
2015,pre_sf,1,6,1.06,0003,Kris Lake,12180,"Green-Beckham, Dorial",WR,WR,offense,10000,Bust,0,0,no_snapshot_in_window,,203.9,0.182,0.637,-129.7,91
2015,pre_sf,1,7,1.07,0005,Kyle Creelman,12197,"Perriman, Breshad",WR,WR,offense,9000,Bust,0,0,observed,2017:0;2018:0;2019:0,113.6,0.053,0.895,-346.3,141
2015,pre_sf,1,8,1.08,0010,Shawn Blake,12155,"Abdullah, Ameer",RB,RB,offense,8000,Bust,0,0,observed,2017:0;2018:0,279.4,0.133,0.467,-74.8,42
2015,pre_sf,1,9,1.09,0008,Keith Creelman,12153,"Yeldon, T.J.",RB,RB,offense,7000,Contrib,0,0,observed,2017:0;2018:0;2019:0,370.0,0.278,0.305,-37.7,31
2015,pre_sf,1,11,1.11,0001,Ryan Bousquet,12181,"Agholor, Nelson",WR,WR,offense,5000,Bust,0,0,observed,2017:0;2018:0;2019:0,347.9,0.211,0.632,74.8,63
2015,pre_sf,1,12,1.12,0006,Steve Bousquet,12140,"Winston, Jameis",QB,QB,offense,5000,Contrib,0,0,observed,2017:0;2018:0;2019:0,756.3,0.262,0.357,548.7,17
2015,pre_sf,2,1,2.01,0007,Josh Martel,12154,"Ajayi, Jay",RB,RB,offense,5000,Contrib,0,1,observed,2017:0;2018:1;2019:0,389.0,0.222,0.361,-64.7,24
2015,pre_sf,2,10,2.10,0010,Shawn Blake,12159,"Allen, Javorius",RB,RB,offense,5000,Bust,0,0,observed,2017:0;2018:0;2019:0,301.1,0.243,0.545,84.6,37
2015,pre_sf,2,2,2.02,0007,Josh Martel,12141,"Mariota, Marcus",QB,QB,offense,5000,Hit,1,1,observed,2017:0;2018:1;2019:0,712.1,0.334,0.333,456.8,19
2015,pre_sf,2,3,2.03,0010,Shawn Blake,12205,"Funchess, Devin",WR,WR,offense,5000,Bust,0,1,observed,2017:0;2018:1;2019:0,370.0,0.2,0.575,-10.2,58
2015,pre_sf,2,4,2.04,0009,Bear Dunn,12171,"Johnson, David",RB,RB,offense,5000,Smash,1,1,observed,2018:1;2019:1,638.7,0.742,0.129,459.3,6
2015,pre_sf,2,5,2.05,0011,Eric Mannila,12206,"Williams, Maxx",TE,TE,offense,5000,Bust,0,0,observed,2017:0;2018:0,88.1,0.05,0.8,-183.0,71
2015,pre_sf,2,6,2.06,0010,Shawn Blake,12188,"Dorsett, Phillip",WR,WR,offense,5000,Bust,0,0,observed,2018:0;2019:0,166.6,0.0,0.839,-110.3,107
2015,pre_sf,2,7,2.07,0004,Brian Cutting,12158,"Cobb, David",RB,RB,offense,5000,Bust,0,0,no_snapshot_in_window,,9.2,0.0,1.0,-253.4,
2015,pre_sf,2,8,2.08,0001,Ryan Bousquet,12179,"Strong, Jaelen",WR,WR,offense,5000,Bust,0,0,observed,2017:0;2018:0,79.3,0.083,0.667,-166.8,161
2015,pre_sf,2,9,2.09,0012,Chris Klingenberg,12157,"Johnson, Duke",RB,RB,offense,5000,Contrib,0,1,observed,2017:0;2018:1;2019:0,481.9,0.244,0.333,84.6,14
2015,pre_sf,2,11,2.11,0009,Bear Dunn,12161,"Artis-Payne, Cameron",RB,RB,offense,5000,Bust,0,0,observed,2017:0;2018:0,68.3,0.077,0.769,-214.1,124
2015,pre_sf,2,12,2.12,0005,Kyle Creelman,12164,"Davis, Mike",RB,RB,offense,5000,Bust,0,0,observed,2017:0;2018:0;2019:0,65.8,0.0,0.667,-40.1,125
2015,pre_sf,3,1,3.01,0001,Ryan Bousquet,12187,"Lockett, Tyler",WR,WR,offense,2000,Contrib,0,1,observed,2017:0;2018:1;2019:0,516.3,0.244,0.444,211.5,27
2015,pre_sf,3,10,3.10,0004,Brian Cutting,12186,"Diggs, Stefon",WR,WR,offense,2000,Hit,1,1,observed,2017:0;2018:1;2019:1,568.7,0.421,0.369,370.9,19
2015,pre_sf,3,2,3.02,0007,Josh Martel,12257,"Conley, Chris",WR,WR,offense,2000,Bust,0,0,observed,2017:0;2018:0;2019:0,169.7,0.036,0.75,2.4,106
2015,pre_sf,3,3,3.03,0012,Chris Klingenberg,12178,"Coates, Sammie",WR,WR,offense,2000,Bust,0,0,no_snapshot_in_window,,114.6,0.056,0.778,12.2,139
2015,pre_sf,3,4,3.04,0010,Shawn Blake,12162,"Jones, Matt",RB,RB,offense,2000,Bust,0,0,no_snapshot_in_window,,196.6,0.182,0.545,-68.6,64
2015,pre_sf,3,5,3.05,0012,Chris Klingenberg,12182,"Smith, Devin",WR,WR,offense,2000,Bust,0,0,no_snapshot_in_window,,29.3,0.0,0.857,-83.3,
2015,pre_sf,3,6,3.06,0001,Ryan Bousquet,12185,"Hardy, Justin",WR,WR,offense,2000,Bust,0,0,no_snapshot_in_window,,156.0,0.0,0.828,-5.0,111
2015,pre_sf,3,7,3.07,0007,Josh Martel,12195,"Bell, Kenny",WR,WR,offense,2000,Bust,0,0,no_snapshot_in_window,,0,,,-122.2,
2015,pre_sf,3,8,3.08,0006,Steve Bousquet,10811,"Robinson, Josh",CB+S,CB+S,defense,2000,Bust,0,0,no_snapshot_in_window,,16.0,0.0,1.0,-155.0,355
2015,pre_sf,3,9,3.09,0009,Bear Dunn,12156,"Langford, Jeremy",RB,RB,offense,2000,Bust,0,0,no_snapshot_in_window,,211.7,0.08,0.48,39.8,57
2015,pre_sf,3,11,3.11,0001,Ryan Bousquet,12183,"Greene, Rashad",WR,WR,offense,2000,Bust,0,0,no_snapshot_in_window,,74.2,0.062,0.812,0.0,167
2015,pre_sf,3,12,3.12,0004,Brian Cutting,12263,"Waller, Darren",WR,WR,offense,2000,Bust,0,0,observed,2019:0,43.9,0.0,0.846,-147.0,
2015,pre_sf,4,1,4.01,0007,Josh Martel,12204,"Smelter, DeAndre",LB,LB,defense,2000,Bust,0,0,no_snapshot_in_window,,0,,,-112.0,
2015,pre_sf,4,10,4.10,0004,Brian Cutting,12243,"Anthony, Stephone",LB,LB,defense,2000,Contrib,0,0,no_snapshot_in_window,,141.5,0.292,0.416,38.1,103
2015,pre_sf,4,2,4.02,0008,Keith Creelman,12260,"McBride, Tre",WR,WR,offense,2000,Bust,0,0,no_snapshot_in_window,,45.4,0.0,0.778,-118.5,
2015,pre_sf,4,3,4.03,0011,Eric Mannila,12261,"Montgomery, Ty",WR,WR,offense,2000,Bust,0,1,observed,2017:0;2018:1;2019:0,283.5,0.25,0.571,152.7,93
2015,pre_sf,4,4,4.04,0001,Ryan Bousquet,12239,"Kendricks, Eric",LB,LB,defense,2000,Hit,1,0,no_snapshot_in_window,,328.5,0.31,0.286,105.6,14
2015,pre_sf,4,5,4.05,0009,Bear Dunn,12264,"Zenner, Zach",RB,RB,offense,2000,Bust,0,0,observed,2019:0,96.2,0.053,0.842,0.0,104
2015,pre_sf,4,6,4.06,0012,Chris Klingenberg,12210,"Walford, Clive",TE,TE,offense,2000,Bust,0,0,no_snapshot_in_window,,180.1,0.063,0.75,-24.6,39
2015,pre_sf,4,7,4.07,0005,Kyle Creelman,12160,"Williams, Karlos",RB,RB,offense,2000,Hit,1,0,no_snapshot_in_window,,113.3,0.4,0.3,0.0,95
2015,pre_sf,4,8,4.08,0008,Keith Creelman,12386,"Brown, Malcolm",RB,RB,offense,2000,Bust,0,0,observed,2017:0;2018:0;2019:0,51.1,0.0,0.882,-53.4,134
2015,pre_sf,4,9,4.09,0011,Eric Mannila,12265,"Davis, Devante",WR,WR,offense,2000,Bust,0,0,no_snapshot_in_window,,0,,,-92.1,
2015,pre_sf,4,11,4.11,0008,Keith Creelman,12392,"Williams, Trey",RB,RB,offense,2000,Bust,0,0,no_snapshot_in_window,,0,,,-201.0,
2015,pre_sf,4,12,4.12,0005,Kyle Creelman,12391,"Williams, Tyrell",WR,WR,offense,2000,Contrib,0,1,observed,2017:0;2018:0;2019:1,359.9,0.313,0.438,180.9,59
2015,pre_sf,5,1,5.01,0008,Keith Creelman,12387,"Days, Synjyn",DE,DL,defense,2000,Bust,0,0,no_snapshot_in_window,,0,,,-233.2,
2015,pre_sf,5,10,5.10,0007,Josh Martel,12217,"Fowler, Dante",DT+DE,DT+DE,defense,2000,Contrib,0,0,no_snapshot_in_window,,118.5,0.292,0.458,-66.0,74
2015,pre_sf,5,2,5.02,0007,Josh Martel,12230,"Beasley, Vic",DT+DE,DT+DE,defense,2000,Bust,0,0,no_snapshot_in_window,,212.5,0.205,0.589,71.9,203
2015,pre_sf,5,3,5.03,0006,Steve Bousquet,12394,"Carter, DeAndre",WR,WR,offense,2000,Bust,0,0,no_snapshot_in_window,,0,,,-156.9,
2015,pre_sf,5,4,5.04,0010,Shawn Blake,12211,"James, Jesse",TE,TE,offense,2000,Bust,0,0,observed,2017:0;2018:0,214.3,0.173,0.517,57.8,31
2015,pre_sf,5,5,5.05,0011,Eric Mannila,12144,"Petty, Bryce",QB,QB,offense,2000,Bust,0,0,no_snapshot_in_window,,48.4,0.0,1.0,-28.6,
2015,pre_sf,5,6,5.06,0008,Keith Creelman,12409,"Davis, Darius",WR,WR,offense,2000,Bust,0,0,no_snapshot_in_window,,0,,,-106.8,
2015,pre_sf,5,7,5.07,0010,Shawn Blake,12350,"Sasser, Bud",WR,WR,offense,2000,Bust,0,0,no_snapshot_in_window,,0,,,-148.1,
2015,pre_sf,5,8,5.08,0004,Brian Cutting,12142,"Hundley, Brett",QB,QB,offense,2000,Bust,0,0,observed,2017:0,118.2,0.222,0.667,70.9,
2015,pre_sf,5,9,5.09,0009,Bear Dunn,12146,"Grayson, Garrett",QB,QB,offense,2000,Bust,0,0,no_snapshot_in_window,,0,,,-89.5,
2015,pre_sf,5,11,5.11,0012,Chris Klingenberg,12215,"Gregory, Randy",DT+DE,DT+DE,defense,2000,Bust,0,0,no_snapshot_in_window,,16.0,0.0,1.0,-22.6,
2015,pre_sf,5,12,5.12,0008,Keith Creelman,12388,"Crockett, John",RB,RB,offense,2000,Bust,0,0,no_snapshot_in_window,,2.2,0.0,1.0,-201.1,
2016,pre_sf,1,1,1.01,0003,Kris Lake,12625,"Elliott, Ezekiel",RB,RB,offense,15000,Smash,1,1,observed,2017:0;2018:1;2019:0;2020:1,849.6,0.821,0.051,247.1,2
2016,pre_sf,1,10,1.10,0004,Brian Cutting,12647,"Fuller, Will",WR,WR,offense,15000,Contrib,0,1,observed,2017:0;2018:0;2019:1;2020:1,389.1,0.345,0.448,60.0,46
2016,pre_sf,1,2,1.02,0009,Bear Dunn,12646,"Coleman, Corey",WR,WR,offense,14000,Bust,0,0,observed,2017:0;2018:0,183.4,0.174,0.652,-218.7,105
2016,pre_sf,1,3,1.03,0003,Kris Lake,12645,"Treadwell, Laquon",WR,WR,offense,13000,Bust,0,0,observed,2017:0;2018:0,119.0,0.0,0.875,-327.5,140
2016,pre_sf,1,4,1.04,0012,Chris Klingenberg,12648,"Doctson, Josh",WR,WR,offense,12000,Bust,0,0,observed,2017:0;2018:0;2019:0,238.0,0.037,0.556,-262.2,83
2016,pre_sf,1,5,1.05,0005,Kyle Creelman,12658,"Shepard, Sterling",WR,WR,offense,11000,Contrib,0,1,observed,2017:0;2018:1;2019:0;2020:0,538.6,0.317,0.366,198.9,27
2016,pre_sf,1,6,1.06,0006,Steve Bousquet,12652,"Thomas, Michael",WR,WR,offense,10000,,0,1,observed,2017:0;2018:1;2019:0;2020:1,,,,,
2016,pre_sf,1,7,1.07,0005,Kyle Creelman,12626,"Henry, Derrick",RB,RB,offense,9000,Bust,0,1,observed,2017:0;2018:0;2019:1;2020:1,405.8,0.209,0.628,-54.1,24
2016,pre_sf,1,8,1.08,0009,Bear Dunn,12650,"Boyd, Tyler",WR,WR,offense,8000,Bust,0,1,observed,2017:0;2018:0;2019:1;2020:0,403.2,0.237,0.5,49.0,43
2016,pre_sf,1,9,1.09,0007,Josh Martel,12627,"Prosise, C.J.",RB,RB,offense,7000,Bust,0,0,observed,2017:0;2018:0,80.3,0.182,0.636,-327.4,113
2016,pre_sf,1,11,1.11,0010,Shawn Blake,12632,"Dixon, Kenneth",RB,RB,offense,5000,Bust,0,0,observed,2017:0;2018:0;2019:0,122.7,0.063,0.562,-150.4,90
2016,pre_sf,1,12,1.12,0008,Keith Creelman,12655,"Carroo, Leonte",WR,WR,offense,5000,Bust,0,0,observed,2017:0;2018:0,53.2,0.0,0.75,-154.4,
2016,pre_sf,2,1,2.01,0003,Kris Lake,12634,"Howard, Jordan",RB,RB,offense,5000,Hit,1,1,observed,2017:0;2018:1;2019:0;2020:0,576.1,0.386,0.273,122.4,10
2016,pre_sf,2,10,2.10,0009,Bear Dunn,12669,"Mitchell, Malcolm",WR,WR,offense,5000,Bust,0,0,observed,2017:0;2018:0,102.7,0.273,0.636,-113.8,150
2016,pre_sf,2,2,2.02,0009,Bear Dunn,12676,"Henry, Hunter",TE,TE,offense,5000,Hit,1,1,observed,2017:0;2018:0;2019:1;2020:1,255.3,0.417,0.333,0.0,23
2016,pre_sf,2,3,2.03,0010,Shawn Blake,12631,"Perkins, Paul",RB,RB,offense,5000,Bust,0,0,observed,2017:0;2018:0;2019:0,85.9,0.0,0.895,-294.3,109
2016,pre_sf,2,4,2.04,0003,Kris Lake,12657,"Sharpe, Tajae",WR,WR,offense,5000,Bust,0,0,observed,2017:0;2018:0,188.3,0.16,0.68,8.9,104
2016,pre_sf,2,5,2.05,0001,Ryan Bousquet,12651,"Miller, Braxton",WR,WR,offense,5000,Bust,0,0,observed,2017:0;2018:0;2019:0,74.8,0.0,0.765,-196.3,164
2016,pre_sf,2,6,2.06,,Derrick Whitman,12611,"Goff, Jared",QB,QB,offense,5000,Contrib,0,1,observed,2017:0;2018:0;2019:1;2020:0,671.4,0.353,0.412,394.5,19
2016,pre_sf,2,7,2.07,0001,Ryan Bousquet,12629,"Booker, Devontae",RB,RB,offense,5000,Bust,0,0,observed,2017:0;2018:0,287.5,0.098,0.61,24.9,41
2016,pre_sf,2,8,2.08,0009,Bear Dunn,12660,"Cooper, Pharoh",WR,WR,offense,5000,Bust,0,0,observed,2017:0;2018:0;2019:0,97.0,0.0,0.897,-149.1,154
2016,pre_sf,2,9,2.09,0006,Steve Bousquet,12630,"Drake, Kenyan",RB,RB,offense,5000,Bust,0,0,observed,2017:0;2018:0;2019:0;2020:0,390.1,0.262,0.547,-7.1,27
2016,pre_sf,2,11,2.11,0012,Chris Klingenberg,12675,"Thomas, Mike",WR,WR,offense,5000,Bust,0,0,observed,2017:0;2018:0;2019:0,19.4,0.0,1.0,-263.0,
2016,pre_sf,2,12,2.12,0003,Kris Lake,12677,"Hooper, Austin",TE,TE,offense,5000,Contrib,0,0,observed,2017:0;2018:0;2019:0;2020:0,346.0,0.25,0.45,240.1,14
2016,pre_sf,3,1,3.01,0009,Bear Dunn,12656,"Higgins, Rashard",WR,WR,offense,2000,Bust,0,0,observed,2019:0;2020:0,178.1,0.148,0.704,-126.7,110
2016,pre_sf,3,10,3.10,0001,Ryan Bousquet,12628,"Collins, Alex",RB,RB,offense,2000,Bust,0,0,observed,2017:0;2018:0;2019:0,289.6,0.161,0.419,91.8,40
2016,pre_sf,3,2,3.02,0012,Chris Klingenberg,12678,"Higbee, Tyler",TE,TE,offense,2000,Bust,0,0,observed,2017:0;2018:0;2020:0,156.6,0.063,0.75,-10.7,40
2016,pre_sf,3,3,3.03,0007,Josh Martel,12726,"Garrett, Keyarris",WR,WR,offense,2000,Bust,0,0,observed,2017:0;2018:0,0,,,-102.3,
2016,pre_sf,3,4,3.04,0010,Shawn Blake,12643,"Marshall, Keith",RB,RB,offense,2000,Bust,0,0,observed,2017:0;2018:0,0,,,-265.2,
2016,pre_sf,3,5,3.05,0004,Brian Cutting,12857,"Washington, DeAndre",RB,RB,offense,2000,Bust,0,0,observed,2017:0;2018:0;2020:0,165.9,0.066,0.833,53.3,73
2016,pre_sf,3,6,3.06,0012,Chris Klingenberg,12721,"Aguayo, Roberto",PK,ST,special,2000,Bust,0,0,no_snapshot_in_window,,0,,,-161.0,
2016,pre_sf,3,7,3.07,0012,Chris Klingenberg,12610,"Wentz, Carson",QB,QB,offense,2000,Hit,1,1,observed,2017:0;2018:0;2019:1;2020:0,770.3,0.421,0.316,648.1,12
2016,pre_sf,3,8,3.08,0010,Shawn Blake,12636,"Smallwood, Wendell",RB,RB,offense,2000,Bust,0,0,observed,2019:0,210.8,0.129,0.677,39.8,62
2016,pre_sf,3,9,3.09,0001,Ryan Bousquet,12635,"Williams, Jonathan",RB,RB,offense,2000,Bust,0,0,observed,2017:0;2018:0;2019:0;2020:0,14.6,0.0,1.0,-157.3,
2016,pre_sf,3,11,3.11,0004,Brian Cutting,12612,"Lynch, Paxton",QB,QB,offense,2000,Bust,0,0,observed,2017:0;2018:0;2019:0,28.2,0.0,1.0,-46.0,
2016,pre_sf,3,12,3.12,0010,Shawn Blake,12663,"Payton, Jordan",WR,WR,offense,2000,Bust,0,0,observed,2017:0;2018:0,1.3,0.0,1.0,-189.6,
2016,pre_sf,4,1,4.01,0009,Bear Dunn,12639,"Ervin, Tyler",RB,RB,offense,2000,Bust,0,0,observed,2017:0;2018:0,65.5,0.0,0.955,-46.5,121
2016,pre_sf,4,10,4.10,0008,Keith Creelman,12867,"Wilds, Brandon",RB,RB,offense,2000,Bust,0,0,observed,2017:0;2018:0,3.3,0.0,1.0,-100.1,
2016,pre_sf,4,2,4.02,0004,Brian Cutting,12672,"Braverman, Daniel",WR,WR,offense,2000,Bust,0,0,observed,2017:0;2018:0,0,,,-163.9,
2016,pre_sf,4,3,4.03,0005,Kyle Creelman,12615,"Jones, Cardale",QB,QB,offense,2000,Bust,0,0,observed,2017:0;2018:0;2019:0,0,,,-130.8,
2016,pre_sf,4,4,4.04,0012,Chris Klingenberg,12777,"Louis, Ricardo",WR,WR,offense,2000,Bust,0,0,observed,2017:0;2018:0,119.2,0.0,0.87,-103.7,139
2016,pre_sf,4,5,4.05,0007,Josh Martel,12640,"Ferguson, Josh",RB,RB,offense,2000,Bust,0,0,observed,2017:0;2018:0;2019:0,45.0,0.0,0.942,-51.2,137
2016,pre_sf,4,6,4.06,0010,Shawn Blake,12637,"Barber, Peyton",RB,RB,offense,2000,Bust,0,0,observed,2017:0;2018:0;2019:0;2020:0,250.4,0.111,0.695,45.7,51
2016,pre_sf,4,7,4.07,0007,Josh Martel,12674,"Cajuste, Devon",WR,WR,offense,2000,Bust,0,0,observed,2017:0;2018:0,0,,,-113.3,
2016,pre_sf,4,8,4.08,0004,Brian Cutting,12846,"Lasco, Daniel",RB,RB,offense,2000,Bust,0,0,no_snapshot_in_window,,12.9,0.0,1.0,-91.6,
2016,pre_sf,4,9,4.09,0001,Ryan Bousquet,12673,"Peake, Charone",WR,WR,offense,2000,Bust,0,0,no_snapshot_in_window,,50.0,0.0,0.938,-42.1,183
2016,pre_sf,4,11,4.11,0011,Eric Mannila,12654,"Lawler, Kenny",WR,WR,offense,2000,Bust,0,0,no_snapshot_in_window,,0,,,-201.0,
2016,pre_sf,4,12,4.12,0001,Ryan Bousquet,12705,"Lee, Darron",LB,LB,defense,2000,Bust,0,0,no_snapshot_in_window,,256.5,0.211,0.447,77.5,39
2016,pre_sf,5,1,5.01,0003,Kris Lake,12686,"Bosa, Joey",DT+DE,DT+DE,defense,2000,Smash,1,0,no_snapshot_in_window,,255.0,0.594,0.281,21.8,19
2016,pre_sf,5,10,5.10,0008,Keith Creelman,12896,"Scott, Rashawn",WR,WR,offense,2000,Bust,0,0,observed,2017:0;2018:0,0,,,-184.5,
2016,pre_sf,5,2,5.02,0009,Bear Dunn,12649,"Lewis, Roger",WR,WR,offense,2000,Bust,0,0,no_snapshot_in_window,,134.1,0.0,0.591,-6.5,134
2016,pre_sf,5,3,5.03,0010,Shawn Blake,12859,"Anderson, Stephen",TE,TE,offense,2000,Bust,0,0,observed,2017:0;2018:0;2019:0,99.2,0.053,0.789,-57.7,67
2016,pre_sf,5,4,5.04,0010,Shawn Blake,12702,"Jack, Myles",LB,LB,defense,2000,Bust,0,0,no_snapshot_in_window,,233.0,0.195,0.585,76.5,45
2016,pre_sf,5,5,5.05,0008,Keith Creelman,12874,"Valles, Hakeem",TE,TE,offense,2000,Bust,0,0,no_snapshot_in_window,,5.1,0.0,1.0,-71.9,
2016,pre_sf,5,6,5.06,0006,Steve Bousquet,12620,"Prescott, Dak",QB,QB,offense,2000,Hit,1,0,observed,2017:0;2018:0;2019:0;2020:0,847.7,0.405,0.333,740.9,10
2016,pre_sf,5,7,5.07,0006,Steve Bousquet,12800,"Davis, Trevor",WR,WR,offense,2000,Bust,0,0,observed,2017:0;2018:0;2019:0,61.5,0.0,0.952,-86.6,172
2016,pre_sf,5,8,5.08,0008,Keith Creelman,12845,"Washington, Dwayne",RB,RB,offense,2000,Bust,0,0,observed,2017:0;2018:0,68.3,0.0,0.95,21.0,118
2016,pre_sf,5,9,5.09,0011,Eric Mannila,12871,"Foster, D.J.",RB,RB,offense,2000,Bust,0,0,no_snapshot_in_window,,33.1,0.0,1.0,-56.4,
2016,pre_sf,5,11,5.11,0006,Steve Bousquet,12809,"Boehringer, Moritz",WR,WR,offense,2000,Bust,0,0,observed,2017:0;2018:0,0,,,-38.6,
2016,pre_sf,5,12,5.12,0006,Steve Bousquet,12701,"Smith, Jaylon",LB,LB,defense,2000,Contrib,0,0,no_snapshot_in_window,,215.0,0.333,0.4,11.8,53
2017,pre_sf,1,1,1.01,0006,Steve Bousquet,13130,"McCaffrey, Christian",RB,RB,offense,15000,Smash,1,1,observed,2017:0;2018:0;2019:1;2020:0;2021:1,1056.9,0.733,0.022,454.4,1
2017,pre_sf,1,10,1.10,0010,Shawn Blake,13155,"Ross, John",WR,WR,offense,15000,Bust,0,0,observed,2018:0;2019:0;2020:0,190.4,0.167,0.555,-138.7,96
2017,pre_sf,1,2,1.02,0007,Josh Martel,13153,"Davis, Corey",WR,WR,offense,14000,Bust,0,0,observed,2017:0;2018:0;2019:0;2020:0;2021:0,378.0,0.158,0.605,-24.1,50
2017,pre_sf,1,3,1.03,0007,Josh Martel,13131,"Mixon, Joe",RB,RB,offense,13000,Hit,1,1,observed,2017:0;2018:0;2019:1;2020:0;2021:0,553.8,0.366,0.268,107.2,14
2017,pre_sf,1,4,1.04,0012,Chris Klingenberg,13154,"Williams, Mike",WR,WR,offense,12000,Bust,0,1,observed,2017:0;2018:0;2019:1;2020:0;2021:0,364.1,0.182,0.424,-136.1,52
2017,pre_sf,1,5,1.05,0003,Matt Gerardi,13129,"Fournette, Leonard",RB,RB,offense,11000,Smash,1,1,observed,2017:0;2018:0;2019:0;2020:1;2021:0,588.4,0.571,0.143,248.6,8
2017,pre_sf,1,6,1.06,0007,Josh Martel,13128,"Cook, Dalvin",RB,RB,offense,10000,Smash,1,1,observed,2017:0;2018:0;2019:1;2020:0;2021:1,499.0,0.607,0.107,165.4,18
2017,pre_sf,1,7,1.07,0006,Steve Bousquet,13138,"Hunt, Kareem",RB,RB,offense,9000,Smash,1,1,observed,2017:0;2018:0;2019:0;2020:1;2021:0,613.0,0.637,0.091,153.1,7
2017,pre_sf,1,8,1.08,0001,Ryan Bousquet,13188,"Howard, O.J.",TE,TE,offense,8000,Hit,1,0,observed,2017:0;2018:0;2019:0;2020:0;2021:0,330.0,0.344,0.344,-24.2,12
2017,pre_sf,1,9,1.09,,Eric Mannila,13189,"Engram, Evan",TE,TE,offense,7000,Smash,1,1,observed,2017:0;2018:0;2019:1;2020:0;2021:0,410.8,0.469,0.219,3.1,8
2017,pre_sf,1,11,1.11,,Eric Mannila,13156,"Smith-Schuster, JuJu",WR,WR,offense,5000,Smash,1,1,observed,2017:0;2018:0;2019:0;2020:1;2021:0,621.3,0.462,0.257,348.1,16
2017,pre_sf,1,12,1.12,0007,Josh Martel,13192,"Njoku, David",TE,TE,offense,5000,Bust,0,1,observed,2017:0;2018:0;2019:1;2020:0;2021:0,250.5,0.258,0.548,42.9,22
2017,pre_sf,2,1,2.01,0001,Ryan Bousquet,13132,"Kamara, Alvin",RB,RB,offense,5000,Smash,1,1,observed,2017:0;2018:0;2019:1;2020:0;2021:1,863.6,0.628,0.093,409.9,3
2017,pre_sf,2,10,2.10,,Eric Mannila,13157,"Samuel, Curtis",WR,WR,offense,5000,Bust,0,1,observed,2017:0;2018:0;2019:1;2020:0;2021:0,360.9,0.228,0.457,144.4,54
2017,pre_sf,2,2,2.02,0007,Josh Martel,13237,"Williams, Joe",RB,RB,offense,5000,Bust,0,0,observed,2017:0;2018:0;2019:0,0,,,-255.3,
2017,pre_sf,2,3,2.03,0003,Matt Gerardi,13176,"Jones, Zay",WR,WR,offense,5000,Bust,0,0,observed,2017:0;2018:0;2019:0,263.8,0.108,0.784,-116.4,72
2017,pre_sf,2,4,2.04,0009,Bear Dunn,13133,"Perine, Samaje",RB,RB,offense,5000,Bust,0,0,observed,2017:0;2018:0;2021:0,117.0,0.111,0.5,-62.4,92
2017,pre_sf,2,5,2.05,0010,Shawn Blake,13234,"Mack, Marlon",RB,RB,offense,5000,Contrib,0,1,observed,2017:0;2018:0;2019:0;2020:1;2021:0,416.9,0.298,0.405,145.8,28
2017,pre_sf,2,6,2.06,0007,Josh Martel,13146,"Conner, James",RB,RB,offense,5000,Contrib,0,1,observed,2017:0;2018:0;2019:0;2020:1;2021:0,425.9,0.294,0.441,149.0,26
2017,pre_sf,2,7,2.07,0009,Bear Dunn,13134,"Foreman, D'Onta",RB,RB,offense,5000,Bust,0,0,observed,2017:0;2018:0;2019:0;2020:0;2021:0,67.2,0.1,0.7,-195.4,116
2017,pre_sf,2,8,2.08,,Eric Mannila,13139,"Williams, Jamaal",RB,RB,offense,5000,Bust,0,0,observed,2017:0;2018:0;2019:0;2020:0;2021:0,386.5,0.209,0.581,140.4,32
2017,pre_sf,2,9,2.09,0010,Shawn Blake,13277,"Golladay, Kenny",WR,WR,offense,5000,Hit,1,1,observed,2017:0;2018:0;2019:0;2020:0;2021:1,580.7,0.4,0.375,183.5,18
2017,pre_sf,2,11,2.11,0005,"John Richard, Jarrade Nieber",13198,"Garrett, Myles",DT+DE,DT+DE,defense,5000,Smash,1,0,no_snapshot_in_window,,289.5,0.457,0.314,7.1,17
2017,pre_sf,2,12,2.12,0012,Chris Klingenberg,13163,"Godwin, Chris",WR,WR,offense,5000,Contrib,0,1,observed,2017:0;2018:0;2019:1;2020:0;2021:0,567.1,0.341,0.39,461.2,21
2017,pre_sf,3,1,3.01,0008,Keith Creelman,13168,"Reynolds, Josh",WR,WR,offense,2000,Bust,0,1,observed,2017:0;2018:0;2019:1;2020:0;2021:0,180.0,0.154,0.731,-124.8,100
2017,pre_sf,3,10,3.10,0008,Keith Creelman,13158,"Westbrook, Dede",WR,WR,offense,2000,Contrib,0,0,observed,2017:0;2018:0;2019:0;2020:0,428.6,0.314,0.371,230.8,41
2017,pre_sf,3,2,3.02,0009,Bear Dunn,13236,"Everett, Gerald",TE,TE,offense,2000,Bust,0,0,observed,2017:0;2018:0;2019:0;2020:0;2021:0,237.7,0.167,0.611,70.4,24
2017,pre_sf,3,3,3.03,0006,Steve Bousquet,13319,"Jones, Aaron",RB,RB,offense,2000,Hit,1,1,observed,2017:0;2018:0;2019:0;2020:1;2021:1,553.5,0.472,0.417,451.1,15
2017,pre_sf,3,4,3.04,0012,Chris Klingenberg,13137,"Pumphrey, Donnel",RB,RB,offense,2000,Bust,0,0,observed,2017:0;2018:0,0,,,-265.2,
2017,pre_sf,3,5,3.05,0005,"John Richard, Jarrade Nieber",13113,"Watson, Deshaun",QB,QB,offense,2000,Smash,1,1,observed,2017:0;2018:0;2019:1;2020:0;2021:1,885.7,0.583,0.278,773.1,5
2017,pre_sf,3,6,3.06,0001,Ryan Bousquet,13164,"Kupp, Cooper",WR,WR,offense,2000,Smash,1,1,observed,2017:0;2018:0;2019:0;2020:1;2021:1,612.2,0.513,0.135,451.2,17
2017,pre_sf,3,7,3.07,0001,Ryan Bousquet,13171,"Henderson, Carlos",WR,WR,offense,2000,Bust,0,0,observed,2017:0;2018:0;2019:0,0,,,-122.2,
2017,pre_sf,3,8,3.08,0006,Steve Bousquet,13280,"Williams, Chad",WR,WR,offense,2000,Bust,0,0,observed,2017:0;2018:0;2019:0;2020:0,42.8,0.0,0.909,-128.2,197
2017,pre_sf,3,9,3.09,0005,"John Richard, Jarrade Nieber",13135,"Gallman, Wayne",RB,RB,offense,2000,Bust,0,0,observed,2017:0;2018:0;2019:0;2021:0,175.1,0.097,0.774,3.2,69
2017,pre_sf,3,11,3.11,0009,Bear Dunn,13143,"McNichols, Jeremy",RB,RB,offense,2000,Bust,0,0,observed,2017:0;2018:0;2019:0,1.4,0.0,1.0,-72.8,
2017,pre_sf,3,12,3.12,0010,Shawn Blake,13167,"Taylor, Taywan",WR,WR,offense,2000,Bust,0,0,observed,2017:0;2018:0;2019:0;2020:0,151.7,0.077,0.692,-39.2,118
2017,pre_sf,4,1,4.01,,Derrick Whitman,13221,"Davis, Jarrad",LB,LB,defense,2000,Hit,1,0,no_snapshot_in_window,,282.5,0.359,0.359,170.5,31
2017,pre_sf,4,10,4.10,0006,Steve Bousquet,13370,"Hogan, Krishawn",WR,WR,offense,2000,Bust,0,0,observed,2017:0;2018:0;2019:0,2.4,0.0,1.0,-101.0,
2017,pre_sf,4,2,4.02,0007,Josh Martel,13254,"Shaheen, Adam",TE,TE,offense,2000,Bust,0,0,observed,2017:0;2018:0;2019:0;2020:0,82.7,0.133,0.733,-81.2,71
2017,pre_sf,4,3,4.03,0007,Josh Martel,13116,"Mahomes, Patrick",QB,QB,offense,2000,Smash,1,1,observed,2017:0;2018:0;2019:1;2020:0;2021:1,817.7,0.678,0.072,686.9,11
2017,pre_sf,4,4,4.04,0012,Chris Klingenberg,13193,"Smith, Jonnu",TE,TE,offense,2000,Bust,0,1,observed,2017:0;2018:0;2019:0;2020:0;2021:1,222.9,0.156,0.563,0.0,28
2017,pre_sf,4,5,4.05,0001,Ryan Bousquet,13173,"Stewart, ArDarius",WR,WR,offense,2000,Bust,0,0,observed,2017:0;2018:0,15.9,0.0,1.0,-80.3,
2017,pre_sf,4,6,4.06,0006,Steve Bousquet,13244,"Zamora, Ishmael",WR,WR,offense,2000,Bust,0,0,observed,2017:0;2018:0,0,,,-204.7,
2017,pre_sf,4,7,4.07,0009,Bear Dunn,13141,"Hood, Elijah",RB,RB,offense,2000,Bust,0,0,no_snapshot_in_window,,0,,,-113.3,
2017,pre_sf,4,8,4.08,,Eric Mannila,13215,"Foster, Reuben",LB,LB,defense,2000,Hit,1,0,no_snapshot_in_window,,104.5,0.333,0.333,0.0,119
2017,pre_sf,4,9,4.09,0001,Ryan Bousquet,13240,"Hill, Brian",RB,RB,offense,2000,Bust,0,0,observed,2017:0;2018:0;2019:0;2020:0;2021:0,92.1,0.0,0.625,0.0,97
2017,pre_sf,4,11,4.11,0005,"John Richard, Jarrade Nieber",13230,"Adams, Jamal",CB+S,CB+S,defense,2000,Smash,1,0,no_snapshot_in_window,,435.3,0.581,0.116,234.3,1
2017,pre_sf,4,12,4.12,0009,Bear Dunn,13165,"Switzer, Ryan",WR,WR,offense,2000,Bust,0,0,observed,2017:0;2018:0;2019:0,149.6,0.0,0.865,-29.4,122
2017,pre_sf,5,1,5.01,0010,Shawn Blake,13187,"Yancey, DeAngelo",QB,QB,offense,2000,Bust,0,0,observed,2017:0;2018:0;2019:0;2020:0,0,,,-233.2,
2017,pre_sf,5,10,5.10,0006,Steve Bousquet,13121,"Kelly, Chad",QB,QB,offense,2000,Bust,0,0,observed,2017:0;2018:0;2019:0,0,,,-184.5,
2017,pre_sf,5,2,5.02,0003,Matt Gerardi,13160,"Dupre, Malachi",WR,WR,offense,2000,Bust,0,0,observed,2017:0;2018:0,0,,,-140.6,
2017,pre_sf,5,3,5.03,0005,"John Richard, Jarrade Nieber",13357,"Mays, Devante",RB,RB,offense,2000,Bust,0,0,observed,2017:0;2018:0;2019:0;2020:0,0,,,-156.9,
2017,pre_sf,5,4,5.04,0012,Chris Klingenberg,13166,"Darboh, Amara",WR,WR,offense,2000,Bust,0,0,observed,2017:0;2018:0;2019:0,15.0,0.0,1.0,-141.5,
2017,pre_sf,5,5,5.05,0009,Bear Dunn,13136,"Clement, Corey",RB,RB,offense,2000,Bust,0,0,observed,2018:0;2019:0,189.1,0.154,0.653,112.1,60
2017,pre_sf,5,6,5.06,0003,Matt Gerardi,13115,"Trubisky, Mitchell",QB,QB,offense,2000,Contrib,0,0,observed,2017:0;2018:0;2019:0;2020:0;2021:0,623.7,0.29,0.579,516.9,19
2017,pre_sf,5,7,5.07,0010,Shawn Blake,13299,"Kittle, George",TE,TE,offense,2000,Smash,1,1,observed,2017:0;2018:0;2019:0;2020:1;2021:1,577.7,0.524,0.238,429.6,3
2017,pre_sf,5,8,5.08,,Derrick Whitman,13190,"Butt, Jake",TE,TE,offense,2000,Bust,0,0,observed,2017:0;2018:0;2019:0,18.3,0.0,0.667,-29.0,
2017,pre_sf,5,9,5.09,0008,Keith Creelman,13191,"Hodges, Bucky",TE,TE,offense,2000,Bust,0,0,observed,2017:0;2018:0;2019:0,0,,,-89.5,
2017,pre_sf,5,11,5.11,,Eric Mannila,13162,"Ford, Isaiah",WR,WR,offense,2000,Bust,0,0,observed,2017:0;2018:0;2021:0,38.6,0.2,0.6,0.0,
2017,pre_sf,5,12,5.12,0009,Bear Dunn,13290,"Cohen, Tarik",RB,RB,offense,2000,Hit,1,1,observed,2017:0;2018:0;2019:0;2020:1;2021:0,559.9,0.311,0.311,356.6,13
2018,pre_sf,1,1,1.01,0003,Matt Gerardi,13604,"Barkley, Saquon",RB,RB,offense,15000,Smash,1,1,observed,2018:0;2019:0;2020:1;2021:0;2022:1,600.8,0.655,0.138,-1.7,9
2018,pre_sf,1,2,1.02,0011,Eric Mannila,13605,"Guice, Derrius",RB,RB,offense,14000,Bust,0,0,observed,2018:0;2019:0;2020:0;2021:0;2022:0,57.4,0.2,0.6,-344.7,
2018,pre_sf,1,3,1.03,0001,Ryan Bousquet,13607,"Michel, Sony",RB,RB,offense,13000,Bust,0,0,observed,2018:0;2019:0;2020:0;2021:0;2022:0,333.9,0.235,0.558,-112.6,33
2018,pre_sf,1,4,1.04,0011,Eric Mannila,13606,"Jones, Ronald",RB,RB,offense,12000,Contrib,0,0,observed,2018:0;2019:0;2020:0;2021:0;2022:0,346.3,0.314,0.457,-153.9,30
2018,pre_sf,1,5,1.05,0008,Keith Creelman,13617,"Freeman, Royce",RB,RB,offense,11000,Bust,0,0,observed,2018:0;2019:0;2020:0;2022:0,252.9,0.053,0.658,-86.8,51
2018,pre_sf,1,6,1.06,0004,Brian Cutting,13608,"Penny, Rashaad",RB,RB,offense,10000,Bust,0,0,observed,2018:0;2019:0;2020:0;2021:0;2022:0,153.8,0.136,0.727,-179.8,78
2018,pre_sf,1,7,1.07,0001,Ryan Bousquet,13635,"Moore, D.J.",WR,WR,offense,9000,Hit,1,1,observed,2018:0;2019:0;2020:0;2021:1;2022:1,641.2,0.409,0.295,181.3,19
2018,pre_sf,1,8,1.08,0007,Josh Martel,13612,"Johnson, Kerryon",RB,RB,offense,8000,Bust,0,0,observed,2018:0;2019:0;2020:0;2021:0,278.5,0.133,0.467,-75.7,47
2018,pre_sf,1,9,1.09,0009,Bear Dunn,13610,"Chubb, Nick",RB,RB,offense,7000,Smash,1,1,observed,2018:0;2019:0;2020:1;2021:0;2022:1,644.9,0.415,0.219,237.2,8
2018,pre_sf,1,10,1.10,0012,Chris Klingenberg,13629,"Ridley, Calvin",WR,WR,offense,6000,Smash,1,1,observed,2018:0;2019:0;2020:1;2021:0;2022:0,716.8,0.625,0.275,387.7,12
2018,pre_sf,1,11,1.11,0012,Chris Klingenberg,13646,"Gallup, Michael",WR,WR,offense,5000,Contrib,0,0,observed,2018:0;2019:0;2020:0;2021:0;2022:0,466.4,0.244,0.488,193.2,40
2018,pre_sf,1,12,1.12,0001,Ryan Bousquet,13639,"Miller, Anthony",WR,WR,offense,5000,Bust,0,1,observed,2018:0;2019:0;2020:1;2021:0;2022:0,388.7,0.095,0.524,181.1,50
2018,pre_sf,2,1,2.01,0011,Eric Mannila,13633,"Kirk, Christian",WR,WR,offense,5000,Contrib,0,0,observed,2018:0;2019:0;2020:0;2021:0;2022:0,472.1,0.289,0.368,18.4,35
2018,pre_sf,2,2,2.02,0011,Eric Mannila,13621,"Ballage, Kalen",RB,RB,offense,5000,Bust,0,0,observed,2018:0;2019:0;2020:0;2021:0,167.9,0.094,0.812,-87.4,73
2018,pre_sf,2,3,2.03,0007,Josh Martel,13630,"Sutton, Courtland",WR,WR,offense,5000,Hit,1,1,observed,2018:0;2019:0;2020:0;2021:1;2022:0,380.2,0.29,0.226,0.0,51
2018,pre_sf,2,4,2.04,0009,Bear Dunn,13631,"Washington, James",WR,WR,offense,5000,Bust,0,0,observed,2018:0;2019:0;2020:0;2021:0;2022:0,286.6,0.156,0.594,107.2,70
2018,pre_sf,2,5,2.05,0009,Bear Dunn,13672,"Gesicki, Mike",TE,TE,offense,5000,Bust,0,1,observed,2018:0;2019:1;2020:0;2021:1;2022:0,328.1,0.216,0.487,57.0,14
2018,pre_sf,2,6,2.06,0011,Eric Mannila,13634,"Pettis, Dante",WR,WR,offense,5000,Bust,0,0,observed,2018:0;2019:0;2020:0,154.2,0.105,0.631,-122.7,113
2018,pre_sf,2,7,2.07,0003,Matt Gerardi,13668,"Chark, D.J.",WR,WR,offense,5000,Contrib,0,1,observed,2018:0;2019:0;2020:0;2021:1;2022:1,438.0,0.286,0.4,175.4,45
2018,pre_sf,2,8,2.08,0012,Chris Klingenberg,13640,"Callaway, Antonio",WR,WR,offense,5000,Bust,0,0,observed,2018:0;2019:0;2020:0,145.8,0.087,0.696,-100.3,119
2018,pre_sf,2,9,2.09,0003,Matt Gerardi,13622,"Hines, Nyheim",RB,RB,offense,5000,Bust,0,0,observed,2018:0;2019:0;2020:0;2021:0;2022:0,464.2,0.156,0.511,66.9,21
2018,pre_sf,2,10,2.10,0008,Keith Creelman,13593,"Jackson, Lamar",QB,QB,offense,5000,Hit,1,1,observed,2018:0;2019:0;2020:0;2021:1;2022:1,968.1,0.442,0.396,751.6,5
2018,pre_sf,2,11,2.11,0011,Eric Mannila,13674,"Goedert, Dallas",TE,TE,offense,5000,Contrib,0,1,observed,2018:0;2019:0;2020:0;2021:1;2022:0,358.6,0.306,0.334,76.2,11
2018,pre_sf,2,12,2.12,0006,Steve Bousquet,13696,"Smith, Roquan",LB,LB,defense,5000,Smash,1,0,no_snapshot_in_window,,409.0,0.548,0.19,303.1,8
2018,pre_sf,3,1,3.01,0006,Steve Bousquet,13697,"Edmunds, Tremaine",LB,LB,defense,2000,Hit,1,0,no_snapshot_in_window,,351.5,0.395,0.233,46.7,16
2018,pre_sf,3,2,3.02,0007,Josh Martel,13680,"Hurst, Hayden",TE,TE,offense,2000,Bust,0,1,observed,2018:0;2019:0;2020:1;2021:0;2022:0,249.3,0.206,0.529,82.0,24
2018,pre_sf,3,3,3.03,0001,Ryan Bousquet,13590,"Mayfield, Baker",QB,QB,offense,2000,Bust,0,1,observed,2018:0;2019:0;2020:0;2021:1;2022:0,744.2,0.191,0.476,641.9,16
2018,pre_sf,3,4,3.04,0009,Bear Dunn,13726,"Edmonds, Chase",RB,RB,offense,2000,Bust,0,1,observed,2018:0;2019:0;2020:0;2021:1;2022:0,322.2,0.2,0.65,57.0,37
2018,pre_sf,3,5,3.05,0003,Matt Gerardi,13619,"Kelly, John",RB,RB,offense,2000,Bust,0,0,observed,2018:0;2019:0,7.0,0.0,1.0,-105.6,
2018,pre_sf,3,6,3.06,0006,Steve Bousquet,13657,"Moore, J'Mon",WR,WR,offense,2000,Bust,0,0,observed,2018:0;2019:0;2020:0,4.9,0.0,1.0,-156.1,
2018,pre_sf,3,7,3.07,0009,Bear Dunn,13662,"Coutee, Keke",WR,WR,offense,2000,Bust,0,0,observed,2018:0;2019:0;2020:0;2021:0,199.4,0.158,0.421,77.2,96
2018,pre_sf,3,8,3.08,0002,AJ Balderelli,13638,"Berrios, Braxton",WR,WR,offense,2000,Bust,0,0,observed,2018:0;2019:0;2020:0;2022:0,131.2,0.107,0.822,-39.8,132
2018,pre_sf,3,9,3.09,0004,Brian Cutting,13789,"Wilkins, Jordan",RB,RB,offense,2000,Bust,0,0,observed,2018:0;2019:0;2020:0,170.5,0.028,0.857,-1.4,71
2018,pre_sf,3,10,3.10,0009,Bear Dunn,13613,"Samuels, Jaylen",RB,RB,offense,2000,Bust,0,0,observed,2018:0;2019:0;2020:0,190.5,0.143,0.714,-7.3,65
2018,pre_sf,3,11,3.11,0004,Brian Cutting,13591,"Rosen, Josh",QB,QB,offense,2000,Bust,0,0,observed,2018:0;2019:0;2020:0;2021:0,117.5,0.0,0.833,43.3,48
2018,pre_sf,3,12,3.12,0003,Matt Gerardi,13645,"Smith, Tre'Quan",WR,WR,offense,2000,Bust,0,0,observed,2018:0;2019:0;2020:0;2021:0,265.6,0.107,0.5,74.7,80
2018,pre_sf,4,1,4.01,0006,Steve Bousquet,13592,"Darnold, Sam",QB,QB,offense,2000,Bust,0,0,observed,2018:0;2019:0;2020:0;2021:0;2022:0,500.4,0.194,0.613,388.4,26
2018,pre_sf,4,2,4.02,0002,AJ Balderelli,13681,"Chubb, Bradley",LB,LB,defense,2000,Contrib,0,0,no_snapshot_in_window,,224.5,0.303,0.485,60.6,55
2018,pre_sf,4,3,4.03,0009,Bear Dunn,13636,"Cain, Deon",WR,WR,offense,2000,Bust,0,0,observed,2018:0;2019:0;2020:0;2021:0,22.8,0.0,1.0,-108.0,
2018,pre_sf,4,4,4.04,0008,Keith Creelman,13620,"Jackson, Justin",RB,RB,offense,2000,Bust,0,0,observed,2018:0;2019:0;2020:0;2021:0;2022:0,141.5,0.143,0.714,-81.4,80
2018,pre_sf,4,5,4.05,0007,Josh Martel,13768,"Smith, Ito",RB,RB,offense,2000,Bust,0,0,observed,2018:0;2019:0;2020:0;2021:0,184.2,0.033,0.767,88.0,67
2018,pre_sf,4,6,4.06,0011,Eric Mannila,13589,"Allen, Josh",QB,QB,offense,2000,Smash,1,1,observed,2018:0;2019:0;2020:0;2021:0;2022:1,914.6,0.475,0.275,709.9,8
2018,pre_sf,4,7,4.07,0007,Josh Martel,13699,"Evans, Rashaan",LB,LB,defense,2000,Bust,0,0,no_snapshot_in_window,,247.5,0.14,0.511,134.2,46
2018,pre_sf,4,8,4.08,0002,AJ Balderelli,13595,"Rudolph, Mason",QB,QB,offense,2000,Bust,0,0,observed,2018:0;2019:0;2020:0,126.5,0.0,0.545,22.0,47
2018,pre_sf,4,9,4.09,0003,Matt Gerardi,13616,"Walton, Mark",RB,RB,offense,2000,Bust,0,0,observed,2018:0;2019:0;2020:0;2021:0,55.0,0.0,0.933,-37.1,121
2018,pre_sf,4,10,4.10,0011,Eric Mannila,13727,"Vander Esch, Leighton",LB,LB,defense,2000,Hit,1,0,no_snapshot_in_window,,255.5,0.353,0.323,152.1,43
2018,pre_sf,4,11,4.11,0012,Chris Klingenberg,13714,"James, Derwin",CB+S,CB+S,defense,2000,Smash,1,0,no_snapshot_in_window,,201.0,0.632,0.053,0.0,121
2018,pre_sf,5,1,5.01,0007,Josh Martel,13733,"Leonard, Darius",LB,LB,defense,2000,Smash,1,0,no_snapshot_in_window,,481.0,0.641,0.077,247.8,1
2018,pre_sf,5,2,5.02,0007,Josh Martel,13688,"Davenport, Marcus",DT+DE,DT+DE,defense,2000,Bust,0,0,no_snapshot_in_window,,155.5,0.188,0.594,14.9,79
2018,pre_sf,5,3,5.03,0005,"John Richard, Jarrade Nieber",13637,"St. Brown, Equanimeous",WR,WR,offense,2000,Bust,0,0,observed,2018:0;2019:0;2020:0,85.5,0.0,0.75,-71.4,163
2018,pre_sf,5,4,5.04,0001,Ryan Bousquet,13649,"Hamilton, DaeSean",WR,WR,offense,2000,Bust,0,0,observed,2018:0;2019:0;2020:0;2021:0,180.6,0.143,0.714,24.1,104
2018,pre_sf,5,5,5.05,0007,Josh Martel,13666,"Fountain, Daurice",WR,WR,offense,2000,Bust,0,0,observed,2018:0;2019:0;2020:0;2021:0,4.7,0.0,1.0,-72.3,
2018,pre_sf,5,6,5.06,0001,Ryan Bousquet,13776,"Watson, Justin",WR,WR,offense,2000,Bust,0,0,observed,2018:0;2019:0;2020:0;2022:0,79.6,0.1,0.9,-27.2,170
2018,pre_sf,5,7,5.07,0008,Keith Creelman,13814,"Scott, Boston",RB,RB,offense,2000,Bust,0,0,observed,2018:0;2019:0;2020:0;2021:0;2022:0,167.3,0.125,0.708,19.2,74
2018,pre_sf,5,8,5.08,0006,Steve Bousquet,13615,"Scarbrough, Bo",RB,RB,offense,2000,Bust,0,0,observed,2018:0;2019:0;2020:0;2021:0,41.9,0.0,0.833,-5.4,
2018,pre_sf,5,9,5.09,0012,Chris Klingenberg,13678,"Thomas, Ian",TE,TE,offense,2000,Bust,0,0,observed,2018:0;2019:0;2020:0,145.6,0.12,0.72,56.1,47
2018,pre_sf,5,10,5.10,0008,Keith Creelman,13793,"Valdes-Scantling, Marquez",WR,WR,offense,2000,Bust,0,0,observed,2018:0;2019:0;2020:0;2021:0;2022:0,333.1,0.222,0.556,148.6,61
2018,pre_sf,5,11,5.11,0008,Keith Creelman,13716,"Edmunds, Terrell",CB+S,CB+S,defense,2000,Bust,0,0,no_snapshot_in_window,,326.2,0.244,0.489,287.6,29
2018,pre_sf,5,12,5.12,0010,Shawn Blake,13609,"Wadley, Akrum",RB,RB,offense,2000,Bust,0,0,observed,2018:0;2019:0,0,,,-203.2,
2018,pre_sf,6,1,6.01,0009,Bear Dunn,13706,"Baker, Jerome",LB,LB,defense,1000,Contrib,0,0,no_snapshot_in_window,,333.0,0.267,0.378,153.9,18
2018,pre_sf,6,2,6.02,0003,Matt Gerardi,13743,"Warner, Fred",LB,LB,defense,1000,Hit,1,0,no_snapshot_in_window,,387.0,0.422,0.289,109.1,11
2018,pre_sf,6,3,6.03,0002,AJ Balderelli,13723,"Payne, Da'Ron",DT+DE,DT+DE,defense,1000,Contrib,0,0,no_snapshot_in_window,,261.0,0.318,0.386,51.8,25
2018,pre_sf,6,4,6.04,0004,Brian Cutting,13826,"Adams, Matthew",LB,LB,defense,1000,Bust,0,0,no_snapshot_in_window,,48.0,0.0,0.9,-83.7,193
2018,pre_sf,6,5,6.05,0005,"John Richard, Jarrade Nieber",13713,"Fitzpatrick, Minkah",CB+S,CB+S,defense,1000,Hit,1,0,no_snapshot_in_window,,386.6,0.356,0.356,194.7,13
2018,pre_sf,6,6,6.06,0008,Keith Creelman,13737,"Bates, Jessie",CB+S,CB+S,defense,1000,Smash,1,0,no_snapshot_in_window,,450.4,0.578,0.155,256.1,5
2018,pre_sf,6,7,6.07,0010,Shawn Blake,13746,"Green, Rasheem",DT+DE,DT+DE,defense,1000,Bust,0,0,no_snapshot_in_window,,94.5,0.037,0.667,-83.8,168
2018,pre_sf,6,8,6.08,0006,Steve Bousquet,13707,"Ward, Denzel",CB+S,CB+S,defense,1000,Contrib,0,0,no_snapshot_in_window,,283.6,0.278,0.333,147.9,51
2018,pre_sf,6,9,6.09,0007,Josh Martel,13695,"Bryan, Taven",DT+DE,DT+DE,defense,1000,Bust,0,0,no_snapshot_in_window,,95.0,0.028,0.778,-35.1,165
2018,pre_sf,6,10,6.10,0011,Eric Mannila,13700,"Landry, Harold",LB,LB,defense,1000,Contrib,0,0,no_snapshot_in_window,,266.5,0.273,0.545,93.5,37
2018,pre_sf,6,11,6.11,0001,Ryan Bousquet,13691,"Hurst, Maurice",DT+DE,DT+DE,defense,1000,Bust,0,0,no_snapshot_in_window,,151.5,0.143,0.572,-54.2,87
2018,pre_sf,6,12,6.12,0012,Chris Klingenberg,13739,"Dawson, Duke",CB+S,CB+S,defense,1000,Bust,0,0,no_snapshot_in_window,,33.1,0.0,1.0,-127.4,347
2019,pre_sf,1,1,1.01,0006,Steve Bousquet,14073,"Jacobs, Josh",RB,RB,offense,15000,Smash,1,1,observed,2019:0;2020:0;2021:1;2022:0;2023:1,604.2,0.415,0.171,1.7,11
2019,pre_sf,1,2,1.02,0006,Steve Bousquet,14071,"Montgomery, David",RB,RB,offense,14000,Hit,1,1,observed,2019:0;2020:0;2021:1;2022:1;2023:0,578.5,0.366,0.317,176.4,13
2019,pre_sf,1,3,1.03,0008,Keith Creelman,14101,"Harry, N'Keal",WR,WR,offense,13000,Bust,0,0,observed,2019:0;2020:0;2021:0,140.0,0.042,0.792,-306.5,132
2019,pre_sf,1,4,1.04,0006,Steve Bousquet,14079,"Sanders, Miles",RB,RB,offense,12000,Contrib,0,1,observed,2019:0;2020:0;2021:0;2022:1;2023:0,509.1,0.307,0.333,8.9,16
2019,pre_sf,1,5,1.05,0001,Ryan Bousquet,14087,"Henderson, Darrell",RB,RB,offense,11000,Contrib,0,0,observed,2019:0;2020:0;2021:0;2022:0;2023:0,321.0,0.314,0.514,-18.8,39
2019,pre_sf,1,6,1.06,0012,Chris Klingenberg,14105,"Brown, Marquise",WR,WR,offense,10000,Hit,1,1,observed,2019:0;2020:0;2021:1;2022:0;2023:0,560.4,0.334,0.309,226.8,26
2019,pre_sf,1,7,1.07,0003,Matt Gerardi,14112,"Campbell, Parris",WR,WR,offense,9000,Bust,0,0,observed,2019:0;2020:0;2021:0;2022:0;2023:0,94.9,0.0,0.616,-365.0,163
2019,pre_sf,1,8,1.08,0009,Bear Dunn,14138,"Hockenson, T.J.",TE,TE,offense,8000,Hit,1,1,observed,2019:0;2020:0;2021:0;2022:1;2023:1,418.8,0.432,0.27,64.6,10
2019,pre_sf,1,9,1.09,0011,Eric Mannila,14113,"Hardman, Mecole",WR,WR,offense,7000,Bust,0,0,observed,2019:0;2020:0;2021:0;2022:0;2023:0,420.1,0.174,0.543,12.4,44
2019,pre_sf,1,10,1.10,0004,Brian Cutting,14104,"Brown, A.J.",WR,WR,offense,6000,Smash,1,1,observed,2019:0;2020:0;2021:0;2022:1;2023:1,636.5,0.475,0.325,307.4,15
2019,pre_sf,1,11,1.11,0008,Keith Creelman,14102,"Metcalf, DK",WR,WR,offense,5000,Smash,1,1,observed,2019:0;2020:0;2021:0;2022:1;2023:0,714.9,0.422,0.2,441.8,11
2019,pre_sf,1,12,1.12,0007,Josh Martel,14121,"Isabella, Andy",WR,WR,offense,5000,Bust,0,0,observed,2019:0;2020:0;2021:0,105.4,0.083,0.833,-102.2,158
2019,pre_sf,2,1,2.01,0001,Ryan Bousquet,14106,"Butler, Hakeem",WR,WR,offense,5000,Bust,0,0,observed,2019:0;2020:0;2021:0;2021:0,0,,,-453.7,
2019,pre_sf,2,2,2.02,0008,Keith Creelman,14056,"Murray, Kyler",QB,QB,offense,5000,Smash,1,1,observed,2019:0;2020:0;2021:1;2022:0;2023:1,1034.9,0.489,0.256,779.6,6
2019,pre_sf,2,3,2.03,0006,Steve Bousquet,14136,"Samuel, Deebo",WR,WR,offense,5000,Smash,1,1,observed,2019:0;2020:0;2021:1;2022:0;2023:1,605.0,0.528,0.25,224.8,20
2019,pre_sf,2,4,2.04,0001,Ryan Bousquet,14107,"Arcega-Whiteside, JJ",WR,WR,offense,5000,Bust,0,0,observed,2019:0;2020:0;2021:0;2022:0,57.7,0.0,0.937,-121.7,194
2019,pre_sf,2,5,2.05,0006,Steve Bousquet,14086,"Hill, Justice",RB,RB,offense,5000,Bust,0,0,observed,2019:0;2020:0;2021:0;2022:0;2023:0,64.2,0.0,0.958,-206.9,118
2019,pre_sf,2,6,2.06,0008,Keith Creelman,14141,"Smith Jr., Irv",TE,TE,offense,5000,Bust,0,0,observed,2019:0;2020:0;2021:0;2022:0;2023:0,180.9,0.174,0.478,-96.0,41
2019,pre_sf,2,7,2.07,0011,Eric Mannila,14137,"Fant, Noah",TE,TE,offense,5000,Contrib,0,1,observed,2019:0;2020:0;2021:1;2022:0;2023:0,432.1,0.279,0.349,169.5,9
2019,pre_sf,2,8,2.08,0011,Eric Mannila,14075,"Harris, Damien",RB,RB,offense,5000,Contrib,0,1,observed,2019:0;2020:0;2021:0;2022:1;2023:0,301.9,0.24,0.36,55.8,44
2019,pre_sf,2,9,2.09,0004,Brian Cutting,14208,"Johnson, Diontae",WR,WR,offense,5000,Smash,1,1,observed,2019:0;2020:0;2021:0;2022:1;2023:1,681.9,0.5,0.273,284.6,13
2019,pre_sf,2,10,2.10,0011,Eric Mannila,14103,"Ridley, Riley",WR,WR,offense,5000,Bust,0,0,observed,2019:0;2020:0;2021:0,13.2,0.0,1.0,-203.3,
2019,pre_sf,2,11,2.11,0011,Eric Mannila,14080,"Singletary, Devin",RB,RB,offense,5000,Contrib,0,1,observed,2019:0;2020:0;2021:0;2022:1;2023:0,458.2,0.233,0.372,175.8,18
2019,pre_sf,2,12,2.12,0010,Shawn Blake,14125,"Boykin, Miles",WR,WR,offense,5000,Bust,0,0,observed,2019:0;2020:0;2021:0,118.3,0.0,0.857,12.4,146
2019,pre_sf,3,1,3.01,0010,Shawn Blake,14147,"Bosa, Nick",DT+DE,DT+DE,defense,2000,Smash,1,0,no_snapshot_in_window,,294.5,0.549,0.193,-10.3,13
2019,pre_sf,3,2,3.02,0012,Chris Klingenberg,14170,"Bush, Devin",LB,LB,defense,2000,Contrib,0,0,no_snapshot_in_window,,234.0,0.273,0.424,66.7,51
2019,pre_sf,3,3,3.03,0001,Ryan Bousquet,14284,"Thompson, Darwin",RB,RB,offense,2000,Bust,0,0,observed,2019:0;2020:0;2021:0,35.4,0.0,0.917,-66.9,139
2019,pre_sf,3,4,3.04,0002,AJ Balderelli,14116,"Hurd, Jalen",WR,WR,offense,2000,Bust,0,0,observed,2019:0;2020:0;2021:0;2022:0,0,,,-265.2,
2019,pre_sf,3,5,3.05,0002,AJ Balderelli,14223,"Mattison, Alexander",RB,RB,offense,2000,Bust,0,0,observed,2019:0;2020:0;2021:0;2022:0;2023:0,250.7,0.125,0.775,138.1,53
2019,pre_sf,3,6,3.06,0012,Chris Klingenberg,14081,"Gaskin, Myles",RB,RB,offense,2000,Contrib,0,1,observed,2019:0;2020:0;2021:0;2022:1;2023:0,340.8,0.258,0.419,179.8,38
2019,pre_sf,3,7,3.07,0009,Bear Dunn,14058,"Haskins, Dwayne",QB,QB,offense,2000,Bust,0,0,observed,2019:0;2020:0;2021:0;2022:0,136.8,0.0,0.75,14.7,47
2019,pre_sf,3,8,3.08,0012,Chris Klingenberg,14148,"Sweat, Montez",LB,LB,defense,2000,Contrib,0,0,no_snapshot_in_window,,239.5,0.35,0.525,68.5,166
2019,pre_sf,3,9,3.09,0009,Bear Dunn,14168,"White, Devin",LB,LB,defense,2000,Smash,1,0,no_snapshot_in_window,,432.0,0.465,0.186,260.1,5
2019,pre_sf,3,10,3.10,0002,AJ Balderelli,14093,"Armstead, Ryquell",RB,RB,offense,2000,Bust,0,0,observed,2019:0;2020:0;2021:0,38.0,0.0,0.833,-159.8,136
2019,pre_sf,3,11,3.11,0001,Ryan Bousquet,14114,"Harmon, Kelvin",WR,WR,offense,2000,Bust,0,0,observed,2019:0;2020:0;2021:0;2022:0,67.6,0.0,0.714,-6.6,184
2019,pre_sf,3,12,3.12,0009,Bear Dunn,14109,"McLaurin, Terry",WR,WR,offense,2000,Hit,1,1,observed,2019:0;2020:0;2021:0;2022:1;2023:1,658.1,0.419,0.256,467.2,14
2019,pre_sf,4,1,4.01,0007,Josh Martel,14140,"Sternberger, Jace",TE,TE,offense,2000,Bust,0,0,observed,2019:0;2020:0;2021:0,31.3,0.0,0.428,-80.7,
2019,pre_sf,4,2,4.02,0010,Shawn Blake,14120,"Jennings, Gary",WR,WR,offense,2000,Bust,0,0,observed,2019:0;2020:0;2021:0;2022:0,0,,,-163.9,
2019,pre_sf,4,3,4.03,0006,Steve Bousquet,14062,"Grier, Will",QB,QB,offense,2000,Bust,0,0,observed,2019:0;2020:0,1.0,0.0,1.0,-129.8,
2019,pre_sf,4,4,4.04,0005,Rico Balderelli,14082,"Love, Bryce",RB,RB,offense,2000,Bust,0,0,observed,2019:0;2020:0;2021:0,0,,,-222.9,
2019,pre_sf,4,5,4.05,0011,Eric Mannila,14167,"Allen, Josh",DT+DE,DT+DE,defense,2000,Hit,1,0,no_snapshot_in_window,,271.0,0.406,0.46,174.8,21
2019,pre_sf,4,6,4.06,0010,Shawn Blake,14143,"Knox, Dawson",TE,TE,offense,2000,Contrib,0,0,observed,2019:0;2020:0;2021:0;2022:0;2023:0,315.6,0.27,0.459,110.9,17
2019,pre_sf,4,7,4.07,0008,Keith Creelman,14115,"Hall, Emanuel",WR,WR,offense,2000,Bust,0,0,observed,2019:0;2020:0;2021:0,0,,,-113.3,
2019,pre_sf,4,8,4.08,0009,Bear Dunn,14088,"Anderson, Rodney",RB,RB,offense,2000,Bust,0,0,observed,2019:0;2020:0;2021:0,0,,,-104.5,
2019,pre_sf,4,9,4.09,0010,Shawn Blake,14097,"Ollison, Qadree",RB,RB,offense,2000,Bust,0,0,observed,2019:0;2020:0;2021:0;2022:0,49.5,0.0,0.909,-42.6,130
2019,pre_sf,4,10,4.10,0011,Eric Mannila,14074,"Williams, Dexter",RB,RB,offense,2000,Bust,0,0,observed,2019:0;2020:0,1.0,0.0,1.0,-102.4,
2019,pre_sf,4,11,4.11,0005,Rico Balderelli,14157,"Williams, Quinnen",DT+DE,DT+DE,defense,2000,Hit,1,0,no_snapshot_in_window,,257.5,0.395,0.316,56.5,26
2019,pre_sf,4,12,4.12,0008,Keith Creelman,14085,"Pollard, Tony",RB,RB,offense,2000,Bust,0,1,observed,2019:0;2020:0;2021:1;2022:1;2023:0,404.2,0.22,0.585,225.2,26
2019,pre_sf,5,1,5.01,0010,Shawn Blake,14158,"Oliver, Ed",DT+DE,DT+DE,defense,2000,Contrib,0,0,no_snapshot_in_window,,211.5,0.233,0.465,-21.8,50
2019,pre_sf,5,2,5.02,0004,Brian Cutting,14076,"Williams, Trayveon",RB,RB,offense,2000,Bust,0,0,observed,2019:0;2020:0;2021:0;2022:0,11.4,0.0,1.0,-129.2,
2019,pre_sf,5,3,5.03,0006,Steve Bousquet,14072,"Snell, Benny",RB,RB,offense,2000,Bust,0,0,observed,2019:0;2020:0;2021:0,143.9,0.028,0.805,-13.0,86
2019,pre_sf,5,4,5.04,0008,Keith Creelman,14315,"Dulin, Ashton",WR,WR,offense,2000,Bust,0,0,observed,2019:0;2020:0;2021:0,111.9,0.0,0.938,-44.6,152
2019,pre_sf,5,5,5.05,0002,AJ Balderelli,14123,"Renfrow, Hunter",WR,WR,offense,2000,Contrib,0,1,observed,2019:0;2020:0;2021:0;2022:1;2023:0,543.6,0.279,0.372,466.6,30
2019,pre_sf,5,6,5.06,0005,Rico Balderelli,14146,"Sample, Drew",TE,TE,offense,2000,Bust,0,0,observed,2019:0;2020:0,108.2,0.083,0.667,1.4,61
2019,pre_sf,5,7,5.07,0004,Brian Cutting,14126,"Williams, Preston",WR,WR,offense,2000,Bust,0,0,observed,2019:0;2020:0;2021:0,199.4,0.15,0.4,51.3,103
2019,pre_sf,5,8,5.08,0007,Josh Martel,14209,"Oliver, Josh",TE,TE,offense,2000,Bust,0,0,observed,2019:0;2020:0;2021:0,22.8,0.0,1.0,-24.5,97
2019,pre_sf,5,9,5.09,0001,Ryan Bousquet,14314,"Anderson, Bruce",RB,RB,offense,2000,Bust,0,0,observed,2019:0;2020:0,0,,,-89.5,
2019,pre_sf,5,10,5.10,0004,Brian Cutting,14057,"Lock, Drew",QB,QB,offense,2000,Bust,0,0,observed,2019:0;2020:0;2021:0,273.3,0.158,0.631,88.8,38
2019,pre_sf,5,11,5.11,0007,Josh Martel,14195,"Warring, Kahale",TE,TE,offense,2000,Bust,0,0,observed,2019:0;2020:0;2021:0,6.9,0.0,0.5,-31.7,
2019,pre_sf,5,12,5.12,0001,Ryan Bousquet,14171,"Burns, Brian",DT+DE,DT+DE,defense,2000,Hit,1,0,no_snapshot_in_window,,321.0,0.405,0.238,117.8,8
2019,pre_sf,6,1,6.01,0005,Rico Balderelli,14178,"Baker, Deandre",CB+S,CB+S,defense,1000,Bust,0,0,no_snapshot_in_window,,107.8,0.1,0.65,-71.3,216
2019,pre_sf,6,2,6.02,0009,Bear Dunn,14184,"Abram, Johnathan",CB+S,CB+S,defense,1000,Smash,1,0,no_snapshot_in_window,,269.9,0.593,0.111,-8.1,67
2019,pre_sf,6,3,6.03,0003,Matt Gerardi,14198,"Ya-Sin, Rock",CB+S,CB+S,defense,1000,Bust,0,0,no_snapshot_in_window,,218.5,0.189,0.595,9.2,107
2019,pre_sf,6,4,6.04,0011,Eric Mannila,14207,"Thornhill, Juan",CB+S,CB+S,defense,1000,Bust,0,0,no_snapshot_in_window,,228.1,0.163,0.744,96.4,96
2019,pre_sf,6,5,6.05,0012,Chris Klingenberg,14151,"Ferrell, Clelin",DT+DE,DT+DE,defense,1000,Bust,0,0,no_snapshot_in_window,,153.0,0.182,0.606,-38.9,95
2019,pre_sf,6,6,6.06,0010,Shawn Blake,14176,"Winovich, Chase",DT+DE,DT+DE,defense,1000,Bust,0,0,no_snapshot_in_window,,151.0,0.195,0.555,-43.2,107
2019,pre_sf,6,7,6.07,0007,Josh Martel,14197,"Savage, Darnell",CB+S,CB+S,defense,1000,Contrib,0,0,no_snapshot_in_window,,296.5,0.31,0.476,118.2,48
2019,pre_sf,6,8,6.08,0008,Keith Creelman,14185,"Adderley, Nasir",CB+S,CB+S,defense,1000,Hit,1,0,no_snapshot_in_window,,222.7,0.345,0.31,86.9,100
2019,pre_sf,6,9,6.09,0004,Brian Cutting,14177,"Williams, Greedy",CB+S,CB+S,defense,1000,Bust,0,0,no_snapshot_in_window,,133.0,0.228,0.591,2.9,190
2019,pre_sf,6,10,6.10,0002,AJ Balderelli,14149,"Gary, Rashan",LB,LB,defense,1000,Bust,0,0,no_snapshot_in_window,,173.0,0.195,0.639,0.0,75
2019,pre_sf,6,11,6.11,0006,Steve Bousquet,14218,"Okereke, Bobby",LB,LB,defense,1000,Contrib,0,0,no_snapshot_in_window,,283.0,0.279,0.372,77.2,32
2019,pre_sf,6,12,6.12,0001,Ryan Bousquet,14186,"Rapp, Taylor",CB+S,CB+S,defense,1000,Hit,1,0,no_snapshot_in_window,,321.7,0.359,0.333,161.2,28
2020,pre_sf,1,1,1.01,0011,Eric Mannila,14803,"Edwards-Helaire, Clyde",RB,RB,offense,15000,Hit,1,0,observed,2020:0;2021:0;2022:0;2023:0;2024:0,396.4,0.344,0.25,-206.1,26
2020,pre_sf,1,2,1.02,0006,Steve Bousquet,14802,"Taylor, Jonathan",RB,RB,offense,14000,Smash,1,1,observed,2020:0;2021:0;2022:0;2023:1;2024:0,758.4,0.634,0.195,356.3,5
2020,pre_sf,1,3,1.03,0007,Josh Martel,14800,"Dobbins, J.K.",RB,RB,offense,13000,Bust,0,1,observed,2020:0;2021:0;2022:1;2023:0;2024:0,226.3,0.227,0.5,-220.2,54
2020,pre_sf,1,4,1.04,0001,Ryan Bousquet,14832,"Lamb, CeeDee",WR,WR,offense,12000,Smash,1,1,observed,2020:0;2021:0;2022:0;2023:1;2024:1,797.6,0.543,0.152,297.4,6
2020,pre_sf,1,5,1.05,0006,Steve Bousquet,14797,"Swift, D'Andre",RB,RB,offense,11000,Hit,1,1,observed,2020:0;2021:0;2022:1;2023:0;2024:0,535.6,0.433,0.297,195.9,17
2020,pre_sf,1,6,1.06,0002,AJ Balderelli,14833,"Jeudy, Jerry",WR,WR,offense,10000,Contrib,0,1,observed,2020:0;2021:0;2022:0;2023:1;2024:0,421.5,0.228,0.286,87.9,43
2020,pre_sf,1,7,1.07,0003,Matt Gerardi,14839,"Reagor, Jalen",WR,WR,offense,9000,Bust,0,0,observed,2020:0;2021:0;2022:0,225.7,0.05,0.775,-234.2,92
2020,pre_sf,1,8,1.08,0007,Josh Martel,14836,"Jefferson, Justin",WR,WR,offense,8000,Smash,1,1,observed,2020:0;2021:0;2022:0;2023:1;2024:1,1021.6,0.638,0.17,667.4,3
2020,pre_sf,1,9,1.09,0005,Rico Balderelli,14835,"Higgins, Tee",WR,WR,offense,7000,Smash,1,1,observed,2020:0;2021:0;2022:0;2023:1;2024:1,691.1,0.463,0.171,283.4,13
2020,pre_sf,1,10,1.10,0003,Matt Gerardi,14799,"Akers, Cam",RB,RB,offense,6000,Contrib,0,1,observed,2020:0;2021:0;2022:0;2023:1;2024:0,226.5,0.261,0.522,-102.6,53
2020,pre_sf,1,11,1.11,0011,Eric Mannila,14834,"Ruggs, Henry",WR,WR,offense,5000,Bust,0,0,observed,2020:0;2021:0;2022:0,180.5,0.211,0.579,-92.6,111
2020,pre_sf,1,12,1.12,0010,Shawn Blake,14846,"Mims, Denzel",WR,WR,offense,5000,Bust,0,0,observed,2020:0;2021:0;2022:0,115.6,0.0,0.8,-92.0,148
2020,pre_sf,2,1,2.01,0007,Josh Martel,14842,"Pittman, Michael",WR,WR,offense,5000,Hit,1,1,observed,2020:0;2021:0;2022:1;2023:1;2024:1,558.0,0.349,0.349,104.3,28
2020,pre_sf,2,2,2.02,0006,Steve Bousquet,14810,"Vaughn, Ke'Shawn",RB,RB,offense,5000,Bust,0,0,observed,2020:0;2021:0;2022:0;2023:0,55.2,0.0,0.867,-200.1,129
2020,pre_sf,2,3,2.03,0006,Steve Bousquet,14877,"Young, Chase",DT+DE,DT+DE,defense,5000,Contrib,0,0,no_snapshot_in_window,,167.0,0.291,0.333,-213.2,81
2020,pre_sf,2,4,2.04,0001,Ryan Bousquet,14777,"Burrow, Joe",QB,QB,offense,5000,Smash,1,1,observed,2020:0;2021:0;2022:0;2023:1;2024:0,1017.6,0.45,0.275,838.2,7
2020,pre_sf,2,5,2.05,0001,Ryan Bousquet,14798,"Moss, Zack",RB,RB,offense,5000,Bust,0,0,observed,2020:0;2021:0;2022:0;2023:0;2024:0,246.7,0.083,0.611,-24.4,48
2020,pre_sf,2,6,2.06,0011,Eric Mannila,14840,"Aiyuk, Brandon",WR,WR,offense,5000,Hit,1,1,observed,2020:0;2021:0;2022:0;2023:1;2024:0,603.7,0.386,0.318,326.9,22
2020,pre_sf,2,7,2.07,0011,Eric Mannila,14778,"Tagovailoa, Tua",QB,QB,offense,5000,Bust,0,1,observed,2020:0;2021:0;2022:0;2023:0;2024:1,646.4,0.243,0.515,383.8,20
2020,pre_sf,2,8,2.08,0001,Ryan Bousquet,14805,"Dillon, AJ",RB,RB,offense,5000,Bust,0,1,observed,2020:0;2021:0;2022:0;2023:1;2024:0,396.2,0.231,0.487,150.1,28
2020,pre_sf,2,9,2.09,0002,AJ Balderelli,14887,"Simmons, Isaiah",LB,LB,defense,5000,Contrib,0,0,no_snapshot_in_window,,307.5,0.256,0.468,-89.8,21
2020,pre_sf,2,10,2.10,0006,Steve Bousquet,14844,"Edwards, Bryan",WR,WR,offense,5000,Bust,0,0,observed,2020:0;2021:0;2022:0,133.2,0.045,0.727,-83.3,137
2020,pre_sf,2,11,2.11,0010,Shawn Blake,14838,"Shenault, Laviska",WR,WR,offense,5000,Bust,0,0,observed,2020:0;2021:0;2022:0,338.8,0.154,0.59,56.4,61
2020,pre_sf,2,12,2.12,0011,Eric Mannila,14852,"Gibson, Antonio",RB,RB,offense,5000,Hit,1,0,observed,2020:0;2021:0;2022:0;2023:0;2024:0,584.9,0.395,0.232,479.0,14
2020,pre_sf,3,1,3.01,0004,Brian Cutting,14867,"Kmet, Cole",TE,TE,offense,2000,Bust,0,1,observed,2020:0;2021:0;2022:1;2023:0;2024:0,315.1,0.175,0.45,10.3,18
2020,pre_sf,3,2,3.02,0006,Steve Bousquet,14807,"Kelley, Joshua",RB,RB,offense,2000,Bust,0,0,observed,2020:0;2021:0;2022:0;2023:0,160.6,0.031,0.781,-6.7,77
2020,pre_sf,3,3,3.03,0006,Steve Bousquet,14804,"McFarland, Anthony",RB,RB,offense,2000,Bust,0,0,observed,2020:0;2021:0;2022:0;2023:0,30.7,0.0,1.0,-71.6,150
2020,pre_sf,3,4,3.04,0003,Matt Gerardi,14841,"Claypool, Chase",WR,WR,offense,2000,Contrib,0,0,observed,2020:0;2021:0;2022:0;2023:0,474.5,0.262,0.476,209.3,35
2020,pre_sf,3,5,3.05,0010,Shawn Blake,14808,"Evans, Darrynton",RB,RB,offense,2000,Bust,0,0,observed,2020:0;2021:0;2022:0,37.6,0.125,0.875,-75.0,
2020,pre_sf,3,6,3.06,0008,Keith Creelman,14837,"Hamler, KJ",WR,WR,offense,2000,Bust,0,0,observed,2020:0;2021:0;2022:0;2023:0,136.5,0.105,0.737,-24.5,134
2020,pre_sf,3,7,3.07,0011,Eric Mannila,14896,"Queen, Patrick",LB,LB,defense,2000,Hit,1,0,no_snapshot_in_window,,381.5,0.404,0.362,259.4,10
2020,pre_sf,3,8,3.08,0011,Eric Mannila,14801,"Benjamin, Eno",RB,RB,offense,2000,Bust,0,0,observed,2020:0;2021:0;2022:0;2023:0,118.0,0.105,0.632,-53.0,96
2020,pre_sf,3,9,3.09,0006,Steve Bousquet,14870,"Trautman, Adam",TE,TE,offense,2000,Bust,0,0,observed,2020:0;2021:0;2022:0;2023:0,144.8,0.111,0.704,-27.1,43
2020,pre_sf,3,10,3.10,0010,Shawn Blake,14815,"Dallas, DeeJay",RB,RB,offense,2000,Bust,0,0,observed,2020:0;2021:0;2022:0;2023:0,205.1,0.026,0.795,7.3,64
2020,pre_sf,3,11,3.11,0012,Chris Klingenberg,14858,"Jefferson, Van",WR,WR,offense,2000,Bust,0,0,observed,2020:0;2021:0;2022:0;2023:0;2024:0,288.8,0.147,0.588,214.6,74
2020,pre_sf,3,12,3.12,0007,Josh Martel,14850,"Cephus, Quintez",WR,WR,offense,2000,Bust,0,0,observed,2020:0;2021:0;2022:0,115.5,0.053,0.789,-75.4,149
2020,pre_sf,4,1,4.01,0010,Shawn Blake,14873,"Okwuegbunam, Albert",TE,TE,offense,2000,Bust,0,0,observed,2020:0;2021:0;2022:0,135.6,0.15,0.4,23.6,45
2020,pre_sf,4,2,4.02,0012,Chris Klingenberg,14847,"Duvernay, Devin",WR,WR,offense,2000,Bust,0,0,observed,2020:0;2021:0;2022:0;2023:0,325.8,0.07,0.628,161.9,64
2020,pre_sf,4,3,4.03,0011,Eric Mannila,14843,"Bowden, Lynn",RB,RB,offense,2000,Bust,0,0,observed,2020:0;2021:0;2021:0;2022:0;2023:0,39.6,0.143,0.571,-91.2,
2020,pre_sf,4,4,4.04,0002,AJ Balderelli,14851,"Hill, K.J.",WR,WR,offense,2000,Bust,0,0,observed,2020:0;2021:0,28.6,0.0,1.0,-194.3,215
2020,pre_sf,4,5,4.05,0012,Chris Klingenberg,14888,"Chaisson, K'Lavon",DT+DE,DT+DE,defense,2000,Bust,0,0,no_snapshot_in_window,,88.5,0.067,0.833,-7.7,195
2020,pre_sf,4,6,4.06,0008,Keith Creelman,14806,"Perine, Lamical",RB,RB,offense,2000,Bust,0,0,observed,2020:0;2021:0,55.8,0.083,0.833,-148.9,127
2020,pre_sf,4,7,4.07,0009,Bear Dunn,14889,"Murray, Kenneth",LB,LB,defense,2000,Bust,0,0,no_snapshot_in_window,,204.5,0.111,0.611,91.2,65
2020,pre_sf,4,8,4.08,0006,Steve Bousquet,14864,"Johnson, Tyler",WR,WR,offense,2000,Bust,0,0,observed,2020:0,108.6,0.0,0.789,4.1,154
2020,pre_sf,4,9,4.09,0001,Ryan Bousquet,14863,"Gandy-Golden, Antonio",WR,WR,offense,2000,Bust,0,0,observed,2020:0;2021:0;2022:0,3.5,0.0,1.0,-88.6,
2020,pre_sf,4,10,4.10,0010,Shawn Blake,14939,"Keene, Dalton",TE,TE,offense,2000,Bust,0,0,observed,2020:0;2021:0;2022:0,4.0,0.0,1.0,-99.4,
2020,pre_sf,4,11,4.11,0012,Chris Klingenberg,14977,"Osborn, K.J.",WR,WR,offense,2000,Bust,0,0,observed,2020:0;2021:0;2022:0;2023:0;2024:0,319.4,0.211,0.658,118.4,65
2020,pre_sf,4,12,4.12,0004,Brian Cutting,14857,"Peoples-Jones, Donovan",WR,WR,offense,2000,Contrib,0,1,observed,2020:0;2021:0;2022:0;2023:1;2024:0,372.2,0.211,0.421,193.2,54
2020,pre_sf,5,1,5.01,0004,Brian Cutting,14845,"Davis, Gabriel",WR,WR,offense,2000,Contrib,0,1,observed,2020:0;2021:0;2022:0;2023:1;2024:0,431.9,0.25,0.45,198.6,41
2020,pre_sf,5,2,5.02,0006,Steve Bousquet,14779,"Herbert, Justin",QB,QB,offense,2000,Smash,1,1,observed,2020:0;2021:0;2022:0;2023:1;2024:0,1147.1,0.522,0.283,1006.5,4
2020,pre_sf,5,3,5.03,0002,AJ Balderelli,14908,"McKinney, Xavier",CB+S,CB+S,defense,2000,Contrib,0,0,no_snapshot_in_window,,222.1,0.207,0.345,65.2,106
2020,pre_sf,5,4,5.04,0006,Steve Bousquet,14821,"Hasty, JaMycal",RB,RB,offense,2000,Bust,0,0,observed,2020:0;2021:0;2022:0;2023:0,156.5,0.072,0.786,0.0,78
2020,pre_sf,5,5,5.05,0010,Shawn Blake,14782,"Love, Jordan",QB,QB,offense,2000,Bust,0,1,observed,2020:0;2021:0;2022:0;2023:0;2024:1,34.7,0.0,1.0,-42.3,
2020,pre_sf,5,6,5.06,0011,Eric Mannila,15037,"Lipscomb, Kalija",WR,WR,offense,2000,Bust,0,0,no_snapshot_in_window,,0,,,-106.8,
2020,pre_sf,5,7,5.07,0004,Brian Cutting,14972,"Coulter, Isaiah",WR,WR,offense,2000,Bust,0,0,observed,2020:0;2021:0;2022:0;2023:0,0,,,-148.1,
2020,pre_sf,5,8,5.08,0007,Josh Martel,14936,"Asiasi, Devin",TE,TE,offense,2000,Bust,0,0,observed,2020:0;2021:0;2022:0,2.9,0.0,1.0,-44.4,
2020,pre_sf,5,9,5.09,0003,Matt Gerardi,14783,"Hurts, Jalen",QB,QB,offense,2000,Smash,1,1,observed,2020:0;2021:0;2022:0;2023:1;2024:1,914.2,0.463,0.317,824.7,10
2020,pre_sf,5,10,5.10,0005,Rico Balderelli,14907,"Delpit, Grant",CB+S,CB+S,defense,2000,Hit,1,0,no_snapshot_in_window,,244.3,0.345,0.207,59.8,88
2020,pre_sf,5,11,5.11,0002,AJ Balderelli,14879,"Epenesa, A.J.",DT+DE,DT+DE,defense,2000,Bust,0,0,no_snapshot_in_window,,117.5,0.194,0.71,78.9,128
2020,pre_sf,5,12,5.12,0011,Eric Mannila,14921,"Dugger, Kyle",CB+S,CB+S,defense,2000,Hit,1,0,no_snapshot_in_window,,355.2,0.439,0.39,151.9,25
2020,pre_sf,6,1,6.01,0006,Steve Bousquet,14927,"Chinn, Jeremy",CB+S,CB+S,defense,1000,Smash,1,0,no_snapshot_in_window,,415.1,0.513,0.18,236.0,7
2020,pre_sf,6,2,6.02,0001,Ryan Bousquet,14909,"Winfield, Antoine",CB+S,CB+S,defense,1000,Hit,1,0,no_snapshot_in_window,,372.7,0.359,0.205,94.8,16
2020,pre_sf,6,3,6.03,0010,Shawn Blake,14926,"Gay, Willie",LB,LB,defense,1000,Bust,0,0,no_snapshot_in_window,,204.5,0.243,0.622,-4.8,66
2020,pre_sf,6,4,6.04,0002,AJ Balderelli,14893,"Baun, Zack",LB,LB,defense,1000,Bust,0,0,no_snapshot_in_window,,50.5,0.0,0.962,-81.2,186
2020,pre_sf,6,5,6.05,0008,Keith Creelman,14950,"Wallace, K'Von",CB+S,CB+S,defense,1000,Bust,0,0,no_snapshot_in_window,,65.9,0.043,0.913,-126.0,288
2020,pre_sf,6,6,6.06,0012,Chris Klingenberg,14892,"Brooks, Jordyn",LB,LB,defense,1000,Smash,1,0,no_snapshot_in_window,,350.0,0.452,0.262,155.8,16
2020,pre_sf,6,7,6.07,0003,Matt Gerardi,14878,"Gross-Matos, Yetur",DT+DE,DT+DE,defense,1000,Bust,0,0,no_snapshot_in_window,,171.0,0.205,0.564,-7.2,74
2020,pre_sf,6,8,6.08,0004,Brian Cutting,14925,"Uche, Josh",LB,LB,defense,1000,Bust,0,0,no_snapshot_in_window,,123.0,0.148,0.815,-12.8,112
2020,pre_sf,6,9,6.09,0005,Rico Balderelli,14891,"Harrison, Malik",LB,LB,defense,1000,Bust,0,0,no_snapshot_in_window,,86.0,0.0,0.971,-44.1,147
2020,pre_sf,6,10,6.10,0007,Josh Martel,14899,"Kinlaw, Javon",DT+DE,DT+DE,defense,1000,Bust,0,0,no_snapshot_in_window,,69.5,0.1,0.75,-103.5,206
2020,pre_sf,6,11,6.11,0009,Bear Dunn,14928,"Wilson, Logan",LB,LB,defense,1000,Contrib,0,0,no_snapshot_in_window,,281.0,0.325,0.378,75.2,34
2020,pre_sf,6,12,6.12,0011,Eric Mannila,14911,"Davis, Ashtyn",CB+S,CB+S,defense,1000,Bust,0,0,no_snapshot_in_window,,149.5,0.185,0.63,-11.0,176
2021,pre_sf,1,1,1.01,0003,Matt Gerardi,15329,"Pitts, Kyle",TE,TE,offense,15000,Contrib,0,1,observed,2021:0;2022:0;2023:1;2024:0;2025:0,413.4,0.286,0.357,-189.1,10
2021,pre_sf,1,2,1.02,0005,Rico Balderelli,15281,"Chase, Ja'Marr",WR,WR,offense,14000,Smash,1,1,observed,2021:0;2022:0;2023:1;2024:0;2025:1,863.8,0.476,0.095,461.7,6
2021,pre_sf,1,3,1.03,0011,Eric Mannila,15254,"Harris, Najee",RB,RB,offense,13000,Smash,1,1,observed,2021:0;2022:0;2023:1;2024:0;2025:0,691.7,0.479,0.208,245.2,6
2021,pre_sf,1,4,1.04,0011,Eric Mannila,15253,"Etienne, Travis",RB,RB,offense,12000,Smash,1,1,observed,2021:0;2022:0;2023:0;2024:1;2025:0,491.4,0.469,0.188,-8.9,21
2021,pre_sf,1,5,1.05,0007,Josh Martel,15240,"Lance, Trey",QB,QB,offense,11000,Bust,0,1,observed,2021:0;2022:0;2023:1;2024:0,96.7,0.0,0.75,-243.1,
2021,pre_sf,1,6,1.06,0011,Eric Mannila,15284,"Waddle, Jaylen",WR,WR,offense,10000,Smash,1,1,observed,2021:0;2022:0;2023:0;2024:1;2025:0,750.1,0.489,0.2,416.5,13
2021,pre_sf,1,7,1.07,0006,Steve Bousquet,15237,"Lawrence, Trevor",QB,QB,offense,9000,Contrib,0,1,observed,2021:0;2022:0;2023:0;2024:1;2025:0,887.5,0.326,0.37,427.6,10
2021,pre_sf,1,8,1.08,0007,Josh Martel,15257,"Sermon, Trey",RB,RB,offense,8000,Bust,0,0,observed,2021:0;2022:0;2023:0;2024:0;2025:0,54.6,0.0,0.769,-299.6,127
2021,pre_sf,1,9,1.09,0001,Ryan Bousquet,15256,"Williams, Javonte",RB,RB,offense,7000,Contrib,0,1,observed,2021:0;2022:0;2023:0;2024:1;2025:0,404.6,0.229,0.229,-3.1,27
2021,pre_sf,1,10,1.10,0012,Chris Klingenberg,15282,"Smith, DeVonta",WR,WR,offense,6000,Smash,1,1,observed,2021:0;2022:0;2023:1;2024:1;2025:0,698.2,0.447,0.277,369.1,19
2021,pre_sf,1,11,1.11,0003,Matt Gerardi,15293,"Bateman, Rashod",WR,WR,offense,5000,Bust,0,1,observed,2021:0;2022:0;2023:1;2024:0;2025:0,248.0,0.1,0.633,-25.1,83
2021,pre_sf,1,12,1.12,0004,Brian Cutting,15238,"Fields, Justin",QB,QB,offense,5000,Contrib,0,1,observed,2021:0;2022:0;2023:0;2024:1;2025:0,715.7,0.369,0.474,508.1,17
2021,pre_sf,2,1,2.01,0008,Keith Creelman,15239,"Wilson, Zach",QB,QB,offense,5000,Bust,0,0,observed,2021:0;2022:0;2023:0,400.7,0.187,0.688,-53.0,30
2021,pre_sf,2,2,2.02,0011,Eric Mannila,15241,"Jones, Mac",QB,QB,offense,5000,Bust,0,1,observed,2021:0;2022:0;2023:1;2024:0;2025:0,581.2,0.184,0.552,325.9,22
2021,pre_sf,2,3,2.03,0005,Rico Balderelli,15258,"Carter, Michael",RB,RB,offense,5000,Bust,0,0,observed,2021:0;2022:0;2023:0;2025:0,332.4,0.225,0.575,-47.8,37
2021,pre_sf,2,4,2.04,0005,Rico Balderelli,15289,"Toney, Kadarius",WR,WR,offense,5000,Bust,0,1,observed,2021:0;2022:0;2023:1;2024:0,197.5,0.067,0.7,18.1,106
2021,pre_sf,2,5,2.05,0005,Rico Balderelli,15283,"Moore, Rondale",WR,WR,offense,5000,Bust,0,0,observed,2021:0;2022:0;2023:0;2024:0,328.1,0.195,0.639,57.0,55
2021,pre_sf,2,6,2.06,0012,Chris Klingenberg,15308,"Marshall, Terrace",WR,WR,offense,5000,Bust,0,0,observed,2021:0;2022:0,151.5,0.0,0.72,-125.4,124
2021,pre_sf,2,7,2.07,0007,Josh Martel,15288,"Moore, Elijah",WR,WR,offense,5000,Bust,0,0,observed,2021:0;2022:0;2023:0;2024:0;2025:0,384.9,0.132,0.447,122.2,45
2021,pre_sf,2,8,2.08,0005,Rico Balderelli,15287,"St. Brown, Amon-Ra",WR,WR,offense,5000,Smash,1,1,observed,2021:0;2022:0;2023:0;2024:1;2025:0,830.0,0.578,0.2,583.9,8
2021,pre_sf,2,9,2.09,0006,Steve Bousquet,15297,"Rodgers, Amari",WR,WR,offense,5000,Bust,0,0,observed,2021:0;2022:0;2023:0,69.8,0.038,0.962,-327.4,174
2021,pre_sf,2,10,2.10,0008,Keith Creelman,15259,"Stevenson, Rhamondre",RB,RB,offense,5000,Hit,1,1,observed,2021:0;2022:0;2023:1;2024:1;2025:0,506.8,0.447,0.316,290.3,19
2021,pre_sf,2,11,2.11,0004,Brian Cutting,15255,"Gainwell, Kenneth",RB,RB,offense,5000,Bust,0,0,observed,2021:0;2022:0;2023:0;2024:0;2025:0,282.4,0.044,0.667,0.0,50
2021,pre_sf,2,12,2.12,0008,Keith Creelman,15292,"Brown, Dyami",WR,WR,offense,5000,Bust,0,0,observed,2021:0;2022:0;2023:0;2024:0,114.1,0.039,0.923,8.2,140
2021,pre_sf,3,1,3.01,0005,Rico Balderelli,15331,"Freiermuth, Pat",TE,TE,offense,2000,Hit,1,1,observed,2021:0;2022:0;2023:0;2024:1;2025:0,386.4,0.359,0.205,81.6,13
2021,pre_sf,3,2,3.02,0012,Chris Klingenberg,15261,"Hubbard, Chuba",RB,RB,offense,2000,Bust,0,0,observed,2021:0;2022:0;2023:0;2024:0;2025:0,396.7,0.163,0.372,229.4,29
2021,pre_sf,3,3,3.03,0005,Rico Balderelli,15319,"Palmer, Josh",WR,WR,offense,2000,Bust,0,1,observed,2021:0;2022:0;2023:0;2024:1;2025:0,363.9,0.216,0.513,261.5,48
2021,pre_sf,3,4,3.04,0009,Bear Dunn,15290,"Collins, Nico",WR,WR,offense,2000,Bust,0,1,observed,2021:0;2022:0;2023:0;2024:1;2025:1,430.3,0.195,0.417,165.1,39
2021,pre_sf,3,5,3.05,0007,Josh Martel,15275,"Evans, Chris",RB,RB,offense,2000,Bust,0,0,observed,2021:0;2022:0;2023:0,60.4,0.053,0.947,-52.2,122
2021,pre_sf,3,6,3.06,0004,Brian Cutting,15302,"Eskridge, D'Wayne",WR,WR,offense,2000,Bust,0,0,observed,2021:0;2022:0;2023:0;2024:0,56.6,0.0,0.941,-104.4,194
2021,pre_sf,3,7,3.07,0001,Ryan Bousquet,15243,"Mond, Kellen",QB,QB,offense,2000,Bust,0,0,observed,2021:0;2022:0;2023:0,0.2,0.0,1.0,-122.0,
2021,pre_sf,3,8,3.08,0003,Matt Gerardi,15373,"Davis, Jamin",LB,LB,defense,2000,Bust,0,0,no_snapshot_in_window,,282.0,0.182,0.546,111.0,36
2021,pre_sf,3,9,3.09,0001,Ryan Bousquet,15271,"Herbert, Khalil",RB,RB,offense,2000,Bust,0,1,observed,2021:0;2022:0;2023:1;2024:0,335.8,0.21,0.579,163.9,36
2021,pre_sf,3,10,3.10,0006,Steve Bousquet,15350,"Parsons, Micah",LB,LB,defense,2000,Smash,1,0,no_snapshot_in_window,,456.5,0.51,0.255,258.7,32
2021,pre_sf,3,11,3.11,0002,AJ Balderelli,15349,"Phillips, Jaelan",DT+DE,DT+DE,defense,2000,Contrib,0,0,no_snapshot_in_window,,278.5,0.333,0.538,204.3,79
2021,pre_sf,3,12,3.12,0011,Eric Mannila,15366,"Holland, Jevon",CB+S,CB+S,defense,2000,Hit,1,0,no_snapshot_in_window,,364.9,0.342,0.244,174.0,23
2021,pre_sf,4,1,4.01,0007,Josh Martel,15352,"Collins, Zaven",LB,LB,defense,2000,Bust,0,0,no_snapshot_in_window,,222.0,0.095,0.572,110.0,87
2021,pre_sf,4,2,4.02,0004,Brian Cutting,15263,"Mitchell, Elijah",RB,RB,offense,2000,Contrib,0,0,observed,2021:0;2022:0;2023:0;2024:0,230.2,0.318,0.455,66.2,58
2021,pre_sf,4,3,4.03,0002,AJ Balderelli,15345,"Paye, Kwity",DT+DE,DT+DE,defense,2000,Contrib,0,0,no_snapshot_in_window,,266.5,0.29,0.342,135.7,33
2021,pre_sf,4,4,4.04,0007,Josh Martel,15351,"Owusu-Koramoah, Jeremiah",LB,LB,defense,2000,Contrib,0,0,no_snapshot_in_window,,293.5,0.325,0.525,70.6,34
2021,pre_sf,4,5,4.05,0007,Josh Martel,15316,"Powell, Cornell",WR,WR,offense,2000,Bust,0,0,observed,2021:0;2022:0,0,,,-96.2,
2021,pre_sf,4,6,4.06,0012,Chris Klingenberg,15285,"Wallace, Tylan",WR,WR,offense,2000,Bust,0,0,observed,2021:0;2022:0;2023:0;2024:0,33.3,0.0,0.938,-171.4,209
2021,pre_sf,4,7,4.07,0007,Josh Martel,15265,"Hill, Kylin",RB,RB,offense,2000,Bust,0,0,observed,2021:0;2022:0;2023:0,10.7,0.0,1.0,-102.6,
2021,pre_sf,4,8,4.08,0007,Josh Martel,15262,"Jefferson, Jermar",RB,RB,offense,2000,Bust,0,0,observed,2021:0;2022:0,26.1,0.0,0.5,-78.4,
2021,pre_sf,4,9,4.09,0005,Rico Balderelli,15381,"Grant, Richie",CB+S,CB+S,defense,2000,Hit,1,0,no_snapshot_in_window,,338.7,0.303,0.302,246.6,32
2021,pre_sf,4,10,4.10,0005,Rico Balderelli,15242,"Trask, Kyle",QB,QB,offense,2000,Bust,0,0,observed,2021:0;2022:0;2023:0;2024:0,0,,,-103.4,
2021,pre_sf,4,11,4.11,0009,Bear Dunn,15296,"Schwartz, Anthony",WR,WR,offense,2000,Bust,0,0,observed,2021:0;2022:0,63.8,0.0,0.8,-137.2,183
2021,pre_sf,4,12,4.12,0001,Ryan Bousquet,15365,"Moehrig, Trevon",CB+S,CB+S,defense,2000,Bust,0,0,no_snapshot_in_window,,260.9,0.13,0.587,81.9,74
2021,pre_sf,5,1,5.01,0003,Matt Gerardi,15355,"Bolton, Nick",LB,LB,defense,2000,Hit,1,0,no_snapshot_in_window,,327.0,0.333,0.359,93.8,21
2021,pre_sf,5,2,5.02,0009,Bear Dunn,15268,"Hawkins, Javian",RB,RB,offense,2000,Bust,0,0,observed,2021:0;2022:0,0,,,-140.6,
2021,pre_sf,5,3,5.03,0009,Bear Dunn,15317,"Stevenson, Marquez",WR,WR,offense,2000,Bust,0,0,observed,2021:0;2022:0,10.9,0.0,1.0,-146.0,
2021,pre_sf,5,4,5.04,0010,Shawn Blake,15301,"Atwell, Tutu",WR,WR,offense,2000,Bust,0,0,observed,2021:0;2022:0;2023:0;2024:0,175.9,0.115,0.616,19.4,114
2021,pre_sf,5,5,5.05,0008,Keith Creelman,15266,"Williams, Pooka",RB,RB,offense,2000,Bust,0,0,observed,2021:0;2022:0;2023:0,1.3,0.0,1.0,-75.7,
2021,pre_sf,5,6,5.06,0002,AJ Balderelli,15252,"Mills, Davis",QB,QB,offense,2000,Bust,0,0,observed,2021:0;2022:0;2023:0,374.5,0.107,0.571,267.6,31
2021,pre_sf,5,7,5.07,0001,Ryan Bousquet,15260,"Patterson, Jaret",RB,RB,offense,2000,Bust,0,0,observed,2021:0;2022:0;2023:0;2024:0,54.6,0.077,0.923,-93.5,128
2021,pre_sf,5,8,5.08,0002,AJ Balderelli,15272,"Rountree, Larry",RB,RB,offense,2000,Bust,0,0,observed,2021:0;2022:0;2023:0;2024:0,24.1,0.0,1.0,-23.2,150
2021,pre_sf,5,9,5.09,0002,AJ Balderelli,15404,"Jones, Ernest",LB,LB,defense,2000,Hit,1,0,no_snapshot_in_window,,315.0,0.357,0.381,225.5,27
2021,pre_sf,5,10,5.10,0001,Ryan Bousquet,15325,"Johnson, Cade",WR,WR,offense,2000,Bust,0,0,observed,2021:0;2022:0;2023:0,0,,,-184.5,
2021,pre_sf,5,11,5.11,0010,Shawn Blake,15334,"Long, Hunter",TE,TE,offense,2000,Bust,0,0,observed,2021:0;2022:0;2023:0,3.3,0.0,1.0,-35.3,
2021,pre_sf,5,12,5.12,0006,Steve Bousquet,15321,"Darden, Jaelon",WR,WR,offense,2000,Bust,0,0,observed,2021:0;2022:0;2023:0,52.9,0.0,1.0,-150.3,199
2021,pre_sf,6,1,6.01,0006,Steve Bousquet,15396,"Deablo, Divine",CB+S,CB+S,defense,1000,Contrib,0,0,no_snapshot_in_window,,196.7,0.29,0.548,17.6,
2021,pre_sf,6,2,6.02,0008,Keith Creelman,15346,"Rousseau, Gregory",DT+DE,DT+DE,defense,1000,Contrib,0,0,no_snapshot_in_window,,286.0,0.286,0.357,8.1,26
2021,pre_sf,6,3,6.03,0004,Brian Cutting,15387,"Werner, Pete",LB,LB,defense,1000,Bust,0,0,no_snapshot_in_window,,225.0,0.132,0.579,15.8,56
2021,pre_sf,6,4,6.04,0009,Bear Dunn,15356,"Browning, Baron",LB,LB,defense,1000,Bust,0,0,no_snapshot_in_window,,147.0,0.178,0.679,15.3,130
2021,pre_sf,6,5,6.05,0007,Josh Martel,15385,"Ojulari, Azeez",LB,LB,defense,1000,Bust,0,0,no_snapshot_in_window,,140.0,0.066,0.667,-51.9,100
2021,pre_sf,6,6,6.06,0003,Matt Gerardi,15364,"Cisco, Andre",CB+S,CB+S,defense,1000,Bust,0,0,no_snapshot_in_window,,237.5,0.237,0.5,43.2,104
2021,pre_sf,6,7,6.07,0012,Chris Klingenberg,15362,"Surtain II, Patrick",CB+S,CB+S,defense,1000,Bust,0,0,no_snapshot_in_window,,309.5,0.17,0.489,131.2,41
2021,pre_sf,6,8,6.08,0001,Ryan Bousquet,15357,"Barmore, Christian",DT+DE,DT+DE,defense,1000,Bust,0,0,no_snapshot_in_window,,213.5,0.146,0.537,77.8,56
2021,pre_sf,6,9,6.09,0011,Eric Mannila,15379,"Tryon, Joe",LB,LB,defense,1000,Bust,0,0,no_snapshot_in_window,,180.0,0.065,0.739,49.9,122
2021,pre_sf,6,10,6.10,0002,AJ Balderelli,15378,"Oweh, Jayson",LB,LB,defense,1000,Bust,0,0,no_snapshot_in_window,,195.0,0.205,0.641,22.0,96
2021,pre_sf,6,11,6.11,0005,Rico Balderelli,15360,"Farley, Caleb",CB+S,CB+S,defense,1000,Bust,0,0,no_snapshot_in_window,,19.2,0.0,1.0,-186.6,
2021,pre_sf,6,12,6.12,0010,Shawn Blake,15409,"Barnes, Derrick",LB,LB,defense,1000,Bust,0,0,no_snapshot_in_window,,171.5,0.048,0.809,11.0,73
2022,sf,1,1,1.01,0010,Shawn Blake,15708,"Hall, Breece",RB,RB,offense,15000,Smash,1,1,observed,2022:0;2023:0;2024:0;2025:1,613.5,0.474,0.185,11.0,12
2022,sf,1,2,1.02,0002,AJ Balderelli,15753,"Wilson, Garrett",WR,WR,offense,14000,Smash,1,1,observed,2022:0;2023:0;2024:0;2025:1,706.4,0.437,0.229,304.3,13
2022,sf,1,3,1.03,0003,Matt Gerardi,15751,"London, Drake",WR,WR,offense,13000,Hit,1,1,observed,2022:0;2023:0;2024:1;2025:0,616.1,0.369,0.326,169.6,19
2022,sf,1,4,1.04,0002,AJ Balderelli,15711,"Walker III, Kenneth",RB,RB,offense,12000,Smash,1,1,observed,2022:0;2023:0;2024:1;2025:0,584.0,0.462,0.231,83.8,19
2022,sf,1,5,1.05,0010,Shawn Blake,15754,"Olave, Chris",WR,WR,offense,11000,Smash,1,1,observed,2022:0;2023:0;2024:1;2025:0,528.7,0.444,0.166,189.0,34
2022,sf,1,6,1.06,0009,Bear Dunn,15756,"Williams, Jameson",WR,WR,offense,10000,Contrib,0,1,observed,2022:0;2023:0;2024:0;2025:1,322.2,0.259,0.297,-11.4,63
2022,sf,1,7,1.07,0009,Bear Dunn,15762,"Pickens, George",WR,WR,offense,9000,Hit,1,1,observed,2022:0;2023:0;2024:0;2025:1,568.3,0.364,0.318,108.4,28
2022,sf,1,8,1.08,0007,Josh Martel,15766,"Moore, Skyy",WR,WR,offense,8000,Bust,0,0,observed,2022:0;2023:0;2024:0,116.4,0.037,0.889,-237.8,144
2022,sf,1,9,1.09,0002,AJ Balderelli,15715,"Cook, James",RB,RB,offense,7000,Smash,1,1,observed,2022:0;2023:0;2024:1;2025:0,606.0,0.454,0.296,198.3,15
2022,sf,1,10,1.10,0007,Josh Martel,15789,"Watson, Christian",WR,WR,offense,6000,Contrib,0,0,observed,2022:0;2023:0;2024:0;2025:0,383.6,0.257,0.4,54.5,50
2022,sf,1,11,1.11,0005,Rico Balderelli,15752,"Burks, Treylon",WR,WR,offense,5000,Bust,0,0,observed,2022:0;2023:0;2024:0,139.3,0.043,0.652,-133.8,124
2022,sf,1,12,1.12,0009,Bear Dunn,15755,"Dotson, Jahan",WR,WR,offense,5000,Bust,0,0,observed,2022:0;2023:0;2024:0,284.2,0.212,0.606,76.6,76
2022,sf,2,1,2.01,0007,Josh Martel,15714,"White, Zamir",RB,RB,offense,5000,Bust,0,0,observed,2022:0;2023:0;2024:0;2025:0,98.2,0.125,0.875,-355.5,89
2022,sf,2,2,2.02,0007,Josh Martel,15709,"Spiller, Isaiah",RB,RB,offense,5000,Bust,0,0,observed,2022:0;2023:0;2024:0;2025:0,26.9,0.0,1.0,-228.4,142
2022,sf,2,3,2.03,0009,Bear Dunn,15721,"White, Rachaad",RB,RB,offense,5000,Hit,1,0,observed,2022:0;2023:0;2024:0;2025:0,606.6,0.405,0.319,226.4,13
2022,sf,2,4,2.04,0012,Chris Klingenberg,15758,"Bell, David",WR,WR,offense,5000,Bust,0,0,observed,2022:0;2023:0;2024:0,82.6,0.0,0.95,-96.8,164
2022,sf,2,5,2.05,0002,AJ Balderelli,15717,"Pierce, Dameon",RB,RB,offense,5000,Bust,0,0,observed,2022:0;2023:0;2024:0;2025:0,295.6,0.229,0.543,24.5,46
2022,sf,2,6,2.06,0004,Brian Cutting,15768,"Pierce, Alec",WR,WR,offense,5000,Bust,0,0,observed,2022:0;2023:0;2024:0;2025:0,382.0,0.2,0.6,105.1,51
2022,sf,2,7,2.07,0002,AJ Balderelli,15692,"Pickett, Kenny",QB,QB,offense,5000,Bust,0,0,observed,2022:0;2023:0;2024:0,318.0,0.037,0.741,55.4,31
2022,sf,2,8,2.08,0009,Bear Dunn,15712,"Allgeier, Tyler",RB,RB,offense,5000,Bust,0,1,observed,2022:0;2023:0;2024:0;2025:1,404.6,0.212,0.659,158.5,34
2022,sf,2,9,2.09,0007,Josh Martel,15716,"Robinson, Brian",RB,RB,offense,5000,Contrib,0,1,observed,2022:0;2023:0;2024:0;2025:1,487.0,0.257,0.256,89.8,26
2022,sf,2,10,2.10,0001,Ryan Bousquet,15697,"Ridder, Desmond",QB,QB,offense,5000,Bust,0,0,observed,2022:0;2023:0;2024:0;2025:0,243.5,0.211,0.737,27.0,45
2022,sf,2,11,2.11,0005,Rico Balderelli,15759,"Metchie, John",WR,WR,offense,5000,Bust,0,0,observed,2022:0;2023:0;2024:0;2025:0,87.1,0.05,0.9,-195.3,160
2022,sf,2,12,2.12,0007,Josh Martel,15746,"Davis-Price, Tyrion",RB,RB,offense,5000,Bust,0,0,observed,2022:0;2023:0;2024:0,11.0,0.0,1.0,-94.9,
2022,sf,3,1,3.01,0007,Josh Martel,15757,"Robinson, Wan'Dale",WR,WR,offense,2000,Bust,0,1,observed,2022:0;2023:0;2024:0;2025:1,357.3,0.167,0.5,52.5,53
2022,sf,3,2,3.02,0009,Bear Dunn,15694,"Willis, Malik",QB,QB,offense,2000,Bust,0,0,observed,2022:0;2023:0;2024:0;2025:0,81.0,0.1,0.8,-86.3,58
2022,sf,3,3,3.03,0009,Bear Dunn,15788,"Tolbert, Jalen",WR,WR,offense,2000,Bust,0,0,observed,2022:0;2023:0;2024:0;2025:0,205.8,0.036,0.643,103.5,96
2022,sf,3,4,3.04,0010,Shawn Blake,15691,"Corral, Matt",QB,QB,offense,2000,Bust,0,0,observed,2022:0;2023:0;2024:0;2025:0,0,,,-265.2,
2022,sf,3,5,3.05,0010,Shawn Blake,15761,"Shakir, Khalil",WR,WR,offense,2000,Bust,0,0,observed,2022:0;2023:0;2024:0;2025:0,337.9,0.222,0.5,225.3,59
2022,sf,3,6,3.06,0004,Brian Cutting,15794,"McBride, Trey",TE,TE,offense,2000,Hit,1,1,observed,2022:0;2023:0;2024:0;2025:1,488.4,0.414,0.317,327.4,7
2022,sf,3,7,3.07,0004,Brian Cutting,15720,"Haskins, Hassan",RB,RB,offense,2000,Bust,0,0,observed,2022:0;2023:0;2024:0,75.0,0.0,0.957,-47.2,104
2022,sf,3,8,3.08,0012,Chris Klingenberg,15710,"Williams, Kyren",RB,RB,offense,2000,Smash,1,1,observed,2022:0;2023:0;2024:0;2025:1,595.2,0.5,0.222,424.2,16
2022,sf,3,9,3.09,0011,Eric Mannila,15805,"Hutchinson, Aidan",DT+DE,DT+DE,defense,2000,Smash,1,0,no_snapshot_in_window,,327.0,0.472,0.25,155.1,6
2022,sf,3,10,3.10,0009,Bear Dunn,15787,"Thornton, Tyquan",WR,WR,offense,2000,Bust,0,0,observed,2022:0;2023:0;2024:0;2025:0,105.9,0.091,0.909,-91.9,150
2022,sf,3,11,3.11,0005,Rico Balderelli,15763,"Ross, Justyn",WR,WR,offense,2000,Bust,0,0,observed,2022:0;2023:0;2024:0,7.8,0.0,1.0,-66.4,
2022,sf,3,12,3.12,0009,Bear Dunn,15693,"Howell, Sam",QB,QB,offense,2000,Hit,1,0,observed,2022:0;2023:0;2024:0,282.8,0.429,0.429,91.9,36
2022,sf,4,1,4.01,0002,AJ Balderelli,15806,"Thibodeaux, Kayvon",LB,LB,defense,2000,Contrib,0,0,no_snapshot_in_window,,271.5,0.334,0.462,159.5,111
2022,sf,4,2,4.02,0001,Ryan Bousquet,15777,"Austin III, Calvin",WR,WR,offense,2000,Bust,0,0,observed,2022:0;2023:0;2024:0;2025:0,204.5,0.133,0.733,40.6,97
2022,sf,4,3,4.03,0011,Eric Mannila,15822,"Lloyd, Devin",LB,LB,defense,2000,Hit,1,0,no_snapshot_in_window,,339.0,0.377,0.378,208.2,26
2022,sf,4,4,4.04,0004,Brian Cutting,15779,"Doubs, Romeo",WR,WR,offense,2000,Contrib,0,0,observed,2022:0;2023:0;2024:0;2025:0,431.1,0.275,0.425,208.2,39
2022,sf,4,5,4.05,0010,Shawn Blake,15718,"Badie, Tyler",RB,RB,offense,2000,Bust,0,0,observed,2022:0;2023:0;2024:0,10.4,0.0,1.0,-85.8,
2022,sf,4,6,4.06,0009,Bear Dunn,15733,"Strong Jr., Pierre",RB,RB,offense,2000,Bust,0,0,observed,2022:0;2023:0;2024:0,131.8,0.028,0.889,-72.9,74
2022,sf,4,7,4.07,0011,Eric Mannila,15734,"Ingram, Keaontay",RB,RB,offense,2000,Bust,0,0,observed,2022:0;2023:0;2024:0;2025:0,31.3,0.0,0.867,-82.0,139
2022,sf,4,8,4.08,0012,Chris Klingenberg,15808,"Karlaftis, George",DT+DE,DT+DE,defense,2000,Hit,1,0,no_snapshot_in_window,,284.5,0.354,0.354,180.0,37
2022,sf,4,9,4.09,0001,Ryan Bousquet,15834,"Hamilton, Kyle",CB+S,CB+S,defense,2000,Hit,1,0,no_snapshot_in_window,,415.6,0.409,0.341,323.5,24
2022,sf,4,10,4.10,0009,Bear Dunn,15797,"Dulcich, Greg",TE,TE,offense,2000,Contrib,0,0,observed,2022:0;2023:0;2024:0,103.4,0.357,0.5,0.0,54
2022,sf,4,11,4.11,0002,AJ Balderelli,15815,"Walker, Travon",DT+DE,DT+DE,defense,2000,Hit,1,0,no_snapshot_in_window,,307.5,0.304,0.304,106.5,41
2022,sf,4,12,4.12,0009,Bear Dunn,15840,"Woods, Jelani",TE,TE,offense,2000,Contrib,0,0,observed,2022:0;2023:0;2024:0,76.5,0.3,0.6,-102.5,71
2022,sf,5,1,5.01,0002,AJ Balderelli,15796,"Ruckert, Jeremy",TE,TE,offense,2000,Bust,0,0,observed,2022:0;2023:0,63.0,0.0,0.9,-170.2,77
2022,sf,5,2,5.02,0006,Steve Bousquet,15846,"Walker, Quay",LB,LB,defense,2000,Hit,1,0,no_snapshot_in_window,,339.0,0.357,0.357,198.4,27
2022,sf,5,3,5.03,0005,Rico Balderelli,15809,"Johnson, Jermaine",DT+DE,DT+DE,defense,2000,Contrib,0,0,no_snapshot_in_window,,187.0,0.233,0.333,30.1,43
2022,sf,5,4,5.04,0009,Bear Dunn,15767,"Jones, Velus",WR,WR,offense,2000,Bust,0,0,observed,2022:0;2023:0,61.7,0.0,0.913,-94.8,180
2022,sf,5,5,5.05,0001,Ryan Bousquet,15695,"Strong, Carson",QB,QB,offense,2000,Bust,0,0,observed,2022:0;2023:0,0,,,-77.0,
2022,sf,5,6,5.06,0002,AJ Balderelli,15821,"Dean, Nakobe",LB,LB,defense,2000,Contrib,0,0,no_snapshot_in_window,,187.0,0.321,0.429,80.2,62
2022,sf,5,7,5.07,0011,Eric Mannila,15782,"Gray, Danny",WR,WR,offense,2000,Bust,0,0,observed,2022:0;2023:0;2024:0;2025:0,3.6,0.0,1.0,-144.5,
2022,sf,5,8,5.08,0012,Chris Klingenberg,15802,"Otton, Cade",TE,TE,offense,2000,Bust,0,0,observed,2022:0;2023:0;2024:0;2025:0,371.2,0.186,0.395,323.9,16
2022,sf,5,9,5.09,0012,Chris Klingenberg,15785,"Melton, Bo",WR,WR,offense,2000,Bust,0,0,observed,2022:0;2023:0;2024:0;2025:0,68.5,0.077,0.846,-21.0,174
2022,sf,5,10,5.10,0005,Rico Balderelli,15873,"Bellinger, Daniel",TE,TE,offense,2000,Bust,0,0,observed,2022:0;2023:0,161.4,0.031,0.625,-23.1,44
2022,sf,5,11,5.11,0001,Ryan Bousquet,15837,"Cine, Lewis",CB+S,CB+S,defense,2000,Bust,0,0,no_snapshot_in_window,,0.8,0.0,1.0,-37.8,
2022,sf,5,12,5.12,0004,Brian Cutting,15713,"Ford, Jerome",RB,RB,offense,2000,Bust,0,0,observed,2022:0;2023:0;2024:0;2025:0,374.3,0.214,0.572,171.1,35
2022,sf,6,1,6.01,0006,Steve Bousquet,15832,"Stingley Jr., Derek",CB+S,CB+S,defense,1000,Contrib,0,0,no_snapshot_in_window,,265.5,0.294,0.353,86.4,122
2022,sf,6,2,6.02,0008,Keith Creelman,15857,"Williams, Sam",DT+DE,DT+DE,defense,1000,Bust,0,0,no_snapshot_in_window,,115.0,0.125,0.5,-162.9,97
2022,sf,6,3,6.03,0005,Rico Balderelli,15817,"Davis, Jordan",DT+DE,DT+DE,defense,1000,Bust,0,0,no_snapshot_in_window,,110.0,0.056,0.778,-99.2,179
2022,sf,6,4,6.04,0011,Eric Mannila,15851,"Ebiketie, Arnold",LB,LB,defense,1000,Bust,0,0,no_snapshot_in_window,,190.0,0.167,0.619,58.3,164
2022,sf,6,5,6.05,0002,AJ Balderelli,15853,"Mafe, Boye",DT+DE,DT+DE,defense,1000,Contrib,0,0,no_snapshot_in_window,,267.0,0.238,0.357,75.1,40
2022,sf,6,6,6.06,0012,Chris Klingenberg,15901,"Philips, Kyle",WR,WR,offense,1000,Bust,0,0,observed,2022:0;2023:0,46.5,0.0,0.666,-147.8,
2022,sf,6,7,6.07,0010,Shawn Blake,15823,"Harris, Christian",LB,LB,defense,1000,Contrib,0,0,no_snapshot_in_window,,185.5,0.242,0.483,7.2,63
2022,sf,6,8,6.08,0004,Brian Cutting,15858,"Andersen, Troy",LB,LB,defense,1000,Bust,0,0,no_snapshot_in_window,,126.0,0.174,0.782,-9.8,86
2022,sf,6,9,6.09,0007,Josh Martel,15824,"Tindall, Channing",LB,LB,defense,1000,Bust,0,0,no_snapshot_in_window,,12.0,0.0,1.0,-118.1,223
2022,sf,6,10,6.10,0003,Matt Gerardi,15831,"Chenal, Leo",LB,LB,defense,1000,Bust,0,0,no_snapshot_in_window,,166.0,0.068,0.864,-7.0,69
2022,sf,6,11,6.11,0009,Bear Dunn,15911,"Araiza, Matt",PN,ST,special,1000,Contrib,0,0,no_snapshot_in_window,,117.0,0.312,0.562,-88.8,
2022,sf,6,12,6.12,0001,Ryan Bousquet,15835,"Brisker, Jaquan",CB+S,CB+S,defense,1000,Smash,1,0,no_snapshot_in_window,,340.3,0.546,0.151,179.8,14
