player_id,player,season,date,kind,event,franchise,type,cl,tcv,aav,years,confidence,source
16167,"Achane, De'Von",2023,2023-05-28,draft,Rookie Draft,C-Town Chivalry,,,,,,high,
16167,"Achane, De'Von",2023,2023-05-28,contract,Rookie Contract,C-Town Chivalry,Rookie-Draft,3,15000,5000,5000/5000/5000,high,
16167,"Achane, De'Von",2024,2024-11-15,trade,Traded,0003,Rookie,3,15000,5000,5000/5000/5000,low,
16167,"Achane, De'Von",2025,2025,extension,Extension,0003,Vet-Ext1,3,55000,5000,5000/25000/25000,high,"src_contracts:2025:extension_flag; ci=CL 3| TCV 55K| AAV 5K, 25K| Ext: Gride"
16167,"Achane, De'Von",2025,2025-11-09,trade,Traded,0007,Vet,3,55000,5000,5000/25000/25000,high,
11675,"Adams, Davante",2014,2014-06-15,draft,Rookie Draft,Blake Bombers,,,,,,high,
11675,"Adams, Davante",2018,2018,extension,Extension,0006,Vet-Ext1,3,115000,25000,25000/45000/45000,high,"src_contracts:2018:extension_flag,ci_ext_token; ci=Ext PG 17, 18 Hood 19 & 20 [25K, 45K, 45K]"
11675,"Adams, Davante",2019,2019-03-08,trade,Traded,0009,Vet,2,115000,25000,25000/45000/45000,high,
11675,"Adams, Davante",2020,2020-08-17,trade,Traded,0008,Vet,2,100000,50000,50000/50000,high,
11675,"Adams, Davante",2020,2020-09-07,extension,Extension,0008,Vet-Ext2,1,100000,55000,100000,high,contract_transaction_log:2020 Contract_Transaction_Log.xlsx
11675,"Adams, Davante",2021,2021-06-01,extension,Extension,0001,Vet-Ext3,1,110000,60000,110000,high,contract_transaction_log:2021_Contract_Transaction_Log.xlsx
11675,"Adams, Davante",2021,2021-07-16,trade,Traded,0001,Vet-FL,2,115000,65000,65000/50000,high,
11675,"Adams, Davante",2023,2023-05-15,auction,Auction Won,0001,Tag,1,72000,72000,72000,high,
11675,"Adams, Davante",2023,2023-05-16,trade,Traded,0006,Tag,1,72000,72000,72000,high,
11675,"Adams, Davante",2023,2023-10-27,trade,Traded,0001,Tag,1,72000,72000,72000,high,
11675,"Adams, Davante",2024,2024-07-29,auction,Auction Won,0004,FL,3,90000,50000,50000/20000/20000,high,
11675,"Adams, Davante",2024,2024-09-17,trade,Traded,0012,FL,3,90000,50000,50000/20000/20000,high,
11675,"Adams, Davante",2025,2025-11-12,trade,Traded,0004,FL,3,90000,20000,50000/20000/20000,high,
16186,"Addison, Jordan",2023,2023-05-28,draft,Rookie Draft,C-Town Chivalry,,,,,,high,
16186,"Addison, Jordan",2023,2023-05-28,contract,Rookie Contract,C-Town Chivalry,Rookie-Draft,3,21000,7000,7000/7000/7000,high,
16186,"Addison, Jordan",2024,2024-11-27,trade,Traded,0006,Rookie,3,21000,7000,7000/7000/7000,low,
16186,"Addison, Jordan",2025,2025-03-27,trade,Traded,0005,Vet-BL,2,24000,7000,7000/17000,high,
16186,"Addison, Jordan",2025,2025-03-27,extension,Extension,0005,Vet-Ext1,2,24000,7000,7000/17000,high,"src_contracts:2025:extension_flag; ci=CL 2| TCV 24K| AAV 7K, 17K| Ext: LH | discord:contract_activity:2025-03-27:briancross0914: ""Extend Jordan Addison I year by the Long Haulers"""
16746,"Ali, Rasheen",2024,2024-05-26,draft,Rookie Draft,The Long Haulers,,,,,,high,
16746,"Ali, Rasheen",2024,2024-05-26,contract,Rookie Contract,The Long Haulers,Rookie-Draft,3,6000,2000,2000/2000/2000,high,
16645,"All, Erick",2024,2024-05-26,draft,Rookie Draft,The Long Haulers,,,,,,high,
16645,"All, Erick",2024,2024-05-26,contract,Rookie Contract,The Long Haulers,Rookie-Draft,3,6000,2000,2000/2000/2000,high,
16645,"All, Erick",2025,2025-03-10,trade,Traded,0004,Rookie,3,6000,2000,2000/2000/2000,low,
16596,"Allen, Braelon",2024,2024-05-26,draft,Rookie Draft,Ulterior Warrior,,,,,,high,
16596,"Allen, Braelon",2024,2024-05-26,contract,Rookie Contract,Ulterior Warrior,Rookie-Draft,3,6000,2000,2000/2000/2000,high,
13589,"Allen, Josh",2018,2018-06-09,draft,Rookie Draft,Cleon Ca$h,,,,,,high,
13589,"Allen, Josh",2018,2018-06-09,contract,Rookie Contract,Cleon Ca$h,Vet,1,2000,2000,2000,high,
13589,"Allen, Josh",2019,2019-05-06,auction,Auction Won,0006,Vet-FAA,1,10000,10000,10000,low,
13589,"Allen, Josh",2019,2019-10-13,trade,Traded,0009,Vet,1,10000,10000,10000,low,
13589,"Allen, Josh",2020,2020-08-19,auction,Auction Won,0002,Vet-FAA,3,24000,8000,8000/8000/8000,low,
13589,"Allen, Josh",2021,2021-06-04,trade,Traded,0009,Vet,3,24000,8000,8000/8000/8000,low,
13589,"Allen, Josh",2021,2021-11-12,trade,Traded,0001,Vet,3,24000,8000,8000/8000/8000,low,
13589,"Allen, Josh",2022,2022,extension,Extension,0012,Vet-Ext1,3,48000,8000,8000/28000/28000,high,contract_transaction_log:Contract_Transaction_Log.xlsx
13589,"Allen, Josh",2022,2022-05-04,trade,Traded,0012,Vet,3,48000,8000,8000/28000/28000,high,
13589,"Allen, Josh",2024,2024-11-28,trade,Traded,0009,Vet,3,48000,28000,8000/28000/28000,high,
13589,"Allen, Josh",2025,2025,extension,Extension,0009,Vet-Ext2,1,46000,46000,46000,low,
17061,"Allen, LeQuint",2025,2025-05-25,draft,Rookie Draft,Hawks,,,,,,high,
17061,"Allen, LeQuint",2025,2025-05-25,contract,Rookie Contract,Hawks,Rookie-Draft,3,6000,2000,2000/2000/2000,high,
16223,"Anderson, Will",2023,2023-05-28,draft,Rookie Draft,Ulterior Warrior,,,,,,high,
16223,"Anderson, Will",2023,2023-05-28,contract,Rookie Contract,Ulterior Warrior,Rookie-Draft,3,6000,2000,2000/2000/2000,high,
16223,"Anderson, Will",2024,2024-05-26,trade,Traded,0006,Vet,3,3000,1000,1000/1000/1000,low,
16223,"Anderson, Will",2024,2024-09-19,add,Waiver Claim,0004,Vet-WW,3,3000,1000,1000/1000/1000,low,
16223,"Anderson, Will",2024,2024-10-31,trade,Traded,0010,Vet,3,3000,1000,1000/1000/1000,low,
17108,"Arroyo, Elijah",2025,2025-05-25,draft,Rookie Draft,Cleon Ca$h,,,,,,high,
17108,"Arroyo, Elijah",2025,2025-05-25,contract,Rookie Contract,Cleon Ca$h,Rookie-Draft,3,6000,2000,2000/2000/2000,high,
16414,"Aubrey, Brandon",2023,2023-09-21,add,Waiver Claim,0010,,,,,,high,
16414,"Aubrey, Brandon",2023,2023-10-21,add,Waiver Claim,0004,,,,,,high,
16414,"Aubrey, Brandon",2023,2023-10-26,add,Waiver Claim,0012,,,,,,high,
16414,"Aubrey, Brandon",2024,2024-05-16,auction,Auction Won,0008,Vet-FAA-WW,1,1000,1000,1000,high,
16414,"Aubrey, Brandon",2024,2024-12-05,add,Waiver Claim,0006,Vet-WW-WW,1,1000,1000,1000,high,
16414,"Aubrey, Brandon",2024,2024-12-15,add,Free Agent Add,0008,Vet-WW-WW,1,1000,1000,1000,high,
16414,"Aubrey, Brandon",2025,2025-08-05,auction,Auction Won,0001,Vet-FAA,2,4000,2000,2000/2000,low,
17073,"Ayomanor, Elic",2025,2025-05-25,draft,Rookie Draft,C-Town Chivalry,,,,,,high,
17073,"Ayomanor, Elic",2025,2025-05-25,contract,Rookie Contract,C-Town Chivalry,Rookie-Draft,3,6000,2000,2000/2000/2000,high,
16384,"Bagent, Tyson",2023,2023-09-24,add,Waiver Claim,0009,,,,,,high,
16384,"Bagent, Tyson",2023,2023-11-19,add,Waiver Claim,0004,,,,,,high,
16384,"Bagent, Tyson",2023,2023-12-03,drop,Dropped (waiver),0004,,,,,,high,
16384,"Bagent, Tyson",2024,2024-08-05,auction,Auction Won,0003,Vet-FAA-WW,1,4000,4000,4000,high,
16384,"Bagent, Tyson",2024,2024-11-14,add,Waiver Claim,0006,Vet-WW-WW,1,4000,4000,4000,high,
16384,"Bagent, Tyson",2024,2024-11-14,trade,Traded,0007,Vet-WW,1,4000,4000,4000,high,
16384,"Bagent, Tyson",2025,2025-08-23,add,Waiver Claim,0007,Vet-WW-WW,1,1000,1000,1000,high,
16384,"Bagent, Tyson",2025,2025-10-12,add,Free Agent Add,0007,Vet-WW-WW,1,1000,1000,1000,high,
16384,"Bagent, Tyson",2025,2025-10-30,add,Waiver Claim,0001,Vet-WW-WW,1,1000,1000,1000,high,
16384,"Bagent, Tyson",2025,2025-11-08,add,Waiver Claim,0007,Vet-WW-WW,1,1000,1000,1000,high,
16384,"Bagent, Tyson",2025,2025-12-28,add,Free Agent Add,0007,Vet-WW-WW,1,1000,1000,1000,high,
16723,"Barner, AJ",2025,2025-08-10,auction,Auction Won,0010,Vet-FAA,2,2000,1000,1000/1000,low,
15293,"Bateman, Rashod",2021,2021-06-20,draft,Rookie Draft,Gride,,,,,,high,
15293,"Bateman, Rashod",2021,2021-06-20,contract,Rookie Contract,Gride,Rookie-Draft,3,15000,5000,5000/5000/5000,high,
15293,"Bateman, Rashod",2022,2022-10-27,trade,Traded,0010,Rookie,3,15000,5000,5000/5000/5000,low,
15293,"Bateman, Rashod",2023,2023-09-21,trade,Traded,0004,Vet,3,3000,1000,1000/1000/1000,low,
15293,"Bateman, Rashod",2023,2023-11-04,add,Waiver Claim,0007,Vet-WW,3,3000,1000,1000/1000/1000,low,
15293,"Bateman, Rashod",2024,2024-09-05,add,Waiver Claim,0003,Vet-WW-WW,1,3000,3000,3000,high,
15293,"Bateman, Rashod",2024,2024-10-24,trade,Traded,0004,Vet-WW,1,3000,3000,3000,high,
15293,"Bateman, Rashod",2024,2024-11-12,trade,Traded,0008,Vet-WW,1,3000,3000,3000,high,
15293,"Bateman, Rashod",2024,2024-12-12,add,Waiver Claim,0006,Vet-WW-WW,1,3000,3000,3000,high,
15293,"Bateman, Rashod",2025,2025-08-07,auction,Auction Won,0005,Vet-FAA,3,15000,5000,5000/5000/5000,low,
16245,"Battle, Jordan",2023,2023-05-28,draft,Rookie Draft,Hawks,,,,,,high,
16245,"Battle, Jordan",2023,2023-05-28,contract,Rookie Contract,Hawks,Rookie-Draft,3,3000,1000,1000/1000/1000,high,
16245,"Battle, Jordan",2026,2026-05-28,auction,Auction Won,0001,,,,,,high,
17078,"Bech, Jack",2025,2025-05-25,draft,Rookie Draft,Gride,,,,,,high,
17078,"Bech, Jack",2025,2025-05-25,contract,Rookie Contract,Gride,Rookie-Draft,3,15000,5000,5000/5000/5000,high,
16594,"Benson, Trey",2024,2024-05-26,draft,Rookie Draft,Ulterior Warrior,,,,,,high,
16594,"Benson, Trey",2024,2024-05-26,contract,Rookie Contract,Ulterior Warrior,Rookie-Draft,3,18000,6000,6000/6000/6000,high,
16594,"Benson, Trey",2025,2025-11-27,trade,Traded,0008,Rookie,3,18000,6000,6000/6000/6000,low,
16164,"Bigsby, Tank",2023,2023-05-28,draft,Rookie Draft,Ulterior Warrior,,,,,,high,
16164,"Bigsby, Tank",2023,2023-05-28,contract,Rookie Contract,Ulterior Warrior,Rookie-Draft,3,15000,5000,5000/5000/5000,high,
16164,"Bigsby, Tank",2026,2026-05-27,auction,Auction Won,0001,,,,,,high,
17069,"Blue, Jaydon",2025,2025-05-25,draft,Rookie Draft,Blake Bombers,,,,,,high,
17069,"Blue, Jaydon",2025,2025-05-25,contract,Rookie Contract,Blake Bombers,Rookie-Draft,3,6000,2000,2000/2000/2000,high,
17069,"Blue, Jaydon",2025,2025-08-07,trade,Traded,0006,Rookie,3,6000,2000,2000/2000/2000,low,
17076,"Bond, Isaiah",2025,2025-08-16,add,Waiver Claim,0006,BL,3,24000,5000,5000/5000/14000,high,
14147,"Bosa, Nick",2019,2019-06-10,draft,Rookie Draft,Blake Bombers,,,,,,high,
14147,"Bosa, Nick",2019,2019-06-10,contract,Rookie Contract,Blake Bombers,Rookie-Draft,3,6000,2000,2000/2000/2000,high,
14147,"Bosa, Nick",2020,2020-09-16,trade,Traded,0004,Rookie,2,4000,2000,2000/2000,low,
14147,"Bosa, Nick",2022,2022,extension,Extension,0004,Vet-Ext1,2,14000,7000,7000/7000,low,contract_transaction_log:Contract_Transaction_Log.xlsx
14147,"Bosa, Nick",2023,2023-05-26,trade,Traded,0001,Vet,2,14000,7000,7000/7000,low,
14147,"Bosa, Nick",2024,2024-07-30,auction,Auction Won,0004,Vet-FAA,3,15000,5000,5000/5000/5000,high,
16193,"Boutte, Kayshon",2023,2023-05-28,draft,Rookie Draft,Cleon Ca$h,,,,,,high,
16193,"Boutte, Kayshon",2023,2023-05-28,contract,Rookie Contract,Cleon Ca$h,Rookie-Draft,3,6000,2000,2000/2000/2000,high,
16193,"Boutte, Kayshon",2026,2026-05-27,auction,Auction Won,0008,,,,,,high,
16641,"Bowers, Brock",2024,2024-05-26,draft,Rookie Draft,C-Town Chivalry,,,,,,high,
16641,"Bowers, Brock",2024,2024-05-26,contract,Rookie Contract,C-Town Chivalry,Rookie-Draft,3,27000,9000,9000/9000/9000,high,
16244,"Branch, Brian",2023,2023-05-28,draft,Rookie Draft,Real Deal Creel,,,,,,high,
16244,"Branch, Brian",2023,2023-05-28,contract,Rookie Contract,Real Deal Creel,Rookie-Draft,3,3000,1000,1000/1000/1000,high,
16244,"Branch, Brian",2023,2023-09-17,trade,Traded,0006,Rookie,3,3000,1000,1000/1000/1000,low,
16244,"Branch, Brian",2023,2023-10-19,trade,Traded,0001,Rookie,3,3000,1000,1000/1000/1000,low,
16244,"Branch, Brian",2026,2026-05-28,auction,Auction Won,0009,,,,,,high,
12616,"Brissett, Jacoby",2019,2019-08-27,auction,Auction Won,0012,Vet-FAA,1,4000,4000,4000,high,
12616,"Brissett, Jacoby",2020,2020-03-18,drop,Dropped,0012,,,,,,high,
12616,"Brissett, Jacoby",2022,2022-08-02,auction,Auction Won,0001,Vet-FAA-WW,1,1000,1000,1000,high,
12616,"Brissett, Jacoby",2022,2022-11-20,trade,Traded,0003,Vet-WW,1,1000,1000,1000,high,
12616,"Brissett, Jacoby",2022,2022-12-01,drop,Dropped (waiver),0003,,,,,,high,
12616,"Brissett, Jacoby",2023,2023-08-05,auction,Auction Won,0009,Vet-FAA,1,5000,5000,5000,high,
12616,"Brissett, Jacoby",2024,2024-07-29,auction,Auction Won,0008,Vet-FAA-WW,1,1000,1000,1000,high,
12616,"Brissett, Jacoby",2024,2024-09-05,add,Waiver Claim,0005,Vet-WW-WW,1,1000,1000,1000,high,
12616,"Brissett, Jacoby",2024,2024-09-29,add,Free Agent Add,0004,Vet-WW-WW,1,1000,1000,1000,high,
12616,"Brissett, Jacoby",2024,2024-11-01,add,Waiver Claim,0004,Vet-WW-WW,1,1000,1000,1000,high,
12616,"Brissett, Jacoby",2024,2024-11-02,drop,Dropped (waiver),0004,,,,,,high,
12616,"Brissett, Jacoby",2025,2025-10-10,add,Waiver Claim,0010,,,,,,high,
16597,"Brooks, Jonathon",2024,2024-05-26,draft,Rookie Draft,Sex Manther,,,,,,high,
16597,"Brooks, Jonathon",2024,2024-05-26,contract,Rookie Contract,Sex Manther,Rookie-Draft,3,21000,7000,7000/7000/7000,high,
17058,"Brooks, Tahj",2025,2025-05-25,draft,Rookie Draft,Blake Bombers,,,,,,high,
17058,"Brooks, Tahj",2025,2025-05-25,contract,Rookie Contract,Blake Bombers,Rookie-Draft,3,6000,2000,2000/2000/2000,high,
17058,"Brooks, Tahj",2025,2025-08-06,trade,Traded,0007,Rookie,3,6000,2000,2000/2000/2000,low,
14104,"Brown, A.J.",2019,2019-06-10,draft,Rookie Draft,Pure Greatness,,,,,,high,
14104,"Brown, A.J.",2019,2019-06-10,contract,Rookie Contract,Pure Greatness,Rookie-Draft,3,18000,6000,6000/6000/6000,high,
14104,"Brown, A.J.",2019,2019-10-08,trade,Traded,0007,Rookie,3,18000,6000,6000/6000/6000,low,
14104,"Brown, A.J.",2022,2022,extension,Extension,0008,Vet-Ext1,2,52000,26000,26000/26000,low,contract_transaction_log:Contract_Transaction_Log.xlsx
14104,"Brown, A.J.",2022,2022-03-23,trade,Traded,0008,Vet,2,52000,26000,26000/26000,low,
14104,"Brown, A.J.",2023,2023,extension,Extension,0008,Vet-Ext2,3,118000,26000,26000/46000/46000,high,"src_contracts:2023:extension_flag; ci=CL 3| TCV 118K| AAV 26K, 46K|Y1-26 Y2-46 Y3-46| Ext: Sex, Cr"
14104,"Brown, A.J.",2024,2024-07-24,trade,Traded,0005,Vet-BL,2,92000,19000,19000/73000,high,
14104,"Brown, A.J.",2025,2025,extension,Extension,0006,Vet-Ext3,2,129000,73000,73000/56000,high,"src_contracts:2025:extension_flag; ci=CL 2| TCV 129K| AAV 46K, 56K|Y1-73 Y2-56 | Ext: Sex, Creel,"
14104,"Brown, A.J.",2025,2025-03-05,trade,Traded,0006,Vet-FL,2,129000,73000,73000/56000,high,
16181,"Brown, Chase",2023,2023-05-28,draft,Rookie Draft,Cleon Ca$h,,,,,,high,
16181,"Brown, Chase",2023,2023-05-28,contract,Rookie Contract,Cleon Ca$h,Rookie-Draft,3,6000,2000,2000/2000/2000,high,
16181,"Brown, Chase",2024,2024-11-28,trade,Traded,0001,Rookie,3,6000,2000,2000/2000/2000,low,
14105,"Brown, Marquise",2019,2019-06-10,draft,Rookie Draft,Hawks,,,,,,high,
14105,"Brown, Marquise",2019,2019-06-10,contract,Rookie Contract,Hawks,Rookie-Draft,3,30000,10000,10000/10000/10000,high,
14105,"Brown, Marquise",2019,2019-10-24,trade,Traded,0006,Rookie,3,30000,10000,10000/10000/10000,low,
14105,"Brown, Marquise",2020,2020-11-22,trade,Traded,0004,Rookie,2,20000,10000,10000/10000,low,
14105,"Brown, Marquise",2021,2021-06-20,extension,Extension,0009,Vet-Ext1,2,30000,10000,10000/20000,high,contract_transaction_log:2021_Contract_Transaction_Log.xlsx
14105,"Brown, Marquise",2021,2021-08-04,trade,Traded,0009,Rookie,2,30000,10000,10000/20000,high,
14105,"Brown, Marquise",2021,2021-10-08,trade,Traded,0005,Rookie,2,30000,10000,10000/20000,high,
14105,"Brown, Marquise",2022,2022-06-25,trade,Traded,0006,Vet-BL,2,30000,20000,10000/20000,high,
14105,"Brown, Marquise",2023,2023-08-03,auction,Auction Won,0011,Vet-FAA,1,37000,37000,37000,low,
14105,"Brown, Marquise",2024,2024-07-30,auction,Auction Won,0012,Vet-FAA,3,24000,8000,8000/8000/8000,high,
17082,"Bryant, Pat",2025,2025-05-25,draft,Rookie Draft,Cleon Ca$h,,,,,,high,
17082,"Bryant, Pat",2025,2025-05-25,contract,Rookie Contract,Cleon Ca$h,Rookie-Draft,3,6000,2000,2000/2000/2000,high,
17082,"Bryant, Pat",2025,2025-09-24,trade,Traded,0010,Rookie,3,6000,2000,2000/2000/2000,low,
17082,"Bryant, Pat",2025,2025-09-25,trade,Traded,0011,Rookie,3,6000,2000,2000/2000/2000,low,
17082,"Bryant, Pat",2025,2025-09-25,trade,Traded,0010,Rookie,3,6000,2000,2000/2000/2000,low,
16677,"Bullard, Javon",2024,2024-05-26,draft,Rookie Draft,Hawks,,,,,,high,
16677,"Bullard, Javon",2024,2024-05-26,contract,Rookie Contract,Hawks,Rookie-Draft,3,3000,1000,1000/1000/1000,high,
17070,"Burden, Luther",2025,2025-05-25,draft,Rookie Draft,HammerTime 🔨 ⏰,,,,,,high,
17070,"Burden, Luther",2025,2025-05-25,contract,Rookie Contract,HammerTime 🔨 ⏰,Rookie-Draft,3,15000,5000,5000/5000/5000,high,
14777,"Burrow, Joe",2020,2020-06-01,draft,Rookie Draft,Ulterior Warrior,,,,,,high,
14777,"Burrow, Joe",2020,2020-06-01,contract,Rookie Contract,Ulterior Warrior,Rookie-Draft,3,15000,5000,5000/5000/5000,high,
14777,"Burrow, Joe",2023,2023,extension,Extension,0001,Vet-Ext1,2,50000,15000,15000/35000,high,"src_contracts:2023:extension_flag; ci=CL 2| TCV 50K| AAV 25K| Y1-15K, Y2-35K| No Further Extension"
14777,"Burrow, Joe",2025,2025,extension,Extension,0001,Vet-Ext2,1,46000,46000,46000,low,
16632,"Burton, Jermaine",2024,2024-05-26,draft,Rookie Draft,Sex Manther,,,,,,high,
16632,"Burton, Jermaine",2024,2024-05-26,contract,Rookie Contract,Sex Manther,Rookie-Draft,3,15000,5000,5000/5000/5000,high,
15418,"Bynum, Camryn",2023,2023-09-21,add,Waiver Claim,0009,,,,,,high,
15418,"Bynum, Camryn",2024,2024-07-28,auction,Auction Won,0003,Vet-FAA,3,3000,1000,1000/1000/1000,high,
15418,"Bynum, Camryn",2024,2024-10-06,add,Waiver Claim,0002,Vet-WW,3,3000,1000,1000/1000/1000,high,
15418,"Bynum, Camryn",2024,2024-10-11,add,Waiver Claim,0006,Vet-WW,3,3000,1000,1000/1000/1000,high,
16239,"Campbell, Jack",2023,2023-05-28,draft,Rookie Draft,Sex Manther,,,,,,high,
16239,"Campbell, Jack",2023,2023-05-28,contract,Rookie Contract,Sex Manther,Rookie-Draft,3,6000,2000,2000/2000/2000,high,
16239,"Campbell, Jack",2024,2024-11-07,add,Waiver Claim,0005,Vet-WW,3,9000,3000,3000/3000/3000,high,
17123,"Campbell, Jihaad",2025,2025-05-25,draft,Rookie Draft,Sex Manther,,,,,,high,
17123,"Campbell, Jihaad",2025,2025-05-25,contract,Rookie Contract,Sex Manther,Rookie-Draft,3,6000,2000,2000/2000/2000,high,
17112,"Carter, Abdul",2025,2025-05-25,draft,Rookie Draft,Hawks,,,,,,high,
17112,"Carter, Abdul",2025,2025-05-25,contract,Rookie Contract,Hawks,Rookie-Draft,3,6000,2000,2000/2000/2000,high,
16169,"Charbonnet, Zach",2023,2023-05-28,draft,Rookie Draft,CBP,,,,,,high,
16169,"Charbonnet, Zach",2023,2023-05-28,contract,Rookie Contract,CBP,Rookie-Draft,3,15000,5000,5000/5000/5000,high,
16169,"Charbonnet, Zach",2023,2023-05-29,trade,Traded,0004,Rookie,3,15000,5000,5000/5000/5000,low,
16169,"Charbonnet, Zach",2024,2024-10-10,trade,Traded,0001,Rookie,3,15000,5000,5000/5000/5000,low,
16169,"Charbonnet, Zach",2026,2026-05-27,auction,Auction Won,0001,,,,,,high,
15281,"Chase, Ja'Marr",2021,2021-06-20,draft,Rookie Draft,Run CMC,,,,,,high,
15281,"Chase, Ja'Marr",2021,2021-06-20,contract,Rookie Contract,Run CMC,Rookie-Draft,3,42000,14000,14000/14000/14000,high,
15281,"Chase, Ja'Marr",2021,2021-09-01,trade,Traded,0008,Rookie,3,42000,14000,14000/14000/14000,low,
15281,"Chase, Ja'Marr",2023,2023,extension,Extension,0008,Vet-Ext1,3,82000,14000,14000/34000/34000,high,"src_contracts:2023:extension_flag; ci=CL 3| TCV 82K| AAV 14K, 34K| Y1-14K Y2- 34K Y3-34K| Ext. Cre"
15281,"Chase, Ja'Marr",2023,2023-11-23,trade,Traded,0003,Rookie,3,82000,14000,14000/34000/34000,high,
15281,"Chase, Ja'Marr",2024,2024-10-31,trade,Traded,0005,Vet-BL,2,68000,14000,14000/54000,high,
15281,"Chase, Ja'Marr",2025,2025-05-17,extension,Extension,0005,Vet-Ext2,1,162000,54000,162000,high,"src_contracts:2025:extension_flag; ci=CL 3| TCV 162K| AAV 34K, AAV 54K| Y1-33K, Y2-64K, Y3-65K| Ex | discord_bot:2025-05-17:HammerTime 🔨 ⏰: TCV=$162000 years=3 gtd=$121500"
17269,"Chism, Efton",2025,2025-08-10,auction,Auction Won,0010,Vet-FAA-WW,1,1000,1000,1000,high,
17269,"Chism, Efton",2025,2025-12-28,add,Waiver Claim,0007,Vet-WW-WW,1,1000,1000,1000,high,
16809,"Coker, Jalen",2024,2024-10-12,add,Waiver Claim,0008,,,,,,high,
16809,"Coker, Jalen",2024,2024-10-26,add,Waiver Claim,0003,,,,,,high,
16617,"Coleman, Keon",2024,2024-05-26,draft,Rookie Draft,Hawks,,,,,,high,
16617,"Coleman, Keon",2024,2024-05-26,contract,Rookie Contract,Hawks,Rookie-Draft,3,15000,5000,5000/5000/5000,high,
16617,"Coleman, Keon",2024,2024-10-02,trade,Traded,0004,Rookie,3,15000,5000,5000/5000/5000,low,
16617,"Coleman, Keon",2025,2025-11-11,trade,Traded,0008,Rookie,3,15000,5000,5000/5000/5000,low,
15290,"Collins, Nico",2021,2021-06-20,draft,Rookie Draft,C-Town Chivalry,,,,,,high,
15290,"Collins, Nico",2021,2021-06-20,contract,Rookie Contract,C-Town Chivalry,Rookie-Draft,3,6000,2000,2000/2000/2000,high,
15290,"Collins, Nico",2024,2024,extension,Extension,0002,Vet-Ext1,2,44000,22000,22000/22000,low,src_contracts:2024:extension_flag; ci=CL 2| TCV 44K| Ext: C-Town | extender_fix:was_fr=0002_per_ci_Ext_token
15290,"Collins, Nico",2024,2024-05-27,trade,Traded,0002,Vet,2,44000,22000,22000/22000,low,
15290,"Collins, Nico",2025,2025,extension,Extension,0002,Vet-Ext2,3,110000,16000,16000/47000/47000,high,"src_contracts:2025:extension_flag; ci=CL 3| TCV 110K| AAV 22K, 42K |Y1-16K, Y2-47K, Y3-47K|  Ext:"
15715,"Cook, James",2022,2022-06-25,draft,Rookie Draft,The Bash Bros,,,,,,high,
15715,"Cook, James",2022,2022-06-25,contract,Rookie Contract,The Bash Bros,Rookie-Draft,3,21000,7000,7000/7000/7000,high,
15715,"Cook, James",2022,2022-08-18,dispersal,Dispersal,0005,Rookie,3,21000,7000,7000/7000/7000,low,
15715,"Cook, James",2022,2022-08-19,trade,Traded,0007,Rookie,3,21000,7000,7000/7000/7000,low,
15715,"Cook, James",2023,2023-08-09,trade,Traded,0002,Rookie,3,21000,7000,7000/7000/7000,low,
15715,"Cook, James",2024,2024,extension,Extension,0009,Vet-Ext1,3,61000,7000,7000/27000/27000,high,"src_contracts:2024:extension_flag; ci=CL 3| TCV 61K| AAV 7K/27K| Y1-7, Y2-27, Y3-27| Ext: CBP | extender_fix:was_fr=0009_per_ci_Ext_token"
15715,"Cook, James",2024,2024-05-27,trade,Traded,0009,Rookie,3,61000,7000,7000/27000/27000,high,
15484,"Cooper, Jonathon",2023,2023-10-05,add,Waiver Claim,0008,,,,,,high,
15484,"Cooper, Jonathon",2023,2023-11-05,add,Waiver Claim,0008,,,,,,high,
15484,"Cooper, Jonathon",2023,2023-11-24,add,Waiver Claim,0001,,,,,,high,
15484,"Cooper, Jonathon",2024,2024-07-31,auction,Auction Won,0003,Vet-FAA,3,3000,1000,1000/1000/1000,high,
15484,"Cooper, Jonathon",2024,2024-10-17,add,Waiver Claim,0009,Vet-WW,3,3000,1000,1000/1000/1000,high,
15484,"Cooper, Jonathon",2024,2024-11-07,add,Waiver Claim,0006,Vet-WW,3,3000,1000,1000/1000/1000,high,
16636,"Corley, Malachi",2024,2024-05-26,draft,Rookie Draft,Hawks,,,,,,high,
16636,"Corley, Malachi",2024,2024-05-26,contract,Rookie Contract,Hawks,Rookie-Draft,3,6000,2000,2000/2000/2000,high,
16593,"Corum, Blake",2024,2024-05-26,draft,Rookie Draft,HammerTime 🔨 ⏰,,,,,,high,
16593,"Corum, Blake",2024,2024-05-26,contract,Rookie Contract,HammerTime 🔨 ⏰,Rookie-Draft,3,15000,5000,5000/5000/5000,high,
16593,"Corum, Blake",2025,2025-08-05,trade,Traded,0010,Rookie,3,15000,5000,5000/5000/5000,low,
17256,"Croskey-Merritt, Jacory",2025,2025-05-25,draft,Rookie Draft,Sex Manther,,,,,,high,
17256,"Croskey-Merritt, Jacory",2025,2025-05-25,contract,Rookie Contract,Sex Manther,Rookie-Draft,3,6000,2000,2000/2000/2000,high,
15001,"Curl, Kamren",2020,2020-11-11,add,Waiver Claim,0006,,,,,,high,
15001,"Curl, Kamren",2021,2021-05-26,drop,Dropped,0006,,,,,,high,
15001,"Curl, Kamren",2021,2021-06-08,tag,Tagged (via WW),0001,Tag,3,6000,2000,2000/2000/2000,low,
15001,"Curl, Kamren",2021,2021-06-21,trade,Traded,0002,Vet,3,6000,2000,2000/2000/2000,low,
15001,"Curl, Kamren",2022,2022-09-25,add,Free Agent Add,0002,—,,,,,high,
15001,"Curl, Kamren",2022,2022-10-01,add,Waiver Claim,0008,—,,,,,high,
15001,"Curl, Kamren",2022,2022-10-27,add,Waiver Claim,0002,—,,,,,high,
15001,"Curl, Kamren",2023,2023-08-03,auction,Auction Won,0011,Vet-FAA,1,1000,1000,1000,high,
15001,"Curl, Kamren",2024,2024-08-01,auction,Auction Won,0010,Vet-FAA-WW,1,1000,1000,1000,high,
15001,"Curl, Kamren",2024,2024-09-21,trade,Traded,0003,Vet-WW,1,1000,1000,1000,high,
15001,"Curl, Kamren",2024,2024-10-24,add,Waiver Claim,0005,Vet-WW-WW,1,1000,1000,1000,high,
15001,"Curl, Kamren",2024,2024-12-01,add,Free Agent Add,0011,Vet-WW-WW,1,1000,1000,1000,high,
15001,"Curl, Kamren",2025,2025-09-21,add,Waiver Claim,0008,—,,,,,high,
15001,"Curl, Kamren",2025,2025-11-27,trade,Traded,0001,—,,,,,high,
15001,"Curl, Kamren",2026,2026-05-21,tag,Tagged (DEFENSE),0001,,,,,,high,
16581,"Daniels, Jayden",2024,2024-05-26,draft,Rookie Draft,C-Town Chivalry,,,,,,high,
16581,"Daniels, Jayden",2024,2024-05-26,contract,Rookie Contract,C-Town Chivalry,Rookie-Draft,3,36000,12000,12000/12000/12000,high,
13592,"Darnold, Sam",2018,2018-06-09,draft,Rookie Draft,Good in Da Hood,,,,,,high,
13592,"Darnold, Sam",2018,2018-06-09,contract,Rookie Contract,Good in Da Hood,Rookie-Draft,3,6000,2000,2000/2000/2000,high,
13592,"Darnold, Sam",2019,2019-08-29,trade,Traded,0002,Rookie,2,4000,2000,2000/2000,low,
13592,"Darnold, Sam",2019,2019-10-06,trade,Traded,0001,Rookie,2,4000,2000,2000/2000,low,
13592,"Darnold, Sam",2020,2020-10-07,add,Waiver Claim,0011,Vet-WW-WW,1,1000,1000,1000,low,
13592,"Darnold, Sam",2020,2020-10-25,drop,Dropped (waiver),0011,,,,,,high,
13592,"Darnold, Sam",2021,2021-08-03,auction,Auction Won,0005,Vet-FAA,1,6000,6000,6000,low,
13592,"Darnold, Sam",2022,2022-10-06,add,Waiver Claim,0009,—,,,,,high,
13592,"Darnold, Sam",2023,2023-10-29,add,Free Agent Add,0010,—,,,,,high,
13592,"Darnold, Sam",2023,2023-11-03,drop,Dropped (waiver),0010,,,,,,high,
13592,"Darnold, Sam",2024,2024-08-03,auction,Auction Won,0011,Vet-FAA,1,7000,7000,7000,low,
13592,"Darnold, Sam",2025,2025-08-04,auction,Auction Won,0003,Vet-FAA,2,36000,18000,18000/18000,low,
17032,"Dart, Jaxson",2025,2025-05-25,draft,Rookie Draft,Cleon Ca$h,,,,,,high,
17032,"Dart, Jaxson",2025,2025-05-25,contract,Rookie Contract,Cleon Ca$h,Rookie-Draft,3,27000,9000,9000/9000/9000,high,
16752,"Davis, Isaiah",2024,2024-12-05,add,Waiver Claim,0008,,,,,,high,
16752,"Davis, Isaiah",2025,2025-05-26,auction,Auction Won,0008,Vet-FAA,3,3000,1000,1000/1000/1000,low,
16752,"Davis, Isaiah",2025,2025-11-13,trade,Traded,0009,Vet,3,3000,1000,1000/1000/1000,low,
16603,"Davis, Ray",2024,2024-05-26,draft,Rookie Draft,C-Town Chivalry,,,,,,high,
16603,"Davis, Ray",2024,2024-05-26,contract,Rookie Contract,C-Town Chivalry,Rookie-Draft,3,6000,2000,2000/2000/2000,high,
16204,"Dell, Tank",2023,2023-05-28,draft,Rookie Draft,Sex Manther,,,,,,high,
16204,"Dell, Tank",2023,2023-05-28,contract,Rookie Contract,Sex Manther,Rookie-Draft,3,6000,2000,2000/2000/2000,high,
16204,"Dell, Tank",2025,2025-09-11,add,Waiver Claim,0008,Vet-WW,3,3000,1000,1000/1000/1000,low,
16204,"Dell, Tank",2025,2025-10-12,trade,Traded,0007,Vet,3,3000,1000,1000/1000/1000,low,
17171,"Dike, Chimere",2025,2025-10-23,add,Waiver Claim,0012,,,,,,high,
14800,"Dobbins, J.K.",2020,2020-06-01,draft,Rookie Draft,Sex Manther,,,,,,high,
14800,"Dobbins, J.K.",2020,2020-06-01,contract,Rookie Contract,Sex Manther,Rookie-Draft,3,39000,13000,13000/13000/13000,high,
14800,"Dobbins, J.K.",2021,2021-06-04,trade,Traded,0003,Rookie,3,39000,13000,13000/13000/13000,low,
14800,"Dobbins, J.K.",2022,2022,extension,Extension,0001,Vet-Ext1,1,36000,23000,36000,high,contract_transaction_log:Contract_Transaction_Log.xlsx
14800,"Dobbins, J.K.",2022,2022-07-24,trade,Traded,0001,Rookie,2,36000,13000,13000/23000,high,
14800,"Dobbins, J.K.",2022,2022-11-24,trade,Traded,0011,Rookie,2,36000,13000,13000/23000,high,
14800,"Dobbins, J.K.",2024,2024-08-02,auction,Auction Won,0012,Vet-FAA,3,27000,9000,9000/9000/9000,high,
14823,"Dowdle, Rico",2023,2023-08-12,add,Waiver Claim,0009,Vet-WW-WW,1,1000,1000,1000,high,
14823,"Dowdle, Rico",2023,2023-08-24,add,Waiver Claim,0005,Vet-WW-WW,1,1000,1000,1000,high,
14823,"Dowdle, Rico",2023,2023-09-10,add,Waiver Claim,0007,Vet-WW-WW,1,1000,1000,1000,high,
14823,"Dowdle, Rico",2023,2023-10-29,add,Waiver Claim,0001,Vet-WW-WW,1,1000,1000,1000,high,
14823,"Dowdle, Rico",2023,2023-11-23,trade,Traded,0006,Vet-WW,1,1000,1000,1000,high,
14823,"Dowdle, Rico",2024,2024-07-31,auction,Auction Won,0001,Vet-FAA,1,11000,11000,11000,high,
14823,"Dowdle, Rico",2025,2025-08-07,auction,Auction Won,0001,Vet-FAA-BL,2,12000,1000,1000/11000,high,
14823,"Dowdle, Rico",2025,2025-08-08,trade,Traded,0008,Vet-BL,2,12000,1000,1000/11000,high,
14823,"Dowdle, Rico",2025,2025-09-13,add,Waiver Claim,0008,Vet-WW-BL,2,12000,1000,1000/11000,high,
14823,"Dowdle, Rico",2025,2025-11-11,trade,Traded,0010,Vet-BL,2,12000,1000,1000/11000,high,
16187,"Downs, Josh",2023,2023-05-28,draft,Rookie Draft,C-Town Chivalry,,,,,,high,
16187,"Downs, Josh",2023,2023-05-28,contract,Rookie Contract,C-Town Chivalry,Rookie-Draft,3,6000,2000,2000/2000/2000,high,
16187,"Downs, Josh",2024,2024-11-15,trade,Traded,0003,Rookie,3,6000,2000,2000/2000/2000,low,
16187,"Downs, Josh",2025,2025,extension,Extension,0003,Vet-Ext1,2,14000,2000,2000/12000,high,"src_contracts:2025:extension_flag; ci=CL 2| TCV 14K| AAV 2K, 14K| Y1-2 Y2-12| Ext: GRide"
16187,"Downs, Josh",2025,2025-10-22,trade,Traded,0006,Vet-BL,2,14000,2000,2000/12000,high,
17081,"Egbuka, Emeka",2025,2025-05-25,draft,Rookie Draft,CBP,,,,,,high,
17081,"Egbuka, Emeka",2025,2025-05-25,contract,Rookie Contract,CBP,Rookie-Draft,3,15000,5000,5000/5000/5000,high,
13806,"Elliott, DeShon",2020,2020-08-25,auction,Auction Won,0007,Vet-FAA-WW,1,1000,1000,1000,high,
13806,"Elliott, DeShon",2020,2020-09-16,drop,Dropped (waiver),0007,,,,,,high,
13806,"Elliott, DeShon",2022,2022-08-06,auction,Auction Won,0008,,,,,,high,
13806,"Elliott, DeShon",2022,2022-10-06,add,Waiver Claim,0008,,,,,,high,
13806,"Elliott, DeShon",2022,2022-11-03,add,Waiver Claim,0007,,,,,,high,
13806,"Elliott, DeShon",2022,2022-11-24,add,Waiver Claim,0005,,,,,,high,
13806,"Elliott, DeShon",2022,2022-12-30,add,Waiver Claim,0004,,,,,,high,
13806,"Elliott, DeShon",2022,2022-12-31,drop,Dropped (waiver),0004,,,,,,high,
13806,"Elliott, DeShon",2023,2023-08-02,auction,Auction Won,0005,Vet-FAA-WW,1,1000,1000,1000,high,
13806,"Elliott, DeShon",2023,2023-08-17,add,Waiver Claim,0002,Vet-WW-WW,1,1000,1000,1000,high,
13806,"Elliott, DeShon",2023,2023-11-19,drop,Dropped (waiver),0002,,,,,,high,
13806,"Elliott, DeShon",2024,2024-10-06,add,Free Agent Add,0002,,,,,,high,
13806,"Elliott, DeShon",2025,2025-08-06,auction,Auction Won,0002,Vet-FAA,2,2000,1000,1000/1000,high,
13806,"Elliott, DeShon",2025,2025-10-09,add,Waiver Claim,0007,Vet-WW,2,2000,1000,1000/1000,high,
13806,"Elliott, DeShon",2025,2025-10-30,add,Waiver Claim,0001,Vet-WW,2,2000,1000,1000/1000,high,
17144,"Emmanwori, Nick",2025,2025-05-25,draft,Rookie Draft,L.A. Looks,,,,,,high,
17144,"Emmanwori, Nick",2025,2025-05-25,contract,Rookie Contract,L.A. Looks,Rookie-Draft,3,3000,1000,1000/1000/1000,high,
11247,"Ertz, Zach",2013,2013-07-01,draft,Rookie Draft,Blake Bombers,,,,,,high,
11247,"Ertz, Zach",2018,2018,extension,Extension,0001,Vet-Ext1,3,114000,30000,30000/42000/42000,high,"src_contracts:2018:ci_year_list; ci=Tag UW 18 Ext 19/20 C-Town [30K, 42K,42K]"
11247,"Ertz, Zach",2021,2021-08-02,auction,Auction Won,0003,Vet-FAA,2,16000,8000,8000/8000,low,
11247,"Ertz, Zach",2021,2021-11-25,trade,Traded,0012,Vet,2,16000,8000,8000/8000,low,
11247,"Ertz, Zach",2022,2022,extension,Extension,0012,Vet-Ext1,3,57000,11000,11000/23000/23000,high,contract_transaction_log:Contract_Transaction_Log.xlsx
11247,"Ertz, Zach",2022,2022-11-09,trade,Traded,0004,Vet,3,57000,11000,11000/23000/23000,high,
11247,"Ertz, Zach",2023,2023-05-28,trade,Traded,0009,Vet,3,57000,23000,11000/23000/23000,high,
11247,"Ertz, Zach",2024,2024-07-31,auction,Auction Won,0012,—,,,,,high,
11247,"Ertz, Zach",2024,2024-09-20,add,Waiver Claim,0006,—,,,,,high,
11247,"Ertz, Zach",2024,2024-10-17,add,Waiver Claim,0004,—,,,,,high,
11247,"Ertz, Zach",2025,2025-08-06,auction,Auction Won,0012,Vet-FAA-WW,1,1000,1000,1000,low,
11247,"Ertz, Zach",2025,2025-12-14,add,Free Agent Add,0004,Vet-WW-WW,1,1000,1000,1000,low,
15253,"Etienne, Travis",2021,2021-06-20,draft,Rookie Draft,Cleon Ca$h,,,,,,high,
15253,"Etienne, Travis",2021,2021-06-20,contract,Rookie Contract,Cleon Ca$h,Rookie-Draft,3,36000,12000,12000/12000/12000,high,
15253,"Etienne, Travis",2024,2024,extension,Extension,0011,Vet-Ext1,1,22000,22000,22000,low,src_contracts:2024:extension_flag; ci=CL 1| TCV 22K| AAV 22K| Ext: Cleon
15253,"Etienne, Travis",2025,2025-08-07,auction,Auction Won,0003,Vet-FAA,1,17000,17000,17000,low,
15253,"Etienne, Travis",2026,2026-05-22,tag,Tagged (OFFENSE),0003,,,,,,high,
15253,"Etienne, Travis",2026,2026-05-24,trade,Traded,0008,,,,,,high,
17056,"Etienne, Trevor",2025,2025-05-25,draft,Rookie Draft,Gride,,,,,,high,
17056,"Etienne, Trevor",2025,2025-05-25,contract,Rookie Contract,Gride,Rookie-Draft,3,6000,2000,2000/2000/2000,high,
11671,"Evans, Mike",2014,2014-06-15,draft,Rookie Draft,Good in Da Hood,,,,,,high,
11671,"Evans, Mike",2018,2018,extension,Extension,0009,Vet-Ext1,2,78000,34000,34000/44000,high,"src_contracts:2018:extension_flag; ci=Ext. Gordon 17 & 18 CTown 19 [34K,44K]"
11671,"Evans, Mike",2019,2019,extension,Extension,0003,Vet-Ext2,2,98000,44000,44000/54000,high,contract_transaction_log:2019_Contract_Tansaction_Log.xlsx
11671,"Evans, Mike",2019,2019-09-02,trade,Traded,0003,Vet-BL,2,98000,44000,44000/54000,high,
11671,"Evans, Mike",2019,2019-11-14,trade,Traded,0008,Vet-BL,2,98000,44000,44000/54000,high,
11671,"Evans, Mike",2021,2021-06-05,auction,Auction Won,0008,Tag,1,59000,59000,59000,low,
11671,"Evans, Mike",2021,2021-06-05,trade,Traded,0004,Tag,1,59000,59000,59000,low,
11671,"Evans, Mike",2021,2021-11-24,trade,Traded,0002,Tag,1,59000,59000,59000,low,
11671,"Evans, Mike",2022,2022-08-03,auction,Auction Won,0010,Vet-FAA-FL,2,76000,57000,57000/19000,high,
11671,"Evans, Mike",2022,2022-10-27,trade,Traded,0003,Vet-FL,2,76000,57000,57000/19000,high,
11671,"Evans, Mike",2023,2023-11-23,trade,Traded,0008,Vet-FL,2,76000,19000,57000/19000,high,
11671,"Evans, Mike",2024,2024-07-30,auction,Auction Won,0012,Vet-FAA,3,72000,24000,24000/24000/24000,high,
17034,"Ewers, Quinn",2025,2025-05-25,draft,Rookie Draft,The Long Haulers,,,,,,high,
17034,"Ewers, Quinn",2025,2025-05-25,contract,Rookie Contract,The Long Haulers,Rookie-Draft,3,6000,2000,2000/2000/2000,high,
17103,"Fannin, Harold",2025,2025-05-25,draft,Rookie Draft,Sex Manther,,,,,,high,
17103,"Fannin, Harold",2025,2025-05-25,contract,Rookie Contract,Sex Manther,Rookie-Draft,3,15000,5000,5000/5000/5000,high,
14137,"Fant, Noah",2019,2019-06-10,draft,Rookie Draft,Cleon Ca$h,,,,,,high,
14137,"Fant, Noah",2019,2019-06-10,contract,Rookie Contract,Cleon Ca$h,Rookie-Draft,3,6000,2000,2000/2000/2000,high,
14137,"Fant, Noah",2021,2021-06-03,trade,Traded,0005,Vet,2,10000,5000,5000/5000,low,
14137,"Fant, Noah",2021,2021-08-05,extension,Extension,0005,Vet-Ext1,1,10000,8000,10000,high,contract_transaction_log:2021_Contract_Transaction_Log.xlsx
14137,"Fant, Noah",2022,2022-08-18,dispersal,Dispersal,0002,Vet-WW,1,4000,4000,4000,high,
14137,"Fant, Noah",2022,2022-09-04,add,Waiver Claim,0008,Vet-WW-WW,1,4000,4000,4000,high,
14137,"Fant, Noah",2022,2022-09-25,add,Free Agent Add,0008,Vet-WW-WW,1,4000,4000,4000,high,
14137,"Fant, Noah",2022,2022-10-16,add,Free Agent Add,0004,Vet-WW-WW,1,4000,4000,4000,high,
14137,"Fant, Noah",2022,2022-12-08,add,Waiver Claim,0005,Vet-WW-WW,1,4000,4000,4000,high,
14137,"Fant, Noah",2023,2023-03-29,dispersal,Dispersal,0006,Vet-WW,1,1000,1000,1000,high,
14137,"Fant, Noah",2023,2023-08-13,add,Waiver Claim,0002,Vet-WW-WW,1,1000,1000,1000,high,
14137,"Fant, Noah",2023,2023-12-17,add,Free Agent Add,0011,Vet-WW-WW,1,1000,1000,1000,high,
14137,"Fant, Noah",2024,2024-08-04,auction,Auction Won,0008,Vet-FAA,3,12000,4000,4000/4000/4000,high,
15799,"Ferguson, Jake",2022,2022-10-23,add,Free Agent Add,0004,,,,,,high,
15799,"Ferguson, Jake",2022,2022-11-04,drop,Dropped (waiver),0004,,,,,,high,
15799,"Ferguson, Jake",2023,2023-08-02,auction,Auction Won,0010,Vet-FAA,2,2000,1000,1000/1000,low,
15799,"Ferguson, Jake",2024,2024,extension,Extension,0010,Vet-Ext1,2,12000,1000,1000/11000,high,"src_contracts:2024:extension_flag; ci=CL 2| TCV 12K| AAV 1K/ 11K| Y1-1, Y2-11| Ext: Blake"
15799,"Ferguson, Jake",2025,2025,extension,Extension,0008,Vet-Ext2,2,32000,11000,11000/21000,high,"src_contracts:2025:extension_flag; ci=CL 2| TCV 32K| AAV 11K, 21K| Y1-11, Y2-21| Ext: Blake, UW"
15799,"Ferguson, Jake",2025,2025-05-17,trade,Traded,0008,Vet-BL,2,32000,11000,11000/21000,high,
15799,"Ferguson, Jake",2025,2025-11-27,trade,Traded,0001,Vet-BL,2,32000,11000,11000/21000,high,
17107,"Ferguson, Terrance",2025,2025-05-25,draft,Rookie Draft,Blake Bombers,,,,,,high,
17107,"Ferguson, Terrance",2025,2025-05-25,contract,Rookie Contract,Blake Bombers,Rookie-Draft,3,6000,2000,2000/2000/2000,high,
16190,"Flowers, Zay",2023,2023-05-28,draft,Rookie Draft,HammerTime 🔨 ⏰,,,,,,high,
16190,"Flowers, Zay",2023,2023-05-28,contract,Rookie Contract,HammerTime 🔨 ⏰,Rookie-Draft,3,15000,5000,5000/5000/5000,high,
16190,"Flowers, Zay",2024,2024-10-31,trade,Traded,0003,Rookie,3,15000,5000,5000/5000/5000,low,
16190,"Flowers, Zay",2025,2025,extension,Extension,0004,Vet-Ext1,3,55000,5000,5000/25000/25000,high,"src_contracts:2025:extension_flag; ci=CL 3| TCV 55K| AAV 5K, 25K| Y1-5, Y2-25, Y3-25| Ext: GRide | extender_fix:was_fr=0004_per_ci_Ext_token"
16190,"Flowers, Zay",2025,2025-08-27,trade,Traded,0004,Vet,3,55000,5000,5000/25000/25000,high,
16619,"Franklin, Troy",2024,2024-05-26,draft,Rookie Draft,HammerTime 🔨 ⏰,,,,,,high,
16619,"Franklin, Troy",2024,2024-05-26,contract,Rookie Contract,HammerTime 🔨 ⏰,Rookie-Draft,3,15000,5000,5000/5000/5000,high,
17037,"Gabriel, Dillon",2025,2025-05-25,draft,Rookie Draft,L.A. Looks,,,,,,high,
17037,"Gabriel, Dillon",2025,2025-05-25,contract,Rookie Contract,L.A. Looks,Rookie-Draft,3,6000,2000,2000/2000/2000,high,
17037,"Gabriel, Dillon",2025,2025-11-22,trade,Traded,0002,Rookie,3,6000,2000,2000/2000/2000,low,
17099,"Gadsden, Oronde",2025,2025-08-08,auction,Auction Won,0007,Rookie-FAA,3,12000,4000,4000/4000/4000,low,
13198,"Garrett, Myles",2017,2017-06-17,draft,Rookie Draft,C'mon Son,,,,,,high,
13198,"Garrett, Myles",2017,2017-06-17,contract,Rookie Contract,C'mon Son,Rookie-Draft,3,15000,5000,5000/5000/5000,high,
13198,"Garrett, Myles",2020,2020-05-12,extension,Extension,0002,Vet-Ext1,2,20000,10000,10000/10000,low,contract_transaction_log:2020 Contract_Transaction_Log.xlsx
13198,"Garrett, Myles",2021,2021-06-21,trade,Traded,0001,Vet,2,20000,10000,10000/10000,low,
13198,"Garrett, Myles",2022,2022-05-09,auction,Auction Won,0001,Vet-ERA,1,11000,11000,11000,high,
13198,"Garrett, Myles",2023,2023-08-03,auction,Auction Won,0007,Vet-FAA,1,13000,13000,13000,high,
13198,"Garrett, Myles",2024,2024-07-30,auction,Auction Won,0004,Vet-FAA-FL,2,18000,14000,14000/4000,high,
13198,"Garrett, Myles",2026,2026-05-17,tag,Tagged (DEFENSE),0004,,,,,,high,
16162,"Gibbs, Jahmyr",2023,2023-05-28,draft,Rookie Draft,Sex Manther,,,,,,high,
16162,"Gibbs, Jahmyr",2023,2023-05-28,contract,Rookie Contract,Sex Manther,Rookie-Draft,3,33000,11000,11000/11000/11000,high,
16162,"Gibbs, Jahmyr",2025,2025-08-20,trade,Traded,0004,Vet,3,73000,11000,11000/31000/31000,high,
16162,"Gibbs, Jahmyr",2025,2025-08-20,extension,Extension,0004,Vet-Ext1,3,73000,11000,11000/31000/31000,high,"src_contracts:2025:extension_flag; ci=CL 3| TCV 73K| AAV 11K, 31K| Y1-11K, Y2-31K, Y3-31K| Ext: Se | discord:contract_activity:2025-08-20:sexmanther: ""Extend Gibbs 2yrs per trade"""
17060,"Giddens, DJ",2025,2025-05-25,draft,Rookie Draft,Gride,,,,,,high,
17060,"Giddens, DJ",2025,2025-05-25,contract,Rookie Contract,Gride,Rookie-Draft,3,6000,2000,2000/2000/2000,high,
13163,"Godwin, Chris",2017,2017-06-17,draft,Rookie Draft,White Power,,,,,,high,
13163,"Godwin, Chris",2017,2017-06-17,contract,Rookie Contract,White Power,Rookie-Draft,3,15000,5000,5000/5000/5000,high,
13163,"Godwin, Chris",2019,2019,extension,Extension,0012,Vet-Ext1,3,55000,5000,5000/25000/25000,high,contract_transaction_log:2019_Contract_Tansaction_Log.xlsx
13163,"Godwin, Chris",2022,2022-05-08,auction,Auction Won,0012,Tag,1,43000,43000,43000,low,
13163,"Godwin, Chris",2022,2022-11-23,trade,Traded,0007,Tag,1,43000,43000,43000,low,
13163,"Godwin, Chris",2023,2023-08-01,auction,Auction Won,0003,Vet-FAA,2,54000,27000,27000/27000,low,
13163,"Godwin, Chris",2025,2025-08-04,auction,Auction Won,0010,Vet-FAA,2,20000,10000,10000/10000,low,
13674,"Goedert, Dallas",2018,2018-06-09,draft,Rookie Draft,Cleon Ca$h,,,,,,high,
13674,"Goedert, Dallas",2018,2018-06-09,contract,Rookie Contract,Cleon Ca$h,Rookie-Draft,3,15000,5000,5000/5000/5000,high,
13674,"Goedert, Dallas",2019,2019-10-20,trade,Traded,0008,Rookie,2,10000,5000,5000/5000,low,
13674,"Goedert, Dallas",2020,2020-08-17,trade,Traded,0009,Rookie,1,5000,5000,5000,high,
13674,"Goedert, Dallas",2021,2021-05-20,extension,Extension,0009,Vet-Ext1,2,34000,33000,33000/1000,high,contract_transaction_log:2021_Contract_Transaction_Log.xlsx
13674,"Goedert, Dallas",2023,2023-07-30,auction,Auction Won,0004,Vet-FAA-FL,3,66000,24000,24000/22000/20000,high,
13674,"Goedert, Dallas",2024,2024-10-02,trade,Traded,0012,Vet-FL,3,66000,22000,24000/22000/20000,high,
13674,"Goedert, Dallas",2024,2024-11-10,trade,Traded,0006,Vet-FL,3,66000,22000,24000/22000/20000,high,
13674,"Goedert, Dallas",2025,2025-07-17,trade,Traded,0007,Vet,2,14000,7000,7000/7000,low,
13674,"Goedert, Dallas",2025,2025-08-05,auction,Auction Won,0001,Vet-FAA,2,14000,7000,7000/7000,low,
13674,"Goedert, Dallas",2025,2025-11-27,trade,Traded,0008,Vet,2,14000,7000,7000/7000,low,
17075,"Golden, Matthew",2025,2025-05-25,draft,Rookie Draft,Blake Bombers,,,,,,high,
17075,"Golden, Matthew",2025,2025-05-25,contract,Rookie Contract,Blake Bombers,Rookie-Draft,3,15000,5000,5000/5000/5000,high,
17059,"Gordon, Ollie",2025,2025-05-25,draft,Rookie Draft,The Long Haulers,,,,,,high,
17059,"Gordon, Ollie",2025,2025-05-25,contract,Rookie Contract,The Long Haulers,Rookie-Draft,3,6000,2000,2000/2000/2000,high,
17121,"Graham, Mason",2025,2025-05-25,draft,Rookie Draft,Gride,,,,,,high,
17121,"Graham, Mason",2025,2025-05-25,contract,Rookie Contract,Gride,Rookie-Draft,3,3000,1000,1000/1000/1000,high,
16667,"Gray, Cedric",2024,2024-05-26,draft,Rookie Draft,HammerTime 🔨 ⏰,,,,,,high,
16667,"Gray, Cedric",2024,2024-05-26,contract,Rookie Contract,HammerTime 🔨 ⏰,Rookie-Draft,3,3000,1000,1000/1000/1000,high,
17120,"Green, Mike",2025,2025-05-25,draft,Rookie Draft,L.A. Looks,,,,,,high,
17120,"Green, Mike",2025,2025-05-25,contract,Rookie Contract,L.A. Looks,Rookie-Draft,3,6000,2000,2000/2000/2000,high,
15708,"Hall, Breece",2022,2022-06-25,draft,Rookie Draft,Blake Bombers,,,,,,high,
15708,"Hall, Breece",2022,2022-06-25,contract,Rookie Contract,Blake Bombers,Rookie-Draft,3,45000,15000,15000/15000/15000,high,
15708,"Hall, Breece",2025,2025-05-17,trade,Traded,0008,Vet,2,70000,35000,35000/35000,high,
15708,"Hall, Breece",2025,2025-05-17,extension,Extension,0008,Vet-Ext1,2,70000,35000,35000/35000,high,"src_contracts:2025:extension_flag; ci=CL 2| TCV 70K| AAV 35K, 35K| Y1-35K, Y2-35K| Ext: Blake | discord_bot:2025-05-17:Unknown Team (Keith/Real Deal Creel): TCV=$70000 years=2 gtd=$52500 — Keith confirmed franchise assignment 2026-05-24"
15708,"Hall, Breece",2025,2025-11-13,trade,Traded,0009,Vet,2,70000,35000,35000/35000,high,
17044,"Hampton, Omarion",2025,2025-05-25,draft,Rookie Draft,Blake Bombers,,,,,,high,
17044,"Hampton, Omarion",2025,2025-05-25,contract,Rookie Contract,Blake Bombers,Rookie-Draft,3,39000,13000,13000/13000/13000,high,
17072,"Harris, Tre",2025,2025-05-25,draft,Rookie Draft,Cleon Ca$h,,,,,,high,
17072,"Harris, Tre",2025,2025-05-25,contract,Rookie Contract,Cleon Ca$h,Rookie-Draft,3,15000,5000,5000/5000/5000,high,
16614,"Harrison Jr., Marvin",2024,2024-05-26,draft,Rookie Draft,Real Deal Creel,,,,,,high,
16614,"Harrison Jr., Marvin",2024,2024-05-26,contract,Rookie Contract,Real Deal Creel,Rookie-Draft,3,42000,14000,14000/14000/14000,high,
17068,"Harvey, RJ",2025,2025-05-25,draft,Rookie Draft,Hawks,,,,,,high,
17068,"Harvey, RJ",2025,2025-05-25,contract,Rookie Contract,Hawks,Rookie-Draft,3,33000,11000,11000/11000/11000,high,
17043,"Henderson, TreVeyon",2025,2025-05-25,draft,Rookie Draft,Real Deal Creel,,,,,,high,
17043,"Henderson, TreVeyon",2025,2025-05-25,contract,Rookie Contract,Real Deal Creel,Rookie-Draft,3,36000,12000,12000/12000/12000,high,
13284,"Hendrickson, Trey",2020,2020-09-20,add,Free Agent Add,0007,,,,,,high,
13284,"Hendrickson, Trey",2020,2020-10-07,add,Waiver Claim,0012,,,,,,high,
13284,"Hendrickson, Trey",2020,2020-10-17,add,Waiver Claim,0006,,,,,,high,
13284,"Hendrickson, Trey",2020,2020-11-08,add,Free Agent Add,0002,,,,,,high,
13284,"Hendrickson, Trey",2020,2020-11-21,trade,Traded,0007,,,,,,high,
13284,"Hendrickson, Trey",2021,2021-09-05,add,Waiver Claim,0004,Vet-WW-WW,1,4000,4000,4000,low,
13284,"Hendrickson, Trey",2021,2021-09-30,add,Waiver Claim,0010,Vet-WW-WW,1,4000,4000,4000,low,
13284,"Hendrickson, Trey",2022,2022-08-03,auction,Auction Won,0002,Vet-FAA-WW,1,1000,1000,1000,low,
13284,"Hendrickson, Trey",2022,2022-08-18,dispersal,Dispersal,0005,Vet-WW,1,1000,1000,1000,low,
13284,"Hendrickson, Trey",2022,2022-12-24,drop,Dropped,0005,,,,,,high,
13284,"Hendrickson, Trey",2023,2023-08-04,auction,Auction Won,0009,Vet-FAA,1,1000,1000,1000,low,
13284,"Hendrickson, Trey",2024,2024-07-29,auction,Auction Won,0009,Vet-FAA,1,3000,3000,3000,low,
13284,"Hendrickson, Trey",2025,2025-08-07,auction,Auction Won,0010,Vet-FAA,2,6000,3000,3000/3000,low,
16280,"Henley, Daiyan",2023,2023-05-28,draft,Rookie Draft,HammerTime 🔨 ⏰,,,,,,high,
16280,"Henley, Daiyan",2023,2023-05-28,contract,Rookie Contract,HammerTime 🔨 ⏰,Rookie-Draft,3,3000,1000,1000/1000/1000,high,
16280,"Henley, Daiyan",2024,2024-07-31,auction,Auction Won,0003,Vet-FAA,1,1000,1000,1000,high,
16280,"Henley, Daiyan",2025,2025-08-05,auction,Auction Won,0010,Vet-FAA,2,4000,2000,2000/2000,low,
12626,"Henry, Derrick",2016,2016-07-10,draft,Rookie Draft,BTNH,,,,,,high,
12626,"Henry, Derrick",2019,2019,extension,Extension,0004,Vet-Ext1,2,58000,29000,29000/29000,low,contract_transaction_log:2019_Contract_Tansaction_Log.xlsx
12626,"Henry, Derrick",2020,2020-09-16,trade,Traded,0010,Vet,3,127000,29000,29000/49000/49000,high,
12626,"Henry, Derrick",2020,2020-09-17,extension,Extension,0004,Vet-Ext2,3,127000,29000,29000/49000/49000,high,contract_transaction_log:2020 Contract_Transaction_Log.xlsx
12626,"Henry, Derrick",2021,2021-09-24,trade,Traded,0004,Vet,3,127000,49000,29000/49000/49000,high,
12626,"Henry, Derrick",2023,2023-08-04,auction,Auction Won,0008,Vet-FAA,1,94000,94000,94000,high,
12626,"Henry, Derrick",2024,2024-07-30,auction,Auction Won,0003,Vet-FAA-BL,2,68000,18000,18000/50000,high,
12626,"Henry, Derrick",2024,2024-10-24,trade,Traded,0004,Vet-BL,2,68000,18000,18000/50000,high,
12626,"Henry, Derrick",2024,2024-11-12,trade,Traded,0008,Vet-BL,2,68000,18000,18000/50000,high,
12626,"Henry, Derrick",2025,2025,extension,Extension,0006,Vet-Ext1,2,94000,50000,50000/44000,high,"src_contracts:2025:extension_flag; ci=CL 2| TCV 94K| AAV 34K, 44K |Y1-50 Y2-44| Ext: LH"
12626,"Henry, Derrick",2025,2025-03-11,trade,Traded,0006,Vet-FL,2,94000,50000,50000/44000,high,
14779,"Herbert, Justin",2020,2020-06-01,draft,Rookie Draft,Good in Da Hood,,,,,,high,
14779,"Herbert, Justin",2020,2020-06-01,contract,Rookie Contract,Good in Da Hood,Rookie-Draft,3,6000,2000,2000/2000/2000,high,
14779,"Herbert, Justin",2023,2023,extension,Extension,0006,Vet-Ext1,2,44000,22000,22000/22000,low,src_contracts:2023:extension_flag; ci=CL 2| TCV 44K| AAV 22K| No Further Extension Allowed
14779,"Herbert, Justin",2023,2023-03-29,dispersal,Dispersal,0002,Vet,2,44000,22000,22000/22000,low,
14779,"Herbert, Justin",2023,2023-04-22,trade,Traded,0006,Vet,2,44000,22000,22000/22000,low,
14779,"Herbert, Justin",2023,2023-10-06,trade,Traded,0010,Vet,2,44000,22000,22000/22000,low,
14779,"Herbert, Justin",2024,2024-09-21,trade,Traded,0003,Vet,2,44000,22000,22000/22000,low,
14779,"Herbert, Justin",2024,2024-10-31,trade,Traded,0005,Vet,2,44000,22000,22000/22000,low,
14779,"Herbert, Justin",2025,2025-08-04,auction,Auction Won,0011,Vet-FAA-FL,3,153000,61000,61000/51000/41000,high,
17083,"Higgins, Jayden",2025,2025-05-25,draft,Rookie Draft,Sex Manther,,,,,,high,
17083,"Higgins, Jayden",2025,2025-05-25,contract,Rookie Contract,Sex Manther,Rookie-Draft,3,15000,5000,5000/5000/5000,high,
14835,"Higgins, Tee",2020,2020-06-01,draft,Rookie Draft,Run CMC,,,,,,high,
14835,"Higgins, Tee",2020,2020-06-01,contract,Rookie Contract,Run CMC,Rookie-Draft,3,21000,7000,7000/7000/7000,high,
14835,"Higgins, Tee",2021,2021-06-20,trade,Traded,0006,Rookie,3,21000,7000,7000/7000/7000,low,
14835,"Higgins, Tee",2023,2023,extension,Extension,0006,Vet-Ext1,2,54000,27000,27000/27000,low,src_contracts:2023:extension_flag; ci=CL 2| TCV 54K| AAV 27K| Ext: Mafia
14835,"Higgins, Tee",2024,2024,extension,Extension,0006,Vet-Ext2,2,64000,63000,63000/1000,high,"src_contracts:2024:extension_flag; ci=CL 2| TCV 64K| AAV 27K/37K| Y1-63, Y2-1| Ext: Mafia, LH"
14835,"Higgins, Tee",2024,2024-11-27,trade,Traded,0009,Vet-FL,2,64000,63000,63000/1000,high,
14835,"Higgins, Tee",2025,2025-08-14,extension,Extension,0009,Vet-Ext3,2,48000,24000,24000/24000,high,"src_contracts:2025:extension_flag; ci=CL 2| TCV 48K| AAV 37K, 47K| Y1-24, Y2-24| Ext: Mafia, LH, C | discord:discord_contract_activity:2025-08-14:papabear4110: ""Extend Tee Higgins 1 year so 1,47 and then restructure 24,24. Should be my 2nd "
12801,"Hill, Tyreek",2017,2017,contract,Original Contract,Sex Manther,STANDARD,2,2000,1000,1000/1000,low,
12801,"Hill, Tyreek",2018,2018,extension,Extension,0007,Vet-Ext1,3,43000,14000,14000/14000/15000,high,"src_contracts:2018:extension_flag; ci=Restructure Ext. Manther 18 - 20 [14K, 14K,15K]  (AAV 1K)"
12801,"Hill, Tyreek",2019,2019-05-03,trade,Traded,0002,Vet-BL,2,29000,14000,14000/15000,high,
12801,"Hill, Tyreek",2020,2020-05-03,trade,Traded,0006,FL,3,97000,21000,21000/38000/38000,high,
12801,"Hill, Tyreek",2020,2020-05-16,extension,Extension,0006,Vet-Ext2,3,97000,21000,21000/38000/38000,high,contract_transaction_log:2020 Contract_Transaction_Log.xlsx
12801,"Hill, Tyreek",2023,2023-03-29,dispersal,Dispersal,0002,Tag,1,51000,51000,51000,low,
12801,"Hill, Tyreek",2023,2023-05-14,auction,Auction Won,0002,Tag,1,51000,51000,51000,low,
12801,"Hill, Tyreek",2024,2024-07-29,auction,Auction Won,0007,BL,3,183000,41000,41000/71000/71000,high,
14138,"Hockenson, T.J.",2019,2019-06-10,draft,Rookie Draft,C-Town Chivalry,,,,,,high,
14138,"Hockenson, T.J.",2019,2019-06-10,contract,Rookie Contract,C-Town Chivalry,Rookie-Draft,3,24000,8000,8000/8000/8000,high,
14138,"Hockenson, T.J.",2020,2020-11-25,trade,Traded,0004,Rookie,2,16000,8000,8000/8000,low,
14138,"Hockenson, T.J.",2022,2022,extension,Extension,0004,Vet-Ext1,2,40000,20000,20000/20000,low,contract_transaction_log:Contract_Transaction_Log.xlsx
14138,"Hockenson, T.J.",2022,2022-10-15,trade,Traded,0007,Vet,2,40000,20000,20000/20000,low,
14138,"Hockenson, T.J.",2023,2023,extension,Extension,0007,Vet-Ext2,3,84000,20000,20000/32000/32000,high,"src_contracts:2023:extension_flag; ci=CL 3| TCV 84K| AAV 20K, 32K| Y1-20K, Y2-32K, Y3-32K| Ext: PG"
14138,"Hockenson, T.J.",2024,2024-05-25,trade,Traded,0010,Vet-BL,2,64000,13000,13000/51000,high,
14138,"Hockenson, T.J.",2025,2025-10-02,trade,Traded,0006,Vet-WW,1,11000,11000,11000,high,
14138,"Hockenson, T.J.",2025,2025-12-20,add,Waiver Claim,0005,Vet-WW-WW,1,11000,11000,11000,high,
17098,"Horton, Tory",2025,2025-05-25,draft,Rookie Draft,Pure Greatness,,,,,,high,
17098,"Horton, Tory",2025,2025-05-25,contract,Rookie Contract,Pure Greatness,Rookie-Draft,3,6000,2000,2000/2000/2000,high,
17036,"Howard, Will",2025,2025-05-25,draft,Rookie Draft,CBP,,,,,,high,
17036,"Howard, Will",2025,2025-05-25,contract,Rookie Contract,CBP,Rookie-Draft,3,6000,2000,2000/2000/2000,high,
17064,"Hunter, Jarquez",2025,2025-05-25,draft,Rookie Draft,Blake Bombers,,,,,,high,
17064,"Hunter, Jarquez",2025,2025-05-25,contract,Rookie Contract,Blake Bombers,Rookie-Draft,3,6000,2000,2000/2000/2000,high,
17074,"Hunter, Travis",2025,2025-05-25,draft,Rookie Draft,Sex Manther,,,,,,high,
17074,"Hunter, Travis",2025,2025-05-25,contract,Rookie Contract,Sex Manther,Rookie-Draft,3,42000,14000,14000/14000/14000,high,
14783,"Hurts, Jalen",2020,2020-06-01,draft,Rookie Draft,Gride,,,,,,high,
14783,"Hurts, Jalen",2020,2020-06-01,contract,Rookie Contract,Gride,Rookie-Draft,3,6000,2000,2000/2000/2000,high,
14783,"Hurts, Jalen",2023,2023,extension,Extension,0003,Vet-Ext1,2,44000,22000,22000/22000,low,src_contracts:2023:extension_flag; ci=CL 2| TCV 44K| AAV 22K|Ext: Gride
14783,"Hurts, Jalen",2023,2023-11-15,trade,Traded,0005,Vet,2,44000,22000,22000/22000,low,
14783,"Hurts, Jalen",2024,2024,extension,Extension,0005,Vet-Ext2,3,106000,22000,22000/42000/42000,high,"src_contracts:2024:extension_flag; ci=CL 3| TCV 106K| AAV 22K/42K| Y1-22K, Y2-42K, Y3-42K| Ext: Gr"
14783,"Hurts, Jalen",2026,2026-04-09,trade,Traded,0006,,,,,,high,
16598,"Irving, Bucky",2024,2024-05-26,draft,Rookie Draft,Pure Greatness,,,,,,high,
16598,"Irving, Bucky",2024,2024-05-26,contract,Rookie Contract,Pure Greatness,Rookie-Draft,3,6000,2000,2000/2000/2000,high,
17055,"James, Jordan",2025,2025-05-25,draft,Rookie Draft,Sex Manther,,,,,,high,
17055,"James, Jordan",2025,2025-05-25,contract,Rookie Contract,Sex Manther,Rookie-Draft,3,6000,2000,2000/2000/2000,high,
17042,"Jeanty, Ashton",2025,2025-05-25,draft,Rookie Draft,Pure Greatness,,,,,,high,
17042,"Jeanty, Ashton",2025,2025-05-25,contract,Rookie Contract,Pure Greatness,Rookie-Draft,3,45000,15000,15000/15000/15000,high,
14836,"Jefferson, Justin",2020,2020-06-01,draft,Rookie Draft,Sex Manther,,,,,,high,
14836,"Jefferson, Justin",2020,2020-06-01,contract,Rookie Contract,Sex Manther,Rookie-Draft,3,24000,8000,8000/8000/8000,high,
14836,"Jefferson, Justin",2023,2023,extension,Extension,0007,Vet-Ext1,2,56000,28000,28000/28000,low,src_contracts:2023:extension_flag; ci=CL 2| TCV 56K| AAV 28K| Ext:  Sex
14836,"Jefferson, Justin",2024,2024,extension,Extension,0005,Vet-Ext2,3,124000,28000,28000/48000/48000,high,"src_contracts:2024:extension_flag; ci=CL 3| TCV 124K| AAV 28K/48K| Y1-28K, Y2-48K, Y3-48K| Ext:  S"
14836,"Jefferson, Justin",2024,2024-03-13,trade,Traded,0005,Vet,3,124000,28000,28000/48000/48000,high,
14836,"Jefferson, Justin",2025,2025-02-24,trade,Traded,0008,Vet-BL,2,96000,25000,25000/71000,high,
14836,"Jefferson, Justin",2025,2025-11-11,trade,Traded,0004,Vet-BL,2,96000,25000,25000/71000,high,
14860,"Jennings, Jauan",2024,2024-08-02,auction,Auction Won,0011,Vet-FAA-BL,2,12000,1000,1000/11000,high,
14860,"Jennings, Jauan",2024,2024-11-28,trade,Traded,0008,Vet-BL,2,12000,1000,1000/11000,high,
14860,"Jennings, Jauan",2025,2025-11-27,trade,Traded,0001,Vet-BL,2,12000,11000,1000/11000,high,
14833,"Jeudy, Jerry",2020,2020-06-01,draft,Rookie Draft,The Bash Bros,,,,,,high,
14833,"Jeudy, Jerry",2020,2020-06-01,contract,Rookie Contract,The Bash Bros,Rookie-Draft,3,30000,10000,10000/10000/10000,high,
14833,"Jeudy, Jerry",2021,2021-10-28,trade,Traded,0003,Rookie,3,30000,10000,10000/10000/10000,low,
14833,"Jeudy, Jerry",2023,2023,extension,Extension,0001,Vet-Ext1,1,20000,20000,20000,high,src_contracts:2023:extension_flag; ci=CL 1| TCV 20K| AAV 20K|Ext: GRide | extender_fix:was_fr=0001_per_ci_Ext_token
14833,"Jeudy, Jerry",2023,2023-04-26,trade,Traded,0001,Vet,1,20000,20000,20000,high,
14833,"Jeudy, Jerry",2023,2023-10-27,trade,Traded,0006,Vet,1,20000,20000,20000,high,
14833,"Jeudy, Jerry",2024,2024-07-29,auction,Auction Won,0011,FL,3,9000,7000,7000/1000/1000,high,
17048,"Johnson, Kaleb",2025,2025-05-25,draft,Rookie Draft,Hawks,,,,,,high,
17048,"Johnson, Kaleb",2025,2025-05-25,contract,Rookie Contract,Hawks,Rookie-Draft,3,18000,6000,6000/6000/6000,high,
16175,"Johnson, Roschon",2023,2023-05-28,draft,Rookie Draft,Gride,,,,,,high,
16175,"Johnson, Roschon",2023,2023-05-28,contract,Rookie Contract,Gride,Rookie-Draft,3,15000,5000,5000/5000/5000,high,
16175,"Johnson, Roschon",2023,2023-08-04,trade,Traded,0009,Rookie,3,15000,5000,5000/5000/5000,low,
16175,"Johnson, Roschon",2025,2025-08-09,auction,Auction Won,0005,Vet-FAA,3,12000,4000,4000/4000/4000,low,
16175,"Johnson, Roschon",2025,2025-08-23,trade,Traded,0006,Vet,3,12000,4000,4000/4000/4000,low,
16649,"Johnson, Theo",2024,2024-08-01,auction,Auction Won,0007,Rookie-FAA,3,15000,5000,5000/5000/5000,high,
16649,"Johnson, Theo",2025,2025-10-14,trade,Traded,0006,Rookie,3,15000,5000,5000/5000/5000,high,
16188,"Johnston, Quentin",2023,2023-05-28,draft,Rookie Draft,Gride,,,,,,high,
16188,"Johnston, Quentin",2023,2023-05-28,contract,Rookie Contract,Gride,Rookie-Draft,3,24000,8000,8000/8000/8000,high,
16188,"Johnston, Quentin",2024,2024-10-19,trade,Traded,0004,Rookie,3,24000,8000,8000/8000/8000,low,
16188,"Johnston, Quentin",2026,2026-05-07,trade,Traded,0006,,,,,,high,
15868,"Jones, Marcus",2022,2022-12-11,add,Free Agent Add,0004,,,,,,high,
15868,"Jones, Marcus",2024,2024-11-23,add,Waiver Claim,0012,—,,,,,high,
17051,"Judkins, Quinshon",2025,2025-05-25,draft,Rookie Draft,HammerTime 🔨 ⏰,,,,,,high,
17051,"Judkins, Quinshon",2025,2025-05-25,contract,Rookie Contract,HammerTime 🔨 ⏰,Rookie-Draft,3,24000,8000,8000/8000/8000,high,
17051,"Judkins, Quinshon",2025,2025-08-07,trade,Traded,0010,Rookie,3,24000,8000,8000/8000/8000,low,
15808,"Karlaftis, George",2022,2022-06-25,draft,Rookie Draft,Hawks,,,,,,high,
15808,"Karlaftis, George",2022,2022-06-25,contract,Rookie Contract,Hawks,Rookie-Draft,3,6000,2000,2000/2000/2000,high,
15808,"Karlaftis, George",2025,2025-05-25,auction,Auction Won,0008,Vet-ERA,3,3000,1000,1000/1000/1000,low,
16213,"Kincaid, Dalton",2023,2023-05-28,draft,Rookie Draft,Sex Manther,,,,,,high,
16213,"Kincaid, Dalton",2023,2023-05-28,contract,Rookie Contract,Sex Manther,Rookie-Draft,3,27000,9000,9000/9000/9000,high,
16213,"Kincaid, Dalton",2024,2024-10-30,trade,Traded,0004,Rookie,3,27000,9000,9000/9000/9000,low,
16213,"Kincaid, Dalton",2025,2025,extension,Extension,0004,Vet-Ext1,3,67000,9000,9000/29000/29000,high,"src_contracts:2025:extension_flag; ci=CL 3| TCV 67K| AAV 9K, 29K| Ext: PG"
16213,"Kincaid, Dalton",2025,2025-11-12,trade,Traded,0012,Vet,3,67000,9000,9000/29000/29000,high,
13299,"Kittle, George",2017,2017-06-17,draft,Rookie Draft,Blake Bombers,,,,,,high,
13299,"Kittle, George",2017,2017-06-17,contract,Rookie Contract,Blake Bombers,Rookie-Draft,3,6000,2000,2000/2000/2000,high,
13299,"Kittle, George",2020,2020-05-08,extension,Extension,0004,Vet-Ext1,2,28000,14000,14000/14000,low,contract_transaction_log:2020 Contract_Transaction_Log.xlsx
13299,"Kittle, George",2020,2020-09-18,trade,Traded,0007,Vet,2,28000,14000,14000/14000,low,
13299,"Kittle, George",2021,2021-05-31,extension,Extension,0007,Vet-Ext2,3,66000,29000,29000/20000/17000,high,contract_transaction_log:2021_Contract_Transaction_Log.xlsx
13299,"Kittle, George",2021,2021-10-08,trade,Traded,0010,Vet-FL,3,66000,29000,29000/20000/17000,high,
13299,"Kittle, George",2022,2022-10-15,trade,Traded,0008,Vet-FL,3,66000,20000,29000/20000/17000,high,
13299,"Kittle, George",2023,2023,extension,Extension,0003,Vet-Ext3,2,49000,17000,17000/32000,high,"src_contracts:2023:extension_flag; ci=CL 2| TCV 49K| AAV 26K, 32K| Y1-17 Y2-32| Ext: PG, Sex, GRid"
13299,"Kittle, George",2023,2023-05-28,trade,Traded,0003,Vet-BL,2,49000,17000,17000/32000,high,
13299,"Kittle, George",2024,2024-11-06,trade,Traded,0002,Vet-BL,2,49000,32000,17000/32000,high,
13299,"Kittle, George",2025,2025-08-04,auction,Auction Won,0007,Vet-FAA,2,58000,29000,29000/29000,low,
14867,"Kmet, Cole",2020,2020-06-01,draft,Rookie Draft,Pure Greatness,,,,,,high,
14867,"Kmet, Cole",2020,2020-06-01,contract,Rookie Contract,Pure Greatness,Rookie-Draft,3,6000,2000,2000/2000/2000,high,
14867,"Kmet, Cole",2021,2021-10-28,trade,Traded,0008,Rookie,3,6000,2000,2000/2000/2000,low,
14867,"Kmet, Cole",2022,2022,extension,Extension,0008,Vet-Ext1,2,10000,2000,2000/8000,high,contract_transaction_log:Contract_Transaction_Log.xlsx
14867,"Kmet, Cole",2022,2022-11-23,trade,Traded,0002,Rookie,2,10000,2000,2000/8000,high,
14867,"Kmet, Cole",2023,2023-04-19,trade,Traded,0004,Vet-BL,2,10000,8000,2000/8000,high,
14867,"Kmet, Cole",2023,2023-05-16,trade,Traded,0001,Vet-BL,2,10000,8000,2000/8000,high,
14867,"Kmet, Cole",2024,2024-08-01,auction,Auction Won,0001,FL,3,27000,20000,20000/1000/6000,high,
14867,"Kmet, Cole",2025,2025-08-27,trade,Traded,0002,FL,3,27000,1000,20000/1000/6000,high,
16222,"Kraft, Tucker",2023,2023-05-28,draft,Rookie Draft,Cleon Ca$h,,,,,,high,
16222,"Kraft, Tucker",2023,2023-05-28,contract,Rookie Contract,Cleon Ca$h,Rookie-Draft,3,6000,2000,2000/2000/2000,high,
16214,"LaPorta, Sam",2023,2023-05-28,draft,Rookie Draft,C-Town Chivalry,,,,,,high,
16214,"LaPorta, Sam",2023,2023-05-28,contract,Rookie Contract,C-Town Chivalry,Rookie-Draft,3,15000,5000,5000/5000/5000,high,
15923,"Lake, Quentin",2024,2024-10-05,add,Waiver Claim,0008,,,,,,high,
15923,"Lake, Quentin",2024,2024-11-07,add,Waiver Claim,0009,,,,,,high,
14832,"Lamb, CeeDee",2020,2020-06-01,draft,Rookie Draft,Ulterior Warrior,,,,,,high,
14832,"Lamb, CeeDee",2020,2020-06-01,contract,Rookie Contract,Ulterior Warrior,Rookie-Draft,3,36000,12000,12000/12000/12000,high,
14832,"Lamb, CeeDee",2023,2023,extension,Extension,0001,Vet-Ext1,2,64000,20000,20000/44000,high,src_contracts:2023:extension_flag; ci=CL 2| TCV 64K| AAV 32K| Y1- 20K Y2- 44K| Ext: UW
14832,"Lamb, CeeDee",2024,2024,extension,Extension,0001,Vet-Ext2,3,172000,44000,44000/64000/64000,high,"src_contracts:2024:extension_flag; ci=CL 3| TCV 172K| AAV 44K| Y1- 44K Y2- 64K Y3- 64K| Ext: UW, C"
14832,"Lamb, CeeDee",2024,2024-11-28,trade,Traded,0011,Vet,3,172000,44000,44000/64000/64000,high,
17205,"Lambert-Smith, KeAndre",2025,2025-08-11,auction,Auction Won,0010,,,,,,high,
17205,"Lambert-Smith, KeAndre",2025,2025-12-25,add,Waiver Claim,0006,,,,,,high,
17184,"Lane, Jaylin",2025,2025-05-25,draft,Rookie Draft,Hawks,,,,,,high,
17184,"Lane, Jaylin",2025,2025-05-25,contract,Rookie Contract,Hawks,Rookie-Draft,3,6000,2000,2000/2000/2000,high,
16651,"Latu, Laiatu",2024,2024-05-26,draft,Rookie Draft,Ulterior Warrior,,,,,,high,
16651,"Latu, Laiatu",2024,2024-05-26,contract,Rookie Contract,Ulterior Warrior,Rookie-Draft,3,6000,2000,2000/2000/2000,high,
16613,"Laube, Dylan",2024,2024-05-26,draft,Rookie Draft,HammerTime 🔨 ⏰,,,,,,high,
16613,"Laube, Dylan",2024,2024-05-26,contract,Rookie Contract,HammerTime 🔨 ⏰,Rookie-Draft,3,6000,2000,2000/2000/2000,high,
15237,"Lawrence, Trevor",2021,2021-06-20,draft,Rookie Draft,Good in Da Hood,,,,,,high,
15237,"Lawrence, Trevor",2021,2021-06-20,contract,Rookie Contract,Good in Da Hood,Rookie-Draft,3,27000,9000,9000/9000/9000,high,
15237,"Lawrence, Trevor",2023,2023-03-29,trade,Traded,0005,Rookie,3,27000,9000,9000/9000/9000,low,
15237,"Lawrence, Trevor",2024,2024,extension,Extension,0009,Vet-Ext1,2,58000,47000,47000/11000,high,"src_contracts:2024:extension_flag; ci=CL 2| TCV 58K| AAV 29K| Y1-47, Y2-11| No Further Extension A"
15237,"Lawrence, Trevor",2024,2024-03-13,trade,Traded,0007,Vet-FL,2,58000,47000,47000/11000,high,
15237,"Lawrence, Trevor",2024,2024-05-26,trade,Traded,0009,Vet-FL,2,58000,47000,47000/11000,high,
15237,"Lawrence, Trevor",2024,2024-11-27,trade,Traded,0006,Vet-FL,2,58000,47000,47000/11000,high,
16639,"Legette, Xavier",2024,2024-05-26,draft,Rookie Draft,Blake Bombers,,,,,,high,
16639,"Legette, Xavier",2024,2024-05-26,contract,Rookie Contract,Blake Bombers,Rookie-Draft,3,6000,2000,2000/2000/2000,high,
16639,"Legette, Xavier",2024,2024-11-12,trade,Traded,0004,Rookie,3,6000,2000,2000/2000/2000,low,
16149,"Levis, Will",2023,2023-05-28,draft,Rookie Draft,The Main Event Mafia,,,,,,high,
16149,"Levis, Will",2023,2023-05-28,contract,Rookie Contract,The Main Event Mafia,Rookie-Draft,3,18000,6000,6000/6000/6000,high,
16149,"Levis, Will",2026,2026-05-27,auction,Auction Won,0006,,,,,,high,
16604,"Lloyd, MarShawn",2024,2024-05-26,draft,Rookie Draft,Sex Manther,,,,,,high,
16604,"Lloyd, MarShawn",2024,2024-05-26,contract,Rookie Contract,Sex Manther,Rookie-Draft,3,15000,5000,5000/5000/5000,high,
15751,"London, Drake",2022,2022-06-25,draft,Rookie Draft,Gride,,,,,,high,
15751,"London, Drake",2022,2022-06-25,contract,Rookie Contract,Gride,Rookie-Draft,3,39000,13000,13000/13000/13000,high,
15751,"London, Drake",2023,2023-05-28,trade,Traded,0010,Rookie,3,39000,13000,13000/13000/13000,low,
15751,"London, Drake",2023,2023-09-21,trade,Traded,0004,Rookie,3,39000,13000,13000/13000/13000,low,
15751,"London, Drake",2024,2024,extension,Extension,0004,Vet-Ext1,3,79000,13000,13000/33000/33000,high,"src_contracts:2024:extension_flag; ci=CL 3| TCV 79K| AAV 13K/33K| Y1-13, Y2-33, Y3-33| Ext: PG"
15751,"London, Drake",2024,2024-09-12,trade,Traded,0009,Rookie,3,79000,13000,13000/33000/33000,high,
14782,"Love, Jordan",2020,2020-06-01,draft,Rookie Draft,Blake Bombers,,,,,,high,
14782,"Love, Jordan",2020,2020-06-01,contract,Rookie Contract,Blake Bombers,Rookie-Draft,3,6000,2000,2000/2000/2000,high,
14782,"Love, Jordan",2022,2022-08-07,auction,Auction Won,0003,Vet-FAA,3,3000,1000,1000/1000/1000,low,
14782,"Love, Jordan",2023,2023-04-04,trade,Traded,0007,Vet,3,3000,1000,1000/1000/1000,low,
14782,"Love, Jordan",2023,2023-11-03,trade,Traded,0004,Vet,3,3000,1000,1000/1000/1000,low,
14782,"Love, Jordan",2024,2024,extension,Extension,0004,Vet-Ext1,3,43000,1000,1000/21000/21000,high,"src_contracts:2024:extension_flag; ci=CL 3| TCV 43K| AAV 1K/21K| Y1-1, Y2-21, Y3-21| Ext: PG"
14782,"Love, Jordan",2024,2024-09-17,trade,Traded,0002,Vet,3,43000,1000,1000/21000/21000,high,
14179,"Love, Julian",2019,2019-12-04,add,Waiver Claim,0006,,,,,,high,
14179,"Love, Julian",2020,2020-10-04,add,Waiver Claim,0007,—,,,,,high,
14179,"Love, Julian",2020,2020-10-14,drop,Dropped (waiver),0007,,,,,,high,
14179,"Love, Julian",2022,2022-09-22,add,Waiver Claim,0008,,,,,,high,
14179,"Love, Julian",2022,2022-10-08,add,Waiver Claim,0004,,,,,,high,
14179,"Love, Julian",2023,2023-07-31,auction,Auction Won,0007,Vet-FAA,1,1000,1000,1000,low,
14179,"Love, Julian",2023,2023-08-13,add,Waiver Claim,0002,Vet-WW,1,1000,1000,1000,low,
14179,"Love, Julian",2024,2024-07-31,auction,Auction Won,0011,Vet-FAA,1,5000,5000,5000,low,
14179,"Love, Julian",2025,2025-08-05,auction,Auction Won,0002,Vet-FAA-WW,1,1000,1000,1000,low,
14179,"Love, Julian",2025,2025-12-07,add,Waiver Claim,0007,Vet-WW-WW,1,1000,1000,1000,low,
14179,"Love, Julian",2025,2025-12-28,add,Waiver Claim,0007,Vet-WW-WW,1,1000,1000,1000,low,
17104,"Loveland, Colston",2025,2025-05-25,draft,Rookie Draft,Cleon Ca$h,,,,,,high,
17104,"Loveland, Colston",2025,2025-05-25,contract,Rookie Contract,Cleon Ca$h,Rookie-Draft,3,15000,5000,5000/5000/5000,high,
17053,"Marks, Woody",2025,2025-05-25,draft,Rookie Draft,Blake Bombers,,,,,,high,
17053,"Marks, Woody",2025,2025-05-25,contract,Rookie Contract,Blake Bombers,Rookie-Draft,3,6000,2000,2000/2000/2000,high,
17053,"Marks, Woody",2025,2025-10-02,trade,Traded,0006,Rookie,3,6000,2000,2000/2000/2000,low,
17159,"Martin, Nick",2025,2025-05-25,draft,Rookie Draft,Hawks,,,,,,high,
17159,"Martin, Nick",2025,2025-05-25,contract,Rookie Contract,Hawks,Rookie-Draft,3,3000,1000,1000/1000/1000,high,
15972,"Mason, Jordan",2022,2022-08-07,auction,Auction Won,0006,Rookie-FAA,2,8000,4000,4000/4000,high,
15972,"Mason, Jordan",2022,2022-09-11,add,Waiver Claim,0007,Rookie-WW,2,8000,4000,4000/4000,high,
15972,"Mason, Jordan",2022,2022-10-09,add,Waiver Claim,0008,Rookie-WW,2,8000,4000,4000/4000,high,
15972,"Mason, Jordan",2022,2022-12-01,add,Waiver Claim,0007,Rookie-WW,2,8000,4000,4000/4000,high,
15972,"Mason, Jordan",2022,2022-12-15,add,Waiver Claim,0001,Rookie-WW,2,8000,4000,4000/4000,high,
15972,"Mason, Jordan",2023,2023-05-16,trade,Traded,0006,Vet-WW,1,2000,2000,2000,low,
15972,"Mason, Jordan",2023,2023-08-12,add,Waiver Claim,0007,Vet-WW-WW,1,2000,2000,2000,low,
15972,"Mason, Jordan",2023,2023-10-12,add,Waiver Claim,0001,Vet-WW-WW,1,2000,2000,2000,low,
15972,"Mason, Jordan",2023,2023-11-09,add,Waiver Claim,0001,Vet-WW-WW,1,2000,2000,2000,low,
15972,"Mason, Jordan",2024,2024-08-02,auction,Auction Won,0001,Vet-FAA,2,8000,4000,4000/4000,high,
15972,"Mason, Jordan",2024,2024-11-17,trade,Traded,0006,Vet,2,8000,4000,4000/4000,high,
15972,"Mason, Jordan",2025,2025,extension,Extension,0006,Vet-Ext1,3,52000,14000,14000/14000/24000,high,"src_contracts:2025:extension_flag; ci=CL 3| TCV 52K| AAV 4K, 24K| Y1-14, Y2-14, Y3-24| Ext: LH"
16580,"Maye, Drake",2024,2024-05-26,draft,Rookie Draft,CBP,,,,,,high,
16580,"Maye, Drake",2024,2024-05-26,contract,Rookie Contract,CBP,Rookie-Draft,3,24000,8000,8000/8000/8000,high,
16580,"Maye, Drake",2024,2024-09-17,trade,Traded,0004,Rookie,3,24000,8000,8000/8000/8000,low,
16212,"Mayer, Michael",2023,2023-05-28,draft,Rookie Draft,Cleon Ca$h,,,,,,high,
16212,"Mayer, Michael",2023,2023-05-28,contract,Rookie Contract,Cleon Ca$h,Rookie-Draft,3,6000,2000,2000/2000/2000,high,
16212,"Mayer, Michael",2023,2023-05-29,trade,Traded,0001,Rookie,3,6000,2000,2000/2000/2000,low,
16212,"Mayer, Michael",2026,2026-05-28,auction,Auction Won,0008,,,,,,high,
13590,"Mayfield, Baker",2018,2018-06-09,draft,Rookie Draft,Ulterior Warrior,,,,,,high,
13590,"Mayfield, Baker",2018,2018-06-09,contract,Rookie Contract,Ulterior Warrior,Rookie-Draft,3,6000,2000,2000/2000/2000,high,
13590,"Mayfield, Baker",2021,2021-05-29,extension,Extension,0011,Vet-Ext1,2,28000,14000,14000/14000,low,contract_transaction_log:2021_Contract_Transaction_Log.xlsx
13590,"Mayfield, Baker",2022,2022-08-02,auction,Auction Won,0009,Vet-FAA-WW,1,40000,40000,40000,high,
13590,"Mayfield, Baker",2022,2022-11-06,add,Free Agent Add,0004,Vet-WW-WW,1,40000,40000,40000,high,
13590,"Mayfield, Baker",2022,2022-12-05,add,Free Agent Add,0008,Vet-WW-WW,1,40000,40000,40000,high,
13590,"Mayfield, Baker",2022,2022-12-08,add,Waiver Claim,0011,Vet-WW-WW,1,40000,40000,40000,high,
13590,"Mayfield, Baker",2023,2023-07-31,auction,Auction Won,0006,Vet-FAA-BL,2,20000,5000,5000/15000,high,
13590,"Mayfield, Baker",2023,2023-10-06,trade,Traded,0010,Vet-BL,2,20000,5000,5000/15000,high,
13590,"Mayfield, Baker",2025,2025-08-04,auction,Auction Won,0004,Vet-FAA-FL,2,62000,36000,36000/26000,high,
15794,"McBride, Trey",2022,2022-06-25,draft,Rookie Draft,Pure Greatness,,,,,,high,
15794,"McBride, Trey",2022,2022-06-25,contract,Rookie Contract,Pure Greatness,Rookie-Draft,3,6000,2000,2000/2000/2000,high,
15794,"McBride, Trey",2023,2023-05-18,trade,Traded,0008,Rookie,3,6000,2000,2000/2000/2000,low,
15794,"McBride, Trey",2023,2023-08-20,trade,Traded,0005,Rookie,3,6000,2000,2000/2000/2000,low,
15794,"McBride, Trey",2025,2025-05-17,extension,Extension,0005,Vet-Ext1,2,44000,9000,9000/35000,high,"src_contracts:2025:extension_flag; ci=CL 2| TCV 44K| AAV 22K, 22K| Y1-9K, Y2-35K| Ext: Hammer | discord_bot:2025-05-17:HammerTime 🔨 ⏰: TCV=$44000 years=2 gtd=$33000"
13130,"McCaffrey, Christian",2017,2017-06-17,draft,Rookie Draft,Good in Da Hood,,,,,,high,
13130,"McCaffrey, Christian",2017,2017-06-17,contract,Rookie Contract,Good in Da Hood,Rookie-Draft,3,45000,15000,15000/15000/15000,high,
13130,"McCaffrey, Christian",2019,2019,extension,Extension,0005,Vet-Ext1,3,85000,15000,15000/35000/35000,high,contract_transaction_log:2019_Contract_Tansaction_Log.xlsx
13130,"McCaffrey, Christian",2019,2019-03-04,trade,Traded,0005,Rookie,3,85000,15000,15000/35000/35000,high,
13130,"McCaffrey, Christian",2020,2020-04-17,trade,Traded,0003,Vet-FL,2,70000,55000,55000/15000,high,
13130,"McCaffrey, Christian",2020,2020-10-27,trade,Traded,0006,Vet-FL,2,70000,55000,55000/15000,high,
13130,"McCaffrey, Christian",2021,2021-05-31,extension,Extension,0006,Vet-Ext2,3,125000,37000,37000/44000/44000,high,contract_transaction_log:2021_Contract_Transaction_Log.xlsx
13130,"McCaffrey, Christian",2023,2023,extension,Extension,0005,Vet-Ext3,2,109000,44000,44000/65000,high,"src_contracts:2023:extension_flag; ci=CL 2| TCV 109K| AAV 55K, 65K| Y1-44 Y2-65| Ext: Creel, Hood,"
13130,"McCaffrey, Christian",2023,2023-03-29,trade,Traded,0005,Vet-BL,2,109000,44000,44000/65000,high,
13130,"McCaffrey, Christian",2024,2024-07-24,trade,Traded,0008,Vet-BL,2,109000,65000,44000/65000,high,
13130,"McCaffrey, Christian",2025,2025-08-05,auction,Auction Won,0004,Vet-FAA,1,56000,56000,56000,low,
13130,"McCaffrey, Christian",2025,2025-08-20,trade,Traded,0007,Vet,1,56000,56000,56000,low,
16584,"McCarthy, J.J.",2024,2024-05-26,draft,Rookie Draft,Cleon Ca$h,,,,,,high,
16584,"McCarthy, J.J.",2024,2024-05-26,contract,Rookie Contract,Cleon Ca$h,Rookie-Draft,3,33000,11000,11000/11000/11000,high,
16627,"McConkey, Ladd",2024,2024-05-26,draft,Rookie Draft,HammerTime 🔨 ⏰,,,,,,high,
16627,"McConkey, Ladd",2024,2024-05-26,contract,Rookie Contract,HammerTime 🔨 ⏰,Rookie-Draft,3,15000,5000,5000/5000/5000,high,
16252,"McDonald, Will",2023,2023-05-28,draft,Rookie Draft,Cleon Ca$h,,,,,,high,
16252,"McDonald, Will",2023,2023-05-28,contract,Rookie Contract,Cleon Ca$h,Rookie-Draft,3,3000,1000,1000/1000/1000,high,
16252,"McDonald, Will",2026,2026-05-29,auction,Auction Won,0008,,,,,,high,
15702,"McKee, Tanner",2025,2025-08-14,add,Waiver Claim,0007,Vet-WW,3,3000,1000,1000/1000/1000,low,
14908,"McKinney, Xavier",2020,2020-06-01,draft,Rookie Draft,The Bash Bros,,,,,,high,
14908,"McKinney, Xavier",2020,2020-06-01,contract,Rookie Contract,The Bash Bros,Rookie-Draft,3,6000,2000,2000/2000/2000,high,
14908,"McKinney, Xavier",2021,2021-06-17,trade,Traded,0003,Rookie,3,6000,2000,2000/2000/2000,low,
14908,"McKinney, Xavier",2023,2023-05-16,auction,Auction Won,0006,Vet-ERA-WW,1,1000,1000,1000,high,
14908,"McKinney, Xavier",2023,2023-11-09,add,Waiver Claim,0002,Vet-WW-WW,1,1000,1000,1000,high,
14908,"McKinney, Xavier",2023,2023-11-18,add,Waiver Claim,0003,Vet-WW-WW,1,1000,1000,1000,high,
14908,"McKinney, Xavier",2024,2024-07-30,auction,Auction Won,0009,Vet-FAA,3,3000,1000,1000/1000/1000,high,
14109,"McLaurin, Terry",2019,2019-06-10,draft,Rookie Draft,C-Town Chivalry,,,,,,high,
14109,"McLaurin, Terry",2019,2019-06-10,contract,Rookie Contract,C-Town Chivalry,Rookie-Draft,3,6000,2000,2000/2000/2000,high,
14109,"McLaurin, Terry",2019,2019-10-13,trade,Traded,0006,Rookie,3,6000,2000,2000/2000/2000,low,
14109,"McLaurin, Terry",2020,2020-10-24,trade,Traded,0003,Rookie,2,4000,2000,2000/2000,low,
14109,"McLaurin, Terry",2020,2020-11-24,trade,Traded,0006,Rookie,2,4000,2000,2000/2000,low,
14109,"McLaurin, Terry",2022,2022,extension,Extension,0006,Vet-Ext1,2,44000,22000,22000/22000,low,contract_transaction_log:Contract_Transaction_Log.xlsx
14109,"McLaurin, Terry",2023,2023,extension,Extension,0001,Vet-Ext2,2,54000,22000,22000/32000,high,"src_contracts:2023:extension_flag; ci=CL 2| TCV 54K| AAV 22K, 32K| Ext: Mafia | extender_fix:was_fr=0001_per_ci_Ext_token"
14109,"McLaurin, Terry",2023,2023-04-22,trade,Traded,0001,Vet-BL,2,54000,22000,22000/32000,high,
14109,"McLaurin, Terry",2023,2023-10-27,trade,Traded,0006,Vet-BL,2,54000,22000,22000/32000,high,
14109,"McLaurin, Terry",2024,2024-05-28,trade,Traded,0008,Vet-BL,2,54000,32000,22000/32000,high,
14109,"McLaurin, Terry",2024,2024-11-28,trade,Traded,0011,Vet-BL,2,54000,32000,22000/32000,high,
14109,"McLaurin, Terry",2024,2024-11-28,trade,Traded,0001,Vet-BL,2,54000,32000,22000/32000,high,
14109,"McLaurin, Terry",2025,2025-08-05,auction,Auction Won,0010,Vet-FAA,3,57000,19000,19000/19000/19000,low,
16628,"McMillan, Jalen",2024,2024-05-26,draft,Rookie Draft,Cleon Ca$h,,,,,,high,
16628,"McMillan, Jalen",2024,2024-05-26,contract,Rookie Contract,Cleon Ca$h,Rookie-Draft,3,6000,2000,2000/2000/2000,high,
17071,"McMillan, Tetairoa",2025,2025-05-25,draft,Rookie Draft,C-Town Chivalry,,,,,,high,
17071,"McMillan, Tetairoa",2025,2025-05-25,contract,Rookie Contract,C-Town Chivalry,Rookie-Draft,3,21000,7000,7000/7000/7000,high,
17071,"McMillan, Tetairoa",2025,2025-11-13,trade,Traded,0008,Rookie,3,21000,7000,7000/7000/7000,low,
14127,"Meyers, Jakobi",2019,2019-08-21,auction,Auction Won,0006,Rookie-FAA,2,14000,7000,7000/7000,low,
14127,"Meyers, Jakobi",2020,2020-05-23,trade,Traded,0011,Rookie,1,14000,14000,14000,high,
14127,"Meyers, Jakobi",2020,2020-11-22,trade,Traded,0006,Rookie,1,14000,14000,14000,high,
14127,"Meyers, Jakobi",2021,2021-08-04,auction,Auction Won,0006,Vet-FAA,2,8000,4000,4000/4000,low,
14127,"Meyers, Jakobi",2023,2023-07-31,auction,Auction Won,0012,Vet-FAA,1,5000,5000,5000,high,
14127,"Meyers, Jakobi",2024,2024-07-30,auction,Auction Won,0001,Vet-FAA,3,12000,4000,4000/4000/4000,high,
14127,"Meyers, Jakobi",2024,2024-11-26,trade,Traded,0004,Vet,3,12000,4000,4000/4000/4000,high,
14127,"Meyers, Jakobi",2025,2025-11-12,trade,Traded,0012,Vet,3,12000,4000,4000/4000/4000,high,
16171,"Miller, Kendre",2023,2023-05-28,draft,Rookie Draft,Gride,,,,,,high,
16171,"Miller, Kendre",2023,2023-05-28,contract,Rookie Contract,Gride,Rookie-Draft,3,15000,5000,5000/5000/5000,high,
16171,"Miller, Kendre",2026,2026-05-29,auction,Auction Won,0008,,,,,,high,
17033,"Milroe, Jalen",2025,2025-05-25,draft,Rookie Draft,C-Town Chivalry,,,,,,high,
17033,"Milroe, Jalen",2025,2025-05-25,contract,Rookie Contract,C-Town Chivalry,Rookie-Draft,3,15000,5000,5000/5000/5000,high,
16189,"Mims, Marvin",2023,2023-05-28,draft,Rookie Draft,Gride,,,,,,high,
16189,"Mims, Marvin",2023,2023-05-28,contract,Rookie Contract,Gride,Rookie-Draft,3,15000,5000,5000/5000/5000,high,
16189,"Mims, Marvin",2023,2023-06-11,trade,Traded,0002,Rookie,3,15000,5000,5000/5000/5000,low,
16189,"Mims, Marvin",2023,2023-08-01,trade,Traded,0005,Rookie,3,15000,5000,5000/5000/5000,low,
16189,"Mims, Marvin",2025,2025-08-10,trade,Traded,0011,Rookie,3,15000,5000,5000/5000/5000,low,
16189,"Mims, Marvin",2026,2026-05-28,auction,Auction Won,0001,,,,,,high,
16626,"Mitchell, Adonai",2024,2024-05-26,draft,Rookie Draft,Sex Manther,,,,,,high,
16626,"Mitchell, Adonai",2024,2024-05-26,contract,Rookie Contract,Sex Manther,Rookie-Draft,3,15000,5000,5000/5000/5000,high,
16626,"Mitchell, Adonai",2025,2025-07-20,trade,Traded,0008,Rookie,3,15000,5000,5000/5000/5000,low,
16626,"Mitchell, Adonai",2025,2025-08-08,trade,Traded,0001,Rookie,3,15000,5000,5000/5000/5000,low,
16178,"Mitchell, Keaton",2023,2023-09-30,add,Waiver Claim,0010,,,,,,high,
16178,"Mitchell, Keaton",2023,2023-11-09,add,Waiver Claim,0001,,,,,,high,
16178,"Mitchell, Keaton",2023,2023-11-23,trade,Traded,0006,,,,,,high,
16178,"Mitchell, Keaton",2025,2025-08-05,auction,Auction Won,0006,Vet-FAA,3,3000,1000,1000/1000/1000,low,
16178,"Mitchell, Keaton",2025,2025-08-30,add,Waiver Claim,0007,Vet-WW,3,3000,1000,1000/1000/1000,low,
16178,"Mitchell, Keaton",2025,2025-11-22,trade,Traded,0002,Vet,3,3000,1000,1000/1000/1000,low,
17066,"Monangai, Kyle",2025,2025-05-25,draft,Rookie Draft,The Long Haulers,,,,,,high,
17066,"Monangai, Kyle",2025,2025-05-25,contract,Rookie Contract,The Long Haulers,Rookie-Draft,3,6000,2000,2000/2000/2000,high,
17066,"Monangai, Kyle",2025,2025-10-22,trade,Traded,0003,Rookie,3,6000,2000,2000/2000/2000,low,
14071,"Montgomery, David",2019,2019-06-10,draft,Rookie Draft,Good in Da Hood,,,,,,high,
14071,"Montgomery, David",2019,2019-06-10,contract,Rookie Contract,Good in Da Hood,Rookie-Draft,3,42000,14000,14000/14000/14000,high,
14071,"Montgomery, David",2020,2020-05-03,trade,Traded,0002,Rookie,2,28000,14000,14000/14000,low,
14071,"Montgomery, David",2021,2021-06-17,trade,Traded,0003,Rookie,2,38000,19000,19000/19000,low,
14071,"Montgomery, David",2021,2021-07-27,extension,Extension,0003,Vet-Ext1,1,38000,24000,38000,high,contract_transaction_log:2021_Contract_Transaction_Log.xlsx
14071,"Montgomery, David",2021,2021-11-25,trade,Traded,0012,Rookie,2,38000,19000,19000/19000,low,
14071,"Montgomery, David",2022,2022,extension,Extension,0012,Vet-Ext2,3,112000,24000,24000/44000/44000,high,contract_transaction_log:Contract_Transaction_Log.xlsx
14071,"Montgomery, David",2025,2025-08-05,auction,Auction Won,0001,Vet-FAA-FL,2,40000,28000,28000/12000,high,
14071,"Montgomery, David",2026,2026-04-17,trade,Traded,0005,,,,,,high,
13635,"Moore, D.J.",2018,2018-06-09,draft,Rookie Draft,Ulterior Warrior,,,,,,high,
13635,"Moore, D.J.",2018,2018-06-09,contract,Rookie Contract,Ulterior Warrior,Rookie-Draft,3,27000,9000,9000/9000/9000,high,
13635,"Moore, D.J.",2021,2021-05-30,extension,Extension,0001,Vet-Ext1,2,58000,29000,29000/29000,low,contract_transaction_log:2021_Contract_Transaction_Log.xlsx
13635,"Moore, D.J.",2021,2021-11-12,trade,Traded,0009,Vet,2,58000,29000,29000/29000,low,
13635,"Moore, D.J.",2022,2022,extension,Extension,0009,Vet-Ext2,3,127000,26000,26000/25000/76000,high,contract_transaction_log:Contract_Transaction_Log.xlsx
13635,"Moore, D.J.",2023,2023-08-03,trade,Traded,0010,Vet-FL,2,101000,61000,61000/40000,high,
13635,"Moore, D.J.",2025,2025-08-05,auction,Auction Won,0003,Vet-FAA,2,42000,21000,21000/21000,low,
17254,"Mumpfield, Konata",2025,2025-12-25,add,Waiver Claim,0006,,,,,,high,
16689,"Murphy, Byron",2024,2024-05-26,draft,Rookie Draft,Sex Manther,,,,,,high,
16689,"Murphy, Byron",2024,2024-05-26,contract,Rookie Contract,Sex Manther,Rookie-Draft,3,3000,1000,1000/1000/1000,high,
16689,"Murphy, Byron",2025,2025-03-19,trade,Traded,0005,Rookie,3,3000,1000,1000/1000/1000,low,
16615,"Nabers, Malik",2024,2024-05-26,draft,Rookie Draft,Cleon Ca$h,,,,,,high,
16615,"Nabers, Malik",2024,2024-05-26,contract,Rookie Contract,Cleon Ca$h,Rookie-Draft,3,39000,13000,13000/13000/13000,high,
16211,"Nacua, Puka",2023,2023-05-28,draft,Rookie Draft,HammerTime 🔨 ⏰,,,,,,high,
16211,"Nacua, Puka",2023,2023-05-28,contract,Rookie Contract,HammerTime 🔨 ⏰,Rookie-Draft,3,6000,2000,2000/2000/2000,high,
16211,"Nacua, Puka",2023,2023-08-04,trade,Traded,0010,Rookie,3,6000,2000,2000/2000/2000,low,
17046,"Neal, Devin",2025,2025-05-25,draft,Rookie Draft,Gride,,,,,,high,
17046,"Neal, Devin",2025,2025-05-25,contract,Rookie Contract,Gride,Rookie-Draft,3,6000,2000,2000/2000/2000,high,
16582,"Nix, Bo",2024,2024-05-26,draft,Rookie Draft,C-Town Chivalry,,,,,,high,
16582,"Nix, Bo",2024,2024-05-26,contract,Rookie Contract,C-Town Chivalry,Rookie-Draft,3,15000,5000,5000/5000/5000,high,
16582,"Nix, Bo",2024,2024-05-27,trade,Traded,0001,Rookie,3,15000,5000,5000/5000/5000,low,
13192,"Njoku, David",2017,2017-06-17,draft,Rookie Draft,Sex Manther,,,,,,high,
13192,"Njoku, David",2017,2017-06-17,contract,Rookie Contract,Sex Manther,Rookie-Draft,3,15000,5000,5000/5000/5000,high,
13192,"Njoku, David",2019,2019,extension,Extension,0011,Vet-Ext1,2,16000,5000,5000/11000,high,contract_transaction_log:2019_Contract_Tansaction_Log.xlsx
13192,"Njoku, David",2019,2019-06-15,trade,Traded,0011,Rookie,2,16000,5000,5000/11000,high,
13192,"Njoku, David",2021,2021-09-26,add,Waiver Claim,0001,—,,,,,high,
13192,"Njoku, David",2021,2021-10-14,add,Waiver Claim,0009,—,,,,,high,
13192,"Njoku, David",2021,2021-12-12,add,Free Agent Add,0010,—,,,,,high,
13192,"Njoku, David",2022,2022-08-01,auction,Auction Won,0002,Vet-FAA,3,9000,3000,3000/3000/3000,low,
13192,"Njoku, David",2022,2022-08-18,dispersal,Dispersal,0005,Vet,3,9000,3000,3000/3000/3000,low,
13192,"Njoku, David",2023,2023-03-29,trade,Traded,0002,Vet,3,9000,3000,3000/3000/3000,low,
13192,"Njoku, David",2025,2025-08-08,auction,Auction Won,0003,Vet-FAA,2,54000,27000,27000/27000,low,
17080,"Noel, Jaylin",2025,2025-05-25,draft,Rookie Draft,Sex Manther,,,,,,high,
17080,"Noel, Jaylin",2025,2025-05-25,contract,Rookie Contract,Sex Manther,Rookie-Draft,3,6000,2000,2000/2000/2000,high,
16616,"Odunze, Rome",2024,2024-05-26,draft,Rookie Draft,Sex Manther,,,,,,high,
16616,"Odunze, Rome",2024,2024-05-26,contract,Rookie Contract,Sex Manther,Rookie-Draft,3,30000,10000,10000/10000/10000,high,
15754,"Olave, Chris",2022,2022-06-25,draft,Rookie Draft,Blake Bombers,,,,,,high,
15754,"Olave, Chris",2022,2022-06-25,contract,Rookie Contract,Blake Bombers,Rookie-Draft,3,33000,11000,11000/11000/11000,high,
15754,"Olave, Chris",2024,2024,extension,Extension,0010,Vet-Ext1,3,73000,11000,11000/31000/31000,high,"src_contracts:2024:extension_flag; ci=CL 3| TCV 73K| AAV 11K/31K| Y1-11, Y2-31, Y3-31| Ext: BB"
15754,"Olave, Chris",2024,2024-09-24,trade,Traded,0004,Rookie,3,73000,11000,11000/31000/31000,high,
15802,"Otton, Cade",2022,2022-06-25,draft,Rookie Draft,Hawks,,,,,,high,
15802,"Otton, Cade",2022,2022-06-25,contract,Rookie Contract,Hawks,Rookie-Draft,3,6000,2000,2000/2000/2000,high,
15802,"Otton, Cade",2025,2025-05-26,auction,Auction Won,0006,Vet-ERA,3,15000,5000,5000/5000/5000,high,
15351,"Owusu-Koramoah, Jeremiah",2021,2021-06-20,draft,Rookie Draft,Sex Manther,,,,,,high,
15351,"Owusu-Koramoah, Jeremiah",2021,2021-06-20,contract,Rookie Contract,Sex Manther,Rookie-Draft,3,6000,2000,2000/2000/2000,high,
15351,"Owusu-Koramoah, Jeremiah",2022,2022-11-03,drop,Dropped (waiver),0007,,,,,,high,
15351,"Owusu-Koramoah, Jeremiah",2023,2023-11-30,add,Waiver Claim,0008,,,,,,high,
15351,"Owusu-Koramoah, Jeremiah",2023,2023-12-17,add,Waiver Claim,0007,,,,,,high,
15351,"Owusu-Koramoah, Jeremiah",2024,2024-08-02,auction,Auction Won,0004,Vet-FAA,3,3000,1000,1000/1000/1000,high,
15351,"Owusu-Koramoah, Jeremiah",2024,2024-10-02,trade,Traded,0012,Vet,3,3000,1000,1000/1000/1000,high,
14871,"Parkinson, Colby",2024,2024-07-31,auction,Auction Won,0007,Vet-FAA-WW,1,1000,1000,1000,high,
14871,"Parkinson, Colby",2024,2024-10-30,drop,Dropped,0007,,,,,,high,
14871,"Parkinson, Colby",2025,2025-12-04,add,Waiver Claim,0001,,,,,,high,
17115,"Pearce, James",2025,2025-05-25,draft,Rookie Draft,Real Deal Creel,,,,,,high,
17115,"Pearce, James",2025,2025-05-25,contract,Rookie Contract,Real Deal Creel,Rookie-Draft,3,3000,1000,1000/1000/1000,high,
16622,"Pearsall, Ricky",2024,2024-05-26,draft,Rookie Draft,Ulterior Warrior,,,,,,high,
16622,"Pearsall, Ricky",2024,2024-05-26,contract,Rookie Contract,Ulterior Warrior,Rookie-Draft,3,15000,5000,5000/5000/5000,high,
16622,"Pearsall, Ricky",2025,2025-11-22,trade,Traded,0002,Rookie,3,15000,5000,5000/5000/5000,low,
16583,"Penix Jr., Michael",2024,2024-05-26,draft,Rookie Draft,Real Deal Creel,,,,,,high,
16583,"Penix Jr., Michael",2024,2024-05-26,contract,Rookie Contract,Real Deal Creel,Rookie-Draft,3,15000,5000,5000/5000/5000,high,
16583,"Penix Jr., Michael",2025,2025-02-24,trade,Traded,0005,Rookie,3,15000,5000,5000/5000/5000,low,
15762,"Pickens, George",2022,2022-06-25,draft,Rookie Draft,C-Town Chivalry,,,,,,high,
15762,"Pickens, George",2022,2022-06-25,contract,Rookie Contract,C-Town Chivalry,Rookie-Draft,3,27000,9000,9000/9000/9000,high,
15762,"Pickens, George",2025,2025-05-21,extension,Extension,0009,Vet-Ext1,1,19000,19000,19000,high,src_contracts:2025:extension_flag; ci=CL 1| TCV 19K| AAV 19K| Y1-19K| Ext: C-Town | discord_bot:2025-05-21:C-Town Chivalry: TCV=$19000 years=1 gtd=$14250
15762,"Pickens, George",2026,2026-05-22,tag,Tagged (OFFENSE),0009,,,,,,high,
15768,"Pierce, Alec",2022,2022-06-25,draft,Rookie Draft,Pure Greatness,,,,,,high,
15768,"Pierce, Alec",2022,2022-06-25,contract,Rookie Contract,Pure Greatness,Rookie-Draft,3,15000,5000,5000/5000/5000,high,
15768,"Pierce, Alec",2022,2022-10-13,trade,Traded,0002,Rookie,3,15000,5000,5000/5000/5000,low,
15768,"Pierce, Alec",2023,2023-05-31,trade,Traded,0011,Rookie,3,15000,5000,5000/5000/5000,low,
15768,"Pierce, Alec",2025,2025-05-28,auction,Auction Won,0001,Vet-ERA,2,4000,2000,2000/2000,low,
14842,"Pittman, Michael",2020,2020-06-01,draft,Rookie Draft,Sex Manther,,,,,,high,
14842,"Pittman, Michael",2020,2020-06-01,contract,Rookie Contract,Sex Manther,Rookie-Draft,3,15000,5000,5000/5000/5000,high,
14842,"Pittman, Michael",2022,2022,extension,Extension,0007,Vet-Ext1,1,20000,15000,20000,high,contract_transaction_log:Contract_Transaction_Log.xlsx
14842,"Pittman, Michael",2022,2022-10-30,trade,Traded,0008,Rookie,2,20000,5000,5000/15000,high,
14842,"Pittman, Michael",2023,2023,extension,Extension,0010,Vet-Ext2,2,40000,15000,15000/25000,high,"src_contracts:2023:extension_flag; ci=CL 2| TCV 40K| AAV 15K, 25K| Y1-15K Y2-25K"
14842,"Pittman, Michael",2023,2023-06-01,trade,Traded,0010,Vet-BL,2,40000,15000,15000/25000,high,
14842,"Pittman, Michael",2023,2023-10-06,trade,Traded,0004,Vet-BL,2,40000,15000,15000/25000,high,
14842,"Pittman, Michael",2024,2024,extension,Extension,0004,Vet-Ext3,3,115000,25000,25000/45000/45000,high,src_contracts:2024:extension_flag; ci=CL 3| TCV 115K| AAV 25K/45K| Y1-25K Y2-45K Y3-45K| Ext: PG
14842,"Pittman, Michael",2024,2024-10-24,trade,Traded,0003,Vet,3,115000,25000,25000/45000/45000,high,
14085,"Pollard, Tony",2019,2019-06-10,draft,Rookie Draft,#BLM,,,,,,high,
14085,"Pollard, Tony",2019,2019-06-10,contract,Rookie Contract,#BLM,Rookie-Draft,3,6000,2000,2000/2000/2000,high,
14085,"Pollard, Tony",2020,2020-08-17,trade,Traded,0009,Rookie,2,4000,2000,2000/2000,low,
14085,"Pollard, Tony",2021,2021-05-31,extension,Extension,0001,Vet-Ext1,1,14000,12000,14000,high,contract_transaction_log:2021_Contract_Transaction_Log.xlsx
14085,"Pollard, Tony",2021,2021-06-20,trade,Traded,0001,Rookie,2,14000,7000,7000/7000,low,
14085,"Pollard, Tony",2022,2022,extension,Extension,0001,Vet-Ext2,1,34000,22000,34000,high,contract_transaction_log:Contract_Transaction_Log.xlsx
14085,"Pollard, Tony",2024,2024-07-30,auction,Auction Won,0009,Vet-FAA-BL,2,34000,7000,7000/27000,high,
14085,"Pollard, Tony",2025,2025-08-17,extension,Extension,0009,Vet-Ext1,2,54000,27000,27000/27000,high,"src_contracts:2025:extension_flag; ci=CL 2| TCV 54K| AAV 17K, 17K| Y1-27, Y2-27| Ext: C-Town | discord:discord_contract_activity:2025-08-17:papabear4110: ""Extend Tony Pollard 1 year at 27k.  Workhorse."""
15698,"Purdy, Brock",2022,2022-10-28,add,Waiver Claim,0004,,,,,,high,
15698,"Purdy, Brock",2022,2022-12-08,add,Waiver Claim,0007,,,,,,high,
15698,"Purdy, Brock",2023,2023-05-16,auction,Auction Won,0003,Vet-FAA,2,52000,26000,26000/26000,low,
15698,"Purdy, Brock",2023,2023-11-03,trade,Traded,0002,Vet,2,52000,26000,26000/26000,low,
15698,"Purdy, Brock",2025,2025-08-04,auction,Auction Won,0010,FL,3,84000,40000,40000/22000/22000,high,
16586,"Rattler, Spencer",2024,2024-05-26,draft,Rookie Draft,Cleon Ca$h,,,,,,high,
16586,"Rattler, Spencer",2024,2024-05-26,contract,Rookie Contract,Cleon Ca$h,Rookie-Draft,3,6000,2000,2000/2000/2000,high,
16586,"Rattler, Spencer",2025,2025-10-01,trade,Traded,0007,Rookie,3,6000,2000,2000/2000/2000,low,
16586,"Rattler, Spencer",2025,2025-11-15,trade,Traded,0002,Rookie,3,6000,2000,2000/2000/2000,low,
16184,"Reed, Jayden",2023,2023-05-28,draft,Rookie Draft,Blake Bombers,,,,,,high,
16184,"Reed, Jayden",2023,2023-05-28,contract,Rookie Contract,Blake Bombers,Rookie-Draft,3,15000,5000,5000/5000/5000,high,
16184,"Reed, Jayden",2023,2023-09-21,trade,Traded,0003,Rookie,3,15000,5000,5000/5000/5000,low,
16184,"Reed, Jayden",2024,2024-09-21,trade,Traded,0010,Rookie,3,15000,5000,5000/5000/5000,low,
16623,"Rice, Brenden",2024,2024-05-26,draft,Rookie Draft,Gride,,,,,,high,
16623,"Rice, Brenden",2024,2024-05-26,contract,Rookie Contract,Gride,Rookie-Draft,3,6000,2000,2000/2000/2000,high,
16194,"Rice, Rashee",2023,2023-05-28,draft,Rookie Draft,Hawks,,,,,,high,
16194,"Rice, Rashee",2023,2023-05-28,contract,Rookie Contract,Hawks,Rookie-Draft,3,15000,5000,5000/5000/5000,high,
16194,"Rice, Rashee",2024,2024-11-10,trade,Traded,0006,Rookie,3,15000,5000,5000/5000/5000,low,
16194,"Rice, Rashee",2025,2025,extension,Extension,0006,Vet-Ext1,3,55000,5000,5000/25000/25000,high,"src_contracts:2025:extension_flag; ci=CL 3| TCV 55K| AAV 5K, 25K| Y1-5 Y2-25, Y3-25| Ext: LH"
16194,"Rice, Rashee",2025,2025-10-14,trade,Traded,0007,Vet,3,55000,5000,5000/25000/25000,high,
16152,"Richardson, Anthony",2023,2023-05-28,draft,Rookie Draft,HammerTime 🔨 ⏰,,,,,,high,
16152,"Richardson, Anthony",2023,2023-05-28,contract,Rookie Contract,HammerTime 🔨 ⏰,Rookie-Draft,3,42000,14000,14000/14000/14000,high,
16152,"Richardson, Anthony",2023,2023-11-15,trade,Traded,0003,Rookie,3,42000,14000,14000/14000/14000,low,
16152,"Richardson, Anthony",2024,2024-10-24,trade,Traded,0004,Rookie,3,42000,14000,14000/14000/14000,low,
16152,"Richardson, Anthony",2024,2024-10-30,trade,Traded,0007,Rookie,3,42000,14000,14000/14000/14000,low,
16152,"Richardson, Anthony",2025,2025-08-28,add,Waiver Claim,0005,Vet-WW,3,33000,11000,11000/11000/11000,low,
16161,"Robinson, Bijan",2023,2023-05-28,draft,Rookie Draft,Cleon Ca$h,,,,,,high,
16161,"Robinson, Bijan",2023,2023-05-28,contract,Rookie Contract,Cleon Ca$h,Rookie-Draft,3,55000,18333,18333/18333/18333,high,
16655,"Robinson, Chop",2024,2024-05-26,draft,Rookie Draft,Hawks,,,,,,high,
16655,"Robinson, Chop",2024,2024-05-26,contract,Rookie Contract,Hawks,Rookie-Draft,3,6000,2000,2000/2000/2000,high,
15757,"Robinson, Wan'Dale",2022,2022-06-25,draft,Rookie Draft,Sex Manther,,,,,,high,
15757,"Robinson, Wan'Dale",2022,2022-06-25,contract,Rookie Contract,Sex Manther,Rookie-Draft,3,6000,2000,2000/2000/2000,high,
15757,"Robinson, Wan'Dale",2023,2023-05-15,trade,Traded,0004,Rookie,3,6000,2000,2000/2000/2000,low,
15757,"Robinson, Wan'Dale",2024,2024-09-24,trade,Traded,0010,Rookie,3,6000,2000,2000/2000/2000,low,
15757,"Robinson, Wan'Dale",2025,2025-05-20,trade,Traded,0006,Vet-BL,2,34000,12000,12000/22000,high,
15757,"Robinson, Wan'Dale",2025,2025-05-20,extension,Extension,0006,Vet-Ext1,2,34000,12000,12000/22000,high,"src_contracts:2025:extension_flag; ci=CL 2| TCV 34K| AAV 12K, 22K| Y1-12K, Y2-22K| Ext: Blake, LH | discord_bot:2025-05-20:Blake Bombers: TCV=$12000 years=1 gtd=$9000"
15757,"Robinson, Wan'Dale",2025,2025-10-16,trade,Traded,0011,Vet-BL,2,34000,12000,12000/22000,high,
16174,"Rodriguez, Chris",2023,2023-05-28,draft,Rookie Draft,The Main Event Mafia,,,,,,high,
16174,"Rodriguez, Chris",2023,2023-05-28,contract,Rookie Contract,The Main Event Mafia,Rookie-Draft,3,6000,2000,2000/2000/2000,high,
16174,"Rodriguez, Chris",2024,2024-03-20,trade,Traded,0003,Rookie,3,6000,2000,2000/2000/2000,low,
16174,"Rodriguez, Chris",2026,2026-05-27,auction,Auction Won,0008,,,,,,high,
17086,"Royals, Jalen",2025,2025-05-25,draft,Rookie Draft,Cleon Ca$h,,,,,,high,
17086,"Royals, Jalen",2025,2025-05-25,contract,Rookie Contract,Cleon Ca$h,Rookie-Draft,3,6000,2000,2000/2000/2000,high,
17047,"Sampson, Dylan",2025,2025-05-25,draft,Rookie Draft,L.A. Looks,,,,,,high,
17047,"Sampson, Dylan",2025,2025-05-25,contract,Rookie Contract,L.A. Looks,Rookie-Draft,3,6000,2000,2000/2000/2000,high,
14136,"Samuel, Deebo",2019,2019-06-10,draft,Rookie Draft,Good in Da Hood,,,,,,high,
14136,"Samuel, Deebo",2019,2019-06-10,contract,Rookie Contract,Good in Da Hood,Rookie-Draft,3,15000,5000,5000/5000/5000,high,
14136,"Samuel, Deebo",2020,2020-08-19,trade,Traded,0002,Rookie,2,10000,5000,5000/5000,low,
14136,"Samuel, Deebo",2021,2021-05-31,extension,Extension,0007,Vet-Ext1,3,55000,5000,5000/25000/25000,high,contract_transaction_log:2021_Contract_Transaction_Log.xlsx
14136,"Samuel, Deebo",2021,2021-06-04,trade,Traded,0009,Rookie,3,55000,5000,5000/25000/25000,high,
14136,"Samuel, Deebo",2021,2021-06-07,trade,Traded,0007,Rookie,3,55000,5000,5000/25000/25000,high,
14136,"Samuel, Deebo",2023,2023,extension,Extension,0010,Vet-Ext2,2,60000,25000,25000/35000,high,"src_contracts:2023:extension_flag; ci=CL 2| TCV 60K| AAV 25K, 35K| Ext: Chivalry, Sex"
14136,"Samuel, Deebo",2023,2023-06-08,trade,Traded,0010,Vet-BL,2,60000,25000,25000/35000,high,
14136,"Samuel, Deebo",2025,2025-08-05,auction,Auction Won,0003,Vet-FAA,3,24000,8000,8000/8000/8000,low,
16643,"Sanders, Ja'Tavion",2024,2024-05-26,draft,Rookie Draft,Gride,,,,,,high,
16643,"Sanders, Ja'Tavion",2024,2024-05-26,contract,Rookie Contract,Gride,Rookie-Draft,3,6000,2000,2000/2000/2000,high,
16643,"Sanders, Ja'Tavion",2025,2025-10-24,add,Waiver Claim,0009,Vet-WW,3,3000,1000,1000/1000/1000,low,
16643,"Sanders, Ja'Tavion",2025,2025-11-13,add,Waiver Claim,0008,Vet-WW,3,3000,1000,1000/1000/1000,low,
17031,"Sanders, Shedeur",2025,2025-05-25,draft,Rookie Draft,L.A. Looks,,,,,,high,
17031,"Sanders, Shedeur",2025,2025-05-25,contract,Rookie Contract,L.A. Looks,Rookie-Draft,3,6000,2000,2000/2000/2000,high,
13772,"Schultz, Dalton",2020,2020-09-23,add,Waiver Claim,0005,,,,,,high,
13772,"Schultz, Dalton",2021,2021-09-03,add,Waiver Claim,0004,Vet-WW,2,8000,4000,4000/4000,low,
13772,"Schultz, Dalton",2021,2021-11-24,trade,Traded,0008,Vet,2,8000,4000,4000/4000,low,
13772,"Schultz, Dalton",2021,2021-11-24,trade,Traded,0011,Vet,2,8000,4000,4000/4000,low,
13772,"Schultz, Dalton",2022,2022,extension,Extension,0011,Vet-Ext1,1,20000,13000,20000,high,contract_transaction_log:Contract_Transaction_Log.xlsx
13772,"Schultz, Dalton",2022,2022-11-24,trade,Traded,0001,Vet-BL,2,20000,7000,7000/13000,high,
13772,"Schultz, Dalton",2023,2023-05-29,trade,Traded,0011,Vet-BL,2,20000,13000,7000/13000,high,
13772,"Schultz, Dalton",2023,2023-11-23,trade,Traded,0001,Vet-BL,2,20000,13000,7000/13000,high,
13772,"Schultz, Dalton",2024,2024-07-29,auction,Auction Won,0012,Vet-FAA,3,12000,4000,4000/4000/4000,high,
13772,"Schultz, Dalton",2024,2024-10-02,drop,Dropped,0012,,,,,,high,
13772,"Schultz, Dalton",2025,2025-11-12,trade,Traded,0004,Vet,3,12000,4000,4000/4000/4000,high,
17147,"Schwesinger, Carson",2025,2025-05-25,draft,Rookie Draft,Sex Manther,,,,,,high,
17147,"Schwesinger, Carson",2025,2025-05-25,contract,Rookie Contract,Sex Manther,Rookie-Draft,3,3000,1000,1000/1000/1000,high,
16080,"Shaheed, Rashid",2022,2022-11-10,add,Waiver Claim,0004,,,,,,high,
16080,"Shaheed, Rashid",2022,2022-12-08,add,Waiver Claim,0003,,,,,,high,
16080,"Shaheed, Rashid",2023,2023-11-23,trade,Traded,0008,Rookie,3,3000,1000,1000/1000/1000,low,
16080,"Shaheed, Rashid",2024,2024-05-26,trade,Traded,0002,Rookie,3,3000,1000,1000/1000/1000,low,
16080,"Shaheed, Rashid",2025,2025-05-25,auction,Auction Won,0006,Vet-ERA,3,21000,7000,7000/7000/7000,high,
16080,"Shaheed, Rashid",2025,2025-08-07,trade,Traded,0010,Vet,3,21000,7000,7000/7000/7000,high,
15761,"Shakir, Khalil",2022,2022-06-25,draft,Rookie Draft,Blake Bombers,,,,,,high,
15761,"Shakir, Khalil",2022,2022-06-25,contract,Rookie Contract,Blake Bombers,Rookie-Draft,3,6000,2000,2000/2000/2000,high,
15761,"Shakir, Khalil",2022,2022-08-04,trade,Traded,0002,Rookie,3,6000,2000,2000/2000/2000,low,
15761,"Shakir, Khalil",2022,2022-08-18,dispersal,Dispersal,0005,Rookie,3,6000,2000,2000/2000/2000,low,
15761,"Shakir, Khalil",2025,2025-05-26,auction,Auction Won,0010,BL,3,57000,14000,14000/25000/18000,high,
15761,"Shakir, Khalil",2025,2025-10-07,trade,Traded,0011,BL,3,57000,14000,14000/25000/18000,high,
16601,"Shipley, Will",2024,2024-05-26,draft,Rookie Draft,Sex Manther,,,,,,high,
16601,"Shipley, Will",2024,2024-05-26,contract,Rookie Contract,Sex Manther,Rookie-Draft,3,15000,5000,5000/5000/5000,high,
17039,"Shough, Tyler",2025,2025-05-25,draft,Rookie Draft,CBP,,,,,,high,
17039,"Shough, Tyler",2025,2025-05-25,contract,Rookie Contract,CBP,Rookie-Draft,3,15000,5000,5000/5000/5000,high,
16644,"Sinnott, Ben",2024,2024-05-26,draft,Rookie Draft,CBP,,,,,,high,
16644,"Sinnott, Ben",2024,2024-05-26,contract,Rookie Contract,CBP,Rookie-Draft,3,6000,2000,2000/2000/2000,high,
16644,"Sinnott, Ben",2024,2024-10-10,trade,Traded,0010,Rookie,3,6000,2000,2000/2000/2000,low,
16644,"Sinnott, Ben",2025,2025-08-07,trade,Traded,0005,Rookie,3,6000,2000,2000/2000/2000,low,
17045,"Skattebo, Cam",2025,2025-05-25,draft,Rookie Draft,Sex Manther,,,,,,high,
17045,"Skattebo, Cam",2025,2025-05-25,contract,Rookie Contract,Sex Manther,Rookie-Draft,3,15000,5000,5000/5000/5000,high,
17045,"Skattebo, Cam",2025,2025-11-09,trade,Traded,0003,Rookie,3,15000,5000,5000/5000/5000,low,
16686,"Smith, Ainias",2024,2024-05-26,draft,Rookie Draft,HammerTime 🔨 ⏰,,,,,,high,
16686,"Smith, Ainias",2024,2024-05-26,contract,Rookie Contract,HammerTime 🔨 ⏰,Rookie-Draft,3,6000,2000,2000/2000/2000,high,
17049,"Smith, Brashard",2025,2025-05-25,draft,Rookie Draft,Sex Manther,,,,,,high,
17049,"Smith, Brashard",2025,2025-05-25,contract,Rookie Contract,Sex Manther,Rookie-Draft,3,6000,2000,2000/2000/2000,high,
17049,"Smith, Brashard",2025,2025-10-14,trade,Traded,0006,Rookie,3,6000,2000,2000/2000/2000,low,
11150,"Smith, Geno",2013,2013-07-01,draft,Rookie Draft,Good in Da Hood,,,,,,high,
11150,"Smith, Geno",2021,2021-10-14,add,Waiver Claim,0006,,,,,,high,
11150,"Smith, Geno",2021,2021-10-23,drop,Dropped (waiver),0006,,,,,,high,
11150,"Smith, Geno",2022,2022-08-04,auction,Auction Won,0003,Vet-FAA-BL,2,20000,5000,5000/15000,high,
11150,"Smith, Geno",2022,2022-11-20,trade,Traded,0001,Vet-BL,2,20000,5000,5000/15000,high,
11150,"Smith, Geno",2024,2024-05-20,auction,Auction Won,0001,Tag,1,17000,17000,17000,high,
11150,"Smith, Geno",2025,2025-08-04,auction,Auction Won,0005,BL,3,45000,9000,9000/1000/35000,high,
13193,"Smith, Jonnu",2017,2017-06-17,draft,Rookie Draft,White Power,,,,,,high,
13193,"Smith, Jonnu",2017,2017-06-17,contract,Rookie Contract,White Power,Rookie-Draft,3,6000,2000,2000/2000/2000,high,
13193,"Smith, Jonnu",2019,2019-08-14,trade,Traded,0008,Vet-WW,1,1000,1000,1000,high,
13193,"Smith, Jonnu",2019,2019-10-20,add,Free Agent Add,0002,Vet-WW-WW,1,1000,1000,1000,high,
13193,"Smith, Jonnu",2019,2019-11-21,add,Waiver Claim,0005,Vet-WW-WW,1,1000,1000,1000,high,
13193,"Smith, Jonnu",2019,2019-11-28,add,Waiver Claim,0002,Vet-WW-WW,1,1000,1000,1000,high,
13193,"Smith, Jonnu",2019,2019-12-18,add,Waiver Claim,0007,Vet-WW-WW,1,1000,1000,1000,high,
13193,"Smith, Jonnu",2020,2020,extension,Extension,0007,Vet-Ext1,2,3000,1500,1500/1500,low,
13193,"Smith, Jonnu",2020,2020-10-17,trade,Traded,0009,Vet,2,3000,1500,1500/1500,low,
13193,"Smith, Jonnu",2021,2021,extension,Extension,0009,Vet-Ext2,3,27000,9000,9000/9000/9000,low,"src_contracts:2021:extension_flag; ci=CL 3| TCV 27K| AAV 1K/13K| (25,1,1)"
13193,"Smith, Jonnu",2022,2022-11-04,add,Waiver Claim,0004,Vet-WW-WW,1,1000,1000,1000,high,
13193,"Smith, Jonnu",2022,2022-11-05,drop,Dropped (waiver),0004,,,,,,high,
13193,"Smith, Jonnu",2023,2023-10-07,add,Waiver Claim,0006,,,,,,high,
13193,"Smith, Jonnu",2024,2024-07-30,auction,Auction Won,0011,Vet-FAA,1,1000,1000,1000,high,
13193,"Smith, Jonnu",2025,2025-08-06,auction,Auction Won,0005,Vet-FAA,3,16000,5333,5333/5333/5333,low,
16228,"Smith, Nolan",2023,2023-05-28,draft,Rookie Draft,Ulterior Warrior,,,,,,high,
16228,"Smith, Nolan",2023,2023-05-28,contract,Rookie Contract,Ulterior Warrior,Rookie-Draft,3,6000,2000,2000/2000/2000,high,
16228,"Smith, Nolan",2024,2024-05-28,trade,Traded,0012,Rookie,3,6000,2000,2000/2000/2000,low,
13696,"Smith, Roquan",2018,2018-06-09,draft,Rookie Draft,Good in Da Hood,,,,,,high,
13696,"Smith, Roquan",2018,2018-06-09,contract,Rookie Contract,Good in Da Hood,Rookie-Draft,3,15000,5000,5000/5000/5000,high,
13696,"Smith, Roquan",2019,2019-10-06,trade,Traded,0001,Rookie,2,10000,5000,5000/5000,low,
13696,"Smith, Roquan",2021,2021-05-30,extension,Extension,0002,Vet-Ext1,1,8000,8000,8000,low,contract_transaction_log:2021_Contract_Transaction_Log.xlsx
13696,"Smith, Roquan",2021,2021-06-21,trade,Traded,0002,Vet,1,8000,8000,8000,low,
13696,"Smith, Roquan",2022,2022-08-03,auction,Auction Won,0011,Vet-FAA-FL,2,30000,22000,22000/8000,high,
13696,"Smith, Roquan",2024,2024-07-29,auction,Auction Won,0011,Vet-FAA-FL,3,12000,8000,8000/3000/1000,high,
16708,"Smith, Tykee",2024,2024-09-27,add,Waiver Claim,0006,,,,,,high,
16708,"Smith, Tykee",2024,2024-10-17,add,Waiver Claim,0003,,,,,,high,
16708,"Smith, Tykee",2024,2024-11-24,drop,Dropped,0003,,,,,,high,
16708,"Smith, Tykee",2025,2025-09-12,add,Waiver Claim,0006,,,,,,high,
16708,"Smith, Tykee",2025,2025-11-22,trade,Traded,0004,,,,,,high,
16185,"Smith-Njigba, Jaxon",2023,2023-05-28,draft,Rookie Draft,Ulterior Warrior,,,,,,high,
16185,"Smith-Njigba, Jaxon",2023,2023-05-28,contract,Rookie Contract,Ulterior Warrior,Rookie-Draft,3,30000,10000,10000/10000/10000,high,
16185,"Smith-Njigba, Jaxon",2024,2024-05-27,trade,Traded,0009,Rookie,3,30000,10000,10000/10000/10000,low,
16185,"Smith-Njigba, Jaxon",2025,2025-08-31,extension,Extension,0009,Vet-Ext1,3,70000,14000,14000/1000/55000,high,"src_contracts:2025:extension_flag; ci=CL 3| TCV 70K| AAV 10K, 30K| Y1-14K, Y2-1K, Y3-55K| Ext: C-T | discord:discord_contract_activity:2025-08-31:papabear4110: ""I’m gonna extend JSN 2 years and restructure to 14,1,55  Thank you, Deputy Doof"
16165,"Spears, Tyjae",2023,2023-05-28,draft,Rookie Draft,Ulterior Warrior,,,,,,high,
16165,"Spears, Tyjae",2023,2023-05-28,contract,Rookie Contract,Ulterior Warrior,Rookie-Draft,3,15000,5000,5000/5000/5000,high,
16165,"Spears, Tyjae",2023,2023-09-21,trade,Traded,0004,Rookie,3,15000,5000,5000/5000/5000,low,
16165,"Spears, Tyjae",2024,2024-10-24,trade,Traded,0003,Rookie,3,15000,5000,5000/5000/5000,low,
16165,"Spears, Tyjae",2026,2026-05-27,auction,Auction Won,0006,,,,,,high,
15287,"St. Brown, Amon-Ra",2021,2021-06-20,draft,Rookie Draft,Run CMC,,,,,,high,
15287,"St. Brown, Amon-Ra",2021,2021-06-20,contract,Rookie Contract,Run CMC,Rookie-Draft,3,15000,5000,5000/5000/5000,high,
15287,"St. Brown, Amon-Ra",2021,2021-11-24,trade,Traded,0004,Rookie,3,15000,5000,5000/5000/5000,low,
15287,"St. Brown, Amon-Ra",2023,2023-09-21,trade,Traded,0001,Rookie,3,15000,5000,5000/5000/5000,low,
15287,"St. Brown, Amon-Ra",2024,2024,extension,Extension,0001,Vet-Ext1,2,50000,25000,25000/25000,low,src_contracts:2024:extension_flag; ci=CL 2| TCV 50K| AAV 25K| Ext: UW
15287,"St. Brown, Amon-Ra",2026,2026-05-22,tag,Tagged (OFFENSE),0001,,,,,,high,
17132,"Starks, Malaki",2025,2025-05-25,draft,Rookie Draft,Cleon Ca$h,,,,,,high,
17132,"Starks, Malaki",2025,2025-05-25,contract,Rookie Contract,Cleon Ca$h,Rookie-Draft,3,6000,2000,2000/2000/2000,high,
16642,"Stover, Cade",2024,2024-05-26,draft,Rookie Draft,HammerTime 🔨 ⏰,,,,,,high,
16642,"Stover, Cade",2024,2024-05-26,contract,Rookie Contract,HammerTime 🔨 ⏰,Rookie-Draft,3,6000,2000,2000/2000/2000,high,
16269,"Strange, Brenton",2024,2024-09-20,add,Waiver Claim,0006,,,,,,high,
16269,"Strange, Brenton",2024,2024-12-19,add,Waiver Claim,0003,,,,,,high,
16269,"Strange, Brenton",2025,2025-08-07,auction,Auction Won,0005,Vet-FAA,3,6000,2000,2000/2000/2000,low,
16269,"Strange, Brenton",2025,2025-11-25,trade,Traded,0010,Vet,3,6000,2000,2000/2000/2000,low,
16150,"Stroud, C.J.",2023,2023-05-28,draft,Rookie Draft,HammerTime 🔨 ⏰,,,,,,high,
16150,"Stroud, C.J.",2023,2023-05-28,contract,Rookie Contract,HammerTime 🔨 ⏰,Rookie-Draft,3,36000,12000,12000/12000/12000,high,
16150,"Stroud, C.J.",2024,2024-10-31,trade,Traded,0003,Rookie,3,36000,12000,12000/12000/12000,low,
16150,"Stroud, C.J.",2025,2025-10-01,trade,Traded,0010,Rookie,3,36000,12000,12000/12000/12000,low,
16150,"Stroud, C.J.",2025,2025-11-25,trade,Traded,0005,Rookie,3,36000,12000,12000/12000/12000,low,
17126,"Stutsman, Danny",2025,2025-05-25,draft,Rookie Draft,C-Town Chivalry,,,,,,high,
17126,"Stutsman, Danny",2025,2025-05-25,contract,Rookie Contract,C-Town Chivalry,Rookie-Draft,3,3000,1000,1000/1000/1000,high,
13630,"Sutton, Courtland",2018,2018-06-09,draft,Rookie Draft,Sex Manther,,,,,,high,
13630,"Sutton, Courtland",2018,2018-06-09,contract,Rookie Contract,Sex Manther,Rookie-Draft,3,15000,5000,5000/5000/5000,high,
13630,"Sutton, Courtland",2019,2019-03-06,trade,Traded,0002,Rookie,2,10000,5000,5000/5000,low,
13630,"Sutton, Courtland",2020,2020-06-01,trade,Traded,0004,Rookie,1,5000,5000,5000,high,
13630,"Sutton, Courtland",2021,2021-05-19,extension,Extension,0004,Vet-Ext1,2,50000,25000,25000/25000,low,contract_transaction_log:2021_Contract_Transaction_Log.xlsx
13630,"Sutton, Courtland",2022,2022-10-25,trade,Traded,0002,Vet,2,50000,25000,25000/25000,low,
13630,"Sutton, Courtland",2023,2023-07-31,auction,Auction Won,0001,Vet-FAA,3,30000,10000,10000/10000/10000,low,
13630,"Sutton, Courtland",2025,2025,extension,Extension,0001,Vet-Ext1,2,30000,15000,15000/15000,high,"src_contracts:2025:extension_flag; ci=CL 2| TCV 30K| AAV 10K, 20K| Y1-15K, Y2-15K| Ext: UW"
14778,"Tagovailoa, Tua",2020,2020-06-01,draft,Rookie Draft,Cleon Ca$h,,,,,,high,
14778,"Tagovailoa, Tua",2020,2020-06-01,contract,Rookie Contract,Cleon Ca$h,Rookie-Draft,3,15000,5000,5000/5000/5000,high,
14778,"Tagovailoa, Tua",2022,2022-07-31,auction,Auction Won,0005,Vet-FAA-FL,3,87000,40000,40000/29000/18000,high,
14778,"Tagovailoa, Tua",2022,2022-08-18,dispersal,Dispersal,0002,Vet-FL,3,87000,40000,40000/29000/18000,high,
14778,"Tagovailoa, Tua",2023,2023-04-03,trade,Traded,0009,Vet-FL,3,87000,29000,40000/29000/18000,high,
14778,"Tagovailoa, Tua",2024,2024,extension,Extension,0009,Vet-Ext1,3,116000,86000,86000/15000/15000,high,"src_contracts:2024:extension_flag; ci=CL 3| TCV 116K| AAV 29K, 49K| Y1-86 Y2-15 Y3-15| Ext: C-Town"
17106,"Taylor, Mason",2025,2025-05-25,draft,Rookie Draft,HammerTime 🔨 ⏰,,,,,,high,
17106,"Taylor, Mason",2025,2025-05-25,contract,Rookie Contract,HammerTime 🔨 ⏰,Rookie-Draft,3,6000,2000,2000/2000/2000,high,
16724,"Taylor, Tory",2024,2024-05-26,draft,Rookie Draft,C-Town Chivalry,,,,,,high,
16724,"Taylor, Tory",2024,2024-05-26,contract,Rookie Contract,C-Town Chivalry,Rookie-Draft,3,3000,1000,1000/1000/1000,high,
17157,"TeSlaa, Isaac",2025,2025-05-25,draft,Rookie Draft,Cleon Ca$h,,,,,,high,
17157,"TeSlaa, Isaac",2025,2025-05-25,contract,Rookie Contract,Cleon Ca$h,Rookie-Draft,3,6000,2000,2000/2000/2000,high,
16618,"Thomas Jr., Brian",2024,2024-05-26,draft,Rookie Draft,Real Deal Creel,,,,,,high,
16618,"Thomas Jr., Brian",2024,2024-05-26,contract,Rookie Contract,Real Deal Creel,Rookie-Draft,3,15000,5000,5000/5000/5000,high,
16618,"Thomas Jr., Brian",2024,2024-11-12,trade,Traded,0004,Rookie,3,15000,5000,5000/5000/5000,low,
17087,"Thornton, Dont'e",2025,2025-05-25,draft,Rookie Draft,Pure Greatness,,,,,,high,
17087,"Thornton, Dont'e",2025,2025-05-25,contract,Rookie Contract,Pure Greatness,Rookie-Draft,3,6000,2000,2000/2000/2000,high,
15787,"Thornton, Tyquan",2022,2022-06-25,draft,Rookie Draft,C-Town Chivalry,,,,,,high,
15787,"Thornton, Tyquan",2022,2022-06-25,contract,Rookie Contract,C-Town Chivalry,Rookie-Draft,3,6000,2000,2000/2000/2000,high,
15787,"Thornton, Tyquan",2025,2025-09-12,add,Waiver Claim,0008,—,,,,,high,
16747,"Tracy, Tyrone",2024,2024-05-26,draft,Rookie Draft,C-Town Chivalry,,,,,,high,
16747,"Tracy, Tyrone",2024,2024-05-26,contract,Rookie Contract,C-Town Chivalry,Rookie-Draft,3,6000,2000,2000/2000/2000,high,
16747,"Tracy, Tyrone",2024,2024-11-10,trade,Traded,0006,Rookie,3,6000,2000,2000/2000/2000,low,
16747,"Tracy, Tyrone",2025,2025-06-08,trade,Traded,0009,Rookie,3,6000,2000,2000/2000/2000,low,
16652,"Trice, Bralen",2024,2024-05-26,draft,Rookie Draft,Cleon Ca$h,,,,,,high,
16652,"Trice, Bralen",2024,2024-05-26,contract,Rookie Contract,Cleon Ca$h,Rookie-Draft,3,3000,1000,1000/1000/1000,high,
16166,"Tucker, Sean",2023,2023-05-28,draft,Rookie Draft,HammerTime 🔨 ⏰,,,,,,high,
16166,"Tucker, Sean",2023,2023-05-28,contract,Rookie Contract,HammerTime 🔨 ⏰,Rookie-Draft,3,6000,2000,2000/2000/2000,high,
16166,"Tucker, Sean",2026,2026-05-28,auction,Auction Won,0007,,,,,,high,
16287,"Tucker, Tre",2023,2023-12-21,add,Waiver Claim,0008,,,,,,high,
16287,"Tucker, Tre",2024,2024-08-29,add,Waiver Claim,0010,Vet-WW,3,3000,1000,1000/1000/1000,high,
16287,"Tucker, Tre",2024,2024-11-26,trade,Traded,0006,Vet,3,3000,1000,1000/1000/1000,high,
16266,"Tuipulotu, Tuli",2023,2023-09-28,add,Waiver Claim,0010,,,,,,high,
16266,"Tuipulotu, Tuli",2023,2023-09-30,drop,Dropped (waiver),0010,,,,,,high,
16266,"Tuipulotu, Tuli",2024,2024-11-14,add,Waiver Claim,0005,,,,,,high,
16266,"Tuipulotu, Tuli",2024,2024-11-26,trade,Traded,0007,,,,,,high,
16650,"Turner, Dallas",2024,2024-05-26,draft,Rookie Draft,Ulterior Warrior,,,,,,high,
16650,"Turner, Dallas",2024,2024-05-26,contract,Rookie Contract,Ulterior Warrior,Rookie-Draft,3,3000,1000,1000/1000/1000,high,
17052,"Tuten, Bhayshul",2025,2025-05-25,draft,Rookie Draft,Blake Bombers,,,,,,high,
17052,"Tuten, Bhayshul",2025,2025-05-25,contract,Rookie Contract,Blake Bombers,Rookie-Draft,3,15000,5000,5000/5000/5000,high,
16653,"Verse, Jared",2024,2024-05-26,draft,Rookie Draft,CBP,,,,,,high,
16653,"Verse, Jared",2024,2024-05-26,contract,Rookie Contract,CBP,Rookie-Draft,3,3000,1000,1000/1000/1000,high,
16757,"Vidal, Kimani",2024,2024-05-26,draft,Rookie Draft,Gride,,,,,,high,
16757,"Vidal, Kimani",2024,2024-05-26,contract,Rookie Contract,Gride,Rookie-Draft,3,6000,2000,2000/2000/2000,high,
15711,"Walker III, Kenneth",2022,2022-06-25,draft,Rookie Draft,The Bash Bros,,,,,,high,
15711,"Walker III, Kenneth",2022,2022-06-25,contract,Rookie Contract,The Bash Bros,Rookie-Draft,3,36000,12000,12000/12000/12000,high,
15711,"Walker III, Kenneth",2023,2023-05-29,trade,Traded,0004,Rookie,3,36000,12000,12000/12000/12000,low,
15711,"Walker III, Kenneth",2024,2024,extension,Extension,0004,Vet-Ext1,3,76000,12000,12000/32000/32000,high,"src_contracts:2024:extension_flag; ci=CL 3| TCV 76K| AAV 12K/32K| Y1-12, Y2-32, Y3-32| Ext: PG"
15711,"Walker III, Kenneth",2024,2024-09-24,trade,Traded,0010,Rookie,3,76000,12000,12000/32000/32000,high,
15711,"Walker III, Kenneth",2025,2025-05-14,trade,Traded,0009,Vet,3,76000,32000,12000/32000/32000,high,
15711,"Walker III, Kenneth",2025,2025-11-13,trade,Traded,0008,Vet,3,76000,32000,12000/32000/32000,high,
15711,"Walker III, Kenneth",2026,2026-04-13,trade,Traded,0005,,,,,,high,
16621,"Walker, Devontez",2024,2024-05-26,draft,Rookie Draft,Cleon Ca$h,,,,,,high,
16621,"Walker, Devontez",2024,2024-05-26,contract,Rookie Contract,Cleon Ca$h,Rookie-Draft,3,6000,2000,2000/2000/2000,high,
17122,"Walker, Jalon",2025,2025-05-25,draft,Rookie Draft,HammerTime 🔨 ⏰,,,,,,high,
17122,"Walker, Jalon",2025,2025-05-25,contract,Rookie Contract,HammerTime 🔨 ⏰,Rookie-Draft,3,3000,1000,1000/1000/1000,high,
15846,"Walker, Quay",2022,2022-06-25,draft,Rookie Draft,Good in Da Hood,,,,,,high,
15846,"Walker, Quay",2022,2022-06-25,contract,Rookie Contract,Good in Da Hood,Rookie-Draft,3,6000,2000,2000/2000/2000,high,
15846,"Walker, Quay",2022,2022-11-22,trade,Traded,0005,Rookie,3,6000,2000,2000/2000/2000,low,
15846,"Walker, Quay",2024,2024-12-26,drop,Dropped (waiver),0005,,,,,,high,
15846,"Walker, Quay",2025,2025-08-10,auction,Auction Won,0005,,,,,,high,
15846,"Walker, Quay",2025,2025-09-21,add,Waiver Claim,0008,,,,,,high,
15846,"Walker, Quay",2025,2025-10-04,add,Waiver Claim,0010,,,,,,high,
15815,"Walker, Travon",2022,2022-06-25,draft,Rookie Draft,The Bash Bros,,,,,,high,
15815,"Walker, Travon",2022,2022-06-25,contract,Rookie Contract,The Bash Bros,Rookie-Draft,3,6000,2000,2000/2000/2000,high,
15815,"Walker, Travon",2022,2022-08-18,dispersal,Dispersal,0005,Rookie,3,6000,2000,2000/2000/2000,low,
15815,"Walker, Travon",2022,2022-08-19,trade,Traded,0004,Rookie,3,6000,2000,2000/2000/2000,low,
15815,"Walker, Travon",2023,2023-10-26,drop,Dropped (waiver),0004,,,,,,high,
15815,"Walker, Travon",2024,2024-10-10,add,Waiver Claim,0001,,,,,,high,
15815,"Walker, Travon",2024,2024-10-18,add,Waiver Claim,0007,,,,,,high,
15815,"Walker, Travon",2024,2024-10-31,add,Waiver Claim,0004,,,,,,high,
15815,"Walker, Travon",2025,2025-08-10,trade,Traded,0011,Vet,3,3000,1000,1000/1000/1000,high,
16704,"Wallace, Trevin",2024,2024-05-26,draft,Rookie Draft,Pure Greatness,,,,,,high,
16704,"Wallace, Trevin",2024,2024-05-26,contract,Rookie Contract,Pure Greatness,Rookie-Draft,3,3000,1000,1000/1000/1000,high,
17030,"Ward, Cam",2025,2025-05-25,draft,Rookie Draft,Blake Bombers,,,,,,high,
17030,"Ward, Cam",2025,2025-05-25,contract,Rookie Contract,Blake Bombers,Rookie-Draft,3,30000,10000,10000/10000/10000,high,
13743,"Warner, Fred",2018,2018-06-09,draft,Rookie Draft,Gride,,,,,,high,
13743,"Warner, Fred",2018,2018-06-09,contract,Rookie Contract,Gride,Rookie-Draft,3,3000,1000,1000/1000/1000,high,
13743,"Warner, Fred",2019,2019-11-13,add,Waiver Claim,0010,Vet-WW-WW,1,4000,4000,4000,low,
13743,"Warner, Fred",2020,2020-08-18,auction,Auction Won,0007,Vet-FAA,2,12000,6000,6000/6000,low,
13743,"Warner, Fred",2021,2021-06-05,trade,Traded,0005,Vet,3,12000,4000,4000/4000/4000,high,
13743,"Warner, Fred",2021,2021-11-28,add,Waiver Claim,0010,Vet-WW,3,12000,4000,4000/4000/4000,high,
13743,"Warner, Fred",2023,2023-10-12,add,Waiver Claim,0004,Vet-WW-WW,1,5000,5000,5000,low,
13743,"Warner, Fred",2023,2023-11-23,trade,Traded,0010,Vet-WW,1,5000,5000,5000,low,
13743,"Warner, Fred",2024,2024-07-30,auction,Auction Won,0012,Vet-FAA,3,12000,4000,4000/4000/4000,high,
17102,"Warren, Tyler",2025,2025-05-25,draft,Rookie Draft,The Long Haulers,,,,,,high,
17102,"Warren, Tyler",2025,2025-05-25,contract,Rookie Contract,The Long Haulers,Rookie-Draft,3,15000,5000,5000/5000/5000,high,
16684,"Washington, Malik",2024,2024-05-26,draft,Rookie Draft,HammerTime 🔨 ⏰,,,,,,high,
16684,"Washington, Malik",2024,2024-05-26,contract,Rookie Contract,HammerTime 🔨 ⏰,Rookie-Draft,3,6000,2000,2000/2000/2000,high,
16684,"Washington, Malik",2024,2024-11-13,trade,Traded,0006,Rookie,3,6000,2000,2000/2000/2000,low,
16684,"Washington, Malik",2025,2025-05-20,trade,Traded,0010,Rookie,3,6000,2000,2000/2000/2000,low,
16684,"Washington, Malik",2025,2025-07-28,trade,Traded,0006,Rookie,3,6000,2000,2000/2000/2000,low,
15789,"Watson, Christian",2022,2022-06-25,draft,Rookie Draft,Sex Manther,,,,,,high,
15789,"Watson, Christian",2022,2022-06-25,contract,Rookie Contract,Sex Manther,Rookie-Draft,3,18000,6000,6000/6000/6000,high,
15789,"Watson, Christian",2024,2024-10-30,trade,Traded,0004,Rookie,3,18000,6000,6000/6000/6000,low,
15789,"Watson, Christian",2025,2025-05-27,auction,Auction Won,0004,Vet-ERA,3,3000,1000,1000/1000/1000,low,
15789,"Watson, Christian",2025,2025-08-31,add,Waiver Claim,0008,Vet-WW,3,3000,1000,1000/1000/1000,low,
13113,"Watson, Deshaun",2017,2017-06-17,draft,Rookie Draft,C'mon Son,,,,,,high,
13113,"Watson, Deshaun",2017,2017-06-17,contract,Rookie Contract,C'mon Son,Rookie-Draft,3,6000,2000,2000/2000/2000,high,
13113,"Watson, Deshaun",2019,2019,extension,Extension,0008,Vet-Ext1,3,30000,2000,2000/14000/14000,high,contract_transaction_log:2019_Contract_Tansaction_Log.xlsx
13113,"Watson, Deshaun",2019,2019-03-04,trade,Traded,0008,Rookie,3,30000,2000,2000/14000/14000,high,
13113,"Watson, Deshaun",2021,2021-05-31,extension,Extension,0010,Vet-Ext2,3,82000,50000,50000/16000/16000,high,contract_transaction_log:2021_Contract_Transaction_Log.xlsx
13113,"Watson, Deshaun",2021,2021-08-04,trade,Traded,0010,FL,3,82000,50000,50000/16000/16000,high,
13113,"Watson, Deshaun",2023,2023,extension,Extension,0010,Vet-Ext3,2,60000,16000,16000/44000,high,"src_contracts:2023:extension_flag; ci=CL 2| TCV 60K |AAV 34K, 44K| Y1-16 Y2-44| No Further Extensi"
13113,"Watson, Deshaun",2023,2023-10-06,trade,Traded,0006,Vet-BL,2,60000,16000,16000/44000,high,
13113,"Watson, Deshaun",2025,2025-08-09,auction,Auction Won,0008,Vet-FAA,3,3000,1000,1000/1000/1000,low,
17131,"Watts, Xavier",2025,2025-09-25,add,Waiver Claim,0010,,,,,,high,
12610,"Wentz, Carson",2016,2016-07-10,draft,Rookie Draft,White Power,,,,,,high,
12610,"Wentz, Carson",2019,2019,extension,Extension,0010,Vet-Ext1,1,10000,8000,10000,high,contract_transaction_log:2019_Contract_Tansaction_Log.xlsx
12610,"Wentz, Carson",2019,2019-11-15,trade,Traded,0011,Vet,1,8000,8000,8000,high,
12610,"Wentz, Carson",2019,2019-11-16,trade,Traded,0010,Vet,1,8000,8000,8000,high,
12610,"Wentz, Carson",2019,2019-11-16,trade,Traded,0011,Vet,1,8000,8000,8000,high,
12610,"Wentz, Carson",2020,2020-08-19,auction,Auction Won,0009,Vet-FAA,3,15000,5000,5000/5000/5000,low,
12610,"Wentz, Carson",2021,2021-06-04,trade,Traded,0002,Vet,3,15000,5000,5000/5000/5000,low,
12610,"Wentz, Carson",2022,2022-08-01,auction,Auction Won,0011,Vet-FAA-WW,1,1000,1000,1000,high,
12610,"Wentz, Carson",2022,2023-01-01,drop,Dropped,0011,,,,,,high,
12610,"Wentz, Carson",2023,2023-08-07,auction,Auction Won,0007,,,,,,high,
12610,"Wentz, Carson",2023,2023-08-12,drop,Dropped,0007,,,,,,high,
12610,"Wentz, Carson",2024,2024-10-24,add,Waiver Claim,0006,,,,,,high,
12610,"Wentz, Carson",2024,2024-12-19,add,Waiver Claim,0012,,,,,,high,
12610,"Wentz, Carson",2025,2025-09-18,add,Waiver Claim,0008,—,,,,,high,
12610,"Wentz, Carson",2025,2025-10-16,add,Waiver Claim,0008,—,,,,,high,
12610,"Wentz, Carson",2025,2025-11-09,add,Waiver Claim,0001,—,,,,,high,
16195,"Wicks, Dontayvion",2023,2023-08-06,auction,Auction Won,0009,,,,,,high,
16195,"Wicks, Dontayvion",2023,2023-09-23,add,Waiver Claim,0008,,,,,,high,
16195,"Wicks, Dontayvion",2023,2023-11-23,add,Waiver Claim,0004,,,,,,high,
16195,"Wicks, Dontayvion",2023,2023-12-03,add,Free Agent Add,0010,,,,,,high,
16195,"Wicks, Dontayvion",2023,2023-12-14,add,Waiver Claim,0002,,,,,,high,
16195,"Wicks, Dontayvion",2024,2024-10-10,trade,Traded,0007,Rookie,3,3000,1000,1000/1000/1000,low,
16195,"Wicks, Dontayvion",2025,2025-09-18,add,Waiver Claim,0008,—,,,,,high,
16195,"Wicks, Dontayvion",2025,2025-10-11,add,Waiver Claim,0006,—,,,,,high,
16579,"Williams, Caleb",2024,2024-05-26,draft,Rookie Draft,Sex Manther,,,,,,high,
16579,"Williams, Caleb",2024,2024-05-26,contract,Rookie Contract,Sex Manther,Rookie-Draft,3,45000,15000,15000/15000/15000,high,
16630,"Williams, Isaiah",2025,2025-12-18,add,Waiver Claim,0001,,,,,,high,
15256,"Williams, Javonte",2021,2021-06-20,draft,Rookie Draft,Ulterior Warrior,,,,,,high,
15256,"Williams, Javonte",2021,2021-06-20,contract,Rookie Contract,Ulterior Warrior,Rookie-Draft,3,21000,7000,7000/7000/7000,high,
15256,"Williams, Javonte",2023,2023-09-21,trade,Traded,0004,Rookie,3,21000,7000,7000/7000/7000,low,
15256,"Williams, Javonte",2023,2023-10-06,trade,Traded,0005,Rookie,3,21000,7000,7000/7000/7000,low,
15256,"Williams, Javonte",2024,2024,extension,Extension,0005,Vet-Ext1,2,54000,27000,27000/27000,low,src_contracts:2024:extension_flag; ci=CL 2| TCV 54K| Ext: Hammer
15256,"Williams, Javonte",2026,2026-05-21,tag,Tagged (OFFENSE),0005,,,,,,high,
17134,"Williams, Kyle",2025,2025-05-25,draft,Rookie Draft,Sex Manther,,,,,,high,
17134,"Williams, Kyle",2025,2025-05-25,contract,Rookie Contract,Sex Manther,Rookie-Draft,3,15000,5000,5000/5000/5000,high,
15710,"Williams, Kyren",2022,2022-06-25,draft,Rookie Draft,Hawks,,,,,,high,
15710,"Williams, Kyren",2022,2022-06-25,contract,Rookie Contract,Hawks,Rookie-Draft,3,6000,2000,2000/2000/2000,high,
15710,"Williams, Kyren",2025,2025-05-17,extension,Extension,0012,Vet-Ext1,2,44000,22000,22000/22000,high,"src_contracts:2025:extension_flag; ci=CL 2| TCV 44K| AAV 22K, 22K| Y1-22K, Y2-22K| Ext: Hawks | discord_bot:2025-05-17:Hawks: TCV=$44000 years=2 gtd=$33000"
17113,"Williams, Mykel",2025,2025-05-25,draft,Rookie Draft,Cleon Ca$h,,,,,,high,
17113,"Williams, Mykel",2025,2025-05-25,contract,Rookie Contract,Cleon Ca$h,Rookie-Draft,3,6000,2000,2000/2000/2000,high,
17096,"Williams, Savion",2025,2025-05-25,draft,Rookie Draft,CBP,,,,,,high,
17096,"Williams, Savion",2025,2025-05-25,contract,Rookie Contract,CBP,Rookie-Draft,3,6000,2000,2000/2000/2000,high,
17096,"Williams, Savion",2025,2025-10-07,trade,Traded,0004,Rookie,3,6000,2000,2000/2000/2000,low,
16432,"Wilson, Emanuel",2023,2023-08-31,add,Waiver Claim,0008,Rookie-WW,3,3000,1000,1000/1000/1000,low,
16432,"Wilson, Emanuel",2026,2026-05-27,auction,Auction Won,0010,,,,,,high,
15753,"Wilson, Garrett",2022,2022-06-25,draft,Rookie Draft,The Bash Bros,,,,,,high,
15753,"Wilson, Garrett",2022,2022-06-25,contract,Rookie Contract,The Bash Bros,Rookie-Draft,3,42000,14000,14000/14000/14000,high,
15753,"Wilson, Garrett",2023,2023-03-29,dispersal,Dispersal,0006,Rookie,3,42000,14000,14000/14000/14000,low,
15753,"Wilson, Garrett",2023,2023-04-22,trade,Traded,0002,Rookie,3,42000,14000,14000/14000/14000,low,
15753,"Wilson, Garrett",2025,2025,extension,Extension,0002,Vet-Ext1,2,68000,24000,24000/44000,high,"src_contracts:2025:extension_flag; ci=CL 2| TCV 68K| AAV 34K| Y1-24, Y2-44| Ext: CBP"
16206,"Wilson, Michael",2023,2023-05-28,draft,Rookie Draft,Pure Greatness,,,,,,high,
16206,"Wilson, Michael",2023,2023-05-28,contract,Rookie Contract,Pure Greatness,Rookie-Draft,3,6000,2000,2000/2000/2000,high,
16206,"Wilson, Michael",2024,2024-11-12,trade,Traded,0010,Rookie,3,6000,2000,2000/2000/2000,low,
16206,"Wilson, Michael",2025,2025-11-20,add,Waiver Claim,0012,Vet-WW,3,15000,5000,5000/5000/5000,low,
16716,"Wilson, Payton",2024,2024-05-26,draft,Rookie Draft,Gride,,,,,,high,
16716,"Wilson, Payton",2024,2024-05-26,contract,Rookie Contract,Gride,Rookie-Draft,3,3000,1000,1000/1000/1000,high,
16629,"Wilson, Roman",2024,2024-05-26,draft,Rookie Draft,CBP,,,,,,high,
16629,"Wilson, Roman",2024,2024-05-26,contract,Rookie Contract,CBP,Rookie-Draft,3,6000,2000,2000/2000/2000,high,
16241,"Witherspoon, Devon",2023,2023-05-28,draft,Rookie Draft,The Main Event Mafia,,,,,,high,
16241,"Witherspoon, Devon",2023,2023-05-28,contract,Rookie Contract,The Main Event Mafia,Rookie-Draft,3,6000,2000,2000/2000/2000,high,
16241,"Witherspoon, Devon",2026,2026-05-14,tag,Tagged (DEFENSE),0006,,,,,,high,
16620,"Worthy, Xavier",2024,2024-05-26,draft,Rookie Draft,C-Town Chivalry,,,,,,high,
16620,"Worthy, Xavier",2024,2024-05-26,contract,Rookie Contract,C-Town Chivalry,Rookie-Draft,3,15000,5000,5000/5000/5000,high,
16620,"Worthy, Xavier",2024,2024-11-28,trade,Traded,0012,Rookie,3,15000,5000,5000/5000/5000,low,
16610,"Wright, Jaylen",2024,2024-05-26,draft,Rookie Draft,Ulterior Warrior,,,,,,high,
16610,"Wright, Jaylen",2024,2024-05-26,contract,Rookie Contract,Ulterior Warrior,Rookie-Draft,3,15000,5000,5000/5000/5000,high,
16610,"Wright, Jaylen",2024,2024-05-27,trade,Traded,0009,Rookie,3,15000,5000,5000/5000/5000,low,
16148,"Young, Bryce",2023,2023-05-28,draft,Rookie Draft,Sex Manther,,,,,,high,
16148,"Young, Bryce",2023,2023-05-28,contract,Rookie Contract,Sex Manther,Rookie-Draft,3,39000,13000,13000/13000/13000,high,
16148,"Young, Bryce",2023,2023-08-09,trade,Traded,0002,Rookie,3,39000,13000,13000/13000/13000,low,
16148,"Young, Bryce",2023,2023-11-03,trade,Traded,0003,Rookie,3,39000,13000,13000/13000/13000,low,
